#EXPORTTYPE:DATA SINGLE
#FILE:GLICEROL_GM_HEPES.ngb-ddg
#FORMAT:NETZSCH5
#FTYPE:ANSI
#IDENTITY:GLICEROL_GM_HEPES
#DECIMAL:POINT
#SEPARATOR:SEMICOLON
#MTYPE:DSC
#INSTRUMENT:NETZSCH DSC 214
#PROJECT:
#DATE/TIME:25.05.2026 17:33
#CORR. FILE:correction_2.ngb-bdg
#TEMPCAL:applied
#SENSITIVITY:applied
#LABORATORY:Proc. de Nanocerâmicas
#OPERATOR:Danilo Janes
#REMARK:
#SAMPLE:GLICEROL_GM_HEPES
#SAMPLE MASS /mg:17.9
#MATERIAL:
#REFERENCE:
#REFERENCE MASS /mg:0
#TYPE OF CRUCIBLE:Concavus Pan Al, pierced lid
#SAMPLE CRUCIBLE MASS /mg:0
#REFERENCE CRUCIBLE MASS /mg:0
#M.RANGE /µV:5000
#TAU-R:---
#CORR. CODE:020
#EXO:-1
#RANGE:25°C/10,0(K/min)/-170°C/10,0(K/min)/40°C/
#SEGMENT:S1-2/2
#SEG. 1:25°C/10,0(K/min)/-170°C
#SEG. 2:-170°C/10,0(K/min)/40°C

##Temp./°C;Time/min;DSC/(mW/mg);Sensit./(uV/mW);Segment
  24.99700; 0.00000; 3.493623e-002;3.42573;1
  24.99581; 0.00268; 3.488417e-002;3.42574;1
  24.99571; 0.00535; 3.484910e-002;3.42574;1
  24.99571; 0.00803; 3.482319e-002;3.42574;1
  24.99563; 0.01070; 3.478867e-002;3.42574;1
  24.99612; 0.01338; 3.476180e-002;3.42573;1
  24.99614; 0.01605; 3.478985e-002;3.42573;1
  24.99586; 0.01873; 3.482405e-002;3.42574;1
  24.99523; 0.02140; 3.484842e-002;3.42574;1
  24.99410; 0.02408; 3.484115e-002;3.42574;1
  24.99241; 0.02675; 3.478497e-002;3.42574;1
  24.99010; 0.02943; 3.472349e-002;3.42574;1
  24.98718; 0.03210; 3.466763e-002;3.42574;1
  24.98342; 0.03478; 3.450213e-002;3.42574;1
  24.97868; 0.03745; 3.425952e-002;3.42574;1
  24.97299; 0.04013; 3.405538e-002;3.42575;1
  24.96631; 0.04280; 3.380917e-002;3.42575;1
  24.95855; 0.04548; 3.339635e-002;3.42575;1
  24.94974; 0.04815; 3.296167e-002;3.42576;1
  24.93992; 0.05083; 3.252161e-002;3.42576;1
  24.92904; 0.05350; 3.194429e-002;3.42577;1
  24.91709; 0.05618; 3.124585e-002;3.42577;1
  24.90414; 0.05885; 3.050873e-002;3.42578;1
  24.89015; 0.06153; 2.961913e-002;3.42578;1
  24.87514; 0.06420; 2.860167e-002;3.42579;1
  24.85914; 0.06688; 2.750842e-002;3.42580;1
  24.84211; 0.06955; 2.623699e-002;3.42581;1
  24.82407; 0.07223; 2.494693e-002;3.42582;1
  24.80508; 0.07490; 2.348567e-002;3.42582;1
  24.78514; 0.07758; 2.189592e-002;3.42583;1
  24.76422; 0.08025; 2.023488e-002;3.42584;1
  24.74238; 0.08293; 1.827912e-002;3.42585;1
  24.71964; 0.08560; 1.614378e-002;3.42586;1
  24.69601; 0.08828; 1.389016e-002;3.42588;1
  24.67143; 0.09095; 1.150706e-002;3.42589;1
  24.64612; 0.09363; 8.956000e-003;3.42590;1
  24.61998; 0.09630; 6.209304e-003;3.42591;1
  24.59192; 0.09898; 3.298283e-003;3.42592;1
  24.56933; 0.10165; 1.976803e-004;3.42593;1
  24.55039; 0.10433;-3.056474e-003;3.42594;1
  24.52957; 0.10700;-6.440369e-003;3.42595;1
  24.50844; 0.10968;-1.001781e-002;3.42596;1
  24.48674; 0.11235;-1.379820e-002;3.42597;1
  24.46441; 0.11503;-1.776528e-002;3.42598;1
  24.44151; 0.11771;-2.194498e-002;3.42599;1
  24.41802; 0.12038;-2.627653e-002;3.42600;1
  24.39392; 0.12306;-3.066840e-002;3.42602;1
  24.36917; 0.12573;-3.531143e-002;3.42603;1
  24.34380; 0.12841;-4.014538e-002;3.42604;1
  24.31783; 0.13108;-4.514104e-002;3.42605;1
  24.29126; 0.13376;-5.031207e-002;3.42606;1
  24.26409; 0.13643;-5.561120e-002;3.42608;1
  24.23633; 0.13911;-6.101507e-002;3.42609;1
  24.20796; 0.14178;-6.658425e-002;3.42610;1
  24.17897; 0.14446;-7.233276e-002;3.42612;1
  24.14940; 0.14713;-7.826440e-002;3.42613;1
  24.11931; 0.14981;-8.437763e-002;3.42614;1
  24.08863; 0.15248;-9.057914e-002;3.42616;1
  24.05737; 0.15516;-9.691334e-002;3.42617;1
  24.02555; 0.15783;      -0.10340;3.42619;1
  23.99319; 0.16051;      -0.10995;3.42620;1
  23.96029; 0.16318;      -0.11656;3.42622;1
  23.92684; 0.16586;      -0.12337;3.42623;1
  23.89288; 0.16853;      -0.13036;3.42625;1
  23.85841; 0.17121;      -0.13748;3.42626;1
  23.82344; 0.17388;      -0.14472;3.42628;1
  23.78803; 0.17656;      -0.15206;3.42630;1
  23.75214; 0.17923;      -0.15948;3.42631;1
  23.71581; 0.18191;      -0.16701;3.42633;1
  23.67902; 0.18458;      -0.17463;3.42635;1
  23.64180; 0.18726;      -0.18233;3.42636;1
  23.60419; 0.18993;      -0.19014;3.42638;1
  23.56617; 0.19261;      -0.19802;3.42640;1
  23.52779; 0.19528;      -0.20601;3.42642;1
  23.48909; 0.19796;      -0.21404;3.42643;1
  23.45002; 0.20063;      -0.22212;3.42645;1
  23.41056; 0.20331;      -0.23030;3.42647;1
  23.37079; 0.20598;      -0.23856;3.42649;1
  23.33071; 0.20866;      -0.24682;3.42651;1
  23.29032; 0.21133;      -0.25517;3.42653;1
  23.24962; 0.21401;      -0.26358;3.42654;1
  23.20866; 0.21668;      -0.27198;3.42656;1
  23.16744; 0.21936;      -0.28047;3.42658;1
  23.12593; 0.22203;      -0.28899;3.42660;1
  23.08418; 0.22471;      -0.29751;3.42662;1
  23.04222; 0.22738;      -0.30607;3.42664;1
  23.00003; 0.23006;      -0.31467;3.42666;1
  22.95767; 0.23274;      -0.32322;3.42668;1
  22.91508; 0.23541;      -0.33179;3.42670;1
  22.87232; 0.23809;      -0.34037;3.42672;1
  22.82943; 0.24076;      -0.34897;3.42674;1
  22.78638; 0.24344;      -0.35760;3.42676;1
  22.74319; 0.24611;      -0.36621;3.42678;1
  22.69988; 0.24879;      -0.37481;3.42680;1
  22.65643; 0.25146;      -0.38343;3.42682;1
  22.61284; 0.25414;      -0.39200;3.42684;1
  22.56918; 0.25681;      -0.40046;3.42686;1
  22.52545; 0.25949;      -0.40889;3.42688;1
  22.48164; 0.26216;      -0.41721;3.42689;1
  22.43776; 0.26484;      -0.42550;3.42691;1
  22.39384; 0.26751;      -0.43378;3.42693;1
  22.34986; 0.27019;      -0.44199;3.42695;1
  22.30586; 0.27286;      -0.45012;3.42697;1
  22.26182; 0.27554;      -0.45824;3.42699;1
  22.21780; 0.27821;      -0.46632;3.42701;1
  22.17377; 0.28089;      -0.47428;3.42703;1
  22.12972; 0.28356;      -0.48212;3.42705;1
  22.08567; 0.28624;      -0.48989;3.42707;1
  22.04170; 0.28891;      -0.49754;3.42709;1
  21.99775; 0.29159;      -0.50510;3.42711;1
  21.95380; 0.29426;      -0.51264;3.42713;1
  21.90991; 0.29694;      -0.52010;3.42715;1
  21.86613; 0.29961;      -0.52734;3.42717;1
  21.82237; 0.30229;      -0.53449;3.42719;1
  21.77870; 0.30496;      -0.54156;3.42721;1
  21.73516; 0.30764;      -0.54852;3.42723;1
  21.69170; 0.31031;      -0.55540;3.42725;1
  21.64833; 0.31299;      -0.56216;3.42727;1
  21.60506; 0.31566;      -0.56877;3.42729;1
  21.56191; 0.31834;      -0.57528;3.42731;1
  21.51891; 0.32101;      -0.58171;3.42733;1
  21.47604; 0.32369;      -0.58807;3.42735;1
  21.43328; 0.32636;      -0.59433;3.42737;1
  21.39067; 0.32904;      -0.60034;3.42739;1
  21.34822; 0.33171;      -0.60620;3.42741;1
  21.30592; 0.33439;      -0.61198;3.42742;1
  21.26379; 0.33706;      -0.61765;3.42744;1
  21.22183; 0.33974;      -0.62316;3.42746;1
  21.18000; 0.34242;      -0.62854;3.42748;1
  21.13838; 0.34509;      -0.63381;3.42750;1
  21.09696; 0.34777;      -0.63900;3.42752;1
  21.05569; 0.35044;      -0.64409;3.42754;1
  21.01457; 0.35312;      -0.64904;3.42755;1
  20.97365; 0.35579;      -0.65385;3.42757;1
  20.93292; 0.35847;      -0.65849;3.42759;1
  20.89237; 0.36114;      -0.66299;3.42761;1
  20.85201; 0.36382;      -0.66740;3.42763;1
  20.81184; 0.36649;      -0.67168;3.42764;1
  20.77186; 0.36917;      -0.67579;3.42766;1
  20.73210; 0.37184;      -0.67975;3.42768;1
  20.69255; 0.37452;      -0.68364;3.42770;1
  20.65322; 0.37719;      -0.68745;3.42772;1
  20.61408; 0.37987;      -0.69113;3.42773;1
  20.57514; 0.38254;      -0.69475;3.42775;1
  20.53642; 0.38522;      -0.69819;3.42777;1
  20.49792; 0.38789;      -0.70153;3.42778;1
  20.45964; 0.39057;      -0.70480;3.42780;1
  20.42156; 0.39324;      -0.70794;3.42782;1
  20.38367; 0.39592;      -0.71094;3.42783;1
  20.34601; 0.39859;      -0.71384;3.42785;1
  20.30851; 0.40127;      -0.71668;3.42787;1
  20.27120; 0.40394;      -0.71944;3.42788;1
  20.23417; 0.40662;      -0.72206;3.42790;1
  20.19730; 0.40929;      -0.72451;3.42792;1
  20.16063; 0.41197;      -0.72692;3.42793;1
  20.12418; 0.41464;      -0.72928;3.42795;1
  20.08797; 0.41732;      -0.73148;3.42796;1
  20.05196; 0.41999;      -0.73353;3.42798;1
  20.01613; 0.42267;      -0.73559;3.42800;1
  19.98054; 0.42534;      -0.73758;3.42801;1
  19.94516; 0.42802;      -0.73945;3.42803;1
  19.90998; 0.43069;      -0.74121;3.42804;1
  19.87499; 0.43337;      -0.74290;3.42806;1
  19.84018; 0.43604;      -0.74452;3.42807;1
  19.80560; 0.43872;      -0.74601;3.42809;1
  19.77121; 0.44139;      -0.74743;3.42810;1
  19.73700; 0.44407;      -0.74881;3.42812;1
  19.70301; 0.44674;      -0.75008;3.42813;1
  19.66921; 0.44942;      -0.75132;3.42815;1
  19.63561; 0.45209;      -0.75250;3.42816;1
  19.60222; 0.45477;      -0.75364;3.42818;1
  19.56901; 0.45745;      -0.75464;3.42819;1
  19.53600; 0.46012;      -0.75549;3.42821;1
  19.50317; 0.46280;      -0.75636;3.42822;1
  19.47053; 0.46547;      -0.75715;3.42823;1
  19.43809; 0.46815;      -0.75788;3.42825;1
  19.40583; 0.47082;      -0.75857;3.42826;1
  19.37375; 0.47350;      -0.75914;3.42828;1
  19.34187; 0.47617;      -0.75963;3.42829;1
  19.31019; 0.47885;      -0.76005;3.42830;1
  19.27868; 0.48152;      -0.76043;3.42832;1
  19.24737; 0.48420;      -0.76079;3.42833;1
  19.21630; 0.48687;      -0.76108;3.42835;1
  19.18539; 0.48955;      -0.76126;3.42836;1
  19.15464; 0.49222;      -0.76146;3.42837;1
  19.12410; 0.49490;      -0.76159;3.42839;1
  19.09375; 0.49757;      -0.76161;3.42840;1
  19.06358; 0.50025;      -0.76155;3.42841;1
  19.03359; 0.50292;      -0.76145;3.42843;1
  19.00380; 0.50560;      -0.76134;3.42844;1
  18.97422; 0.50827;      -0.76120;3.42845;1
  18.94483; 0.51095;      -0.76102;3.42846;1
  18.91562; 0.51362;      -0.76075;3.42848;1
  18.88661; 0.51630;      -0.76032;3.42849;1
  18.85777; 0.51897;      -0.75991;3.42850;1
  18.82910; 0.52165;      -0.75956;3.42851;1
  18.80061; 0.52432;      -0.75916;3.42853;1
  18.77231; 0.52700;      -0.75864;3.42854;1
  18.74423; 0.52967;      -0.75808;3.42855;1
  18.71636; 0.53235;      -0.75750;3.42856;1
  18.68867; 0.53502;      -0.75692;3.42857;1
  18.66115; 0.53770;      -0.75629;3.42859;1
  18.63382; 0.54037;      -0.75557;3.42860;1
  18.60666; 0.54305;      -0.75481;3.42861;1
  18.57972; 0.54572;      -0.75404;3.42862;1
  18.55293; 0.54840;      -0.75326;3.42863;1
  18.52633; 0.55107;      -0.75246;3.42864;1
  18.49992; 0.55375;      -0.75163;3.42866;1
  18.47368; 0.55642;      -0.75073;3.42867;1
  18.44763; 0.55910;      -0.74975;3.42868;1
  18.42177; 0.56177;      -0.74875;3.42869;1
  18.39610; 0.56445;      -0.74776;3.42870;1
  18.37061; 0.56712;      -0.74677;3.42871;1
  18.34531; 0.56980;      -0.74579;3.42872;1
  18.32022; 0.57248;      -0.74481;3.42873;1
  18.29530; 0.57515;      -0.74368;3.42874;1
  18.27056; 0.57783;      -0.74251;3.42875;1
  18.24601; 0.58050;      -0.74138;3.42876;1
  18.22163; 0.58318;      -0.74017;3.42878;1
  18.19744; 0.58585;      -0.73892;3.42879;1
  18.17344; 0.58853;      -0.73768;3.42880;1
  18.14962; 0.59120;      -0.73643;3.42881;1
  18.12597; 0.59388;      -0.73515;3.42882;1
  18.10252; 0.59655;      -0.73387;3.42883;1
  18.07923; 0.59923;      -0.73252;3.42884;1
  18.05610; 0.60190;      -0.73115;3.42885;1
  18.03318; 0.60458;      -0.72978;3.42886;1
  18.01045; 0.60725;      -0.72839;3.42887;1
  17.98786; 0.60993;      -0.72694;3.42888;1
  17.96547; 0.61260;      -0.72548;3.42889;1
  17.94326; 0.61528;      -0.72397;3.42889;1
  17.92120; 0.61795;      -0.72243;3.42890;1
  17.89929; 0.62063;      -0.72088;3.42891;1
  17.87755; 0.62330;      -0.71932;3.42892;1
  17.85599; 0.62598;      -0.71771;3.42893;1
  17.83458; 0.62865;      -0.71599;3.42894;1
  17.81332; 0.63133;      -0.71427;3.42895;1
  17.79223; 0.63400;      -0.71255;3.42896;1
  17.77127; 0.63668;      -0.71076;3.42897;1
  17.75047; 0.63935;      -0.70906;3.42898;1
  17.72980; 0.64203;      -0.70739;3.42899;1
  17.70929; 0.64470;      -0.70561;3.42899;1
  17.68892; 0.64738;      -0.70376;3.42900;1
  17.66866; 0.65005;      -0.70191;3.42901;1
  17.64856; 0.65273;      -0.70000;3.42902;1
  17.62857; 0.65540;      -0.69802;3.42903;1
  17.60872; 0.65808;      -0.69600;3.42904;1
  17.58902; 0.66075;      -0.69396;3.42905;1
  17.56945; 0.66343;      -0.69187;3.42905;1
  17.54999; 0.66610;      -0.68975;3.42906;1
  17.53065; 0.66878;      -0.68763;3.42907;1
  17.51144; 0.67145;      -0.68551;3.42908;1
  17.49237; 0.67413;      -0.68336;3.42909;1
  17.47342; 0.67680;      -0.68122;3.42909;1
  17.45455; 0.67948;      -0.67905;3.42910;1
  17.43576; 0.68215;      -0.67682;3.42911;1
  17.41706; 0.68483;      -0.67457;3.42912;1
  17.39845; 0.68751;      -0.67232;3.42913;1
  17.37992; 0.69018;      -0.67008;3.42913;1
  17.36145; 0.69286;      -0.66784;3.42914;1
  17.34311; 0.69553;      -0.66556;3.42915;1
  17.32485; 0.69821;      -0.66328;3.42916;1
  17.30666; 0.70088;      -0.66100;3.42917;1
  17.28854; 0.70356;      -0.65870;3.42917;1
  17.27049; 0.70623;      -0.65630;3.42918;1
  17.25251; 0.70891;      -0.65393;3.42919;1
  17.23460; 0.71158;      -0.65153;3.42920;1
  17.21672; 0.71426;      -0.64910;3.42920;1
  17.19889; 0.71693;      -0.64670;3.42921;1
  17.18110; 0.71961;      -0.64429;3.42922;1
  17.16340; 0.72228;      -0.64188;3.42923;1
  17.14573; 0.72496;      -0.63946;3.42923;1
  17.12808; 0.72763;      -0.63704;3.42924;1
  17.11049; 0.73031;      -0.63465;3.42925;1
  17.09290; 0.73298;      -0.63229;3.42926;1
  17.07534; 0.73566;      -0.62994;3.42926;1
  17.05781; 0.73833;      -0.62753;3.42927;1
  17.04029; 0.74101;      -0.62511;3.42928;1
  17.02280; 0.74368;      -0.62273;3.42929;1
  17.00531; 0.74636;      -0.62035;3.42929;1
  16.98785; 0.74903;      -0.61804;3.42930;1
  16.97040; 0.75171;      -0.61573;3.42931;1
  16.95293; 0.75438;      -0.61349;3.42932;1
  16.93544; 0.75706;      -0.61132;3.42932;1
  16.91799; 0.75973;      -0.60911;3.42933;1
  16.90052; 0.76241;      -0.60687;3.42934;1
  16.88305; 0.76508;      -0.60460;3.42934;1
  16.86556; 0.76776;      -0.60237;3.42935;1
  16.84804; 0.77043;      -0.60025;3.42936;1
  16.83048; 0.77311;      -0.59820;3.42937;1
  16.81287; 0.77578;      -0.59607;3.42937;1
  16.79523; 0.77846;      -0.59405;3.42938;1
  16.77754; 0.78113;      -0.59206;3.42939;1
  16.75981; 0.78381;      -0.59004;3.42940;1
  16.74206; 0.78648;      -0.58812;3.42940;1
  16.72426; 0.78916;      -0.58621;3.42941;1
  16.70638; 0.79183;      -0.58433;3.42942;1
  16.68843; 0.79451;      -0.58250;3.42943;1
  16.67044; 0.79718;      -0.58073;3.42943;1
  16.65237; 0.79986;      -0.57903;3.42944;1
  16.63428; 0.80254;      -0.57737;3.42945;1
  16.61611; 0.80521;      -0.57566;3.42946;1
  16.59785; 0.80789;      -0.57393;3.42946;1
  16.57951; 0.81056;      -0.57226;3.42947;1
  16.56110; 0.81324;      -0.57067;3.42948;1
  16.54260; 0.81591;      -0.56916;3.42949;1
  16.52402; 0.81859;      -0.56773;3.42950;1
  16.50539; 0.82126;      -0.56633;3.42950;1
  16.48669; 0.82394;      -0.56491;3.42951;1
  16.46788; 0.82661;      -0.56353;3.42952;1
  16.44898; 0.82929;      -0.56219;3.42953;1
  16.42996; 0.83196;      -0.56085;3.42953;1
  16.41084; 0.83464;      -0.55957;3.42954;1
  16.39164; 0.83731;      -0.55838;3.42955;1
  16.37234; 0.83999;      -0.55724;3.42956;1
  16.35297; 0.84266;      -0.55608;3.42957;1
  16.33351; 0.84534;      -0.55494;3.42957;1
  16.31396; 0.84801;      -0.55386;3.42958;1
  16.29430; 0.85069;      -0.55283;3.42959;1
  16.27452; 0.85336;      -0.55183;3.42960;1
  16.25465; 0.85604;      -0.55086;3.42961;1
  16.23468; 0.85871;      -0.54995;3.42962;1
  16.21462; 0.86139;      -0.54912;3.42962;1
  16.19446; 0.86406;      -0.54831;3.42963;1
  16.17416; 0.86674;      -0.54749;3.42964;1
  16.15374; 0.86941;      -0.54671;3.42965;1
  16.13322; 0.87209;      -0.54597;3.42966;1
  16.11260; 0.87476;      -0.54531;3.42967;1
  16.09186; 0.87744;      -0.54471;3.42968;1
  16.07103; 0.88011;      -0.54415;3.42968;1
  16.05008; 0.88279;      -0.54364;3.42969;1
  16.02904; 0.88546;      -0.54314;3.42970;1
  16.00793; 0.88814;      -0.54265;3.42971;1
  15.98671; 0.89081;      -0.54219;3.42972;1
  15.96536; 0.89349;      -0.54178;3.42973;1
  15.94394; 0.89616;      -0.54140;3.42974;1
  15.92239; 0.89884;      -0.54115;3.42975;1
  15.90071; 0.90151;      -0.54090;3.42976;1
  15.87894; 0.90419;      -0.54064;3.42976;1
  15.85706; 0.90686;      -0.54045;3.42977;1
  15.83507; 0.90954;      -0.54023;3.42978;1
  15.81297; 0.91221;      -0.54014;3.42979;1
  15.79077; 0.91489;      -0.54009;3.42980;1
  15.76846; 0.91757;      -0.54006;3.42981;1
  15.74603; 0.92024;      -0.54008;3.42982;1
  15.72354; 0.92292;      -0.54009;3.42983;1
  15.70093; 0.92559;      -0.54013;3.42984;1
  15.67822; 0.92827;      -0.54021;3.42985;1
  15.65541; 0.93094;      -0.54036;3.42986;1
  15.63247; 0.93362;      -0.54058;3.42987;1
  15.60944; 0.93629;      -0.54077;3.42988;1
  15.58630; 0.93897;      -0.54087;3.42989;1
  15.56306; 0.94164;      -0.54104;3.42990;1
  15.53970; 0.94432;      -0.54130;3.42991;1
  15.51623; 0.94699;      -0.54160;3.42991;1
  15.49268; 0.94967;      -0.54197;3.42992;1
  15.46902; 0.95234;      -0.54231;3.42993;1
  15.44523; 0.95502;      -0.54268;3.42994;1
  15.42138; 0.95769;      -0.54310;3.42995;1
  15.39747; 0.96037;      -0.54357;3.42996;1
  15.37343; 0.96304;      -0.54414;3.42997;1
  15.34928; 0.96572;      -0.54474;3.42998;1
  15.32503; 0.96839;      -0.54539;3.42999;1
  15.30068; 0.97107;      -0.54610;3.43000;1
  15.27626; 0.97374;      -0.54682;3.43001;1
  15.25177; 0.97642;      -0.54750;3.43002;1
  15.22720; 0.97909;      -0.54806;3.43003;1
  15.20254; 0.98177;      -0.54854;3.43004;1
  15.17779; 0.98444;      -0.54887;3.43005;1
  15.15295; 0.98712;      -0.54898;3.43006;1
  15.12800; 0.98979;      -0.54898;3.43007;1
  15.10297; 0.99247;      -0.54879;3.43008;1
  15.07789; 0.99514;      -0.54840;3.43010;1
  15.05273; 0.99782;      -0.54789;3.43011;1
  15.02748; 1.00049;      -0.54718;3.43012;1
  15.00216; 1.00317;      -0.54611;3.43013;1
  14.97676; 1.00584;      -0.54487;3.43014;1
  14.95128; 1.00852;      -0.54339;3.43015;1
  14.92574; 1.01119;      -0.54169;3.43016;1
  14.90012; 1.01387;      -0.53978;3.43017;1
  14.87442; 1.01654;      -0.53764;3.43018;1
  14.84866; 1.01922;      -0.53532;3.43019;1
  14.82284; 1.02189;      -0.53285;3.43020;1
  14.79693; 1.02457;      -0.53023;3.43021;1
  14.77096; 1.02725;      -0.52741;3.43022;1
  14.74497; 1.02992;      -0.52440;3.43023;1
  14.71892; 1.03260;      -0.52122;3.43024;1
  14.69282; 1.03527;      -0.51793;3.43025;1
  14.66667; 1.03795;      -0.51450;3.43026;1
  14.64046; 1.04062;      -0.51091;3.43027;1
  14.61421; 1.04330;      -0.50718;3.43029;1
  14.58790; 1.04597;      -0.50344;3.43030;1
  14.56156; 1.04865;      -0.49964;3.43031;1
  14.53516; 1.05132;      -0.49580;3.43032;1
  14.50871; 1.05400;      -0.49195;3.43033;1
  14.48223; 1.05667;      -0.48811;3.43034;1
  14.45570; 1.05935;      -0.48429;3.43035;1
  14.42914; 1.06202;      -0.48042;3.43036;1
  14.40256; 1.06470;      -0.47651;3.43037;1
  14.37595; 1.06737;      -0.47259;3.43038;1
  14.34932; 1.07005;      -0.46871;3.43039;1
  14.32268; 1.07272;      -0.46491;3.43040;1
  14.29601; 1.07540;      -0.46115;3.43041;1
  14.26930; 1.07807;      -0.45744;3.43043;1
  14.24256; 1.08075;      -0.45382;3.43044;1
  14.21581; 1.08342;      -0.45032;3.43045;1
  14.18907; 1.08610;      -0.44692;3.43046;1
  14.16231; 1.08877;      -0.44359;3.43047;1
  14.13551; 1.09145;      -0.44037;3.43048;1
  14.10869; 1.09412;      -0.43726;3.43049;1
  14.08188; 1.09680;      -0.43431;3.43050;1
  14.05505; 1.09947;      -0.43156;3.43051;1
  14.02822; 1.10215;      -0.42886;3.43052;1
  14.00138; 1.10482;      -0.42623;3.43053;1
  13.97456; 1.10750;      -0.42376;3.43054;1
  13.94773; 1.11017;      -0.42144;3.43056;1
  13.92092; 1.11285;      -0.41921;3.43057;1
  13.89412; 1.11552;      -0.41710;3.43058;1
  13.86730; 1.11820;      -0.41514;3.43059;1
  13.84047; 1.12087;      -0.41334;3.43060;1
  13.81367; 1.12355;      -0.41170;3.43061;1
  13.78687; 1.12622;      -0.41013;3.43062;1
  13.76007; 1.12890;      -0.40862;3.43063;1
  13.73328; 1.13157;      -0.40732;3.43064;1
  13.70650; 1.13425;      -0.40616;3.43065;1
  13.67975; 1.13692;      -0.40505;3.43066;1
  13.65301; 1.13960;      -0.40423;3.43067;1
  13.62629; 1.14228;      -0.40357;3.43069;1
  13.59957; 1.14495;      -0.40294;3.43070;1
  13.57288; 1.14763;      -0.40240;3.43071;1
  13.54622; 1.15030;      -0.40206;3.43072;1
  13.51955; 1.15298;      -0.40191;3.43073;1
  13.49290; 1.15565;      -0.40182;3.43074;1
  13.46629; 1.15833;      -0.40182;3.43075;1
  13.43968; 1.16100;      -0.40198;3.43076;1
  13.41305; 1.16368;      -0.40227;3.43077;1
  13.38646; 1.16635;      -0.40257;3.43078;1
  13.35994; 1.16903;      -0.40312;3.43079;1
  13.33343; 1.17170;      -0.40379;3.43080;1
  13.30693; 1.17438;      -0.40456;3.43081;1
  13.28045; 1.17705;      -0.40544;3.43082;1
  13.25400; 1.17973;      -0.40641;3.43083;1
  13.22756; 1.18240;      -0.40755;3.43085;1
  13.20115; 1.18508;      -0.40882;3.43086;1
  13.17477; 1.18775;      -0.41018;3.43087;1
  13.14842; 1.19043;      -0.41167;3.43088;1
  13.12208; 1.19310;      -0.41328;3.43089;1
  13.09575; 1.19578;      -0.41496;3.43090;1
  13.06943; 1.19845;      -0.41664;3.43091;1
  13.04316; 1.20113;      -0.41837;3.43092;1
  13.01692; 1.20380;      -0.42024;3.43093;1
  12.99067; 1.20648;      -0.42226;3.43094;1
  12.96445; 1.20915;      -0.42433;3.43095;1
  12.93829; 1.21183;      -0.42647;3.43096;1
  12.91214; 1.21450;      -0.42870;3.43097;1
  12.88600; 1.21718;      -0.43100;3.43098;1
  12.85990; 1.21985;      -0.43337;3.43099;1
  12.83383; 1.22253;      -0.43583;3.43100;1
  12.80775; 1.22520;      -0.43834;3.43101;1
  12.78170; 1.22788;      -0.44086;3.43102;1
  12.75567; 1.23055;      -0.44342;3.43103;1
  12.72962; 1.23323;      -0.44604;3.43104;1
  12.70361; 1.23590;      -0.44870;3.43105;1
  12.67762; 1.23858;      -0.45138;3.43106;1
  12.65164; 1.24125;      -0.45413;3.43107;1
  12.62567; 1.24393;      -0.45698;3.43108;1
  12.59973; 1.24660;      -0.45983;3.43110;1
  12.57380; 1.24928;      -0.46257;3.43111;1
  12.54787; 1.25195;      -0.46535;3.43112;1
  12.52196; 1.25463;      -0.46825;3.43113;1
  12.49606; 1.25731;      -0.47120;3.43114;1
  12.47016; 1.25998;      -0.47415;3.43115;1
  12.44428; 1.26266;      -0.47710;3.43116;1
  12.41841; 1.26533;      -0.48003;3.43117;1
  12.39254; 1.26801;      -0.48298;3.43118;1
  12.36664; 1.27068;      -0.48594;3.43119;1
  12.34073; 1.27336;      -0.48890;3.43120;1
  12.31487; 1.27603;      -0.49191;3.43121;1
  12.28899; 1.27871;      -0.49496;3.43122;1
  12.26312; 1.28138;      -0.49799;3.43123;1
  12.23724; 1.28406;      -0.50099;3.43124;1
  12.21132; 1.28673;      -0.50401;3.43125;1
  12.18543; 1.28941;      -0.50699;3.43126;1
  12.15951; 1.29208;      -0.50995;3.43127;1
  12.13358; 1.29476;      -0.51289;3.43128;1
  12.10765; 1.29743;      -0.51582;3.43129;1
  12.08172; 1.30011;      -0.51875;3.43130;1
  12.05579; 1.30278;      -0.52165;3.43131;1
  12.02985; 1.30546;      -0.52451;3.43132;1
  12.00389; 1.30813;      -0.52736;3.43133;1
  11.97793; 1.31081;      -0.53018;3.43134;1
  11.95196; 1.31348;      -0.53298;3.43135;1
  11.92597; 1.31616;      -0.53576;3.43136;1
  11.89994; 1.31883;      -0.53851;3.43137;1
  11.87393; 1.32151;      -0.54111;3.43138;1
  11.84794; 1.32418;      -0.54363;3.43139;1
  11.82192; 1.32686;      -0.54620;3.43140;1
  11.79586; 1.32953;      -0.54881;3.43141;1
  11.76980; 1.33221;      -0.55141;3.43142;1
  11.74372; 1.33488;      -0.55395;3.43143;1
  11.71763; 1.33756;      -0.55643;3.43144;1
  11.69152; 1.34023;      -0.55888;3.43145;1
  11.66539; 1.34291;      -0.56131;3.43146;1
  11.63924; 1.34558;      -0.56375;3.43147;1
  11.61309; 1.34826;      -0.56608;3.43148;1
  11.58695; 1.35093;      -0.56835;3.43149;1
  11.56078; 1.35361;      -0.57064;3.43150;1
  11.53461; 1.35628;      -0.57284;3.43151;1
  11.50842; 1.35896;      -0.57502;3.43152;1
  11.48221; 1.36163;      -0.57714;3.43153;1
  11.45599; 1.36431;      -0.57921;3.43154;1
  11.42976; 1.36698;      -0.58123;3.43155;1
  11.40350; 1.36966;      -0.58315;3.43156;1
  11.37719; 1.37234;      -0.58508;3.43158;1
  11.35085; 1.37501;      -0.58703;3.43159;1
  11.32452; 1.37769;      -0.58891;3.43160;1
  11.29819; 1.38036;      -0.59072;3.43161;1
  11.27184; 1.38304;      -0.59253;3.43162;1
  11.24544; 1.38571;      -0.59422;3.43163;1
  11.21903; 1.38839;      -0.59593;3.43164;1
  11.19262; 1.39106;      -0.59761;3.43165;1
  11.16620; 1.39374;      -0.59919;3.43166;1
  11.13979; 1.39641;      -0.60068;3.43167;1
  11.11334; 1.39909;      -0.60223;3.43168;1
  11.08691; 1.40176;      -0.60372;3.43169;1
  11.06046; 1.40444;      -0.60515;3.43170;1
  11.03397; 1.40711;      -0.60655;3.43171;1
  11.00750; 1.40979;      -0.60792;3.43172;1
  10.98101; 1.41246;      -0.60925;3.43173;1
  10.95448; 1.41514;      -0.61047;3.43174;1
  10.92792; 1.41781;      -0.61163;3.43175;1
  10.90136; 1.42049;      -0.61274;3.43176;1
  10.87481; 1.42316;      -0.61378;3.43177;1
  10.84825; 1.42584;      -0.61476;3.43178;1
  10.82168; 1.42851;      -0.61574;3.43179;1
  10.79510; 1.43119;      -0.61670;3.43180;1
  10.76853; 1.43386;      -0.61760;3.43181;1
  10.74195; 1.43654;      -0.61846;3.43182;1
  10.71535; 1.43921;      -0.61929;3.43183;1
  10.68874; 1.44189;      -0.62002;3.43184;1
  10.66216; 1.44456;      -0.62067;3.43185;1
  10.63558; 1.44724;      -0.62127;3.43186;1
  10.60897; 1.44991;      -0.62182;3.43187;1
  10.58236; 1.45259;      -0.62235;3.43188;1
  10.55573; 1.45526;      -0.62281;3.43189;1
  10.52911; 1.45794;      -0.62326;3.43190;1
  10.50252; 1.46061;      -0.62369;3.43191;1
  10.47593; 1.46329;      -0.62403;3.43192;1
  10.44935; 1.46596;      -0.62437;3.43193;1
  10.42273; 1.46864;      -0.62464;3.43194;1
  10.39613; 1.47131;      -0.62486;3.43195;1
  10.36956; 1.47399;      -0.62505;3.43196;1
  10.34299; 1.47666;      -0.62518;3.43197;1
  10.31641; 1.47934;      -0.62522;3.43198;1
  10.28983; 1.48201;      -0.62532;3.43199;1
  10.26326; 1.48469;      -0.62549;3.43200;1
  10.23671; 1.48737;      -0.62558;3.43201;1
  10.21017; 1.49004;      -0.62555;3.43203;1
  10.18359; 1.49272;      -0.62554;3.43204;1
  10.15706; 1.49539;      -0.62551;3.43205;1
  10.13054; 1.49807;      -0.62538;3.43206;1
  10.10402; 1.50074;      -0.62518;3.43207;1
  10.07751; 1.50342;      -0.62499;3.43208;1
  10.05100; 1.50609;      -0.62480;3.43209;1
  10.02451; 1.50877;      -0.62455;3.43210;1
   9.99802; 1.51144;      -0.62421;3.43211;1
   9.97155; 1.51412;      -0.62384;3.43212;1
   9.94511; 1.51679;      -0.62351;3.43213;1
   9.91865; 1.51947;      -0.62321;3.43214;1
   9.89219; 1.52214;      -0.62288;3.43215;1
   9.86574; 1.52482;      -0.62251;3.43216;1
   9.83930; 1.52749;      -0.62214;3.43217;1
   9.81288; 1.53017;      -0.62172;3.43218;1
   9.78649; 1.53284;      -0.62120;3.43219;1
   9.76008; 1.53552;      -0.62073;3.43220;1
   9.73370; 1.53819;      -0.62021;3.43221;1
   9.70735; 1.54087;      -0.61959;3.43222;1
   9.68099; 1.54354;      -0.61896;3.43223;1
   9.65463; 1.54622;      -0.61834;3.43224;1
   9.62830; 1.54889;      -0.61779;3.43225;1
   9.60197; 1.55157;      -0.61725;3.43226;1
   9.57563; 1.55424;      -0.61667;3.43227;1
   9.54931; 1.55692;      -0.61605;3.43228;1
   9.52300; 1.55959;      -0.61537;3.43229;1
   9.49671; 1.56227;      -0.61468;3.43230;1
   9.47043; 1.56494;      -0.61395;3.43231;1
   9.44419; 1.56762;      -0.61327;3.43232;1
   9.41796; 1.57029;      -0.61267;3.43233;1
   9.39173; 1.57297;      -0.61201;3.43234;1
   9.36552; 1.57564;      -0.61127;3.43235;1
   9.33933; 1.57832;      -0.61051;3.43236;1
   9.31315; 1.58099;      -0.60976;3.43237;1
   9.28695; 1.58367;      -0.60902;3.43238;1
   9.26074; 1.58634;      -0.60827;3.43239;1
   9.23461; 1.58902;      -0.60751;3.43240;1
   9.20846; 1.59169;      -0.60678;3.43240;1
   9.18229; 1.59437;      -0.60606;3.43241;1
   9.15616; 1.59705;      -0.60532;3.43242;1
   9.13003; 1.59972;      -0.60458;3.43243;1
   9.10393; 1.60240;      -0.60387;3.43244;1
   9.07780; 1.60507;      -0.60312;3.43245;1
   9.05169; 1.60775;      -0.60234;3.43246;1
   9.02560; 1.61042;      -0.60156;3.43247;1
   8.99950; 1.61310;      -0.60079;3.43248;1
   8.97342; 1.61577;      -0.60004;3.43249;1
   8.94736; 1.61845;      -0.59931;3.43250;1
   8.92131; 1.62112;      -0.59860;3.43251;1
   8.89526; 1.62380;      -0.59787;3.43252;1
   8.86921; 1.62647;      -0.59716;3.43253;1
   8.84317; 1.62915;      -0.59649;3.43254;1
   8.81716; 1.63182;      -0.59581;3.43255;1
   8.79114; 1.63450;      -0.59508;3.43256;1
   8.76510; 1.63717;      -0.59435;3.43257;1
   8.73908; 1.63985;      -0.59372;3.43258;1
   8.71309; 1.64252;      -0.59314;3.43259;1
   8.68710; 1.64520;      -0.59253;3.43260;1
   8.66110; 1.64787;      -0.59191;3.43261;1
   8.63509; 1.65055;      -0.59128;3.43262;1
   8.60906; 1.65322;      -0.59059;3.43263;1
   8.58305; 1.65590;      -0.58974;3.43264;1
   8.55705; 1.65857;      -0.58892;3.43265;1
   8.53104; 1.66125;      -0.58817;3.43266;1
   8.50502; 1.66392;      -0.58747;3.43267;1
   8.47901; 1.66660;      -0.58676;3.43268;1
   8.45297; 1.66927;      -0.58604;3.43269;1
   8.42696; 1.67195;      -0.58538;3.43270;1
   8.40093; 1.67462;      -0.58476;3.43271;1
   8.37488; 1.67730;      -0.58416;3.43272;1
   8.34885; 1.67997;      -0.58355;3.43273;1
   8.32280; 1.68265;      -0.58293;3.43274;1
   8.29675; 1.68532;      -0.58234;3.43275;1
   8.27070; 1.68800;      -0.58172;3.43276;1
   8.24465; 1.69067;      -0.58111;3.43276;1
   8.21862; 1.69335;      -0.58051;3.43277;1
   8.19259; 1.69602;      -0.57992;3.43278;1
   8.16656; 1.69870;      -0.57934;3.43279;1
   8.14051; 1.70137;      -0.57878;3.43280;1
   8.11444; 1.70405;      -0.57825;3.43281;1
   8.08837; 1.70672;      -0.57776;3.43282;1
   8.06229; 1.70940;      -0.57727;3.43283;1
   8.03621; 1.71208;      -0.57687;3.43284;1
   8.01012; 1.71475;      -0.57647;3.43285;1
   7.98400; 1.71743;      -0.57604;3.43286;1
   7.95784; 1.72010;      -0.57558;3.43287;1
   7.93172; 1.72278;      -0.57509;3.43288;1
   7.90560; 1.72545;      -0.57464;3.43289;1
   7.87946; 1.72813;      -0.57422;3.43290;1
   7.85330; 1.73080;      -0.57383;3.43291;1
   7.82713; 1.73348;      -0.57345;3.43292;1
   7.80091; 1.73615;      -0.57308;3.43293;1
   7.77469; 1.73883;      -0.57274;3.43294;1
   7.74849; 1.74150;      -0.57239;3.43295;1
   7.72225; 1.74418;      -0.57206;3.43296;1
   7.69601; 1.74685;      -0.57178;3.43297;1
   7.66977; 1.74953;      -0.57154;3.43298;1
   7.64351; 1.75220;      -0.57135;3.43299;1
   7.61723; 1.75488;      -0.57114;3.43300;1
   7.59095; 1.75755;      -0.57093;3.43301;1
   7.56465; 1.76023;      -0.57078;3.43302;1
   7.53833; 1.76290;      -0.57062;3.43303;1
   7.51196; 1.76558;      -0.57043;3.43303;1
   7.48557; 1.76825;      -0.57028;3.43304;1
   7.45916; 1.77093;      -0.57014;3.43305;1
   7.43271; 1.77360;      -0.57003;3.43306;1
   7.40629; 1.77628;      -0.56996;3.43307;1
   7.37982; 1.77895;      -0.56986;3.43308;1
   7.35335; 1.78163;      -0.56978;3.43309;1
   7.32687; 1.78430;      -0.56971;3.43310;1
   7.30035; 1.78698;      -0.56963;3.43311;1
   7.27385; 1.78965;      -0.56958;3.43312;1
   7.24727; 1.79233;      -0.56953;3.43313;1
   7.22070; 1.79500;      -0.56952;3.43314;1
   7.19415; 1.79768;      -0.56955;3.43315;1
   7.16756; 1.80035;      -0.56965;3.43316;1
   7.14093; 1.80303;      -0.56977;3.43317;1
   7.11429; 1.80570;      -0.56983;3.43318;1
   7.08765; 1.80838;      -0.56988;3.43319;1
   7.06100; 1.81105;      -0.56999;3.43320;1
   7.03433; 1.81373;      -0.57015;3.43321;1
   7.00769; 1.81640;      -0.57031;3.43322;1
   6.98100; 1.81908;      -0.57051;3.43323;1
   6.95427; 1.82175;      -0.57072;3.43324;1
   6.92753; 1.82443;      -0.57092;3.43325;1
   6.90078; 1.82711;      -0.57110;3.43326;1
   6.87402; 1.82978;      -0.57130;3.43327;1
   6.84724; 1.83246;      -0.57158;3.43328;1
   6.82043; 1.83513;      -0.57182;3.43329;1
   6.79359; 1.83781;      -0.57202;3.43330;1
   6.76673; 1.84048;      -0.57222;3.43331;1
   6.73988; 1.84316;      -0.57238;3.43332;1
   6.71298; 1.84583;      -0.57256;3.43333;1
   6.68609; 1.84851;      -0.57278;3.43334;1
   6.65918; 1.85118;      -0.57298;3.43335;1
   6.63225; 1.85386;      -0.57321;3.43335;1
   6.60534; 1.85653;      -0.57359;3.43336;1
   6.57843; 1.85921;      -0.57395;3.43337;1
   6.55150; 1.86188;      -0.57427;3.43338;1
   6.52456; 1.86456;      -0.57458;3.43339;1
   6.49760; 1.86723;      -0.57488;3.43340;1
   6.47063; 1.86991;      -0.57513;3.43341;1
   6.44367; 1.87258;      -0.57537;3.43342;1
   6.41669; 1.87526;      -0.57564;3.43343;1
   6.38968; 1.87793;      -0.57597;3.43344;1
   6.36267; 1.88061;      -0.57635;3.43345;1
   6.33564; 1.88328;      -0.57678;3.43346;1
   6.30861; 1.88596;      -0.57719;3.43347;1
   6.28158; 1.88863;      -0.57757;3.43348;1
   6.25454; 1.89131;      -0.57795;3.43349;1
   6.22747; 1.89398;      -0.57833;3.43350;1
   6.20040; 1.89666;      -0.57871;3.43351;1
   6.17332; 1.89933;      -0.57909;3.43352;1
   6.14623; 1.90201;      -0.57949;3.43353;1
   6.11912; 1.90468;      -0.57984;3.43354;1
   6.09202; 1.90736;      -0.58027;3.43355;1
   6.06490; 1.91003;      -0.58093;3.43356;1
   6.03778; 1.91271;      -0.58148;3.43357;1
   6.01065; 1.91538;      -0.58192;3.43358;1
   5.98352; 1.91806;      -0.58229;3.43359;1
   5.95641; 1.92073;      -0.58260;3.43360;1
   5.92928; 1.92341;      -0.58286;3.43361;1
   5.90214; 1.92608;      -0.58314;3.43362;1
   5.87501; 1.92876;      -0.58343;3.43363;1
   5.84787; 1.93143;      -0.58375;3.43364;1
   5.82073; 1.93411;      -0.58409;3.43365;1
   5.79359; 1.93678;      -0.58445;3.43366;1
   5.76646; 1.93946;      -0.58482;3.43367;1
   5.73933; 1.94214;      -0.58517;3.43368;1
   5.71219; 1.94481;      -0.58554;3.43368;1
   5.68504; 1.94749;      -0.58593;3.43369;1
   5.65790; 1.95016;      -0.58631;3.43370;1
   5.63074; 1.95284;      -0.58669;3.43371;1
   5.60360; 1.95551;      -0.58714;3.43372;1
   5.57645; 1.95819;      -0.58761;3.43373;1
   5.54932; 1.96086;      -0.58805;3.43374;1
   5.52219; 1.96354;      -0.58846;3.43375;1
   5.49505; 1.96621;      -0.58885;3.43376;1
   5.46792; 1.96889;      -0.58922;3.43377;1
   5.44082; 1.97156;      -0.58955;3.43378;1
   5.41369; 1.97424;      -0.58989;3.43379;1
   5.38657; 1.97691;      -0.59027;3.43380;1
   5.35946; 1.97959;      -0.59064;3.43381;1
   5.33237; 1.98226;      -0.59101;3.43382;1
   5.30528; 1.98494;      -0.59137;3.43383;1
   5.27820; 1.98761;      -0.59167;3.43384;1
   5.25113; 1.99029;      -0.59195;3.43385;1
   5.22408; 1.99296;      -0.59228;3.43386;1
   5.19704; 1.99564;      -0.59258;3.43387;1
   5.16999; 1.99831;      -0.59282;3.43388;1
   5.14289; 2.00099;      -0.59306;3.43389;1
   5.11580; 2.00366;      -0.59330;3.43390;1
   5.08875; 2.00634;      -0.59354;3.43391;1
   5.06171; 2.00901;      -0.59380;3.43392;1
   5.03466; 2.01169;      -0.59409;3.43392;1
   5.00759; 2.01436;      -0.59433;3.43393;1
   4.98051; 2.01704;      -0.59446;3.43394;1
   4.95341; 2.01971;      -0.59455;3.43395;1
   4.92635; 2.02239;      -0.59469;3.43396;1
   4.89931; 2.02506;      -0.59489;3.43397;1
   4.87228; 2.02774;      -0.59510;3.43398;1
   4.84526; 2.03041;      -0.59533;3.43399;1
   4.81822; 2.03309;      -0.59555;3.43400;1
   4.79121; 2.03576;      -0.59575;3.43401;1
   4.76419; 2.03844;      -0.59601;3.43402;1
   4.73718; 2.04111;      -0.59629;3.43403;1
   4.71018; 2.04379;      -0.59653;3.43404;1
   4.68318; 2.04646;      -0.59676;3.43405;1
   4.65620; 2.04914;      -0.59698;3.43406;1
   4.62920; 2.05181;      -0.59714;3.43407;1
   4.60220; 2.05449;      -0.59729;3.43408;1
   4.57522; 2.05717;      -0.59744;3.43409;1
   4.54823; 2.05984;      -0.59752;3.43409;1
   4.52125; 2.06252;      -0.59754;3.43410;1
   4.49427; 2.06519;      -0.59759;3.43411;1
   4.46728; 2.06787;      -0.59765;3.43412;1
   4.44030; 2.07054;      -0.59773;3.43413;1
   4.41335; 2.07322;      -0.59788;3.43414;1
   4.38639; 2.07589;      -0.59808;3.43415;1
   4.35942; 2.07857;      -0.59826;3.43416;1
   4.33246; 2.08124;      -0.59840;3.43417;1
   4.30552; 2.08392;      -0.59850;3.43418;1
   4.27854; 2.08659;      -0.59855;3.43419;1
   4.25157; 2.08927;      -0.59859;3.43420;1
   4.22460; 2.09194;      -0.59859;3.43421;1
   4.19763; 2.09462;      -0.59858;3.43422;1
   4.17066; 2.09729;      -0.59859;3.43423;1
   4.14369; 2.09997;      -0.59862;3.43424;1
   4.11674; 2.10264;      -0.59868;3.43425;1
   4.08977; 2.10532;      -0.59872;3.43425;1
   4.06280; 2.10799;      -0.59875;3.43426;1
   4.03585; 2.11067;      -0.59878;3.43427;1
   4.00892; 2.11334;      -0.59881;3.43428;1
   3.98199; 2.11602;      -0.59885;3.43429;1
   3.95503; 2.11869;      -0.59887;3.43430;1
   3.92806; 2.12137;      -0.59888;3.43431;1
   3.90109; 2.12404;      -0.59888;3.43432;1
   3.87414; 2.12672;      -0.59889;3.43433;1
   3.84719; 2.12939;      -0.59887;3.43434;1
   3.82025; 2.13207;      -0.59885;3.43435;1
   3.79330; 2.13474;      -0.59885;3.43436;1
   3.76636; 2.13742;      -0.59887;3.43437;1
   3.73942; 2.14009;      -0.59889;3.43438;1
   3.71249; 2.14277;      -0.59892;3.43438;1
   3.68553; 2.14544;      -0.59892;3.43439;1
   3.65855; 2.14812;      -0.59893;3.43440;1
   3.63159; 2.15079;      -0.59893;3.43441;1
   3.60464; 2.15347;      -0.59893;3.43442;1
   3.57766; 2.15614;      -0.59894;3.43443;1
   3.55067; 2.15882;      -0.59894;3.43444;1
   3.52366; 2.16149;      -0.59894;3.43445;1
   3.49666; 2.16417;      -0.59893;3.43446;1
   3.46966; 2.16685;      -0.59891;3.43447;1
   3.44265; 2.16952;      -0.59889;3.43448;1
   3.41566; 2.17220;      -0.59884;3.43449;1
   3.38867; 2.17487;      -0.59880;3.43450;1
   3.36168; 2.17755;      -0.59879;3.43450;1
   3.33471; 2.18022;      -0.59879;3.43451;1
   3.30767; 2.18290;      -0.59879;3.43452;1
   3.28064; 2.18557;      -0.59879;3.43453;1
   3.25361; 2.18825;      -0.59878;3.43454;1
   3.22656; 2.19092;      -0.59878;3.43455;1
   3.19952; 2.19360;      -0.59878;3.43456;1
   3.17244; 2.19627;      -0.59877;3.43457;1
   3.14539; 2.19895;      -0.59876;3.43458;1
   3.11835; 2.20162;      -0.59874;3.43459;1
   3.09132; 2.20430;      -0.59872;3.43460;1
   3.06429; 2.20697;      -0.59872;3.43461;1
   3.03725; 2.20965;      -0.59871;3.43462;1
   3.01015; 2.21232;      -0.59874;3.43463;1
   2.98306; 2.21500;      -0.59876;3.43463;1
   2.95599; 2.21767;      -0.59875;3.43464;1
   2.92891; 2.22035;      -0.59873;3.43465;1
   2.90182; 2.22302;      -0.59869;3.43466;1
   2.87473; 2.22570;      -0.59867;3.43467;1
   2.84764; 2.22837;      -0.59864;3.43468;1
   2.82055; 2.23105;      -0.59862;3.43469;1
   2.79345; 2.23372;      -0.59862;3.43470;1
   2.76634; 2.23640;      -0.59860;3.43471;1
   2.73924; 2.23907;      -0.59849;3.43472;1
   2.71216; 2.24175;      -0.59839;3.43473;1
   2.68508; 2.24442;      -0.59834;3.43474;1
   2.65797; 2.24710;      -0.59832;3.43474;1
   2.63084; 2.24977;      -0.59829;3.43475;1
   2.60368; 2.25245;      -0.59828;3.43476;1
   2.57654; 2.25512;      -0.59828;3.43477;1
   2.54940; 2.25780;      -0.59833;3.43478;1
   2.52226; 2.26047;      -0.59841;3.43479;1
   2.49511; 2.26315;      -0.59844;3.43480;1
   2.46797; 2.26582;      -0.59844;3.43481;1
   2.44078; 2.26850;      -0.59844;3.43482;1
   2.41360; 2.27117;      -0.59847;3.43483;1
   2.38644; 2.27385;      -0.59855;3.43484;1
   2.35925; 2.27652;      -0.59869;3.43484;1
   2.33205; 2.27920;      -0.59883;3.43485;1
   2.30486; 2.28188;      -0.59897;3.43486;1
   2.27766; 2.28455;      -0.59907;3.43487;1
   2.25047; 2.28723;      -0.59913;3.43488;1
   2.22331; 2.28990;      -0.59915;3.43489;1
   2.19613; 2.29258;      -0.59914;3.43490;1
   2.16894; 2.29525;      -0.59916;3.43491;1
   2.14177; 2.29793;      -0.59921;3.43492;1
   2.11460; 2.30060;      -0.59924;3.43493;1
   2.08740; 2.30328;      -0.59927;3.43494;1
   2.06021; 2.30595;      -0.59929;3.43495;1
   2.03300; 2.30863;      -0.59934;3.43495;1
   2.00580; 2.31130;      -0.59941;3.43496;1
   1.97861; 2.31398;      -0.59946;3.43497;1
   1.95138; 2.31665;      -0.59952;3.43498;1
   1.92415; 2.31933;      -0.59956;3.43499;1
   1.89693; 2.32200;      -0.59957;3.43500;1
   1.86973; 2.32468;      -0.59957;3.43501;1
   1.84252; 2.32735;      -0.59956;3.43502;1
   1.81531; 2.33003;      -0.59956;3.43503;1
   1.78807; 2.33270;      -0.59959;3.43504;1
   1.76081; 2.33538;      -0.59961;3.43504;1
   1.73355; 2.33805;      -0.59963;3.43505;1
   1.70628; 2.34073;      -0.59965;3.43506;1
   1.67898; 2.34340;      -0.59967;3.43507;1
   1.65171; 2.34608;      -0.59966;3.43508;1
   1.62443; 2.34875;      -0.59968;3.43509;1
   1.59713; 2.35143;      -0.59972;3.43510;1
   1.56983; 2.35410;      -0.59976;3.43511;1
   1.54252; 2.35678;      -0.59977;3.43512;1
   1.51523; 2.35945;      -0.59979;3.43513;1
   1.48795; 2.36213;      -0.59982;3.43514;1
   1.46068; 2.36480;      -0.59981;3.43514;1
   1.43338; 2.36748;      -0.59977;3.43515;1
   1.40609; 2.37015;      -0.59980;3.43516;1
   1.37883; 2.37283;      -0.59984;3.43517;1
   1.35153; 2.37550;      -0.59988;3.43518;1
   1.32422; 2.37818;      -0.59987;3.43519;1
   1.29692; 2.38085;      -0.59988;3.43520;1
   1.26962; 2.38353;      -0.59996;3.43521;1
   1.24235; 2.38620;      -0.60000;3.43522;1
   1.21505; 2.38888;      -0.60003;3.43523;1
   1.18778; 2.39155;      -0.60007;3.43523;1
   1.16052; 2.39423;      -0.60010;3.43524;1
   1.13324; 2.39691;      -0.60014;3.43525;1
   1.10597; 2.39958;      -0.60018;3.43526;1
   1.07868; 2.40226;      -0.60019;3.43527;1
   1.05136; 2.40493;      -0.60019;3.43528;1
   1.02406; 2.40761;      -0.60021;3.43529;1
   0.99679; 2.41028;      -0.60023;3.43530;1
   0.96952; 2.41296;      -0.60027;3.43531;1
   0.94227; 2.41563;      -0.60031;3.43531;1
   0.91501; 2.41831;      -0.60034;3.43532;1
   0.88774; 2.42098;      -0.60036;3.43533;1
   0.86048; 2.42366;      -0.60037;3.43534;1
   0.83324; 2.42633;      -0.60036;3.43535;1
   0.80597; 2.42901;      -0.60038;3.43536;1
   0.77873; 2.43168;      -0.60045;3.43537;1
   0.75150; 2.43436;      -0.60055;3.43538;1
   0.72425; 2.43703;      -0.60066;3.43539;1
   0.69697; 2.43971;      -0.60074;3.43540;1
   0.66969; 2.44238;      -0.60082;3.43540;1
   0.64240; 2.44506;      -0.60090;3.43541;1
   0.61512; 2.44773;      -0.60098;3.43542;1
   0.58787; 2.45041;      -0.60105;3.43543;1
   0.56062; 2.45308;      -0.60110;3.43544;1
   0.53338; 2.45576;      -0.60115;3.43545;1
   0.50615; 2.45843;      -0.60120;3.43546;1
   0.47891; 2.46111;      -0.60125;3.43547;1
   0.45167; 2.46378;      -0.60130;3.43548;1
   0.42442; 2.46646;      -0.60132;3.43548;1
   0.39718; 2.46913;      -0.60134;3.43549;1
   0.36998; 2.47181;      -0.60134;3.43550;1
   0.34280; 2.47448;      -0.60133;3.43551;1
   0.31559; 2.47716;      -0.60133;3.43552;1
   0.28838; 2.47983;      -0.60134;3.43553;1
   0.26117; 2.48251;      -0.60138;3.43554;1
   0.23396; 2.48518;      -0.60143;3.43555;1
   0.20676; 2.48786;      -0.60146;3.43555;1
   0.17955; 2.49053;      -0.60147;3.43556;1
   0.15231; 2.49321;      -0.60148;3.43557;1
   0.12511; 2.49588;      -0.60153;3.43558;1
   0.09791; 2.49856;      -0.60160;3.43559;1
   0.07067; 2.50123;      -0.60166;3.43560;1
   0.04343; 2.50391;      -0.60168;3.43561;1
   0.01623; 2.50658;      -0.60170;3.43562;1
  -0.01101; 2.50926;      -0.60172;3.43563;1
  -0.03823; 2.51194;      -0.60176;3.43563;1
  -0.06543; 2.51461;      -0.60179;3.43564;1
  -0.09264; 2.51729;      -0.60179;3.43565;1
  -0.11984; 2.51996;      -0.60178;3.43566;1
  -0.14705; 2.52264;      -0.60178;3.43567;1
  -0.17424; 2.52531;      -0.60178;3.43568;1
  -0.20143; 2.52799;      -0.60179;3.43569;1
  -0.22864; 2.53066;      -0.60181;3.43570;1
  -0.25585; 2.53334;      -0.60182;3.43570;1
  -0.28305; 2.53601;      -0.60181;3.43571;1
  -0.31027; 2.53869;      -0.60179;3.43572;1
  -0.33749; 2.54136;      -0.60178;3.43573;1
  -0.36469; 2.54404;      -0.60177;3.43574;1
  -0.39188; 2.54671;      -0.60177;3.43575;1
  -0.41910; 2.54939;      -0.60179;3.43576;1
  -0.44631; 2.55206;      -0.60180;3.43576;1
  -0.47349; 2.55474;      -0.60182;3.43577;1
  -0.50065; 2.55741;      -0.60187;3.43578;1
  -0.52784; 2.56009;      -0.60190;3.43579;1
  -0.55502; 2.56276;      -0.60193;3.43580;1
  -0.58220; 2.56544;      -0.60195;3.43581;1
  -0.60939; 2.56811;      -0.60193;3.43582;1
  -0.63658; 2.57079;      -0.60190;3.43583;1
  -0.66379; 2.57346;      -0.60188;3.43583;1
  -0.69104; 2.57614;      -0.60188;3.43584;1
  -0.71828; 2.57881;      -0.60191;3.43585;1
  -0.74551; 2.58149;      -0.60190;3.43586;1
  -0.77275; 2.58416;      -0.60185;3.43587;1
  -0.79999; 2.58684;      -0.60181;3.43588;1
  -0.82720; 2.58951;      -0.60180;3.43589;1
  -0.85439; 2.59219;      -0.60181;3.43589;1
  -0.88160; 2.59486;      -0.60184;3.43590;1
  -0.90883; 2.59754;      -0.60189;3.43591;1
  -0.93606; 2.60021;      -0.60194;3.43592;1
  -0.96331; 2.60289;      -0.60194;3.43593;1
  -0.99056; 2.60556;      -0.60191;3.43594;1
  -1.01779; 2.60824;      -0.60188;3.43595;1
  -1.04502; 2.61091;      -0.60185;3.43596;1
  -1.07230; 2.61359;      -0.60183;3.43596;1
  -1.09959; 2.61626;      -0.60181;3.43597;1
  -1.12686; 2.61894;      -0.60181;3.43598;1
  -1.15410; 2.62161;      -0.60187;3.43599;1
  -1.18137; 2.62429;      -0.60191;3.43600;1
  -1.20867; 2.62697;      -0.60192;3.43601;1
  -1.23595; 2.62964;      -0.60195;3.43602;1
  -1.26325; 2.63232;      -0.60195;3.43602;1
  -1.29056; 2.63499;      -0.60194;3.43603;1
  -1.31788; 2.63767;      -0.60193;3.43604;1
  -1.34520; 2.64034;      -0.60195;3.43605;1
  -1.37248; 2.64302;      -0.60199;3.43606;1
  -1.39979; 2.64569;      -0.60198;3.43607;1
  -1.42710; 2.64837;      -0.60197;3.43608;1
  -1.45440; 2.65104;      -0.60198;3.43608;1
  -1.48173; 2.65372;      -0.60197;3.43609;1
  -1.50907; 2.65639;      -0.60196;3.43610;1
  -1.53641; 2.65907;      -0.60197;3.43611;1
  -1.56375; 2.66174;      -0.60198;3.43612;1
  -1.59108; 2.66442;      -0.60199;3.43613;1
  -1.61841; 2.66709;      -0.60199;3.43614;1
  -1.64577; 2.66977;      -0.60199;3.43614;1
  -1.67311; 2.67244;      -0.60200;3.43615;1
  -1.70049; 2.67512;      -0.60201;3.43616;1
  -1.72790; 2.67779;      -0.60203;3.43617;1
  -1.75529; 2.68047;      -0.60205;3.43618;1
  -1.78267; 2.68314;      -0.60207;3.43619;1
  -1.81008; 2.68582;      -0.60212;3.43620;1
  -1.83745; 2.68849;      -0.60219;3.43620;1
  -1.86483; 2.69117;      -0.60222;3.43621;1
  -1.89222; 2.69384;      -0.60221;3.43622;1
  -1.91958; 2.69652;      -0.60225;3.43623;1
  -1.94699; 2.69919;      -0.60228;3.43624;1
  -1.97440; 2.70187;      -0.60229;3.43625;1
  -2.00177; 2.70454;      -0.60230;3.43625;1
  -2.02914; 2.70722;      -0.60232;3.43626;1
  -2.05654; 2.70989;      -0.60234;3.43627;1
  -2.08390; 2.71257;      -0.60241;3.43628;1
  -2.11128; 2.71524;      -0.60246;3.43629;1
  -2.13867; 2.71792;      -0.60249;3.43630;1
  -2.16605; 2.72059;      -0.60253;3.43631;1
  -2.19344; 2.72327;      -0.60257;3.43631;1
  -2.22082; 2.72594;      -0.60255;3.43632;1
  -2.24821; 2.72862;      -0.60260;3.43633;1
  -2.27560; 2.73129;      -0.60266;3.43634;1
  -2.30299; 2.73397;      -0.60267;3.43635;1
  -2.33038; 2.73664;      -0.60270;3.43636;1
  -2.35775; 2.73932;      -0.60278;3.43637;1
  -2.38511; 2.74200;      -0.60282;3.43637;1
  -2.41246; 2.74467;      -0.60279;3.43638;1
  -2.43981; 2.74735;      -0.60277;3.43639;1
  -2.46714; 2.75002;      -0.60282;3.43640;1
  -2.49450; 2.75270;      -0.60287;3.43641;1
  -2.52185; 2.75537;      -0.60290;3.43642;1
  -2.54920; 2.75805;      -0.60292;3.43642;1
  -2.57655; 2.76072;      -0.60292;3.43643;1
  -2.60390; 2.76340;      -0.60291;3.43644;1
  -2.63125; 2.76607;      -0.60289;3.43645;1
  -2.65863; 2.76875;      -0.60292;3.43646;1
  -2.68600; 2.77142;      -0.60293;3.43647;1
  -2.71334; 2.77410;      -0.60291;3.43647;1
  -2.74066; 2.77677;      -0.60293;3.43648;1
  -2.76798; 2.77945;      -0.60294;3.43649;1
  -2.79528; 2.78212;      -0.60298;3.43650;1
  -2.82258; 2.78480;      -0.60298;3.43651;1
  -2.84989; 2.78747;      -0.60297;3.43652;1
  -2.87719; 2.79015;      -0.60297;3.43652;1
  -2.90452; 2.79282;      -0.60296;3.43653;1
  -2.93187; 2.79550;      -0.60294;3.43654;1
  -2.95921; 2.79817;      -0.60293;3.43655;1
  -2.98656; 2.80085;      -0.60292;3.43656;1
  -3.01390; 2.80352;      -0.60290;3.43657;1
  -3.04119; 2.80620;      -0.60290;3.43657;1
  -3.06848; 2.80887;      -0.60291;3.43658;1
  -3.09579; 2.81155;      -0.60292;3.43659;1
  -3.12308; 2.81422;      -0.60292;3.43660;1
  -3.15036; 2.81690;      -0.60291;3.43661;1
  -3.17764; 2.81957;      -0.60290;3.43662;1
  -3.20490; 2.82225;      -0.60291;3.43662;1
  -3.23220; 2.82492;      -0.60287;3.43663;1
  -3.25948; 2.82760;      -0.60282;3.43664;1
  -3.28669; 2.83027;      -0.60280;3.43665;1
  -3.31394; 2.83295;      -0.60276;3.43666;1
  -3.34119; 2.83562;      -0.60275;3.43667;1
  -3.36843; 2.83830;      -0.60273;3.43667;1
  -3.39566; 2.84097;      -0.60272;3.43668;1
  -3.42287; 2.84365;      -0.60273;3.43669;1
  -3.45008; 2.84632;      -0.60270;3.43670;1
  -3.47729; 2.84900;      -0.60267;3.43671;1
  -3.50450; 2.85168;      -0.60261;3.43671;1
  -3.53172; 2.85435;      -0.60255;3.43672;1
  -3.55892; 2.85703;      -0.60249;3.43673;1
  -3.58611; 2.85970;      -0.60240;3.43674;1
  -3.61326; 2.86238;      -0.60236;3.43675;1
  -3.64042; 2.86505;      -0.60236;3.43676;1
  -3.66760; 2.86773;      -0.60235;3.43676;1
  -3.69478; 2.87040;      -0.60230;3.43677;1
  -3.72194; 2.87308;      -0.60221;3.43678;1
  -3.74910; 2.87575;      -0.60216;3.43679;1
  -3.77625; 2.87843;      -0.60211;3.43680;1
  -3.80339; 2.88110;      -0.60205;3.43680;1
  -3.83053; 2.88378;      -0.60197;3.43681;1
  -3.85767; 2.88645;      -0.60191;3.43682;1
  -3.88479; 2.88913;      -0.60188;3.43683;1
  -3.91191; 2.89180;      -0.60185;3.43684;1
  -3.93904; 2.89448;      -0.60181;3.43685;1
  -3.96615; 2.89715;      -0.60178;3.43685;1
  -3.99325; 2.89983;      -0.60175;3.43686;1
  -4.02035; 2.90250;      -0.60168;3.43687;1
  -4.04745; 2.90518;      -0.60163;3.43688;1
  -4.07456; 2.90785;      -0.60159;3.43689;1
  -4.10165; 2.91053;      -0.60153;3.43689;1
  -4.12874; 2.91320;      -0.60144;3.43690;1
  -4.15586; 2.91588;      -0.60135;3.43691;1
  -4.18295; 2.91855;      -0.60127;3.43692;1
  -4.21006; 2.92123;      -0.60120;3.43693;1
  -4.23718; 2.92390;      -0.60115;3.43693;1
  -4.26427; 2.92658;      -0.60109;3.43694;1
  -4.29136; 2.92925;      -0.60104;3.43695;1
  -4.31846; 2.93193;      -0.60098;3.43696;1
  -4.34555; 2.93460;      -0.60090;3.43697;1
  -4.37262; 2.93728;      -0.60080;3.43697;1
  -4.39970; 2.93995;      -0.60072;3.43698;1
  -4.42680; 2.94263;      -0.60067;3.43699;1
  -4.45389; 2.94530;      -0.60062;3.43700;1
  -4.48098; 2.94798;      -0.60055;3.43701;1
  -4.50807; 2.95065;      -0.60046;3.43701;1
  -4.53517; 2.95333;      -0.60038;3.43702;1
  -4.56224; 2.95600;      -0.60031;3.43703;1
  -4.58929; 2.95868;      -0.60024;3.43704;1
  -4.61635; 2.96135;      -0.60016;3.43705;1
  -4.64343; 2.96403;      -0.60005;3.43705;1
  -4.67049; 2.96671;      -0.59996;3.43706;1
  -4.69756; 2.96938;      -0.59988;3.43707;1
  -4.72463; 2.97206;      -0.59979;3.43708;1
  -4.75168; 2.97473;      -0.59972;3.43709;1
  -4.77871; 2.97741;      -0.59966;3.43709;1
  -4.80575; 2.98008;      -0.59961;3.43710;1
  -4.83277; 2.98276;      -0.59956;3.43711;1
  -4.85981; 2.98543;      -0.59950;3.43712;1
  -4.88687; 2.98811;      -0.59944;3.43713;1
  -4.91391; 2.99078;      -0.59940;3.43713;1
  -4.94096; 2.99346;      -0.59938;3.43714;1
  -4.96801; 2.99613;      -0.59932;3.43715;1
  -4.99505; 2.99881;      -0.59924;3.43716;1
  -5.02209; 3.00148;      -0.59917;3.43717;1
  -5.04912; 3.00416;      -0.59911;3.43717;1
  -5.07613; 3.00683;      -0.59904;3.43718;1
  -5.10317; 3.00951;      -0.59898;3.43719;1
  -5.13018; 3.01218;      -0.59894;3.43720;1
  -5.15720; 3.01486;      -0.59888;3.43721;1
  -5.18424; 3.01753;      -0.59882;3.43721;1
  -5.21126; 3.02021;      -0.59876;3.43722;1
  -5.23828; 3.02288;      -0.59871;3.43723;1
  -5.26532; 3.02556;      -0.59864;3.43724;1
  -5.29234; 3.02823;      -0.59861;3.43724;1
  -5.31936; 3.03091;      -0.59863;3.43725;1
  -5.34641; 3.03358;      -0.59864;3.43726;1
  -5.37346; 3.03626;      -0.59856;3.43727;1
  -5.40051; 3.03893;      -0.59846;3.43728;1
  -5.42756; 3.04161;      -0.59840;3.43728;1
  -5.45460; 3.04428;      -0.59834;3.43729;1
  -5.48162; 3.04696;      -0.59827;3.43730;1
  -5.50867; 3.04963;      -0.59817;3.43731;1
  -5.53572; 3.05231;      -0.59810;3.43732;1
  -5.56277; 3.05498;      -0.59803;3.43732;1
  -5.58982; 3.05766;      -0.59797;3.43733;1
  -5.61683; 3.06033;      -0.59792;3.43734;1
  -5.64384; 3.06301;      -0.59786;3.43735;1
  -5.67088; 3.06568;      -0.59782;3.43735;1
  -5.69795; 3.06836;      -0.59777;3.43736;1
  -5.72500; 3.07103;      -0.59771;3.43737;1
  -5.75203; 3.07371;      -0.59763;3.43738;1
  -5.77907; 3.07638;      -0.59755;3.43739;1
  -5.80612; 3.07906;      -0.59747;3.43739;1
  -5.83316; 3.08174;      -0.59739;3.43740;1
  -5.86019; 3.08441;      -0.59734;3.43741;1
  -5.88722; 3.08709;      -0.59731;3.43742;1
  -5.91427; 3.08976;      -0.59727;3.43742;1
  -5.94130; 3.09244;      -0.59721;3.43743;1
  -5.96834; 3.09511;      -0.59714;3.43744;1
  -5.99537; 3.09779;      -0.59709;3.43745;1
  -6.02239; 3.10046;      -0.59704;3.43746;1
  -6.04942; 3.10314;      -0.59698;3.43746;1
  -6.07643; 3.10581;      -0.59689;3.43747;1
  -6.10344; 3.10849;      -0.59683;3.43748;1
  -6.13045; 3.11116;      -0.59677;3.43749;1
  -6.15746; 3.11384;      -0.59671;3.43749;1
  -6.18445; 3.11651;      -0.59666;3.43750;1
  -6.21145; 3.11919;      -0.59659;3.43751;1
  -6.23844; 3.12186;      -0.59653;3.43752;1
  -6.26541; 3.12454;      -0.59650;3.43753;1
  -6.29237; 3.12721;      -0.59649;3.43753;1
  -6.31935; 3.12989;      -0.59650;3.43754;1
  -6.34635; 3.13256;      -0.59647;3.43755;1
  -6.37333; 3.13524;      -0.59649;3.43756;1
  -6.40031; 3.13791;      -0.59651;3.43756;1
  -6.42729; 3.14059;      -0.59648;3.43757;1
  -6.45422; 3.14326;      -0.59646;3.43758;1
  -6.48113; 3.14594;      -0.59644;3.43759;1
  -6.50804; 3.14861;      -0.59645;3.43759;1
  -6.53498; 3.15129;      -0.59647;3.43760;1
  -6.56191; 3.15396;      -0.59646;3.43761;1
  -6.58883; 3.15664;      -0.59640;3.43762;1
  -6.61577; 3.15931;      -0.59633;3.43763;1
  -6.64273; 3.16199;      -0.59627;3.43763;1
  -6.66967; 3.16466;      -0.59622;3.43764;1
  -6.69658; 3.16734;      -0.59618;3.43765;1
  -6.72350; 3.17001;      -0.59617;3.43766;1
  -6.75040; 3.17269;      -0.59614;3.43766;1
  -6.77727; 3.17536;      -0.59611;3.43767;1
  -6.80416; 3.17804;      -0.59607;3.43768;1
  -6.83106; 3.18071;      -0.59603;3.43769;1
  -6.85798; 3.18339;      -0.59598;3.43769;1
  -6.88488; 3.18606;      -0.59593;3.43770;1
  -6.91176; 3.18874;      -0.59586;3.43771;1
  -6.93862; 3.19141;      -0.59577;3.43772;1
  -6.96548; 3.19409;      -0.59565;3.43772;1
  -6.99232; 3.19677;      -0.59551;3.43773;1
  -7.01919; 3.19944;      -0.59533;3.43774;1
  -7.04607; 3.20212;      -0.59518;3.43775;1
  -7.07292; 3.20479;      -0.59504;3.43775;1
  -7.09975; 3.20747;      -0.59493;3.43776;1
  -7.12659; 3.21014;      -0.59483;3.43777;1
  -7.15343; 3.21282;      -0.59474;3.43778;1
  -7.18026; 3.21549;      -0.59467;3.43778;1
  -7.20708; 3.21817;      -0.59457;3.43779;1
  -7.23390; 3.22084;      -0.59447;3.43780;1
  -7.26072; 3.22352;      -0.59438;3.43781;1
  -7.28750; 3.22619;      -0.59425;3.43781;1
  -7.31431; 3.22887;      -0.59413;3.43782;1
  -7.34112; 3.23154;      -0.59401;3.43783;1
  -7.36792; 3.23422;      -0.59392;3.43784;1
  -7.39471; 3.23689;      -0.59384;3.43784;1
  -7.42147; 3.23957;      -0.59375;3.43785;1
  -7.44823; 3.24224;      -0.59365;3.43786;1
  -7.47499; 3.24492;      -0.59354;3.43787;1
  -7.50175; 3.24759;      -0.59343;3.43787;1
  -7.52851; 3.25027;      -0.59333;3.43788;1
  -7.55527; 3.25294;      -0.59323;3.43789;1
  -7.58202; 3.25562;      -0.59314;3.43790;1
  -7.60877; 3.25829;      -0.59305;3.43790;1
  -7.63551; 3.26097;      -0.59296;3.43791;1
  -7.66226; 3.26364;      -0.59285;3.43792;1
  -7.68902; 3.26632;      -0.59272;3.43793;1
  -7.71578; 3.26899;      -0.59258;3.43793;1
  -7.74250; 3.27167;      -0.59247;3.43794;1
  -7.76923; 3.27434;      -0.59236;3.43795;1
  -7.79597; 3.27702;      -0.59225;3.43796;1
  -7.82267; 3.27969;      -0.59215;3.43796;1
  -7.84937; 3.28237;      -0.59203;3.43797;1
  -7.87608; 3.28504;      -0.59188;3.43798;1
  -7.90279; 3.28772;      -0.59173;3.43799;1
  -7.92949; 3.29039;      -0.59159;3.43799;1
  -7.95617; 3.29307;      -0.59149;3.43800;1
  -7.98287; 3.29574;      -0.59146;3.43801;1
  -8.00958; 3.29842;      -0.59141;3.43801;1
  -8.03626; 3.30109;      -0.59132;3.43802;1
  -8.06295; 3.30377;      -0.59122;3.43803;1
  -8.08964; 3.30644;      -0.59112;3.43804;1
  -8.11632; 3.30912;      -0.59102;3.43804;1
  -8.14300; 3.31180;      -0.59094;3.43805;1
  -8.16966; 3.31447;      -0.59086;3.43806;1
  -8.19633; 3.31715;      -0.59081;3.43807;1
  -8.22303; 3.31982;      -0.59074;3.43807;1
  -8.24970; 3.32250;      -0.59062;3.43808;1
  -8.27637; 3.32517;      -0.59051;3.43809;1
  -8.30306; 3.32785;      -0.59045;3.43810;1
  -8.32974; 3.33052;      -0.59040;3.43810;1
  -8.35640; 3.33320;      -0.59031;3.43811;1
  -8.38307; 3.33587;      -0.59021;3.43812;1
  -8.40975; 3.33855;      -0.59012;3.43812;1
  -8.43642; 3.34122;      -0.59003;3.43813;1
  -8.46309; 3.34390;      -0.58994;3.43814;1
  -8.48979; 3.34657;      -0.58983;3.43815;1
  -8.51650; 3.34925;      -0.58972;3.43815;1
  -8.54321; 3.35192;      -0.58958;3.43816;1
  -8.56991; 3.35460;      -0.58946;3.43817;1
  -8.59660; 3.35727;      -0.58938;3.43817;1
  -8.62329; 3.35995;      -0.58927;3.43818;1
  -8.64998; 3.36262;      -0.58920;3.43819;1
  -8.67664; 3.36530;      -0.58911;3.43820;1
  -8.70333; 3.36797;      -0.58901;3.43820;1
  -8.73004; 3.37065;      -0.58894;3.43821;1
  -8.75672; 3.37332;      -0.58887;3.43822;1
  -8.78342; 3.37600;      -0.58878;3.43823;1
  -8.81012; 3.37867;      -0.58870;3.43823;1
  -8.83682; 3.38135;      -0.58864;3.43824;1
  -8.86353; 3.38402;      -0.58858;3.43825;1
  -8.89024; 3.38670;      -0.58850;3.43825;1
  -8.91696; 3.38937;      -0.58840;3.43826;1
  -8.94368; 3.39205;      -0.58830;3.43827;1
  -8.97040; 3.39472;      -0.58821;3.43828;1
  -8.99711; 3.39740;      -0.58814;3.43828;1
  -9.02382; 3.40007;      -0.58806;3.43829;1
  -9.05053; 3.40275;      -0.58796;3.43830;1
  -9.07721; 3.40542;      -0.58792;3.43830;1
  -9.10391; 3.40810;      -0.58788;3.43831;1
  -9.13064; 3.41077;      -0.58781;3.43832;1
  -9.15734; 3.41345;      -0.58772;3.43833;1
  -9.18406; 3.41612;      -0.58759;3.43833;1
  -9.21078; 3.41880;      -0.58743;3.43834;1
  -9.23750; 3.42148;      -0.58729;3.43835;1
  -9.26422; 3.42415;      -0.58722;3.43836;1
  -9.29095; 3.42683;      -0.58719;3.43836;1
  -9.31769; 3.42950;      -0.58715;3.43837;1
  -9.34442; 3.43218;      -0.58710;3.43838;1
  -9.37113; 3.43485;      -0.58705;3.43838;1
  -9.39784; 3.43753;      -0.58700;3.43839;1
  -9.42455; 3.44020;      -0.58694;3.43840;1
  -9.45125; 3.44288;      -0.58688;3.43841;1
  -9.47797; 3.44555;      -0.58680;3.43841;1
  -9.50470; 3.44823;      -0.58672;3.43842;1
  -9.53144; 3.45090;      -0.58666;3.43843;1
  -9.55818; 3.45358;      -0.58661;3.43843;1
  -9.58492; 3.45625;      -0.58657;3.43844;1
  -9.61163; 3.45893;      -0.58652;3.43845;1
  -9.63834; 3.46160;      -0.58647;3.43845;1
  -9.66507; 3.46428;      -0.58643;3.43846;1
  -9.69180; 3.46695;      -0.58638;3.43847;1
  -9.71852; 3.46963;      -0.58632;3.43848;1
  -9.74523; 3.47230;      -0.58626;3.43848;1
  -9.77194; 3.47498;      -0.58621;3.43849;1
  -9.79864; 3.47765;      -0.58616;3.43850;1
  -9.82536; 3.48033;      -0.58611;3.43850;1
  -9.85210; 3.48300;      -0.58602;3.43851;1
  -9.87884; 3.48568;      -0.58599;3.43852;1
  -9.90556; 3.48835;      -0.58595;3.43853;1
  -9.93229; 3.49103;      -0.58590;3.43853;1
  -9.95902; 3.49370;      -0.58587;3.43854;1
  -9.98576; 3.49638;      -0.58583;3.43855;1
 -10.01248; 3.49905;      -0.58579;3.43855;1
 -10.03919; 3.50173;      -0.58574;3.43856;1
 -10.06594; 3.50440;      -0.58569;3.43857;1
 -10.09271; 3.50708;      -0.58565;3.43857;1
 -10.11946; 3.50975;      -0.58559;3.43858;1
 -10.14623; 3.51243;      -0.58553;3.43859;1
 -10.17299; 3.51510;      -0.58549;3.43860;1
 -10.19973; 3.51778;      -0.58546;3.43860;1
 -10.22648; 3.52045;      -0.58545;3.43861;1
 -10.25321; 3.52313;      -0.58543;3.43862;1
 -10.27996; 3.52580;      -0.58540;3.43862;1
 -10.30673; 3.52848;      -0.58539;3.43863;1
 -10.33349; 3.53115;      -0.58538;3.43864;1
 -10.36025; 3.53383;      -0.58537;3.43864;1
 -10.38701; 3.53651;      -0.58535;3.43865;1
 -10.41374; 3.53918;      -0.58532;3.43866;1
 -10.44048; 3.54186;      -0.58529;3.43867;1
 -10.46723; 3.54453;      -0.58527;3.43867;1
 -10.49396; 3.54721;      -0.58524;3.43868;1
 -10.52069; 3.54988;      -0.58519;3.43869;1
 -10.54745; 3.55256;      -0.58513;3.43869;1
 -10.57421; 3.55523;      -0.58508;3.43870;1
 -10.60093; 3.55791;      -0.58501;3.43871;1
 -10.62764; 3.56058;      -0.58491;3.43871;1
 -10.65436; 3.56326;      -0.58483;3.43872;1
 -10.68111; 3.56593;      -0.58475;3.43873;1
 -10.70786; 3.56861;      -0.58471;3.43874;1
 -10.73459; 3.57128;      -0.58469;3.43874;1
 -10.76131; 3.57396;      -0.58467;3.43875;1
 -10.78805; 3.57663;      -0.58466;3.43876;1
 -10.81476; 3.57931;      -0.58465;3.43876;1
 -10.84151; 3.58198;      -0.58459;3.43877;1
 -10.86824; 3.58466;      -0.58449;3.43878;1
 -10.89494; 3.58733;      -0.58440;3.43878;1
 -10.92165; 3.59001;      -0.58436;3.43879;1
 -10.94834; 3.59268;      -0.58431;3.43880;1
 -10.97505; 3.59536;      -0.58428;3.43880;1
 -11.00178; 3.59803;      -0.58422;3.43881;1
 -11.02853; 3.60071;      -0.58417;3.43882;1
 -11.05530; 3.60338;      -0.58413;3.43883;1
 -11.08203; 3.60606;      -0.58408;3.43883;1
 -11.10877; 3.60873;      -0.58403;3.43884;1
 -11.13553; 3.61141;      -0.58400;3.43885;1
 -11.16227; 3.61408;      -0.58396;3.43885;1
 -11.18900; 3.61676;      -0.58391;3.43886;1
 -11.21576; 3.61943;      -0.58385;3.43887;1
 -11.24252; 3.62211;      -0.58380;3.43887;1
 -11.26928; 3.62478;      -0.58376;3.43888;1
 -11.29602; 3.62746;      -0.58372;3.43889;1
 -11.32277; 3.63013;      -0.58367;3.43889;1
 -11.34951; 3.63281;      -0.58363;3.43890;1
 -11.37627; 3.63548;      -0.58357;3.43891;1
 -11.40304; 3.63816;      -0.58348;3.43891;1
 -11.42981; 3.64083;      -0.58341;3.43892;1
 -11.45660; 3.64351;      -0.58335;3.43893;1
 -11.48342; 3.64618;      -0.58329;3.43893;1
 -11.51021; 3.64886;      -0.58320;3.43894;1
 -11.53700; 3.65154;      -0.58312;3.43895;1
 -11.56380; 3.65421;      -0.58306;3.43896;1
 -11.59058; 3.65689;      -0.58300;3.43896;1
 -11.61737; 3.65956;      -0.58294;3.43897;1
 -11.64418; 3.66224;      -0.58286;3.43898;1
 -11.67097; 3.66491;      -0.58280;3.43898;1
 -11.69774; 3.66759;      -0.58275;3.43899;1
 -11.72453; 3.67026;      -0.58269;3.43900;1
 -11.75136; 3.67294;      -0.58264;3.43900;1
 -11.77821; 3.67561;      -0.58261;3.43901;1
 -11.80504; 3.67829;      -0.58261;3.43902;1
 -11.83185; 3.68096;      -0.58260;3.43902;1
 -11.85870; 3.68364;      -0.58256;3.43903;1
 -11.88557; 3.68631;      -0.58253;3.43904;1
 -11.91241; 3.68899;      -0.58248;3.43904;1
 -11.93926; 3.69166;      -0.58244;3.43905;1
 -11.96612; 3.69434;      -0.58242;3.43906;1
 -11.99298; 3.69701;      -0.58242;3.43906;1
 -12.01984; 3.69969;      -0.58241;3.43907;1
 -12.04669; 3.70236;      -0.58239;3.43908;1
 -12.07356; 3.70504;      -0.58238;3.43908;1
 -12.10044; 3.70771;      -0.58235;3.43909;1
 -12.12729; 3.71039;      -0.58229;3.43910;1
 -12.15415; 3.71306;      -0.58227;3.43910;1
 -12.18101; 3.71574;      -0.58228;3.43911;1
 -12.20791; 3.71841;      -0.58229;3.43912;1
 -12.23484; 3.72109;      -0.58231;3.43912;1
 -12.26175; 3.72376;      -0.58232;3.43913;1
 -12.28867; 3.72644;      -0.58233;3.43914;1
 -12.31559; 3.72911;      -0.58233;3.43914;1
 -12.34251; 3.73179;      -0.58234;3.43915;1
 -12.36946; 3.73446;      -0.58233;3.43916;1
 -12.39641; 3.73714;      -0.58234;3.43916;1
 -12.42334; 3.73981;      -0.58236;3.43917;1
 -12.45029; 3.74249;      -0.58238;3.43918;1
 -12.47725; 3.74516;      -0.58239;3.43918;1
 -12.50421; 3.74784;      -0.58236;3.43919;1
 -12.53119; 3.75051;      -0.58232;3.43920;1
 -12.55820; 3.75319;      -0.58232;3.43921;1
 -12.58519; 3.75586;      -0.58231;3.43921;1
 -12.61217; 3.75854;      -0.58238;3.43922;1
 -12.63917; 3.76121;      -0.58244;3.43923;1
 -12.66620; 3.76389;      -0.58243;3.43923;1
 -12.69322; 3.76657;      -0.58245;3.43924;1
 -12.72022; 3.76924;      -0.58255;3.43925;1
 -12.74721; 3.77192;      -0.58262;3.43925;1
 -12.77422; 3.77459;      -0.58265;3.43926;1
 -12.80123; 3.77727;      -0.58267;3.43927;1
 -12.82825; 3.77994;      -0.58267;3.43927;1
 -12.85528; 3.78262;      -0.58268;3.43928;1
 -12.88231; 3.78529;      -0.58269;3.43929;1
 -12.90935; 3.78797;      -0.58270;3.43929;1
 -12.93640; 3.79064;      -0.58269;3.43930;1
 -12.96342; 3.79332;      -0.58268;3.43931;1
 -12.99044; 3.79599;      -0.58268;3.43931;1
 -13.01748; 3.79867;      -0.58268;3.43932;1
 -13.04450; 3.80134;      -0.58268;3.43933;1
 -13.07148; 3.80402;      -0.58268;3.43933;1
 -13.09847; 3.80669;      -0.58270;3.43934;1
 -13.12544; 3.80937;      -0.58272;3.43934;1
 -13.15241; 3.81204;      -0.58273;3.43935;1
 -13.17937; 3.81472;      -0.58274;3.43936;1
 -13.20633; 3.81739;      -0.58275;3.43937;1
 -13.23332; 3.82007;      -0.58276;3.43937;1
 -13.26029; 3.82274;      -0.58280;3.43938;1
 -13.28727; 3.82542;      -0.58284;3.43938;1
 -13.31426; 3.82809;      -0.58287;3.43939;1
 -13.34123; 3.83077;      -0.58292;3.43940;1
 -13.36819; 3.83344;      -0.58297;3.43940;1
 -13.39516; 3.83612;      -0.58299;3.43941;1
 -13.42212; 3.83879;      -0.58303;3.43942;1
 -13.44907; 3.84147;      -0.58303;3.43942;1
 -13.47604; 3.84414;      -0.58302;3.43943;1
 -13.50299; 3.84682;      -0.58302;3.43944;1
 -13.52992; 3.84949;      -0.58304;3.43944;1
 -13.55687; 3.85217;      -0.58309;3.43945;1
 -13.58383; 3.85484;      -0.58315;3.43946;1
 -13.61076; 3.85752;      -0.58317;3.43946;1
 -13.63769; 3.86019;      -0.58316;3.43947;1
 -13.66464; 3.86287;      -0.58317;3.43948;1
 -13.69155; 3.86554;      -0.58317;3.43948;1
 -13.71846; 3.86822;      -0.58318;3.43949;1
 -13.74538; 3.87089;      -0.58319;3.43950;1
 -13.77228; 3.87357;      -0.58318;3.43950;1
 -13.79919; 3.87624;      -0.58317;3.43951;1
 -13.82605; 3.87892;      -0.58317;3.43952;1
 -13.85294; 3.88160;      -0.58317;3.43952;1
 -13.87984; 3.88427;      -0.58318;3.43953;1
 -13.90670; 3.88695;      -0.58319;3.43953;1
 -13.93352; 3.88962;      -0.58320;3.43954;1
 -13.96040; 3.89230;      -0.58321;3.43955;1
 -13.98728; 3.89497;      -0.58321;3.43955;1
 -14.01412; 3.89765;      -0.58321;3.43956;1
 -14.04098; 3.90032;      -0.58322;3.43957;1
 -14.06781; 3.90300;      -0.58322;3.43957;1
 -14.09465; 3.90567;      -0.58322;3.43958;1
 -14.12150; 3.90835;      -0.58320;3.43959;1
 -14.14835; 3.91102;      -0.58315;3.43959;1
 -14.17519; 3.91370;      -0.58311;3.43960;1
 -14.20203; 3.91637;      -0.58308;3.43961;1
 -14.22884; 3.91905;      -0.58307;3.43961;1
 -14.25565; 3.92172;      -0.58305;3.43962;1
 -14.28246; 3.92440;      -0.58302;3.43962;1
 -14.30926; 3.92707;      -0.58299;3.43963;1
 -14.33604; 3.92975;      -0.58293;3.43964;1
 -14.36284; 3.93242;      -0.58284;3.43964;1
 -14.38963; 3.93510;      -0.58274;3.43965;1
 -14.41639; 3.93777;      -0.58265;3.43966;1
 -14.44315; 3.94045;      -0.58257;3.43966;1
 -14.46993; 3.94312;      -0.58248;3.43967;1
 -14.49669; 3.94580;      -0.58245;3.43968;1
 -14.52343; 3.94847;      -0.58244;3.43968;1
 -14.55018; 3.95115;      -0.58241;3.43969;1
 -14.57695; 3.95382;      -0.58234;3.43969;1
 -14.60367; 3.95650;      -0.58221;3.43970;1
 -14.63037; 3.95917;      -0.58215;3.43971;1
 -14.65710; 3.96185;      -0.58214;3.43971;1
 -14.68383; 3.96452;      -0.58211;3.43972;1
 -14.71054; 3.96720;      -0.58205;3.43973;1
 -14.73725; 3.96987;      -0.58198;3.43973;1
 -14.76397; 3.97255;      -0.58189;3.43974;1
 -14.79070; 3.97522;      -0.58181;3.43974;1
 -14.81743; 3.97790;      -0.58171;3.43975;1
 -14.84415; 3.98057;      -0.58158;3.43976;1
 -14.87085; 3.98325;      -0.58147;3.43976;1
 -14.89759; 3.98592;      -0.58136;3.43977;1
 -14.92429; 3.98860;      -0.58126;3.43978;1
 -14.95098; 3.99128;      -0.58118;3.43978;1
 -14.97768; 3.99395;      -0.58113;3.43979;1
 -15.00437; 3.99663;      -0.58106;3.43979;1
 -15.03108; 3.99930;      -0.58098;3.43980;1
 -15.05776; 4.00198;      -0.58093;3.43981;1
 -15.08444; 4.00465;      -0.58088;3.43981;1
 -15.11116; 4.00733;      -0.58079;3.43982;1
 -15.13788; 4.01000;      -0.58074;3.43983;1
 -15.16461; 4.01268;      -0.58065;3.43983;1
 -15.19134; 4.01535;      -0.58055;3.43984;1
 -15.21808; 4.01803;      -0.58047;3.43984;1
 -15.24481; 4.02070;      -0.58039;3.43985;1
 -15.27155; 4.02338;      -0.58030;3.43986;1
 -15.29827; 4.02605;      -0.58024;3.43986;1
 -15.32498; 4.02873;      -0.58020;3.43987;1
 -15.35167; 4.03140;      -0.58014;3.43988;1
 -15.37838; 4.03408;      -0.58008;3.43988;1
 -15.40512; 4.03675;      -0.58000;3.43989;1
 -15.43184; 4.03943;      -0.57991;3.43989;1
 -15.45855; 4.04210;      -0.57984;3.43990;1
 -15.48528; 4.04478;      -0.57975;3.43991;1
 -15.51199; 4.04745;      -0.57964;3.43991;1
 -15.53868; 4.05013;      -0.57959;3.43992;1
 -15.56545; 4.05280;      -0.57958;3.43993;1
 -15.59218; 4.05548;      -0.57957;3.43993;1
 -15.61888; 4.05815;      -0.57955;3.43994;1
 -15.64560; 4.06083;      -0.57951;3.43994;1
 -15.67234; 4.06350;      -0.57947;3.43995;1
 -15.69905; 4.06618;      -0.57943;3.43996;1
 -15.72580; 4.06885;      -0.57940;3.43996;1
 -15.75258; 4.07153;      -0.57936;3.43997;1
 -15.77935; 4.07420;      -0.57930;3.43997;1
 -15.80610; 4.07688;      -0.57924;3.43998;1
 -15.83285; 4.07955;      -0.57917;3.43999;1
 -15.85961; 4.08223;      -0.57909;3.43999;1
 -15.88637; 4.08490;      -0.57901;3.44000;1
 -15.91313; 4.08758;      -0.57895;3.44001;1
 -15.93991; 4.09025;      -0.57890;3.44001;1
 -15.96671; 4.09293;      -0.57887;3.44002;1
 -15.99349; 4.09560;      -0.57888;3.44002;1
 -16.02026; 4.09828;      -0.57890;3.44003;1
 -16.04705; 4.10095;      -0.57890;3.44004;1
 -16.07384; 4.10363;      -0.57889;3.44004;1
 -16.10064; 4.10631;      -0.57888;3.44005;1
 -16.12747; 4.10898;      -0.57887;3.44005;1
 -16.15426; 4.11166;      -0.57884;3.44006;1
 -16.18103; 4.11433;      -0.57881;3.44007;1
 -16.20782; 4.11701;      -0.57878;3.44007;1
 -16.23461; 4.11968;      -0.57875;3.44008;1
 -16.26139; 4.12236;      -0.57872;3.44008;1
 -16.28817; 4.12503;      -0.57868;3.44009;1
 -16.31494; 4.12771;      -0.57867;3.44010;1
 -16.34172; 4.13038;      -0.57867;3.44010;1
 -16.36852; 4.13306;      -0.57865;3.44011;1
 -16.39529; 4.13573;      -0.57865;3.44011;1
 -16.42208; 4.13841;      -0.57863;3.44012;1
 -16.44886; 4.14108;      -0.57860;3.44013;1
 -16.47561; 4.14376;      -0.57857;3.44013;1
 -16.50237; 4.14643;      -0.57852;3.44014;1
 -16.52915; 4.14911;      -0.57845;3.44015;1
 -16.55596; 4.15178;      -0.57843;3.44015;1
 -16.58276; 4.15446;      -0.57843;3.44016;1
 -16.60953; 4.15713;      -0.57844;3.44016;1
 -16.63632; 4.15981;      -0.57846;3.44017;1
 -16.66312; 4.16248;      -0.57840;3.44018;1
 -16.68991; 4.16516;      -0.57835;3.44018;1
 -16.71670; 4.16783;      -0.57832;3.44019;1
 -16.74350; 4.17051;      -0.57830;3.44019;1
 -16.77031; 4.17318;      -0.57827;3.44020;1
 -16.79713; 4.17586;      -0.57828;3.44021;1
 -16.82392; 4.17853;      -0.57830;3.44021;1
 -16.85070; 4.18121;      -0.57832;3.44022;1
 -16.87748; 4.18388;      -0.57833;3.44022;1
 -16.90429; 4.18656;      -0.57835;3.44023;1
 -16.93107; 4.18923;      -0.57834;3.44024;1
 -16.95786; 4.19191;      -0.57825;3.44024;1
 -16.98465; 4.19458;      -0.57819;3.44025;1
 -17.01144; 4.19726;      -0.57818;3.44025;1
 -17.03826; 4.19993;      -0.57813;3.44026;1
 -17.06507; 4.20261;      -0.57808;3.44026;1
 -17.09188; 4.20528;      -0.57803;3.44027;1
 -17.11867; 4.20796;      -0.57798;3.44028;1
 -17.14545; 4.21063;      -0.57795;3.44028;1
 -17.17224; 4.21331;      -0.57793;3.44029;1
 -17.19900; 4.21598;      -0.57793;3.44029;1
 -17.22578; 4.21866;      -0.57790;3.44030;1
 -17.25260; 4.22134;      -0.57787;3.44031;1
 -17.27940; 4.22401;      -0.57786;3.44031;1
 -17.30619; 4.22669;      -0.57783;3.44032;1
 -17.33297; 4.22936;      -0.57780;3.44032;1
 -17.35976; 4.23204;      -0.57776;3.44033;1
 -17.38656; 4.23471;      -0.57773;3.44034;1
 -17.41337; 4.23739;      -0.57769;3.44034;1
 -17.44015; 4.24006;      -0.57760;3.44035;1
 -17.46692; 4.24274;      -0.57752;3.44035;1
 -17.49372; 4.24541;      -0.57745;3.44036;1
 -17.52051; 4.24809;      -0.57739;3.44037;1
 -17.54730; 4.25076;      -0.57734;3.44037;1
 -17.57410; 4.25344;      -0.57726;3.44038;1
 -17.60086; 4.25611;      -0.57717;3.44038;1
 -17.62761; 4.25879;      -0.57709;3.44039;1
 -17.65439; 4.26146;      -0.57702;3.44039;1
 -17.68115; 4.26414;      -0.57696;3.44040;1
 -17.70791; 4.26681;      -0.57690;3.44041;1
 -17.73470; 4.26949;      -0.57684;3.44041;1
 -17.76146; 4.27216;      -0.57678;3.44042;1
 -17.78819; 4.27484;      -0.57672;3.44042;1
 -17.81493; 4.27751;      -0.57667;3.44043;1
 -17.84168; 4.28019;      -0.57659;3.44044;1
 -17.86843; 4.28286;      -0.57650;3.44044;1
 -17.89517; 4.28554;      -0.57643;3.44045;1
 -17.92191; 4.28821;      -0.57634;3.44045;1
 -17.94865; 4.29089;      -0.57621;3.44046;1
 -17.97538; 4.29356;      -0.57609;3.44046;1
 -18.00211; 4.29624;      -0.57600;3.44047;1
 -18.02884; 4.29891;      -0.57593;3.44048;1
 -18.05555; 4.30159;      -0.57585;3.44048;1
 -18.08226; 4.30426;      -0.57577;3.44049;1
 -18.10898; 4.30694;      -0.57568;3.44049;1
 -18.13569; 4.30961;      -0.57558;3.44050;1
 -18.16238; 4.31229;      -0.57546;3.44050;1
 -18.18910; 4.31496;      -0.57532;3.44051;1
 -18.21583; 4.31764;      -0.57520;3.44052;1
 -18.24255; 4.32031;      -0.57511;3.44052;1
 -18.26930; 4.32299;      -0.57501;3.44053;1
 -18.29605; 4.32566;      -0.57496;3.44053;1
 -18.32280; 4.32834;      -0.57492;3.44054;1
 -18.34954; 4.33101;      -0.57488;3.44054;1
 -18.37627; 4.33369;      -0.57481;3.44055;1
 -18.40302; 4.33637;      -0.57468;3.44056;1
 -18.42975; 4.33904;      -0.57459;3.44056;1
 -18.45649; 4.34172;      -0.57455;3.44057;1
 -18.48321; 4.34439;      -0.57456;3.44057;1
 -18.50994; 4.34707;      -0.57458;3.44058;1
 -18.53672; 4.34974;      -0.57449;3.44058;1
 -18.56346; 4.35242;      -0.57422;3.44059;1
 -18.59018; 4.35509;      -0.57398;3.44060;1
 -18.61690; 4.35777;      -0.57384;3.44060;1
 -18.64362; 4.36044;      -0.57373;3.44061;1
 -18.67036; 4.36312;      -0.57363;3.44061;1
 -18.69708; 4.36579;      -0.57353;3.44062;1
 -18.72381; 4.36847;      -0.57344;3.44062;1
 -18.75053; 4.37114;      -0.57336;3.44063;1
 -18.77724; 4.37382;      -0.57328;3.44064;1
 -18.80394; 4.37649;      -0.57320;3.44064;1
 -18.83065; 4.37917;      -0.57308;3.44065;1
 -18.85736; 4.38184;      -0.57296;3.44065;1
 -18.88410; 4.38452;      -0.57287;3.44066;1
 -18.91084; 4.38719;      -0.57277;3.44066;1
 -18.93756; 4.38987;      -0.57266;3.44067;1
 -18.96430; 4.39254;      -0.57259;3.44068;1
 -18.99100; 4.39522;      -0.57253;3.44068;1
 -19.01771; 4.39789;      -0.57246;3.44069;1
 -19.04445; 4.40057;      -0.57236;3.44069;1
 -19.07116; 4.40324;      -0.57228;3.44070;1
 -19.09788; 4.40592;      -0.57221;3.44070;1
 -19.12462; 4.40859;      -0.57214;3.44071;1
 -19.15134; 4.41127;      -0.57208;3.44071;1
 -19.17804; 4.41394;      -0.57203;3.44072;1
 -19.20475; 4.41662;      -0.57198;3.44073;1
 -19.23150; 4.41929;      -0.57193;3.44073;1
 -19.25821; 4.42197;      -0.57188;3.44074;1
 -19.28490; 4.42464;      -0.57183;3.44074;1
 -19.31160; 4.42732;      -0.57179;3.44075;1
 -19.33830; 4.42999;      -0.57177;3.44075;1
 -19.36500; 4.43267;      -0.57171;3.44076;1
 -19.39171; 4.43534;      -0.57166;3.44076;1
 -19.41843; 4.43802;      -0.57164;3.44077;1
 -19.44515; 4.44069;      -0.57162;3.44078;1
 -19.47189; 4.44337;      -0.57158;3.44078;1
 -19.49864; 4.44604;      -0.57153;3.44079;1
 -19.52534; 4.44872;      -0.57145;3.44079;1
 -19.55205; 4.45140;      -0.57137;3.44080;1
 -19.57879; 4.45407;      -0.57131;3.44080;1
 -19.60552; 4.45675;      -0.57125;3.44081;1
 -19.63223; 4.45942;      -0.57120;3.44081;1
 -19.65896; 4.46210;      -0.57115;3.44082;1
 -19.68568; 4.46477;      -0.57110;3.44083;1
 -19.71239; 4.46745;      -0.57106;3.44083;1
 -19.73911; 4.47012;      -0.57101;3.44084;1
 -19.76580; 4.47280;      -0.57096;3.44084;1
 -19.79252; 4.47547;      -0.57092;3.44085;1
 -19.81928; 4.47815;      -0.57090;3.44085;1
 -19.84603; 4.48082;      -0.57088;3.44086;1
 -19.87276; 4.48350;      -0.57087;3.44086;1
 -19.89950; 4.48617;      -0.57086;3.44087;1
 -19.92622; 4.48885;      -0.57085;3.44088;1
 -19.95294; 4.49152;      -0.57084;3.44088;1
 -19.97966; 4.49420;      -0.57082;3.44089;1
 -20.00636; 4.49687;      -0.57076;3.44089;1
 -20.03309; 4.49955;      -0.57071;3.44090;1
 -20.05979; 4.50222;      -0.57067;3.44090;1
 -20.08652; 4.50490;      -0.57059;3.44091;1
 -20.11324; 4.50757;      -0.57050;3.44091;1
 -20.13995; 4.51025;      -0.57045;3.44092;1
 -20.16667; 4.51292;      -0.57041;3.44092;1
 -20.19339; 4.51560;      -0.57039;3.44093;1
 -20.22010; 4.51827;      -0.57035;3.44094;1
 -20.24681; 4.52095;      -0.57032;3.44094;1
 -20.27352; 4.52362;      -0.57028;3.44095;1
 -20.30023; 4.52630;      -0.57021;3.44095;1
 -20.32691; 4.52897;      -0.57014;3.44096;1
 -20.35359; 4.53165;      -0.57011;3.44096;1
 -20.38028; 4.53432;      -0.57011;3.44097;1
 -20.40699; 4.53700;      -0.57008;3.44097;1
 -20.43368; 4.53967;      -0.57004;3.44098;1
 -20.46041; 4.54235;      -0.57001;3.44098;1
 -20.48712; 4.54502;      -0.56998;3.44099;1
 -20.51383; 4.54770;      -0.56994;3.44099;1
 -20.54058; 4.55037;      -0.56990;3.44100;1
 -20.56728; 4.55305;      -0.56987;3.44101;1
 -20.59399; 4.55572;      -0.56983;3.44101;1
 -20.62071; 4.55840;      -0.56976;3.44102;1
 -20.64742; 4.56107;      -0.56968;3.44102;1
 -20.67413; 4.56375;      -0.56961;3.44103;1
 -20.70083; 4.56643;      -0.56956;3.44103;1
 -20.72757; 4.56910;      -0.56952;3.44104;1
 -20.75429; 4.57178;      -0.56948;3.44104;1
 -20.78099; 4.57445;      -0.56942;3.44105;1
 -20.80770; 4.57713;      -0.56934;3.44105;1
 -20.83442; 4.57980;      -0.56928;3.44106;1
 -20.86113; 4.58248;      -0.56925;3.44106;1
 -20.88784; 4.58515;      -0.56922;3.44107;1
 -20.91456; 4.58783;      -0.56917;3.44107;1
 -20.94127; 4.59050;      -0.56912;3.44108;1
 -20.96800; 4.59318;      -0.56907;3.44109;1
 -20.99475; 4.59585;      -0.56901;3.44109;1
 -21.02150; 4.59853;      -0.56897;3.44110;1
 -21.04824; 4.60120;      -0.56893;3.44110;1
 -21.07500; 4.60388;      -0.56887;3.44111;1
 -21.10179; 4.60655;      -0.56882;3.44111;1
 -21.12855; 4.60923;      -0.56877;3.44112;1
 -21.15530; 4.61190;      -0.56872;3.44112;1
 -21.18205; 4.61458;      -0.56868;3.44113;1
 -21.20883; 4.61725;      -0.56864;3.44113;1
 -21.23560; 4.61993;      -0.56859;3.44114;1
 -21.26237; 4.62260;      -0.56861;3.44114;1
 -21.28916; 4.62528;      -0.56864;3.44115;1
 -21.31595; 4.62795;      -0.56862;3.44115;1
 -21.34273; 4.63063;      -0.56859;3.44116;1
 -21.36952; 4.63330;      -0.56858;3.44117;1
 -21.39632; 4.63598;      -0.56855;3.44117;1
 -21.42311; 4.63865;      -0.56854;3.44118;1
 -21.44992; 4.64133;      -0.56851;3.44118;1
 -21.47673; 4.64400;      -0.56848;3.44119;1
 -21.50350; 4.64668;      -0.56848;3.44119;1
 -21.53026; 4.64935;      -0.56844;3.44120;1
 -21.55709; 4.65203;      -0.56840;3.44120;1
 -21.58388; 4.65470;      -0.56837;3.44121;1
 -21.61064; 4.65738;      -0.56835;3.44121;1
 -21.63745; 4.66005;      -0.56833;3.44122;1
 -21.66427; 4.66273;      -0.56830;3.44122;1
 -21.69108; 4.66540;      -0.56829;3.44123;1
 -21.71789; 4.66808;      -0.56827;3.44123;1
 -21.74474; 4.67075;      -0.56824;3.44124;1
 -21.77158; 4.67343;      -0.56821;3.44124;1
 -21.79843; 4.67611;      -0.56818;3.44125;1
 -21.82526; 4.67878;      -0.56824;3.44125;1
 -21.85208; 4.68146;      -0.56829;3.44126;1
 -21.87892; 4.68413;      -0.56832;3.44126;1
 -21.90581; 4.68681;      -0.56836;3.44127;1
 -21.93268; 4.68948;      -0.56839;3.44127;1
 -21.95956; 4.69216;      -0.56841;3.44128;1
 -21.98645; 4.69483;      -0.56842;3.44129;1
 -22.01334; 4.69751;      -0.56843;3.44129;1
 -22.04023; 4.70018;      -0.56845;3.44130;1
 -22.06711; 4.70286;      -0.56844;3.44130;1
 -22.09401; 4.70553;      -0.56841;3.44131;1
 -22.12090; 4.70821;      -0.56838;3.44131;1
 -22.14781; 4.71088;      -0.56843;3.44132;1
 -22.17474; 4.71356;      -0.56857;3.44132;1
 -22.20166; 4.71623;      -0.56863;3.44133;1
 -22.22857; 4.71891;      -0.56863;3.44133;1
 -22.25549; 4.72158;      -0.56861;3.44134;1
 -22.28241; 4.72426;      -0.56861;3.44134;1
 -22.30933; 4.72693;      -0.56863;3.44135;1
 -22.33620; 4.72961;      -0.56867;3.44135;1
 -22.36311; 4.73228;      -0.56873;3.44136;1
 -22.39005; 4.73496;      -0.56877;3.44136;1
 -22.41699; 4.73763;      -0.56879;3.44137;1
 -22.44394; 4.74031;      -0.56880;3.44137;1
 -22.47087; 4.74298;      -0.56882;3.44138;1
 -22.49775; 4.74566;      -0.56886;3.44138;1
 -22.52467; 4.74833;      -0.56891;3.44139;1
 -22.55161; 4.75101;      -0.56894;3.44139;1
 -22.57850; 4.75368;      -0.56894;3.44140;1
 -22.60539; 4.75636;      -0.56896;3.44140;1
 -22.63230; 4.75903;      -0.56900;3.44141;1
 -22.65921; 4.76171;      -0.56904;3.44141;1
 -22.68613; 4.76438;      -0.56905;3.44142;1
 -22.71305; 4.76706;      -0.56905;3.44142;1
 -22.73996; 4.76973;      -0.56908;3.44143;1
 -22.76688; 4.77241;      -0.56910;3.44143;1
 -22.79379; 4.77508;      -0.56909;3.44144;1
 -22.82070; 4.77776;      -0.56907;3.44144;1
 -22.84762; 4.78043;      -0.56904;3.44145;1
 -22.87451; 4.78311;      -0.56897;3.44145;1
 -22.90140; 4.78578;      -0.56892;3.44146;1
 -22.92828; 4.78846;      -0.56886;3.44146;1
 -22.95517; 4.79114;      -0.56877;3.44147;1
 -22.98207; 4.79381;      -0.56870;3.44147;1
 -23.00895; 4.79649;      -0.56869;3.44148;1
 -23.03577; 4.79916;      -0.56869;3.44148;1
 -23.06264; 4.80184;      -0.56866;3.44149;1
 -23.08951; 4.80451;      -0.56866;3.44149;1
 -23.11635; 4.80719;      -0.56866;3.44150;1
 -23.14316; 4.80986;      -0.56864;3.44150;1
 -23.16999; 4.81254;      -0.56863;3.44151;1
 -23.19682; 4.81521;      -0.56863;3.44151;1
 -23.22367; 4.81789;      -0.56864;3.44152;1
 -23.25052; 4.82056;      -0.56863;3.44152;1
 -23.27737; 4.82324;      -0.56860;3.44153;1
 -23.30420; 4.82591;      -0.56857;3.44153;1
 -23.33103; 4.82859;      -0.56854;3.44154;1
 -23.35787; 4.83126;      -0.56849;3.44154;1
 -23.38471; 4.83394;      -0.56843;3.44155;1
 -23.41153; 4.83661;      -0.56838;3.44155;1
 -23.43834; 4.83929;      -0.56836;3.44156;1
 -23.46513; 4.84196;      -0.56836;3.44156;1
 -23.49190; 4.84464;      -0.56836;3.44157;1
 -23.51868; 4.84731;      -0.56834;3.44157;1
 -23.54547; 4.84999;      -0.56832;3.44158;1
 -23.57227; 4.85266;      -0.56829;3.44158;1
 -23.59905; 4.85534;      -0.56825;3.44159;1
 -23.62585; 4.85801;      -0.56824;3.44159;1
 -23.65264; 4.86069;      -0.56822;3.44160;1
 -23.67941; 4.86336;      -0.56815;3.44160;1
 -23.70617; 4.86604;      -0.56807;3.44161;1
 -23.73293; 4.86871;      -0.56799;3.44161;1
 -23.75970; 4.87139;      -0.56792;3.44162;1
 -23.78645; 4.87406;      -0.56787;3.44162;1
 -23.81318; 4.87674;      -0.56781;3.44163;1
 -23.83994; 4.87941;      -0.56777;3.44163;1
 -23.86668; 4.88209;      -0.56772;3.44164;1
 -23.89340; 4.88476;      -0.56765;3.44164;1
 -23.92010; 4.88744;      -0.56758;3.44165;1
 -23.94676; 4.89011;      -0.56755;3.44165;1
 -23.97343; 4.89279;      -0.56750;3.44166;1
 -24.00011; 4.89546;      -0.56743;3.44166;1
 -24.02678; 4.89814;      -0.56738;3.44167;1
 -24.05345; 4.90081;      -0.56732;3.44167;1
 -24.08014; 4.90349;      -0.56725;3.44168;1
 -24.10679; 4.90617;      -0.56721;3.44168;1
 -24.13343; 4.90884;      -0.56712;3.44169;1
 -24.16008; 4.91152;      -0.56703;3.44169;1
 -24.18671; 4.91419;      -0.56696;3.44169;1
 -24.21334; 4.91687;      -0.56687;3.44170;1
 -24.23998; 4.91954;      -0.56676;3.44170;1
 -24.26663; 4.92222;      -0.56668;3.44171;1
 -24.29325; 4.92489;      -0.56662;3.44171;1
 -24.31987; 4.92757;      -0.56652;3.44172;1
 -24.34650; 4.93024;      -0.56639;3.44172;1
 -24.37313; 4.93292;      -0.56627;3.44173;1
 -24.39976; 4.93559;      -0.56621;3.44173;1
 -24.42636; 4.93827;      -0.56613;3.44174;1
 -24.45295; 4.94094;      -0.56603;3.44174;1
 -24.47954; 4.94362;      -0.56593;3.44175;1
 -24.50611; 4.94629;      -0.56582;3.44175;1
 -24.53274; 4.94897;      -0.56571;3.44176;1
 -24.55933; 4.95164;      -0.56562;3.44176;1
 -24.58591; 4.95432;      -0.56548;3.44177;1
 -24.61250; 4.95699;      -0.56530;3.44177;1
 -24.63907; 4.95967;      -0.56515;3.44178;1
 -24.66566; 4.96234;      -0.56501;3.44178;1
 -24.69222; 4.96502;      -0.56496;3.44178;1
 -24.71878; 4.96769;      -0.56497;3.44179;1
 -24.74538; 4.97037;      -0.56489;3.44179;1
 -24.77195; 4.97304;      -0.56472;3.44180;1
 -24.79852; 4.97572;      -0.56454;3.44180;1
 -24.82509; 4.97839;      -0.56439;3.44181;1
 -24.85166; 4.98107;      -0.56428;3.44181;1
 -24.87824; 4.98374;      -0.56418;3.44182;1
 -24.90483; 4.98642;      -0.56408;3.44182;1
 -24.93141; 4.98909;      -0.56401;3.44183;1
 -24.95799; 4.99177;      -0.56391;3.44183;1
 -24.98458; 4.99444;      -0.56378;3.44184;1
 -25.01116; 4.99712;      -0.56367;3.44184;1
 -25.03772; 4.99979;      -0.56353;3.44185;1
 -25.06435; 5.00247;      -0.56338;3.44185;1
 -25.09097; 5.00514;      -0.56326;3.44186;1
 -25.11756; 5.00782;      -0.56312;3.44186;1
 -25.14417; 5.01049;      -0.56298;3.44186;1
 -25.17078; 5.01317;      -0.56285;3.44187;1
 -25.19743; 5.01584;      -0.56270;3.44187;1
 -25.22409; 5.01852;      -0.56256;3.44188;1
 -25.25074; 5.02120;      -0.56245;3.44188;1
 -25.27736; 5.02387;      -0.56234;3.44189;1
 -25.30399; 5.02655;      -0.56222;3.44189;1
 -25.33062; 5.02922;      -0.56211;3.44190;1
 -25.35724; 5.03190;      -0.56199;3.44190;1
 -25.38385; 5.03457;      -0.56187;3.44191;1
 -25.41047; 5.03725;      -0.56175;3.44191;1
 -25.43708; 5.03992;      -0.56162;3.44192;1
 -25.46371; 5.04260;      -0.56152;3.44192;1
 -25.49035; 5.04527;      -0.56144;3.44192;1
 -25.51699; 5.04795;      -0.56134;3.44193;1
 -25.54366; 5.05062;      -0.56119;3.44193;1
 -25.57034; 5.05330;      -0.56103;3.44194;1
 -25.59698; 5.05597;      -0.56090;3.44194;1
 -25.62363; 5.05865;      -0.56078;3.44195;1
 -25.65029; 5.06132;      -0.56069;3.44195;1
 -25.67696; 5.06400;      -0.56061;3.44196;1
 -25.70361; 5.06667;      -0.56051;3.44196;1
 -25.73027; 5.06935;      -0.56042;3.44197;1
 -25.75692; 5.07202;      -0.56033;3.44197;1
 -25.78358; 5.07470;      -0.56024;3.44197;1
 -25.81025; 5.07737;      -0.56016;3.44198;1
 -25.83692; 5.08005;      -0.56008;3.44198;1
 -25.86353; 5.08272;      -0.56000;3.44199;1
 -25.89019; 5.08540;      -0.55987;3.44199;1
 -25.91688; 5.08807;      -0.55972;3.44200;1
 -25.94357; 5.09075;      -0.55957;3.44200;1
 -25.97028; 5.09342;      -0.55945;3.44201;1
 -25.99697; 5.09610;      -0.55936;3.44201;1
 -26.02368; 5.09877;      -0.55930;3.44202;1
 -26.05040; 5.10145;      -0.55925;3.44202;1
 -26.07710; 5.10412;      -0.55919;3.44202;1
 -26.10381; 5.10680;      -0.55912;3.44203;1
 -26.13053; 5.10947;      -0.55906;3.44203;1
 -26.15726; 5.11215;      -0.55899;3.44204;1
 -26.18399; 5.11482;      -0.55898;3.44204;1
 -26.21071; 5.11750;      -0.55902;3.44205;1
 -26.23741; 5.12017;      -0.55906;3.44205;1
 -26.26410; 5.12285;      -0.55907;3.44206;1
 -26.29077; 5.12552;      -0.55906;3.44206;1
 -26.31748; 5.12820;      -0.55902;3.44206;1
 -26.34422; 5.13087;      -0.55898;3.44207;1
 -26.37094; 5.13355;      -0.55895;3.44207;1
 -26.39767; 5.13623;      -0.55892;3.44208;1
 -26.42439; 5.13890;      -0.55889;3.44208;1
 -26.45113; 5.14158;      -0.55888;3.44209;1
 -26.47786; 5.14425;      -0.55887;3.44209;1
 -26.50457; 5.14693;      -0.55884;3.44210;1
 -26.53131; 5.14960;      -0.55879;3.44210;1
 -26.55803; 5.15228;      -0.55872;3.44210;1
 -26.58476; 5.15495;      -0.55864;3.44211;1
 -26.61151; 5.15763;      -0.55856;3.44211;1
 -26.63824; 5.16030;      -0.55850;3.44212;1
 -26.66502; 5.16298;      -0.55846;3.44212;1
 -26.69177; 5.16565;      -0.55839;3.44213;1
 -26.71852; 5.16833;      -0.55834;3.44213;1
 -26.74529; 5.17100;      -0.55830;3.44214;1
 -26.77206; 5.17368;      -0.55828;3.44214;1
 -26.79882; 5.17635;      -0.55829;3.44214;1
 -26.82558; 5.17903;      -0.55829;3.44215;1
 -26.85234; 5.18170;      -0.55829;3.44215;1
 -26.87911; 5.18438;      -0.55828;3.44216;1
 -26.90587; 5.18705;      -0.55827;3.44216;1
 -26.93262; 5.18973;      -0.55826;3.44217;1
 -26.95940; 5.19240;      -0.55825;3.44217;1
 -26.98618; 5.19508;      -0.55823;3.44217;1
 -27.01293; 5.19775;      -0.55820;3.44218;1
 -27.03969; 5.20043;      -0.55817;3.44218;1
 -27.06647; 5.20310;      -0.55814;3.44219;1
 -27.09324; 5.20578;      -0.55812;3.44219;1
 -27.11999; 5.20845;      -0.55808;3.44220;1
 -27.14673; 5.21113;      -0.55804;3.44220;1
 -27.17347; 5.21380;      -0.55800;3.44221;1
 -27.20019; 5.21648;      -0.55795;3.44221;1
 -27.22691; 5.21915;      -0.55792;3.44221;1
 -27.25364; 5.22183;      -0.55790;3.44222;1
 -27.28037; 5.22450;      -0.55787;3.44222;1
 -27.30708; 5.22718;      -0.55785;3.44223;1
 -27.33378; 5.22985;      -0.55782;3.44223;1
 -27.36049; 5.23253;      -0.55780;3.44224;1
 -27.38723; 5.23520;      -0.55776;3.44224;1
 -27.41395; 5.23788;      -0.55774;3.44224;1
 -27.44066; 5.24055;      -0.55774;3.44225;1
 -27.46739; 5.24323;      -0.55770;3.44225;1
 -27.49413; 5.24591;      -0.55767;3.44226;1
 -27.52086; 5.24858;      -0.55765;3.44226;1
 -27.54758; 5.25126;      -0.55763;3.44227;1
 -27.57429; 5.25393;      -0.55762;3.44227;1
 -27.60100; 5.25661;      -0.55760;3.44227;1
 -27.62773; 5.25928;      -0.55757;3.44228;1
 -27.65444; 5.26196;      -0.55756;3.44228;1
 -27.68117; 5.26463;      -0.55753;3.44229;1
 -27.70792; 5.26731;      -0.55749;3.44229;1
 -27.73465; 5.26998;      -0.55744;3.44230;1
 -27.76138; 5.27266;      -0.55736;3.44230;1
 -27.78814; 5.27533;      -0.55728;3.44230;1
 -27.81491; 5.27801;      -0.55722;3.44231;1
 -27.84165; 5.28068;      -0.55717;3.44231;1
 -27.86841; 5.28336;      -0.55712;3.44232;1
 -27.89522; 5.28603;      -0.55708;3.44232;1
 -27.92199; 5.28871;      -0.55704;3.44233;1
 -27.94874; 5.29138;      -0.55700;3.44233;1
 -27.97550; 5.29406;      -0.55695;3.44233;1
 -28.00223; 5.29673;      -0.55690;3.44234;1
 -28.02896; 5.29941;      -0.55684;3.44234;1
 -28.05569; 5.30208;      -0.55682;3.44235;1
 -28.08244; 5.30476;      -0.55679;3.44235;1
 -28.10920; 5.30743;      -0.55673;3.44235;1
 -28.13595; 5.31011;      -0.55668;3.44236;1
 -28.16271; 5.31278;      -0.55667;3.44236;1
 -28.18944; 5.31546;      -0.55667;3.44237;1
 -28.21620; 5.31813;      -0.55666;3.44237;1
 -28.24297; 5.32081;      -0.55661;3.44238;1
 -28.26973; 5.32348;      -0.55655;3.44238;1
 -28.29652; 5.32616;      -0.55651;3.44238;1
 -28.32331; 5.32883;      -0.55647;3.44239;1
 -28.35008; 5.33151;      -0.55644;3.44239;1
 -28.37684; 5.33418;      -0.55646;3.44240;1
 -28.40361; 5.33686;      -0.55653;3.44240;1
 -28.43040; 5.33953;      -0.55657;3.44240;1
 -28.45719; 5.34221;      -0.55652;3.44241;1
 -28.48397; 5.34488;      -0.55648;3.44241;1
 -28.51077; 5.34756;      -0.55648;3.44242;1
 -28.53758; 5.35023;      -0.55646;3.44242;1
 -28.56438; 5.35291;      -0.55640;3.44243;1
 -28.59118; 5.35558;      -0.55635;3.44243;1
 -28.61796; 5.35826;      -0.55632;3.44243;1
 -28.64472; 5.36094;      -0.55631;3.44244;1
 -28.67151; 5.36361;      -0.55631;3.44244;1
 -28.69829; 5.36629;      -0.55631;3.44245;1
 -28.72510; 5.36896;      -0.55630;3.44245;1
 -28.75191; 5.37164;      -0.55631;3.44245;1
 -28.77868; 5.37431;      -0.55634;3.44246;1
 -28.80544; 5.37699;      -0.55634;3.44246;1
 -28.83223; 5.37966;      -0.55633;3.44247;1
 -28.85902; 5.38234;      -0.55634;3.44247;1
 -28.88583; 5.38501;      -0.55634;3.44247;1
 -28.91264; 5.38769;      -0.55632;3.44248;1
 -28.93946; 5.39036;      -0.55630;3.44248;1
 -28.96627; 5.39304;      -0.55630;3.44249;1
 -28.99306; 5.39571;      -0.55633;3.44249;1
 -29.01986; 5.39839;      -0.55633;3.44249;1
 -29.04666; 5.40106;      -0.55630;3.44250;1
 -29.07346; 5.40374;      -0.55627;3.44250;1
 -29.10030; 5.40641;      -0.55625;3.44251;1
 -29.12709; 5.40909;      -0.55623;3.44251;1
 -29.15389; 5.41176;      -0.55621;3.44251;1
 -29.18071; 5.41444;      -0.55620;3.44252;1
 -29.20754; 5.41711;      -0.55623;3.44252;1
 -29.23438; 5.41979;      -0.55624;3.44253;1
 -29.26121; 5.42246;      -0.55624;3.44253;1
 -29.28803; 5.42514;      -0.55626;3.44253;1
 -29.31482; 5.42781;      -0.55625;3.44254;1
 -29.34161; 5.43049;      -0.55623;3.44254;1
 -29.36844; 5.43316;      -0.55624;3.44255;1
 -29.39527; 5.43584;      -0.55625;3.44255;1
 -29.42209; 5.43851;      -0.55624;3.44255;1
 -29.44892; 5.44119;      -0.55624;3.44256;1
 -29.47576; 5.44386;      -0.55623;3.44256;1
 -29.50259; 5.44654;      -0.55622;3.44257;1
 -29.52940; 5.44921;      -0.55622;3.44257;1
 -29.55620; 5.45189;      -0.55621;3.44258;1
 -29.58301; 5.45456;      -0.55620;3.44258;1
 -29.60982; 5.45724;      -0.55616;3.44258;1
 -29.63662; 5.45991;      -0.55609;3.44259;1
 -29.66345; 5.46259;      -0.55605;3.44259;1
 -29.69029; 5.46526;      -0.55600;3.44259;1
 -29.71710; 5.46794;      -0.55599;3.44260;1
 -29.74390; 5.47061;      -0.55601;3.44260;1
 -29.77071; 5.47329;      -0.55599;3.44261;1
 -29.79753; 5.47597;      -0.55598;3.44261;1
 -29.82431; 5.47864;      -0.55599;3.44261;1
 -29.85108; 5.48132;      -0.55597;3.44262;1
 -29.87788; 5.48399;      -0.55594;3.44262;1
 -29.90468; 5.48667;      -0.55592;3.44263;1
 -29.93148; 5.48934;      -0.55589;3.44263;1
 -29.95829; 5.49202;      -0.55585;3.44263;1
 -29.98510; 5.49469;      -0.55582;3.44264;1
 -30.01191; 5.49737;      -0.55579;3.44264;1
 -30.03874; 5.50004;      -0.55576;3.44265;1
 -30.06558; 5.50272;      -0.55573;3.44265;1
 -30.09239; 5.50539;      -0.55569;3.44265;1
 -30.11919; 5.50807;      -0.55566;3.44266;1
 -30.14599; 5.51074;      -0.55565;3.44266;1
 -30.17279; 5.51342;      -0.55564;3.44267;1
 -30.19957; 5.51609;      -0.55563;3.44267;1
 -30.22637; 5.51877;      -0.55561;3.44267;1
 -30.25317; 5.52144;      -0.55559;3.44268;1
 -30.27997; 5.52412;      -0.55555;3.44268;1
 -30.30677; 5.52679;      -0.55551;3.44268;1
 -30.33357; 5.52947;      -0.55546;3.44269;1
 -30.36035; 5.53214;      -0.55540;3.44269;1
 -30.38715; 5.53482;      -0.55533;3.44270;1
 -30.41394; 5.53749;      -0.55527;3.44270;1
 -30.44071; 5.54017;      -0.55519;3.44270;1
 -30.46747; 5.54284;      -0.55511;3.44271;1
 -30.49425; 5.54552;      -0.55505;3.44271;1
 -30.52100; 5.54819;      -0.55497;3.44271;1
 -30.54775; 5.55087;      -0.55491;3.44272;1
 -30.57451; 5.55354;      -0.55482;3.44272;1
 -30.60127; 5.55622;      -0.55469;3.44273;1
 -30.62803; 5.55889;      -0.55460;3.44273;1
 -30.65481; 5.56157;      -0.55456;3.44273;1
 -30.68159; 5.56424;      -0.55454;3.44274;1
 -30.70836; 5.56692;      -0.55451;3.44274;1
 -30.73514; 5.56959;      -0.55446;3.44275;1
 -30.76187; 5.57227;      -0.55439;3.44275;1
 -30.78864; 5.57494;      -0.55430;3.44275;1
 -30.81542; 5.57762;      -0.55422;3.44276;1
 -30.84216; 5.58029;      -0.55416;3.44276;1
 -30.86893; 5.58297;      -0.55411;3.44276;1
 -30.89570; 5.58564;      -0.55405;3.44277;1
 -30.92245; 5.58832;      -0.55399;3.44277;1
 -30.94917; 5.59100;      -0.55392;3.44278;1
 -30.97587; 5.59367;      -0.55384;3.44278;1
 -31.00259; 5.59635;      -0.55376;3.44278;1
 -31.02932; 5.59902;      -0.55369;3.44279;1
 -31.05603; 5.60170;      -0.55362;3.44279;1
 -31.08274; 5.60437;      -0.55353;3.44279;1
 -31.10946; 5.60705;      -0.55343;3.44280;1
 -31.13615; 5.60972;      -0.55335;3.44280;1
 -31.16287; 5.61240;      -0.55326;3.44281;1
 -31.18959; 5.61507;      -0.55318;3.44281;1
 -31.21631; 5.61775;      -0.55311;3.44281;1
 -31.24303; 5.62042;      -0.55303;3.44282;1
 -31.26974; 5.62310;      -0.55294;3.44282;1
 -31.29643; 5.62577;      -0.55283;3.44282;1
 -31.32312; 5.62845;      -0.55272;3.44283;1
 -31.34986; 5.63112;      -0.55264;3.44283;1
 -31.37664; 5.63380;      -0.55257;3.44283;1
 -31.40338; 5.63647;      -0.55249;3.44284;1
 -31.43011; 5.63915;      -0.55242;3.44284;1
 -31.45683; 5.64182;      -0.55233;3.44285;1
 -31.48355; 5.64450;      -0.55225;3.44285;1
 -31.51027; 5.64717;      -0.55220;3.44285;1
 -31.53700; 5.64985;      -0.55213;3.44286;1
 -31.56376; 5.65252;      -0.55205;3.44286;1
 -31.59052; 5.65520;      -0.55195;3.44286;1
 -31.61727; 5.65787;      -0.55184;3.44287;1
 -31.64402; 5.66055;      -0.55174;3.44287;1
 -31.67079; 5.66322;      -0.55167;3.44288;1
 -31.69752; 5.66590;      -0.55161;3.44288;1
 -31.72426; 5.66857;      -0.55154;3.44288;1
 -31.75101; 5.67125;      -0.55148;3.44289;1
 -31.77778; 5.67392;      -0.55142;3.44289;1
 -31.80454; 5.67660;      -0.55135;3.44289;1
 -31.83129; 5.67927;      -0.55130;3.44290;1
 -31.85806; 5.68195;      -0.55123;3.44290;1
 -31.88484; 5.68462;      -0.55114;3.44290;1
 -31.91160; 5.68730;      -0.55106;3.44291;1
 -31.93834; 5.68997;      -0.55096;3.44291;1
 -31.96507; 5.69265;      -0.55089;3.44291;1
 -31.99180; 5.69532;      -0.55082;3.44292;1
 -32.01853; 5.69800;      -0.55075;3.44292;1
 -32.04527; 5.70067;      -0.55069;3.44293;1
 -32.07202; 5.70335;      -0.55062;3.44293;1
 -32.09876; 5.70603;      -0.55055;3.44293;1
 -32.12554; 5.70870;      -0.55048;3.44294;1
 -32.15232; 5.71138;      -0.55041;3.44294;1
 -32.17908; 5.71405;      -0.55034;3.44294;1
 -32.20585; 5.71673;      -0.55029;3.44295;1
 -32.23264; 5.71940;      -0.55022;3.44295;1
 -32.25943; 5.72208;      -0.55014;3.44295;1
 -32.28619; 5.72475;      -0.55009;3.44296;1
 -32.31294; 5.72743;      -0.55006;3.44296;1
 -32.33970; 5.73010;      -0.55001;3.44296;1
 -32.36646; 5.73278;      -0.54996;3.44297;1
 -32.39323; 5.73545;      -0.54990;3.44297;1
 -32.42000; 5.73813;      -0.54983;3.44297;1
 -32.44676; 5.74080;      -0.54974;3.44298;1
 -32.47353; 5.74348;      -0.54965;3.44298;1
 -32.50031; 5.74615;      -0.54956;3.44299;1
 -32.52708; 5.74883;      -0.54948;3.44299;1
 -32.55386; 5.75150;      -0.54940;3.44299;1
 -32.58065; 5.75418;      -0.54932;3.44300;1
 -32.60745; 5.75685;      -0.54924;3.44300;1
 -32.63425; 5.75953;      -0.54919;3.44300;1
 -32.66104; 5.76220;      -0.54913;3.44301;1
 -32.68783; 5.76488;      -0.54906;3.44301;1
 -32.71464; 5.76755;      -0.54899;3.44301;1
 -32.74145; 5.77023;      -0.54892;3.44302;1
 -32.76823; 5.77290;      -0.54887;3.44302;1
 -32.79502; 5.77558;      -0.54885;3.44302;1
 -32.82179; 5.77825;      -0.54885;3.44303;1
 -32.84857; 5.78093;      -0.54884;3.44303;1
 -32.87540; 5.78360;      -0.54882;3.44303;1
 -32.90217; 5.78628;      -0.54878;3.44304;1
 -32.92894; 5.78895;      -0.54874;3.44304;1
 -32.95572; 5.79163;      -0.54868;3.44304;1
 -32.98254; 5.79430;      -0.54861;3.44305;1
 -33.00936; 5.79698;      -0.54854;3.44305;1
 -33.03619; 5.79965;      -0.54848;3.44305;1
 -33.06301; 5.80233;      -0.54842;3.44306;1
 -33.08986; 5.80500;      -0.54836;3.44306;1
 -33.11672; 5.80768;      -0.54832;3.44306;1
 -33.14356; 5.81035;      -0.54827;3.44307;1
 -33.17038; 5.81303;      -0.54823;3.44307;1
 -33.19719; 5.81570;      -0.54819;3.44307;1
 -33.22403; 5.81838;      -0.54819;3.44308;1
 -33.25086; 5.82106;      -0.54820;3.44308;1
 -33.27769; 5.82373;      -0.54818;3.44308;1
 -33.30454; 5.82641;      -0.54816;3.44309;1
 -33.33137; 5.82908;      -0.54813;3.44309;1
 -33.35820; 5.83176;      -0.54808;3.44310;1
 -33.38501; 5.83443;      -0.54802;3.44310;1
 -33.41179; 5.83711;      -0.54796;3.44310;1
 -33.43861; 5.83978;      -0.54791;3.44311;1
 -33.46543; 5.84246;      -0.54787;3.44311;1
 -33.49225; 5.84513;      -0.54784;3.44311;1
 -33.51906; 5.84781;      -0.54783;3.44312;1
 -33.54588; 5.85048;      -0.54785;3.44312;1
 -33.57269; 5.85316;      -0.54788;3.44312;1
 -33.59949; 5.85583;      -0.54785;3.44313;1
 -33.62629; 5.85851;      -0.54779;3.44313;1
 -33.65309; 5.86118;      -0.54775;3.44313;1
 -33.67991; 5.86386;      -0.54771;3.44314;1
 -33.70672; 5.86653;      -0.54765;3.44314;1
 -33.73353; 5.86921;      -0.54761;3.44314;1
 -33.76033; 5.87188;      -0.54760;3.44314;1
 -33.78715; 5.87456;      -0.54759;3.44315;1
 -33.81397; 5.87723;      -0.54756;3.44315;1
 -33.84075; 5.87991;      -0.54751;3.44316;1
 -33.86753; 5.88258;      -0.54747;3.44316;1
 -33.89432; 5.88526;      -0.54744;3.44316;1
 -33.92110; 5.88793;      -0.54741;3.44316;1
 -33.94790; 5.89061;      -0.54738;3.44317;1
 -33.97471; 5.89328;      -0.54735;3.44317;1
 -34.00149; 5.89596;      -0.54732;3.44317;1
 -34.02828; 5.89863;      -0.54729;3.44318;1
 -34.05508; 5.90131;      -0.54724;3.44318;1
 -34.08188; 5.90398;      -0.54721;3.44318;1
 -34.10866; 5.90666;      -0.54718;3.44319;1
 -34.13544; 5.90933;      -0.54713;3.44319;1
 -34.16218; 5.91201;      -0.54709;3.44319;1
 -34.18891; 5.91468;      -0.54707;3.44320;1
 -34.21567; 5.91736;      -0.54704;3.44320;1
 -34.24244; 5.92003;      -0.54699;3.44320;1
 -34.26919; 5.92271;      -0.54694;3.44321;1
 -34.29597; 5.92538;      -0.54687;3.44321;1
 -34.32275; 5.92806;      -0.54680;3.44321;1
 -34.34952; 5.93074;      -0.54675;3.44322;1
 -34.37631; 5.93341;      -0.54671;3.44322;1
 -34.40310; 5.93609;      -0.54666;3.44322;1
 -34.42986; 5.93876;      -0.54662;3.44323;1
 -34.45663; 5.94144;      -0.54658;3.44323;1
 -34.48340; 5.94411;      -0.54657;3.44323;1
 -34.51014; 5.94679;      -0.54660;3.44324;1
 -34.53689; 5.94946;      -0.54654;3.44324;1
 -34.56366; 5.95214;      -0.54651;3.44324;1
 -34.59042; 5.95481;      -0.54650;3.44325;1
 -34.61715; 5.95749;      -0.54646;3.44325;1
 -34.64387; 5.96016;      -0.54644;3.44325;1
 -34.67061; 5.96284;      -0.54640;3.44325;1
 -34.69734; 5.96551;      -0.54638;3.44326;1
 -34.72407; 5.96819;      -0.54636;3.44326;1
 -34.75078; 5.97086;      -0.54631;3.44326;1
 -34.77746; 5.97354;      -0.54626;3.44327;1
 -34.80415; 5.97621;      -0.54625;3.44327;1
 -34.83086; 5.97889;      -0.54621;3.44327;1
 -34.85760; 5.98156;      -0.54614;3.44328;1
 -34.88432; 5.98424;      -0.54608;3.44328;1
 -34.91103; 5.98691;      -0.54603;3.44328;1
 -34.93772; 5.98959;      -0.54602;3.44329;1
 -34.96442; 5.99226;      -0.54596;3.44329;1
 -34.99114; 5.99494;      -0.54590;3.44329;1
 -35.01783; 5.99761;      -0.54585;3.44330;1
 -35.04450; 6.00029;      -0.54582;3.44330;1
 -35.07120; 6.00296;      -0.54578;3.44330;1
 -35.09794; 6.00564;      -0.54573;3.44330;1
 -35.12463; 6.00831;      -0.54569;3.44331;1
 -35.15130; 6.01099;      -0.54564;3.44331;1
 -35.17800; 6.01366;      -0.54559;3.44331;1
 -35.20471; 6.01634;      -0.54551;3.44332;1
 -35.23141; 6.01901;      -0.54542;3.44332;1
 -35.25810; 6.02169;      -0.54533;3.44332;1
 -35.28479; 6.02436;      -0.54526;3.44333;1
 -35.31147; 6.02704;      -0.54519;3.44333;1
 -35.33815; 6.02971;      -0.54511;3.44333;1
 -35.36484; 6.03239;      -0.54504;3.44334;1
 -35.39154; 6.03506;      -0.54500;3.44334;1
 -35.41824; 6.03774;      -0.54494;3.44334;1
 -35.44496; 6.04041;      -0.54487;3.44334;1
 -35.47168; 6.04309;      -0.54482;3.44335;1
 -35.49839; 6.04577;      -0.54476;3.44335;1
 -35.52511; 6.04844;      -0.54468;3.44335;1
 -35.55183; 6.05112;      -0.54459;3.44336;1
 -35.57853; 6.05379;      -0.54450;3.44336;1
 -35.60522; 6.05647;      -0.54440;3.44336;1
 -35.63193; 6.05914;      -0.54432;3.44337;1
 -35.65864; 6.06182;      -0.54424;3.44337;1
 -35.68535; 6.06449;      -0.54415;3.44337;1
 -35.71207; 6.06717;      -0.54406;3.44337;1
 -35.73879; 6.06984;      -0.54396;3.44338;1
 -35.76549; 6.07252;      -0.54387;3.44338;1
 -35.79219; 6.07519;      -0.54377;3.44338;1
 -35.81886; 6.07787;      -0.54369;3.44339;1
 -35.84552; 6.08054;      -0.54363;3.44339;1
 -35.87223; 6.08322;      -0.54355;3.44339;1
 -35.89892; 6.08589;      -0.54348;3.44340;1
 -35.92564; 6.08857;      -0.54339;3.44340;1
 -35.95235; 6.09124;      -0.54330;3.44340;1
 -35.97906; 6.09392;      -0.54323;3.44340;1
 -36.00580; 6.09659;      -0.54315;3.44341;1
 -36.03252; 6.09927;      -0.54306;3.44341;1
 -36.05925; 6.10194;      -0.54300;3.44341;1
 -36.08598; 6.10462;      -0.54296;3.44342;1
 -36.11270; 6.10729;      -0.54290;3.44342;1
 -36.13945; 6.10997;      -0.54281;3.44342;1
 -36.16618; 6.11264;      -0.54272;3.44342;1
 -36.19294; 6.11532;      -0.54263;3.44343;1
 -36.21972; 6.11799;      -0.54254;3.44343;1
 -36.24649; 6.12067;      -0.54244;3.44343;1
 -36.27323; 6.12334;      -0.54235;3.44344;1
 -36.30001; 6.12602;      -0.54226;3.44344;1
 -36.32675; 6.12869;      -0.54216;3.44344;1
 -36.35349; 6.13137;      -0.54207;3.44344;1
 -36.38026; 6.13404;      -0.54202;3.44345;1
 -36.40702; 6.13672;      -0.54201;3.44345;1
 -36.43379; 6.13939;      -0.54196;3.44345;1
 -36.46058; 6.14207;      -0.54192;3.44346;1
 -36.48735; 6.14474;      -0.54187;3.44346;1
 -36.51411; 6.14742;      -0.54181;3.44346;1
 -36.54092; 6.15009;      -0.54173;3.44346;1
 -36.56775; 6.15277;      -0.54165;3.44347;1
 -36.59453; 6.15544;      -0.54158;3.44347;1
 -36.62131; 6.15812;      -0.54152;3.44347;1
 -36.64814; 6.16080;      -0.54146;3.44348;1
 -36.67496; 6.16347;      -0.54140;3.44348;1
 -36.70176; 6.16615;      -0.54135;3.44348;1
 -36.72859; 6.16882;      -0.54128;3.44348;1
 -36.75543; 6.17150;      -0.54122;3.44349;1
 -36.78228; 6.17417;      -0.54116;3.44349;1
 -36.80916; 6.17685;      -0.54111;3.44349;1
 -36.83607; 6.17952;      -0.54108;3.44350;1
 -36.86294; 6.18220;      -0.54108;3.44350;1
 -36.88981; 6.18487;      -0.54107;3.44350;1
 -36.91666; 6.18755;      -0.54106;3.44350;1
 -36.94350; 6.19022;      -0.54104;3.44351;1
 -36.97038; 6.19290;      -0.54101;3.44351;1
 -36.99726; 6.19557;      -0.54096;3.44351;1
 -37.02413; 6.19825;      -0.54091;3.44352;1
 -37.05101; 6.20092;      -0.54084;3.44352;1
 -37.07793; 6.20360;      -0.54077;3.44352;1
 -37.10481; 6.20627;      -0.54075;3.44352;1
 -37.13168; 6.20895;      -0.54072;3.44353;1
 -37.15856; 6.21162;      -0.54071;3.44353;1
 -37.18544; 6.21430;      -0.54069;3.44353;1
 -37.21234; 6.21697;      -0.54067;3.44354;1
 -37.23923; 6.21965;      -0.54066;3.44354;1
 -37.26611; 6.22232;      -0.54064;3.44354;1
 -37.29298; 6.22500;      -0.54062;3.44354;1
 -37.31987; 6.22767;      -0.54064;3.44355;1
 -37.34678; 6.23035;      -0.54068;3.44355;1
 -37.37368; 6.23302;      -0.54070;3.44355;1
 -37.40061; 6.23570;      -0.54072;3.44355;1
 -37.42754; 6.23837;      -0.54072;3.44356;1
 -37.45445; 6.24105;      -0.54072;3.44356;1
 -37.48133; 6.24372;      -0.54069;3.44356;1
 -37.50819; 6.24640;      -0.54065;3.44357;1
 -37.53508; 6.24907;      -0.54062;3.44357;1
 -37.56197; 6.25175;      -0.54059;3.44357;1
 -37.58885; 6.25442;      -0.54056;3.44357;1
 -37.61576; 6.25710;      -0.54051;3.44358;1
 -37.64268; 6.25977;      -0.54047;3.44358;1
 -37.66960; 6.26245;      -0.54046;3.44358;1
 -37.69650; 6.26512;      -0.54047;3.44358;1
 -37.72339; 6.26780;      -0.54049;3.44359;1
 -37.75028; 6.27047;      -0.54049;3.44359;1
 -37.77714; 6.27315;      -0.54049;3.44359;1
 -37.80403; 6.27583;      -0.54055;3.44360;1
 -37.83095; 6.27850;      -0.54062;3.44360;1
 -37.85788; 6.28118;      -0.54064;3.44360;1
 -37.88477; 6.28385;      -0.54062;3.44360;1
 -37.91163; 6.28653;      -0.54060;3.44361;1
 -37.93852; 6.28920;      -0.54058;3.44361;1
 -37.96540; 6.29188;      -0.54053;3.44361;1
 -37.99227; 6.29455;      -0.54051;3.44361;1
 -38.01916; 6.29723;      -0.54049;3.44362;1
 -38.04602; 6.29990;      -0.54042;3.44362;1
 -38.07294; 6.30258;      -0.54038;3.44362;1
 -38.09982; 6.30525;      -0.54036;3.44362;1
 -38.12669; 6.30793;      -0.54033;3.44363;1
 -38.15356; 6.31060;      -0.54031;3.44363;1
 -38.18040; 6.31328;      -0.54030;3.44363;1
 -38.20728; 6.31595;      -0.54028;3.44363;1
 -38.23414; 6.31863;      -0.54026;3.44364;1
 -38.26102; 6.32130;      -0.54022;3.44364;1
 -38.28791; 6.32398;      -0.54018;3.44364;1
 -38.31476; 6.32665;      -0.54014;3.44364;1
 -38.34160; 6.32933;      -0.54010;3.44365;1
 -38.36844; 6.33200;      -0.54007;3.44365;1
 -38.39528; 6.33468;      -0.54003;3.44365;1
 -38.42211; 6.33735;      -0.53999;3.44366;1
 -38.44892; 6.34003;      -0.53998;3.44366;1
 -38.47576; 6.34270;      -0.53994;3.44366;1
 -38.50259; 6.34538;      -0.53990;3.44366;1
 -38.52942; 6.34805;      -0.53984;3.44367;1
 -38.55626; 6.35073;      -0.53978;3.44367;1
 -38.58308; 6.35340;      -0.53974;3.44367;1
 -38.60988; 6.35608;      -0.53965;3.44367;1
 -38.63669; 6.35875;      -0.53958;3.44368;1
 -38.66350; 6.36143;      -0.53951;3.44368;1
 -38.69029; 6.36410;      -0.53943;3.44368;1
 -38.71709; 6.36678;      -0.53935;3.44368;1
 -38.74390; 6.36945;      -0.53929;3.44369;1
 -38.77066; 6.37213;      -0.53924;3.44369;1
 -38.79743; 6.37480;      -0.53918;3.44369;1
 -38.82420; 6.37748;      -0.53912;3.44369;1
 -38.85096; 6.38015;      -0.53908;3.44370;1
 -38.87769; 6.38283;      -0.53902;3.44370;1
 -38.90443; 6.38550;      -0.53895;3.44370;1
 -38.93118; 6.38818;      -0.53890;3.44370;1
 -38.95793; 6.39086;      -0.53884;3.44371;1
 -38.98467; 6.39353;      -0.53878;3.44371;1
 -39.01141; 6.39621;      -0.53874;3.44371;1
 -39.03812; 6.39888;      -0.53867;3.44371;1
 -39.06484; 6.40156;      -0.53860;3.44372;1
 -39.09157; 6.40423;      -0.53853;3.44372;1
 -39.11826; 6.40691;      -0.53848;3.44372;1
 -39.14497; 6.40958;      -0.53842;3.44372;1
 -39.17165; 6.41226;      -0.53833;3.44373;1
 -39.19835; 6.41493;      -0.53825;3.44373;1
 -39.22505; 6.41761;      -0.53818;3.44373;1
 -39.25173; 6.42028;      -0.53811;3.44373;1
 -39.27841; 6.42296;      -0.53805;3.44374;1
 -39.30507; 6.42563;      -0.53798;3.44374;1
 -39.33176; 6.42831;      -0.53792;3.44374;1
 -39.35844; 6.43098;      -0.53785;3.44374;1
 -39.38508; 6.43366;      -0.53776;3.44374;1
 -39.41172; 6.43633;      -0.53769;3.44375;1
 -39.43836; 6.43901;      -0.53760;3.44375;1
 -39.46499; 6.44168;      -0.53752;3.44375;1
 -39.49162; 6.44436;      -0.53744;3.44375;1
 -39.51825; 6.44703;      -0.53732;3.44376;1
 -39.54488; 6.44971;      -0.53720;3.44376;1
 -39.57149; 6.45238;      -0.53710;3.44376;1
 -39.59812; 6.45506;      -0.53702;3.44376;1
 -39.62474; 6.45773;      -0.53695;3.44377;1
 -39.65133; 6.46041;      -0.53686;3.44377;1
 -39.67790; 6.46308;      -0.53675;3.44377;1
 -39.70447; 6.46576;      -0.53664;3.44377;1
 -39.73106; 6.46843;      -0.53652;3.44378;1
 -39.75766; 6.47111;      -0.53641;3.44378;1
 -39.78425; 6.47378;      -0.53630;3.44378;1
 -39.81084; 6.47646;      -0.53619;3.44378;1
 -39.83742; 6.47913;      -0.53608;3.44378;1
 -39.86397; 6.48181;      -0.53597;3.44379;1
 -39.89053; 6.48448;      -0.53589;3.44379;1
 -39.91711; 6.48716;      -0.53580;3.44379;1
 -39.94368; 6.48983;      -0.53569;3.44379;1
 -39.97028; 6.49251;      -0.53559;3.44380;1
 -39.99689; 6.49518;      -0.53549;3.44380;1
 -40.02348; 6.49786;      -0.53542;3.44380;1
 -40.05007; 6.50054;      -0.53537;3.44380;1
 -40.07666; 6.50321;      -0.53525;3.44381;1
 -40.10322; 6.50589;      -0.53514;3.44381;1
 -40.12980; 6.50856;      -0.53502;3.44381;1
 -40.15636; 6.51124;      -0.53492;3.44381;1
 -40.18292; 6.51391;      -0.53483;3.44381;1
 -40.20951; 6.51659;      -0.53472;3.44382;1
 -40.23606; 6.51926;      -0.53457;3.44382;1
 -40.26261; 6.52194;      -0.53443;3.44382;1
 -40.28914; 6.52461;      -0.53431;3.44382;1
 -40.31567; 6.52729;      -0.53419;3.44383;1
 -40.34222; 6.52996;      -0.53408;3.44383;1
 -40.36877; 6.53264;      -0.53397;3.44383;1
 -40.39532; 6.53531;      -0.53389;3.44383;1
 -40.42187; 6.53799;      -0.53379;3.44383;1
 -40.44845; 6.54066;      -0.53366;3.44384;1
 -40.47502; 6.54334;      -0.53355;3.44384;1
 -40.50151; 6.54601;      -0.53345;3.44384;1
 -40.52805; 6.54869;      -0.53332;3.44384;1
 -40.55459; 6.55136;      -0.53321;3.44385;1
 -40.58111; 6.55404;      -0.53314;3.44385;1
 -40.60765; 6.55671;      -0.53307;3.44385;1
 -40.63420; 6.55939;      -0.53300;3.44385;1
 -40.66075; 6.56206;      -0.53289;3.44385;1
 -40.68730; 6.56474;      -0.53278;3.44386;1
 -40.71385; 6.56741;      -0.53267;3.44386;1
 -40.74042; 6.57009;      -0.53255;3.44386;1
 -40.76699; 6.57276;      -0.53243;3.44386;1
 -40.79357; 6.57544;      -0.53230;3.44387;1
 -40.82014; 6.57811;      -0.53214;3.44387;1
 -40.84670; 6.58079;      -0.53199;3.44387;1
 -40.87326; 6.58346;      -0.53185;3.44387;1
 -40.89982; 6.58614;      -0.53172;3.44387;1
 -40.92640; 6.58881;      -0.53162;3.44388;1
 -40.95297; 6.59149;      -0.53157;3.44388;1
 -40.97955; 6.59416;      -0.53149;3.44388;1
 -41.00616; 6.59684;      -0.53135;3.44388;1
 -41.03277; 6.59951;      -0.53122;3.44388;1
 -41.05941; 6.60219;      -0.53108;3.44389;1
 -41.08601; 6.60486;      -0.53097;3.44389;1
 -41.11260; 6.60754;      -0.53088;3.44389;1
 -41.13922; 6.61021;      -0.53078;3.44389;1
 -41.16582; 6.61289;      -0.53067;3.44390;1
 -41.19243; 6.61557;      -0.53057;3.44390;1
 -41.21905; 6.61824;      -0.53047;3.44390;1
 -41.24570; 6.62092;      -0.53039;3.44390;1
 -41.27234; 6.62359;      -0.53034;3.44390;1
 -41.29894; 6.62627;      -0.53027;3.44391;1
 -41.32562; 6.62894;      -0.53019;3.44391;1
 -41.35229; 6.63162;      -0.53011;3.44391;1
 -41.37893; 6.63429;      -0.53003;3.44391;1
 -41.40561; 6.63697;      -0.52998;3.44391;1
 -41.43229; 6.63964;      -0.52997;3.44392;1
 -41.45896; 6.64232;      -0.52994;3.44392;1
 -41.48563; 6.64499;      -0.52989;3.44392;1
 -41.51233; 6.64767;      -0.52986;3.44392;1
 -41.53905; 6.65034;      -0.52983;3.44392;1
 -41.56579; 6.65302;      -0.52976;3.44393;1
 -41.59252; 6.65569;      -0.52970;3.44393;1
 -41.61924; 6.65837;      -0.52964;3.44393;1
 -41.64595; 6.66104;      -0.52956;3.44393;1
 -41.67271; 6.66372;      -0.52947;3.44393;1
 -41.69948; 6.66639;      -0.52939;3.44394;1
 -41.72624; 6.66907;      -0.52933;3.44394;1
 -41.75301; 6.67174;      -0.52927;3.44394;1
 -41.77976; 6.67442;      -0.52921;3.44394;1
 -41.80649; 6.67709;      -0.52918;3.44395;1
 -41.83325; 6.67977;      -0.52918;3.44395;1
 -41.86002; 6.68244;      -0.52920;3.44395;1
 -41.88681; 6.68512;      -0.52919;3.44395;1
 -41.91362; 6.68779;      -0.52917;3.44395;1
 -41.94044; 6.69047;      -0.52914;3.44395;1
 -41.96728; 6.69314;      -0.52911;3.44396;1
 -41.99408; 6.69582;      -0.52909;3.44396;1
 -42.02088; 6.69849;      -0.52906;3.44396;1
 -42.04770; 6.70117;      -0.52897;3.44396;1
 -42.07451; 6.70384;      -0.52884;3.44396;1
 -42.10132; 6.70652;      -0.52878;3.44397;1
 -42.12815; 6.70919;      -0.52872;3.44397;1
 -42.15497; 6.71187;      -0.52869;3.44397;1
 -42.18182; 6.71454;      -0.52866;3.44397;1
 -42.20872; 6.71722;      -0.52864;3.44398;1
 -42.23560; 6.71989;      -0.52861;3.44398;1
 -42.26249; 6.72257;      -0.52859;3.44398;1
 -42.28938; 6.72524;      -0.52857;3.44398;1
 -42.31627; 6.72792;      -0.52855;3.44398;1
 -42.34316; 6.73060;      -0.52853;3.44398;1
 -42.37005; 6.73327;      -0.52850;3.44399;1
 -42.39700; 6.73595;      -0.52846;3.44399;1
 -42.42393; 6.73862;      -0.52844;3.44399;1
 -42.45083; 6.74130;      -0.52842;3.44399;1
 -42.47775; 6.74397;      -0.52839;3.44399;1
 -42.50471; 6.74665;      -0.52839;3.44400;1
 -42.53165; 6.74932;      -0.52838;3.44400;1
 -42.55859; 6.75200;      -0.52839;3.44400;1
 -42.58556; 6.75467;      -0.52841;3.44400;1
 -42.61254; 6.75735;      -0.52844;3.44400;1
 -42.63951; 6.76002;      -0.52846;3.44401;1
 -42.66646; 6.76270;      -0.52848;3.44401;1
 -42.69346; 6.76537;      -0.52848;3.44401;1
 -42.72048; 6.76805;      -0.52849;3.44401;1
 -42.74748; 6.77072;      -0.52851;3.44401;1
 -42.77450; 6.77340;      -0.52851;3.44402;1
 -42.80153; 6.77607;      -0.52851;3.44402;1
 -42.82857; 6.77875;      -0.52851;3.44402;1
 -42.85560; 6.78142;      -0.52851;3.44402;1
 -42.88262; 6.78410;      -0.52851;3.44402;1
 -42.90966; 6.78677;      -0.52850;3.44402;1
 -42.93672; 6.78945;      -0.52850;3.44403;1
 -42.96379; 6.79212;      -0.52851;3.44403;1
 -42.99086; 6.79480;      -0.52852;3.44403;1
 -43.01793; 6.79747;      -0.52853;3.44403;1
 -43.04499; 6.80015;      -0.52855;3.44403;1
 -43.07207; 6.80282;      -0.52857;3.44404;1
 -43.09915; 6.80550;      -0.52860;3.44404;1
 -43.12626; 6.80817;      -0.52861;3.44404;1
 -43.15337; 6.81085;      -0.52862;3.44404;1
 -43.18049; 6.81352;      -0.52867;3.44404;1
 -43.20764; 6.81620;      -0.52871;3.44405;1
 -43.23480; 6.81887;      -0.52873;3.44405;1
 -43.26196; 6.82155;      -0.52874;3.44405;1
 -43.28910; 6.82422;      -0.52876;3.44405;1
 -43.31623; 6.82690;      -0.52880;3.44405;1
 -43.34344; 6.82957;      -0.52882;3.44405;1
 -43.37061; 6.83225;      -0.52884;3.44406;1
 -43.39778; 6.83492;      -0.52887;3.44406;1
 -43.42500; 6.83760;      -0.52889;3.44406;1
 -43.45220; 6.84027;      -0.52891;3.44406;1
 -43.47940; 6.84295;      -0.52893;3.44406;1
 -43.50660; 6.84563;      -0.52897;3.44406;1
 -43.53382; 6.84830;      -0.52900;3.44407;1
 -43.56106; 6.85098;      -0.52901;3.44407;1
 -43.58831; 6.85365;      -0.52903;3.44407;1
 -43.61558; 6.85633;      -0.52907;3.44407;1
 -43.64282; 6.85900;      -0.52907;3.44407;1
 -43.67008; 6.86168;      -0.52910;3.44408;1
 -43.69735; 6.86435;      -0.52915;3.44408;1
 -43.72462; 6.86703;      -0.52920;3.44408;1
 -43.75190; 6.86970;      -0.52928;3.44408;1
 -43.77919; 6.87238;      -0.52933;3.44408;1
 -43.80647; 6.87505;      -0.52937;3.44408;1
 -43.83378; 6.87773;      -0.52944;3.44409;1
 -43.86114; 6.88040;      -0.52949;3.44409;1
 -43.88846; 6.88308;      -0.52950;3.44409;1
 -43.91582; 6.88575;      -0.52950;3.44409;1
 -43.94317; 6.88843;      -0.52950;3.44409;1
 -43.97051; 6.89110;      -0.52950;3.44409;1
 -43.99787; 6.89378;      -0.52952;3.44410;1
 -44.02522; 6.89645;      -0.52958;3.44410;1
 -44.05258; 6.89913;      -0.52967;3.44410;1
 -44.07996; 6.90180;      -0.52973;3.44410;1
 -44.10734; 6.90448;      -0.52975;3.44410;1
 -44.13471; 6.90715;      -0.52978;3.44410;1
 -44.16209; 6.90983;      -0.52984;3.44411;1
 -44.18948; 6.91250;      -0.52989;3.44411;1
 -44.21687; 6.91518;      -0.52993;3.44411;1
 -44.24427; 6.91785;      -0.52996;3.44411;1
 -44.27166; 6.92053;      -0.53001;3.44411;1
 -44.29905; 6.92320;      -0.53007;3.44412;1
 -44.32645; 6.92588;      -0.53015;3.44412;1
 -44.35385; 6.92855;      -0.53023;3.44412;1
 -44.38125; 6.93123;      -0.53031;3.44412;1
 -44.40867; 6.93390;      -0.53038;3.44412;1
 -44.43606; 6.93658;      -0.53043;3.44412;1
 -44.46343; 6.93925;      -0.53048;3.44412;1
 -44.49083; 6.94193;      -0.53053;3.44413;1
 -44.51827; 6.94460;      -0.53059;3.44413;1
 -44.54569; 6.94728;      -0.53066;3.44413;1
 -44.57308; 6.94995;      -0.53071;3.44413;1
 -44.60052; 6.95263;      -0.53076;3.44413;1
 -44.62794; 6.95530;      -0.53085;3.44413;1
 -44.65534; 6.95798;      -0.53093;3.44414;1
 -44.68274; 6.96066;      -0.53101;3.44414;1
 -44.71013; 6.96333;      -0.53107;3.44414;1
 -44.73754; 6.96601;      -0.53111;3.44414;1
 -44.76492; 6.96868;      -0.53117;3.44414;1
 -44.79231; 6.97136;      -0.53124;3.44414;1
 -44.81969; 6.97403;      -0.53128;3.44415;1
 -44.84704; 6.97671;      -0.53128;3.44415;1
 -44.87438; 6.97938;      -0.53128;3.44415;1
 -44.90171; 6.98206;      -0.53128;3.44415;1
 -44.92907; 6.98473;      -0.53138;3.44415;1
 -44.95646; 6.98741;      -0.53151;3.44415;1
 -44.98382; 6.99008;      -0.53156;3.44416;1
 -45.01115; 6.99276;      -0.53164;3.44416;1
 -45.03851; 6.99543;      -0.53172;3.44416;1
 -45.06584; 6.99811;      -0.53174;3.44416;1
 -45.09315; 7.00078;      -0.53173;3.44416;1
 -45.12046; 7.00346;      -0.53177;3.44416;1
 -45.14772; 7.00613;      -0.53185;3.44416;1
 -45.17498; 7.00881;      -0.53186;3.44417;1
 -45.20224; 7.01148;      -0.53186;3.44417;1
 -45.22949; 7.01416;      -0.53189;3.44417;1
 -45.25674; 7.01683;      -0.53192;3.44417;1
 -45.28398; 7.01951;      -0.53192;3.44417;1
 -45.31118; 7.02218;      -0.53192;3.44417;1
 -45.33836; 7.02486;      -0.53193;3.44418;1
 -45.36554; 7.02753;      -0.53194;3.44418;1
 -45.39272; 7.03021;      -0.53197;3.44418;1
 -45.41985; 7.03288;      -0.53201;3.44418;1
 -45.44699; 7.03556;      -0.53204;3.44418;1
 -45.47411; 7.03823;      -0.53207;3.44418;1
 -45.50120; 7.04091;      -0.53210;3.44418;1
 -45.52829; 7.04358;      -0.53211;3.44419;1
 -45.55535; 7.04626;      -0.53213;3.44419;1
 -45.58241; 7.04893;      -0.53211;3.44419;1
 -45.60947; 7.05161;      -0.53209;3.44419;1
 -45.63649; 7.05428;      -0.53207;3.44419;1
 -45.66347; 7.05696;      -0.53206;3.44419;1
 -45.69042; 7.05963;      -0.53205;3.44419;1
 -45.71738; 7.06231;      -0.53202;3.44420;1
 -45.74435; 7.06498;      -0.53195;3.44420;1
 -45.77127; 7.06766;      -0.53186;3.44420;1
 -45.79815; 7.07034;      -0.53182;3.44420;1
 -45.82502; 7.07301;      -0.53183;3.44420;1
 -45.85187; 7.07569;      -0.53182;3.44420;1
 -45.87872; 7.07836;      -0.53175;3.44420;1
 -45.90554; 7.08104;      -0.53167;3.44421;1
 -45.93232; 7.08371;      -0.53157;3.44421;1
 -45.95911; 7.08639;      -0.53140;3.44421;1
 -45.98586; 7.08906;      -0.53127;3.44421;1
 -46.01260; 7.09174;      -0.53119;3.44421;1
 -46.03931; 7.09441;      -0.53109;3.44421;1
 -46.06599; 7.09709;      -0.53096;3.44421;1
 -46.09265; 7.09976;      -0.53082;3.44421;1
 -46.11931; 7.10244;      -0.53067;3.44422;1
 -46.14594; 7.10511;      -0.53049;3.44422;1
 -46.17255; 7.10779;      -0.53031;3.44422;1
 -46.19915; 7.11046;      -0.53012;3.44422;1
 -46.22571; 7.11314;      -0.52996;3.44422;1
 -46.25226; 7.11581;      -0.52983;3.44422;1
 -46.27880; 7.11849;      -0.52972;3.44422;1
 -46.30532; 7.12116;      -0.52961;3.44422;1
 -46.33179; 7.12384;      -0.52951;3.44423;1
 -46.35825; 7.12651;      -0.52937;3.44423;1
 -46.38468; 7.12919;      -0.52920;3.44423;1
 -46.41112; 7.13186;      -0.52904;3.44423;1
 -46.43752; 7.13454;      -0.52887;3.44423;1
 -46.46390; 7.13721;      -0.52869;3.44423;1
 -46.49032; 7.13989;      -0.52850;3.44423;1
 -46.51668; 7.14256;      -0.52831;3.44424;1
 -46.54301; 7.14524;      -0.52808;3.44424;1
 -46.56932; 7.14791;      -0.52784;3.44424;1
 -46.59560; 7.15059;      -0.52763;3.44424;1
 -46.62189; 7.15326;      -0.52743;3.44424;1
 -46.64816; 7.15594;      -0.52720;3.44424;1
 -46.67444; 7.15861;      -0.52701;3.44424;1
 -46.70069; 7.16129;      -0.52683;3.44424;1
 -46.72692; 7.16396;      -0.52663;3.44425;1
 -46.75316; 7.16664;      -0.52641;3.44425;1
 -46.77939; 7.16931;      -0.52616;3.44425;1
 -46.80562; 7.17199;      -0.52594;3.44425;1
 -46.83181; 7.17466;      -0.52571;3.44425;1
 -46.85796; 7.17734;      -0.52549;3.44425;1
 -46.88415; 7.18001;      -0.52527;3.44425;1
 -46.91029; 7.18269;      -0.52501;3.44425;1
 -46.93642; 7.18537;      -0.52470;3.44426;1
 -46.96254; 7.18804;      -0.52439;3.44426;1
 -46.98863; 7.19072;      -0.52409;3.44426;1
 -47.01470; 7.19339;      -0.52382;3.44426;1
 -47.04077; 7.19607;      -0.52354;3.44426;1
 -47.06683; 7.19874;      -0.52327;3.44426;1
 -47.09291; 7.20142;      -0.52302;3.44426;1
 -47.11899; 7.20409;      -0.52278;3.44426;1
 -47.14505; 7.20677;      -0.52255;3.44426;1
 -47.17112; 7.20944;      -0.52232;3.44427;1
 -47.19721; 7.21212;      -0.52209;3.44427;1
 -47.22326; 7.21479;      -0.52186;3.44427;1
 -47.24929; 7.21747;      -0.52160;3.44427;1
 -47.27531; 7.22014;      -0.52134;3.44427;1
 -47.30129; 7.22282;      -0.52107;3.44427;1
 -47.32731; 7.22549;      -0.52080;3.44427;1
 -47.35332; 7.22817;      -0.52052;3.44427;1
 -47.37931; 7.23084;      -0.52028;3.44427;1
 -47.40529; 7.23352;      -0.52005;3.44428;1
 -47.43128; 7.23619;      -0.51980;3.44428;1
 -47.45725; 7.23887;      -0.51954;3.44428;1
 -47.48322; 7.24154;      -0.51929;3.44428;1
 -47.50919; 7.24422;      -0.51904;3.44428;1
 -47.53516; 7.24689;      -0.51880;3.44428;1
 -47.56113; 7.24957;      -0.51855;3.44428;1
 -47.58712; 7.25224;      -0.51830;3.44428;1
 -47.61308; 7.25492;      -0.51808;3.44428;1
 -47.63902; 7.25759;      -0.51784;3.44429;1
 -47.66496; 7.26027;      -0.51758;3.44429;1
 -47.69092; 7.26294;      -0.51731;3.44429;1
 -47.71686; 7.26562;      -0.51704;3.44429;1
 -47.74280; 7.26829;      -0.51679;3.44429;1
 -47.76876; 7.27097;      -0.51654;3.44429;1
 -47.79472; 7.27364;      -0.51628;3.44429;1
 -47.82069; 7.27632;      -0.51602;3.44429;1
 -47.84667; 7.27899;      -0.51574;3.44429;1
 -47.87266; 7.28167;      -0.51553;3.44429;1
 -47.89863; 7.28434;      -0.51539;3.44430;1
 -47.92461; 7.28702;      -0.51522;3.44430;1
 -47.95059; 7.28969;      -0.51501;3.44430;1
 -47.97654; 7.29237;      -0.51479;3.44430;1
 -48.00249; 7.29504;      -0.51458;3.44430;1
 -48.02845; 7.29772;      -0.51436;3.44430;1
 -48.05443; 7.30040;      -0.51415;3.44430;1
 -48.08041; 7.30307;      -0.51397;3.44430;1
 -48.10638; 7.30575;      -0.51377;3.44430;1
 -48.13237; 7.30842;      -0.51357;3.44430;1
 -48.15836; 7.31110;      -0.51334;3.44431;1
 -48.18435; 7.31377;      -0.51310;3.44431;1
 -48.21038; 7.31645;      -0.51288;3.44431;1
 -48.23639; 7.31912;      -0.51264;3.44431;1
 -48.26239; 7.32180;      -0.51241;3.44431;1
 -48.28842; 7.32447;      -0.51220;3.44431;1
 -48.31446; 7.32715;      -0.51199;3.44431;1
 -48.34049; 7.32982;      -0.51178;3.44431;1
 -48.36652; 7.33250;      -0.51158;3.44431;1
 -48.39258; 7.33517;      -0.51139;3.44431;1
 -48.41865; 7.33785;      -0.51123;3.44432;1
 -48.44470; 7.34052;      -0.51109;3.44432;1
 -48.47075; 7.34320;      -0.51094;3.44432;1
 -48.49682; 7.34587;      -0.51086;3.44432;1
 -48.52288; 7.34855;      -0.51074;3.44432;1
 -48.54895; 7.35122;      -0.51057;3.44432;1
 -48.57504; 7.35390;      -0.51041;3.44432;1
 -48.60113; 7.35657;      -0.51026;3.44432;1
 -48.62722; 7.35925;      -0.51011;3.44432;1
 -48.65331; 7.36192;      -0.50997;3.44432;1
 -48.67941; 7.36460;      -0.50984;3.44432;1
 -48.70553; 7.36727;      -0.50972;3.44433;1
 -48.73167; 7.36995;      -0.50958;3.44433;1
 -48.75779; 7.37262;      -0.50942;3.44433;1
 -48.78390; 7.37530;      -0.50925;3.44433;1
 -48.81004; 7.37797;      -0.50906;3.44433;1
 -48.83619; 7.38065;      -0.50889;3.44433;1
 -48.86230; 7.38332;      -0.50872;3.44433;1
 -48.88846; 7.38600;      -0.50855;3.44433;1
 -48.91465; 7.38867;      -0.50840;3.44433;1
 -48.94082; 7.39135;      -0.50827;3.44433;1
 -48.96701; 7.39402;      -0.50816;3.44433;1
 -48.99322; 7.39670;      -0.50804;3.44434;1
 -49.01945; 7.39937;      -0.50792;3.44434;1
 -49.04569; 7.40205;      -0.50781;3.44434;1
 -49.07192; 7.40472;      -0.50769;3.44434;1
 -49.09816; 7.40740;      -0.50756;3.44434;1
 -49.12441; 7.41007;      -0.50744;3.44434;1
 -49.15068; 7.41275;      -0.50733;3.44434;1
 -49.17694; 7.41543;      -0.50723;3.44434;1
 -49.20321; 7.41810;      -0.50711;3.44434;1
 -49.22949; 7.42078;      -0.50696;3.44434;1
 -49.25579; 7.42345;      -0.50683;3.44434;1
 -49.28211; 7.42613;      -0.50672;3.44434;1
 -49.30840; 7.42880;      -0.50671;3.44435;1
 -49.33469; 7.43148;      -0.50670;3.44435;1
 -49.36102; 7.43415;      -0.50665;3.44435;1
 -49.38737; 7.43683;      -0.50658;3.44435;1
 -49.41373; 7.43950;      -0.50648;3.44435;1
 -49.44009; 7.44218;      -0.50639;3.44435;1
 -49.46646; 7.44485;      -0.50630;3.44435;1
 -49.49284; 7.44753;      -0.50622;3.44435;1
 -49.51925; 7.45020;      -0.50615;3.44435;1
 -49.54569; 7.45288;      -0.50609;3.44435;1
 -49.57208; 7.45555;      -0.50605;3.44435;1
 -49.59850; 7.45823;      -0.50599;3.44435;1
 -49.62496; 7.46090;      -0.50592;3.44436;1
 -49.65145; 7.46358;      -0.50585;3.44436;1
 -49.67792; 7.46625;      -0.50577;3.44436;1
 -49.70441; 7.46893;      -0.50569;3.44436;1
 -49.73091; 7.47160;      -0.50562;3.44436;1
 -49.75744; 7.47428;      -0.50557;3.44436;1
 -49.78399; 7.47695;      -0.50556;3.44436;1
 -49.81052; 7.47963;      -0.50554;3.44436;1
 -49.83706; 7.48230;      -0.50549;3.44436;1
 -49.86361; 7.48498;      -0.50549;3.44436;1
 -49.89018; 7.48765;      -0.50551;3.44436;1
 -49.91677; 7.49033;      -0.50548;3.44436;1
 -49.94333; 7.49300;      -0.50546;3.44436;1
 -49.96994; 7.49568;      -0.50544;3.44436;1
 -49.99656; 7.49835;      -0.50543;3.44437;1
 -50.02320; 7.50103;      -0.50541;3.44437;1
 -50.04986; 7.50370;      -0.50536;3.44437;1
 -50.07653; 7.50638;      -0.50528;3.44437;1
 -50.10322; 7.50905;      -0.50521;3.44437;1
 -50.12991; 7.51173;      -0.50514;3.44437;1
 -50.15661; 7.51440;      -0.50509;3.44437;1
 -50.18332; 7.51708;      -0.50507;3.44437;1
 -50.21006; 7.51975;      -0.50508;3.44437;1
 -50.23679; 7.52243;      -0.50509;3.44437;1
 -50.26355; 7.52510;      -0.50508;3.44437;1
 -50.29032; 7.52778;      -0.50509;3.44437;1
 -50.31708; 7.53046;      -0.50511;3.44437;1
 -50.34390; 7.53313;      -0.50510;3.44437;1
 -50.37075; 7.53581;      -0.50509;3.44438;1
 -50.39760; 7.53848;      -0.50508;3.44438;1
 -50.42446; 7.54116;      -0.50507;3.44438;1
 -50.45136; 7.54383;      -0.50506;3.44438;1
 -50.47828; 7.54651;      -0.50507;3.44438;1
 -50.50520; 7.54918;      -0.50509;3.44438;1
 -50.53213; 7.55186;      -0.50510;3.44438;1
 -50.55909; 7.55453;      -0.50512;3.44438;1
 -50.58604; 7.55721;      -0.50514;3.44438;1
 -50.61300; 7.55988;      -0.50514;3.44438;1
 -50.63997; 7.56256;      -0.50517;3.44438;1
 -50.66696; 7.56523;      -0.50521;3.44438;1
 -50.69396; 7.56791;      -0.50523;3.44438;1
 -50.72097; 7.57058;      -0.50525;3.44438;1
 -50.74800; 7.57326;      -0.50528;3.44438;1
 -50.77505; 7.57593;      -0.50533;3.44439;1
 -50.80208; 7.57861;      -0.50537;3.44439;1
 -50.82911; 7.58128;      -0.50540;3.44439;1
 -50.85619; 7.58396;      -0.50546;3.44439;1
 -50.88329; 7.58663;      -0.50555;3.44439;1
 -50.91036; 7.58931;      -0.50568;3.44439;1
 -50.93743; 7.59198;      -0.50575;3.44439;1
 -50.96451; 7.59466;      -0.50578;3.44439;1
 -50.99158; 7.59733;      -0.50581;3.44439;1
 -51.01866; 7.60001;      -0.50584;3.44439;1
 -51.04576; 7.60268;      -0.50591;3.44439;1
 -51.07285; 7.60536;      -0.50598;3.44439;1
 -51.09993; 7.60803;      -0.50607;3.44439;1
 -51.12701; 7.61071;      -0.50616;3.44439;1
 -51.15410; 7.61338;      -0.50625;3.44439;1
 -51.18118; 7.61606;      -0.50630;3.44439;1
 -51.20826; 7.61873;      -0.50639;3.44439;1
 -51.23537; 7.62141;      -0.50649;3.44439;1
 -51.26249; 7.62408;      -0.50658;3.44440;1
 -51.28958; 7.62676;      -0.50666;3.44440;1
 -51.31668; 7.62943;      -0.50674;3.44440;1
 -51.34378; 7.63211;      -0.50686;3.44440;1
 -51.37089; 7.63478;      -0.50701;3.44440;1
 -51.39800; 7.63746;      -0.50717;3.44440;1
 -51.42507; 7.64013;      -0.50729;3.44440;1
 -51.45217; 7.64281;      -0.50740;3.44440;1
 -51.47928; 7.64549;      -0.50753;3.44440;1
 -51.50637; 7.64816;      -0.50764;3.44440;1
 -51.53344; 7.65084;      -0.50770;3.44440;1
 -51.56051; 7.65351;      -0.50775;3.44440;1
 -51.58757; 7.65619;      -0.50784;3.44440;1
 -51.61466; 7.65886;      -0.50795;3.44440;1
 -51.64174; 7.66154;      -0.50807;3.44440;1
 -51.66876; 7.66421;      -0.50819;3.44440;1
 -51.69577; 7.66689;      -0.50830;3.44440;1
 -51.72280; 7.66956;      -0.50838;3.44440;1
 -51.74981; 7.67224;      -0.50850;3.44440;1
 -51.77682; 7.67491;      -0.50861;3.44440;1
 -51.80382; 7.67759;      -0.50871;3.44440;1
 -51.83080; 7.68026;      -0.50881;3.44441;1
 -51.85780; 7.68294;      -0.50889;3.44441;1
 -51.88480; 7.68561;      -0.50891;3.44441;1
 -51.91178; 7.68829;      -0.50895;3.44441;1
 -51.93875; 7.69096;      -0.50902;3.44441;1
 -51.96572; 7.69364;      -0.50907;3.44441;1
 -51.99269; 7.69631;      -0.50911;3.44441;1
 -52.01964; 7.69899;      -0.50915;3.44441;1
 -52.04657; 7.70166;      -0.50920;3.44441;1
 -52.07348; 7.70434;      -0.50925;3.44441;1
 -52.10036; 7.70701;      -0.50931;3.44441;1
 -52.12723; 7.70969;      -0.50937;3.44441;1
 -52.15409; 7.71236;      -0.50941;3.44441;1
 -52.18091; 7.71504;      -0.50940;3.44441;1
 -52.20775; 7.71771;      -0.50934;3.44441;1
 -52.23460; 7.72039;      -0.50930;3.44441;1
 -52.26140; 7.72306;      -0.50926;3.44441;1
 -52.28821; 7.72574;      -0.50923;3.44441;1
 -52.31500; 7.72841;      -0.50921;3.44441;1
 -52.34177; 7.73109;      -0.50920;3.44441;1
 -52.36855; 7.73376;      -0.50920;3.44441;1
 -52.39529; 7.73644;      -0.50918;3.44441;1
 -52.42199; 7.73911;      -0.50915;3.44441;1
 -52.44866; 7.74179;      -0.50913;3.44441;1
 -52.47533; 7.74446;      -0.50910;3.44441;1
 -52.50201; 7.74714;      -0.50903;3.44442;1
 -52.52865; 7.74981;      -0.50896;3.44442;1
 -52.55530; 7.75249;      -0.50887;3.44442;1
 -52.58194; 7.75517;      -0.50879;3.44442;1
 -52.60856; 7.75784;      -0.50869;3.44442;1
 -52.63520; 7.76052;      -0.50856;3.44442;1
 -52.66182; 7.76319;      -0.50848;3.44442;1
 -52.68843; 7.76587;      -0.50842;3.44442;1
 -52.71502; 7.76854;      -0.50832;3.44442;1
 -52.74160; 7.77122;      -0.50821;3.44442;1
 -52.76818; 7.77389;      -0.50813;3.44442;1
 -52.79474; 7.77657;      -0.50803;3.44442;1
 -52.82129; 7.77924;      -0.50792;3.44442;1
 -52.84785; 7.78192;      -0.50780;3.44442;1
 -52.87443; 7.78459;      -0.50767;3.44442;1
 -52.90096; 7.78727;      -0.50755;3.44442;1
 -52.92747; 7.78994;      -0.50742;3.44442;1
 -52.95400; 7.79262;      -0.50725;3.44442;1
 -52.98054; 7.79529;      -0.50710;3.44442;1
 -53.00707; 7.79797;      -0.50696;3.44442;1
 -53.03362; 7.80064;      -0.50681;3.44442;1
 -53.06020; 7.80332;      -0.50665;3.44442;1
 -53.08671; 7.80599;      -0.50651;3.44442;1
 -53.11323; 7.80867;      -0.50636;3.44442;1
 -53.13976; 7.81134;      -0.50622;3.44442;1
 -53.16630; 7.81402;      -0.50610;3.44442;1
 -53.19283; 7.81669;      -0.50598;3.44442;1
 -53.21937; 7.81937;      -0.50585;3.44442;1
 -53.24590; 7.82204;      -0.50573;3.44442;1
 -53.27240; 7.82472;      -0.50561;3.44442;1
 -53.29891; 7.82739;      -0.50548;3.44442;1
 -53.32546; 7.83007;      -0.50535;3.44442;1
 -53.35200; 7.83274;      -0.50523;3.44442;1
 -53.37855; 7.83542;      -0.50507;3.44442;1
 -53.40509; 7.83809;      -0.50491;3.44442;1
 -53.43163; 7.84077;      -0.50477;3.44442;1
 -53.45820; 7.84344;      -0.50463;3.44442;1
 -53.48476; 7.84612;      -0.50447;3.44442;1
 -53.51132; 7.84879;      -0.50437;3.44442;1
 -53.53789; 7.85147;      -0.50429;3.44442;1
 -53.56447; 7.85414;      -0.50421;3.44442;1
 -53.59106; 7.85682;      -0.50411;3.44442;1
 -53.61764; 7.85949;      -0.50398;3.44443;1
 -53.64420; 7.86217;      -0.50383;3.44443;1
 -53.67081; 7.86484;      -0.50368;3.44443;1
 -53.69745; 7.86752;      -0.50353;3.44443;1
 -53.72407; 7.87020;      -0.50340;3.44443;1
 -53.75071; 7.87287;      -0.50331;3.44443;1
 -53.77736; 7.87555;      -0.50326;3.44443;1
 -53.80397; 7.87822;      -0.50318;3.44443;1
 -53.83059; 7.88090;      -0.50308;3.44443;1
 -53.85725; 7.88357;      -0.50298;3.44443;1
 -53.88391; 7.88625;      -0.50288;3.44443;1
 -53.91056; 7.88892;      -0.50278;3.44443;1
 -53.93722; 7.89160;      -0.50264;3.44443;1
 -53.96389; 7.89427;      -0.50254;3.44443;1
 -53.99054; 7.89695;      -0.50249;3.44443;1
 -54.01722; 7.89962;      -0.50242;3.44443;1
 -54.04393; 7.90230;      -0.50234;3.44443;1
 -54.07064; 7.90497;      -0.50235;3.44443;1
 -54.09737; 7.90765;      -0.50236;3.44443;1
 -54.12412; 7.91032;      -0.50231;3.44443;1
 -54.15090; 7.91300;      -0.50227;3.44443;1
 -54.17767; 7.91567;      -0.50223;3.44443;1
 -54.20446; 7.91835;      -0.50220;3.44443;1
 -54.23125; 7.92102;      -0.50214;3.44443;1
 -54.25802; 7.92370;      -0.50204;3.44443;1
 -54.28481; 7.92637;      -0.50193;3.44443;1
 -54.31159; 7.92905;      -0.50184;3.44443;1
 -54.33839; 7.93172;      -0.50177;3.44443;1
 -54.36519; 7.93440;      -0.50171;3.44443;1
 -54.39201; 7.93707;      -0.50163;3.44443;1
 -54.41887; 7.93975;      -0.50159;3.44443;1
 -54.44570; 7.94242;      -0.50160;3.44443;1
 -54.47255; 7.94510;      -0.50160;3.44443;1
 -54.49940; 7.94777;      -0.50157;3.44443;1
 -54.52622; 7.95045;      -0.50154;3.44443;1
 -54.55306; 7.95312;      -0.50153;3.44443;1
 -54.57992; 7.95580;      -0.50151;3.44443;1
 -54.60678; 7.95847;      -0.50150;3.44443;1
 -54.63364; 7.96115;      -0.50150;3.44443;1
 -54.66050; 7.96382;      -0.50147;3.44443;1
 -54.68738; 7.96650;      -0.50145;3.44443;1
 -54.71427; 7.96917;      -0.50142;3.44443;1
 -54.74117; 7.97185;      -0.50140;3.44443;1
 -54.76806; 7.97452;      -0.50138;3.44443;1
 -54.79492; 7.97720;      -0.50136;3.44443;1
 -54.82176; 7.97987;      -0.50132;3.44443;1
 -54.84862; 7.98255;      -0.50128;3.44443;1
 -54.87550; 7.98523;      -0.50125;3.44443;1
 -54.90237; 7.98790;      -0.50123;3.44443;1
 -54.92924; 7.99058;      -0.50122;3.44443;1
 -54.95613; 7.99325;      -0.50123;3.44443;1
 -54.98301; 7.99593;      -0.50125;3.44443;1
 -55.00989; 7.99860;      -0.50126;3.44443;1
 -55.03678; 8.00128;      -0.50125;3.44443;1
 -55.06366; 8.00395;      -0.50123;3.44443;1
 -55.09053; 8.00663;      -0.50122;3.44443;1
 -55.11743; 8.00930;      -0.50119;3.44443;1
 -55.14434; 8.01198;      -0.50118;3.44443;1
 -55.17123; 8.01465;      -0.50115;3.44443;1
 -55.19813; 8.01733;      -0.50114;3.44443;1
 -55.22507; 8.02000;      -0.50118;3.44443;1
 -55.25197; 8.02268;      -0.50120;3.44443;1
 -55.27888; 8.02535;      -0.50118;3.44443;1
 -55.30581; 8.02803;      -0.50116;3.44443;1
 -55.33274; 8.03070;      -0.50114;3.44443;1
 -55.35964; 8.03338;      -0.50112;3.44443;1
 -55.38655; 8.03605;      -0.50109;3.44443;1
 -55.41348; 8.03873;      -0.50104;3.44443;1
 -55.44042; 8.04140;      -0.50098;3.44443;1
 -55.46736; 8.04408;      -0.50095;3.44443;1
 -55.49428; 8.04675;      -0.50092;3.44443;1
 -55.52118; 8.04943;      -0.50089;3.44443;1
 -55.54808; 8.05210;      -0.50085;3.44442;1
 -55.57500; 8.05478;      -0.50081;3.44442;1
 -55.60190; 8.05745;      -0.50078;3.44442;1
 -55.62878; 8.06013;      -0.50075;3.44442;1
 -55.65571; 8.06280;      -0.50072;3.44442;1
 -55.68264; 8.06548;      -0.50068;3.44442;1
 -55.70954; 8.06815;      -0.50065;3.44442;1
 -55.73643; 8.07083;      -0.50061;3.44442;1
 -55.76334; 8.07350;      -0.50056;3.44442;1
 -55.79023; 8.07618;      -0.50052;3.44442;1
 -55.81710; 8.07885;      -0.50048;3.44442;1
 -55.84399; 8.08153;      -0.50044;3.44442;1
 -55.87091; 8.08420;      -0.50039;3.44442;1
 -55.89780; 8.08688;      -0.50034;3.44442;1
 -55.92467; 8.08955;      -0.50027;3.44442;1
 -55.95155; 8.09223;      -0.50020;3.44442;1
 -55.97842; 8.09490;      -0.50013;3.44442;1
 -56.00530; 8.09758;      -0.50008;3.44442;1
 -56.03221; 8.10026;      -0.50004;3.44442;1
 -56.05910; 8.10293;      -0.49999;3.44442;1
 -56.08598; 8.10561;      -0.49993;3.44442;1
 -56.11285; 8.10828;      -0.49988;3.44442;1
 -56.13971; 8.11096;      -0.49987;3.44442;1
 -56.16656; 8.11363;      -0.49990;3.44442;1
 -56.19338; 8.11631;      -0.49992;3.44442;1
 -56.22023; 8.11898;      -0.49992;3.44442;1
 -56.24709; 8.12166;      -0.49991;3.44442;1
 -56.27395; 8.12433;      -0.49989;3.44442;1
 -56.30079; 8.12701;      -0.49987;3.44442;1
 -56.32765; 8.12968;      -0.49982;3.44442;1
 -56.35451; 8.13236;      -0.49970;3.44442;1
 -56.38135; 8.13503;      -0.49961;3.44442;1
 -56.40819; 8.13771;      -0.49956;3.44442;1
 -56.43501; 8.14038;      -0.49953;3.44442;1
 -56.46182; 8.14306;      -0.49951;3.44442;1
 -56.48866; 8.14573;      -0.49950;3.44442;1
 -56.51550; 8.14841;      -0.49947;3.44442;1
 -56.54234; 8.15108;      -0.49944;3.44442;1
 -56.56919; 8.15376;      -0.49942;3.44442;1
 -56.59605; 8.15643;      -0.49937;3.44442;1
 -56.62288; 8.15911;      -0.49933;3.44442;1
 -56.64975; 8.16178;      -0.49929;3.44442;1
 -56.67663; 8.16446;      -0.49925;3.44441;1
 -56.70349; 8.16713;      -0.49920;3.44441;1
 -56.73034; 8.16981;      -0.49917;3.44441;1
 -56.75718; 8.17248;      -0.49914;3.44441;1
 -56.78403; 8.17516;      -0.49910;3.44441;1
 -56.81090; 8.17783;      -0.49901;3.44441;1
 -56.83777; 8.18051;      -0.49888;3.44441;1
 -56.86466; 8.18318;      -0.49879;3.44441;1
 -56.89154; 8.18586;      -0.49875;3.44441;1
 -56.91840; 8.18853;      -0.49870;3.44441;1
 -56.94526; 8.19121;      -0.49863;3.44441;1
 -56.97215; 8.19388;      -0.49857;3.44441;1
 -56.99905; 8.19656;      -0.49851;3.44441;1
 -57.02597; 8.19923;      -0.49844;3.44441;1
 -57.05288; 8.20191;      -0.49837;3.44441;1
 -57.07977; 8.20458;      -0.49831;3.44441;1
 -57.10665; 8.20726;      -0.49825;3.44441;1
 -57.13353; 8.20993;      -0.49820;3.44441;1
 -57.16041; 8.21261;      -0.49820;3.44441;1
 -57.18728; 8.21529;      -0.49819;3.44441;1
 -57.21416; 8.21796;      -0.49816;3.44441;1
 -57.24104; 8.22064;      -0.49809;3.44441;1
 -57.26790; 8.22331;      -0.49801;3.44441;1
 -57.29480; 8.22599;      -0.49796;3.44441;1
 -57.32171; 8.22866;      -0.49790;3.44441;1
 -57.34861; 8.23134;      -0.49783;3.44440;1
 -57.37550; 8.23401;      -0.49775;3.44440;1
 -57.40239; 8.23669;      -0.49768;3.44440;1
 -57.42931; 8.23936;      -0.49759;3.44440;1
 -57.45622; 8.24204;      -0.49753;3.44440;1
 -57.48311; 8.24471;      -0.49747;3.44440;1
 -57.50999; 8.24739;      -0.49741;3.44440;1
 -57.53688; 8.25006;      -0.49739;3.44440;1
 -57.56380; 8.25274;      -0.49735;3.44440;1
 -57.59071; 8.25541;      -0.49730;3.44440;1
 -57.61761; 8.25809;      -0.49724;3.44440;1
 -57.64450; 8.26076;      -0.49715;3.44440;1
 -57.67139; 8.26344;      -0.49706;3.44440;1
 -57.69824; 8.26611;      -0.49699;3.44440;1
 -57.72511; 8.26879;      -0.49692;3.44440;1
 -57.75200; 8.27146;      -0.49684;3.44440;1
 -57.77889; 8.27414;      -0.49678;3.44440;1
 -57.80578; 8.27681;      -0.49673;3.44440;1
 -57.83270; 8.27949;      -0.49672;3.44440;1
 -57.85963; 8.28216;      -0.49669;3.44440;1
 -57.88655; 8.28484;      -0.49664;3.44440;1
 -57.91347; 8.28751;      -0.49659;3.44439;1
 -57.94041; 8.29019;      -0.49652;3.44439;1
 -57.96733; 8.29286;      -0.49643;3.44439;1
 -57.99429; 8.29554;      -0.49633;3.44439;1
 -58.02124; 8.29821;      -0.49623;3.44439;1
 -58.04818; 8.30089;      -0.49614;3.44439;1
 -58.07511; 8.30356;      -0.49607;3.44439;1
 -58.10204; 8.30624;      -0.49602;3.44439;1
 -58.12896; 8.30891;      -0.49602;3.44439;1
 -58.15589; 8.31159;      -0.49604;3.44439;1
 -58.18285; 8.31426;      -0.49604;3.44439;1
 -58.20982; 8.31694;      -0.49603;3.44439;1
 -58.23679; 8.31961;      -0.49600;3.44439;1
 -58.26373; 8.32229;      -0.49593;3.44439;1
 -58.29064; 8.32497;      -0.49586;3.44439;1
 -58.31756; 8.32764;      -0.49579;3.44439;1
 -58.34452; 8.33032;      -0.49573;3.44439;1
 -58.37146; 8.33299;      -0.49570;3.44439;1
 -58.39842; 8.33567;      -0.49565;3.44438;1
 -58.42538; 8.33834;      -0.49559;3.44438;1
 -58.45233; 8.34102;      -0.49557;3.44438;1
 -58.47926; 8.34369;      -0.49557;3.44438;1
 -58.50620; 8.34637;      -0.49555;3.44438;1
 -58.53316; 8.34904;      -0.49552;3.44438;1
 -58.56011; 8.35172;      -0.49550;3.44438;1
 -58.58704; 8.35439;      -0.49545;3.44438;1
 -58.61398; 8.35707;      -0.49539;3.44438;1
 -58.64091; 8.35974;      -0.49532;3.44438;1
 -58.66782; 8.36242;      -0.49520;3.44438;1
 -58.69471; 8.36509;      -0.49512;3.44438;1
 -58.72159; 8.36777;      -0.49508;3.44438;1
 -58.74846; 8.37044;      -0.49503;3.44438;1
 -58.77533; 8.37312;      -0.49491;3.44438;1
 -58.80223; 8.37579;      -0.49483;3.44437;1
 -58.82911; 8.37847;      -0.49476;3.44437;1
 -58.85599; 8.38114;      -0.49471;3.44437;1
 -58.88289; 8.38382;      -0.49471;3.44437;1
 -58.90978; 8.38649;      -0.49472;3.44437;1
 -58.93663; 8.38917;      -0.49469;3.44437;1
 -58.96349; 8.39184;      -0.49465;3.44437;1
 -58.99036; 8.39452;      -0.49459;3.44437;1
 -59.01720; 8.39719;      -0.49449;3.44437;1
 -59.04401; 8.39987;      -0.49438;3.44437;1
 -59.07080; 8.40254;      -0.49428;3.44437;1
 -59.09757; 8.40522;      -0.49421;3.44437;1
 -59.12436; 8.40789;      -0.49417;3.44437;1
 -59.15116; 8.41057;      -0.49414;3.44437;1
 -59.17794; 8.41324;      -0.49413;3.44436;1
 -59.20473; 8.41592;      -0.49409;3.44436;1
 -59.23150; 8.41859;      -0.49404;3.44436;1
 -59.25828; 8.42127;      -0.49397;3.44436;1
 -59.28504; 8.42394;      -0.49389;3.44436;1
 -59.31176; 8.42662;      -0.49385;3.44436;1
 -59.33849; 8.42929;      -0.49378;3.44436;1
 -59.36521; 8.43197;      -0.49372;3.44436;1
 -59.39195; 8.43464;      -0.49365;3.44436;1
 -59.41869; 8.43732;      -0.49356;3.44436;1
 -59.44539; 8.44000;      -0.49348;3.44436;1
 -59.47209; 8.44267;      -0.49339;3.44436;1
 -59.49878; 8.44535;      -0.49328;3.44436;1
 -59.52547; 8.44802;      -0.49318;3.44436;1
 -59.55217; 8.45070;      -0.49309;3.44435;1
 -59.57886; 8.45337;      -0.49300;3.44435;1
 -59.60553; 8.45605;      -0.49292;3.44435;1
 -59.63221; 8.45872;      -0.49286;3.44435;1
 -59.65888; 8.46140;      -0.49279;3.44435;1
 -59.68556; 8.46407;      -0.49271;3.44435;1
 -59.71225; 8.46675;      -0.49263;3.44435;1
 -59.73896; 8.46942;      -0.49254;3.44435;1
 -59.76566; 8.47210;      -0.49246;3.44435;1
 -59.79235; 8.47477;      -0.49239;3.44435;1
 -59.81904; 8.47745;      -0.49233;3.44435;1
 -59.84569; 8.48012;      -0.49225;3.44435;1
 -59.87234; 8.48280;      -0.49214;3.44434;1
 -59.89901; 8.48547;      -0.49205;3.44434;1
 -59.92568; 8.48815;      -0.49195;3.44434;1
 -59.95234; 8.49082;      -0.49186;3.44434;1
 -59.97899; 8.49350;      -0.49180;3.44434;1
 -60.00563; 8.49617;      -0.49170;3.44434;1
 -60.03221; 8.49885;      -0.49163;3.44434;1
 -60.05884; 8.50152;      -0.49154;3.44434;1
 -60.08550; 8.50420;      -0.49145;3.44434;1
 -60.11212; 8.50687;      -0.49139;3.44434;1
 -60.13876; 8.50955;      -0.49132;3.44434;1
 -60.16542; 8.51222;      -0.49121;3.44434;1
 -60.19206; 8.51490;      -0.49111;3.44433;1
 -60.21868; 8.51757;      -0.49102;3.44433;1
 -60.24529; 8.52025;      -0.49092;3.44433;1
 -60.27192; 8.52292;      -0.49082;3.44433;1
 -60.29857; 8.52560;      -0.49072;3.44433;1
 -60.32522; 8.52827;      -0.49061;3.44433;1
 -60.35183; 8.53095;      -0.49049;3.44433;1
 -60.37845; 8.53362;      -0.49036;3.44433;1
 -60.40508; 8.53630;      -0.49024;3.44433;1
 -60.43169; 8.53897;      -0.49012;3.44433;1
 -60.45829; 8.54165;      -0.49001;3.44433;1
 -60.48491; 8.54432;      -0.48991;3.44432;1
 -60.51155; 8.54700;      -0.48979;3.44432;1
 -60.53819; 8.54967;      -0.48967;3.44432;1
 -60.56481; 8.55235;      -0.48958;3.44432;1
 -60.59142; 8.55503;      -0.48948;3.44432;1
 -60.61804; 8.55770;      -0.48937;3.44432;1
 -60.64467; 8.56038;      -0.48929;3.44432;1
 -60.67130; 8.56305;      -0.48923;3.44432;1
 -60.69794; 8.56573;      -0.48920;3.44432;1
 -60.72458; 8.56840;      -0.48914;3.44432;1
 -60.75123; 8.57108;      -0.48907;3.44431;1
 -60.77788; 8.57375;      -0.48900;3.44431;1
 -60.80451; 8.57643;      -0.48893;3.44431;1
 -60.83115; 8.57910;      -0.48887;3.44431;1
 -60.85777; 8.58178;      -0.48882;3.44431;1
 -60.88439; 8.58445;      -0.48877;3.44431;1
 -60.91102; 8.58713;      -0.48872;3.44431;1
 -60.93765; 8.58980;      -0.48865;3.44431;1
 -60.96426; 8.59248;      -0.48856;3.44431;1
 -60.99089; 8.59515;      -0.48846;3.44431;1
 -61.01751; 8.59783;      -0.48835;3.44430;1
 -61.04413; 8.60050;      -0.48828;3.44430;1
 -61.07076; 8.60318;      -0.48826;3.44430;1
 -61.09742; 8.60585;      -0.48820;3.44430;1
 -61.12409; 8.60853;      -0.48811;3.44430;1
 -61.15076; 8.61120;      -0.48802;3.44430;1
 -61.17742; 8.61388;      -0.48792;3.44430;1
 -61.20405; 8.61655;      -0.48784;3.44430;1
 -61.23070; 8.61923;      -0.48776;3.44430;1
 -61.25735; 8.62190;      -0.48770;3.44430;1
 -61.28397; 8.62458;      -0.48763;3.44429;1
 -61.31062; 8.62725;      -0.48758;3.44429;1
 -61.33733; 8.62993;      -0.48757;3.44429;1
 -61.36399; 8.63260;      -0.48755;3.44429;1
 -61.39066; 8.63528;      -0.48752;3.44429;1
 -61.41730; 8.63795;      -0.48746;3.44429;1
 -61.44392; 8.64063;      -0.48740;3.44429;1
 -61.47059; 8.64330;      -0.48736;3.44429;1
 -61.49725; 8.64598;      -0.48731;3.44429;1
 -61.52390; 8.64865;      -0.48725;3.44429;1
 -61.55056; 8.65133;      -0.48718;3.44428;1
 -61.57721; 8.65400;      -0.48710;3.44428;1
 -61.60387; 8.65668;      -0.48703;3.44428;1
 -61.63055; 8.65935;      -0.48699;3.44428;1
 -61.65720; 8.66203;      -0.48691;3.44428;1
 -61.68385; 8.66470;      -0.48683;3.44428;1
 -61.71050; 8.66738;      -0.48677;3.44428;1
 -61.73712; 8.67006;      -0.48670;3.44428;1
 -61.76377; 8.67273;      -0.48665;3.44427;1
 -61.79039; 8.67541;      -0.48660;3.44427;1
 -61.81700; 8.67808;      -0.48654;3.44427;1
 -61.84362; 8.68076;      -0.48647;3.44427;1
 -61.87025; 8.68343;      -0.48640;3.44427;1
 -61.89689; 8.68611;      -0.48632;3.44427;1
 -61.92352; 8.68878;      -0.48624;3.44427;1
 -61.95014; 8.69146;      -0.48617;3.44427;1
 -61.97676; 8.69413;      -0.48610;3.44427;1
 -62.00337; 8.69681;      -0.48604;3.44426;1
 -62.03001; 8.69948;      -0.48598;3.44426;1
 -62.05667; 8.70216;      -0.48588;3.44426;1
 -62.08329; 8.70483;      -0.48581;3.44426;1
 -62.10987; 8.70751;      -0.48575;3.44426;1
 -62.13647; 8.71018;      -0.48568;3.44426;1
 -62.16308; 8.71286;      -0.48559;3.44426;1
 -62.18967; 8.71553;      -0.48550;3.44426;1
 -62.21628; 8.71821;      -0.48541;3.44426;1
 -62.24291; 8.72088;      -0.48533;3.44425;1
 -62.26952; 8.72356;      -0.48525;3.44425;1
 -62.29613; 8.72623;      -0.48515;3.44425;1
 -62.32273; 8.72891;      -0.48506;3.44425;1
 -62.34934; 8.73158;      -0.48498;3.44425;1
 -62.37596; 8.73426;      -0.48489;3.44425;1
 -62.40259; 8.73693;      -0.48480;3.44425;1
 -62.42920; 8.73961;      -0.48472;3.44425;1
 -62.45581; 8.74228;      -0.48464;3.44424;1
 -62.48244; 8.74496;      -0.48456;3.44424;1
 -62.50909; 8.74763;      -0.48448;3.44424;1
 -62.53573; 8.75031;      -0.48442;3.44424;1
 -62.56234; 8.75298;      -0.48437;3.44424;1
 -62.58897; 8.75566;      -0.48428;3.44424;1
 -62.61560; 8.75833;      -0.48419;3.44424;1
 -62.64223; 8.76101;      -0.48411;3.44424;1
 -62.66885; 8.76368;      -0.48402;3.44423;1
 -62.69547; 8.76636;      -0.48397;3.44423;1
 -62.72211; 8.76903;      -0.48395;3.44423;1
 -62.74877; 8.77171;      -0.48396;3.44423;1
 -62.77543; 8.77438;      -0.48391;3.44423;1
 -62.80208; 8.77706;      -0.48376;3.44423;1
 -62.82874; 8.77973;      -0.48361;3.44423;1
 -62.85537; 8.78241;      -0.48352;3.44422;1
 -62.88201; 8.78509;      -0.48345;3.44422;1
 -62.90867; 8.78776;      -0.48337;3.44422;1
 -62.93530; 8.79044;      -0.48329;3.44422;1
 -62.96194; 8.79311;      -0.48320;3.44422;1
 -62.98866; 8.79579;      -0.48312;3.44422;1
 -63.01536; 8.79846;      -0.48304;3.44422;1
 -63.04203; 8.80114;      -0.48296;3.44422;1
 -63.06872; 8.80381;      -0.48289;3.44421;1
 -63.09543; 8.80649;      -0.48280;3.44421;1
 -63.12212; 8.80916;      -0.48271;3.44421;1
 -63.14883; 8.81184;      -0.48263;3.44421;1
 -63.17553; 8.81451;      -0.48257;3.44421;1
 -63.20223; 8.81719;      -0.48251;3.44421;1
 -63.22895; 8.81986;      -0.48245;3.44421;1
 -63.25564; 8.82254;      -0.48237;3.44420;1
 -63.28237; 8.82521;      -0.48230;3.44420;1
 -63.30912; 8.82789;      -0.48223;3.44420;1
 -63.33582; 8.83056;      -0.48217;3.44420;1
 -63.36252; 8.83324;      -0.48214;3.44420;1
 -63.38925; 8.83591;      -0.48212;3.44420;1
 -63.41598; 8.83859;      -0.48210;3.44420;1
 -63.44273; 8.84126;      -0.48205;3.44420;1
 -63.46949; 8.84394;      -0.48199;3.44419;1
 -63.49623; 8.84661;      -0.48191;3.44419;1
 -63.52297; 8.84929;      -0.48185;3.44419;1
 -63.54970; 8.85196;      -0.48183;3.44419;1
 -63.57644; 8.85464;      -0.48181;3.44419;1
 -63.60319; 8.85731;      -0.48177;3.44419;1
 -63.62995; 8.85999;      -0.48171;3.44419;1
 -63.65672; 8.86266;      -0.48162;3.44418;1
 -63.68352; 8.86534;      -0.48147;3.44418;1
 -63.71031; 8.86801;      -0.48138;3.44418;1
 -63.73710; 8.87069;      -0.48134;3.44418;1
 -63.76391; 8.87336;      -0.48126;3.44418;1
 -63.79069; 8.87604;      -0.48120;3.44418;1
 -63.81749; 8.87871;      -0.48115;3.44418;1
 -63.84430; 8.88139;      -0.48109;3.44417;1
 -63.87110; 8.88406;      -0.48102;3.44417;1
 -63.89789; 8.88674;      -0.48097;3.44417;1
 -63.92466; 8.88941;      -0.48092;3.44417;1
 -63.95141; 8.89209;      -0.48087;3.44417;1
 -63.97818; 8.89477;      -0.48082;3.44417;1
 -64.00495; 8.89744;      -0.48079;3.44416;1
 -64.03171; 8.90012;      -0.48077;3.44416;1
 -64.05850; 8.90279;      -0.48080;3.44416;1
 -64.08525; 8.90547;      -0.48082;3.44416;1
 -64.11202; 8.90814;      -0.48081;3.44416;1
 -64.13881; 8.91082;      -0.48079;3.44416;1
 -64.16558; 8.91349;      -0.48076;3.44416;1
 -64.19232; 8.91617;      -0.48068;3.44415;1
 -64.21908; 8.91884;      -0.48060;3.44415;1
 -64.24583; 8.92152;      -0.48054;3.44415;1
 -64.27258; 8.92419;      -0.48050;3.44415;1
 -64.29934; 8.92687;      -0.48048;3.44415;1
 -64.32609; 8.92954;      -0.48046;3.44415;1
 -64.35281; 8.93222;      -0.48042;3.44415;1
 -64.37956; 8.93489;      -0.48039;3.44414;1
 -64.40630; 8.93757;      -0.48037;3.44414;1
 -64.43299; 8.94024;      -0.48033;3.44414;1
 -64.45968; 8.94292;      -0.48031;3.44414;1
 -64.48641; 8.94559;      -0.48029;3.44414;1
 -64.51311; 8.94827;      -0.48020;3.44414;1
 -64.53980; 8.95094;      -0.48008;3.44413;1
 -64.56653; 8.95362;      -0.48002;3.44413;1
 -64.59320; 8.95629;      -0.47998;3.44413;1
 -64.61990; 8.95897;      -0.47996;3.44413;1
 -64.64658; 8.96164;      -0.47993;3.44413;1
 -64.67323; 8.96432;      -0.47991;3.44413;1
 -64.69990; 8.96699;      -0.47990;3.44412;1
 -64.72661; 8.96967;      -0.47985;3.44412;1
 -64.75327; 8.97234;      -0.47982;3.44412;1
 -64.77993; 8.97502;      -0.47978;3.44412;1
 -64.80660; 8.97769;      -0.47973;3.44412;1
 -64.83325; 8.98037;      -0.47968;3.44412;1
 -64.85992; 8.98304;      -0.47961;3.44412;1
 -64.88662; 8.98572;      -0.47956;3.44411;1
 -64.91332; 8.98839;      -0.47950;3.44411;1
 -64.94001; 8.99107;      -0.47942;3.44411;1
 -64.96671; 8.99374;      -0.47930;3.44411;1
 -64.99340; 8.99642;      -0.47915;3.44411;1
 -65.02006; 8.99909;      -0.47905;3.44411;1
 -65.04673; 9.00177;      -0.47899;3.44410;1
 -65.07342; 9.00444;      -0.47891;3.44410;1
 -65.10013; 9.00712;      -0.47879;3.44410;1
 -65.12681; 9.00980;      -0.47868;3.44410;1
 -65.15349; 9.01247;      -0.47861;3.44410;1
 -65.18017; 9.01515;      -0.47854;3.44410;1
 -65.20686; 9.01782;      -0.47845;3.44409;1
 -65.23355; 9.02050;      -0.47834;3.44409;1
 -65.26026; 9.02317;      -0.47823;3.44409;1
 -65.28700; 9.02585;      -0.47812;3.44409;1
 -65.31370; 9.02852;      -0.47803;3.44409;1
 -65.34041; 9.03120;      -0.47797;3.44408;1
 -65.36714; 9.03387;      -0.47790;3.44408;1
 -65.39385; 9.03655;      -0.47781;3.44408;1
 -65.42056; 9.03922;      -0.47774;3.44408;1
 -65.44724; 9.04190;      -0.47765;3.44408;1
 -65.47394; 9.04457;      -0.47757;3.44408;1
 -65.50066; 9.04725;      -0.47750;3.44407;1
 -65.52738; 9.04992;      -0.47741;3.44407;1
 -65.55412; 9.05260;      -0.47734;3.44407;1
 -65.58090; 9.05527;      -0.47727;3.44407;1
 -65.60766; 9.05795;      -0.47719;3.44407;1
 -65.63443; 9.06062;      -0.47710;3.44407;1
 -65.66121; 9.06330;      -0.47703;3.44406;1
 -65.68795; 9.06597;      -0.47697;3.44406;1
 -65.71470; 9.06865;      -0.47690;3.44406;1
 -65.74150; 9.07132;      -0.47680;3.44406;1
 -65.76829; 9.07400;      -0.47671;3.44406;1
 -65.79508; 9.07667;      -0.47666;3.44406;1
 -65.82191; 9.07935;      -0.47659;3.44405;1
 -65.84871; 9.08202;      -0.47656;3.44405;1
 -65.87552; 9.08470;      -0.47652;3.44405;1
 -65.90237; 9.08737;      -0.47647;3.44405;1
 -65.92923; 9.09005;      -0.47641;3.44405;1
 -65.95608; 9.09272;      -0.47638;3.44404;1
 -65.98295; 9.09540;      -0.47635;3.44404;1
 -66.00983; 9.09807;      -0.47632;3.44404;1
 -66.03673; 9.10075;      -0.47627;3.44404;1
 -66.06363; 9.10342;      -0.47622;3.44404;1
 -66.09051; 9.10610;      -0.47620;3.44404;1
 -66.11742; 9.10877;      -0.47620;3.44403;1
 -66.14435; 9.11145;      -0.47617;3.44403;1
 -66.17128; 9.11412;      -0.47613;3.44403;1
 -66.19821; 9.11680;      -0.47616;3.44403;1
 -66.22515; 9.11947;      -0.47624;3.44403;1
 -66.25212; 9.12215;      -0.47632;3.44402;1
 -66.27908; 9.12483;      -0.47636;3.44402;1
 -66.30604; 9.12750;      -0.47637;3.44402;1
 -66.33301; 9.13018;      -0.47637;3.44402;1
 -66.36001; 9.13285;      -0.47635;3.44402;1
 -66.38704; 9.13553;      -0.47636;3.44402;1
 -66.41406; 9.13820;      -0.47638;3.44401;1
 -66.44105; 9.14088;      -0.47641;3.44401;1
 -66.46808; 9.14355;      -0.47643;3.44401;1
 -66.49514; 9.14623;      -0.47645;3.44401;1
 -66.52216; 9.14890;      -0.47649;3.44401;1
 -66.54921; 9.15158;      -0.47652;3.44400;1
 -66.57629; 9.15425;      -0.47655;3.44400;1
 -66.60335; 9.15693;      -0.47658;3.44400;1
 -66.63047; 9.15960;      -0.47659;3.44400;1
 -66.65756; 9.16228;      -0.47661;3.44400;1
 -66.68466; 9.16495;      -0.47666;3.44399;1
 -66.71179; 9.16763;      -0.47672;3.44399;1
 -66.73893; 9.17030;      -0.47679;3.44399;1
 -66.76603; 9.17298;      -0.47685;3.44399;1
 -66.79314; 9.17565;      -0.47690;3.44399;1
 -66.82025; 9.17833;      -0.47693;3.44398;1
 -66.84735; 9.18100;      -0.47693;3.44398;1
 -66.87448; 9.18368;      -0.47695;3.44398;1
 -66.90161; 9.18635;      -0.47699;3.44398;1
 -66.92871; 9.18903;      -0.47702;3.44398;1
 -66.95583; 9.19170;      -0.47709;3.44397;1
 -66.98295; 9.19438;      -0.47718;3.44397;1
 -67.01003; 9.19705;      -0.47727;3.44397;1
 -67.03712; 9.19973;      -0.47731;3.44397;1
 -67.06422; 9.20240;      -0.47736;3.44397;1
 -67.09130; 9.20508;      -0.47740;3.44396;1
 -67.11836; 9.20775;      -0.47742;3.44396;1
 -67.14542; 9.21043;      -0.47745;3.44396;1
 -67.17245; 9.21310;      -0.47751;3.44396;1
 -67.19950; 9.21578;      -0.47762;3.44396;1
 -67.22655; 9.21845;      -0.47780;3.44395;1
 -67.25359; 9.22113;      -0.47797;3.44395;1
 -67.28063; 9.22380;      -0.47809;3.44395;1
 -67.30767; 9.22648;      -0.47819;3.44395;1
 -67.33468; 9.22915;      -0.47823;3.44395;1
 -67.36168; 9.23183;      -0.47824;3.44394;1
 -67.38868; 9.23450;      -0.47828;3.44394;1
 -67.41571; 9.23718;      -0.47835;3.44394;1
 -67.44272; 9.23986;      -0.47839;3.44394;1
 -67.46970; 9.24253;      -0.47844;3.44394;1
 -67.49671; 9.24521;      -0.47846;3.44393;1
 -67.52369; 9.24788;      -0.47849;3.44393;1
 -67.55061; 9.25056;      -0.47851;3.44393;1
 -67.57757; 9.25323;      -0.47852;3.44393;1
 -67.60452; 9.25591;      -0.47856;3.44393;1
 -67.63143; 9.25858;      -0.47859;3.44392;1
 -67.65834; 9.26126;      -0.47863;3.44392;1
 -67.68526; 9.26393;      -0.47868;3.44392;1
 -67.71213; 9.26661;      -0.47871;3.44392;1
 -67.73902; 9.26928;      -0.47875;3.44391;1
 -67.76589; 9.27196;      -0.47879;3.44391;1
 -67.79273; 9.27463;      -0.47882;3.44391;1
 -67.81959; 9.27731;      -0.47884;3.44391;1
 -67.84644; 9.27998;      -0.47887;3.44391;1
 -67.87325; 9.28266;      -0.47891;3.44390;1
 -67.90009; 9.28533;      -0.47894;3.44390;1
 -67.92690; 9.28801;      -0.47895;3.44390;1
 -67.95366; 9.29068;      -0.47893;3.44390;1
 -67.98042; 9.29336;      -0.47888;3.44390;1
 -68.00721; 9.29603;      -0.47886;3.44389;1
 -68.03398; 9.29871;      -0.47885;3.44389;1
 -68.06072; 9.30138;      -0.47884;3.44389;1
 -68.08745; 9.30406;      -0.47880;3.44389;1
 -68.11419; 9.30673;      -0.47877;3.44389;1
 -68.14092; 9.30941;      -0.47876;3.44388;1
 -68.16764; 9.31208;      -0.47867;3.44388;1
 -68.19433; 9.31476;      -0.47853;3.44388;1
 -68.22101; 9.31743;      -0.47845;3.44388;1
 -68.24772; 9.32011;      -0.47840;3.44387;1
 -68.27441; 9.32278;      -0.47833;3.44387;1
 -68.30107; 9.32546;      -0.47825;3.44387;1
 -68.32775; 9.32813;      -0.47818;3.44387;1
 -68.35440; 9.33081;      -0.47811;3.44387;1
 -68.38103; 9.33348;      -0.47804;3.44386;1
 -68.40768; 9.33616;      -0.47792;3.44386;1
 -68.43432; 9.33883;      -0.47780;3.44386;1
 -68.46094; 9.34151;      -0.47768;3.44386;1
 -68.48757; 9.34418;      -0.47757;3.44385;1
 -68.51418; 9.34686;      -0.47746;3.44385;1
 -68.54077; 9.34953;      -0.47732;3.44385;1
 -68.56737; 9.35221;      -0.47719;3.44385;1
 -68.59398; 9.35489;      -0.47709;3.44385;1
 -68.62057; 9.35756;      -0.47699;3.44384;1
 -68.64712; 9.36024;      -0.47690;3.44384;1
 -68.67367; 9.36291;      -0.47683;3.44384;1
 -68.70024; 9.36559;      -0.47673;3.44384;1
 -68.72682; 9.36826;      -0.47663;3.44384;1
 -68.75339; 9.37094;      -0.47652;3.44383;1
 -68.77992; 9.37361;      -0.47636;3.44383;1
 -68.80645; 9.37629;      -0.47622;3.44383;1
 -68.83299; 9.37896;      -0.47606;3.44383;1
 -68.85952; 9.38164;      -0.47593;3.44382;1
 -68.88605; 9.38431;      -0.47577;3.44382;1
 -68.91262; 9.38699;      -0.47556;3.44382;1
 -68.93915; 9.38966;      -0.47537;3.44382;1
 -68.96569; 9.39234;      -0.47525;3.44381;1
 -68.99221; 9.39501;      -0.47518;3.44381;1
 -69.01872; 9.39769;      -0.47514;3.44381;1
 -69.04525; 9.40036;      -0.47509;3.44381;1
 -69.07177; 9.40304;      -0.47502;3.44381;1
 -69.09830; 9.40571;      -0.47491;3.44380;1
 -69.12485; 9.40839;      -0.47476;3.44380;1
 -69.15139; 9.41106;      -0.47458;3.44380;1
 -69.17793; 9.41374;      -0.47439;3.44380;1
 -69.20450; 9.41641;      -0.47420;3.44379;1
 -69.23107; 9.41909;      -0.47403;3.44379;1
 -69.25764; 9.42176;      -0.47386;3.44379;1
 -69.28421; 9.42444;      -0.47370;3.44379;1
 -69.31078; 9.42711;      -0.47355;3.44379;1
 -69.33734; 9.42979;      -0.47335;3.44378;1
 -69.36391; 9.43246;      -0.47319;3.44378;1
 -69.39051; 9.43514;      -0.47303;3.44378;1
 -69.41710; 9.43781;      -0.47289;3.44378;1
 -69.44366; 9.44049;      -0.47276;3.44377;1
 -69.47024; 9.44316;      -0.47261;3.44377;1
 -69.49681; 9.44584;      -0.47250;3.44377;1
 -69.52339; 9.44851;      -0.47238;3.44377;1
 -69.55000; 9.45119;      -0.47227;3.44376;1
 -69.57664; 9.45386;      -0.47217;3.44376;1
 -69.60328; 9.45654;      -0.47207;3.44376;1
 -69.62989; 9.45921;      -0.47196;3.44376;1
 -69.65652; 9.46189;      -0.47184;3.44375;1
 -69.68317; 9.46456;      -0.47174;3.44375;1
 -69.70983; 9.46724;      -0.47164;3.44375;1
 -69.73648; 9.46992;      -0.47154;3.44375;1
 -69.76315; 9.47259;      -0.47145;3.44375;1
 -69.78983; 9.47527;      -0.47137;3.44374;1
 -69.81652; 9.47794;      -0.47126;3.44374;1
 -69.84321; 9.48062;      -0.47114;3.44374;1
 -69.86989; 9.48329;      -0.47103;3.44374;1
 -69.89661; 9.48597;      -0.47090;3.44373;1
 -69.92330; 9.48864;      -0.47080;3.44373;1
 -69.94999; 9.49132;      -0.47077;3.44373;1
 -69.97672; 9.49399;      -0.47077;3.44373;1
 -70.00346; 9.49667;      -0.47072;3.44372;1
 -70.03017; 9.49934;      -0.47066;3.44372;1
 -70.05692; 9.50202;      -0.47057;3.44372;1
 -70.08366; 9.50469;      -0.47048;3.44372;1
 -70.11040; 9.50737;      -0.47039;3.44371;1
 -70.13717; 9.51004;      -0.47028;3.44371;1
 -70.16392; 9.51272;      -0.47019;3.44371;1
 -70.19068; 9.51539;      -0.47012;3.44371;1
 -70.21747; 9.51807;      -0.47004;3.44370;1
 -70.24425; 9.52074;      -0.46996;3.44370;1
 -70.27104; 9.52342;      -0.46988;3.44370;1
 -70.29785; 9.52609;      -0.46981;3.44370;1
 -70.32466; 9.52877;      -0.46975;3.44369;1
 -70.35146; 9.53144;      -0.46970;3.44369;1
 -70.37830; 9.53412;      -0.46963;3.44369;1
 -70.40515; 9.53679;      -0.46956;3.44369;1
 -70.43197; 9.53947;      -0.46950;3.44368;1
 -70.45876; 9.54214;      -0.46946;3.44368;1
 -70.48558; 9.54482;      -0.46945;3.44368;1
 -70.51243; 9.54749;      -0.46944;3.44368;1
 -70.53930; 9.55017;      -0.46943;3.44367;1
 -70.56618; 9.55284;      -0.46940;3.44367;1
 -70.59306; 9.55552;      -0.46937;3.44367;1
 -70.61993; 9.55819;      -0.46934;3.44367;1
 -70.64682; 9.56087;      -0.46929;3.44366;1
 -70.67373; 9.56354;      -0.46924;3.44366;1
 -70.70062; 9.56622;      -0.46920;3.44366;1
 -70.72750; 9.56889;      -0.46917;3.44366;1
 -70.75438; 9.57157;      -0.46915;3.44365;1
 -70.78126; 9.57424;      -0.46911;3.44365;1
 -70.80817; 9.57692;      -0.46907;3.44365;1
 -70.83508; 9.57960;      -0.46904;3.44365;1
 -70.86198; 9.58227;      -0.46901;3.44364;1
 -70.88890; 9.58495;      -0.46899;3.44364;1
 -70.91582; 9.58762;      -0.46897;3.44364;1
 -70.94271; 9.59030;      -0.46894;3.44364;1
 -70.96960; 9.59297;      -0.46890;3.44363;1
 -70.99650; 9.59565;      -0.46889;3.44363;1
 -71.02340; 9.59832;      -0.46889;3.44363;1
 -71.05030; 9.60100;      -0.46886;3.44362;1
 -71.07724; 9.60367;      -0.46886;3.44362;1
 -71.10414; 9.60635;      -0.46889;3.44362;1
 -71.13100; 9.60902;      -0.46892;3.44362;1
 -71.15791; 9.61170;      -0.46892;3.44361;1
 -71.18485; 9.61437;      -0.46890;3.44361;1
 -71.21179; 9.61705;      -0.46888;3.44361;1
 -71.23873; 9.61972;      -0.46887;3.44361;1
 -71.26562; 9.62240;      -0.46886;3.44360;1
 -71.29253; 9.62507;      -0.46886;3.44360;1
 -71.31946; 9.62775;      -0.46886;3.44360;1
 -71.34638; 9.63042;      -0.46886;3.44360;1
 -71.37334; 9.63310;      -0.46889;3.44359;1
 -71.40028; 9.63577;      -0.46891;3.44359;1
 -71.42719; 9.63845;      -0.46890;3.44359;1
 -71.45413; 9.64112;      -0.46887;3.44358;1
 -71.48109; 9.64380;      -0.46885;3.44358;1
 -71.50802; 9.64647;      -0.46884;3.44358;1
 -71.53496; 9.64915;      -0.46883;3.44358;1
 -71.56191; 9.65182;      -0.46881;3.44357;1
 -71.58885; 9.65450;      -0.46877;3.44357;1
 -71.61577; 9.65717;      -0.46874;3.44357;1
 -71.64267; 9.65985;      -0.46874;3.44357;1
 -71.66959; 9.66252;      -0.46872;3.44356;1
 -71.69652; 9.66520;      -0.46872;3.44356;1
 -71.72344; 9.66787;      -0.46872;3.44356;1
 -71.75036; 9.67055;      -0.46871;3.44355;1
 -71.77728; 9.67322;      -0.46871;3.44355;1
 -71.80417; 9.67590;      -0.46871;3.44355;1
 -71.83107; 9.67857;      -0.46871;3.44355;1
 -71.85796; 9.68125;      -0.46873;3.44354;1
 -71.88485; 9.68392;      -0.46874;3.44354;1
 -71.91177; 9.68660;      -0.46873;3.44354;1
 -71.93865; 9.68927;      -0.46868;3.44354;1
 -71.96554; 9.69195;      -0.46861;3.44353;1
 -71.99242; 9.69463;      -0.46855;3.44353;1
 -72.01930; 9.69730;      -0.46852;3.44353;1
 -72.04621; 9.69998;      -0.46851;3.44352;1
 -72.07312; 9.70265;      -0.46851;3.44352;1
 -72.10001; 9.70533;      -0.46852;3.44352;1
 -72.12690; 9.70800;      -0.46852;3.44352;1
 -72.15377; 9.71068;      -0.46848;3.44351;1
 -72.18064; 9.71335;      -0.46844;3.44351;1
 -72.20753; 9.71603;      -0.46840;3.44351;1
 -72.23442; 9.71870;      -0.46837;3.44350;1
 -72.26131; 9.72138;      -0.46834;3.44350;1
 -72.28818; 9.72405;      -0.46829;3.44350;1
 -72.31503; 9.72673;      -0.46824;3.44350;1
 -72.34185; 9.72940;      -0.46822;3.44349;1
 -72.36871; 9.73208;      -0.46821;3.44349;1
 -72.39556; 9.73475;      -0.46818;3.44349;1
 -72.42237; 9.73743;      -0.46814;3.44349;1
 -72.44917; 9.74010;      -0.46810;3.44348;1
 -72.47601; 9.74278;      -0.46808;3.44348;1
 -72.50284; 9.74545;      -0.46801;3.44348;1
 -72.52965; 9.74813;      -0.46794;3.44347;1
 -72.55648; 9.75080;      -0.46789;3.44347;1
 -72.58332; 9.75348;      -0.46782;3.44347;1
 -72.61010; 9.75615;      -0.46772;3.44347;1
 -72.63688; 9.75883;      -0.46765;3.44346;1
 -72.66367; 9.76150;      -0.46761;3.44346;1
 -72.69046; 9.76418;      -0.46757;3.44346;1
 -72.71723; 9.76685;      -0.46751;3.44345;1
 -72.74399; 9.76953;      -0.46740;3.44345;1
 -72.77074; 9.77220;      -0.46732;3.44345;1
 -72.79752; 9.77488;      -0.46724;3.44345;1
 -72.82430; 9.77755;      -0.46717;3.44344;1
 -72.85104; 9.78023;      -0.46713;3.44344;1
 -72.87780; 9.78290;      -0.46705;3.44344;1
 -72.90458; 9.78558;      -0.46698;3.44343;1
 -72.93138; 9.78825;      -0.46691;3.44343;1
 -72.95817; 9.79093;      -0.46684;3.44343;1
 -72.98492; 9.79360;      -0.46677;3.44342;1
 -73.01168; 9.79628;      -0.46668;3.44342;1
 -73.03845; 9.79895;      -0.46662;3.44342;1
 -73.06524; 9.80163;      -0.46655;3.44342;1
 -73.09202; 9.80430;      -0.46649;3.44341;1
 -73.11877; 9.80698;      -0.46643;3.44341;1
 -73.14555; 9.80966;      -0.46635;3.44341;1
 -73.17233; 9.81233;      -0.46625;3.44340;1
 -73.19911; 9.81501;      -0.46616;3.44340;1
 -73.22586; 9.81768;      -0.46609;3.44340;1
 -73.25261; 9.82036;      -0.46601;3.44340;1
 -73.27937; 9.82303;      -0.46593;3.44339;1
 -73.30614; 9.82571;      -0.46586;3.44339;1
 -73.33290; 9.82838;      -0.46580;3.44339;1
 -73.35964; 9.83106;      -0.46573;3.44338;1
 -73.38637; 9.83373;      -0.46565;3.44338;1
 -73.41309; 9.83641;      -0.46556;3.44338;1
 -73.43982; 9.83908;      -0.46546;3.44337;1
 -73.46657; 9.84176;      -0.46536;3.44337;1
 -73.49329; 9.84443;      -0.46526;3.44337;1
 -73.51998; 9.84711;      -0.46516;3.44337;1
 -73.54672; 9.84978;      -0.46508;3.44336;1
 -73.57348; 9.85246;      -0.46497;3.44336;1
 -73.60022; 9.85513;      -0.46490;3.44336;1
 -73.62695; 9.85781;      -0.46482;3.44335;1
 -73.65369; 9.86048;      -0.46473;3.44335;1
 -73.68042; 9.86316;      -0.46464;3.44335;1
 -73.70716; 9.86583;      -0.46455;3.44334;1
 -73.73389; 9.86851;      -0.46446;3.44334;1
 -73.76062; 9.87118;      -0.46438;3.44334;1
 -73.78732; 9.87386;      -0.46428;3.44334;1
 -73.81401; 9.87653;      -0.46415;3.44333;1
 -73.84072; 9.87921;      -0.46398;3.44333;1
 -73.86740; 9.88188;      -0.46385;3.44333;1
 -73.89408; 9.88456;      -0.46374;3.44332;1
 -73.92079; 9.88723;      -0.46361;3.44332;1
 -73.94747; 9.88991;      -0.46349;3.44332;1
 -73.97415; 9.89258;      -0.46340;3.44331;1
 -74.00083; 9.89526;      -0.46331;3.44331;1
 -74.02750; 9.89793;      -0.46320;3.44331;1
 -74.05417; 9.90061;      -0.46309;3.44331;1
 -74.08087; 9.90328;      -0.46300;3.44330;1
 -74.10755; 9.90596;      -0.46292;3.44330;1
 -74.13424; 9.90863;      -0.46283;3.44330;1
 -74.16094; 9.91131;      -0.46274;3.44329;1
 -74.18765; 9.91398;      -0.46265;3.44329;1
 -74.21433; 9.91666;      -0.46256;3.44329;1
 -74.24102; 9.91933;      -0.46247;3.44328;1
 -74.26771; 9.92201;      -0.46243;3.44328;1
 -74.29437; 9.92469;      -0.46239;3.44328;1
 -74.32101; 9.92736;      -0.46232;3.44327;1
 -74.34768; 9.93004;      -0.46223;3.44327;1
 -74.37438; 9.93271;      -0.46212;3.44327;1
 -74.40104; 9.93539;      -0.46202;3.44326;1
 -74.42769; 9.93806;      -0.46190;3.44326;1
 -74.45436; 9.94074;      -0.46176;3.44326;1
 -74.48104; 9.94341;      -0.46165;3.44326;1
 -74.50768; 9.94609;      -0.46154;3.44325;1
 -74.53435; 9.94876;      -0.46146;3.44325;1
 -74.56102; 9.95144;      -0.46139;3.44325;1
 -74.58767; 9.95411;      -0.46134;3.44324;1
 -74.61431; 9.95679;      -0.46132;3.44324;1
 -74.64098; 9.95946;      -0.46121;3.44324;1
 -74.66765; 9.96214;      -0.46105;3.44323;1
 -74.69430; 9.96481;      -0.46092;3.44323;1
 -74.72095; 9.96749;      -0.46082;3.44323;1
 -74.74762; 9.97016;      -0.46068;3.44322;1
 -74.77429; 9.97284;      -0.46049;3.44322;1
 -74.80094; 9.97551;      -0.46038;3.44322;1
 -74.82759; 9.97819;      -0.46029;3.44321;1
 -74.85423; 9.98086;      -0.46019;3.44321;1
 -74.88089; 9.98354;      -0.46008;3.44321;1
 -74.90756; 9.98621;      -0.45997;3.44320;1
 -74.93421; 9.98889;      -0.45986;3.44320;1
 -74.96083; 9.99156;      -0.45976;3.44320;1
 -74.98745; 9.99424;      -0.45963;3.44320;1
 -75.01411; 9.99691;      -0.45947;3.44319;1
 -75.04078; 9.99959;      -0.45929;3.44319;1
 -75.06746;10.00226;      -0.45914;3.44319;1
 -75.09415;10.00494;      -0.45902;3.44318;1
 -75.12084;10.00761;      -0.45892;3.44318;1
 -75.14752;10.01029;      -0.45886;3.44318;1
 -75.17419;10.01296;      -0.45876;3.44317;1
 -75.20087;10.01564;      -0.45864;3.44317;1
 -75.22754;10.01831;      -0.45852;3.44317;1
 -75.25421;10.02099;      -0.45839;3.44316;1
 -75.28089;10.02366;      -0.45824;3.44316;1
 -75.30759;10.02634;      -0.45812;3.44316;1
 -75.33426;10.02901;      -0.45800;3.44315;1
 -75.36093;10.03169;      -0.45797;3.44315;1
 -75.38764;10.03436;      -0.45796;3.44315;1
 -75.41437;10.03704;      -0.45791;3.44314;1
 -75.44107;10.03972;      -0.45784;3.44314;1
 -75.46782;10.04239;      -0.45773;3.44314;1
 -75.49453;10.04507;      -0.45759;3.44313;1
 -75.52124;10.04774;      -0.45745;3.44313;1
 -75.54801;10.05042;      -0.45730;3.44313;1
 -75.57477;10.05309;      -0.45717;3.44312;1
 -75.60152;10.05577;      -0.45700;3.44312;1
 -75.62826;10.05844;      -0.45685;3.44312;1
 -75.65502;10.06112;      -0.45672;3.44311;1
 -75.68178;10.06379;      -0.45660;3.44311;1
 -75.70854;10.06647;      -0.45651;3.44311;1
 -75.73533;10.06914;      -0.45639;3.44310;1
 -75.76207;10.07182;      -0.45626;3.44310;1
 -75.78882;10.07449;      -0.45614;3.44310;1
 -75.81562;10.07717;      -0.45602;3.44309;1
 -75.84243;10.07984;      -0.45590;3.44309;1
 -75.86924;10.08252;      -0.45578;3.44309;1
 -75.89607;10.08519;      -0.45566;3.44308;1
 -75.92288;10.08787;      -0.45555;3.44308;1
 -75.94968;10.09054;      -0.45544;3.44308;1
 -75.97651;10.09322;      -0.45533;3.44307;1
 -76.00335;10.09589;      -0.45522;3.44307;1
 -76.03019;10.09857;      -0.45511;3.44307;1
 -76.05707;10.10124;      -0.45501;3.44306;1
 -76.08395;10.10392;      -0.45491;3.44306;1
 -76.11074;10.10659;      -0.45481;3.44306;1
 -76.13755;10.10927;      -0.45473;3.44305;1
 -76.16438;10.11194;      -0.45465;3.44305;1
 -76.19122;10.11462;      -0.45455;3.44305;1
 -76.21806;10.11729;      -0.45447;3.44304;1
 -76.24492;10.11997;      -0.45444;3.44304;1
 -76.27173;10.12264;      -0.45440;3.44304;1
 -76.29854;10.12532;      -0.45436;3.44303;1
 -76.32540;10.12799;      -0.45431;3.44303;1
 -76.35228;10.13067;      -0.45424;3.44302;1
 -76.37914;10.13334;      -0.45415;3.44302;1
 -76.40601;10.13602;      -0.45408;3.44302;1
 -76.43289;10.13869;      -0.45400;3.44301;1
 -76.45979;10.14137;      -0.45390;3.44301;1
 -76.48669;10.14404;      -0.45383;3.44301;1
 -76.51357;10.14672;      -0.45384;3.44300;1
 -76.54046;10.14940;      -0.45382;3.44300;1
 -76.56735;10.15207;      -0.45380;3.44300;1
 -76.59424;10.15475;      -0.45376;3.44299;1
 -76.62113;10.15742;      -0.45372;3.44299;1
 -76.64801;10.16010;      -0.45367;3.44299;1
 -76.67493;10.16277;      -0.45362;3.44298;1
 -76.70183;10.16545;      -0.45357;3.44298;1
 -76.72876;10.16812;      -0.45354;3.44298;1
 -76.75567;10.17080;      -0.45355;3.44297;1
 -76.78255;10.17347;      -0.45356;3.44297;1
 -76.80944;10.17615;      -0.45355;3.44297;1
 -76.83634;10.17882;      -0.45354;3.44296;1
 -76.86324;10.18150;      -0.45351;3.44296;1
 -76.89014;10.18417;      -0.45346;3.44295;1
 -76.91704;10.18685;      -0.45336;3.44295;1
 -76.94389;10.18952;      -0.45326;3.44295;1
 -76.97075;10.19220;      -0.45320;3.44294;1
 -76.99760;10.19487;      -0.45317;3.44294;1
 -77.02444;10.19755;      -0.45313;3.44294;1
 -77.05128;10.20022;      -0.45309;3.44293;1
 -77.07811;10.20290;      -0.45305;3.44293;1
 -77.10491;10.20557;      -0.45303;3.44293;1
 -77.13171;10.20825;      -0.45298;3.44292;1
 -77.15852;10.21092;      -0.45292;3.44292;1
 -77.18532;10.21360;      -0.45289;3.44292;1
 -77.21213;10.21627;      -0.45287;3.44291;1
 -77.23895;10.21895;      -0.45282;3.44291;1
 -77.26575;10.22162;      -0.45278;3.44290;1
 -77.29253;10.22430;      -0.45276;3.44290;1
 -77.31930;10.22697;      -0.45271;3.44290;1
 -77.34609;10.22965;      -0.45262;3.44289;1
 -77.37287;10.23232;      -0.45255;3.44289;1
 -77.39968;10.23500;      -0.45249;3.44289;1
 -77.42644;10.23767;      -0.45243;3.44288;1
 -77.45316;10.24035;      -0.45237;3.44288;1
 -77.47993;10.24302;      -0.45232;3.44288;1
 -77.50664;10.24570;      -0.45228;3.44287;1
 -77.53337;10.24837;      -0.45223;3.44287;1
 -77.56011;10.25105;      -0.45219;3.44286;1
 -77.58682;10.25372;      -0.45217;3.44286;1
 -77.61353;10.25640;      -0.45215;3.44286;1
 -77.64022;10.25907;      -0.45210;3.44285;1
 -77.66690;10.26175;      -0.45204;3.44285;1
 -77.69361;10.26443;      -0.45199;3.44285;1
 -77.72033;10.26710;      -0.45192;3.44284;1
 -77.74707;10.26978;      -0.45177;3.44284;1
 -77.77375;10.27245;      -0.45160;3.44284;1
 -77.80045;10.27513;      -0.45146;3.44283;1
 -77.82716;10.27780;      -0.45132;3.44283;1
 -77.85384;10.28048;      -0.45119;3.44282;1
 -77.88051;10.28315;      -0.45108;3.44282;1
 -77.90720;10.28583;      -0.45099;3.44282;1
 -77.93389;10.28850;      -0.45089;3.44281;1
 -77.96060;10.29118;      -0.45081;3.44281;1
 -77.98730;10.29385;      -0.45076;3.44281;1
 -78.01398;10.29653;      -0.45070;3.44280;1
 -78.04066;10.29920;      -0.45062;3.44280;1
 -78.06734;10.30188;      -0.45052;3.44280;1
 -78.09399;10.30455;      -0.45035;3.44279;1
 -78.12063;10.30723;      -0.45013;3.44279;1
 -78.14733;10.30990;      -0.44993;3.44278;1
 -78.17404;10.31258;      -0.44977;3.44278;1
 -78.20074;10.31525;      -0.44963;3.44278;1
 -78.22747;10.31793;      -0.44948;3.44277;1
 -78.25420;10.32060;      -0.44931;3.44277;1
 -78.28092;10.32328;      -0.44915;3.44277;1
 -78.30769;10.32595;      -0.44901;3.44276;1
 -78.33446;10.32863;      -0.44890;3.44276;1
 -78.36121;10.33130;      -0.44881;3.44275;1
 -78.38795;10.33398;      -0.44872;3.44275;1
 -78.41470;10.33665;      -0.44865;3.44275;1
 -78.44147;10.33933;      -0.44856;3.44274;1
 -78.46826;10.34200;      -0.44845;3.44274;1
 -78.49504;10.34468;      -0.44832;3.44274;1
 -78.52181;10.34735;      -0.44820;3.44273;1
 -78.54862;10.35003;      -0.44810;3.44273;1
 -78.57542;10.35270;      -0.44801;3.44272;1
 -78.60222;10.35538;      -0.44791;3.44272;1
 -78.62905;10.35805;      -0.44779;3.44272;1
 -78.65592;10.36073;      -0.44765;3.44271;1
 -78.68280;10.36340;      -0.44753;3.44271;1
 -78.70966;10.36608;      -0.44745;3.44270;1
 -78.73653;10.36875;      -0.44733;3.44270;1
 -78.76343;10.37143;      -0.44722;3.44270;1
 -78.79036;10.37410;      -0.44713;3.44269;1
 -78.81729;10.37678;      -0.44707;3.44269;1
 -78.84424;10.37946;      -0.44705;3.44268;1
 -78.87122;10.38213;      -0.44702;3.44268;1
 -78.89821;10.38481;      -0.44698;3.44268;1
 -78.92522;10.38748;      -0.44693;3.44267;1
 -78.95226;10.39016;      -0.44688;3.44267;1
 -78.97934;10.39283;      -0.44682;3.44267;1
 -79.00642;10.39551;      -0.44677;3.44266;1
 -79.03352;10.39818;      -0.44671;3.44266;1
 -79.06066;10.40086;      -0.44663;3.44265;1
 -79.08783;10.40353;      -0.44659;3.44265;1
 -79.11501;10.40621;      -0.44662;3.44265;1
 -79.14223;10.40888;      -0.44664;3.44264;1
 -79.16943;10.41156;      -0.44667;3.44264;1
 -79.19664;10.41423;      -0.44670;3.44263;1
 -79.22391;10.41691;      -0.44670;3.44263;1
 -79.25118;10.41958;      -0.44668;3.44263;1
 -79.27848;10.42226;      -0.44671;3.44262;1
 -79.30582;10.42493;      -0.44676;3.44262;1
 -79.33318;10.42761;      -0.44682;3.44261;1
 -79.36052;10.43028;      -0.44688;3.44261;1
 -79.38785;10.43296;      -0.44690;3.44261;1
 -79.41522;10.43563;      -0.44692;3.44260;1
 -79.44260;10.43831;      -0.44696;3.44260;1
 -79.47001;10.44098;      -0.44701;3.44259;1
 -79.49744;10.44366;      -0.44707;3.44259;1
 -79.52489;10.44633;      -0.44713;3.44259;1
 -79.55233;10.44901;      -0.44723;3.44258;1
 -79.57980;10.45168;      -0.44732;3.44258;1
 -79.60729;10.45436;      -0.44741;3.44257;1
 -79.63481;10.45703;      -0.44750;3.44257;1
 -79.66233;10.45971;      -0.44756;3.44257;1
 -79.68987;10.46238;      -0.44761;3.44256;1
 -79.71740;10.46506;      -0.44767;3.44256;1
 -79.74495;10.46773;      -0.44771;3.44255;1
 -79.77251;10.47041;      -0.44774;3.44255;1
 -79.80006;10.47308;      -0.44783;3.44255;1
 -79.82763;10.47576;      -0.44794;3.44254;1
 -79.85523;10.47843;      -0.44805;3.44254;1
 -79.88285;10.48111;      -0.44817;3.44253;1
 -79.91048;10.48378;      -0.44831;3.44253;1
 -79.93812;10.48646;      -0.44847;3.44252;1
 -79.96577;10.48913;      -0.44861;3.44252;1
 -79.99341;10.49181;      -0.44868;3.44252;1
 -80.02104;10.49449;      -0.44874;3.44251;1
 -80.04865;10.49716;      -0.44880;3.44251;1
 -80.07628;10.49984;      -0.44883;3.44250;1
 -80.10392;10.50251;      -0.44893;3.44250;1
 -80.13158;10.50519;      -0.44906;3.44250;1
 -80.15924;10.50786;      -0.44919;3.44249;1
 -80.18690;10.51054;      -0.44932;3.44249;1
 -80.21460;10.51321;      -0.44942;3.44248;1
 -80.24229;10.51589;      -0.44951;3.44248;1
 -80.26993;10.51856;      -0.44959;3.44247;1
 -80.29755;10.52124;      -0.44966;3.44247;1
 -80.32519;10.52391;      -0.44972;3.44247;1
 -80.35283;10.52659;      -0.44980;3.44246;1
 -80.38044;10.52926;      -0.44998;3.44246;1
 -80.40807;10.53194;      -0.45012;3.44245;1
 -80.43570;10.53461;      -0.45021;3.44245;1
 -80.46333;10.53729;      -0.45031;3.44245;1
 -80.49095;10.53996;      -0.45039;3.44244;1
 -80.51856;10.54264;      -0.45050;3.44244;1
 -80.54615;10.54531;      -0.45062;3.44243;1
 -80.57374;10.54799;      -0.45075;3.44243;1
 -80.60132;10.55066;      -0.45087;3.44242;1
 -80.62890;10.55334;      -0.45095;3.44242;1
 -80.65647;10.55601;      -0.45097;3.44242;1
 -80.68404;10.55869;      -0.45099;3.44241;1
 -80.71156;10.56136;      -0.45101;3.44241;1
 -80.73905;10.56404;      -0.45104;3.44240;1
 -80.76655;10.56671;      -0.45108;3.44240;1
 -80.79403;10.56939;      -0.45111;3.44239;1
 -80.82150;10.57206;      -0.45112;3.44239;1
 -80.84892;10.57474;      -0.45114;3.44239;1
 -80.87630;10.57741;      -0.45116;3.44238;1
 -80.90368;10.58009;      -0.45119;3.44238;1
 -80.93105;10.58276;      -0.45121;3.44237;1
 -80.95839;10.58544;      -0.45119;3.44237;1
 -80.98572;10.58811;      -0.45118;3.44236;1
 -81.01302;10.59079;      -0.45121;3.44236;1
 -81.04027;10.59346;      -0.45124;3.44236;1
 -81.06753;10.59614;      -0.45120;3.44235;1
 -81.09477;10.59881;      -0.45116;3.44235;1
 -81.12200;10.60149;      -0.45113;3.44234;1
 -81.14918;10.60416;      -0.45112;3.44234;1
 -81.17630;10.60684;      -0.45109;3.44233;1
 -81.20343;10.60952;      -0.45105;3.44233;1
 -81.23051;10.61219;      -0.45099;3.44233;1
 -81.25755;10.61487;      -0.45093;3.44232;1
 -81.28458;10.61754;      -0.45089;3.44232;1
 -81.31157;10.62022;      -0.45087;3.44231;1
 -81.33854;10.62289;      -0.45085;3.44231;1
 -81.36546;10.62557;      -0.45074;3.44230;1
 -81.39234;10.62824;      -0.45056;3.44230;1
 -81.41922;10.63092;      -0.45043;3.44230;1
 -81.44610;10.63359;      -0.45036;3.44229;1
 -81.47297;10.63627;      -0.45028;3.44229;1
 -81.49977;10.63894;      -0.45015;3.44228;1
 -81.52652;10.64162;      -0.44991;3.44228;1
 -81.55325;10.64429;      -0.44964;3.44227;1
 -81.57996;10.64697;      -0.44943;3.44227;1
 -81.60663;10.64964;      -0.44924;3.44227;1
 -81.63329;10.65232;      -0.44909;3.44226;1
 -81.65992;10.65499;      -0.44895;3.44226;1
 -81.68651;10.65767;      -0.44876;3.44225;1
 -81.71305;10.66034;      -0.44854;3.44225;1
 -81.73956;10.66302;      -0.44836;3.44224;1
 -81.76604;10.66569;      -0.44821;3.44224;1
 -81.79254;10.66837;      -0.44807;3.44224;1
 -81.81899;10.67104;      -0.44793;3.44223;1
 -81.84537;10.67372;      -0.44775;3.44223;1
 -81.87176;10.67639;      -0.44756;3.44222;1
 -81.89815;10.67907;      -0.44736;3.44222;1
 -81.92448;10.68174;      -0.44714;3.44221;1
 -81.95076;10.68442;      -0.44687;3.44221;1
 -81.97703;10.68709;      -0.44660;3.44221;1
 -82.00326;10.68977;      -0.44639;3.44220;1
 -82.02948;10.69244;      -0.44617;3.44220;1
 -82.05569;10.69512;      -0.44595;3.44219;1
 -82.08190;10.69779;      -0.44571;3.44219;1
 -82.10812;10.70047;      -0.44544;3.44219;1
 -82.13433;10.70314;      -0.44514;3.44218;1
 -82.16051;10.70582;      -0.44486;3.44218;1
 -82.18664;10.70849;      -0.44463;3.44217;1
 -82.21277;10.71117;      -0.44439;3.44217;1
 -82.23891;10.71384;      -0.44410;3.44216;1
 -82.26501;10.71652;      -0.44381;3.44216;1
 -82.29109;10.71919;      -0.44350;3.44216;1
 -82.31716;10.72187;      -0.44323;3.44215;1
 -82.34321;10.72455;      -0.44297;3.44215;1
 -82.36924;10.72722;      -0.44267;3.44214;1
 -82.39523;10.72990;      -0.44237;3.44214;1
 -82.42124;10.73257;      -0.44209;3.44213;1
 -82.44723;10.73525;      -0.44180;3.44213;1
 -82.47321;10.73792;      -0.44151;3.44213;1
 -82.49920;10.74060;      -0.44121;3.44212;1
 -82.52518;10.74327;      -0.44090;3.44212;1
 -82.55117;10.74595;      -0.44055;3.44211;1
 -82.57712;10.74862;      -0.44024;3.44211;1
 -82.60304;10.75130;      -0.43993;3.44210;1
 -82.62897;10.75397;      -0.43962;3.44210;1
 -82.65490;10.75665;      -0.43936;3.44210;1
 -82.68084;10.75932;      -0.43911;3.44209;1
 -82.70677;10.76200;      -0.43884;3.44209;1
 -82.73270;10.76467;      -0.43856;3.44208;1
 -82.75863;10.76735;      -0.43823;3.44208;1
 -82.78454;10.77002;      -0.43786;3.44207;1
 -82.81046;10.77270;      -0.43756;3.44207;1
 -82.83639;10.77537;      -0.43726;3.44206;1
 -82.86231;10.77805;      -0.43697;3.44206;1
 -82.88824;10.78072;      -0.43671;3.44206;1
 -82.91420;10.78340;      -0.43646;3.44205;1
 -82.94013;10.78607;      -0.43618;3.44205;1
 -82.96606;10.78875;      -0.43591;3.44204;1
 -82.99200;10.79142;      -0.43568;3.44204;1
 -83.01796;10.79410;      -0.43547;3.44203;1
 -83.04390;10.79677;      -0.43526;3.44203;1
 -83.06984;10.79945;      -0.43503;3.44203;1
 -83.09576;10.80212;      -0.43476;3.44202;1
 -83.12167;10.80480;      -0.43447;3.44202;1
 -83.14763;10.80747;      -0.43424;3.44201;1
 -83.17363;10.81015;      -0.43407;3.44201;1
 -83.19961;10.81282;      -0.43388;3.44200;1
 -83.22558;10.81550;      -0.43370;3.44200;1
 -83.25156;10.81817;      -0.43362;3.44199;1
 -83.27755;10.82085;      -0.43354;3.44199;1
 -83.30356;10.82352;      -0.43333;3.44199;1
 -83.32957;10.82620;      -0.43311;3.44198;1
 -83.35560;10.82887;      -0.43286;3.44198;1
 -83.38165;10.83155;      -0.43262;3.44197;1
 -83.40770;10.83423;      -0.43240;3.44197;1
 -83.43375;10.83690;      -0.43224;3.44196;1
 -83.45981;10.83958;      -0.43214;3.44196;1
 -83.48588;10.84225;      -0.43201;3.44196;1
 -83.51198;10.84493;      -0.43187;3.44195;1
 -83.53807;10.84760;      -0.43175;3.44195;1
 -83.56415;10.85028;      -0.43161;3.44194;1
 -83.59028;10.85295;      -0.43146;3.44194;1
 -83.61643;10.85563;      -0.43128;3.44193;1
 -83.64258;10.85830;      -0.43108;3.44193;1
 -83.66872;10.86098;      -0.43090;3.44192;1
 -83.69486;10.86365;      -0.43074;3.44192;1
 -83.72103;10.86633;      -0.43057;3.44191;1
 -83.74723;10.86900;      -0.43039;3.44191;1
 -83.77344;10.87168;      -0.43024;3.44191;1
 -83.79966;10.87435;      -0.43011;3.44190;1
 -83.82589;10.87703;      -0.42999;3.44190;1
 -83.85210;10.87970;      -0.42989;3.44189;1
 -83.87832;10.88238;      -0.42976;3.44189;1
 -83.90459;10.88505;      -0.42956;3.44188;1
 -83.93085;10.88773;      -0.42935;3.44188;1
 -83.95712;10.89040;      -0.42915;3.44187;1
 -83.98341;10.89308;      -0.42898;3.44187;1
 -84.00968;10.89575;      -0.42880;3.44186;1
 -84.03596;10.89843;      -0.42864;3.44186;1
 -84.06224;10.90110;      -0.42850;3.44186;1
 -84.08852;10.90378;      -0.42834;3.44185;1
 -84.11480;10.90645;      -0.42817;3.44185;1
 -84.14110;10.90913;      -0.42804;3.44184;1
 -84.16740;10.91180;      -0.42794;3.44184;1
 -84.19370;10.91448;      -0.42785;3.44183;1
 -84.21998;10.91715;      -0.42771;3.44183;1
 -84.24630;10.91983;      -0.42754;3.44182;1
 -84.27264;10.92250;      -0.42742;3.44182;1
 -84.29897;10.92518;      -0.42731;3.44181;1
 -84.32532;10.92785;      -0.42716;3.44181;1
 -84.35167;10.93053;      -0.42696;3.44180;1
 -84.37799;10.93320;      -0.42675;3.44180;1
 -84.40433;10.93588;      -0.42660;3.44180;1
 -84.43067;10.93855;      -0.42644;3.44179;1
 -84.45700;10.94123;      -0.42624;3.44179;1
 -84.48333;10.94390;      -0.42605;3.44178;1
 -84.50966;10.94658;      -0.42590;3.44178;1
 -84.53597;10.94926;      -0.42572;3.44177;1
 -84.56230;10.95193;      -0.42553;3.44177;1
 -84.58863;10.95461;      -0.42533;3.44176;1
 -84.61496;10.95728;      -0.42513;3.44176;1
 -84.64128;10.95996;      -0.42497;3.44175;1
 -84.66758;10.96263;      -0.42483;3.44175;1
 -84.69382;10.96531;      -0.42467;3.44174;1
 -84.72007;10.96798;      -0.42451;3.44174;1
 -84.74634;10.97066;      -0.42440;3.44173;1
 -84.77260;10.97333;      -0.42434;3.44173;1
 -84.79888;10.97601;      -0.42426;3.44173;1
 -84.82511;10.97868;      -0.42418;3.44172;1
 -84.85134;10.98136;      -0.42411;3.44172;1
 -84.87759;10.98403;      -0.42405;3.44171;1
 -84.90382;10.98671;      -0.42399;3.44171;1
 -84.93008;10.98938;      -0.42388;3.44170;1
 -84.95633;10.99206;      -0.42372;3.44170;1
 -84.98257;10.99473;      -0.42357;3.44169;1
 -85.00878;10.99741;      -0.42342;3.44169;1
 -85.03500;11.00008;      -0.42329;3.44168;1
 -85.06125;11.00276;      -0.42316;3.44168;1
 -85.08748;11.00543;      -0.42307;3.44167;1
 -85.11375;11.00811;      -0.42295;3.44167;1
 -85.14000;11.01078;      -0.42281;3.44166;1
 -85.16619;11.01346;      -0.42268;3.44166;1
 -85.19241;11.01613;      -0.42251;3.44165;1
 -85.21862;11.01881;      -0.42236;3.44165;1
 -85.24488;11.02148;      -0.42224;3.44165;1
 -85.27114;11.02416;      -0.42213;3.44164;1
 -85.29736;11.02683;      -0.42201;3.44164;1
 -85.32361;11.02951;      -0.42188;3.44163;1
 -85.34983;11.03218;      -0.42180;3.44163;1
 -85.37605;11.03486;      -0.42174;3.44162;1
 -85.40228;11.03753;      -0.42166;3.44162;1
 -85.42851;11.04021;      -0.42157;3.44161;1
 -85.45473;11.04288;      -0.42157;3.44161;1
 -85.48097;11.04556;      -0.42154;3.44160;1
 -85.50722;11.04823;      -0.42150;3.44160;1
 -85.53347;11.05091;      -0.42145;3.44159;1
 -85.55975;11.05358;      -0.42135;3.44159;1
 -85.58598;11.05626;      -0.42122;3.44158;1
 -85.61218;11.05893;      -0.42112;3.44158;1
 -85.63838;11.06161;      -0.42100;3.44157;1
 -85.66459;11.06429;      -0.42087;3.44157;1
 -85.69083;11.06696;      -0.42075;3.44156;1
 -85.71708;11.06964;      -0.42054;3.44156;1
 -85.74331;11.07231;      -0.42031;3.44155;1
 -85.76955;11.07499;      -0.42015;3.44155;1
 -85.79578;11.07766;      -0.42005;3.44154;1
 -85.82200;11.08034;      -0.41994;3.44154;1
 -85.84820;11.08301;      -0.41982;3.44153;1
 -85.87442;11.08569;      -0.41975;3.44153;1
 -85.90063;11.08836;      -0.41973;3.44152;1
 -85.92685;11.09104;      -0.41971;3.44152;1
 -85.95309;11.09371;      -0.41961;3.44152;1
 -85.97935;11.09639;      -0.41943;3.44151;1
 -86.00561;11.09906;      -0.41932;3.44151;1
 -86.03187;11.10174;      -0.41923;3.44150;1
 -86.05813;11.10441;      -0.41914;3.44150;1
 -86.08439;11.10709;      -0.41902;3.44149;1
 -86.11065;11.10976;      -0.41892;3.44149;1
 -86.13690;11.11244;      -0.41885;3.44148;1
 -86.16314;11.11511;      -0.41880;3.44148;1
 -86.18941;11.11779;      -0.41873;3.44147;1
 -86.21569;11.12046;      -0.41863;3.44147;1
 -86.24192;11.12314;      -0.41852;3.44146;1
 -86.26815;11.12581;      -0.41837;3.44146;1
 -86.29442;11.12849;      -0.41820;3.44145;1
 -86.32071;11.13116;      -0.41805;3.44145;1
 -86.34700;11.13384;      -0.41794;3.44144;1
 -86.37334;11.13651;      -0.41782;3.44144;1
 -86.39970;11.13919;      -0.41775;3.44143;1
 -86.42603;11.14186;      -0.41773;3.44143;1
 -86.45237;11.14454;      -0.41773;3.44142;1
 -86.47874;11.14721;      -0.41773;3.44142;1
 -86.50510;11.14989;      -0.41769;3.44141;1
 -86.53150;11.15256;      -0.41760;3.44141;1
 -86.55791;11.15524;      -0.41751;3.44140;1
 -86.58435;11.15791;      -0.41744;3.44140;1
 -86.61081;11.16059;      -0.41738;3.44139;1
 -86.63727;11.16326;      -0.41731;3.44139;1
 -86.66377;11.16594;      -0.41726;3.44138;1
 -86.69033;11.16861;      -0.41724;3.44138;1
 -86.71691;11.17129;      -0.41720;3.44137;1
 -86.74347;11.17396;      -0.41714;3.44137;1
 -86.77008;11.17664;      -0.41710;3.44136;1
 -86.79669;11.17932;      -0.41707;3.44136;1
 -86.82334;11.18199;      -0.41705;3.44135;1
 -86.85003;11.18467;      -0.41700;3.44135;1
 -86.87670;11.18734;      -0.41693;3.44134;1
 -86.90337;11.19002;      -0.41685;3.44134;1
 -86.93006;11.19269;      -0.41680;3.44133;1
 -86.95675;11.19537;      -0.41677;3.44133;1
 -86.98347;11.19804;      -0.41676;3.44132;1
 -87.01024;11.20072;      -0.41674;3.44132;1
 -87.03704;11.20339;      -0.41673;3.44131;1
 -87.06383;11.20607;      -0.41678;3.44131;1
 -87.09069;11.20874;      -0.41683;3.44130;1
 -87.11754;11.21142;      -0.41685;3.44129;1
 -87.14438;11.21409;      -0.41687;3.44129;1
 -87.17125;11.21677;      -0.41688;3.44128;1
 -87.19811;11.21944;      -0.41687;3.44128;1
 -87.22504;11.22212;      -0.41686;3.44127;1
 -87.25197;11.22479;      -0.41686;3.44127;1
 -87.27888;11.22747;      -0.41687;3.44126;1
 -87.30585;11.23014;      -0.41683;3.44126;1
 -87.33281;11.23282;      -0.41674;3.44125;1
 -87.35982;11.23549;      -0.41669;3.44125;1
 -87.38682;11.23817;      -0.41673;3.44124;1
 -87.41382;11.24084;      -0.41679;3.44124;1
 -87.44085;11.24352;      -0.41683;3.44123;1
 -87.46789;11.24619;      -0.41687;3.44123;1
 -87.49492;11.24887;      -0.41698;3.44122;1
 -87.52197;11.25154;      -0.41707;3.44122;1
 -87.54904;11.25422;      -0.41711;3.44121;1
 -87.57612;11.25689;      -0.41714;3.44121;1
 -87.60322;11.25957;      -0.41716;3.44120;1
 -87.63036;11.26224;      -0.41723;3.44120;1
 -87.65753;11.26492;      -0.41730;3.44119;1
 -87.68470;11.26759;      -0.41733;3.44119;1
 -87.71190;11.27027;      -0.41736;3.44118;1
 -87.73908;11.27294;      -0.41742;3.44117;1
 -87.76627;11.27562;      -0.41749;3.44117;1
 -87.79346;11.27829;      -0.41754;3.44116;1
 -87.82067;11.28097;      -0.41765;3.44116;1
 -87.84791;11.28364;      -0.41780;3.44115;1
 -87.87519;11.28632;      -0.41785;3.44115;1
 -87.90246;11.28899;      -0.41790;3.44114;1
 -87.92975;11.29167;      -0.41798;3.44114;1
 -87.95704;11.29435;      -0.41808;3.44113;1
 -87.98431;11.29702;      -0.41820;3.44113;1
 -88.01160;11.29970;      -0.41841;3.44112;1
 -88.03892;11.30237;      -0.41855;3.44112;1
 -88.06624;11.30505;      -0.41865;3.44111;1
 -88.09355;11.30772;      -0.41878;3.44110;1
 -88.12086;11.31040;      -0.41895;3.44110;1
 -88.14816;11.31307;      -0.41907;3.44109;1
 -88.17545;11.31575;      -0.41915;3.44109;1
 -88.20278;11.31842;      -0.41923;3.44108;1
 -88.23012;11.32110;      -0.41932;3.44108;1
 -88.25744;11.32377;      -0.41942;3.44107;1
 -88.28478;11.32645;      -0.41955;3.44107;1
 -88.31215;11.32912;      -0.41969;3.44106;1
 -88.33950;11.33180;      -0.41982;3.44106;1
 -88.36683;11.33447;      -0.41995;3.44105;1
 -88.39415;11.33715;      -0.42008;3.44104;1
 -88.42148;11.33982;      -0.42020;3.44104;1
 -88.44879;11.34250;      -0.42034;3.44103;1
 -88.47613;11.34517;      -0.42046;3.44103;1
 -88.50344;11.34785;      -0.42055;3.44102;1
 -88.53072;11.35052;      -0.42068;3.44102;1
 -88.55801;11.35320;      -0.42083;3.44101;1
 -88.58527;11.35587;      -0.42094;3.44101;1
 -88.61254;11.35855;      -0.42105;3.44100;1
 -88.63980;11.36122;      -0.42113;3.44100;1
 -88.66701;11.36390;      -0.42122;3.44099;1
 -88.69422;11.36657;      -0.42132;3.44098;1
 -88.72144;11.36925;      -0.42139;3.44098;1
 -88.74865;11.37192;      -0.42145;3.44097;1
 -88.77585;11.37460;      -0.42150;3.44097;1
 -88.80301;11.37727;      -0.42158;3.44096;1
 -88.83014;11.37995;      -0.42167;3.44096;1
 -88.85724;11.38262;      -0.42176;3.44095;1
 -88.88434;11.38530;      -0.42183;3.44095;1
 -88.91144;11.38797;      -0.42185;3.44094;1
 -88.93853;11.39065;      -0.42185;3.44093;1
 -88.96560;11.39332;      -0.42186;3.44093;1
 -88.99262;11.39600;      -0.42190;3.44092;1
 -89.01967;11.39867;      -0.42195;3.44092;1
 -89.04670;11.40135;      -0.42201;3.44091;1
 -89.07370;11.40403;      -0.42207;3.44091;1
 -89.10070;11.40670;      -0.42209;3.44090;1
 -89.12766;11.40938;      -0.42209;3.44090;1
 -89.15458;11.41205;      -0.42208;3.44089;1
 -89.18147;11.41473;      -0.42207;3.44089;1
 -89.20836;11.41740;      -0.42205;3.44088;1
 -89.23527;11.42008;      -0.42206;3.44087;1
 -89.26217;11.42275;      -0.42209;3.44087;1
 -89.28901;11.42543;      -0.42212;3.44086;1
 -89.31583;11.42810;      -0.42214;3.44086;1
 -89.34265;11.43078;      -0.42216;3.44085;1
 -89.36944;11.43345;      -0.42216;3.44085;1
 -89.39625;11.43613;      -0.42215;3.44084;1
 -89.42301;11.43880;      -0.42214;3.44084;1
 -89.44978;11.44148;      -0.42212;3.44083;1
 -89.47652;11.44415;      -0.42203;3.44082;1
 -89.50322;11.44683;      -0.42191;3.44082;1
 -89.52993;11.44950;      -0.42186;3.44081;1
 -89.55667;11.45218;      -0.42178;3.44081;1
 -89.58341;11.45485;      -0.42167;3.44080;1
 -89.61011;11.45753;      -0.42159;3.44080;1
 -89.63679;11.46020;      -0.42151;3.44079;1
 -89.66343;11.46288;      -0.42140;3.44079;1
 -89.69005;11.46555;      -0.42126;3.44078;1
 -89.71665;11.46823;      -0.42113;3.44077;1
 -89.74324;11.47090;      -0.42101;3.44077;1
 -89.76983;11.47358;      -0.42087;3.44076;1
 -89.79641;11.47625;      -0.42073;3.44076;1
 -89.82301;11.47893;      -0.42061;3.44075;1
 -89.84957;11.48160;      -0.42050;3.44075;1
 -89.87612;11.48428;      -0.42038;3.44074;1
 -89.90267;11.48695;      -0.42026;3.44074;1
 -89.92920;11.48963;      -0.42012;3.44073;1
 -89.95572;11.49230;      -0.42000;3.44073;1
 -89.98223;11.49498;      -0.41988;3.44072;1
 -90.00876;11.49765;      -0.41976;3.44071;1
 -90.03528;11.50033;      -0.41963;3.44071;1
 -90.06181;11.50300;      -0.41949;3.44070;1
 -90.08831;11.50568;      -0.41932;3.44070;1
 -90.11480;11.50835;      -0.41919;3.44069;1
 -90.14131;11.51103;      -0.41911;3.44069;1
 -90.16783;11.51370;      -0.41902;3.44068;1
 -90.19435;11.51638;      -0.41890;3.44067;1
 -90.22090;11.51906;      -0.41875;3.44067;1
 -90.24746;11.52173;      -0.41859;3.44066;1
 -90.27402;11.52441;      -0.41840;3.44066;1
 -90.30056;11.52708;      -0.41820;3.44065;1
 -90.32710;11.52976;      -0.41801;3.44065;1
 -90.35364;11.53243;      -0.41784;3.44064;1
 -90.38017;11.53511;      -0.41767;3.44064;1
 -90.40671;11.53778;      -0.41749;3.44063;1
 -90.43326;11.54046;      -0.41732;3.44062;1
 -90.45980;11.54313;      -0.41717;3.44062;1
 -90.48633;11.54581;      -0.41702;3.44061;1
 -90.51288;11.54848;      -0.41686;3.44061;1
 -90.53946;11.55116;      -0.41669;3.44060;1
 -90.56607;11.55383;      -0.41654;3.44060;1
 -90.59269;11.55651;      -0.41641;3.44059;1
 -90.61932;11.55918;      -0.41626;3.44058;1
 -90.64591;11.56186;      -0.41611;3.44058;1
 -90.67252;11.56453;      -0.41600;3.44057;1
 -90.69919;11.56721;      -0.41592;3.44057;1
 -90.72588;11.56988;      -0.41584;3.44056;1
 -90.75254;11.57256;      -0.41570;3.44056;1
 -90.77916;11.57523;      -0.41555;3.44055;1
 -90.80581;11.57791;      -0.41541;3.44055;1
 -90.83248;11.58058;      -0.41528;3.44054;1
 -90.85917;11.58326;      -0.41515;3.44053;1
 -90.88587;11.58593;      -0.41501;3.44053;1
 -90.91260;11.58861;      -0.41487;3.44052;1
 -90.93933;11.59128;      -0.41471;3.44052;1
 -90.96607;11.59396;      -0.41456;3.44051;1
 -90.99282;11.59663;      -0.41443;3.44050;1
 -91.01960;11.59931;      -0.41430;3.44050;1
 -91.04639;11.60198;      -0.41422;3.44049;1
 -91.07316;11.60466;      -0.41420;3.44049;1
 -91.09990;11.60733;      -0.41417;3.44048;1
 -91.12665;11.61001;      -0.41412;3.44048;1
 -91.15341;11.61268;      -0.41408;3.44047;1
 -91.18017;11.61536;      -0.41400;3.44046;1
 -91.20697;11.61803;      -0.41390;3.44046;1
 -91.23381;11.62071;      -0.41380;3.44045;1
 -91.26065;11.62338;      -0.41370;3.44045;1
 -91.28747;11.62606;      -0.41368;3.44044;1
 -91.31432;11.62873;      -0.41363;3.44044;1
 -91.34121;11.63141;      -0.41356;3.44043;1
 -91.36812;11.63409;      -0.41351;3.44042;1
 -91.39502;11.63676;      -0.41347;3.44042;1
 -91.42190;11.63944;      -0.41342;3.44041;1
 -91.44882;11.64211;      -0.41339;3.44041;1
 -91.47575;11.64479;      -0.41339;3.44040;1
 -91.50269;11.64746;      -0.41339;3.44039;1
 -91.52965;11.65014;      -0.41340;3.44039;1
 -91.55661;11.65281;      -0.41338;3.44038;1
 -91.58354;11.65549;      -0.41336;3.44038;1
 -91.61046;11.65816;      -0.41332;3.44037;1
 -91.63742;11.66084;      -0.41327;3.44036;1
 -91.66444;11.66351;      -0.41323;3.44036;1
 -91.69146;11.66619;      -0.41321;3.44035;1
 -91.71849;11.66886;      -0.41320;3.44035;1
 -91.74554;11.67154;      -0.41320;3.44034;1
 -91.77258;11.67421;      -0.41319;3.44034;1
 -91.79960;11.67689;      -0.41316;3.44033;1
 -91.82666;11.67956;      -0.41316;3.44032;1
 -91.85368;11.68224;      -0.41310;3.44032;1
 -91.88073;11.68491;      -0.41303;3.44031;1
 -91.90781;11.68759;      -0.41302;3.44031;1
 -91.93487;11.69026;      -0.41302;3.44030;1
 -91.96194;11.69294;      -0.41300;3.44029;1
 -91.98906;11.69561;      -0.41297;3.44029;1
 -92.01614;11.69829;      -0.41295;3.44028;1
 -92.04321;11.70096;      -0.41293;3.44028;1
 -92.07034;11.70364;      -0.41289;3.44027;1
 -92.09744;11.70631;      -0.41284;3.44026;1
 -92.12451;11.70899;      -0.41278;3.44026;1
 -92.15162;11.71166;      -0.41274;3.44025;1
 -92.17875;11.71434;      -0.41272;3.44025;1
 -92.20584;11.71701;      -0.41270;3.44024;1
 -92.23294;11.71969;      -0.41270;3.44023;1
 -92.26006;11.72236;      -0.41270;3.44023;1
 -92.28715;11.72504;      -0.41269;3.44022;1
 -92.31424;11.72771;      -0.41268;3.44022;1
 -92.34140;11.73039;      -0.41267;3.44021;1
 -92.36857;11.73306;      -0.41265;3.44020;1
 -92.39570;11.73574;      -0.41263;3.44020;1
 -92.42283;11.73841;      -0.41260;3.44019;1
 -92.44997;11.74109;      -0.41258;3.44018;1
 -92.47710;11.74376;      -0.41256;3.44018;1
 -92.50430;11.74644;      -0.41252;3.44017;1
 -92.53148;11.74912;      -0.41249;3.44017;1
 -92.55862;11.75179;      -0.41246;3.44016;1
 -92.58577;11.75447;      -0.41243;3.44015;1
 -92.61290;11.75714;      -0.41242;3.44015;1
 -92.64002;11.75982;      -0.41240;3.44014;1
 -92.66713;11.76249;      -0.41237;3.44014;1
 -92.69425;11.76517;      -0.41237;3.44013;1
 -92.72137;11.76784;      -0.41237;3.44012;1
 -92.74850;11.77052;      -0.41237;3.44012;1
 -92.77562;11.77319;      -0.41236;3.44011;1
 -92.80275;11.77587;      -0.41239;3.44011;1
 -92.82989;11.77854;      -0.41241;3.44010;1
 -92.85703;11.78122;      -0.41244;3.44009;1
 -92.88415;11.78389;      -0.41247;3.44009;1
 -92.91125;11.78657;      -0.41250;3.44008;1
 -92.93837;11.78924;      -0.41251;3.44007;1
 -92.96545;11.79192;      -0.41250;3.44007;1
 -92.99251;11.79459;      -0.41248;3.44006;1
 -93.01959;11.79727;      -0.41243;3.44006;1
 -93.04666;11.79994;      -0.41237;3.44005;1
 -93.07372;11.80262;      -0.41236;3.44004;1
 -93.10074;11.80529;      -0.41232;3.44004;1
 -93.12774;11.80797;      -0.41226;3.44003;1
 -93.15478;11.81064;      -0.41221;3.44003;1
 -93.18183;11.81332;      -0.41217;3.44002;1
 -93.20888;11.81599;      -0.41213;3.44001;1
 -93.23594;11.81867;      -0.41211;3.44001;1
 -93.26298;11.82134;      -0.41207;3.44000;1
 -93.29000;11.82402;      -0.41203;3.43999;1
 -93.31703;11.82669;      -0.41200;3.43999;1
 -93.34405;11.82937;      -0.41195;3.43998;1
 -93.37106;11.83204;      -0.41195;3.43998;1
 -93.39802;11.83472;      -0.41195;3.43997;1
 -93.42492;11.83739;      -0.41193;3.43996;1
 -93.45181;11.84007;      -0.41190;3.43996;1
 -93.47873;11.84274;      -0.41182;3.43995;1
 -93.50564;11.84542;      -0.41177;3.43995;1
 -93.53253;11.84809;      -0.41176;3.43994;1
 -93.55943;11.85077;      -0.41175;3.43993;1
 -93.58635;11.85344;      -0.41175;3.43993;1
 -93.61327;11.85612;      -0.41178;3.43992;1
 -93.64017;11.85879;      -0.41178;3.43991;1
 -93.66706;11.86147;      -0.41177;3.43991;1
 -93.69395;11.86415;      -0.41175;3.43990;1
 -93.72084;11.86682;      -0.41173;3.43990;1
 -93.74772;11.86950;      -0.41170;3.43989;1
 -93.77457;11.87217;      -0.41161;3.43988;1
 -93.80143;11.87485;      -0.41154;3.43988;1
 -93.82827;11.87752;      -0.41150;3.43987;1
 -93.85508;11.88020;      -0.41143;3.43986;1
 -93.88190;11.88287;      -0.41137;3.43986;1
 -93.90876;11.88555;      -0.41127;3.43985;1
 -93.93563;11.88822;      -0.41120;3.43985;1
 -93.96246;11.89090;      -0.41117;3.43984;1
 -93.98929;11.89357;      -0.41114;3.43983;1
 -94.01613;11.89625;      -0.41108;3.43983;1
 -94.04293;11.89892;      -0.41093;3.43982;1
 -94.06975;11.90160;      -0.41078;3.43981;1
 -94.09657;11.90427;      -0.41069;3.43981;1
 -94.12335;11.90695;      -0.41062;3.43980;1
 -94.15011;11.90962;      -0.41057;3.43980;1
 -94.17686;11.91230;      -0.41048;3.43979;1
 -94.20360;11.91497;      -0.41040;3.43978;1
 -94.23032;11.91765;      -0.41033;3.43978;1
 -94.25702;11.92032;      -0.41021;3.43977;1
 -94.28370;11.92300;      -0.41008;3.43976;1
 -94.31038;11.92567;      -0.41000;3.43976;1
 -94.33707;11.92835;      -0.40994;3.43975;1
 -94.36372;11.93102;      -0.40988;3.43975;1
 -94.39030;11.93370;      -0.40981;3.43974;1
 -94.41689;11.93637;      -0.40973;3.43973;1
 -94.44352;11.93905;      -0.40966;3.43973;1
 -94.47011;11.94172;      -0.40957;3.43972;1
 -94.49666;11.94440;      -0.40948;3.43971;1
 -94.52320;11.94707;      -0.40941;3.43971;1
 -94.54971;11.94975;      -0.40931;3.43970;1
 -94.57621;11.95242;      -0.40919;3.43970;1
 -94.60270;11.95510;      -0.40906;3.43969;1
 -94.62920;11.95777;      -0.40895;3.43968;1
 -94.65572;11.96045;      -0.40884;3.43968;1
 -94.68221;11.96312;      -0.40872;3.43967;1
 -94.70868;11.96580;      -0.40862;3.43966;1
 -94.73518;11.96847;      -0.40857;3.43966;1
 -94.76167;11.97115;      -0.40851;3.43965;1
 -94.78810;11.97383;      -0.40841;3.43965;1
 -94.81454;11.97650;      -0.40832;3.43964;1
 -94.84094;11.97918;      -0.40820;3.43963;1
 -94.86735;11.98185;      -0.40806;3.43963;1
 -94.89377;11.98453;      -0.40793;3.43962;1
 -94.92020;11.98720;      -0.40784;3.43961;1
 -94.94666;11.98988;      -0.40780;3.43961;1
 -94.97304;11.99255;      -0.40780;3.43960;1
 -94.99945;11.99523;      -0.40770;3.43959;1
 -95.02588;11.99790;      -0.40754;3.43959;1
 -95.05228;12.00058;      -0.40740;3.43958;1
 -95.07868;12.00325;      -0.40728;3.43958;1
 -95.10507;12.00593;      -0.40717;3.43957;1
 -95.13147;12.00860;      -0.40705;3.43956;1
 -95.15793;12.01128;      -0.40693;3.43956;1
 -95.18441;12.01395;      -0.40683;3.43955;1
 -95.21084;12.01663;      -0.40671;3.43954;1
 -95.23727;12.01930;      -0.40654;3.43954;1
 -95.26370;12.02198;      -0.40637;3.43953;1
 -95.29013;12.02465;      -0.40622;3.43953;1
 -95.31656;12.02733;      -0.40607;3.43952;1
 -95.34299;12.03000;      -0.40591;3.43951;1
 -95.36942;12.03268;      -0.40575;3.43951;1
 -95.39586;12.03535;      -0.40557;3.43950;1
 -95.42232;12.03803;      -0.40540;3.43949;1
 -95.44880;12.04070;      -0.40522;3.43949;1
 -95.47531;12.04338;      -0.40504;3.43948;1
 -95.50181;12.04605;      -0.40487;3.43947;1
 -95.52829;12.04873;      -0.40475;3.43947;1
 -95.55480;12.05140;      -0.40459;3.43946;1
 -95.58132;12.05408;      -0.40437;3.43945;1
 -95.60781;12.05675;      -0.40417;3.43945;1
 -95.63432;12.05943;      -0.40397;3.43944;1
 -95.66084;12.06210;      -0.40380;3.43944;1
 -95.68738;12.06478;      -0.40364;3.43943;1
 -95.71390;12.06745;      -0.40348;3.43942;1
 -95.74041;12.07013;      -0.40338;3.43942;1
 -95.76696;12.07280;      -0.40326;3.43941;1
 -95.79352;12.07548;      -0.40312;3.43940;1
 -95.82009;12.07815;      -0.40296;3.43940;1
 -95.84670;12.08083;      -0.40277;3.43939;1
 -95.87333;12.08350;      -0.40260;3.43938;1
 -95.89996;12.08618;      -0.40244;3.43938;1
 -95.92659;12.08886;      -0.40229;3.43937;1
 -95.95321;12.09153;      -0.40213;3.43936;1
 -95.97985;12.09421;      -0.40198;3.43936;1
 -96.00651;12.09688;      -0.40182;3.43935;1
 -96.03315;12.09956;      -0.40167;3.43934;1
 -96.05980;12.10223;      -0.40156;3.43934;1
 -96.08646;12.10491;      -0.40148;3.43933;1
 -96.11313;12.10758;      -0.40139;3.43932;1
 -96.13981;12.11026;      -0.40130;3.43932;1
 -96.16649;12.11293;      -0.40121;3.43931;1
 -96.19321;12.11561;      -0.40110;3.43931;1
 -96.21992;12.11828;      -0.40099;3.43930;1
 -96.24664;12.12096;      -0.40088;3.43929;1
 -96.27339;12.12363;      -0.40079;3.43929;1
 -96.30017;12.12631;      -0.40069;3.43928;1
 -96.32693;12.12898;      -0.40060;3.43927;1
 -96.35369;12.13166;      -0.40053;3.43927;1
 -96.38049;12.13433;      -0.40044;3.43926;1
 -96.40732;12.13701;      -0.40034;3.43925;1
 -96.43413;12.13968;      -0.40026;3.43925;1
 -96.46092;12.14236;      -0.40019;3.43924;1
 -96.48775;12.14503;      -0.40015;3.43923;1
 -96.51462;12.14771;      -0.40012;3.43923;1
 -96.54150;12.15038;      -0.40008;3.43922;1
 -96.56836;12.15306;      -0.40002;3.43921;1
 -96.59525;12.15573;      -0.39996;3.43921;1
 -96.62215;12.15841;      -0.39995;3.43920;1
 -96.64906;12.16108;      -0.39995;3.43919;1
 -96.67600;12.16376;      -0.39995;3.43919;1
 -96.70296;12.16643;      -0.39994;3.43918;1
 -96.72992;12.16911;      -0.39993;3.43917;1
 -96.75685;12.17178;      -0.39993;3.43917;1
 -96.78378;12.17446;      -0.39994;3.43916;1
 -96.81076;12.17713;      -0.39997;3.43915;1
 -96.83770;12.17981;      -0.39996;3.43915;1
 -96.86463;12.18248;      -0.39992;3.43914;1
 -96.89159;12.18516;      -0.39990;3.43913;1
 -96.91859;12.18783;      -0.39987;3.43913;1
 -96.94556;12.19051;      -0.39985;3.43912;1
 -96.97252;12.19318;      -0.39985;3.43911;1
 -96.99953;12.19586;      -0.39984;3.43910;1
 -97.02650;12.19853;      -0.39985;3.43910;1
 -97.05347;12.20121;      -0.39985;3.43909;1
 -97.08047;12.20389;      -0.39983;3.43908;1
 -97.10747;12.20656;      -0.39982;3.43908;1
 -97.13449;12.20924;      -0.39982;3.43907;1
 -97.16151;12.21191;      -0.39986;3.43906;1
 -97.18849;12.21459;      -0.39990;3.43906;1
 -97.21547;12.21726;      -0.39994;3.43905;1
 -97.24250;12.21994;      -0.40001;3.43904;1
 -97.26952;12.22261;      -0.40004;3.43904;1
 -97.29648;12.22529;      -0.40005;3.43903;1
 -97.32346;12.22796;      -0.40004;3.43902;1
 -97.35045;12.23064;      -0.40003;3.43902;1
 -97.37740;12.23331;      -0.40002;3.43901;1
 -97.40439;12.23599;      -0.40000;3.43900;1
 -97.43136;12.23866;      -0.39996;3.43900;1
 -97.45834;12.24134;      -0.39993;3.43899;1
 -97.48533;12.24401;      -0.39994;3.43898;1
 -97.51230;12.24669;      -0.39995;3.43898;1
 -97.53929;12.24936;      -0.39995;3.43897;1
 -97.56626;12.25204;      -0.39996;3.43896;1
 -97.59322;12.25471;      -0.39995;3.43896;1
 -97.62018;12.25739;      -0.39993;3.43895;1
 -97.64712;12.26006;      -0.39993;3.43894;1
 -97.67399;12.26274;      -0.39991;3.43893;1
 -97.70087;12.26541;      -0.39990;3.43893;1
 -97.72775;12.26809;      -0.39989;3.43892;1
 -97.75461;12.27076;      -0.39987;3.43891;1
 -97.78144;12.27344;      -0.39985;3.43891;1
 -97.80824;12.27611;      -0.39977;3.43890;1
 -97.83505;12.27879;      -0.39969;3.43889;1
 -97.86182;12.28146;      -0.39964;3.43889;1
 -97.88858;12.28414;      -0.39961;3.43888;1
 -97.91536;12.28681;      -0.39958;3.43887;1
 -97.94206;12.28949;      -0.39956;3.43887;1
 -97.96876;12.29216;      -0.39948;3.43886;1
 -97.99543;12.29484;      -0.39934;3.43885;1
 -98.02205;12.29751;      -0.39922;3.43885;1
 -98.04865;12.30019;      -0.39916;3.43884;1
 -98.07527;12.30286;      -0.39909;3.43883;1
 -98.10185;12.30554;      -0.39902;3.43882;1
 -98.12843;12.30821;      -0.39893;3.43882;1
 -98.15499;12.31089;      -0.39887;3.43881;1
 -98.18153;12.31356;      -0.39883;3.43880;1
 -98.20805;12.31624;      -0.39876;3.43880;1
 -98.23456;12.31892;      -0.39867;3.43879;1
 -98.26107;12.32159;      -0.39859;3.43878;1
 -98.28757;12.32427;      -0.39852;3.43878;1
 -98.31405;12.32694;      -0.39846;3.43877;1
 -98.34054;12.32962;      -0.39837;3.43876;1
 -98.36702;12.33229;      -0.39831;3.43876;1
 -98.39350;12.33497;      -0.39827;3.43875;1
 -98.41994;12.33764;      -0.39821;3.43874;1
 -98.44637;12.34032;      -0.39817;3.43874;1
 -98.47282;12.34299;      -0.39812;3.43873;1
 -98.49924;12.34567;      -0.39806;3.43872;1
 -98.52565;12.34834;      -0.39799;3.43872;1
 -98.55205;12.35102;      -0.39791;3.43871;1
 -98.57846;12.35369;      -0.39783;3.43870;1
 -98.60486;12.35637;      -0.39777;3.43870;1
 -98.63123;12.35904;      -0.39771;3.43869;1
 -98.65759;12.36172;      -0.39756;3.43868;1
 -98.68392;12.36439;      -0.39736;3.43867;1
 -98.71022;12.36707;      -0.39722;3.43867;1
 -98.73655;12.36974;      -0.39709;3.43866;1
 -98.76287;12.37242;      -0.39698;3.43865;1
 -98.78922;12.37509;      -0.39690;3.43865;1
 -98.81555;12.37777;      -0.39681;3.43864;1
 -98.84183;12.38044;      -0.39669;3.43863;1
 -98.86814;12.38312;      -0.39657;3.43863;1
 -98.89452;12.38579;      -0.39645;3.43862;1
 -98.92086;12.38847;      -0.39632;3.43861;1
 -98.94716;12.39114;      -0.39621;3.43861;1
 -98.97347;12.39382;      -0.39611;3.43860;1
 -98.99976;12.39649;      -0.39599;3.43859;1
 -99.02604;12.39917;      -0.39586;3.43858;1
 -99.05234;12.40184;      -0.39573;3.43858;1
 -99.07864;12.40452;      -0.39560;3.43857;1
 -99.10496;12.40719;      -0.39546;3.43856;1
 -99.13129;12.40987;      -0.39531;3.43856;1
 -99.15759;12.41254;      -0.39519;3.43855;1
 -99.18389;12.41522;      -0.39504;3.43854;1
 -99.21023;12.41789;      -0.39489;3.43854;1
 -99.23659;12.42057;      -0.39474;3.43853;1
 -99.26290;12.42324;      -0.39456;3.43852;1
 -99.28923;12.42592;      -0.39439;3.43852;1
 -99.31560;12.42859;      -0.39421;3.43851;1
 -99.34195;12.43127;      -0.39404;3.43850;1
 -99.36831;12.43395;      -0.39390;3.43849;1
 -99.39467;12.43662;      -0.39373;3.43849;1
 -99.42104;12.43930;      -0.39352;3.43848;1
 -99.44742;12.44197;      -0.39332;3.43847;1
 -99.47382;12.44465;      -0.39313;3.43847;1
 -99.50021;12.44732;      -0.39294;3.43846;1
 -99.52660;12.45000;      -0.39277;3.43845;1
 -99.55299;12.45267;      -0.39267;3.43845;1
 -99.57939;12.45535;      -0.39257;3.43844;1
 -99.60580;12.45802;      -0.39244;3.43843;1
 -99.63217;12.46070;      -0.39231;3.43842;1
 -99.65856;12.46337;      -0.39220;3.43842;1
 -99.68505;12.46605;      -0.39211;3.43841;1
 -99.71154;12.46872;      -0.39199;3.43840;1
 -99.73800;12.47140;      -0.39185;3.43840;1
 -99.76448;12.47407;      -0.39171;3.43839;1
 -99.79098;12.47675;      -0.39159;3.43838;1
 -99.81746;12.47942;      -0.39144;3.43838;1
 -99.84396;12.48210;      -0.39128;3.43837;1
 -99.87048;12.48477;      -0.39115;3.43836;1
 -99.89703;12.48745;      -0.39102;3.43835;1
 -99.92360;12.49012;      -0.39089;3.43835;1
 -99.95019;12.49280;      -0.39078;3.43834;1
 -99.97675;12.49547;      -0.39063;3.43833;1
-100.00333;12.49815;      -0.39047;3.43833;1
-100.02997;12.50082;      -0.39033;3.43832;1
-100.05664;12.50350;      -0.39024;3.43831;1
-100.08330;12.50617;      -0.39027;3.43830;1
-100.10997;12.50885;      -0.39028;3.43830;1
-100.13666;12.51152;      -0.39029;3.43829;1
-100.16336;12.51420;      -0.39028;3.43828;1
-100.19009;12.51687;      -0.39026;3.43828;1
-100.21687;12.51955;      -0.39022;3.43827;1
-100.24369;12.52222;      -0.39016;3.43826;1
-100.27052;12.52490;      -0.39009;3.43825;1
-100.29735;12.52757;      -0.39002;3.43825;1
-100.32417;12.53025;      -0.38996;3.43824;1
-100.35101;12.53292;      -0.38993;3.43823;1
-100.37786;12.53560;      -0.38994;3.43822;1
-100.40473;12.53827;      -0.38996;3.43822;1
-100.43160;12.54095;      -0.38998;3.43821;1
-100.45847;12.54362;      -0.38999;3.43820;1
-100.48538;12.54630;      -0.38999;3.43820;1
-100.51229;12.54898;      -0.38998;3.43819;1
-100.53922;12.55165;      -0.38997;3.43818;1
-100.56615;12.55433;      -0.38998;3.43817;1
-100.59308;12.55700;      -0.39000;3.43817;1
-100.62001;12.55968;      -0.39001;3.43816;1
-100.64696;12.56235;      -0.39002;3.43815;1
-100.67394;12.56503;      -0.39005;3.43814;1
-100.70093;12.56770;      -0.39008;3.43814;1
-100.72795;12.57038;      -0.39011;3.43813;1
-100.75496;12.57305;      -0.39012;3.43812;1
-100.78197;12.57573;      -0.39014;3.43811;1
-100.80898;12.57840;      -0.39016;3.43811;1
-100.83602;12.58108;      -0.39023;3.43810;1
-100.86311;12.58375;      -0.39032;3.43809;1
-100.89018;12.58643;      -0.39036;3.43808;1
-100.91720;12.58910;      -0.39037;3.43808;1
-100.94422;12.59178;      -0.39038;3.43807;1
-100.97129;12.59445;      -0.39039;3.43806;1
-100.99837;12.59713;      -0.39040;3.43806;1
-101.02550;12.59980;      -0.39043;3.43805;1
-101.05265;12.60248;      -0.39047;3.43804;1
-101.07983;12.60515;      -0.39050;3.43803;1
-101.10699;12.60783;      -0.39052;3.43803;1
-101.13412;12.61050;      -0.39055;3.43802;1
-101.16125;12.61318;      -0.39059;3.43801;1
-101.18838;12.61585;      -0.39059;3.43800;1
-101.21556;12.61853;      -0.39060;3.43800;1
-101.24272;12.62120;      -0.39063;3.43799;1
-101.26985;12.62388;      -0.39065;3.43798;1
-101.29702;12.62655;      -0.39067;3.43797;1
-101.32417;12.62923;      -0.39068;3.43797;1
-101.35134;12.63190;      -0.39071;3.43796;1
-101.37852;12.63458;      -0.39076;3.43795;1
-101.40567;12.63725;      -0.39080;3.43794;1
-101.43281;12.63993;      -0.39079;3.43794;1
-101.45995;12.64260;      -0.39078;3.43793;1
-101.48708;12.64528;      -0.39081;3.43792;1
-101.51418;12.64795;      -0.39083;3.43791;1
-101.54129;12.65063;      -0.39084;3.43791;1
-101.56842;12.65330;      -0.39086;3.43790;1
-101.59554;12.65598;      -0.39088;3.43789;1
-101.62267;12.65866;      -0.39090;3.43788;1
-101.64979;12.66133;      -0.39089;3.43788;1
-101.67691;12.66401;      -0.39088;3.43787;1
-101.70404;12.66668;      -0.39088;3.43786;1
-101.73113;12.66936;      -0.39086;3.43785;1
-101.75822;12.67203;      -0.39081;3.43784;1
-101.78530;12.67471;      -0.39077;3.43784;1
-101.81235;12.67738;      -0.39074;3.43783;1
-101.83942;12.68006;      -0.39072;3.43782;1
-101.86651;12.68273;      -0.39070;3.43781;1
-101.89358;12.68541;      -0.39065;3.43781;1
-101.92063;12.68808;      -0.39064;3.43780;1
-101.94765;12.69076;      -0.39064;3.43779;1
-101.97466;12.69343;      -0.39062;3.43778;1
-102.00170;12.69611;      -0.39055;3.43778;1
-102.02874;12.69878;      -0.39049;3.43777;1
-102.05577;12.70146;      -0.39047;3.43776;1
-102.08278;12.70413;      -0.39045;3.43775;1
-102.10976;12.70681;      -0.39041;3.43775;1
-102.13674;12.70948;      -0.39038;3.43774;1
-102.16373;12.71216;      -0.39035;3.43773;1
-102.19070;12.71483;      -0.39036;3.43772;1
-102.21767;12.71751;      -0.39038;3.43772;1
-102.24466;12.72018;      -0.39038;3.43771;1
-102.27160;12.72286;      -0.39035;3.43770;1
-102.29848;12.72553;      -0.39032;3.43769;1
-102.32534;12.72821;      -0.39027;3.43769;1
-102.35220;12.73088;      -0.39022;3.43768;1
-102.37910;12.73356;      -0.39022;3.43767;1
-102.40599;12.73623;      -0.39021;3.43766;1
-102.43287;12.73891;      -0.39022;3.43766;1
-102.45974;12.74158;      -0.39022;3.43765;1
-102.48661;12.74426;      -0.39023;3.43764;1
-102.51350;12.74693;      -0.39025;3.43763;1
-102.54035;12.74961;      -0.39025;3.43763;1
-102.56722;12.75228;      -0.39026;3.43762;1
-102.59407;12.75496;      -0.39027;3.43761;1
-102.62090;12.75763;      -0.39027;3.43760;1
-102.64775;12.76031;      -0.39026;3.43759;1
-102.67460;12.76298;      -0.39023;3.43759;1
-102.70145;12.76566;      -0.39025;3.43758;1
-102.72829;12.76833;      -0.39024;3.43757;1
-102.75511;12.77101;      -0.39018;3.43756;1
-102.78190;12.77369;      -0.39015;3.43756;1
-102.80863;12.77636;      -0.39017;3.43755;1
-102.83537;12.77904;      -0.39012;3.43754;1
-102.86212;12.78171;      -0.39005;3.43753;1
-102.88886;12.78439;      -0.38996;3.43753;1
-102.91559;12.78706;      -0.38982;3.43752;1
-102.94231;12.78974;      -0.38973;3.43751;1
-102.96905;12.79241;      -0.38963;3.43750;1
-102.99576;12.79509;      -0.38954;3.43750;1
-103.02243;12.79776;      -0.38944;3.43749;1
-103.04907;12.80044;      -0.38932;3.43748;1
-103.07574;12.80311;      -0.38920;3.43747;1
-103.10235;12.80579;      -0.38906;3.43746;1
-103.12894;12.80846;      -0.38894;3.43746;1
-103.15552;12.81114;      -0.38880;3.43745;1
-103.18210;12.81381;      -0.38865;3.43744;1
-103.20866;12.81649;      -0.38852;3.43743;1
-103.23523;12.81916;      -0.38839;3.43743;1
-103.26180;12.82184;      -0.38826;3.43742;1
-103.28833;12.82451;      -0.38812;3.43741;1
-103.31485;12.82719;      -0.38802;3.43740;1
-103.34138;12.82986;      -0.38797;3.43740;1
-103.36786;12.83254;      -0.38792;3.43739;1
-103.39434;12.83521;      -0.38785;3.43738;1
-103.42083;12.83789;      -0.38777;3.43737;1
-103.44731;12.84056;      -0.38767;3.43737;1
-103.47381;12.84324;      -0.38757;3.43736;1
-103.50029;12.84591;      -0.38747;3.43735;1
-103.52675;12.84859;      -0.38737;3.43734;1
-103.55324;12.85126;      -0.38727;3.43733;1
-103.57974;12.85394;      -0.38716;3.43733;1
-103.60618;12.85661;      -0.38709;3.43732;1
-103.63261;12.85929;      -0.38701;3.43731;1
-103.65903;12.86196;      -0.38693;3.43730;1
-103.68546;12.86464;      -0.38684;3.43730;1
-103.71189;12.86731;      -0.38675;3.43729;1
-103.73832;12.86999;      -0.38667;3.43728;1
-103.76474;12.87266;      -0.38657;3.43727;1
-103.79115;12.87534;      -0.38645;3.43727;1
-103.81759;12.87801;      -0.38632;3.43726;1
-103.84403;12.88069;      -0.38620;3.43725;1
-103.87044;12.88336;      -0.38611;3.43724;1
-103.89685;12.88604;      -0.38606;3.43724;1
-103.92325;12.88872;      -0.38599;3.43723;1
-103.94968;12.89139;      -0.38589;3.43722;1
-103.97611;12.89407;      -0.38579;3.43721;1
-104.00250;12.89674;      -0.38568;3.43720;1
-104.02889;12.89942;      -0.38551;3.43720;1
-104.05528;12.90209;      -0.38536;3.43719;1
-104.08167;12.90477;      -0.38521;3.43718;1
-104.10807;12.90744;      -0.38503;3.43717;1
-104.13447;12.91012;      -0.38485;3.43717;1
-104.16084;12.91279;      -0.38473;3.43716;1
-104.18718;12.91547;      -0.38460;3.43715;1
-104.21354;12.91814;      -0.38444;3.43714;1
-104.23992;12.92082;      -0.38428;3.43713;1
-104.26626;12.92349;      -0.38415;3.43713;1
-104.29262;12.92617;      -0.38403;3.43712;1
-104.31896;12.92884;      -0.38390;3.43711;1
-104.34531;12.93152;      -0.38375;3.43710;1
-104.37170;12.93419;      -0.38362;3.43710;1
-104.39808;12.93687;      -0.38351;3.43709;1
-104.42444;12.93954;      -0.38337;3.43708;1
-104.45082;12.94222;      -0.38323;3.43707;1
-104.47720;12.94489;      -0.38312;3.43707;1
-104.50357;12.94757;      -0.38301;3.43706;1
-104.52995;12.95024;      -0.38290;3.43705;1
-104.55632;12.95292;      -0.38278;3.43704;1
-104.58268;12.95559;      -0.38267;3.43703;1
-104.60905;12.95827;      -0.38256;3.43703;1
-104.63541;12.96094;      -0.38246;3.43702;1
-104.66176;12.96362;      -0.38237;3.43701;1
-104.68811;12.96629;      -0.38228;3.43700;1
-104.71446;12.96897;      -0.38213;3.43700;1
-104.74082;12.97164;      -0.38196;3.43699;1
-104.76720;12.97432;      -0.38182;3.43698;1
-104.79361;12.97699;      -0.38170;3.43697;1
-104.82004;12.97967;      -0.38160;3.43696;1
-104.84645;12.98234;      -0.38149;3.43696;1
-104.87285;12.98502;      -0.38137;3.43695;1
-104.89926;12.98769;      -0.38125;3.43694;1
-104.92568;12.99037;      -0.38112;3.43693;1
-104.95210;12.99304;      -0.38100;3.43692;1
-104.97854;12.99572;      -0.38087;3.43692;1
-105.00500;12.99839;      -0.38074;3.43691;1
-105.03151;13.00107;      -0.38066;3.43690;1
-105.05803;13.00375;      -0.38063;3.43689;1
-105.08453;13.00642;      -0.38058;3.43689;1
-105.11105;13.00910;      -0.38049;3.43688;1
-105.13761;13.01177;      -0.38042;3.43687;1
-105.16418;13.01445;      -0.38034;3.43686;1
-105.19076;13.01712;      -0.38023;3.43685;1
-105.21735;13.01980;      -0.38012;3.43685;1
-105.24395;13.02247;      -0.38001;3.43684;1
-105.27055;13.02515;      -0.37989;3.43683;1
-105.29717;13.02782;      -0.37978;3.43682;1
-105.32381;13.03050;      -0.37968;3.43681;1
-105.35045;13.03317;      -0.37959;3.43681;1
-105.37716;13.03585;      -0.37953;3.43680;1
-105.40390;13.03852;      -0.37945;3.43679;1
-105.43064;13.04120;      -0.37940;3.43678;1
-105.45739;13.04387;      -0.37937;3.43677;1
-105.48415;13.04655;      -0.37930;3.43677;1
-105.51089;13.04922;      -0.37922;3.43676;1
-105.53767;13.05190;      -0.37914;3.43675;1
-105.56443;13.05457;      -0.37906;3.43674;1
-105.59117;13.05725;      -0.37899;3.43673;1
-105.61798;13.05992;      -0.37892;3.43673;1
-105.64482;13.06260;      -0.37883;3.43672;1
-105.67165;13.06527;      -0.37883;3.43671;1
-105.69847;13.06795;      -0.37884;3.43670;1
-105.72531;13.07062;      -0.37884;3.43669;1
-105.75219;13.07330;      -0.37886;3.43668;1
-105.77908;13.07597;      -0.37882;3.43668;1
-105.80598;13.07865;      -0.37879;3.43667;1
-105.83284;13.08132;      -0.37873;3.43666;1
-105.85971;13.08400;      -0.37865;3.43665;1
-105.88665;13.08667;      -0.37862;3.43664;1
-105.91355;13.08935;      -0.37860;3.43664;1
-105.94047;13.09202;      -0.37858;3.43663;1
-105.96737;13.09470;      -0.37857;3.43662;1
-105.99427;13.09737;      -0.37859;3.43661;1
-106.02122;13.10005;      -0.37861;3.43660;1
-106.04812;13.10272;      -0.37858;3.43659;1
-106.07504;13.10540;      -0.37854;3.43659;1
-106.10195;13.10807;      -0.37851;3.43658;1
-106.12886;13.11075;      -0.37851;3.43657;1
-106.15581;13.11342;      -0.37851;3.43656;1
-106.18276;13.11610;      -0.37851;3.43655;1
-106.20976;13.11878;      -0.37852;3.43655;1
-106.23673;13.12145;      -0.37854;3.43654;1
-106.26366;13.12413;      -0.37856;3.43653;1
-106.29061;13.12680;      -0.37860;3.43652;1
-106.31758;13.12948;      -0.37866;3.43651;1
-106.34458;13.13215;      -0.37871;3.43650;1
-106.37159;13.13483;      -0.37875;3.43650;1
-106.39858;13.13750;      -0.37877;3.43649;1
-106.42556;13.14018;      -0.37877;3.43648;1
-106.45253;13.14285;      -0.37878;3.43647;1
-106.47951;13.14553;      -0.37882;3.43646;1
-106.50649;13.14820;      -0.37886;3.43645;1
-106.53346;13.15088;      -0.37892;3.43645;1
-106.56041;13.15355;      -0.37896;3.43644;1
-106.58734;13.15623;      -0.37900;3.43643;1
-106.61427;13.15890;      -0.37903;3.43642;1
-106.64121;13.16158;      -0.37905;3.43641;1
-106.66816;13.16425;      -0.37908;3.43641;1
-106.69512;13.16693;      -0.37912;3.43640;1
-106.72208;13.16960;      -0.37918;3.43639;1
-106.74903;13.17228;      -0.37923;3.43638;1
-106.77600;13.17495;      -0.37926;3.43637;1
-106.80295;13.17763;      -0.37930;3.43636;1
-106.82987;13.18030;      -0.37935;3.43636;1
-106.85681;13.18298;      -0.37939;3.43635;1
-106.88381;13.18565;      -0.37943;3.43634;1
-106.91078;13.18833;      -0.37947;3.43633;1
-106.93771;13.19100;      -0.37951;3.43632;1
-106.96464;13.19368;      -0.37954;3.43631;1
-106.99159;13.19635;      -0.37958;3.43631;1
-107.01851;13.19903;      -0.37960;3.43630;1
-107.04542;13.20170;      -0.37958;3.43629;1
-107.07234;13.20438;      -0.37956;3.43628;1
-107.09926;13.20705;      -0.37953;3.43627;1
-107.12615;13.20973;      -0.37942;3.43626;1
-107.15306;13.21240;      -0.37941;3.43626;1
-107.17996;13.21508;      -0.37941;3.43625;1
-107.20686;13.21775;      -0.37939;3.43624;1
-107.23377;13.22043;      -0.37938;3.43623;1
-107.26067;13.22310;      -0.37933;3.43622;1
-107.28755;13.22578;      -0.37926;3.43621;1
-107.31444;13.22846;      -0.37918;3.43621;1
-107.34132;13.23113;      -0.37911;3.43620;1
-107.36816;13.23381;      -0.37905;3.43619;1
-107.39502;13.23648;      -0.37896;3.43618;1
-107.42183;13.23916;      -0.37887;3.43617;1
-107.44864;13.24183;      -0.37870;3.43616;1
-107.47546;13.24451;      -0.37850;3.43616;1
-107.50229;13.24718;      -0.37835;3.43615;1
-107.52913;13.24986;      -0.37823;3.43614;1
-107.55599;13.25253;      -0.37814;3.43613;1
-107.58285;13.25521;      -0.37811;3.43612;1
-107.60971;13.25788;      -0.37809;3.43611;1
-107.63659;13.26056;      -0.37804;3.43610;1
-107.66349;13.26323;      -0.37798;3.43610;1
-107.69034;13.26591;      -0.37791;3.43609;1
-107.71720;13.26858;      -0.37780;3.43608;1
-107.74410;13.27126;      -0.37766;3.43607;1
-107.77100;13.27393;      -0.37756;3.43606;1
-107.79788;13.27661;      -0.37749;3.43605;1
-107.82476;13.27928;      -0.37736;3.43605;1
-107.85162;13.28196;      -0.37719;3.43604;1
-107.87852;13.28463;      -0.37705;3.43603;1
-107.90544;13.28731;      -0.37698;3.43602;1
-107.93230;13.28998;      -0.37691;3.43601;1
-107.95922;13.29266;      -0.37685;3.43600;1
-107.98614;13.29533;      -0.37675;3.43599;1
-108.01306;13.29801;      -0.37664;3.43599;1
-108.03997;13.30068;      -0.37654;3.43598;1
-108.06686;13.30336;      -0.37639;3.43597;1
-108.09381;13.30603;      -0.37624;3.43596;1
-108.12079;13.30871;      -0.37615;3.43595;1
-108.14778;13.31138;      -0.37606;3.43594;1
-108.17475;13.31406;      -0.37595;3.43594;1
-108.20169;13.31673;      -0.37584;3.43593;1
-108.22870;13.31941;      -0.37576;3.43592;1
-108.25572;13.32208;      -0.37568;3.43591;1
-108.28273;13.32476;      -0.37561;3.43590;1
-108.30976;13.32743;      -0.37558;3.43589;1
-108.33680;13.33011;      -0.37555;3.43588;1
-108.36386;13.33278;      -0.37553;3.43588;1
-108.39091;13.33546;      -0.37555;3.43587;1
-108.41795;13.33813;      -0.37557;3.43586;1
-108.44497;13.34081;      -0.37556;3.43585;1
-108.47201;13.34349;      -0.37553;3.43584;1
-108.49910;13.34616;      -0.37551;3.43583;1
-108.52616;13.34884;      -0.37549;3.43582;1
-108.55323;13.35151;      -0.37547;3.43581;1
-108.58034;13.35419;      -0.37545;3.43581;1
-108.60744;13.35686;      -0.37541;3.43580;1
-108.63457;13.35954;      -0.37540;3.43579;1
-108.66170;13.36221;      -0.37539;3.43578;1
-108.68883;13.36489;      -0.37538;3.43577;1
-108.71598;13.36756;      -0.37539;3.43576;1
-108.74312;13.37024;      -0.37545;3.43575;1
-108.77026;13.37291;      -0.37552;3.43575;1
-108.79741;13.37559;      -0.37556;3.43574;1
-108.82455;13.37826;      -0.37558;3.43573;1
-108.85168;13.38094;      -0.37558;3.43572;1
-108.87883;13.38361;      -0.37558;3.43571;1
-108.90595;13.38629;      -0.37557;3.43570;1
-108.93306;13.38896;      -0.37556;3.43569;1
-108.96016;13.39164;      -0.37553;3.43568;1
-108.98730;13.39431;      -0.37550;3.43568;1
-109.01445;13.39699;      -0.37547;3.43567;1
-109.04158;13.39966;      -0.37549;3.43566;1
-109.06872;13.40234;      -0.37549;3.43565;1
-109.09586;13.40501;      -0.37549;3.43564;1
-109.12300;13.40769;      -0.37549;3.43563;1
-109.15012;13.41036;      -0.37548;3.43562;1
-109.17724;13.41304;      -0.37547;3.43561;1
-109.20434;13.41571;      -0.37547;3.43561;1
-109.23145;13.41839;      -0.37548;3.43560;1
-109.25857;13.42106;      -0.37550;3.43559;1
-109.28566;13.42374;      -0.37549;3.43558;1
-109.31272;13.42641;      -0.37546;3.43557;1
-109.33979;13.42909;      -0.37544;3.43556;1
-109.36682;13.43176;      -0.37537;3.43555;1
-109.39386;13.43444;      -0.37526;3.43554;1
-109.42092;13.43711;      -0.37518;3.43554;1
-109.44794;13.43979;      -0.37517;3.43553;1
-109.47499;13.44246;      -0.37517;3.43552;1
-109.50201;13.44514;      -0.37517;3.43551;1
-109.52897;13.44781;      -0.37515;3.43550;1
-109.55590;13.45049;      -0.37513;3.43549;1
-109.58284;13.45316;      -0.37508;3.43548;1
-109.60979;13.45584;      -0.37505;3.43547;1
-109.63670;13.45852;      -0.37501;3.43547;1
-109.66358;13.46119;      -0.37498;3.43546;1
-109.69046;13.46387;      -0.37495;3.43545;1
-109.71732;13.46654;      -0.37493;3.43544;1
-109.74419;13.46922;      -0.37493;3.43543;1
-109.77104;13.47189;      -0.37493;3.43542;1
-109.79787;13.47457;      -0.37487;3.43541;1
-109.82468;13.47724;      -0.37478;3.43540;1
-109.85144;13.47992;      -0.37470;3.43540;1
-109.87819;13.48259;      -0.37462;3.43539;1
-109.90499;13.48527;      -0.37450;3.43538;1
-109.93178;13.48794;      -0.37437;3.43537;1
-109.95855;13.49062;      -0.37424;3.43536;1
-109.98535;13.49329;      -0.37411;3.43535;1
-110.01213;13.49597;      -0.37399;3.43534;1
-110.03889;13.49864;      -0.37389;3.43534;1
-110.06565;13.50132;      -0.37378;3.43533;1
-110.09244;13.50399;      -0.37364;3.43532;1
-110.11923;13.50667;      -0.37349;3.43531;1
-110.14600;13.50934;      -0.37336;3.43530;1
-110.17275;13.51202;      -0.37325;3.43529;1
-110.19948;13.51469;      -0.37311;3.43528;1
-110.22620;13.51737;      -0.37296;3.43527;1
-110.25295;13.52004;      -0.37281;3.43526;1
-110.27968;13.52272;      -0.37267;3.43526;1
-110.30638;13.52539;      -0.37251;3.43525;1
-110.33306;13.52807;      -0.37235;3.43524;1
-110.35974;13.53074;      -0.37221;3.43523;1
-110.38641;13.53342;      -0.37207;3.43522;1
-110.41306;13.53609;      -0.37192;3.43521;1
-110.43970;13.53877;      -0.37177;3.43520;1
-110.46635;13.54144;      -0.37163;3.43519;1
-110.49299;13.54412;      -0.37147;3.43519;1
-110.51961;13.54679;      -0.37130;3.43518;1
-110.54620;13.54947;      -0.37110;3.43517;1
-110.57280;13.55214;      -0.37089;3.43516;1
-110.59940;13.55482;      -0.37070;3.43515;1
-110.62598;13.55749;      -0.37053;3.43514;1
-110.65257;13.56017;      -0.37034;3.43513;1
-110.67920;13.56284;      -0.37014;3.43512;1
-110.70582;13.56552;      -0.36994;3.43512;1
-110.73244;13.56819;      -0.36974;3.43511;1
-110.75907;13.57087;      -0.36957;3.43510;1
-110.78572;13.57355;      -0.36941;3.43509;1
-110.81235;13.57622;      -0.36923;3.43508;1
-110.83894;13.57890;      -0.36903;3.43507;1
-110.86554;13.58157;      -0.36876;3.43506;1
-110.89216;13.58425;      -0.36847;3.43505;1
-110.91879;13.58692;      -0.36823;3.43504;1
-110.94545;13.58960;      -0.36803;3.43504;1
-110.97206;13.59227;      -0.36786;3.43503;1
-110.99868;13.59495;      -0.36768;3.43502;1
-111.02530;13.59762;      -0.36751;3.43501;1
-111.05190;13.60030;      -0.36734;3.43500;1
-111.07854;13.60297;      -0.36716;3.43499;1
-111.10518;13.60565;      -0.36698;3.43498;1
-111.13180;13.60832;      -0.36678;3.43497;1
-111.15844;13.61100;      -0.36659;3.43496;1
-111.18508;13.61367;      -0.36643;3.43496;1
-111.21170;13.61635;      -0.36627;3.43495;1
-111.23836;13.61902;      -0.36611;3.43494;1
-111.26498;13.62170;      -0.36594;3.43493;1
-111.29158;13.62437;      -0.36578;3.43492;1
-111.31820;13.62705;      -0.36562;3.43491;1
-111.34487;13.62972;      -0.36549;3.43490;1
-111.37154;13.63240;      -0.36539;3.43489;1
-111.39822;13.63507;      -0.36526;3.43488;1
-111.42493;13.63775;      -0.36512;3.43488;1
-111.45165;13.64042;      -0.36500;3.43487;1
-111.47839;13.64310;      -0.36490;3.43486;1
-111.50508;13.64577;      -0.36481;3.43485;1
-111.53182;13.64845;      -0.36472;3.43484;1
-111.55862;13.65112;      -0.36461;3.43483;1
-111.58543;13.65380;      -0.36449;3.43482;1
-111.61223;13.65647;      -0.36435;3.43481;1
-111.63904;13.65915;      -0.36419;3.43480;1
-111.66587;13.66182;      -0.36404;3.43479;1
-111.69269;13.66450;      -0.36387;3.43479;1
-111.71952;13.66717;      -0.36368;3.43478;1
-111.74639;13.66985;      -0.36350;3.43477;1
-111.77320;13.67252;      -0.36332;3.43476;1
-111.80004;13.67520;      -0.36317;3.43475;1
-111.82689;13.67787;      -0.36302;3.43474;1
-111.85375;13.68055;      -0.36285;3.43473;1
-111.88065;13.68322;      -0.36268;3.43472;1
-111.90754;13.68590;      -0.36252;3.43471;1
-111.93445;13.68858;      -0.36238;3.43470;1
-111.96137;13.69125;      -0.36224;3.43469;1
-111.98826;13.69393;      -0.36209;3.43469;1
-112.01512;13.69660;      -0.36194;3.43468;1
-112.04198;13.69928;      -0.36179;3.43467;1
-112.06887;13.70195;      -0.36166;3.43466;1
-112.09576;13.70463;      -0.36152;3.43465;1
-112.12266;13.70730;      -0.36137;3.43464;1
-112.14958;13.70998;      -0.36122;3.43463;1
-112.17650;13.71265;      -0.36108;3.43462;1
-112.20338;13.71533;      -0.36095;3.43461;1
-112.23028;13.71800;      -0.36083;3.43460;1
-112.25720;13.72068;      -0.36071;3.43459;1
-112.28410;13.72335;      -0.36059;3.43458;1
-112.31098;13.72603;      -0.36046;3.43458;1
-112.33788;13.72870;      -0.36038;3.43457;1
-112.36482;13.73138;      -0.36030;3.43456;1
-112.39174;13.73405;      -0.36017;3.43455;1
-112.41864;13.73673;      -0.36003;3.43454;1
-112.44555;13.73940;      -0.35987;3.43453;1
-112.47246;13.74208;      -0.35972;3.43452;1
-112.49938;13.74475;      -0.35957;3.43451;1
-112.52629;13.74743;      -0.35941;3.43450;1
-112.55320;13.75010;      -0.35925;3.43449;1
-112.58011;13.75278;      -0.35911;3.43448;1
-112.60705;13.75545;      -0.35893;3.43447;1
-112.63396;13.75813;      -0.35877;3.43447;1
-112.66087;13.76080;      -0.35864;3.43446;1
-112.68780;13.76348;      -0.35851;3.43445;1
-112.71468;13.76615;      -0.35835;3.43444;1
-112.74155;13.76883;      -0.35819;3.43443;1
-112.76841;13.77150;      -0.35801;3.43442;1
-112.79522;13.77418;      -0.35782;3.43441;1
-112.82201;13.77685;      -0.35763;3.43440;1
-112.84882;13.77953;      -0.35746;3.43439;1
-112.87568;13.78220;      -0.35731;3.43438;1
-112.90253;13.78488;      -0.35715;3.43437;1
-112.92934;13.78755;      -0.35699;3.43436;1
-112.95615;13.79023;      -0.35684;3.43435;1
-112.98297;13.79290;      -0.35667;3.43435;1
-113.00979;13.79558;      -0.35649;3.43434;1
-113.03662;13.79826;      -0.35631;3.43433;1
-113.06346;13.80093;      -0.35614;3.43432;1
-113.09028;13.80361;      -0.35598;3.43431;1
-113.11709;13.80628;      -0.35583;3.43430;1
-113.14391;13.80896;      -0.35566;3.43429;1
-113.17071;13.81163;      -0.35547;3.43428;1
-113.19748;13.81431;      -0.35530;3.43427;1
-113.22426;13.81698;      -0.35512;3.43426;1
-113.25106;13.81966;      -0.35494;3.43425;1
-113.27783;13.82233;      -0.35475;3.43424;1
-113.30460;13.82501;      -0.35456;3.43423;1
-113.33138;13.82768;      -0.35433;3.43423;1
-113.35814;13.83036;      -0.35410;3.43422;1
-113.38491;13.83303;      -0.35389;3.43421;1
-113.41169;13.83571;      -0.35366;3.43420;1
-113.43844;13.83838;      -0.35345;3.43419;1
-113.46516;13.84106;      -0.35325;3.43418;1
-113.49186;13.84373;      -0.35305;3.43417;1
-113.51857;13.84641;      -0.35285;3.43416;1
-113.54530;13.84908;      -0.35265;3.43415;1
-113.57202;13.85176;      -0.35243;3.43414;1
-113.59872;13.85443;      -0.35215;3.43413;1
-113.62542;13.85711;      -0.35186;3.43412;1
-113.65211;13.85978;      -0.35160;3.43411;1
-113.67877;13.86246;      -0.35136;3.43410;1
-113.70543;13.86513;      -0.35113;3.43409;1
-113.73210;13.86781;      -0.35090;3.43409;1
-113.75876;13.87048;      -0.35065;3.43408;1
-113.78539;13.87316;      -0.35041;3.43407;1
-113.81208;13.87583;      -0.35018;3.43406;1
-113.83876;13.87851;      -0.34995;3.43405;1
-113.86543;13.88118;      -0.34970;3.43404;1
-113.89213;13.88386;      -0.34944;3.43403;1
-113.91884;13.88653;      -0.34922;3.43402;1
-113.94555;13.88921;      -0.34896;3.43401;1
-113.97221;13.89188;      -0.34866;3.43400;1
-113.99885;13.89456;      -0.34837;3.43399;1
-114.02551;13.89723;      -0.34808;3.43398;1
-114.05221;13.89991;      -0.34779;3.43397;1
-114.07892;13.90258;      -0.34752;3.43396;1
-114.10562;13.90526;      -0.34727;3.43395;1
-114.13231;13.90793;      -0.34700;3.43395;1
-114.15898;13.91061;      -0.34672;3.43394;1
-114.18563;13.91329;      -0.34642;3.43393;1
-114.21223;13.91596;      -0.34606;3.43392;1
-114.23887;13.91864;      -0.34572;3.43391;1
-114.26554;13.92131;      -0.34539;3.43390;1
-114.29218;13.92399;      -0.34504;3.43389;1
-114.31881;13.92666;      -0.34470;3.43388;1
-114.34547;13.92934;      -0.34438;3.43387;1
-114.37209;13.93201;      -0.34404;3.43386;1
-114.39870;13.93469;      -0.34373;3.43385;1
-114.42532;13.93736;      -0.34342;3.43384;1
-114.45195;13.94004;      -0.34309;3.43383;1
-114.47859;13.94271;      -0.34281;3.43382;1
-114.50523;13.94539;      -0.34251;3.43381;1
-114.53188;13.94806;      -0.34220;3.43380;1
-114.55855;13.95074;      -0.34190;3.43379;1
-114.58524;13.95341;      -0.34157;3.43379;1
-114.61193;13.95609;      -0.34121;3.43378;1
-114.63865;13.95876;      -0.34085;3.43377;1
-114.66536;13.96144;      -0.34051;3.43376;1
-114.69205;13.96411;      -0.34017;3.43375;1
-114.71873;13.96679;      -0.33984;3.43374;1
-114.74544;13.96946;      -0.33951;3.43373;1
-114.77215;13.97214;      -0.33917;3.43372;1
-114.79888;13.97481;      -0.33881;3.43371;1
-114.82565;13.97749;      -0.33850;3.43370;1
-114.85243;13.98016;      -0.33824;3.43369;1
-114.87919;13.98284;      -0.33794;3.43368;1
-114.90595;13.98551;      -0.33765;3.43367;1
-114.93271;13.98819;      -0.33736;3.43366;1
-114.95949;13.99086;      -0.33707;3.43365;1
-114.98628;13.99354;      -0.33677;3.43364;1
-115.01303;13.99621;      -0.33645;3.43363;1
-115.03980;13.99889;      -0.33615;3.43362;1
-115.06655;14.00156;      -0.33584;3.43361;1
-115.09328;14.00424;      -0.33552;3.43360;1
-115.12002;14.00691;      -0.33520;3.43360;1
-115.14678;14.00959;      -0.33486;3.43359;1
-115.17353;14.01226;      -0.33453;3.43358;1
-115.20028;14.01494;      -0.33422;3.43357;1
-115.22704;14.01761;      -0.33391;3.43356;1
-115.25382;14.02029;      -0.33360;3.43355;1
-115.28062;14.02296;      -0.33332;3.43354;1
-115.30739;14.02564;      -0.33306;3.43353;1
-115.33415;14.02832;      -0.33281;3.43352;1
-115.36093;14.03099;      -0.33253;3.43351;1
-115.38774;14.03367;      -0.33223;3.43350;1
-115.41455;14.03634;      -0.33194;3.43349;1
-115.44133;14.03902;      -0.33164;3.43348;1
-115.46811;14.04169;      -0.33136;3.43347;1
-115.49490;14.04437;      -0.33108;3.43346;1
-115.52170;14.04704;      -0.33076;3.43345;1
-115.54848;14.04972;      -0.33040;3.43344;1
-115.57527;14.05239;      -0.33004;3.43343;1
-115.60204;14.05507;      -0.32969;3.43342;1
-115.62880;14.05774;      -0.32935;3.43341;1
-115.65558;14.06042;      -0.32897;3.43340;1
-115.68234;14.06309;      -0.32858;3.43339;1
-115.70908;14.06577;      -0.32822;3.43338;1
-115.73585;14.06844;      -0.32786;3.43337;1
-115.76262;14.07112;      -0.32749;3.43336;1
-115.78939;14.07379;      -0.32711;3.43335;1
-115.81614;14.07647;      -0.32678;3.43335;1
-115.84288;14.07914;      -0.32646;3.43334;1
-115.86963;14.08182;      -0.32614;3.43333;1
-115.89637;14.08449;      -0.32583;3.43332;1
-115.92307;14.08717;      -0.32551;3.43331;1
-115.94976;14.08984;      -0.32517;3.43330;1
-115.97645;14.09252;      -0.32483;3.43329;1
-116.00314;14.09519;      -0.32450;3.43328;1
-116.02982;14.09787;      -0.32419;3.43327;1
-116.05650;14.10054;      -0.32387;3.43326;1
-116.08318;14.10322;      -0.32354;3.43325;1
-116.10985;14.10589;      -0.32321;3.43324;1
-116.13649;14.10857;      -0.32286;3.43323;1
-116.16312;14.11124;      -0.32254;3.43322;1
-116.18976;14.11392;      -0.32222;3.43321;1
-116.21637;14.11659;      -0.32187;3.43320;1
-116.24303;14.11927;      -0.32155;3.43319;1
-116.26968;14.12194;      -0.32119;3.43318;1
-116.29631;14.12462;      -0.32080;3.43317;1
-116.32294;14.12729;      -0.32040;3.43316;1
-116.34957;14.12997;      -0.32000;3.43315;1
-116.37614;14.13264;      -0.31963;3.43314;1
-116.40273;14.13532;      -0.31927;3.43313;1
-116.42932;14.13799;      -0.31891;3.43312;1
-116.45591;14.14067;      -0.31856;3.43311;1
-116.48249;14.14335;      -0.31818;3.43310;1
-116.50908;14.14602;      -0.31778;3.43309;1
-116.53568;14.14870;      -0.31739;3.43308;1
-116.56222;14.15137;      -0.31702;3.43307;1
-116.58871;14.15405;      -0.31665;3.43306;1
-116.61519;14.15672;      -0.31627;3.43305;1
-116.64168;14.15940;      -0.31589;3.43304;1
-116.66814;14.16207;      -0.31549;3.43303;1
-116.69461;14.16475;      -0.31510;3.43303;1
-116.72111;14.16742;      -0.31475;3.43302;1
-116.74758;14.17010;      -0.31442;3.43301;1
-116.77402;14.17277;      -0.31407;3.43300;1
-116.80045;14.17545;      -0.31368;3.43299;1
-116.82688;14.17812;      -0.31329;3.43298;1
-116.85329;14.18080;      -0.31291;3.43297;1
-116.87971;14.18347;      -0.31254;3.43296;1
-116.90613;14.18615;      -0.31214;3.43295;1
-116.93254;14.18882;      -0.31169;3.43294;1
-116.95899;14.19150;      -0.31124;3.43293;1
-116.98541;14.19417;      -0.31080;3.43292;1
-117.01178;14.19685;      -0.31035;3.43291;1
-117.03820;14.19952;      -0.30992;3.43290;1
-117.06463;14.20220;      -0.30948;3.43289;1
-117.09108;14.20487;      -0.30905;3.43288;1
-117.11754;14.20755;      -0.30863;3.43287;1
-117.14399;14.21022;      -0.30822;3.43286;1
-117.17045;14.21290;      -0.30782;3.43285;1
-117.19689;14.21557;      -0.30742;3.43284;1
-117.22332;14.21825;      -0.30700;3.43283;1
-117.24973;14.22092;      -0.30658;3.43282;1
-117.27611;14.22360;      -0.30615;3.43281;1
-117.30251;14.22627;      -0.30572;3.43280;1
-117.32893;14.22895;      -0.30532;3.43279;1
-117.35536;14.23162;      -0.30488;3.43278;1
-117.38181;14.23430;      -0.30444;3.43277;1
-117.40823;14.23697;      -0.30403;3.43276;1
-117.43461;14.23965;      -0.30359;3.43275;1
-117.46103;14.24232;      -0.30314;3.43274;1
-117.48746;14.24500;      -0.30268;3.43273;1
-117.51387;14.24767;      -0.30221;3.43272;1
-117.54027;14.25035;      -0.30173;3.43271;1
-117.56669;14.25302;      -0.30127;3.43270;1
-117.59308;14.25570;      -0.30079;3.43269;1
-117.61943;14.25838;      -0.30035;3.43268;1
-117.64580;14.26105;      -0.29990;3.43267;1
-117.67220;14.26373;      -0.29944;3.43266;1
-117.69860;14.26640;      -0.29901;3.43265;1
-117.72503;14.26908;      -0.29858;3.43264;1
-117.75146;14.27175;      -0.29816;3.43263;1
-117.77786;14.27443;      -0.29775;3.43262;1
-117.80425;14.27710;      -0.29733;3.43261;1
-117.83066;14.27978;      -0.29689;3.43261;1
-117.85704;14.28245;      -0.29645;3.43260;1
-117.88342;14.28513;      -0.29605;3.43259;1
-117.90979;14.28780;      -0.29567;3.43258;1
-117.93616;14.29048;      -0.29528;3.43257;1
-117.96252;14.29315;      -0.29488;3.43256;1
-117.98887;14.29583;      -0.29446;3.43255;1
-118.01525;14.29850;      -0.29406;3.43254;1
-118.04166;14.30118;      -0.29364;3.43253;1
-118.06807;14.30385;      -0.29323;3.43252;1
-118.09443;14.30653;      -0.29287;3.43251;1
-118.12080;14.30920;      -0.29250;3.43250;1
-118.14721;14.31188;      -0.29212;3.43249;1
-118.17363;14.31455;      -0.29173;3.43248;1
-118.20005;14.31723;      -0.29135;3.43247;1
-118.22650;14.31990;      -0.29099;3.43246;1
-118.25294;14.32258;      -0.29060;3.43245;1
-118.27938;14.32525;      -0.29023;3.43244;1
-118.30585;14.32793;      -0.28988;3.43243;1
-118.33233;14.33060;      -0.28950;3.43242;1
-118.35880;14.33328;      -0.28913;3.43241;1
-118.38532;14.33595;      -0.28874;3.43240;1
-118.41185;14.33863;      -0.28834;3.43239;1
-118.43837;14.34130;      -0.28793;3.43238;1
-118.46491;14.34398;      -0.28752;3.43237;1
-118.49143;14.34665;      -0.28711;3.43236;1
-118.51793;14.34933;      -0.28670;3.43235;1
-118.54445;14.35200;      -0.28627;3.43234;1
-118.57105;14.35468;      -0.28583;3.43233;1
-118.59770;14.35735;      -0.28541;3.43232;1
-118.62433;14.36003;      -0.28501;3.43231;1
-118.65096;14.36270;      -0.28461;3.43230;1
-118.67758;14.36538;      -0.28424;3.43229;1
-118.70419;14.36805;      -0.28387;3.43228;1
-118.73081;14.37073;      -0.28349;3.43227;1
-118.75744;14.37341;      -0.28314;3.43226;1
-118.78410;14.37608;      -0.28277;3.43225;1
-118.81077;14.37876;      -0.28240;3.43224;1
-118.83744;14.38143;      -0.28203;3.43223;1
-118.86411;14.38411;      -0.28167;3.43222;1
-118.89079;14.38678;      -0.28132;3.43221;1
-118.91749;14.38946;      -0.28094;3.43220;1
-118.94417;14.39213;      -0.28057;3.43219;1
-118.97085;14.39481;      -0.28022;3.43218;1
-118.99754;14.39748;      -0.27991;3.43217;1
-119.02423;14.40016;      -0.27961;3.43216;1
-119.05093;14.40283;      -0.27928;3.43215;1
-119.07764;14.40551;      -0.27894;3.43214;1
-119.10437;14.40818;      -0.27860;3.43213;1
-119.13110;14.41086;      -0.27825;3.43211;1
-119.15780;14.41353;      -0.27790;3.43210;1
-119.18449;14.41621;      -0.27753;3.43209;1
-119.21128;14.41888;      -0.27713;3.43208;1
-119.23809;14.42156;      -0.27677;3.43207;1
-119.26489;14.42423;      -0.27642;3.43206;1
-119.29175;14.42691;      -0.27606;3.43205;1
-119.31860;14.42958;      -0.27572;3.43204;1
-119.34546;14.43226;      -0.27537;3.43203;1
-119.37232;14.43493;      -0.27502;3.43202;1
-119.39918;14.43761;      -0.27469;3.43201;1
-119.42606;14.44028;      -0.27436;3.43200;1
-119.45295;14.44296;      -0.27402;3.43199;1
-119.47986;14.44563;      -0.27369;3.43198;1
-119.50681;14.44831;      -0.27334;3.43197;1
-119.53379;14.45098;      -0.27300;3.43196;1
-119.56076;14.45366;      -0.27269;3.43195;1
-119.58776;14.45633;      -0.27237;3.43194;1
-119.61476;14.45901;      -0.27206;3.43193;1
-119.64181;14.46168;      -0.27175;3.43192;1
-119.66886;14.46436;      -0.27144;3.43191;1
-119.69590;14.46703;      -0.27114;3.43190;1
-119.72296;14.46971;      -0.27083;3.43189;1
-119.75003;14.47238;      -0.27052;3.43188;1
-119.77708;14.47506;      -0.27026;3.43187;1
-119.80414;14.47773;      -0.27003;3.43186;1
-119.83126;14.48041;      -0.26976;3.43185;1
-119.85840;14.48309;      -0.26944;3.43184;1
-119.88555;14.48576;      -0.26913;3.43183;1
-119.91272;14.48844;      -0.26882;3.43182;1
-119.93991;14.49111;      -0.26848;3.43180;1
-119.96709;14.49379;      -0.26814;3.43179;1
-119.99428;14.49646;      -0.26784;3.43178;1
-120.02151;14.49914;      -0.26755;3.43177;1
-120.04876;14.50181;      -0.26725;3.43176;1
-120.07599;14.50449;      -0.26695;3.43175;1
-120.10322;14.50716;      -0.26667;3.43174;1
-120.13052;14.50984;      -0.26641;3.43173;1
-120.15783;14.51251;      -0.26612;3.43172;1
-120.18512;14.51519;      -0.26580;3.43171;1
-120.21240;14.51786;      -0.26548;3.43170;1
-120.23971;14.52054;      -0.26520;3.43169;1
-120.26704;14.52321;      -0.26492;3.43168;1
-120.29432;14.52589;      -0.26465;3.43167;1
-120.32164;14.52856;      -0.26437;3.43166;1
-120.34895;14.53124;      -0.26410;3.43165;1
-120.37624;14.53391;      -0.26386;3.43164;1
-120.40362;14.53659;      -0.26361;3.43163;1
-120.43095;14.53926;      -0.26334;3.43161;1
-120.45826;14.54194;      -0.26309;3.43160;1
-120.48557;14.54461;      -0.26283;3.43159;1
-120.51291;14.54729;      -0.26254;3.43158;1
-120.54029;14.54996;      -0.26225;3.43157;1
-120.56767;14.55264;      -0.26199;3.43156;1
-120.59503;14.55531;      -0.26172;3.43155;1
-120.62238;14.55799;      -0.26145;3.43154;1
-120.64973;14.56066;      -0.26118;3.43153;1
-120.67705;14.56334;      -0.26091;3.43152;1
-120.70438;14.56601;      -0.26069;3.43151;1
-120.73172;14.56869;      -0.26043;3.43150;1
-120.75907;14.57136;      -0.26017;3.43149;1
-120.78641;14.57404;      -0.25994;3.43148;1
-120.81373;14.57671;      -0.25975;3.43147;1
-120.84101;14.57939;      -0.25952;3.43146;1
-120.86834;14.58206;      -0.25927;3.43144;1
-120.89568;14.58474;      -0.25901;3.43143;1
-120.92299;14.58741;      -0.25874;3.43142;1
-120.95029;14.59009;      -0.25842;3.43141;1
-120.97764;14.59276;      -0.25811;3.43140;1
-121.00494;14.59544;      -0.25784;3.43139;1
-121.03221;14.59812;      -0.25759;3.43138;1
-121.05950;14.60079;      -0.25735;3.43137;1
-121.08679;14.60347;      -0.25709;3.43136;1
-121.11405;14.60614;      -0.25682;3.43135;1
-121.14132;14.60882;      -0.25655;3.43134;1
-121.16856;14.61149;      -0.25629;3.43133;1
-121.19577;14.61417;      -0.25603;3.43132;1
-121.22300;14.61684;      -0.25577;3.43131;1
-121.25021;14.61952;      -0.25554;3.43129;1
-121.27736;14.62219;      -0.25533;3.43128;1
-121.30452;14.62487;      -0.25510;3.43127;1
-121.33168;14.62754;      -0.25487;3.43126;1
-121.35878;14.63022;      -0.25466;3.43125;1
-121.38581;14.63289;      -0.25443;3.43124;1
-121.41287;14.63557;      -0.25417;3.43123;1
-121.43993;14.63824;      -0.25391;3.43122;1
-121.46697;14.64092;      -0.25368;3.43121;1
-121.49397;14.64359;      -0.25344;3.43120;1
-121.52097;14.64627;      -0.25321;3.43119;1
-121.54793;14.64894;      -0.25298;3.43118;1
-121.57484;14.65162;      -0.25273;3.43117;1
-121.60175;14.65429;      -0.25247;3.43116;1
-121.62865;14.65697;      -0.25219;3.43115;1
-121.65554;14.65964;      -0.25192;3.43114;1
-121.68244;14.66232;      -0.25165;3.43112;1
-121.70930;14.66499;      -0.25135;3.43111;1
-121.73613;14.66767;      -0.25104;3.43110;1
-121.76295;14.67034;      -0.25075;3.43109;1
-121.78972;14.67302;      -0.25047;3.43108;1
-121.81647;14.67569;      -0.25019;3.43107;1
-121.84322;14.67837;      -0.24989;3.43106;1
-121.86995;14.68104;      -0.24959;3.43105;1
-121.89663;14.68372;      -0.24928;3.43104;1
-121.92333;14.68639;      -0.24901;3.43103;1
-121.95003;14.68907;      -0.24872;3.43102;1
-121.97670;14.69174;      -0.24843;3.43101;1
-122.00337;14.69442;      -0.24812;3.43100;1
-122.03003;14.69709;      -0.24777;3.43099;1
-122.05664;14.69977;      -0.24739;3.43098;1
-122.08323;14.70244;      -0.24703;3.43097;1
-122.10982;14.70512;      -0.24670;3.43095;1
-122.13638;14.70779;      -0.24637;3.43094;1
-122.16295;14.71047;      -0.24604;3.43093;1
-122.18950;14.71315;      -0.24575;3.43092;1
-122.21598;14.71582;      -0.24551;3.43091;1
-122.24249;14.71850;      -0.24523;3.43090;1
-122.26901;14.72117;      -0.24490;3.43089;1
-122.29550;14.72385;      -0.24458;3.43088;1
-122.32197;14.72652;      -0.24428;3.43087;1
-122.34844;14.72920;      -0.24396;3.43086;1
-122.37490;14.73187;      -0.24364;3.43085;1
-122.40135;14.73455;      -0.24333;3.43084;1
-122.42779;14.73722;      -0.24302;3.43083;1
-122.45422;14.73990;      -0.24272;3.43082;1
-122.48064;14.74257;      -0.24240;3.43081;1
-122.50708;14.74525;      -0.24207;3.43080;1
-122.53351;14.74792;      -0.24178;3.43079;1
-122.55992;14.75060;      -0.24148;3.43077;1
-122.58630;14.75327;      -0.24112;3.43076;1
-122.61267;14.75595;      -0.24081;3.43075;1
-122.63905;14.75862;      -0.24047;3.43074;1
-122.66539;14.76130;      -0.24011;3.43073;1
-122.69174;14.76397;      -0.23976;3.43072;1
-122.71814;14.76665;      -0.23944;3.43071;1
-122.74451;14.76932;      -0.23913;3.43070;1
-122.77084;14.77200;      -0.23881;3.43069;1
-122.79718;14.77467;      -0.23851;3.43068;1
-122.82353;14.77735;      -0.23819;3.43067;1
-122.84987;14.78002;      -0.23785;3.43066;1
-122.87625;14.78270;      -0.23752;3.43065;1
-122.90259;14.78537;      -0.23720;3.43064;1
-122.92891;14.78805;      -0.23687;3.43063;1
-122.95526;14.79072;      -0.23654;3.43062;1
-122.98158;14.79340;      -0.23621;3.43061;1
-123.00785;14.79607;      -0.23584;3.43059;1
-123.03417;14.79875;      -0.23549;3.43058;1
-123.06051;14.80142;      -0.23516;3.43057;1
-123.08685;14.80410;      -0.23482;3.43056;1
-123.11323;14.80677;      -0.23452;3.43055;1
-123.13964;14.80945;      -0.23422;3.43054;1
-123.16598;14.81212;      -0.23394;3.43053;1
-123.19236;14.81480;      -0.23365;3.43052;1
-123.21883;14.81747;      -0.23337;3.43051;1
-123.24530;14.82015;      -0.23313;3.43050;1
-123.27180;14.82282;      -0.23290;3.43049;1
-123.29832;14.82550;      -0.23266;3.43048;1
-123.32483;14.82818;      -0.23239;3.43047;1
-123.35135;14.83085;      -0.23209;3.43046;1
-123.37793;14.83353;      -0.23178;3.43045;1
-123.40454;14.83620;      -0.23145;3.43043;1
-123.43116;14.83888;      -0.23113;3.43042;1
-123.45778;14.84155;      -0.23082;3.43041;1
-123.48443;14.84423;      -0.23053;3.43040;1
-123.51111;14.84690;      -0.23025;3.43039;1
-123.53783;14.84958;      -0.22996;3.43038;1
-123.56457;14.85225;      -0.22970;3.43037;1
-123.59135;14.85493;      -0.22946;3.43036;1
-123.61818;14.85760;      -0.22925;3.43035;1
-123.64502;14.86028;      -0.22902;3.43034;1
-123.67186;14.86295;      -0.22879;3.43033;1
-123.69874;14.86563;      -0.22863;3.43031;1
-123.72565;14.86830;      -0.22843;3.43030;1
-123.75260;14.87098;      -0.22821;3.43029;1
-123.77958;14.87365;      -0.22803;3.43028;1
-123.80660;14.87633;      -0.22784;3.43027;1
-123.83366;14.87900;      -0.22763;3.43026;1
-123.86073;14.88168;      -0.22742;3.43025;1
-123.88782;14.88435;      -0.22719;3.43024;1
-123.91496;14.88703;      -0.22697;3.43023;1
-123.94208;14.88970;      -0.22677;3.43022;1
-123.96924;14.89238;      -0.22656;3.43020;1
-123.99643;14.89505;      -0.22639;3.43019;1
-124.02364;14.89773;      -0.22623;3.43018;1
-124.05090;14.90040;      -0.22604;3.43017;1
-124.07825;14.90308;      -0.22592;3.43016;1
-124.10560;14.90575;      -0.22578;3.43015;1
-124.13295;14.90843;      -0.22559;3.43014;1
-124.16032;14.91110;      -0.22538;3.43013;1
-124.18771;14.91378;      -0.22518;3.43011;1
-124.21511;14.91645;      -0.22499;3.43010;1
-124.24259;14.91913;      -0.22484;3.43009;1
-124.27007;14.92180;      -0.22469;3.43008;1
-124.29758;14.92448;      -0.22453;3.43007;1
-124.32512;14.92715;      -0.22440;3.43006;1
-124.35264;14.92983;      -0.22426;3.43005;1
-124.38024;14.93250;      -0.22409;3.43004;1
-124.40787;14.93518;      -0.22400;3.43002;1
-124.43552;14.93785;      -0.22397;3.43001;1
-124.46321;14.94053;      -0.22391;3.43000;1
-124.49090;14.94321;      -0.22382;3.42999;1
-124.51863;14.94588;      -0.22372;3.42998;1
-124.54638;14.94856;      -0.22362;3.42997;1
-124.57421;14.95123;      -0.22350;3.42996;1
-124.60210;14.95391;      -0.22343;3.42994;1
-124.62999;14.95658;      -0.22341;3.42993;1
-124.65793;14.95926;      -0.22335;3.42992;1
-124.68591;14.96193;      -0.22327;3.42991;1
-124.71392;14.96461;      -0.22321;3.42990;1
-124.74193;14.96728;      -0.22315;3.42989;1
-124.76995;14.96996;      -0.22309;3.42987;1
-124.79804;14.97263;      -0.22307;3.42986;1
-124.82620;14.97531;      -0.22302;3.42985;1
-124.85438;14.97798;      -0.22294;3.42984;1
-124.88261;14.98066;      -0.22286;3.42983;1
-124.91089;14.98333;      -0.22280;3.42982;1
-124.93916;14.98601;      -0.22274;3.42980;1
-124.96747;14.98868;      -0.22274;3.42979;1
-124.99579;14.99136;      -0.22279;3.42978;1
-125.02413;14.99403;      -0.22289;3.42977;1
-125.05253;14.99671;      -0.22301;3.42976;1
-125.08095;14.99938;      -0.22303;3.42975;1
-125.10939;15.00206;      -0.22298;3.42973;1
-125.13783;15.00473;      -0.22289;3.42972;1
-125.16630;15.00741;      -0.22283;3.42971;1
-125.19480;15.01008;      -0.22280;3.42970;1
-125.22328;15.01276;      -0.22279;3.42969;1
-125.25180;15.01543;      -0.22278;3.42967;1
-125.28032;15.01811;      -0.22279;3.42966;1
-125.30883;15.02078;      -0.22282;3.42965;1
-125.33735;15.02346;      -0.22284;3.42964;1
-125.36592;15.02613;      -0.22292;3.42963;1
-125.39448;15.02881;      -0.22302;3.42962;1
-125.42307;15.03148;      -0.22310;3.42960;1
-125.45169;15.03416;      -0.22319;3.42959;1
-125.48032;15.03683;      -0.22329;3.42958;1
-125.50897;15.03951;      -0.22335;3.42957;1
-125.53765;15.04218;      -0.22343;3.42956;1
-125.56634;15.04486;      -0.22347;3.42954;1
-125.59506;15.04753;      -0.22344;3.42953;1
-125.62381;15.05021;      -0.22343;3.42952;1
-125.65256;15.05289;      -0.22350;3.42951;1
-125.68134;15.05556;      -0.22354;3.42950;1
-125.71016;15.05824;      -0.22358;3.42948;1
-125.73896;15.06091;      -0.22362;3.42947;1
-125.76777;15.06359;      -0.22365;3.42946;1
-125.79660;15.06626;      -0.22365;3.42945;1
-125.82546;15.06894;      -0.22365;3.42943;1
-125.85435;15.07161;      -0.22364;3.42942;1
-125.88324;15.07429;      -0.22361;3.42941;1
-125.91211;15.07696;      -0.22359;3.42940;1
-125.94099;15.07964;      -0.22360;3.42939;1
-125.96991;15.08231;      -0.22361;3.42937;1
-125.99887;15.08499;      -0.22361;3.42936;1
-126.02783;15.08766;      -0.22360;3.42935;1
-126.05676;15.09034;      -0.22360;3.42934;1
-126.08572;15.09301;      -0.22362;3.42933;1
-126.11464;15.09569;      -0.22368;3.42931;1
-126.14355;15.09836;      -0.22374;3.42930;1
-126.17248;15.10104;      -0.22376;3.42929;1
-126.20141;15.10371;      -0.22371;3.42928;1
-126.23030;15.10639;      -0.22363;3.42926;1
-126.25919;15.10906;      -0.22354;3.42925;1
-126.28811;15.11174;      -0.22340;3.42924;1
-126.31702;15.11441;      -0.22328;3.42923;1
-126.34587;15.11709;      -0.22323;3.42922;1
-126.37469;15.11976;      -0.22317;3.42920;1
-126.40351;15.12244;      -0.22306;3.42919;1
-126.43229;15.12511;      -0.22296;3.42918;1
-126.46100;15.12779;      -0.22288;3.42917;1
-126.48967;15.13046;      -0.22282;3.42915;1
-126.51837;15.13314;      -0.22275;3.42914;1
-126.54705;15.13581;      -0.22267;3.42913;1
-126.57567;15.13849;      -0.22252;3.42912;1
-126.60429;15.14116;      -0.22236;3.42911;1
-126.63290;15.14384;      -0.22222;3.42909;1
-126.66147;15.14651;      -0.22206;3.42908;1
-126.69007;15.14919;      -0.22189;3.42907;1
-126.71865;15.15186;      -0.22174;3.42906;1
-126.74714;15.15454;      -0.22160;3.42904;1
-126.77554;15.15721;      -0.22145;3.42903;1
-126.80394;15.15989;      -0.22130;3.42902;1
-126.83231;15.16256;      -0.22112;3.42901;1
-126.86060;15.16524;      -0.22088;3.42900;1
-126.88890;15.16792;      -0.22063;3.42898;1
-126.91721;15.17059;      -0.22040;3.42897;1
-126.94543;15.17327;      -0.22014;3.42896;1
-126.97357;15.17594;      -0.21990;3.42895;1
-127.00167;15.17862;      -0.21967;3.42894;1
-127.02972;15.18129;      -0.21944;3.42892;1
-127.05774;15.18397;      -0.21922;3.42891;1
-127.08573;15.18664;      -0.21898;3.42890;1
-127.11366;15.18932;      -0.21875;3.42889;1
-127.14153;15.19199;      -0.21853;3.42888;1
-127.16939;15.19467;      -0.21830;3.42886;1
-127.19720;15.19734;      -0.21807;3.42885;1
-127.22494;15.20002;      -0.21781;3.42884;1
-127.25267;15.20269;      -0.21753;3.42883;1
-127.28033;15.20537;      -0.21716;3.42882;1
-127.30795;15.20804;      -0.21676;3.42881;1
-127.33551;15.21072;      -0.21641;3.42879;1
-127.36300;15.21339;      -0.21610;3.42878;1
-127.39048;15.21607;      -0.21579;3.42877;1
-127.41793;15.21874;      -0.21551;3.42876;1
-127.44528;15.22142;      -0.21524;3.42875;1
-127.47253;15.22409;      -0.21494;3.42874;1
-127.49973;15.22677;      -0.21462;3.42872;1
-127.52685;15.22944;      -0.21425;3.42871;1
-127.55391;15.23212;      -0.21388;3.42870;1
-127.58090;15.23479;      -0.21349;3.42869;1
-127.60781;15.23747;      -0.21307;3.42868;1
-127.63467;15.24014;      -0.21266;3.42867;1
-127.66146;15.24282;      -0.21224;3.42865;1
-127.68818;15.24549;      -0.21186;3.42864;1
-127.71481;15.24817;      -0.21147;3.42863;1
-127.74138;15.25084;      -0.21107;3.42862;1
-127.76788;15.25352;      -0.21068;3.42861;1
-127.79428;15.25619;      -0.21027;3.42860;1
-127.82060;15.25887;      -0.20985;3.42859;1
-127.84680;15.26154;      -0.20943;3.42857;1
-127.87291;15.26422;      -0.20899;3.42856;1
-127.89897;15.26689;      -0.20854;3.42855;1
-127.92496;15.26957;      -0.20805;3.42854;1
-127.95085;15.27224;      -0.20757;3.42853;1
-127.97666;15.27492;      -0.20711;3.42852;1
-128.00242;15.27759;      -0.20664;3.42851;1
-128.02812;15.28027;      -0.20618;3.42850;1
-128.05376;15.28295;      -0.20577;3.42848;1
-128.07932;15.28562;      -0.20535;3.42847;1
-128.10475;15.28830;      -0.20489;3.42846;1
-128.13012;15.29097;      -0.20438;3.42845;1
-128.15546;15.29365;      -0.20381;3.42844;1
-128.18066;15.29632;      -0.20329;3.42843;1
-128.20583;15.29900;      -0.20276;3.42842;1
-128.23098;15.30167;      -0.20226;3.42841;1
-128.25603;15.30435;      -0.20176;3.42840;1
-128.28102;15.30702;      -0.20126;3.42839;1
-128.30600;15.30970;      -0.20078;3.42837;1
-128.33088;15.31237;      -0.20029;3.42836;1
-128.35569;15.31505;      -0.19983;3.42835;1
-128.38048;15.31772;      -0.19936;3.42834;1
-128.40524;15.32040;      -0.19886;3.42833;1
-128.42993;15.32307;      -0.19837;3.42832;1
-128.45459;15.32575;      -0.19786;3.42831;1
-128.47924;15.32842;      -0.19735;3.42830;1
-128.50388;15.33110;      -0.19682;3.42829;1
-128.52852;15.33377;      -0.19627;3.42828;1
-128.55316;15.33645;      -0.19576;3.42827;1
-128.57775;15.33912;      -0.19523;3.42826;1
-128.60231;15.34180;      -0.19467;3.42825;1
-128.62683;15.34447;      -0.19410;3.42823;1
-128.65130;15.34715;      -0.19356;3.42822;1
-128.67578;15.34982;      -0.19304;3.42821;1
-128.70020;15.35250;      -0.19256;3.42820;1
-128.72459;15.35517;      -0.19206;3.42819;1
-128.74896;15.35785;      -0.19156;3.42818;1
-128.77330;15.36052;      -0.19103;3.42817;1
-128.79764;15.36320;      -0.19049;3.42816;1
-128.82196;15.36587;      -0.19001;3.42815;1
-128.84625;15.36855;      -0.18949;3.42814;1
-128.87050;15.37122;      -0.18896;3.42813;1
-128.89473;15.37390;      -0.18844;3.42812;1
-128.91897;15.37657;      -0.18793;3.42811;1
-128.94320;15.37925;      -0.18746;3.42810;1
-128.96742;15.38192;      -0.18705;3.42809;1
-128.99161;15.38460;      -0.18666;3.42808;1
-129.01574;15.38727;      -0.18624;3.42807;1
-129.03984;15.38995;      -0.18584;3.42805;1
-129.06398;15.39262;      -0.18548;3.42804;1
-129.08812;15.39530;      -0.18511;3.42803;1
-129.11223;15.39798;      -0.18475;3.42802;1
-129.13634;15.40065;      -0.18438;3.42801;1
-129.16050;15.40333;      -0.18399;3.42800;1
-129.18463;15.40600;      -0.18364;3.42799;1
-129.20878;15.40868;      -0.18331;3.42798;1
-129.23294;15.41135;      -0.18297;3.42797;1
-129.25712;15.41403;      -0.18268;3.42796;1
-129.28133;15.41670;      -0.18247;3.42795;1
-129.30553;15.41938;      -0.18226;3.42794;1
-129.32975;15.42205;      -0.18203;3.42793;1
-129.35401;15.42473;      -0.18178;3.42792;1
-129.37832;15.42740;      -0.18153;3.42791;1
-129.40266;15.43008;      -0.18133;3.42789;1
-129.42703;15.43275;      -0.18116;3.42788;1
-129.45143;15.43543;      -0.18097;3.42787;1
-129.47587;15.43810;      -0.18076;3.42786;1
-129.50034;15.44078;      -0.18056;3.42785;1
-129.52481;15.44345;      -0.18037;3.42784;1
-129.54929;15.44613;      -0.18019;3.42783;1
-129.57380;15.44880;      -0.18007;3.42782;1
-129.59835;15.45148;      -0.17995;3.42781;1
-129.62292;15.45415;      -0.17984;3.42780;1
-129.64751;15.45683;      -0.17974;3.42779;1
-129.67213;15.45950;      -0.17958;3.42778;1
-129.69675;15.46218;      -0.17944;3.42776;1
-129.72142;15.46485;      -0.17937;3.42775;1
-129.74615;15.46753;      -0.17933;3.42774;1
-129.77090;15.47020;      -0.17928;3.42773;1
-129.79568;15.47288;      -0.17923;3.42772;1
-129.82049;15.47555;      -0.17915;3.42771;1
-129.84533;15.47823;      -0.17906;3.42770;1
-129.87018;15.48090;      -0.17899;3.42769;1
-129.89502;15.48358;      -0.17892;3.42768;1
-129.91989;15.48625;      -0.17885;3.42767;1
-129.94474;15.48893;      -0.17890;3.42765;1
-129.96965;15.49160;      -0.17900;3.42764;1
-129.99459;15.49428;      -0.17907;3.42763;1
-130.01954;15.49695;      -0.17912;3.42762;1
-130.04452;15.49963;      -0.17914;3.42761;1
-130.06953;15.50230;      -0.17914;3.42760;1
-130.09453;15.50498;      -0.17915;3.42759;1
-130.11954;15.50765;      -0.17918;3.42758;1
-130.14454;15.51033;      -0.17922;3.42757;1
-130.16950;15.51301;      -0.17926;3.42756;1
-130.19448;15.51568;      -0.17931;3.42754;1
-130.21945;15.51836;      -0.17936;3.42753;1
-130.24443;15.52103;      -0.17940;3.42752;1
-130.26943;15.52371;      -0.17945;3.42751;1
-130.29441;15.52638;      -0.17952;3.42750;1
-130.31940;15.52906;      -0.17955;3.42749;1
-130.34437;15.53173;      -0.17958;3.42748;1
-130.36932;15.53441;      -0.17961;3.42747;1
-130.39426;15.53708;      -0.17969;3.42746;1
-130.41917;15.53976;      -0.17981;3.42744;1
-130.44411;15.54243;      -0.17993;3.42743;1
-130.46902;15.54511;      -0.18005;3.42742;1
-130.49389;15.54778;      -0.18018;3.42741;1
-130.51876;15.55046;      -0.18032;3.42740;1
-130.54364;15.55313;      -0.18047;3.42739;1
-130.56849;15.55581;      -0.18062;3.42738;1
-130.59335;15.55848;      -0.18068;3.42737;1
-130.61822;15.56116;      -0.18071;3.42735;1
-130.64306;15.56383;      -0.18076;3.42734;1
-130.66785;15.56651;      -0.18082;3.42733;1
-130.69264;15.56918;      -0.18090;3.42732;1
-130.71744;15.57186;      -0.18096;3.42731;1
-130.74223;15.57453;      -0.18104;3.42730;1
-130.76700;15.57721;      -0.18112;3.42729;1
-130.79177;15.57988;      -0.18112;3.42728;1
-130.81652;15.58256;      -0.18120;3.42727;1
-130.84125;15.58523;      -0.18126;3.42725;1
-130.86596;15.58791;      -0.18127;3.42724;1
-130.89067;15.59058;      -0.18123;3.42723;1
-130.91538;15.59326;      -0.18115;3.42722;1
-130.94007;15.59593;      -0.18106;3.42721;1
-130.96476;15.59861;      -0.18101;3.42720;1
-130.98949;15.60128;      -0.18097;3.42719;1
-131.01424;15.60396;      -0.18090;3.42718;1
-131.03893;15.60663;      -0.18084;3.42717;1
-131.06360;15.60931;      -0.18081;3.42715;1
-131.08826;15.61198;      -0.18079;3.42714;1
-131.11292;15.61466;      -0.18072;3.42713;1
-131.13756;15.61733;      -0.18059;3.42712;1
-131.16216;15.62001;      -0.18043;3.42711;1
-131.18679;15.62268;      -0.18026;3.42710;1
-131.21139;15.62536;      -0.18010;3.42709;1
-131.23597;15.62804;      -0.17996;3.42708;1
-131.26056;15.63071;      -0.17984;3.42707;1
-131.28512;15.63339;      -0.17971;3.42705;1
-131.30964;15.63606;      -0.17954;3.42704;1
-131.33418;15.63874;      -0.17944;3.42703;1
-131.35873;15.64141;      -0.17936;3.42702;1
-131.38326;15.64409;      -0.17924;3.42701;1
-131.40780;15.64676;      -0.17912;3.42700;1
-131.43239;15.64944;      -0.17901;3.42699;1
-131.45697;15.65211;      -0.17889;3.42698;1
-131.48154;15.65479;      -0.17876;3.42697;1
-131.50610;15.65746;      -0.17865;3.42695;1
-131.53065;15.66014;      -0.17855;3.42694;1
-131.55524;15.66281;      -0.17847;3.42693;1
-131.57985;15.66549;      -0.17836;3.42692;1
-131.60446;15.66816;      -0.17820;3.42691;1
-131.62909;15.67084;      -0.17803;3.42690;1
-131.65371;15.67351;      -0.17786;3.42689;1
-131.67831;15.67619;      -0.17769;3.42688;1
-131.70294;15.67886;      -0.17752;3.42687;1
-131.72757;15.68154;      -0.17740;3.42685;1
-131.75226;15.68421;      -0.17731;3.42684;1
-131.77700;15.68689;      -0.17717;3.42683;1
-131.80171;15.68956;      -0.17704;3.42682;1
-131.82650;15.69224;      -0.17688;3.42681;1
-131.85131;15.69491;      -0.17673;3.42680;1
-131.87613;15.69759;      -0.17661;3.42679;1
-131.90103;15.70026;      -0.17649;3.42678;1
-131.92597;15.70294;      -0.17635;3.42676;1
-131.95094;15.70561;      -0.17622;3.42675;1
-131.97593;15.70829;      -0.17615;3.42674;1
-132.00096;15.71096;      -0.17612;3.42673;1
-132.02603;15.71364;      -0.17606;3.42672;1
-132.05116;15.71631;      -0.17598;3.42671;1
-132.07635;15.71899;      -0.17586;3.42670;1
-132.10160;15.72166;      -0.17573;3.42668;1
-132.12690;15.72434;      -0.17564;3.42667;1
-132.15223;15.72701;      -0.17561;3.42666;1
-132.17763;15.72969;      -0.17562;3.42665;1
-132.20307;15.73236;      -0.17569;3.42664;1
-132.22857;15.73504;      -0.17584;3.42663;1
-132.25412;15.73772;      -0.17601;3.42661;1
-132.27972;15.74039;      -0.17618;3.42660;1
-132.30536;15.74307;      -0.17638;3.42659;1
-132.33102;15.74574;      -0.17651;3.42658;1
-132.35669;15.74842;      -0.17659;3.42657;1
-132.38245;15.75109;      -0.17658;3.42656;1
-132.40829;15.75377;      -0.17648;3.42654;1
-132.43414;15.75644;      -0.17641;3.42653;1
-132.46002;15.75912;      -0.17636;3.42652;1
-132.48591;15.76179;      -0.17632;3.42651;1
-132.51181;15.76447;      -0.17630;3.42650;1
-132.53778;15.76714;      -0.17626;3.42648;1
-132.56382;15.76982;      -0.17621;3.42647;1
-132.58990;15.77249;      -0.17616;3.42646;1
-132.61601;15.77517;      -0.17614;3.42645;1
-132.64214;15.77784;      -0.17615;3.42644;1
-132.66832;15.78052;      -0.17613;3.42642;1
-132.69456;15.78319;      -0.17611;3.42641;1
-132.72087;15.78587;      -0.17611;3.42640;1
-132.74721;15.78854;      -0.17612;3.42639;1
-132.77361;15.79122;      -0.17611;3.42638;1
-132.80008;15.79389;      -0.17609;3.42636;1
-132.82661;15.79657;      -0.17608;3.42635;1
-132.85318;15.79924;      -0.17607;3.42634;1
-132.87978;15.80192;      -0.17605;3.42633;1
-132.90641;15.80459;      -0.17609;3.42631;1
-132.93306;15.80727;      -0.17616;3.42630;1
-132.95979;15.80994;      -0.17618;3.42629;1
-132.98658;15.81262;      -0.17623;3.42628;1
-133.01342;15.81529;      -0.17624;3.42627;1
-133.04028;15.81797;      -0.17623;3.42625;1
-133.06719;15.82064;      -0.17627;3.42624;1
-133.09415;15.82332;      -0.17634;3.42623;1
-133.12110;15.82599;      -0.17645;3.42622;1
-133.14814;15.82867;      -0.17652;3.42620;1
-133.17525;15.83134;      -0.17659;3.42619;1
-133.20239;15.83402;      -0.17668;3.42618;1
-133.22959;15.83669;      -0.17676;3.42617;1
-133.25687;15.83937;      -0.17680;3.42615;1
-133.28418;15.84204;      -0.17684;3.42614;1
-133.31151;15.84472;      -0.17690;3.42613;1
-133.33885;15.84739;      -0.17698;3.42611;1
-133.36621;15.85007;      -0.17707;3.42610;1
-133.39358;15.85275;      -0.17719;3.42609;1
-133.42099;15.85542;      -0.17729;3.42608;1
-133.44843;15.85810;      -0.17734;3.42606;1
-133.47590;15.86077;      -0.17737;3.42605;1
-133.50343;15.86345;      -0.17736;3.42604;1
-133.53102;15.86612;      -0.17727;3.42603;1
-133.55863;15.86880;      -0.17723;3.42601;1
-133.58626;15.87147;      -0.17723;3.42600;1
-133.61391;15.87415;      -0.17725;3.42599;1
-133.64160;15.87682;      -0.17729;3.42597;1
-133.66932;15.87950;      -0.17731;3.42596;1
-133.69706;15.88217;      -0.17735;3.42595;1
-133.72482;15.88485;      -0.17741;3.42593;1
-133.75257;15.88752;      -0.17748;3.42592;1
-133.78034;15.89020;      -0.17755;3.42591;1
-133.80817;15.89287;      -0.17762;3.42590;1
-133.83598;15.89555;      -0.17771;3.42588;1
-133.86383;15.89822;      -0.17779;3.42587;1
-133.89171;15.90090;      -0.17785;3.42586;1
-133.91955;15.90357;      -0.17791;3.42584;1
-133.94742;15.90625;      -0.17799;3.42583;1
-133.97529;15.90892;      -0.17808;3.42582;1
-134.00320;15.91160;      -0.17818;3.42581;1
-134.03113;15.91427;      -0.17831;3.42579;1
-134.05907;15.91695;      -0.17849;3.42578;1
-134.08704;15.91962;      -0.17867;3.42577;1
-134.11501;15.92230;      -0.17879;3.42575;1
-134.14300;15.92497;      -0.17890;3.42574;1
-134.17099;15.92765;      -0.17901;3.42573;1
-134.19900;15.93032;      -0.17910;3.42571;1
-134.22703;15.93300;      -0.17917;3.42570;1
-134.25505;15.93567;      -0.17915;3.42569;1
-134.28312;15.93835;      -0.17914;3.42567;1
-134.31119;15.94102;      -0.17922;3.42566;1
-134.33921;15.94370;      -0.17936;3.42565;1
-134.36723;15.94637;      -0.17948;3.42563;1
-134.39526;15.94905;      -0.17964;3.42562;1
-134.42332;15.95172;      -0.17977;3.42561;1
-134.45138;15.95440;      -0.17986;3.42559;1
-134.47942;15.95707;      -0.17995;3.42558;1
-134.50746;15.95975;      -0.18007;3.42557;1
-134.53550;15.96242;      -0.18019;3.42556;1
-134.56353;15.96510;      -0.18031;3.42554;1
-134.59161;15.96778;      -0.18045;3.42553;1
-134.61972;15.97045;      -0.18059;3.42552;1
-134.64783;15.97313;      -0.18070;3.42550;1
-134.67592;15.97580;      -0.18077;3.42549;1
-134.70402;15.97848;      -0.18085;3.42548;1
-134.73213;15.98115;      -0.18095;3.42546;1
-134.76024;15.98383;      -0.18105;3.42545;1
-134.78831;15.98650;      -0.18113;3.42544;1
-134.81636;15.98918;      -0.18122;3.42542;1
-134.84442;15.99185;      -0.18134;3.42541;1
-134.87248;15.99453;      -0.18143;3.42540;1
-134.90054;15.99720;      -0.18151;3.42538;1
-134.92858;15.99988;      -0.18158;3.42537;1
-134.95660;16.00255;      -0.18164;3.42536;1
-134.98464;16.00523;      -0.18171;3.42534;1
-135.01264;16.00790;      -0.18178;3.42533;1
-135.04056;16.01058;      -0.18187;3.42532;1
-135.06848;16.01325;      -0.18196;3.42530;1
-135.09638;16.01593;      -0.18204;3.42529;1
-135.12424;16.01860;      -0.18211;3.42528;1
-135.15210;16.02128;      -0.18218;3.42526;1
-135.17995;16.02395;      -0.18222;3.42525;1
-135.20776;16.02663;      -0.18225;3.42524;1
-135.23559;16.02930;      -0.18231;3.42522;1
-135.26335;16.03198;      -0.18237;3.42521;1
-135.29108;16.03465;      -0.18244;3.42520;1
-135.31882;16.03733;      -0.18246;3.42518;1
-135.34646;16.04000;      -0.18239;3.42517;1
-135.37407;16.04268;      -0.18236;3.42516;1
-135.40162;16.04535;      -0.18233;3.42515;1
-135.42915;16.04803;      -0.18230;3.42513;1
-135.45669;16.05070;      -0.18227;3.42512;1
-135.48422;16.05338;      -0.18224;3.42511;1
-135.51171;16.05605;      -0.18223;3.42509;1
-135.53916;16.05873;      -0.18223;3.42508;1
-135.56661;16.06140;      -0.18221;3.42507;1
-135.59402;16.06408;      -0.18219;3.42505;1
-135.62132;16.06675;      -0.18219;3.42504;1
-135.64864;16.06943;      -0.18218;3.42503;1
-135.67592;16.07210;      -0.18220;3.42501;1
-135.70321;16.07478;      -0.18222;3.42500;1
-135.73049;16.07745;      -0.18220;3.42499;1
-135.75772;16.08013;      -0.18216;3.42498;1
-135.78498;16.08281;      -0.18214;3.42496;1
-135.81221;16.08548;      -0.18208;3.42495;1
-135.83941;16.08816;      -0.18203;3.42494;1
-135.86658;16.09083;      -0.18196;3.42492;1
-135.89375;16.09351;      -0.18185;3.42491;1
-135.92089;16.09618;      -0.18177;3.42490;1
-135.94802;16.09886;      -0.18171;3.42488;1
-135.97513;16.10153;      -0.18162;3.42487;1
-136.00224;16.10421;      -0.18152;3.42486;1
-136.02933;16.10688;      -0.18144;3.42485;1
-136.05637;16.10956;      -0.18133;3.42483;1
-136.08341;16.11223;      -0.18122;3.42482;1
-136.11043;16.11491;      -0.18111;3.42481;1
-136.13744;16.11758;      -0.18099;3.42479;1
-136.16446;16.12026;      -0.18088;3.42478;1
-136.19146;16.12293;      -0.18074;3.42477;1
-136.21846;16.12561;      -0.18062;3.42475;1
-136.24540;16.12828;      -0.18049;3.42474;1
-136.27230;16.13096;      -0.18037;3.42473;1
-136.29920;16.13363;      -0.18025;3.42472;1
-136.32609;16.13631;      -0.18011;3.42470;1
-136.35301;16.13898;      -0.17997;3.42469;1
-136.37985;16.14166;      -0.17982;3.42468;1
-136.40667;16.14433;      -0.17966;3.42466;1
-136.43352;16.14701;      -0.17951;3.42465;1
-136.46035;16.14968;      -0.17936;3.42464;1
-136.48718;16.15236;      -0.17921;3.42463;1
-136.51401;16.15503;      -0.17911;3.42461;1
-136.54081;16.15771;      -0.17887;3.42460;1
-136.56757;16.16038;      -0.17849;3.42459;1
-136.59433;16.16306;      -0.17824;3.42457;1
-136.62112;16.16573;      -0.17808;3.42456;1
-136.64790;16.16841;      -0.17795;3.42455;1
-136.67467;16.17108;      -0.17786;3.42453;1
-136.70142;16.17376;      -0.17779;3.42452;1
-136.72818;16.17643;      -0.17771;3.42451;1
-136.75497;16.17911;      -0.17765;3.42450;1
-136.78173;16.18178;      -0.17758;3.42448;1
-136.80849;16.18446;      -0.17747;3.42447;1
-136.83528;16.18713;      -0.17735;3.42446;1
-136.86206;16.18981;      -0.17720;3.42444;1
-136.88885;16.19248;      -0.17705;3.42443;1
-136.91564;16.19516;      -0.17692;3.42442;1
-136.94242;16.19784;      -0.17680;3.42441;1
-136.96923;16.20051;      -0.17668;3.42439;1
-136.99606;16.20319;      -0.17660;3.42438;1
-137.02286;16.20586;      -0.17650;3.42437;1
-137.04965;16.20854;      -0.17644;3.42435;1
-137.07649;16.21121;      -0.17637;3.42434;1
-137.10339;16.21389;      -0.17629;3.42433;1
-137.13027;16.21656;      -0.17619;3.42431;1
-137.15719;16.21924;      -0.17609;3.42430;1
-137.18415;16.22191;      -0.17598;3.42429;1
-137.21109;16.22459;      -0.17584;3.42427;1
-137.23803;16.22726;      -0.17568;3.42426;1
-137.26498;16.22994;      -0.17555;3.42425;1
-137.29192;16.23261;      -0.17545;3.42424;1
-137.31885;16.23529;      -0.17533;3.42422;1
-137.34580;16.23796;      -0.17524;3.42421;1
-137.37274;16.24064;      -0.17516;3.42420;1
-137.39970;16.24331;      -0.17508;3.42418;1
-137.42670;16.24599;      -0.17499;3.42417;1
-137.45370;16.24866;      -0.17493;3.42416;1
-137.48070;16.25134;      -0.17490;3.42414;1
-137.50771;16.25401;      -0.17488;3.42413;1
-137.53472;16.25669;      -0.17485;3.42412;1
-137.56173;16.25936;      -0.17482;3.42410;1
-137.58877;16.26204;      -0.17479;3.42409;1
-137.61580;16.26471;      -0.17474;3.42408;1
-137.64284;16.26739;      -0.17467;3.42406;1
-137.66995;16.27006;      -0.17460;3.42405;1
-137.69705;16.27274;      -0.17452;3.42404;1
-137.72416;16.27541;      -0.17444;3.42402;1
-137.75123;16.27809;      -0.17436;3.42401;1
-137.77826;16.28076;      -0.17428;3.42400;1
-137.80531;16.28344;      -0.17420;3.42398;1
-137.83235;16.28611;      -0.17412;3.42397;1
-137.85943;16.28879;      -0.17405;3.42396;1
-137.88650;16.29146;      -0.17398;3.42395;1
-137.91357;16.29414;      -0.17392;3.42393;1
-137.94068;16.29681;      -0.17385;3.42392;1
-137.96774;16.29949;      -0.17377;3.42391;1
-137.99483;16.30216;      -0.17370;3.42389;1
-138.02192;16.30484;      -0.17364;3.42388;1
-138.04897;16.30752;      -0.17361;3.42387;1
-138.07602;16.31019;      -0.17362;3.42385;1
-138.10313;16.31287;      -0.17361;3.42384;1
-138.13021;16.31554;      -0.17358;3.42383;1
-138.15730;16.31822;      -0.17353;3.42381;1
-138.18440;16.32089;      -0.17347;3.42380;1
-138.21146;16.32357;      -0.17340;3.42379;1
-138.23853;16.32624;      -0.17332;3.42377;1
-138.26562;16.32892;      -0.17325;3.42376;1
-138.29274;16.33159;      -0.17319;3.42375;1
-138.31987;16.33427;      -0.17313;3.42373;1
-138.34702;16.33694;      -0.17310;3.42372;1
-138.37417;16.33962;      -0.17312;3.42371;1
-138.40132;16.34229;      -0.17316;3.42369;1
-138.42844;16.34497;      -0.17315;3.42368;1
-138.45559;16.34764;      -0.17307;3.42367;1
-138.48275;16.35032;      -0.17297;3.42365;1
-138.50987;16.35299;      -0.17292;3.42364;1
-138.53699;16.35567;      -0.17279;3.42363;1
-138.56414;16.35834;      -0.17267;3.42361;1
-138.59132;16.36102;      -0.17259;3.42360;1
-138.61850;16.36369;      -0.17251;3.42358;1
-138.64571;16.36637;      -0.17244;3.42357;1
-138.67293;16.36904;      -0.17238;3.42356;1
-138.70015;16.37172;      -0.17233;3.42354;1
-138.72737;16.37439;      -0.17227;3.42353;1
-138.75459;16.37707;      -0.17219;3.42352;1
-138.78175;16.37974;      -0.17214;3.42350;1
-138.80893;16.38242;      -0.17211;3.42349;1
-138.83616;16.38509;      -0.17205;3.42348;1
-138.86338;16.38777;      -0.17201;3.42346;1
-138.89055;16.39044;      -0.17200;3.42345;1
-138.91772;16.39312;      -0.17194;3.42344;1
-138.94492;16.39579;      -0.17184;3.42342;1
-138.97213;16.39847;      -0.17177;3.42341;1
-138.99934;16.40114;      -0.17172;3.42340;1
-139.02652;16.40382;      -0.17164;3.42338;1
-139.05369;16.40649;      -0.17154;3.42337;1
-139.08088;16.40917;      -0.17148;3.42336;1
-139.10806;16.41184;      -0.17146;3.42334;1
-139.13519;16.41452;      -0.17144;3.42333;1
-139.16233;16.41719;      -0.17137;3.42331;1
-139.18950;16.41987;      -0.17128;3.42330;1
-139.21663;16.42255;      -0.17121;3.42329;1
-139.24374;16.42522;      -0.17115;3.42327;1
-139.27084;16.42790;      -0.17110;3.42326;1
-139.29795;16.43057;      -0.17104;3.42325;1
-139.32508;16.43325;      -0.17096;3.42323;1
-139.35217;16.43592;      -0.17089;3.42322;1
-139.37932;16.43860;      -0.17091;3.42321;1
-139.40646;16.44127;      -0.17092;3.42319;1
-139.43357;16.44395;      -0.17088;3.42318;1
-139.46072;16.44662;      -0.17084;3.42317;1
-139.48783;16.44930;      -0.17076;3.42315;1
-139.51498;16.45197;      -0.17070;3.42314;1
-139.54215;16.45465;      -0.17066;3.42313;1
-139.56931;16.45732;      -0.17064;3.42311;1
-139.59649;16.46000;      -0.17062;3.42310;1
-139.62369;16.46267;      -0.17058;3.42308;1
-139.65086;16.46535;      -0.17052;3.42307;1
-139.67804;16.46802;      -0.17045;3.42306;1
-139.70528;16.47070;      -0.17041;3.42304;1
-139.73249;16.47337;      -0.17037;3.42303;1
-139.75966;16.47605;      -0.17032;3.42302;1
-139.78686;16.47872;      -0.17027;3.42300;1
-139.81406;16.48140;      -0.17023;3.42299;1
-139.84129;16.48407;      -0.17019;3.42298;1
-139.86856;16.48675;      -0.17012;3.42296;1
-139.89581;16.48942;      -0.17006;3.42295;1
-139.92303;16.49210;      -0.17002;3.42293;1
-139.95027;16.49477;      -0.16997;3.42292;1
-139.97751;16.49745;      -0.16988;3.42291;1
-140.00473;16.50012;      -0.16982;3.42289;1
-140.03197;16.50280;      -0.16977;3.42288;1
-140.05919;16.50547;      -0.16972;3.42287;1
-140.08641;16.50815;      -0.16967;3.42285;1
-140.11363;16.51082;      -0.16962;3.42284;1
-140.14087;16.51350;      -0.16958;3.42282;1
-140.16808;16.51617;      -0.16948;3.42281;1
-140.19532;16.51885;      -0.16938;3.42280;1
-140.22252;16.52152;      -0.16932;3.42278;1
-140.24968;16.52420;      -0.16928;3.42277;1
-140.27687;16.52687;      -0.16925;3.42276;1
-140.30404;16.52955;      -0.16920;3.42274;1
-140.33115;16.53222;      -0.16913;3.42273;1
-140.35826;16.53490;      -0.16905;3.42272;1
-140.38538;16.53758;      -0.16898;3.42270;1
-140.41247;16.54025;      -0.16891;3.42269;1
-140.43956;16.54293;      -0.16882;3.42267;1
-140.46662;16.54560;      -0.16874;3.42266;1
-140.49371;16.54828;      -0.16867;3.42265;1
-140.52079;16.55095;      -0.16864;3.42263;1
-140.54783;16.55363;      -0.16861;3.42262;1
-140.57493;16.55630;      -0.16854;3.42261;1
-140.60201;16.55898;      -0.16845;3.42259;1
-140.62906;16.56165;      -0.16845;3.42258;1
-140.65613;16.56433;      -0.16848;3.42256;1
-140.68319;16.56700;      -0.16844;3.42255;1
-140.71026;16.56968;      -0.16840;3.42254;1
-140.73726;16.57235;      -0.16834;3.42252;1
-140.76427;16.57503;      -0.16828;3.42251;1
-140.79128;16.57770;      -0.16824;3.42250;1
-140.81826;16.58038;      -0.16820;3.42248;1
-140.84524;16.58305;      -0.16814;3.42247;1
-140.87223;16.58573;      -0.16807;3.42246;1
-140.89918;16.58840;      -0.16801;3.42244;1
-140.92610;16.59108;      -0.16793;3.42243;1
-140.95302;16.59375;      -0.16784;3.42241;1
-140.97996;16.59643;      -0.16775;3.42240;1
-141.00687;16.59910;      -0.16766;3.42239;1
-141.03380;16.60178;      -0.16754;3.42237;1
-141.06072;16.60445;      -0.16740;3.42236;1
-141.08761;16.60713;      -0.16727;3.42235;1
-141.11450;16.60980;      -0.16715;3.42233;1
-141.14137;16.61248;      -0.16703;3.42232;1
-141.16824;16.61515;      -0.16700;3.42230;1
-141.19512;16.61783;      -0.16702;3.42229;1
-141.22200;16.62050;      -0.16698;3.42228;1
-141.24887;16.62318;      -0.16687;3.42226;1
-141.27574;16.62585;      -0.16674;3.42225;1
-141.30259;16.62853;      -0.16661;3.42224;1
-141.32943;16.63120;      -0.16647;3.42222;1
-141.35628;16.63388;      -0.16637;3.42221;1
-141.38314;16.63655;      -0.16633;3.42220;1
-141.41001;16.63923;      -0.16628;3.42218;1
-141.43682;16.64190;      -0.16618;3.42217;1
-141.46363;16.64458;      -0.16608;3.42215;1
-141.49046;16.64725;      -0.16602;3.42214;1
-141.51728;16.64993;      -0.16594;3.42213;1
-141.54411;16.65261;      -0.16588;3.42211;1
-141.57092;16.65528;      -0.16581;3.42210;1
-141.59770;16.65796;      -0.16570;3.42209;1
-141.62445;16.66063;      -0.16560;3.42207;1
-141.65120;16.66331;      -0.16560;3.42206;1
-141.67794;16.66598;      -0.16554;3.42204;1
-141.70470;16.66866;      -0.16544;3.42203;1
-141.73145;16.67133;      -0.16534;3.42202;1
-141.75818;16.67401;      -0.16526;3.42200;1
-141.78492;16.67668;      -0.16518;3.42199;1
-141.81165;16.67936;      -0.16506;3.42198;1
-141.83840;16.68203;      -0.16497;3.42196;1
-141.86518;16.68471;      -0.16491;3.42195;1
-141.89195;16.68738;      -0.16486;3.42193;1
-141.91863;16.69006;      -0.16482;3.42192;1
-141.94534;16.69273;      -0.16474;3.42191;1
-141.97204;16.69541;      -0.16465;3.42189;1
-141.99877;16.69808;      -0.16457;3.42188;1
-142.02549;16.70076;      -0.16450;3.42187;1
-142.05217;16.70343;      -0.16444;3.42185;1
-142.07888;16.70611;      -0.16436;3.42184;1
-142.10558;16.70878;      -0.16433;3.42182;1
-142.13225;16.71146;      -0.16432;3.42181;1
-142.15890;16.71413;      -0.16428;3.42180;1
-142.18556;16.71681;      -0.16421;3.42178;1
-142.21227;16.71948;      -0.16412;3.42177;1
-142.23896;16.72216;      -0.16404;3.42176;1
-142.26568;16.72483;      -0.16395;3.42174;1
-142.29243;16.72751;      -0.16386;3.42173;1
-142.31915;16.73018;      -0.16379;3.42171;1
-142.34589;16.73286;      -0.16373;3.42170;1
-142.37264;16.73553;      -0.16364;3.42169;1
-142.39941;16.73821;      -0.16355;3.42167;1
-142.42621;16.74088;      -0.16346;3.42166;1
-142.45298;16.74356;      -0.16337;3.42165;1
-142.47976;16.74623;      -0.16330;3.42163;1
-142.50650;16.74891;      -0.16323;3.42162;1
-142.53328;16.75158;      -0.16317;3.42160;1
-142.56011;16.75426;      -0.16310;3.42159;1
-142.58693;16.75693;      -0.16300;3.42158;1
-142.61376;16.75961;      -0.16290;3.42156;1
-142.64063;16.76228;      -0.16279;3.42155;1
-142.66751;16.76496;      -0.16270;3.42153;1
-142.69438;16.76764;      -0.16261;3.42152;1
-142.72123;16.77031;      -0.16251;3.42151;1
-142.74808;16.77299;      -0.16244;3.42149;1
-142.77500;16.77566;      -0.16235;3.42148;1
-142.80192;16.77834;      -0.16225;3.42146;1
-142.82885;16.78101;      -0.16214;3.42145;1
-142.85582;16.78369;      -0.16203;3.42144;1
-142.88276;16.78636;      -0.16192;3.42142;1
-142.90971;16.78904;      -0.16183;3.42141;1
-142.93669;16.79171;      -0.16173;3.42140;1
-142.96371;16.79439;      -0.16164;3.42138;1
-142.99074;16.79706;      -0.16156;3.42137;1
-143.01776;16.79974;      -0.16152;3.42135;1
-143.04482;16.80241;      -0.16146;3.42134;1
-143.07181;16.80509;      -0.16144;3.42132;1
-143.09879;16.80776;      -0.16145;3.42131;1
-143.12581;16.81044;      -0.16145;3.42130;1
-143.15280;16.81311;      -0.16143;3.42128;1
-143.17983;16.81579;      -0.16138;3.42127;1
-143.20687;16.81846;      -0.16134;3.42125;1
-143.23390;16.82114;      -0.16132;3.42124;1
-143.26092;16.82381;      -0.16130;3.42123;1
-143.28792;16.82649;      -0.16127;3.42121;1
-143.31490;16.82916;      -0.16121;3.42120;1
-143.34191;16.83184;      -0.16116;3.42118;1
-143.36896;16.83451;      -0.16112;3.42117;1
-143.39599;16.83719;      -0.16109;3.42116;1
-143.42300;16.83986;      -0.16110;3.42114;1
-143.45003;16.84254;      -0.16112;3.42113;1
-143.47709;16.84521;      -0.16113;3.42111;1
-143.50413;16.84789;      -0.16112;3.42110;1
-143.53116;16.85056;      -0.16110;3.42109;1
-143.55821;16.85324;      -0.16108;3.42107;1
-143.58527;16.85591;      -0.16106;3.42106;1
-143.61234;16.85859;      -0.16104;3.42104;1
-143.63941;16.86126;      -0.16103;3.42103;1
-143.66648;16.86394;      -0.16103;3.42101;1
-143.69355;16.86661;      -0.16104;3.42100;1
-143.72062;16.86929;      -0.16104;3.42099;1
-143.74768;16.87196;      -0.16105;3.42097;1
-143.77473;16.87464;      -0.16104;3.42096;1
-143.80177;16.87732;      -0.16102;3.42094;1
-143.82882;16.87999;      -0.16099;3.42093;1
-143.85590;16.88267;      -0.16092;3.42091;1
-143.88295;16.88534;      -0.16089;3.42090;1
-143.91001;16.88802;      -0.16088;3.42089;1
-143.93708;16.89069;      -0.16085;3.42087;1
-143.96413;16.89337;      -0.16078;3.42086;1
-143.99119;16.89604;      -0.16074;3.42084;1
-144.01824;16.89872;      -0.16071;3.42083;1
-144.04527;16.90139;      -0.16068;3.42082;1
-144.07232;16.90407;      -0.16065;3.42080;1
-144.09939;16.90674;      -0.16062;3.42079;1
-144.12643;16.90942;      -0.16058;3.42077;1
-144.15345;16.91209;      -0.16055;3.42076;1
-144.18051;16.91477;      -0.16054;3.42074;1
-144.20762;16.91744;      -0.16053;3.42073;1
-144.23469;16.92012;      -0.16048;3.42072;1
-144.26173;16.92279;      -0.16044;3.42070;1
-144.28872;16.92547;      -0.16036;3.42069;1
-144.31570;16.92814;      -0.16029;3.42067;1
-144.34270;16.93082;      -0.16025;3.42066;1
-144.36972;16.93349;      -0.16020;3.42064;1
-144.39670;16.93617;      -0.16016;3.42063;1
-144.42369;16.93884;      -0.16013;3.42062;1
-144.45065;16.94152;      -0.16009;3.42060;1
-144.47759;16.94419;      -0.16004;3.42059;1
-144.50455;16.94687;      -0.15998;3.42057;1
-144.53151;16.94954;      -0.15990;3.42056;1
-144.55851;16.95222;      -0.15985;3.42054;1
-144.58546;16.95489;      -0.15979;3.42053;1
-144.61237;16.95757;      -0.15973;3.42052;1
-144.63929;16.96024;      -0.15968;3.42050;1
-144.66616;16.96292;      -0.15961;3.42049;1
-144.69302;16.96559;      -0.15955;3.42047;1
-144.71987;16.96827;      -0.15952;3.42046;1
-144.74669;16.97094;      -0.15947;3.42044;1
-144.77350;16.97362;      -0.15941;3.42043;1
-144.80030;16.97629;      -0.15937;3.42042;1
-144.82706;16.97897;      -0.15931;3.42040;1
-144.85379;16.98164;      -0.15924;3.42039;1
-144.88053;16.98432;      -0.15916;3.42037;1
-144.90728;16.98699;      -0.15907;3.42036;1
-144.93403;16.98967;      -0.15898;3.42035;1
-144.96072;16.99235;      -0.15891;3.42033;1
-144.98740;16.99502;      -0.15884;3.42032;1
-145.01408;16.99770;      -0.15877;3.42030;1
-145.04076;17.00037;      -0.15867;3.42029;1
-145.06746;17.00305;      -0.15855;3.42027;1
-145.09412;17.00572;      -0.15847;3.42026;1
-145.12081;17.00840;      -0.15843;3.42025;1
-145.14750;17.01107;      -0.15841;3.42023;1
-145.17416;17.01375;      -0.15841;3.42022;1
-145.20083;17.01642;      -0.15839;3.42020;1
-145.22747;17.01910;      -0.15834;3.42019;1
-145.25414;17.02177;      -0.15827;3.42018;1
-145.28085;17.02445;      -0.15817;3.42016;1
-145.30756;17.02712;      -0.15805;3.42015;1
-145.33425;17.02980;      -0.15794;3.42013;1
-145.36096;17.03247;      -0.15787;3.42012;1
-145.38765;17.03515;      -0.15778;3.42010;1
-145.41436;17.03782;      -0.15771;3.42009;1
-145.44108;17.04050;      -0.15765;3.42008;1
-145.46777;17.04317;      -0.15758;3.42006;1
-145.49446;17.04585;      -0.15750;3.42005;1
-145.52115;17.04852;      -0.15744;3.42003;1
-145.54786;17.05120;      -0.15736;3.42002;1
-145.57460;17.05387;      -0.15727;3.42000;1
-145.60134;17.05655;      -0.15720;3.41999;1
-145.62805;17.05922;      -0.15709;3.41998;1
-145.65474;17.06190;      -0.15697;3.41996;1
-145.68146;17.06457;      -0.15688;3.41995;1
-145.70821;17.06725;      -0.15680;3.41993;1
-145.73497;17.06992;      -0.15675;3.41992;1
-145.76178;17.07260;      -0.15672;3.41990;1
-145.78853;17.07527;      -0.15669;3.41989;1
-145.81531;17.07795;      -0.15666;3.41988;1
-145.84213;17.08062;      -0.15664;3.41986;1
-145.86890;17.08330;      -0.15659;3.41985;1
-145.89572;17.08597;      -0.15653;3.41983;1
-145.92250;17.08865;      -0.15642;3.41982;1
-145.94926;17.09132;      -0.15629;3.41980;1
-145.97606;17.09400;      -0.15618;3.41979;1
-146.00288;17.09667;      -0.15610;3.41977;1
-146.02966;17.09935;      -0.15604;3.41976;1
-146.05651;17.10202;      -0.15597;3.41975;1
-146.08338;17.10470;      -0.15589;3.41973;1
-146.11022;17.10738;      -0.15579;3.41972;1
-146.13706;17.11005;      -0.15568;3.41970;1
-146.16391;17.11273;      -0.15561;3.41969;1
-146.19078;17.11540;      -0.15553;3.41967;1
-146.21762;17.11808;      -0.15544;3.41966;1
-146.24446;17.12075;      -0.15537;3.41964;1
-146.27134;17.12343;      -0.15531;3.41963;1
-146.29816;17.12610;      -0.15521;3.41962;1
-146.32505;17.12878;      -0.15512;3.41960;1
-146.35198;17.13145;      -0.15506;3.41959;1
-146.37887;17.13413;      -0.15500;3.41957;1
-146.40577;17.13680;      -0.15494;3.41956;1
-146.43269;17.13948;      -0.15487;3.41954;1
-146.45964;17.14215;      -0.15481;3.41953;1
-146.48657;17.14483;      -0.15473;3.41951;1
-146.51349;17.14750;      -0.15464;3.41950;1
-146.54046;17.15018;      -0.15458;3.41949;1
-146.56744;17.15285;      -0.15455;3.41947;1
-146.59441;17.15553;      -0.15454;3.41946;1
-146.62139;17.15820;      -0.15452;3.41944;1
-146.64837;17.16088;      -0.15450;3.41943;1
-146.67533;17.16355;      -0.15450;3.41941;1
-146.70234;17.16623;      -0.15446;3.41940;1
-146.72935;17.16890;      -0.15443;3.41938;1
-146.75634;17.17158;      -0.15438;3.41937;1
-146.78333;17.17425;      -0.15427;3.41935;1
-146.81035;17.17693;      -0.15416;3.41934;1
-146.83737;17.17960;      -0.15411;3.41932;1
-146.86441;17.18228;      -0.15408;3.41931;1
-146.89148;17.18495;      -0.15408;3.41929;1
-146.91854;17.18763;      -0.15408;3.41928;1
-146.94554;17.19030;      -0.15406;3.41927;1
-146.97255;17.19298;      -0.15404;3.41925;1
-146.99958;17.19565;      -0.15403;3.41924;1
-147.02665;17.19833;      -0.15402;3.41922;1
-147.05371;17.20100;      -0.15401;3.41921;1
-147.08074;17.20368;      -0.15401;3.41919;1
-147.10778;17.20635;      -0.15399;3.41918;1
-147.13476;17.20903;      -0.15397;3.41916;1
-147.16179;17.21170;      -0.15395;3.41915;1
-147.18884;17.21438;      -0.15393;3.41913;1
-147.21588;17.21705;      -0.15391;3.41912;1
-147.24294;17.21973;      -0.15388;3.41910;1
-147.26999;17.22241;      -0.15385;3.41909;1
-147.29699;17.22508;      -0.15384;3.41907;1
-147.32398;17.22776;      -0.15385;3.41906;1
-147.35096;17.23043;      -0.15386;3.41904;1
-147.37793;17.23311;      -0.15387;3.41903;1
-147.40489;17.23578;      -0.15387;3.41902;1
-147.43183;17.23846;      -0.15386;3.41900;1
-147.45876;17.24113;      -0.15385;3.41899;1
-147.48570;17.24381;      -0.15384;3.41897;1
-147.51265;17.24648;      -0.15377;3.41896;1
-147.53962;17.24916;      -0.15371;3.41894;1
-147.56659;17.25183;      -0.15369;3.41893;1
-147.59352;17.25451;      -0.15368;3.41891;1
-147.62040;17.25718;      -0.15366;3.41890;1
-147.64727;17.25986;      -0.15362;3.41888;1
-147.67416;17.26253;      -0.15354;3.41887;1
-147.70104;17.26521;      -0.15345;3.41885;1
-147.72793;17.26788;      -0.15337;3.41884;1
-147.75483;17.27056;      -0.15329;3.41882;1
-147.78172;17.27323;      -0.15322;3.41881;1
-147.80858;17.27591;      -0.15317;3.41879;1
-147.83551;17.27858;      -0.15311;3.41878;1
-147.86242;17.28126;      -0.15303;3.41877;1
-147.88929;17.28393;      -0.15296;3.41875;1
-147.91620;17.28661;      -0.15291;3.41874;1
-147.94305;17.28928;      -0.15290;3.41872;1
-147.96991;17.29196;      -0.15290;3.41871;1
-147.99675;17.29463;      -0.15282;3.41869;1
-148.02354;17.29731;      -0.15268;3.41868;1
-148.05034;17.29998;      -0.15260;3.41866;1
-148.07722;17.30266;      -0.15255;3.41865;1
-148.10400;17.30533;      -0.15252;3.41863;1
-148.13073;17.30801;      -0.15248;3.41862;1
-148.15748;17.31068;      -0.15243;3.41860;1
-148.18426;17.31336;      -0.15237;3.41859;1
-148.21108;17.31603;      -0.15231;3.41857;1
-148.23790;17.31871;      -0.15218;3.41856;1
-148.26471;17.32138;      -0.15208;3.41854;1
-148.29147;17.32406;      -0.15200;3.41853;1
-148.31822;17.32673;      -0.15191;3.41851;1
-148.34502;17.32941;      -0.15184;3.41850;1
-148.37180;17.33208;      -0.15179;3.41849;1
-148.39853;17.33476;      -0.15172;3.41847;1
-148.42525;17.33744;      -0.15164;3.41846;1
-148.45197;17.34011;      -0.15156;3.41844;1
-148.47865;17.34279;      -0.15144;3.41843;1
-148.50532;17.34546;      -0.15136;3.41841;1
-148.53198;17.34814;      -0.15129;3.41840;1
-148.55862;17.35081;      -0.15125;3.41838;1
-148.58524;17.35349;      -0.15125;3.41837;1
-148.61180;17.35616;      -0.15125;3.41835;1
-148.63837;17.35884;      -0.15122;3.41834;1
-148.66494;17.36151;      -0.15119;3.41832;1
-148.69151;17.36419;      -0.15113;3.41831;1
-148.71812;17.36686;      -0.15104;3.41829;1
-148.74472;17.36954;      -0.15097;3.41828;1
-148.77133;17.37221;      -0.15089;3.41826;1
-148.79795;17.37489;      -0.15081;3.41825;1
-148.82458;17.37756;      -0.15074;3.41824;1
-148.85121;17.38024;      -0.15066;3.41822;1
-148.87783;17.38291;      -0.15057;3.41821;1
-148.90442;17.38559;      -0.15051;3.41819;1
-148.93101;17.38826;      -0.15051;3.41818;1
-148.95760;17.39094;      -0.15053;3.41816;1
-148.98420;17.39361;      -0.15051;3.41815;1
-149.01081;17.39629;      -0.15046;3.41813;1
-149.03740;17.39896;      -0.15043;3.41812;1
-149.06397;17.40164;      -0.15036;3.41810;1
-149.09054;17.40431;      -0.15028;3.41809;1
-149.11715;17.40699;      -0.15022;3.41807;1
-149.14378;17.40966;      -0.15019;3.41806;1
-149.17046;17.41234;      -0.15014;3.41804;1
-149.19710;17.41501;      -0.15009;3.41803;1
-149.22375;17.41769;      -0.15005;3.41801;1
-149.25043;17.42036;      -0.14999;3.41800;1
-149.27704;17.42304;      -0.14991;3.41798;1
-149.30368;17.42571;      -0.14983;3.41797;1
-149.33029;17.42839;      -0.14976;3.41795;1
-149.35687;17.43106;      -0.14970;3.41794;1
-149.38349;17.43374;      -0.14963;3.41792;1
-149.41014;17.43641;      -0.14956;3.41791;1
-149.43682;17.43909;      -0.14951;3.41789;1
-149.46349;17.44176;      -0.14946;3.41788;1
-149.49017;17.44444;      -0.14941;3.41787;1
-149.51684;17.44711;      -0.14935;3.41785;1
-149.54347;17.44979;      -0.14928;3.41784;1
-149.57008;17.45247;      -0.14922;3.41782;1
-149.59671;17.45514;      -0.14915;3.41781;1
-149.62338;17.45782;      -0.14907;3.41779;1
-149.65010;17.46049;      -0.14900;3.41778;1
-149.67680;17.46317;      -0.14895;3.41776;1
-149.70351;17.46584;      -0.14890;3.41775;1
-149.73023;17.46852;      -0.14884;3.41773;1
-149.75689;17.47119;      -0.14877;3.41772;1
-149.78350;17.47387;      -0.14869;3.41770;1
-149.81014;17.47654;      -0.14862;3.41769;1
-149.83679;17.47922;      -0.14852;3.41767;1
-149.86340;17.48189;      -0.14843;3.41766;1
-149.89001;17.48457;      -0.14837;3.41764;1
-149.91662;17.48724;      -0.14831;3.41763;1
-149.94322;17.48992;      -0.14825;3.41761;1
-149.96979;17.49259;      -0.14819;3.41760;1
-149.99636;17.49527;      -0.14812;3.41758;1
-150.02296;17.49794;      -0.14804;3.41757;1
-150.04957;17.50062;      -0.14795;3.41755;1
-150.07618;17.50329;      -0.14788;3.41754;1
-150.10276;17.50597;      -0.14784;3.41752;1
-150.12937;17.50864;      -0.14779;3.41751;1
-150.15599;17.51132;      -0.14773;3.41749;1
-150.18260;17.51399;      -0.14768;3.41748;1
-150.20923;17.51667;      -0.14764;3.41746;1
-150.23582;17.51934;      -0.14759;3.41745;1
-150.26241;17.52202;      -0.14753;3.41743;1
-150.28902;17.52469;      -0.14745;3.41742;1
-150.31565;17.52737;      -0.14737;3.41740;1
-150.34230;17.53004;      -0.14732;3.41739;1
-150.36893;17.53272;      -0.14727;3.41737;1
-150.39558;17.53539;      -0.14724;3.41736;1
-150.42227;17.53807;      -0.14720;3.41734;1
-150.44896;17.54074;      -0.14714;3.41733;1
-150.47563;17.54342;      -0.14707;3.41731;1
-150.50232;17.54609;      -0.14700;3.41730;1
-150.52899;17.54877;      -0.14694;3.41728;1
-150.55569;17.55144;      -0.14690;3.41727;1
-150.58241;17.55412;      -0.14688;3.41725;1
-150.60910;17.55679;      -0.14686;3.41724;1
-150.63579;17.55947;      -0.14683;3.41722;1
-150.66252;17.56215;      -0.14679;3.41721;1
-150.68925;17.56482;      -0.14663;3.41719;1
-150.71598;17.56750;      -0.14645;3.41718;1
-150.74268;17.57017;      -0.14638;3.41716;1
-150.76935;17.57285;      -0.14636;3.41715;1
-150.79601;17.57552;      -0.14637;3.41713;1
-150.82270;17.57820;      -0.14635;3.41712;1
-150.84939;17.58087;      -0.14630;3.41710;1
-150.87609;17.58355;      -0.14626;3.41709;1
-150.90283;17.58622;      -0.14619;3.41707;1
-150.92956;17.58890;      -0.14611;3.41706;1
-150.95631;17.59157;      -0.14606;3.41704;1
-150.98307;17.59425;      -0.14601;3.41703;1
-151.00983;17.59692;      -0.14596;3.41701;1
-151.03662;17.59960;      -0.14594;3.41700;1
-151.06340;17.60227;      -0.14593;3.41698;1
-151.09021;17.60495;      -0.14591;3.41697;1
-151.11705;17.60762;      -0.14588;3.41695;1
-151.14388;17.61030;      -0.14582;3.41694;1
-151.17064;17.61297;      -0.14577;3.41692;1
-151.19740;17.61565;      -0.14574;3.41690;1
-151.22418;17.61832;      -0.14571;3.41689;1
-151.25091;17.62100;      -0.14567;3.41687;1
-151.27759;17.62367;      -0.14566;3.41686;1
-151.30433;17.62635;      -0.14567;3.41684;1
-151.33113;17.62902;      -0.14567;3.41683;1
-151.35793;17.63170;      -0.14564;3.41681;1
-151.38477;17.63437;      -0.14561;3.41680;1
-151.41164;17.63705;      -0.14555;3.41678;1
-151.43849;17.63972;      -0.14549;3.41677;1
-151.46532;17.64240;      -0.14536;3.41675;1
-151.49221;17.64507;      -0.14526;3.41674;1
-151.51909;17.64775;      -0.14520;3.41672;1
-151.54593;17.65042;      -0.14515;3.41671;1
-151.57287;17.65310;      -0.14514;3.41669;1
-151.59979;17.65577;      -0.14516;3.41668;1
-151.62672;17.65845;      -0.14517;3.41666;1
-151.65363;17.66112;      -0.14516;3.41665;1
-151.68049;17.66380;      -0.14511;3.41663;1
-151.70738;17.66647;      -0.14506;3.41661;1
-151.73426;17.66915;      -0.14503;3.41660;1
-151.76113;17.67182;      -0.14500;3.41658;1
-151.78805;17.67450;      -0.14497;3.41657;1
-151.81501;17.67718;      -0.14491;3.41655;1
-151.84192;17.67985;      -0.14484;3.41654;1
-151.86885;17.68253;      -0.14476;3.41652;1
-151.89578;17.68520;      -0.14467;3.41651;1
-151.92272;17.68788;      -0.14457;3.41649;1
-151.94968;17.69055;      -0.14450;3.41648;1
-151.97664;17.69323;      -0.14444;3.41646;1
-152.00363;17.69590;      -0.14436;3.41645;1
-152.03064;17.69858;      -0.14431;3.41643;1
-152.05765;17.70125;      -0.14427;3.41641;1
-152.08468;17.70393;      -0.14422;3.41640;1
-152.11169;17.70660;      -0.14418;3.41638;1
-152.13867;17.70928;      -0.14416;3.41637;1
-152.16569;17.71195;      -0.14411;3.41635;1
-152.19273;17.71463;      -0.14407;3.41634;1
-152.21976;17.71730;      -0.14407;3.41632;1
-152.24675;17.71998;      -0.14407;3.41631;1
-152.27375;17.72265;      -0.14409;3.41629;1
-152.30072;17.72533;      -0.14410;3.41628;1
-152.32768;17.72800;      -0.14409;3.41626;1
-152.35465;17.73068;      -0.14409;3.41624;1
-152.38160;17.73335;      -0.14408;3.41623;1
-152.40859;17.73603;      -0.14406;3.41621;1
-152.43554;17.73870;      -0.14404;3.41620;1
-152.46246;17.74138;      -0.14401;3.41618;1
-152.48939;17.74405;      -0.14397;3.41617;1
-152.51632;17.74673;      -0.14394;3.41615;1
-152.54325;17.74940;      -0.14391;3.41614;1
-152.57021;17.75208;      -0.14388;3.41612;1
-152.59719;17.75475;      -0.14386;3.41611;1
-152.62412;17.75743;      -0.14382;3.41609;1
-152.65103;17.76010;      -0.14376;3.41607;1
-152.67799;17.76278;      -0.14373;3.41606;1
-152.70489;17.76545;      -0.14367;3.41604;1
-152.73180;17.76813;      -0.14361;3.41603;1
-152.75876;17.77080;      -0.14358;3.41601;1
-152.78572;17.77348;      -0.14355;3.41600;1
-152.81267;17.77615;      -0.14350;3.41598;1
-152.83963;17.77883;      -0.14345;3.41597;1
-152.86653;17.78150;      -0.14341;3.41595;1
-152.89344;17.78418;      -0.14340;3.41593;1
-152.92039;17.78685;      -0.14338;3.41592;1
-152.94725;17.78953;      -0.14337;3.41590;1
-152.97411;17.79221;      -0.14335;3.41589;1
-153.00097;17.79488;      -0.14328;3.41587;1
-153.02782;17.79756;      -0.14320;3.41586;1
-153.05468;17.80023;      -0.14317;3.41584;1
-153.08157;17.80291;      -0.14315;3.41583;1
-153.10846;17.80558;      -0.14315;3.41581;1
-153.13530;17.80826;      -0.14315;3.41579;1
-153.16209;17.81093;      -0.14312;3.41578;1
-153.18886;17.81361;      -0.14308;3.41576;1
-153.21569;17.81628;      -0.14305;3.41575;1
-153.24253;17.81896;      -0.14304;3.41573;1
-153.26936;17.82163;      -0.14303;3.41572;1
-153.29623;17.82431;      -0.14300;3.41570;1
-153.32315;17.82698;      -0.14297;3.41569;1
-153.35005;17.82966;      -0.14296;3.41567;1
-153.37689;17.83233;      -0.14292;3.41565;1
-153.40374;17.83501;      -0.14289;3.41564;1
-153.43057;17.83768;      -0.14287;3.41562;1
-153.45735;17.84036;      -0.14283;3.41561;1
-153.48416;17.84303;      -0.14277;3.41559;1
-153.51096;17.84571;      -0.14266;3.41558;1
-153.53772;17.84838;      -0.14257;3.41556;1
-153.56449;17.85106;      -0.14251;3.41555;1
-153.59126;17.85373;      -0.14241;3.41553;1
-153.61802;17.85641;      -0.14223;3.41551;1
-153.64478;17.85908;      -0.14211;3.41550;1
-153.67153;17.86176;      -0.14204;3.41548;1
-153.69825;17.86443;      -0.14197;3.41547;1
-153.72498;17.86711;      -0.14192;3.41545;1
-153.75175;17.86978;      -0.14187;3.41544;1
-153.77850;17.87246;      -0.14181;3.41542;1
-153.80525;17.87513;      -0.14175;3.41541;1
-153.83199;17.87781;      -0.14169;3.41539;1
-153.85871;17.88048;      -0.14163;3.41537;1
-153.88544;17.88316;      -0.14155;3.41536;1
-153.91216;17.88583;      -0.14147;3.41534;1
-153.93887;17.88851;      -0.14137;3.41533;1
-153.96555;17.89118;      -0.14124;3.41531;1
-153.99221;17.89386;      -0.14114;3.41530;1
-154.01888;17.89653;      -0.14108;3.41528;1
-154.04555;17.89921;      -0.14102;3.41527;1
-154.07220;17.90188;      -0.14096;3.41525;1
-154.09883;17.90456;      -0.14090;3.41523;1
-154.12545;17.90724;      -0.14085;3.41522;1
-154.15209;17.90991;      -0.14080;3.41520;1
-154.17872;17.91259;      -0.14074;3.41519;1
-154.20533;17.91526;      -0.14071;3.41517;1
-154.23193;17.91794;      -0.14072;3.41516;1
-154.25856;17.92061;      -0.14071;3.41514;1
-154.28520;17.92329;      -0.14067;3.41513;1
-154.31187;17.92596;      -0.14062;3.41511;1
-154.33853;17.92864;      -0.14055;3.41509;1
-154.36518;17.93131;      -0.14050;3.41508;1
-154.39186;17.93399;      -0.14045;3.41506;1
-154.41857;17.93666;      -0.14035;3.41505;1
-154.44524;17.93934;      -0.14029;3.41503;1
-154.47189;17.94201;      -0.14025;3.41502;1
-154.49851;17.94469;      -0.14019;3.41500;1
-154.52514;17.94736;      -0.14012;3.41498;1
-154.55181;17.95004;      -0.14004;3.41497;1
-154.57847;17.95271;      -0.13997;3.41495;1
-154.60511;17.95539;      -0.13990;3.41494;1
-154.63171;17.95806;      -0.13982;3.41492;1
-154.65834;17.96074;      -0.13975;3.41491;1
-154.68504;17.96341;      -0.13969;3.41489;1
-154.71165;17.96609;      -0.13963;3.41488;1
-154.73832;17.96876;      -0.13956;3.41486;1
-154.76498;17.97144;      -0.13950;3.41484;1
-154.79160;17.97411;      -0.13946;3.41483;1
-154.81823;17.97679;      -0.13942;3.41481;1
-154.84486;17.97946;      -0.13936;3.41480;1
-154.87144;17.98214;      -0.13931;3.41478;1
-154.89805;17.98481;      -0.13927;3.41477;1
-154.92468;17.98749;      -0.13922;3.41475;1
-154.95123;17.99016;      -0.13917;3.41473;1
-154.97782;17.99284;      -0.13912;3.41472;1
-155.00446;17.99551;      -0.13907;3.41470;1
-155.03108;17.99819;      -0.13901;3.41469;1
-155.05768;18.00086;      -0.13892;3.41467;1
-155.08431;18.00354;      -0.13886;3.41466;1
-155.11090;18.00621;      -0.13883;3.41464;1
-155.13750;18.00889;      -0.13885;3.41462;1
-155.16411;18.01156;      -0.13887;3.41461;1
-155.19072;18.01424;      -0.13881;3.41459;1
-155.21734;18.01691;      -0.13872;3.41458;1
-155.24394;18.01959;      -0.13865;3.41456;1
-155.27052;18.02227;      -0.13859;3.41455;1
-155.29711;18.02494;      -0.13855;3.41453;1
-155.32368;18.02762;      -0.13851;3.41451;1
-155.35023;18.03029;      -0.13844;3.41450;1
-155.37678;18.03297;      -0.13839;3.41448;1
-155.40334;18.03564;      -0.13832;3.41447;1
-155.42995;18.03832;      -0.13828;3.41445;1
-155.45655;18.04099;      -0.13825;3.41444;1
-155.48309;18.04367;      -0.13819;3.41442;1
-155.50965;18.04634;      -0.13814;3.41440;1
-155.53626;18.04902;      -0.13810;3.41439;1
-155.56282;18.05169;      -0.13806;3.41437;1
-155.58938;18.05437;      -0.13800;3.41436;1
-155.61597;18.05704;      -0.13795;3.41434;1
-155.64252;18.05972;      -0.13791;3.41433;1
-155.66909;18.06239;      -0.13784;3.41431;1
-155.69567;18.06507;      -0.13780;3.41429;1
-155.72231;18.06774;      -0.13776;3.41428;1
-155.74897;18.07042;      -0.13770;3.41426;1
-155.77557;18.07309;      -0.13766;3.41425;1
-155.80223;18.07577;      -0.13759;3.41423;1
-155.82888;18.07844;      -0.13753;3.41422;1
-155.85551;18.08112;      -0.13747;3.41420;1
-155.88217;18.08379;      -0.13743;3.41418;1
-155.90886;18.08647;      -0.13740;3.41417;1
-155.93551;18.08914;      -0.13736;3.41415;1
-155.96218;18.09182;      -0.13731;3.41414;1
-155.98887;18.09449;      -0.13727;3.41412;1
-156.01557;18.09717;      -0.13723;3.41410;1
-156.04229;18.09984;      -0.13716;3.41409;1
-156.06906;18.10252;      -0.13709;3.41407;1
-156.09583;18.10519;      -0.13702;3.41406;1
-156.12265;18.10787;      -0.13695;3.41404;1
-156.14948;18.11054;      -0.13688;3.41402;1
-156.17625;18.11322;      -0.13682;3.41401;1
-156.20305;18.11589;      -0.13677;3.41399;1
-156.22984;18.11857;      -0.13674;3.41398;1
-156.25663;18.12124;      -0.13668;3.41396;1
-156.28343;18.12392;      -0.13658;3.41394;1
-156.31025;18.12659;      -0.13653;3.41393;1
-156.33704;18.12927;      -0.13652;3.41391;1
-156.36388;18.13195;      -0.13646;3.41390;1
-156.39072;18.13462;      -0.13638;3.41388;1
-156.41752;18.13730;      -0.13632;3.41386;1
-156.44431;18.13997;      -0.13627;3.41385;1
-156.47110;18.14265;      -0.13622;3.41383;1
-156.49795;18.14532;      -0.13618;3.41382;1
-156.52487;18.14800;      -0.13614;3.41380;1
-156.55179;18.15067;      -0.13609;3.41378;1
-156.57867;18.15335;      -0.13604;3.41377;1
-156.60557;18.15602;      -0.13599;3.41375;1
-156.63249;18.15870;      -0.13593;3.41374;1
-156.65945;18.16137;      -0.13585;3.41372;1
-156.68643;18.16405;      -0.13580;3.41370;1
-156.71339;18.16672;      -0.13578;3.41369;1
-156.74039;18.16940;      -0.13576;3.41367;1
-156.76738;18.17207;      -0.13575;3.41365;1
-156.79439;18.17475;      -0.13571;3.41364;1
-156.82141;18.17742;      -0.13566;3.41362;1
-156.84841;18.18010;      -0.13562;3.41361;1
-156.87542;18.18277;      -0.13555;3.41359;1
-156.90252;18.18545;      -0.13550;3.41357;1
-156.92958;18.18812;      -0.13547;3.41356;1
-156.95661;18.19080;      -0.13545;3.41354;1
-156.98372;18.19347;      -0.13545;3.41353;1
-157.01083;18.19615;      -0.13548;3.41351;1
-157.03789;18.19882;      -0.13550;3.41349;1
-157.06498;18.20150;      -0.13550;3.41348;1
-157.09208;18.20417;      -0.13549;3.41346;1
-157.11917;18.20685;      -0.13549;3.41344;1
-157.14624;18.20952;      -0.13548;3.41343;1
-157.17333;18.21220;      -0.13547;3.41341;1
-157.20040;18.21487;      -0.13547;3.41339;1
-157.22750;18.21755;      -0.13547;3.41338;1
-157.25466;18.22022;      -0.13548;3.41336;1
-157.28178;18.22290;      -0.13548;3.41335;1
-157.30889;18.22557;      -0.13548;3.41333;1
-157.33603;18.22825;      -0.13546;3.41331;1
-157.36318;18.23092;      -0.13542;3.41330;1
-157.39030;18.23360;      -0.13540;3.41328;1
-157.41743;18.23627;      -0.13539;3.41326;1
-157.44454;18.23895;      -0.13539;3.41325;1
-157.47159;18.24162;      -0.13539;3.41323;1
-157.49870;18.24430;      -0.13539;3.41321;1
-157.52588;18.24698;      -0.13538;3.41320;1
-157.55297;18.24965;      -0.13539;3.41318;1
-157.58008;18.25233;      -0.13539;3.41317;1
-157.60724;18.25500;      -0.13538;3.41315;1
-157.63440;18.25768;      -0.13534;3.41313;1
-157.66152;18.26035;      -0.13530;3.41312;1
-157.68864;18.26303;      -0.13530;3.41310;1
-157.71571;18.26570;      -0.13528;3.41308;1
-157.74276;18.26838;      -0.13526;3.41307;1
-157.76980;18.27105;      -0.13524;3.41305;1
-157.79683;18.27373;      -0.13523;3.41303;1
-157.82388;18.27640;      -0.13523;3.41302;1
-157.85086;18.27908;      -0.13518;3.41300;1
-157.87788;18.28175;      -0.13513;3.41299;1
-157.90488;18.28443;      -0.13510;3.41297;1
-157.93183;18.28710;      -0.13505;3.41295;1
-157.95878;18.28978;      -0.13496;3.41294;1
-157.98577;18.29245;      -0.13489;3.41292;1
-158.01272;18.29513;      -0.13485;3.41290;1
-158.03965;18.29780;      -0.13477;3.41289;1
-158.06658;18.30048;      -0.13466;3.41287;1
-158.09348;18.30315;      -0.13462;3.41285;1
-158.12035;18.30583;      -0.13459;3.41284;1
-158.14717;18.30850;      -0.13455;3.41282;1
-158.17395;18.31118;      -0.13449;3.41281;1
-158.20073;18.31385;      -0.13443;3.41279;1
-158.22751;18.31653;      -0.13438;3.41277;1
-158.25432;18.31920;      -0.13430;3.41276;1
-158.28110;18.32188;      -0.13422;3.41274;1
-158.30786;18.32455;      -0.13415;3.41272;1
-158.33462;18.32723;      -0.13407;3.41271;1
-158.36135;18.32990;      -0.13401;3.41269;1
-158.38807;18.33258;      -0.13395;3.41268;1
-158.41478;18.33525;      -0.13384;3.41266;1
-158.44151;18.33793;      -0.13374;3.41264;1
-158.46827;18.34060;      -0.13369;3.41263;1
-158.49500;18.34328;      -0.13365;3.41261;1
-158.52178;18.34595;      -0.13359;3.41259;1
-158.54849;18.34863;      -0.13355;3.41258;1
-158.57516;18.35130;      -0.13351;3.41256;1
-158.60184;18.35398;      -0.13347;3.41255;1
-158.62852;18.35665;      -0.13342;3.41253;1
-158.65519;18.35933;      -0.13335;3.41251;1
-158.68185;18.36201;      -0.13327;3.41250;1
-158.70849;18.36468;      -0.13319;3.41248;1
-158.73512;18.36736;      -0.13314;3.41246;1
-158.76175;18.37003;      -0.13311;3.41245;1
-158.78839;18.37271;      -0.13305;3.41243;1
-158.81501;18.37538;      -0.13301;3.41242;1
-158.84162;18.37806;      -0.13296;3.41240;1
-158.86823;18.38073;      -0.13290;3.41238;1
-158.89485;18.38341;      -0.13285;3.41237;1
-158.92145;18.38608;      -0.13277;3.41235;1
-158.94800;18.38876;      -0.13269;3.41233;1
-158.97457;18.39143;      -0.13261;3.41232;1
-159.00115;18.39411;      -0.13253;3.41230;1
-159.02768;18.39678;      -0.13244;3.41228;1
-159.05419;18.39946;      -0.13235;3.41227;1
-159.08073;18.40213;      -0.13226;3.41225;1
-159.10727;18.40481;      -0.13217;3.41224;1
-159.13376;18.40748;      -0.13210;3.41222;1
-159.16026;18.41016;      -0.13204;3.41220;1
-159.18680;18.41283;      -0.13198;3.41219;1
-159.21331;18.41551;      -0.13192;3.41217;1
-159.23984;18.41818;      -0.13186;3.41215;1
-159.26634;18.42086;      -0.13180;3.41214;1
-159.29279;18.42353;      -0.13176;3.41212;1
-159.31929;18.42621;      -0.13173;3.41211;1
-159.34580;18.42888;      -0.13170;3.41209;1
-159.37225;18.43156;      -0.13166;3.41207;1
-159.39868;18.43423;      -0.13161;3.41206;1
-159.42515;18.43691;      -0.13154;3.41204;1
-159.45161;18.43958;      -0.13143;3.41202;1
-159.47812;18.44226;      -0.13134;3.41201;1
-159.50464;18.44493;      -0.13124;3.41199;1
-159.53112;18.44761;      -0.13115;3.41198;1
-159.55758;18.45028;      -0.13106;3.41196;1
-159.58410;18.45296;      -0.13097;3.41194;1
-159.61054;18.45563;      -0.13090;3.41193;1
-159.63697;18.45831;      -0.13083;3.41191;1
-159.66340;18.46098;      -0.13073;3.41189;1
-159.68985;18.46366;      -0.13065;3.41188;1
-159.71638;18.46633;      -0.13058;3.41186;1
-159.74289;18.46901;      -0.13054;3.41185;1
-159.76940;18.47168;      -0.13053;3.41183;1
-159.79595;18.47436;      -0.13051;3.41181;1
-159.82251;18.47704;      -0.13047;3.41180;1
-159.84900;18.47971;      -0.13044;3.41178;1
-159.87550;18.48239;      -0.13040;3.41176;1
-159.90206;18.48506;      -0.13033;3.41175;1
-159.92867;18.48774;      -0.13025;3.41173;1
-159.95526;18.49041;      -0.13015;3.41171;1
-159.98182;18.49309;      -0.13006;3.41170;1
-160.00839;18.49576;      -0.13000;3.41168;1
-160.03501;18.49844;      -0.12994;3.41167;1
-160.06166;18.50111;      -0.12991;3.41165;1
-160.08832;18.50379;      -0.12990;3.41163;1
-160.11497;18.50646;      -0.12988;3.41162;1
-160.14161;18.50914;      -0.12984;3.41160;1
-160.16829;18.51181;      -0.12981;3.41158;1
-160.19498;18.51449;      -0.12981;3.41157;1
-160.22165;18.51716;      -0.12976;3.41155;1
-160.24836;18.51984;      -0.12956;3.41153;1
-160.27508;18.52251;      -0.12940;3.41152;1
-160.30179;18.52519;      -0.12927;3.41150;1
-160.32852;18.52786;      -0.12921;3.41148;1
-160.35525;18.53054;      -0.12919;3.41147;1
-160.38194;18.53321;      -0.12916;3.41145;1
-160.40863;18.53589;      -0.12914;3.41143;1
-160.43536;18.53856;      -0.12907;3.41142;1
-160.46207;18.54124;      -0.12898;3.41140;1
-160.48875;18.54391;      -0.12891;3.41138;1
-160.51546;18.54659;      -0.12884;3.41137;1
-160.54214;18.54926;      -0.12877;3.41135;1
-160.56887;18.55194;      -0.12872;3.41133;1
-160.59558;18.55461;      -0.12867;3.41132;1
-160.62226;18.55729;      -0.12862;3.41130;1
-160.64898;18.55996;      -0.12857;3.41128;1
-160.67567;18.56264;      -0.12851;3.41127;1
-160.70235;18.56531;      -0.12846;3.41125;1
-160.72906;18.56799;      -0.12841;3.41123;1
-160.75578;18.57066;      -0.12836;3.41122;1
-160.78245;18.57334;      -0.12830;3.41120;1
-160.80917;18.57601;      -0.12825;3.41118;1
-160.83590;18.57869;      -0.12820;3.41117;1
-160.86260;18.58136;      -0.12817;3.41115;1
-160.88930;18.58404;      -0.12814;3.41113;1
-160.91599;18.58671;      -0.12810;3.41112;1
-160.94264;18.58939;      -0.12807;3.41110;1
-160.96931;18.59207;      -0.12804;3.41108;1
-160.99601;18.59474;      -0.12801;3.41107;1
-161.02273;18.59742;      -0.12796;3.41105;1
-161.04948;18.60009;      -0.12791;3.41103;1
-161.07630;18.60277;      -0.12785;3.41102;1
-161.10305;18.60544;      -0.12779;3.41100;1
-161.12978;18.60812;      -0.12774;3.41098;1
-161.15654;18.61079;      -0.12770;3.41097;1
-161.18333;18.61347;      -0.12768;3.41095;1
-161.21012;18.61614;      -0.12767;3.41093;1
-161.23688;18.61882;      -0.12765;3.41092;1
-161.26361;18.62149;      -0.12761;3.41090;1
-161.29032;18.62417;      -0.12757;3.41088;1
-161.31703;18.62684;      -0.12754;3.41087;1
-161.34374;18.62952;      -0.12752;3.41085;1
-161.37042;18.63219;      -0.12752;3.41083;1
-161.39712;18.63487;      -0.12749;3.41082;1
-161.42387;18.63754;      -0.12747;3.41080;1
-161.45064;18.64022;      -0.12746;3.41078;1
-161.47741;18.64289;      -0.12742;3.41077;1
-161.50414;18.64557;      -0.12737;3.41075;1
-161.53084;18.64824;      -0.12732;3.41073;1
-161.55757;18.65092;      -0.12727;3.41072;1
-161.58431;18.65359;      -0.12722;3.41070;1
-161.61099;18.65627;      -0.12714;3.41068;1
-161.63774;18.65894;      -0.12705;3.41067;1
-161.66448;18.66162;      -0.12698;3.41065;1
-161.69121;18.66429;      -0.12692;3.41063;1
-161.71799;18.66697;      -0.12683;3.41062;1
-161.74470;18.66964;      -0.12676;3.41060;1
-161.77146;18.67232;      -0.12671;3.41058;1
-161.79818;18.67499;      -0.12664;3.41057;1
-161.82488;18.67767;      -0.12655;3.41055;1
-161.85162;18.68034;      -0.12648;3.41053;1
-161.87834;18.68302;      -0.12642;3.41052;1
-161.90510;18.68569;      -0.12638;3.41050;1
-161.93182;18.68837;      -0.12636;3.41048;1
-161.95850;18.69104;      -0.12633;3.41046;1
-161.98521;18.69372;      -0.12626;3.41045;1
-162.01197;18.69639;      -0.12619;3.41043;1
-162.03869;18.69907;      -0.12615;3.41041;1
-162.06540;18.70174;      -0.12610;3.41040;1
-162.09212;18.70442;      -0.12602;3.41038;1
-162.11884;18.70710;      -0.12595;3.41036;1
-162.14557;18.70977;      -0.12587;3.41035;1
-162.17230;18.71245;      -0.12581;3.41033;1
-162.19901;18.71512;      -0.12578;3.41031;1
-162.22573;18.71780;      -0.12578;3.41030;1
-162.25246;18.72047;      -0.12578;3.41028;1
-162.27915;18.72315;      -0.12576;3.41026;1
-162.30580;18.72582;      -0.12571;3.41025;1
-162.33249;18.72850;      -0.12564;3.41023;1
-162.35920;18.73117;      -0.12559;3.41021;1
-162.38591;18.73385;      -0.12555;3.41020;1
-162.41265;18.73652;      -0.12549;3.41018;1
-162.43934;18.73920;      -0.12546;3.41016;1
-162.46599;18.74187;      -0.12542;3.41014;1
-162.49266;18.74455;      -0.12536;3.41013;1
-162.51936;18.74722;      -0.12530;3.41011;1
-162.54604;18.74990;      -0.12524;3.41009;1
-162.57268;18.75257;      -0.12520;3.41008;1
-162.59936;18.75525;      -0.12515;3.41006;1
-162.62609;18.75792;      -0.12509;3.41004;1
-162.65281;18.76060;      -0.12504;3.41003;1
-162.67953;18.76327;      -0.12500;3.41001;1
-162.70626;18.76595;      -0.12499;3.40999;1
-162.73300;18.76862;      -0.12495;3.40998;1
-162.75971;18.77130;      -0.12495;3.40996;1
-162.78641;18.77397;      -0.12499;3.40994;1
-162.81314;18.77665;      -0.12499;3.40992;1
-162.83987;18.77932;      -0.12500;3.40991;1
-162.86656;18.78200;      -0.12498;3.40989;1
-162.89329;18.78467;      -0.12495;3.40987;1
-162.92005;18.78735;      -0.12489;3.40986;1
-162.94681;18.79002;      -0.12481;3.40984;1
-162.97362;18.79270;      -0.12475;3.40982;1
-163.00044;18.79537;      -0.12469;3.40981;1
-163.02721;18.79805;      -0.12464;3.40979;1
-163.05394;18.80072;      -0.12460;3.40977;1
-163.08066;18.80340;      -0.12452;3.40976;1
-163.10738;18.80607;      -0.12445;3.40974;1
-163.13411;18.80875;      -0.12435;3.40972;1
-163.16087;18.81142;      -0.12428;3.40970;1
-163.18766;18.81410;      -0.12424;3.40969;1
-163.21441;18.81678;      -0.12418;3.40967;1
-163.24118;18.81945;      -0.12410;3.40965;1
-163.26798;18.82213;      -0.12406;3.40964;1
-163.29478;18.82480;      -0.12402;3.40962;1
-163.32158;18.82748;      -0.12396;3.40960;1
-163.34840;18.83015;      -0.12388;3.40958;1
-163.37522;18.83283;      -0.12383;3.40957;1
-163.40209;18.83550;      -0.12379;3.40955;1
-163.42897;18.83818;      -0.12379;3.40953;1
-163.45584;18.84085;      -0.12382;3.40952;1
-163.48269;18.84353;      -0.12382;3.40950;1
-163.50950;18.84620;      -0.12381;3.40948;1
-163.53634;18.84888;      -0.12380;3.40946;1
-163.56321;18.85155;      -0.12378;3.40945;1
-163.59009;18.85423;      -0.12375;3.40943;1
-163.61699;18.85690;      -0.12372;3.40941;1
-163.64390;18.85958;      -0.12370;3.40940;1
-163.67076;18.86225;      -0.12368;3.40938;1
-163.69764;18.86493;      -0.12365;3.40936;1
-163.72453;18.86760;      -0.12363;3.40934;1
-163.75139;18.87028;      -0.12360;3.40933;1
-163.77827;18.87295;      -0.12354;3.40931;1
-163.80516;18.87563;      -0.12351;3.40929;1
-163.83206;18.87830;      -0.12348;3.40928;1
-163.85896;18.88098;      -0.12345;3.40926;1
-163.88586;18.88365;      -0.12343;3.40924;1
-163.91279;18.88633;      -0.12340;3.40922;1
-163.93971;18.88900;      -0.12333;3.40921;1
-163.96661;18.89168;      -0.12325;3.40919;1
-163.99351;18.89435;      -0.12321;3.40917;1
-164.02040;18.89703;      -0.12318;3.40915;1
-164.04724;18.89970;      -0.12316;3.40914;1
-164.07414;18.90238;      -0.12313;3.40912;1
-164.10106;18.90505;      -0.12310;3.40910;1
-164.12796;18.90773;      -0.12308;3.40909;1
-164.15483;18.91040;      -0.12305;3.40907;1
-164.18168;18.91308;      -0.12303;3.40905;1
-164.20853;18.91575;      -0.12301;3.40903;1
-164.23541;18.91843;      -0.12297;3.40902;1
-164.26230;18.92110;      -0.12295;3.40900;1
-164.28918;18.92378;      -0.12294;3.40898;1
-164.31610;18.92645;      -0.12292;3.40896;1
-164.34306;18.92913;      -0.12290;3.40895;1
-164.36996;18.93181;      -0.12287;3.40893;1
-164.39684;18.93448;      -0.12285;3.40891;1
-164.42373;18.93716;      -0.12282;3.40890;1
-164.45064;18.93983;      -0.12276;3.40888;1
-164.47757;18.94251;      -0.12273;3.40886;1
-164.50449;18.94518;      -0.12271;3.40884;1
-164.53140;18.94786;      -0.12269;3.40883;1
-164.55829;18.95053;      -0.12266;3.40881;1
-164.58521;18.95321;      -0.12256;3.40879;1
-164.61214;18.95588;      -0.12251;3.40877;1
-164.63905;18.95856;      -0.12248;3.40876;1
-164.66598;18.96123;      -0.12247;3.40874;1
-164.69291;18.96391;      -0.12246;3.40872;1
-164.71978;18.96658;      -0.12246;3.40870;1
-164.74672;18.96926;      -0.12247;3.40869;1
-164.77367;18.97193;      -0.12244;3.40867;1
-164.80062;18.97461;      -0.12242;3.40865;1
-164.82758;18.97728;      -0.12240;3.40864;1
-164.85454;18.97996;      -0.12238;3.40862;1
-164.88145;18.98263;      -0.12236;3.40860;1
-164.90833;18.98531;      -0.12233;3.40858;1
-164.93521;18.98798;      -0.12228;3.40857;1
-164.96208;18.99066;      -0.12223;3.40855;1
-164.98894;18.99333;      -0.12217;3.40853;1
-165.01581;18.99601;      -0.12211;3.40851;1
-165.04266;18.99868;      -0.12205;3.40850;1
-165.06950;19.00136;      -0.12201;3.40848;1
-165.09638;19.00403;      -0.12197;3.40846;1
-165.12327;19.00671;      -0.12191;3.40844;1
-165.15012;19.00938;      -0.12186;3.40843;1
-165.17701;19.01206;      -0.12182;3.40841;1
-165.20387;19.01473;      -0.12177;3.40839;1
-165.23068;19.01741;      -0.12171;3.40837;1
-165.25750;19.02008;      -0.12165;3.40836;1
-165.28428;19.02276;      -0.12161;3.40834;1
-165.31106;19.02543;      -0.12156;3.40832;1
-165.33788;19.02811;      -0.12152;3.40830;1
-165.36473;19.03078;      -0.12149;3.40829;1
-165.39160;19.03346;      -0.12141;3.40827;1
-165.41846;19.03613;      -0.12131;3.40825;1
-165.44529;19.03881;      -0.12126;3.40824;1
-165.47209;19.04148;      -0.12122;3.40822;1
-165.49889;19.04416;      -0.12116;3.40820;1
-165.52572;19.04684;      -0.12110;3.40818;1
-165.55253;19.04951;      -0.12103;3.40817;1
-165.57937;19.05219;      -0.12100;3.40815;1
-165.60620;19.05486;      -0.12098;3.40813;1
-165.63298;19.05754;      -0.12094;3.40811;1
-165.65971;19.06021;      -0.12088;3.40810;1
-165.68650;19.06289;      -0.12082;3.40808;1
-165.71326;19.06556;      -0.12077;3.40806;1
-165.74001;19.06824;      -0.12076;3.40804;1
-165.76679;19.07091;      -0.12075;3.40803;1
-165.79355;19.07359;      -0.12069;3.40801;1
-165.82029;19.07626;      -0.12059;3.40799;1
-165.84702;19.07894;      -0.12051;3.40797;1
-165.87378;19.08161;      -0.12046;3.40796;1
-165.90052;19.08429;      -0.12041;3.40794;1
-165.92723;19.08696;      -0.12035;3.40792;1
-165.95397;19.08964;      -0.12034;3.40790;1
-165.98063;19.09231;      -0.12035;3.40789;1
-166.00731;19.09499;      -0.12036;3.40787;1
-166.03401;19.09766;      -0.12033;3.40785;1
-166.06069;19.10034;      -0.12026;3.40783;1
-166.08739;19.10301;      -0.12017;3.40782;1
-166.11403;19.10569;      -0.12004;3.40780;1
-166.14066;19.10836;      -0.11995;3.40778;1
-166.16731;19.11104;      -0.11991;3.40776;1
-166.19396;19.11371;      -0.11985;3.40775;1
-166.22060;19.11639;      -0.11976;3.40773;1
-166.24728;19.11906;      -0.11966;3.40771;1
-166.27393;19.12174;      -0.11955;3.40770;1
-166.30057;19.12441;      -0.11946;3.40768;1
-166.32724;19.12709;      -0.11945;3.40766;1
-166.35389;19.12976;      -0.11945;3.40764;1
-166.38054;19.13244;      -0.11942;3.40763;1
-166.40721;19.13511;      -0.11944;3.40761;1
-166.43388;19.13779;      -0.11947;3.40759;1
-166.46052;19.14046;      -0.11943;3.40757;1
-166.48714;19.14314;      -0.11935;3.40756;1
-166.51376;19.14581;      -0.11926;3.40754;1
-166.54040;19.14849;      -0.11914;3.40752;1
-166.56704;19.15116;      -0.11901;3.40750;1
-166.59368;19.15384;      -0.11891;3.40749;1
-166.62029;19.15651;      -0.11886;3.40747;1
-166.64695;19.15919;      -0.11884;3.40745;1
-166.67357;19.16187;      -0.11879;3.40743;1
-166.70012;19.16454;      -0.11870;3.40742;1
-166.72667;19.16722;      -0.11860;3.40740;1
-166.75329;19.16989;      -0.11851;3.40738;1
-166.77983;19.17257;      -0.11842;3.40736;1
-166.80635;19.17524;      -0.11839;3.40735;1
-166.83288;19.17792;      -0.11834;3.40733;1
-166.85940;19.18059;      -0.11826;3.40731;1
-166.88591;19.18327;      -0.11821;3.40729;1
-166.91246;19.18594;      -0.11816;3.40728;1
-166.93905;19.18862;      -0.11808;3.40726;1
-166.96562;19.19129;      -0.11804;3.40724;1
-166.99217;19.19397;      -0.11802;3.40722;1
-167.01874;19.19664;      -0.11798;3.40721;1
-167.04532;19.19932;      -0.11796;3.40719;1
-167.07191;19.20199;      -0.11790;3.40717;1
-167.09853;19.20467;      -0.11781;3.40715;1
-167.12516;19.20734;      -0.11775;3.40714;1
-167.15176;19.21002;      -0.11769;3.40712;1
-167.17839;19.21269;      -0.11765;3.40710;1
-167.20500;19.21537;      -0.11760;3.40708;1
-167.23160;19.21804;      -0.11757;3.40707;1
-167.25826;19.22072;      -0.11755;3.40705;1
-167.28495;19.22339;      -0.11752;3.40703;1
-167.31160;19.22607;      -0.11748;3.40701;1
-167.33825;19.22874;      -0.11744;3.40700;1
-167.36489;19.23142;      -0.11741;3.40698;1
-167.39151;19.23409;      -0.11737;3.40696;1
-167.41813;19.23677;      -0.11733;3.40694;1
-167.44475;19.23944;      -0.11730;3.40693;1
-167.47140;19.24212;      -0.11720;3.40691;1
-167.49806;19.24479;      -0.11708;3.40689;1
-167.52471;19.24747;      -0.11701;3.40687;1
-167.55134;19.25014;      -0.11699;3.40685;1
-167.57797;19.25282;      -0.11695;3.40684;1
-167.60458;19.25549;      -0.11690;3.40682;1
-167.63117;19.25817;      -0.11685;3.40680;1
-167.65779;19.26084;      -0.11683;3.40678;1
-167.68445;19.26352;      -0.11684;3.40677;1
-167.71107;19.26619;      -0.11684;3.40675;1
-167.73771;19.26887;      -0.11683;3.40673;1
-167.76434;19.27154;      -0.11679;3.40671;1
-167.79096;19.27422;      -0.11674;3.40670;1
-167.81760;19.27690;      -0.11670;3.40668;1
-167.84425;19.27957;      -0.11668;3.40666;1
-167.87089;19.28225;      -0.11670;3.40664;1
-167.89757;19.28492;      -0.11669;3.40663;1
-167.92425;19.28760;      -0.11665;3.40661;1
-167.95091;19.29027;      -0.11662;3.40659;1
-167.97753;19.29295;      -0.11656;3.40657;1
-168.00423;19.29562;      -0.11653;3.40655;1
-168.03092;19.29830;      -0.11650;3.40654;1
-168.05763;19.30097;      -0.11644;3.40652;1
-168.08440;19.30365;      -0.11638;3.40650;1
-168.11115;19.30632;      -0.11635;3.40648;1
-168.13791;19.30900;      -0.11633;3.40647;1
-168.16463;19.31167;      -0.11631;3.40645;1
-168.19133;19.31435;      -0.11627;3.40643;1
-168.21808;19.31702;      -0.11623;3.40641;1
-168.24487;19.31970;      -0.11620;3.40639;1
-168.27165;19.32237;      -0.11618;3.40638;1
-168.29841;19.32505;      -0.11614;3.40636;1
-168.32519;19.32772;      -0.11610;3.40634;1
-168.35198;19.33040;      -0.11605;3.40632;1
-168.37874;19.33307;      -0.11600;3.40631;1
-168.40544;19.33575;      -0.11595;3.40629;1
-168.43214;19.33842;      -0.11588;3.40627;1
-168.45885;19.34110;      -0.11580;3.40625;1
-168.48558;19.34377;      -0.11577;3.40623;1
-168.51232;19.34645;      -0.11576;3.40622;1
-168.53907;19.34912;      -0.11576;3.40620;1
-168.56581;19.35180;      -0.11568;3.40618;1
-168.59258;19.35447;      -0.11559;3.40616;1
-168.61936;19.35715;      -0.11554;3.40614;1
-168.64611;19.35982;      -0.11550;3.40613;1
-168.67287;19.36250;      -0.11545;3.40611;1
-168.69963;19.36517;      -0.11546;3.40609;1
-168.72642;19.36785;      -0.11543;3.40607;1
-168.75322;19.37052;      -0.11535;3.40606;1
-168.78000;19.37320;      -0.11534;3.40604;1
-168.80682;19.37587;      -0.11534;3.40602;1
-168.83367;19.37855;      -0.11532;3.40600;1
-168.86048;19.38122;      -0.11527;3.40598;1
-168.88729;19.38390;      -0.11522;3.40597;1
-168.91419;19.38658;      -0.11519;3.40595;1
-168.94108;19.38925;      -0.11517;3.40593;1
-168.96793;19.39193;      -0.11517;3.40591;1
-168.99479;19.39460;      -0.11516;3.40589;1
-169.02167;19.39728;      -0.11514;3.40588;1
-169.04852;19.39995;      -0.11511;3.40586;1
-169.07535;19.40263;      -0.11509;3.40584;1
-169.10214;19.40530;      -0.11507;3.40582;1
-169.12894;19.40798;      -0.11505;3.40580;1
-169.15571;19.41065;      -0.11503;3.40579;1
-169.18244;19.41333;      -0.11501;3.40577;1
-169.20926;19.41600;      -0.11500;3.40575;1
-169.23606;19.41868;      -0.11500;3.40573;1
-169.26280;19.42135;      -0.11501;3.40571;1
-169.28954;19.42403;      -0.11501;3.40570;1
-169.31635;19.42670;      -0.11497;3.40568;1
-169.34321;19.42938;      -0.11492;3.40566;1
-169.37005;19.43205;      -0.11488;3.40564;1
-169.39697;19.43473;      -0.11485;3.40562;1
-169.42396;19.43740;      -0.11480;3.40561;1
-169.45086;19.44008;      -0.11471;3.40559;1
-169.47769;19.44275;      -0.11460;3.40557;1
-169.50456;19.44543;      -0.11453;3.40555;1
-169.53149;19.44810;      -0.11450;3.40553;1
-169.55833;19.45078;      -0.11449;3.40552;1
-169.58505;19.45345;      -0.11451;3.40550;1
-169.61195;19.45613;      -0.11453;3.40548;1
-169.63872;19.45880;      -0.11452;3.40546;1
-169.66540;19.46148;      -0.11449;3.40544;1
-169.69198;19.46415;      -0.11447;3.40543;1
-169.71857;19.46683;      -0.11443;3.40541;1
-169.74557;19.46950;      -0.11429;3.40539;1
-169.77256;19.47218;      -0.11418;3.40537;1
-169.79957;19.47485;      -0.11411;3.40535;1
-169.82665;19.47753;      -0.11406;3.40533;1
-169.85369;19.48020;      -0.11401;3.40532;1
-169.88071;19.48288;      -0.11398;3.40530;1
-169.90804;19.48555;      -0.11398;3.40528;1
-169.93487;19.48823;      -0.11397;3.40526;1
-169.96314;19.49090;      -0.11395;3.40524;1
-169.98964;19.49358;      -0.11394;3.40522;1
-170.00873;19.49625;      -0.11391;3.40521;1
-170.04094;19.49893;      -0.11390;3.40519;2
-170.07810;19.50161;      -0.11391;3.40517;2
-170.10306;19.50428;      -0.11390;3.40515;2
-170.13064;19.50696;      -0.11385;3.40513;2
-170.15808;19.50963;      -0.11383;3.40511;2
-170.18457;19.51231;      -0.11375;3.40509;2
-170.21081;19.51498;      -0.11362;3.40508;2
-170.23638;19.51766;      -0.11354;3.40506;2
-170.26110;19.52033;      -0.11345;3.40504;2
-170.28457;19.52301;      -0.11341;3.40503;2
-170.30640;19.52568;      -0.11337;3.40501;2
-170.32621;19.52836;      -0.11334;3.40500;2
-170.34375;19.53103;      -0.11332;3.40499;2
-170.35899;19.53371;      -0.11322;3.40497;2
-170.37189;19.53638;      -0.11307;3.40497;2
-170.38216;19.53906;      -0.11281;3.40496;2
-170.38982;19.54173;      -0.11245;3.40495;2
-170.39498;19.54441;      -0.11201;3.40495;2
-170.39749;19.54708;      -0.11132;3.40495;2
-170.39751;19.54976;      -0.11052;3.40495;2
-170.39510;19.55243;      -0.10961;3.40495;2
-170.39020;19.55511;      -0.10852;3.40495;2
-170.38282;19.55778;      -0.10722;3.40496;2
-170.37309;19.56046;      -0.10570;3.40497;2
-170.36115;19.56313;      -0.10405;3.40497;2
-170.34702;19.56581;      -0.10224;3.40498;2
-170.33082;19.56848;      -0.10025;3.40499;2
-170.31263;19.57116;-9.807830e-002;3.40501;2
-170.29244;19.57383;-9.574651e-002;3.40502;2
-170.27049;19.57651;-9.329247e-002;3.40503;2
-170.24679;19.57918;-9.072588e-002;3.40505;2
-170.22137;19.58186;-8.801784e-002;3.40507;2
-170.19441;19.58453;-8.517426e-002;3.40509;2
-170.16604;19.58721;-8.223151e-002;3.40511;2
-170.13622;19.58988;-7.913964e-002;3.40513;2
-170.10484;19.59256;-7.597826e-002;3.40515;2
-170.07276;19.59523;-7.272274e-002;3.40517;2
-170.03829;19.59791;-6.933655e-002;3.40519;2
-170.00316;19.60058;-6.585959e-002;3.40522;2
-169.98241;19.60326;-6.223711e-002;3.40523;2
-169.96389;19.60593;-5.852587e-002;3.40524;2
-169.94231;19.60861;-5.472553e-002;3.40526;2
-169.92032;19.61128;-5.087615e-002;3.40527;2
-169.89706;19.61396;-4.707229e-002;3.40529;2
-169.87274;19.61664;-4.323015e-002;3.40530;2
-169.84735;19.61931;-3.931491e-002;3.40532;2
-169.82090;19.62199;-3.542841e-002;3.40534;2
-169.79342;19.62466;-3.154127e-002;3.40536;2
-169.76487;19.62734;-2.753418e-002;3.40538;2
-169.73531;19.63001;-2.358631e-002;3.40540;2
-169.70475;19.63269;-1.966592e-002;3.40542;2
-169.67315;19.63536;-1.572522e-002;3.40544;2
-169.64050;19.63804;-1.175955e-002;3.40546;2
-169.60687;19.64071;-7.780516e-003;3.40548;2
-169.57223;19.64339;-3.818613e-003;3.40551;2
-169.53670;19.64606; 1.236500e-004;3.40553;2
-169.50026;19.64874; 4.093289e-003;3.40555;2
-169.46294;19.65141; 8.056917e-003;3.40558;2
-169.42484;19.65409; 1.194816e-002;3.40561;2
-169.38581;19.65676; 1.583453e-002;3.40563;2
-169.34602;19.65944; 1.964417e-002;3.40566;2
-169.30551;19.66211; 2.342797e-002;3.40569;2
-169.26425;19.66479; 2.722308e-002;3.40571;2
-169.22230;19.66746; 3.099827e-002;3.40574;2
-169.17977;19.67014; 3.479501e-002;3.40577;2
-169.13661;19.67281; 3.857367e-002;3.40580;2
-169.09285;19.67549; 4.224678e-002;3.40583;2
-169.04858;19.67816; 4.583237e-002;3.40586;2
-169.00379;19.68084; 4.941880e-002;3.40589;2
-168.95845;19.68351; 5.299733e-002;3.40592;2
-168.91273;19.68619; 5.654943e-002;3.40595;2
-168.86663;19.68886; 6.004504e-002;3.40598;2
-168.82011;19.69154; 6.340968e-002;3.40601;2
-168.77324;19.69421; 6.665351e-002;3.40604;2
-168.72609;19.69689; 6.995373e-002;3.40607;2
-168.67859;19.69956; 7.327367e-002;3.40611;2
-168.63082;19.70224; 7.652975e-002;3.40614;2
-168.58284;19.70491; 7.970347e-002;3.40617;2
-168.53467;19.70759; 8.281812e-002;3.40620;2
-168.48630;19.71026; 8.588242e-002;3.40623;2
-168.43775;19.71294; 8.893171e-002;3.40627;2
-168.38913;19.71561; 9.190822e-002;3.40630;2
-168.34043;19.71829; 9.477765e-002;3.40633;2
-168.29160;19.72096; 9.755240e-002;3.40636;2
-168.24269;19.72364;       0.10024;3.40640;2
-168.19373;19.72631;       0.10294;3.40643;2
-168.14477;19.72899;       0.10563;3.40646;2
-168.09583;19.73167;       0.10828;3.40649;2
-168.04689;19.73434;       0.11086;3.40653;2
-167.99804;19.73702;       0.11333;3.40656;2
-167.94923;19.73969;       0.11574;3.40659;2
-167.90053;19.74237;       0.11804;3.40662;2
-167.85196;19.74504;       0.12022;3.40666;2
-167.80351;19.74772;       0.12234;3.40669;2
-167.75525;19.75039;       0.12443;3.40672;2
-167.70706;19.75307;       0.12657;3.40675;2
-167.65905;19.75574;       0.12857;3.40678;2
-167.61127;19.75842;       0.13042;3.40681;2
-167.56370;19.76109;       0.13227;3.40685;2
-167.51631;19.76377;       0.13414;3.40688;2
-167.46917;19.76644;       0.13593;3.40691;2
-167.42227;19.76912;       0.13768;3.40694;2
-167.37559;19.77179;       0.13934;3.40697;2
-167.32912;19.77447;       0.14086;3.40700;2
-167.28294;19.77714;       0.14232;3.40703;2
-167.23708;19.77982;       0.14366;3.40706;2
-167.19152;19.78249;       0.14501;3.40709;2
-167.14631;19.78517;       0.14638;3.40712;2
-167.10143;19.78784;       0.14771;3.40715;2
-167.05686;19.79052;       0.14891;3.40718;2
-167.01264;19.79319;       0.15007;3.40721;2
-166.96881;19.79587;       0.15114;3.40724;2
-166.92536;19.79854;       0.15212;3.40727;2
-166.88225;19.80122;       0.15305;3.40730;2
-166.83951;19.80389;       0.15392;3.40732;2
-166.79717;19.80657;       0.15473;3.40735;2
-166.75517;19.80924;       0.15551;3.40738;2
-166.71358;19.81192;       0.15624;3.40741;2
-166.67242;19.81459;       0.15689;3.40743;2
-166.63162;19.81727;       0.15747;3.40746;2
-166.59120;19.81994;       0.15796;3.40749;2
-166.55120;19.82262;       0.15843;3.40751;2
-166.51158;19.82529;       0.15885;3.40754;2
-166.47230;19.82797;       0.15920;3.40756;2
-166.43343;19.83064;       0.15955;3.40759;2
-166.39492;19.83332;       0.15991;3.40762;2
-166.35680;19.83599;       0.16020;3.40764;2
-166.31910;19.83867;       0.16041;3.40767;2
-166.28177;19.84134;       0.16056;3.40769;2
-166.24481;19.84402;       0.16068;3.40771;2
-166.20831;19.84670;       0.16083;3.40774;2
-166.17211;19.84937;       0.16090;3.40776;2
-166.13633;19.85205;       0.16092;3.40779;2
-166.10096;19.85472;       0.16092;3.40781;2
-166.06585;19.85740;       0.16086;3.40783;2
-166.03121;19.86007;       0.16079;3.40785;2
-165.99695;19.86275;       0.16070;3.40788;2
-165.96306;19.86542;       0.16056;3.40790;2
-165.92955;19.86810;       0.16037;3.40792;2
-165.89639;19.87077;       0.16013;3.40794;2
-165.86353;19.87345;       0.15986;3.40796;2
-165.83100;19.87612;       0.15960;3.40798;2
-165.79882;19.87880;       0.15932;3.40801;2
-165.76699;19.88147;       0.15898;3.40803;2
-165.73553;19.88415;       0.15860;3.40805;2
-165.70444;19.88682;       0.15819;3.40807;2
-165.67362;19.88950;       0.15782;3.40809;2
-165.64309;19.89217;       0.15746;3.40811;2
-165.61291;19.89485;       0.15706;3.40813;2
-165.58303;19.89752;       0.15660;3.40815;2
-165.55339;19.90020;       0.15607;3.40817;2
-165.52408;19.90287;       0.15553;3.40818;2
-165.49507;19.90555;       0.15499;3.40820;2
-165.46631;19.90822;       0.15442;3.40822;2
-165.43782;19.91090;       0.15383;3.40824;2
-165.40960;19.91357;       0.15323;3.40826;2
-165.38170;19.91625;       0.15263;3.40828;2
-165.35405;19.91892;       0.15208;3.40829;2
-165.32663;19.92160;       0.15154;3.40831;2
-165.29949;19.92427;       0.15094;3.40833;2
-165.27261;19.92695;       0.15025;3.40835;2
-165.24597;19.92962;       0.14957;3.40836;2
-165.21955;19.93230;       0.14888;3.40838;2
-165.19334;19.93497;       0.14819;3.40840;2
-165.16736;19.93765;       0.14753;3.40842;2
-165.14159;19.94032;       0.14690;3.40843;2
-165.11600;19.94300;       0.14627;3.40845;2
-165.09063;19.94567;       0.14562;3.40847;2
-165.06546;19.94835;       0.14490;3.40848;2
-165.04045;19.95102;       0.14415;3.40850;2
-165.01562;19.95370;       0.14341;3.40851;2
-164.99102;19.95638;       0.14269;3.40853;2
-164.96657;19.95905;       0.14201;3.40855;2
-164.94223;19.96173;       0.14132;3.40856;2
-164.91804;19.96440;       0.14057;3.40858;2
-164.89401;19.96708;       0.13982;3.40859;2
-164.87015;19.96975;       0.13909;3.40861;2
-164.84641;19.97243;       0.13839;3.40862;2
-164.82282;19.97510;       0.13770;3.40864;2
-164.79941;19.97778;       0.13700;3.40865;2
-164.77610;19.98045;       0.13625;3.40867;2
-164.75286;19.98313;       0.13553;3.40868;2
-164.72977;19.98580;       0.13484;3.40870;2
-164.70681;19.98848;       0.13417;3.40871;2
-164.68390;19.99115;       0.13352;3.40873;2
-164.66106;19.99383;       0.13291;3.40874;2
-164.63832;19.99650;       0.13228;3.40876;2
-164.61562;19.99918;       0.13167;3.40877;2
-164.59298;20.00185;       0.13107;3.40879;2
-164.57044;20.00453;       0.13045;3.40880;2
-164.54793;20.00720;       0.12986;3.40882;2
-164.52547;20.00988;       0.12929;3.40883;2
-164.50307;20.01255;       0.12869;3.40884;2
-164.48071;20.01523;       0.12808;3.40886;2
-164.45840;20.01790;       0.12746;3.40887;2
-164.43617;20.02058;       0.12681;3.40889;2
-164.41396;20.02325;       0.12620;3.40890;2
-164.39180;20.02593;       0.12563;3.40892;2
-164.36969;20.02860;       0.12508;3.40893;2
-164.34759;20.03128;       0.12455;3.40894;2
-164.32551;20.03395;       0.12403;3.40896;2
-164.30351;20.03663;       0.12351;3.40897;2
-164.28149;20.03930;       0.12299;3.40899;2
-164.25943;20.04198;       0.12245;3.40900;2
-164.23741;20.04465;       0.12189;3.40902;2
-164.21542;20.04733;       0.12134;3.40903;2
-164.19340;20.05000;       0.12087;3.40904;2
-164.17141;20.05268;       0.12040;3.40906;2
-164.14939;20.05535;       0.11992;3.40907;2
-164.12733;20.05803;       0.11946;3.40909;2
-164.10532;20.06070;       0.11902;3.40910;2
-164.08330;20.06338;       0.11864;3.40911;2
-164.06127;20.06605;       0.11826;3.40913;2
-164.03919;20.06873;       0.11788;3.40914;2
-164.01708;20.07141;       0.11753;3.40916;2
-163.99501;20.07408;       0.11714;3.40917;2
-163.97289;20.07676;       0.11675;3.40919;2
-163.95075;20.07943;       0.11638;3.40920;2
-163.92859;20.08211;       0.11598;3.40921;2
-163.90640;20.08478;       0.11558;3.40923;2
-163.88417;20.08746;       0.11526;3.40924;2
-163.86189;20.09013;       0.11488;3.40926;2
-163.83955;20.09281;       0.11447;3.40927;2
-163.81715;20.09548;       0.11409;3.40929;2
-163.79473;20.09816;       0.11376;3.40930;2
-163.77226;20.10083;       0.11348;3.40931;2
-163.74974;20.10351;       0.11325;3.40933;2
-163.72719;20.10618;       0.11301;3.40934;2
-163.70462;20.10886;       0.11275;3.40936;2
-163.68200;20.11153;       0.11251;3.40937;2
-163.65931;20.11421;       0.11229;3.40939;2
-163.63660;20.11688;       0.11206;3.40940;2
-163.61384;20.11956;       0.11183;3.40941;2
-163.59099;20.12223;       0.11163;3.40943;2
-163.56811;20.12491;       0.11147;3.40944;2
-163.54523;20.12758;       0.11131;3.40946;2
-163.52233;20.13026;       0.11113;3.40947;2
-163.49936;20.13293;       0.11098;3.40949;2
-163.47630;20.13561;       0.11083;3.40950;2
-163.45321;20.13828;       0.11068;3.40952;2
-163.43012;20.14096;       0.11053;3.40953;2
-163.40695;20.14363;       0.11038;3.40955;2
-163.38372;20.14631;       0.11031;3.40956;2
-163.36039;20.14898;       0.11022;3.40958;2
-163.33700;20.15166;       0.11009;3.40959;2
-163.31360;20.15433;       0.10996;3.40961;2
-163.29012;20.15701;       0.10982;3.40962;2
-163.26661;20.15968;       0.10969;3.40964;2
-163.24304;20.16236;       0.10961;3.40965;2
-163.21942;20.16503;       0.10956;3.40967;2
-163.19577;20.16771;       0.10951;3.40968;2
-163.17204;20.17038;       0.10945;3.40970;2
-163.14827;20.17306;       0.10940;3.40971;2
-163.12443;20.17573;       0.10938;3.40973;2
-163.10052;20.17841;       0.10940;3.40974;2
-163.07658;20.18108;       0.10944;3.40976;2
-163.05260;20.18376;       0.10945;3.40977;2
-163.02860;20.18644;       0.10943;3.40979;2
-163.00449;20.18911;       0.10943;3.40980;2
-162.98029;20.19179;       0.10945;3.40982;2
-162.95608;20.19446;       0.10945;3.40983;2
-162.93188;20.19714;       0.10946;3.40985;2
-162.90757;20.19981;       0.10951;3.40986;2
-162.88324;20.20249;       0.10956;3.40988;2
-162.85889;20.20516;       0.10960;3.40990;2
-162.83443;20.20784;       0.10963;3.40991;2
-162.80994;20.21051;       0.10967;3.40993;2
-162.78540;20.21319;       0.10972;3.40994;2
-162.76082;20.21586;       0.10976;3.40996;2
-162.73621;20.21854;       0.10980;3.40997;2
-162.71154;20.22121;       0.10984;3.40999;2
-162.68682;20.22389;       0.10991;3.41000;2
-162.66206;20.22656;       0.11000;3.41002;2
-162.63723;20.22924;       0.11004;3.41004;2
-162.61233;20.23191;       0.11008;3.41005;2
-162.58741;20.23459;       0.11014;3.41007;2
-162.56247;20.23726;       0.11021;3.41008;2
-162.53742;20.23994;       0.11030;3.41010;2
-162.51232;20.24261;       0.11039;3.41012;2
-162.48721;20.24529;       0.11048;3.41013;2
-162.46205;20.24796;       0.11060;3.41015;2
-162.43684;20.25064;       0.11078;3.41016;2
-162.41161;20.25331;       0.11092;3.41018;2
-162.38634;20.25599;       0.11104;3.41020;2
-162.36101;20.25866;       0.11115;3.41021;2
-162.33566;20.26134;       0.11127;3.41023;2
-162.31028;20.26401;       0.11141;3.41024;2
-162.28481;20.26669;       0.11157;3.41026;2
-162.25934;20.26936;       0.11169;3.41028;2
-162.23389;20.27204;       0.11179;3.41029;2
-162.20838;20.27471;       0.11191;3.41031;2
-162.18280;20.27739;       0.11205;3.41032;2
-162.15723;20.28006;       0.11218;3.41034;2
-162.13161;20.28274;       0.11226;3.41036;2
-162.10598;20.28541;       0.11234;3.41037;2
-162.08030;20.28809;       0.11249;3.41039;2
-162.05453;20.29076;       0.11268;3.41040;2
-162.02877;20.29344;       0.11286;3.41042;2
-162.00301;20.29611;       0.11300;3.41044;2
-161.97724;20.29879;       0.11312;3.41045;2
-161.95144;20.30147;       0.11324;3.41047;2
-161.92563;20.30414;       0.11335;3.41049;2
-161.89985;20.30682;       0.11347;3.41050;2
-161.87399;20.30949;       0.11361;3.41052;2
-161.84805;20.31217;       0.11375;3.41053;2
-161.82210;20.31484;       0.11387;3.41055;2
-161.79613;20.31752;       0.11401;3.41057;2
-161.77013;20.32019;       0.11415;3.41058;2
-161.74409;20.32287;       0.11429;3.41060;2
-161.71805;20.32554;       0.11443;3.41062;2
-161.69200;20.32822;       0.11457;3.41063;2
-161.66589;20.33089;       0.11470;3.41065;2
-161.63973;20.33357;       0.11483;3.41067;2
-161.61353;20.33624;       0.11496;3.41068;2
-161.58736;20.33892;       0.11512;3.41070;2
-161.56118;20.34159;       0.11529;3.41071;2
-161.53495;20.34427;       0.11545;3.41073;2
-161.50869;20.34694;       0.11559;3.41075;2
-161.48244;20.34962;       0.11571;3.41076;2
-161.45620;20.35229;       0.11583;3.41078;2
-161.42994;20.35497;       0.11595;3.41080;2
-161.40367;20.35764;       0.11607;3.41081;2
-161.37737;20.36032;       0.11619;3.41083;2
-161.35104;20.36299;       0.11631;3.41085;2
-161.32468;20.36567;       0.11645;3.41086;2
-161.29831;20.36834;       0.11659;3.41088;2
-161.27195;20.37102;       0.11671;3.41090;2
-161.24561;20.37369;       0.11685;3.41091;2
-161.21924;20.37637;       0.11699;3.41093;2
-161.19288;20.37904;       0.11712;3.41095;2
-161.16654;20.38172;       0.11722;3.41096;2
-161.14014;20.38439;       0.11730;3.41098;2
-161.11373;20.38707;       0.11741;3.41099;2
-161.08736;20.38974;       0.11759;3.41101;2
-161.06097;20.39242;       0.11776;3.41103;2
-161.03454;20.39509;       0.11788;3.41104;2
-161.00809;20.39777;       0.11800;3.41106;2
-160.98164;20.40044;       0.11811;3.41108;2
-160.95523;20.40312;       0.11820;3.41109;2
-160.92877;20.40579;       0.11830;3.41111;2
-160.90223;20.40847;       0.11843;3.41113;2
-160.87570;20.41114;       0.11858;3.41114;2
-160.84922;20.41382;       0.11871;3.41116;2
-160.82274;20.41650;       0.11883;3.41118;2
-160.79624;20.41917;       0.11895;3.41119;2
-160.76970;20.42185;       0.11907;3.41121;2
-160.74313;20.42452;       0.11922;3.41123;2
-160.71658;20.42720;       0.11935;3.41124;2
-160.69001;20.42987;       0.11950;3.41126;2
-160.66341;20.43255;       0.11962;3.41128;2
-160.63685;20.43522;       0.11978;3.41129;2
-160.61031;20.43790;       0.11998;3.41131;2
-160.58370;20.44057;       0.12012;3.41132;2
-160.55713;20.44325;       0.12021;3.41134;2
-160.53059;20.44592;       0.12031;3.41136;2
-160.50403;20.44860;       0.12045;3.41137;2
-160.47745;20.45127;       0.12060;3.41139;2
-160.45090;20.45395;       0.12071;3.41141;2
-160.42435;20.45662;       0.12082;3.41142;2
-160.39776;20.45930;       0.12095;3.41144;2
-160.37119;20.46197;       0.12106;3.41146;2
-160.34464;20.46465;       0.12116;3.41147;2
-160.31806;20.46732;       0.12127;3.41149;2
-160.29146;20.47000;       0.12137;3.41151;2
-160.26483;20.47267;       0.12147;3.41152;2
-160.23819;20.47535;       0.12157;3.41154;2
-160.21159;20.47802;       0.12166;3.41156;2
-160.18499;20.48070;       0.12176;3.41157;2
-160.15836;20.48337;       0.12186;3.41159;2
-160.13173;20.48605;       0.12198;3.41161;2
-160.10510;20.48872;       0.12209;3.41162;2
-160.07848;20.49140;       0.12219;3.41164;2
-160.05192;20.49407;       0.12230;3.41165;2
-160.02533;20.49675;       0.12237;3.41167;2
-159.99871;20.49942;       0.12245;3.41169;2
-159.97205;20.50210;       0.12253;3.41170;2
-159.94540;20.50477;       0.12261;3.41172;2
-159.91879;20.50745;       0.12271;3.41174;2
-159.89211;20.51012;       0.12278;3.41175;2
-159.86551;20.51280;       0.12285;3.41177;2
-159.83893;20.51547;       0.12293;3.41179;2
-159.81233;20.51815;       0.12302;3.41180;2
-159.78573;20.52082;       0.12310;3.41182;2
-159.75907;20.52350;       0.12319;3.41184;2
-159.73241;20.52617;       0.12328;3.41185;2
-159.70577;20.52885;       0.12336;3.41187;2
-159.67912;20.53153;       0.12344;3.41188;2
-159.65247;20.53420;       0.12353;3.41190;2
-159.62582;20.53688;       0.12363;3.41192;2
-159.59921;20.53955;       0.12374;3.41193;2
-159.57260;20.54223;       0.12384;3.41195;2
-159.54597;20.54490;       0.12393;3.41197;2
-159.51933;20.54758;       0.12402;3.41198;2
-159.49271;20.55025;       0.12410;3.41200;2
-159.46610;20.55293;       0.12415;3.41202;2
-159.43948;20.55560;       0.12420;3.41203;2
-159.41286;20.55828;       0.12425;3.41205;2
-159.38625;20.56095;       0.12431;3.41207;2
-159.35964;20.56363;       0.12438;3.41208;2
-159.33300;20.56630;       0.12446;3.41210;2
-159.30637;20.56898;       0.12457;3.41211;2
-159.27975;20.57165;       0.12471;3.41213;2
-159.25307;20.57433;       0.12485;3.41215;2
-159.22642;20.57700;       0.12496;3.41216;2
-159.19976;20.57968;       0.12505;3.41218;2
-159.17311;20.58235;       0.12518;3.41220;2
-159.14642;20.58503;       0.12534;3.41221;2
-159.11973;20.58770;       0.12543;3.41223;2
-159.09308;20.59038;       0.12550;3.41224;2
-159.06637;20.59305;       0.12560;3.41226;2
-159.03965;20.59573;       0.12567;3.41228;2
-159.01295;20.59840;       0.12571;3.41229;2
-158.98622;20.60108;       0.12575;3.41231;2
-158.95950;20.60375;       0.12581;3.41233;2
-158.93279;20.60643;       0.12587;3.41234;2
-158.90610;20.60910;       0.12595;3.41236;2
-158.87946;20.61178;       0.12604;3.41238;2
-158.85281;20.61445;       0.12610;3.41239;2
-158.82608;20.61713;       0.12617;3.41241;2
-158.79938;20.61980;       0.12624;3.41242;2
-158.77269;20.62248;       0.12638;3.41244;2
-158.74603;20.62515;       0.12653;3.41246;2
-158.71939;20.62783;       0.12663;3.41247;2
-158.69267;20.63050;       0.12669;3.41249;2
-158.66601;20.63318;       0.12678;3.41251;2
-158.63935;20.63585;       0.12687;3.41252;2
-158.61264;20.63853;       0.12698;3.41254;2
-158.58589;20.64121;       0.12712;3.41256;2
-158.55916;20.64388;       0.12721;3.41257;2
-158.53242;20.64656;       0.12730;3.41259;2
-158.50565;20.64923;       0.12740;3.41260;2
-158.47891;20.65191;       0.12752;3.41262;2
-158.45219;20.65458;       0.12765;3.41264;2
-158.42544;20.65726;       0.12778;3.41265;2
-158.39870;20.65993;       0.12794;3.41267;2
-158.37198;20.66261;       0.12810;3.41269;2
-158.34523;20.66528;       0.12823;3.41270;2
-158.31847;20.66796;       0.12836;3.41272;2
-158.29168;20.67063;       0.12850;3.41273;2
-158.26490;20.67331;       0.12863;3.41275;2
-158.23814;20.67598;       0.12876;3.41277;2
-158.21137;20.67866;       0.12889;3.41278;2
-158.18456;20.68133;       0.12902;3.41280;2
-158.15776;20.68401;       0.12913;3.41282;2
-158.13099;20.68668;       0.12919;3.41283;2
-158.10423;20.68936;       0.12928;3.41285;2
-158.07745;20.69203;       0.12939;3.41286;2
-158.05065;20.69471;       0.12950;3.41288;2
-158.02383;20.69738;       0.12960;3.41290;2
-157.99704;20.70006;       0.12967;3.41291;2
-157.97028;20.70273;       0.12974;3.41293;2
-157.94355;20.70541;       0.12981;3.41295;2
-157.91679;20.70808;       0.12989;3.41296;2
-157.88998;20.71076;       0.12996;3.41298;2
-157.86317;20.71343;       0.13004;3.41299;2
-157.83635;20.71611;       0.13012;3.41301;2
-157.80957;20.71878;       0.13020;3.41303;2
-157.78281;20.72146;       0.13027;3.41304;2
-157.75605;20.72413;       0.13033;3.41306;2
-157.72931;20.72681;       0.13038;3.41308;2
-157.70259;20.72948;       0.13043;3.41309;2
-157.67583;20.73216;       0.13044;3.41311;2
-157.64907;20.73483;       0.13043;3.41312;2
-157.62235;20.73751;       0.13044;3.41314;2
-157.59561;20.74018;       0.13040;3.41316;2
-157.56884;20.74286;       0.13030;3.41317;2
-157.54206;20.74553;       0.13024;3.41319;2
-157.51532;20.74821;       0.13019;3.41320;2
-157.48858;20.75088;       0.13010;3.41322;2
-157.46178;20.75356;       0.13012;3.41324;2
-157.43500;20.75624;       0.13010;3.41325;2
-157.40824;20.75891;       0.13012;3.41327;2
-157.38147;20.76159;       0.13019;3.41329;2
-157.35465;20.76426;       0.13021;3.41330;2
-157.32784;20.76694;       0.13018;3.41332;2
-157.30101;20.76961;       0.13015;3.41333;2
-157.27420;20.77229;       0.13013;3.41335;2
-157.24741;20.77496;       0.13010;3.41337;2
-157.22062;20.77764;       0.13009;3.41338;2
-157.19378;20.78031;       0.13012;3.41340;2
-157.16697;20.78299;       0.13015;3.41341;2
-157.14022;20.78566;       0.13015;3.41343;2
-157.11347;20.78834;       0.13015;3.41345;2
-157.08667;20.79101;       0.13016;3.41346;2
-157.05985;20.79369;       0.13016;3.41348;2
-157.03303;20.79636;       0.13015;3.41350;2
-157.00623;20.79904;       0.13015;3.41351;2
-156.97948;20.80171;       0.13015;3.41353;2
-156.95273;20.80439;       0.13013;3.41354;2
-156.92591;20.80706;       0.13012;3.41356;2
-156.89910;20.80974;       0.13010;3.41358;2
-156.87228;20.81241;       0.13009;3.41359;2
-156.84542;20.81509;       0.13008;3.41361;2
-156.81858;20.81776;       0.13010;3.41362;2
-156.79180;20.82044;       0.13014;3.41364;2
-156.76497;20.82311;       0.13014;3.41366;2
-156.73811;20.82579;       0.13015;3.41367;2
-156.71128;20.82846;       0.13018;3.41369;2
-156.68449;20.83114;       0.13022;3.41370;2
-156.65770;20.83381;       0.13025;3.41372;2
-156.63087;20.83649;       0.13028;3.41374;2
-156.60403;20.83916;       0.13030;3.41375;2
-156.57722;20.84184;       0.13032;3.41377;2
-156.55042;20.84451;       0.13033;3.41378;2
-156.52364;20.84719;       0.13033;3.41380;2
-156.49685;20.84986;       0.13036;3.41382;2
-156.47005;20.85254;       0.13041;3.41383;2
-156.44323;20.85521;       0.13047;3.41385;2
-156.41641;20.85789;       0.13048;3.41387;2
-156.38959;20.86056;       0.13045;3.41388;2
-156.36278;20.86324;       0.13042;3.41390;2
-156.33597;20.86591;       0.13043;3.41391;2
-156.30916;20.86859;       0.13046;3.41393;2
-156.28237;20.87127;       0.13049;3.41394;2
-156.25559;20.87394;       0.13053;3.41396;2
-156.22882;20.87662;       0.13058;3.41398;2
-156.20203;20.87929;       0.13063;3.41399;2
-156.17524;20.88197;       0.13067;3.41401;2
-156.14845;20.88464;       0.13073;3.41402;2
-156.12163;20.88732;       0.13079;3.41404;2
-156.09480;20.88999;       0.13084;3.41406;2
-156.06792;20.89267;       0.13088;3.41407;2
-156.04106;20.89534;       0.13095;3.41409;2
-156.01427;20.89802;       0.13103;3.41410;2
-155.98746;20.90069;       0.13108;3.41412;2
-155.96065;20.90337;       0.13115;3.41414;2
-155.93380;20.90604;       0.13121;3.41415;2
-155.90696;20.90872;       0.13126;3.41417;2
-155.88014;20.91139;       0.13131;3.41418;2
-155.85331;20.91407;       0.13135;3.41420;2
-155.82650;20.91674;       0.13137;3.41422;2
-155.79968;20.91942;       0.13142;3.41423;2
-155.77284;20.92209;       0.13147;3.41425;2
-155.74598;20.92477;       0.13150;3.41426;2
-155.71912;20.92744;       0.13153;3.41428;2
-155.69228;20.93012;       0.13156;3.41430;2
-155.66543;20.93279;       0.13157;3.41431;2
-155.63858;20.93547;       0.13159;3.41433;2
-155.61173;20.93814;       0.13164;3.41434;2
-155.58489;20.94082;       0.13170;3.41436;2
-155.55804;20.94349;       0.13174;3.41438;2
-155.53120;20.94617;       0.13178;3.41439;2
-155.50438;20.94884;       0.13182;3.41441;2
-155.47753;20.95152;       0.13183;3.41442;2
-155.45070;20.95419;       0.13181;3.41444;2
-155.42390;20.95687;       0.13181;3.41446;2
-155.39705;20.95954;       0.13181;3.41447;2
-155.37018;20.96222;       0.13182;3.41449;2
-155.34332;20.96489;       0.13183;3.41450;2
-155.31649;20.96757;       0.13184;3.41452;2
-155.28965;20.97024;       0.13186;3.41453;2
-155.26281;20.97292;       0.13192;3.41455;2
-155.23597;20.97559;       0.13197;3.41457;2
-155.20913;20.97827;       0.13198;3.41458;2
-155.18231;20.98094;       0.13198;3.41460;2
-155.15550;20.98362;       0.13201;3.41461;2
-155.12867;20.98630;       0.13207;3.41463;2
-155.10179;20.98897;       0.13213;3.41465;2
-155.07492;20.99165;       0.13218;3.41466;2
-155.04811;20.99432;       0.13221;3.41468;2
-155.02127;20.99700;       0.13226;3.41469;2
-154.99445;20.99967;       0.13232;3.41471;2
-154.96765;21.00235;       0.13237;3.41472;2
-154.94080;21.00502;       0.13242;3.41474;2
-154.91394;21.00770;       0.13248;3.41476;2
-154.88716;21.01037;       0.13254;3.41477;2
-154.86030;21.01305;       0.13259;3.41479;2
-154.83347;21.01572;       0.13262;3.41480;2
-154.80669;21.01840;       0.13267;3.41482;2
-154.77987;21.02107;       0.13272;3.41484;2
-154.75306;21.02375;       0.13278;3.41485;2
-154.72624;21.02642;       0.13283;3.41487;2
-154.69945;21.02910;       0.13283;3.41488;2
-154.67261;21.03177;       0.13280;3.41490;2
-154.64569;21.03445;       0.13280;3.41491;2
-154.61881;21.03712;       0.13282;3.41493;2
-154.59193;21.03980;       0.13293;3.41495;2
-154.56508;21.04247;       0.13305;3.41496;2
-154.53823;21.04515;       0.13316;3.41498;2
-154.51133;21.04782;       0.13325;3.41499;2
-154.48445;21.05050;       0.13327;3.41501;2
-154.45757;21.05317;       0.13330;3.41502;2
-154.43070;21.05585;       0.13335;3.41504;2
-154.40384;21.05852;       0.13340;3.41506;2
-154.37697;21.06120;       0.13345;3.41507;2
-154.35010;21.06387;       0.13350;3.41509;2
-154.32318;21.06655;       0.13356;3.41510;2
-154.29627;21.06922;       0.13364;3.41512;2
-154.26939;21.07190;       0.13370;3.41513;2
-154.24249;21.07457;       0.13376;3.41515;2
-154.21559;21.07725;       0.13384;3.41517;2
-154.18871;21.07992;       0.13395;3.41518;2
-154.16181;21.08260;       0.13405;3.41520;2
-154.13491;21.08527;       0.13413;3.41521;2
-154.10804;21.08795;       0.13420;3.41523;2
-154.08116;21.09062;       0.13430;3.41524;2
-154.05428;21.09330;       0.13439;3.41526;2
-154.02742;21.09597;       0.13448;3.41528;2
-154.00056;21.09865;       0.13457;3.41529;2
-153.97368;21.10133;       0.13467;3.41531;2
-153.94682;21.10400;       0.13480;3.41532;2
-153.91992;21.10668;       0.13492;3.41534;2
-153.89302;21.10935;       0.13506;3.41535;2
-153.86613;21.11203;       0.13520;3.41537;2
-153.83924;21.11470;       0.13530;3.41539;2
-153.81238;21.11738;       0.13539;3.41540;2
-153.78554;21.12005;       0.13550;3.41542;2
-153.75869;21.12273;       0.13558;3.41543;2
-153.73183;21.12540;       0.13563;3.41545;2
-153.70497;21.12808;       0.13564;3.41546;2
-153.67813;21.13075;       0.13565;3.41548;2
-153.65131;21.13343;       0.13564;3.41550;2
-153.62448;21.13610;       0.13565;3.41551;2
-153.59766;21.13878;       0.13568;3.41553;2
-153.57082;21.14145;       0.13574;3.41554;2
-153.54397;21.14413;       0.13584;3.41556;2
-153.51717;21.14680;       0.13593;3.41557;2
-153.49034;21.14948;       0.13604;3.41559;2
-153.46352;21.15215;       0.13613;3.41560;2
-153.43672;21.15483;       0.13619;3.41562;2
-153.40986;21.15750;       0.13624;3.41564;2
-153.38300;21.16018;       0.13628;3.41565;2
-153.35619;21.16285;       0.13631;3.41567;2
-153.32939;21.16553;       0.13635;3.41568;2
-153.30255;21.16820;       0.13643;3.41570;2
-153.27573;21.17088;       0.13655;3.41571;2
-153.24894;21.17355;       0.13666;3.41573;2
-153.22219;21.17623;       0.13676;3.41574;2
-153.19538;21.17890;       0.13683;3.41576;2
-153.16855;21.18158;       0.13685;3.41578;2
-153.14177;21.18425;       0.13689;3.41579;2
-153.11495;21.18693;       0.13696;3.41581;2
-153.08808;21.18960;       0.13701;3.41582;2
-153.06123;21.19228;       0.13704;3.41584;2
-153.03442;21.19495;       0.13708;3.41585;2
-153.00762;21.19763;       0.13712;3.41587;2
-152.98077;21.20030;       0.13718;3.41588;2
-152.95392;21.20298;       0.13722;3.41590;2
-152.92704;21.20565;       0.13721;3.41592;2
-152.90016;21.20833;       0.13719;3.41593;2
-152.87331;21.21101;       0.13717;3.41595;2
-152.84638;21.21368;       0.13715;3.41596;2
-152.81952;21.21636;       0.13717;3.41598;2
-152.79265;21.21903;       0.13721;3.41599;2
-152.76578;21.22171;       0.13725;3.41601;2
-152.73895;21.22438;       0.13729;3.41602;2
-152.71205;21.22706;       0.13739;3.41604;2
-152.68521;21.22973;       0.13745;3.41605;2
-152.65836;21.23241;       0.13750;3.41607;2
-152.63153;21.23508;       0.13755;3.41609;2
-152.60475;21.23776;       0.13759;3.41610;2
-152.57794;21.24043;       0.13763;3.41612;2
-152.55117;21.24311;       0.13765;3.41613;2
-152.52433;21.24578;       0.13767;3.41615;2
-152.49750;21.24846;       0.13770;3.41616;2
-152.47074;21.25113;       0.13775;3.41618;2
-152.44396;21.25381;       0.13779;3.41619;2
-152.41720;21.25648;       0.13783;3.41621;2
-152.39044;21.25916;       0.13787;3.41622;2
-152.36365;21.26183;       0.13792;3.41624;2
-152.33685;21.26451;       0.13797;3.41625;2
-152.31004;21.26718;       0.13803;3.41627;2
-152.28321;21.26986;       0.13811;3.41629;2
-152.25642;21.27253;       0.13819;3.41630;2
-152.22963;21.27521;       0.13827;3.41632;2
-152.20282;21.27788;       0.13832;3.41633;2
-152.17602;21.28056;       0.13836;3.41635;2
-152.14918;21.28323;       0.13845;3.41636;2
-152.12239;21.28591;       0.13855;3.41638;2
-152.09563;21.28858;       0.13863;3.41639;2
-152.06882;21.29126;       0.13871;3.41641;2
-152.04202;21.29393;       0.13880;3.41642;2
-152.01522;21.29661;       0.13888;3.41644;2
-151.98845;21.29928;       0.13895;3.41645;2
-151.96168;21.30196;       0.13902;3.41647;2
-151.93487;21.30463;       0.13909;3.41649;2
-151.90808;21.30731;       0.13917;3.41650;2
-151.88128;21.30998;       0.13925;3.41652;2
-151.85446;21.31266;       0.13933;3.41653;2
-151.82763;21.31533;       0.13939;3.41655;2
-151.80083;21.31801;       0.13944;3.41656;2
-151.77405;21.32068;       0.13951;3.41658;2
-151.74721;21.32336;       0.13957;3.41659;2
-151.72036;21.32604;       0.13962;3.41661;2
-151.69352;21.32871;       0.13965;3.41662;2
-151.66670;21.33139;       0.13969;3.41664;2
-151.63987;21.33406;       0.13972;3.41665;2
-151.61301;21.33674;       0.13976;3.41667;2
-151.58615;21.33941;       0.13978;3.41668;2
-151.55930;21.34209;       0.13982;3.41670;2
-151.53246;21.34476;       0.13990;3.41671;2
-151.50559;21.34744;       0.13996;3.41673;2
-151.47871;21.35011;       0.13999;3.41675;2
-151.45187;21.35279;       0.14005;3.41676;2
-151.42500;21.35546;       0.14007;3.41678;2
-151.39809;21.35814;       0.14006;3.41679;2
-151.37122;21.36081;       0.14009;3.41681;2
-151.34432;21.36349;       0.14012;3.41682;2
-151.31740;21.36616;       0.14016;3.41684;2
-151.29050;21.36884;       0.14019;3.41685;2
-151.26360;21.37151;       0.14022;3.41687;2
-151.23668;21.37419;       0.14024;3.41688;2
-151.20978;21.37686;       0.14028;3.41690;2
-151.18286;21.37954;       0.14032;3.41691;2
-151.15596;21.38221;       0.14036;3.41693;2
-151.12908;21.38489;       0.14041;3.41694;2
-151.10217;21.38756;       0.14047;3.41696;2
-151.07532;21.39024;       0.14057;3.41697;2
-151.04848;21.39291;       0.14063;3.41699;2
-151.02160;21.39559;       0.14062;3.41700;2
-150.99465;21.39826;       0.14058;3.41702;2
-150.96766;21.40094;       0.14056;3.41704;2
-150.94076;21.40361;       0.14058;3.41705;2
-150.91385;21.40629;       0.14058;3.41707;2
-150.88694;21.40896;       0.14056;3.41708;2
-150.86005;21.41164;       0.14056;3.41710;2
-150.83316;21.41431;       0.14057;3.41711;2
-150.80628;21.41699;       0.14059;3.41713;2
-150.77943;21.41966;       0.14060;3.41714;2
-150.75261;21.42234;       0.14062;3.41716;2
-150.72574;21.42501;       0.14064;3.41717;2
-150.69882;21.42769;       0.14065;3.41719;2
-150.67196;21.43036;       0.14069;3.41720;2
-150.64504;21.43304;       0.14073;3.41722;2
-150.61815;21.43571;       0.14079;3.41723;2
-150.59129;21.43839;       0.14086;3.41725;2
-150.56441;21.44107;       0.14093;3.41726;2
-150.53749;21.44374;       0.14099;3.41728;2
-150.51057;21.44642;       0.14106;3.41729;2
-150.48371;21.44909;       0.14112;3.41731;2
-150.45685;21.45177;       0.14118;3.41732;2
-150.42995;21.45444;       0.14126;3.41734;2
-150.40304;21.45712;       0.14132;3.41735;2
-150.37614;21.45979;       0.14136;3.41737;2
-150.34922;21.46247;       0.14139;3.41738;2
-150.32230;21.46514;       0.14141;3.41740;2
-150.29545;21.46782;       0.14143;3.41741;2
-150.26861;21.47049;       0.14151;3.41743;2
-150.24178;21.47317;       0.14163;3.41744;2
-150.21489;21.47584;       0.14174;3.41746;2
-150.18800;21.47852;       0.14182;3.41747;2
-150.16112;21.48119;       0.14191;3.41749;2
-150.13420;21.48387;       0.14198;3.41751;2
-150.10730;21.48654;       0.14204;3.41752;2
-150.08040;21.48922;       0.14209;3.41754;2
-150.05350;21.49189;       0.14216;3.41755;2
-150.02663;21.49457;       0.14226;3.41757;2
-149.99973;21.49724;       0.14236;3.41758;2
-149.97286;21.49992;       0.14244;3.41760;2
-149.94595;21.50259;       0.14252;3.41761;2
-149.91905;21.50527;       0.14260;3.41763;2
-149.89217;21.50794;       0.14269;3.41764;2
-149.86525;21.51062;       0.14278;3.41766;2
-149.83838;21.51329;       0.14287;3.41767;2
-149.81155;21.51597;       0.14294;3.41769;2
-149.78473;21.51864;       0.14301;3.41770;2
-149.75788;21.52132;       0.14310;3.41772;2
-149.73098;21.52399;       0.14319;3.41773;2
-149.70410;21.52667;       0.14330;3.41775;2
-149.67724;21.52934;       0.14341;3.41776;2
-149.65039;21.53202;       0.14350;3.41778;2
-149.62354;21.53469;       0.14357;3.41779;2
-149.59667;21.53737;       0.14364;3.41781;2
-149.56982;21.54004;       0.14370;3.41782;2
-149.54295;21.54272;       0.14374;3.41784;2
-149.51608;21.54539;       0.14377;3.41785;2
-149.48923;21.54807;       0.14382;3.41787;2
-149.46235;21.55074;       0.14388;3.41788;2
-149.43546;21.55342;       0.14392;3.41790;2
-149.40857;21.55610;       0.14392;3.41791;2
-149.38167;21.55877;       0.14392;3.41793;2
-149.35479;21.56145;       0.14394;3.41794;2
-149.32797;21.56412;       0.14395;3.41796;2
-149.30115;21.56680;       0.14399;3.41797;2
-149.27433;21.56947;       0.14403;3.41799;2
-149.24752;21.57215;       0.14410;3.41800;2
-149.22072;21.57482;       0.14416;3.41802;2
-149.19387;21.57750;       0.14420;3.41803;2
-149.16698;21.58017;       0.14426;3.41805;2
-149.14012;21.58285;       0.14429;3.41806;2
-149.11328;21.58552;       0.14430;3.41807;2
-149.08644;21.58820;       0.14431;3.41809;2
-149.05960;21.59087;       0.14434;3.41810;2
-149.03276;21.59355;       0.14437;3.41812;2
-149.00589;21.59622;       0.14441;3.41813;2
-148.97903;21.59890;       0.14445;3.41815;2
-148.95222;21.60157;       0.14447;3.41816;2
-148.92542;21.60425;       0.14450;3.41818;2
-148.89864;21.60692;       0.14453;3.41819;2
-148.87179;21.60960;       0.14455;3.41821;2
-148.84498;21.61227;       0.14457;3.41822;2
-148.81819;21.61495;       0.14459;3.41824;2
-148.79138;21.61762;       0.14460;3.41825;2
-148.76462;21.62030;       0.14462;3.41827;2
-148.73781;21.62297;       0.14461;3.41828;2
-148.71094;21.62565;       0.14460;3.41830;2
-148.68412;21.62832;       0.14463;3.41831;2
-148.65735;21.63100;       0.14466;3.41833;2
-148.63052;21.63367;       0.14473;3.41834;2
-148.60370;21.63635;       0.14474;3.41836;2
-148.57689;21.63902;       0.14476;3.41837;2
-148.55005;21.64170;       0.14479;3.41839;2
-148.52322;21.64437;       0.14479;3.41840;2
-148.49639;21.64705;       0.14480;3.41842;2
-148.46956;21.64972;       0.14481;3.41843;2
-148.44271;21.65240;       0.14482;3.41845;2
-148.41585;21.65507;       0.14484;3.41846;2
-148.38898;21.65775;       0.14487;3.41848;2
-148.36211;21.66042;       0.14489;3.41849;2
-148.33520;21.66310;       0.14492;3.41851;2
-148.30832;21.66577;       0.14497;3.41852;2
-148.28146;21.66845;       0.14504;3.41853;2
-148.25457;21.67113;       0.14511;3.41855;2
-148.22770;21.67380;       0.14518;3.41856;2
-148.20083;21.67648;       0.14522;3.41858;2
-148.17398;21.67915;       0.14525;3.41859;2
-148.14713;21.68183;       0.14527;3.41861;2
-148.12027;21.68450;       0.14529;3.41862;2
-148.09343;21.68718;       0.14531;3.41864;2
-148.06661;21.68985;       0.14538;3.41865;2
-148.03975;21.69253;       0.14545;3.41867;2
-148.01286;21.69520;       0.14551;3.41868;2
-147.98595;21.69788;       0.14558;3.41870;2
-147.95909;21.70055;       0.14564;3.41871;2
-147.93223;21.70323;       0.14566;3.41873;2
-147.90541;21.70590;       0.14566;3.41874;2
-147.87859;21.70858;       0.14567;3.41876;2
-147.85175;21.71125;       0.14571;3.41877;2
-147.82496;21.71393;       0.14577;3.41879;2
-147.79811;21.71660;       0.14584;3.41880;2
-147.77126;21.71928;       0.14586;3.41882;2
-147.74443;21.72195;       0.14589;3.41883;2
-147.71757;21.72463;       0.14595;3.41884;2
-147.69070;21.72730;       0.14603;3.41886;2
-147.66386;21.72998;       0.14610;3.41887;2
-147.63701;21.73265;       0.14617;3.41889;2
-147.61013;21.73533;       0.14623;3.41890;2
-147.58328;21.73800;       0.14629;3.41892;2
-147.55647;21.74068;       0.14637;3.41893;2
-147.52967;21.74335;       0.14644;3.41895;2
-147.50287;21.74603;       0.14650;3.41896;2
-147.47604;21.74870;       0.14658;3.41898;2
-147.44922;21.75138;       0.14666;3.41899;2
-147.42244;21.75405;       0.14675;3.41901;2
-147.39566;21.75673;       0.14684;3.41902;2
-147.36882;21.75940;       0.14692;3.41904;2
-147.34199;21.76208;       0.14700;3.41905;2
-147.31519;21.76475;       0.14712;3.41906;2
-147.28832;21.76743;       0.14723;3.41908;2
-147.26145;21.77010;       0.14729;3.41909;2
-147.23458;21.77278;       0.14734;3.41911;2
-147.20769;21.77545;       0.14742;3.41912;2
-147.18082;21.77813;       0.14749;3.41914;2
-147.15400;21.78081;       0.14754;3.41915;2
-147.12721;21.78348;       0.14759;3.41917;2
-147.10037;21.78616;       0.14767;3.41918;2
-147.07353;21.78883;       0.14776;3.41920;2
-147.04674;21.79151;       0.14787;3.41921;2
-147.01993;21.79418;       0.14803;3.41923;2
-146.99307;21.79686;       0.14821;3.41924;2
-146.96625;21.79953;       0.14834;3.41925;2
-146.93948;21.80221;       0.14840;3.41927;2
-146.91270;21.80488;       0.14843;3.41928;2
-146.88588;21.80756;       0.14846;3.41930;2
-146.85903;21.81023;       0.14855;3.41931;2
-146.83225;21.81291;       0.14863;3.41933;2
-146.80546;21.81558;       0.14868;3.41934;2
-146.77862;21.81826;       0.14870;3.41936;2
-146.75176;21.82093;       0.14871;3.41937;2
-146.72489;21.82361;       0.14872;3.41939;2
-146.69802;21.82628;       0.14877;3.41940;2
-146.67119;21.82896;       0.14884;3.41941;2
-146.64436;21.83163;       0.14891;3.41943;2
-146.61751;21.83431;       0.14896;3.41944;2
-146.59069;21.83698;       0.14902;3.41946;2
-146.56387;21.83966;       0.14906;3.41947;2
-146.53705;21.84233;       0.14910;3.41949;2
-146.51024;21.84501;       0.14915;3.41950;2
-146.48341;21.84768;       0.14920;3.41952;2
-146.45660;21.85036;       0.14925;3.41953;2
-146.42979;21.85303;       0.14929;3.41954;2
-146.40301;21.85571;       0.14932;3.41956;2
-146.37624;21.85838;       0.14934;3.41957;2
-146.34948;21.86106;       0.14936;3.41959;2
-146.32274;21.86373;       0.14938;3.41960;2
-146.29599;21.86641;       0.14941;3.41962;2
-146.26924;21.86908;       0.14943;3.41963;2
-146.24250;21.87176;       0.14947;3.41965;2
-146.21573;21.87443;       0.14953;3.41966;2
-146.18893;21.87711;       0.14956;3.41967;2
-146.16217;21.87978;       0.14962;3.41969;2
-146.13542;21.88246;       0.14969;3.41970;2
-146.10867;21.88513;       0.14974;3.41972;2
-146.08194;21.88781;       0.14978;3.41973;2
-146.05520;21.89048;       0.14979;3.41975;2
-146.02848;21.89316;       0.14979;3.41976;2
-146.00175;21.89584;       0.14978;3.41978;2
-145.97503;21.89851;       0.14979;3.41979;2
-145.94834;21.90119;       0.14983;3.41980;2
-145.92162;21.90386;       0.14991;3.41982;2
-145.89486;21.90654;       0.14998;3.41983;2
-145.86805;21.90921;       0.15004;3.41985;2
-145.84124;21.91189;       0.15011;3.41986;2
-145.81442;21.91456;       0.15016;3.41988;2
-145.78761;21.91724;       0.15017;3.41989;2
-145.76082;21.91991;       0.15023;3.41990;2
-145.73403;21.92259;       0.15028;3.41992;2
-145.70723;21.92526;       0.15030;3.41993;2
-145.68045;21.92794;       0.15031;3.41995;2
-145.65368;21.93061;       0.15032;3.41996;2
-145.62690;21.93329;       0.15037;3.41998;2
-145.60015;21.93596;       0.15041;3.41999;2
-145.57341;21.93864;       0.15043;3.42000;2
-145.54663;21.94131;       0.15044;3.42002;2
-145.51978;21.94399;       0.15048;3.42003;2
-145.49296;21.94666;       0.15051;3.42005;2
-145.46613;21.94934;       0.15050;3.42006;2
-145.43931;21.95201;       0.15050;3.42008;2
-145.41250;21.95469;       0.15051;3.42009;2
-145.38565;21.95736;       0.15052;3.42011;2
-145.35886;21.96004;       0.15055;3.42012;2
-145.33211;21.96271;       0.15057;3.42013;2
-145.30534;21.96539;       0.15060;3.42015;2
-145.27854;21.96806;       0.15067;3.42016;2
-145.25177;21.97074;       0.15076;3.42018;2
-145.22500;21.97341;       0.15081;3.42019;2
-145.19823;21.97609;       0.15086;3.42021;2
-145.17147;21.97876;       0.15091;3.42022;2
-145.14472;21.98144;       0.15094;3.42023;2
-145.11797;21.98411;       0.15096;3.42025;2
-145.09119;21.98679;       0.15097;3.42026;2
-145.06446;21.98946;       0.15099;3.42028;2
-145.03773;21.99214;       0.15103;3.42029;2
-145.01093;21.99481;       0.15108;3.42030;2
-144.98412;21.99749;       0.15114;3.42032;2
-144.95735;22.00016;       0.15118;3.42033;2
-144.93058;22.00284;       0.15118;3.42035;2
-144.90378;22.00551;       0.15119;3.42036;2
-144.87696;22.00819;       0.15121;3.42038;2
-144.85017;22.01087;       0.15123;3.42039;2
-144.82339;22.01354;       0.15126;3.42040;2
-144.79661;22.01622;       0.15130;3.42042;2
-144.76983;22.01889;       0.15135;3.42043;2
-144.74303;22.02157;       0.15139;3.42045;2
-144.71626;22.02424;       0.15145;3.42046;2
-144.68947;22.02692;       0.15151;3.42048;2
-144.66269;22.02959;       0.15154;3.42049;2
-144.63590;22.03227;       0.15155;3.42050;2
-144.60912;22.03494;       0.15156;3.42052;2
-144.58236;22.03762;       0.15157;3.42053;2
-144.55560;22.04029;       0.15160;3.42055;2
-144.52887;22.04297;       0.15164;3.42056;2
-144.50211;22.04564;       0.15168;3.42057;2
-144.47534;22.04832;       0.15171;3.42059;2
-144.44856;22.05099;       0.15173;3.42060;2
-144.42176;22.05367;       0.15175;3.42062;2
-144.39499;22.05634;       0.15178;3.42063;2
-144.36821;22.05902;       0.15182;3.42065;2
-144.34141;22.06169;       0.15187;3.42066;2
-144.31463;22.06437;       0.15190;3.42067;2
-144.28783;22.06704;       0.15192;3.42069;2
-144.26106;22.06972;       0.15195;3.42070;2
-144.23431;22.07239;       0.15199;3.42072;2
-144.20752;22.07507;       0.15203;3.42073;2
-144.18072;22.07774;       0.15204;3.42074;2
-144.15398;22.08042;       0.15207;3.42076;2
-144.12722;22.08309;       0.15211;3.42077;2
-144.10044;22.08577;       0.15217;3.42079;2
-144.07365;22.08844;       0.15223;3.42080;2
-144.04688;22.09112;       0.15227;3.42081;2
-144.02010;22.09379;       0.15231;3.42083;2
-143.99329;22.09647;       0.15237;3.42084;2
-143.96648;22.09914;       0.15242;3.42086;2
-143.93969;22.10182;       0.15248;3.42087;2
-143.91290;22.10449;       0.15254;3.42089;2
-143.88613;22.10717;       0.15259;3.42090;2
-143.85939;22.10984;       0.15268;3.42091;2
-143.83265;22.11252;       0.15273;3.42093;2
-143.80590;22.11519;       0.15280;3.42094;2
-143.77916;22.11787;       0.15290;3.42096;2
-143.75241;22.12054;       0.15301;3.42097;2
-143.72564;22.12322;       0.15315;3.42098;2
-143.69887;22.12590;       0.15329;3.42100;2
-143.67210;22.12857;       0.15339;3.42101;2
-143.64532;22.13125;       0.15346;3.42103;2
-143.61856;22.13392;       0.15354;3.42104;2
-143.59178;22.13660;       0.15362;3.42105;2
-143.56497;22.13927;       0.15368;3.42107;2
-143.53816;22.14195;       0.15374;3.42108;2
-143.51137;22.14462;       0.15382;3.42110;2
-143.48458;22.14730;       0.15391;3.42111;2
-143.45779;22.14997;       0.15398;3.42112;2
-143.43105;22.15265;       0.15403;3.42114;2
-143.40433;22.15532;       0.15408;3.42115;2
-143.37758;22.15800;       0.15416;3.42117;2
-143.35083;22.16067;       0.15423;3.42118;2
-143.32405;22.16335;       0.15428;3.42119;2
-143.29725;22.16602;       0.15434;3.42121;2
-143.27049;22.16870;       0.15439;3.42122;2
-143.24374;22.17137;       0.15442;3.42123;2
-143.21698;22.17405;       0.15448;3.42125;2
-143.19022;22.17672;       0.15453;3.42126;2
-143.16347;22.17940;       0.15457;3.42128;2
-143.13672;22.18207;       0.15462;3.42129;2
-143.10993;22.18475;       0.15467;3.42131;2
-143.08313;22.18742;       0.15470;3.42132;2
-143.05635;22.19010;       0.15475;3.42133;2
-143.02955;22.19277;       0.15479;3.42135;2
-143.00275;22.19545;       0.15487;3.42136;2
-142.97593;22.19812;       0.15495;3.42137;2
-142.94912;22.20080;       0.15499;3.42139;2
-142.92232;22.20347;       0.15502;3.42140;2
-142.89551;22.20615;       0.15507;3.42142;2
-142.86870;22.20882;       0.15516;3.42143;2
-142.84191;22.21150;       0.15525;3.42144;2
-142.81514;22.21417;       0.15531;3.42146;2
-142.78834;22.21685;       0.15538;3.42147;2
-142.76152;22.21952;       0.15543;3.42149;2
-142.73474;22.22220;       0.15549;3.42150;2
-142.70798;22.22487;       0.15560;3.42151;2
-142.68121;22.22755;       0.15574;3.42153;2
-142.65442;22.23022;       0.15582;3.42154;2
-142.62766;22.23290;       0.15588;3.42156;2
-142.60092;22.23557;       0.15591;3.42157;2
-142.57415;22.23825;       0.15591;3.42158;2
-142.54738;22.24093;       0.15594;3.42160;2
-142.52060;22.24360;       0.15597;3.42161;2
-142.49381;22.24628;       0.15605;3.42162;2
-142.46700;22.24895;       0.15613;3.42164;2
-142.44020;22.25163;       0.15617;3.42165;2
-142.41346;22.25430;       0.15620;3.42167;2
-142.38676;22.25698;       0.15625;3.42168;2
-142.35998;22.25965;       0.15632;3.42169;2
-142.33318;22.26233;       0.15639;3.42171;2
-142.30640;22.26500;       0.15646;3.42172;2
-142.27961;22.26768;       0.15651;3.42174;2
-142.25284;22.27035;       0.15656;3.42175;2
-142.22604;22.27303;       0.15655;3.42176;2
-142.19921;22.27570;       0.15653;3.42178;2
-142.17240;22.27838;       0.15654;3.42179;2
-142.14563;22.28105;       0.15656;3.42180;2
-142.11880;22.28373;       0.15661;3.42182;2
-142.09200;22.28640;       0.15666;3.42183;2
-142.06518;22.28908;       0.15669;3.42185;2
-142.03833;22.29175;       0.15674;3.42186;2
-142.01148;22.29443;       0.15679;3.42187;2
-141.98468;22.29710;       0.15684;3.42189;2
-141.95789;22.29978;       0.15688;3.42190;2
-141.93109;22.30245;       0.15694;3.42191;2
-141.90431;22.30513;       0.15700;3.42193;2
-141.87750;22.30780;       0.15705;3.42194;2
-141.85066;22.31048;       0.15711;3.42196;2
-141.82382;22.31315;       0.15715;3.42197;2
-141.79699;22.31583;       0.15718;3.42198;2
-141.77018;22.31850;       0.15719;3.42200;2
-141.74337;22.32118;       0.15720;3.42201;2
-141.71654;22.32385;       0.15722;3.42202;2
-141.68976;22.32653;       0.15725;3.42204;2
-141.66295;22.32920;       0.15728;3.42205;2
-141.63612;22.33188;       0.15732;3.42207;2
-141.60933;22.33455;       0.15736;3.42208;2
-141.58253;22.33723;       0.15740;3.42209;2
-141.55571;22.33990;       0.15742;3.42211;2
-141.52894;22.34258;       0.15742;3.42212;2
-141.50217;22.34525;       0.15744;3.42213;2
-141.47539;22.34793;       0.15746;3.42215;2
-141.44863;22.35060;       0.15749;3.42216;2
-141.42186;22.35328;       0.15751;3.42218;2
-141.39505;22.35596;       0.15754;3.42219;2
-141.36826;22.35863;       0.15758;3.42220;2
-141.34149;22.36131;       0.15761;3.42222;2
-141.31470;22.36398;       0.15764;3.42223;2
-141.28790;22.36666;       0.15767;3.42224;2
-141.26110;22.36933;       0.15773;3.42226;2
-141.23431;22.37201;       0.15778;3.42227;2
-141.20752;22.37468;       0.15783;3.42228;2
-141.18073;22.37736;       0.15789;3.42230;2
-141.15398;22.38003;       0.15793;3.42231;2
-141.12723;22.38271;       0.15798;3.42233;2
-141.10046;22.38538;       0.15801;3.42234;2
-141.07369;22.38806;       0.15800;3.42235;2
-141.04693;22.39073;       0.15799;3.42237;2
-141.02019;22.39341;       0.15799;3.42238;2
-140.99343;22.39608;       0.15800;3.42239;2
-140.96668;22.39876;       0.15802;3.42241;2
-140.93995;22.40143;       0.15806;3.42242;2
-140.91325;22.40411;       0.15811;3.42243;2
-140.88654;22.40678;       0.15817;3.42245;2
-140.85982;22.40946;       0.15826;3.42246;2
-140.83311;22.41213;       0.15836;3.42248;2
-140.80640;22.41481;       0.15842;3.42249;2
-140.77968;22.41748;       0.15847;3.42250;2
-140.75300;22.42016;       0.15854;3.42252;2
-140.72630;22.42283;       0.15861;3.42253;2
-140.69957;22.42551;       0.15865;3.42254;2
-140.67282;22.42818;       0.15866;3.42256;2
-140.64609;22.43086;       0.15868;3.42257;2
-140.61940;22.43353;       0.15872;3.42258;2
-140.59268;22.43621;       0.15879;3.42260;2
-140.56593;22.43888;       0.15888;3.42261;2
-140.53919;22.44156;       0.15898;3.42262;2
-140.51244;22.44423;       0.15908;3.42264;2
-140.48568;22.44691;       0.15917;3.42265;2
-140.45892;22.44958;       0.15924;3.42266;2
-140.43220;22.45226;       0.15930;3.42268;2
-140.40547;22.45493;       0.15937;3.42269;2
-140.37869;22.45761;       0.15945;3.42271;2
-140.35190;22.46028;       0.15954;3.42272;2
-140.32516;22.46296;       0.15960;3.42273;2
-140.29841;22.46564;       0.15968;3.42275;2
-140.27165;22.46831;       0.15977;3.42276;2
-140.24487;22.47099;       0.15986;3.42277;2
-140.21811;22.47366;       0.15992;3.42279;2
-140.19137;22.47634;       0.15997;3.42280;2
-140.16465;22.47901;       0.16004;3.42281;2
-140.13792;22.48169;       0.16011;3.42283;2
-140.11119;22.48436;       0.16018;3.42284;2
-140.08447;22.48704;       0.16025;3.42285;2
-140.05770;22.48971;       0.16033;3.42287;2
-140.03096;22.49239;       0.16040;3.42288;2
-140.00427;22.49506;       0.16045;3.42289;2
-139.97754;22.49774;       0.16049;3.42291;2
-139.95079;22.50041;       0.16054;3.42292;2
-139.92405;22.50309;       0.16057;3.42293;2
-139.89732;22.50576;       0.16059;3.42295;2
-139.87056;22.50844;       0.16061;3.42296;2
-139.84382;22.51111;       0.16063;3.42297;2
-139.81712;22.51379;       0.16068;3.42299;2
-139.79035;22.51646;       0.16073;3.42300;2
-139.76360;22.51914;       0.16079;3.42301;2
-139.73686;22.52181;       0.16084;3.42303;2
-139.71010;22.52449;       0.16088;3.42304;2
-139.68333;22.52716;       0.16090;3.42305;2
-139.65652;22.52984;       0.16090;3.42307;2
-139.62977;22.53251;       0.16093;3.42308;2
-139.60305;22.53519;       0.16096;3.42309;2
-139.57630;22.53786;       0.16099;3.42311;2
-139.54956;22.54054;       0.16105;3.42312;2
-139.52281;22.54321;       0.16108;3.42314;2
-139.49604;22.54589;       0.16111;3.42315;2
-139.46926;22.54856;       0.16114;3.42316;2
-139.44250;22.55124;       0.16119;3.42318;2
-139.41571;22.55391;       0.16125;3.42319;2
-139.38890;22.55659;       0.16132;3.42320;2
-139.36210;22.55926;       0.16137;3.42322;2
-139.33529;22.56194;       0.16142;3.42323;2
-139.30848;22.56461;       0.16147;3.42324;2
-139.28165;22.56729;       0.16152;3.42326;2
-139.25481;22.56996;       0.16157;3.42327;2
-139.22800;22.57264;       0.16161;3.42328;2
-139.20119;22.57531;       0.16165;3.42330;2
-139.17435;22.57799;       0.16169;3.42331;2
-139.14751;22.58067;       0.16169;3.42332;2
-139.12065;22.58334;       0.16171;3.42334;2
-139.09377;22.58602;       0.16176;3.42335;2
-139.06690;22.58869;       0.16181;3.42336;2
-139.04005;22.59137;       0.16183;3.42338;2
-139.01321;22.59404;       0.16186;3.42339;2
-138.98638;22.59672;       0.16190;3.42340;2
-138.95952;22.59939;       0.16194;3.42342;2
-138.93267;22.60207;       0.16196;3.42343;2
-138.90585;22.60474;       0.16200;3.42344;2
-138.87902;22.60742;       0.16201;3.42346;2
-138.85218;22.61009;       0.16198;3.42347;2
-138.82534;22.61277;       0.16197;3.42348;2
-138.79847;22.61544;       0.16198;3.42350;2
-138.77157;22.61812;       0.16201;3.42351;2
-138.74468;22.62079;       0.16205;3.42352;2
-138.71780;22.62347;       0.16209;3.42354;2
-138.69092;22.62614;       0.16212;3.42355;2
-138.66406;22.62882;       0.16214;3.42356;2
-138.63723;22.63149;       0.16219;3.42358;2
-138.61039;22.63417;       0.16227;3.42359;2
-138.58353;22.63684;       0.16234;3.42360;2
-138.55669;22.63952;       0.16240;3.42362;2
-138.52985;22.64219;       0.16246;3.42363;2
-138.50302;22.64487;       0.16248;3.42364;2
-138.47619;22.64754;       0.16245;3.42366;2
-138.44937;22.65022;       0.16245;3.42367;2
-138.42254;22.65289;       0.16253;3.42368;2
-138.39571;22.65557;       0.16264;3.42369;2
-138.36887;22.65824;       0.16272;3.42371;2
-138.34206;22.66092;       0.16276;3.42372;2
-138.31526;22.66359;       0.16283;3.42373;2
-138.28839;22.66627;       0.16289;3.42375;2
-138.26156;22.66894;       0.16297;3.42376;2
-138.23477;22.67162;       0.16305;3.42377;2
-138.20797;22.67429;       0.16310;3.42379;2
-138.18116;22.67697;       0.16315;3.42380;2
-138.15433;22.67964;       0.16318;3.42381;2
-138.12751;22.68232;       0.16322;3.42383;2
-138.10071;22.68499;       0.16328;3.42384;2
-138.07392;22.68767;       0.16334;3.42385;2
-138.04712;22.69034;       0.16339;3.42387;2
-138.02036;22.69302;       0.16343;3.42388;2
-137.99357;22.69570;       0.16348;3.42389;2
-137.96678;22.69837;       0.16354;3.42391;2
-137.94003;22.70105;       0.16362;3.42392;2
-137.91324;22.70372;       0.16377;3.42393;2
-137.88646;22.70640;       0.16388;3.42395;2
-137.85970;22.70907;       0.16399;3.42396;2
-137.83293;22.71175;       0.16410;3.42397;2
-137.80612;22.71442;       0.16420;3.42398;2
-137.77932;22.71710;       0.16431;3.42400;2
-137.75259;22.71977;       0.16439;3.42401;2
-137.72586;22.72245;       0.16446;3.42402;2
-137.69911;22.72512;       0.16453;3.42404;2
-137.67236;22.72780;       0.16461;3.42405;2
-137.64563;22.73047;       0.16470;3.42406;2
-137.61891;22.73315;       0.16479;3.42408;2
-137.59215;22.73582;       0.16486;3.42409;2
-137.56537;22.73850;       0.16490;3.42410;2
-137.53861;22.74117;       0.16497;3.42412;2
-137.51186;22.74385;       0.16504;3.42413;2
-137.48513;22.74652;       0.16509;3.42414;2
-137.45841;22.74920;       0.16508;3.42415;2
-137.43167;22.75187;       0.16507;3.42417;2
-137.40493;22.75455;       0.16508;3.42418;2
-137.37824;22.75722;       0.16510;3.42419;2
-137.35155;22.75990;       0.16515;3.42421;2
-137.32484;22.76257;       0.16521;3.42422;2
-137.29810;22.76525;       0.16523;3.42423;2
-137.27136;22.76792;       0.16525;3.42425;2
-137.24465;22.77060;       0.16533;3.42426;2
-137.21797;22.77327;       0.16539;3.42427;2
-137.19123;22.77595;       0.16546;3.42428;2
-137.16450;22.77862;       0.16554;3.42430;2
-137.13781;22.78130;       0.16562;3.42431;2
-137.11112;22.78397;       0.16570;3.42432;2
-137.08446;22.78665;       0.16578;3.42434;2
-137.05779;22.78932;       0.16586;3.42435;2
-137.03110;22.79200;       0.16596;3.42436;2
-137.00443;22.79467;       0.16604;3.42438;2
-136.97778;22.79735;       0.16609;3.42439;2
-136.95111;22.80002;       0.16612;3.42440;2
-136.92444;22.80270;       0.16614;3.42441;2
-136.89774;22.80537;       0.16618;3.42443;2
-136.87102;22.80805;       0.16622;3.42444;2
-136.84431;22.81073;       0.16626;3.42445;2
-136.81760;22.81340;       0.16630;3.42447;2
-136.79091;22.81608;       0.16632;3.42448;2
-136.76424;22.81875;       0.16635;3.42449;2
-136.73757;22.82143;       0.16637;3.42450;2
-136.71090;22.82410;       0.16638;3.42452;2
-136.68421;22.82678;       0.16639;3.42453;2
-136.65755;22.82945;       0.16641;3.42454;2
-136.63087;22.83213;       0.16644;3.42456;2
-136.60416;22.83480;       0.16646;3.42457;2
-136.57748;22.83748;       0.16648;3.42458;2
-136.55080;22.84015;       0.16649;3.42459;2
-136.52411;22.84283;       0.16651;3.42461;2
-136.49742;22.84550;       0.16655;3.42462;2
-136.47072;22.84818;       0.16660;3.42463;2
-136.44401;22.85085;       0.16667;3.42465;2
-136.41732;22.85353;       0.16673;3.42466;2
-136.39061;22.85620;       0.16680;3.42467;2
-136.36391;22.85888;       0.16689;3.42468;2
-136.33720;22.86155;       0.16696;3.42470;2
-136.31047;22.86423;       0.16702;3.42471;2
-136.28376;22.86690;       0.16704;3.42472;2
-136.25711;22.86958;       0.16708;3.42474;2
-136.23040;22.87225;       0.16713;3.42475;2
-136.20364;22.87493;       0.16718;3.42476;2
-136.17694;22.87760;       0.16725;3.42477;2
-136.15023;22.88028;       0.16731;3.42479;2
-136.12354;22.88295;       0.16736;3.42480;2
-136.09685;22.88563;       0.16739;3.42481;2
-136.07014;22.88830;       0.16742;3.42483;2
-136.04342;22.89098;       0.16745;3.42484;2
-136.01673;22.89365;       0.16745;3.42485;2
-135.98999;22.89633;       0.16744;3.42486;2
-135.96325;22.89900;       0.16745;3.42488;2
-135.93653;22.90168;       0.16746;3.42489;2
-135.90978;22.90435;       0.16747;3.42490;2
-135.88305;22.90703;       0.16752;3.42492;2
-135.85630;22.90970;       0.16755;3.42493;2
-135.82956;22.91238;       0.16758;3.42494;2
-135.80280;22.91505;       0.16761;3.42495;2
-135.77605;22.91773;       0.16762;3.42497;2
-135.74933;22.92040;       0.16764;3.42498;2
-135.72258;22.92308;       0.16767;3.42499;2
-135.69585;22.92576;       0.16772;3.42501;2
-135.66912;22.92843;       0.16777;3.42502;2
-135.64236;22.93111;       0.16782;3.42503;2
-135.61561;22.93378;       0.16787;3.42504;2
-135.58887;22.93646;       0.16792;3.42506;2
-135.56213;22.93913;       0.16799;3.42507;2
-135.53542;22.94181;       0.16805;3.42508;2
-135.50869;22.94448;       0.16808;3.42509;2
-135.48192;22.94716;       0.16811;3.42511;2
-135.45517;22.94983;       0.16817;3.42512;2
-135.42842;22.95251;       0.16817;3.42513;2
-135.40169;22.95518;       0.16813;3.42515;2
-135.37496;22.95786;       0.16814;3.42516;2
-135.34815;22.96053;       0.16819;3.42517;2
-135.32139;22.96321;       0.16824;3.42518;2
-135.29463;22.96588;       0.16828;3.42520;2
-135.26788;22.96856;       0.16834;3.42521;2
-135.24115;22.97123;       0.16844;3.42522;2
-135.21440;22.97391;       0.16852;3.42523;2
-135.18764;22.97658;       0.16856;3.42525;2
-135.16093;22.97926;       0.16861;3.42526;2
-135.13421;22.98193;       0.16868;3.42527;2
-135.10744;22.98461;       0.16876;3.42529;2
-135.08068;22.98728;       0.16885;3.42530;2
-135.05388;22.98996;       0.16893;3.42531;2
-135.02710;22.99263;       0.16900;3.42532;2
-135.00034;22.99531;       0.16908;3.42534;2
-134.97357;22.99798;       0.16917;3.42535;2
-134.94677;23.00066;       0.16923;3.42536;2
-134.91996;23.00333;       0.16931;3.42537;2
-134.89320;23.00601;       0.16935;3.42539;2
-134.86643;23.00868;       0.16938;3.42540;2
-134.83964;23.01136;       0.16941;3.42541;2
-134.81284;23.01403;       0.16939;3.42542;2
-134.78606;23.01671;       0.16936;3.42544;2
-134.75928;23.01938;       0.16936;3.42545;2
-134.73250;23.02206;       0.16936;3.42546;2
-134.70573;23.02473;       0.16938;3.42547;2
-134.67897;23.02741;       0.16945;3.42549;2
-134.65220;23.03008;       0.16955;3.42550;2
-134.62539;23.03276;       0.16965;3.42551;2
-134.59864;23.03544;       0.16973;3.42553;2
-134.57193;23.03811;       0.16980;3.42554;2
-134.54515;23.04079;       0.16983;3.42555;2
-134.51837;23.04346;       0.16987;3.42556;2
-134.49158;23.04614;       0.16990;3.42558;2
-134.46480;23.04881;       0.16995;3.42559;2
-134.43802;23.05149;       0.17002;3.42560;2
-134.41121;23.05416;       0.17009;3.42561;2
-134.38441;23.05684;       0.17017;3.42563;2
-134.35760;23.05951;       0.17024;3.42564;2
-134.33079;23.06219;       0.17031;3.42565;2
-134.30399;23.06486;       0.17039;3.42566;2
-134.27716;23.06754;       0.17046;3.42568;2
-134.25039;23.07021;       0.17054;3.42569;2
-134.22361;23.07289;       0.17059;3.42570;2
-134.19686;23.07556;       0.17063;3.42571;2
-134.17012;23.07824;       0.17069;3.42573;2
-134.14331;23.08091;       0.17072;3.42574;2
-134.11654;23.08359;       0.17076;3.42575;2
-134.08975;23.08626;       0.17078;3.42576;2
-134.06294;23.08894;       0.17083;3.42578;2
-134.03615;23.09161;       0.17091;3.42579;2
-134.00938;23.09429;       0.17096;3.42580;2
-133.98256;23.09696;       0.17103;3.42581;2
-133.95580;23.09964;       0.17110;3.42583;2
-133.92906;23.10231;       0.17118;3.42584;2
-133.90229;23.10499;       0.17126;3.42585;2
-133.87553;23.10766;       0.17134;3.42586;2
-133.84876;23.11034;       0.17140;3.42588;2
-133.82198;23.11301;       0.17141;3.42589;2
-133.79517;23.11569;       0.17140;3.42590;2
-133.76837;23.11836;       0.17143;3.42591;2
-133.74162;23.12104;       0.17147;3.42593;2
-133.71483;23.12371;       0.17149;3.42594;2
-133.68803;23.12639;       0.17152;3.42595;2
-133.66122;23.12906;       0.17160;3.42596;2
-133.63442;23.13174;       0.17169;3.42598;2
-133.60765;23.13441;       0.17175;3.42599;2
-133.58087;23.13709;       0.17181;3.42600;2
-133.55408;23.13976;       0.17188;3.42601;2
-133.52730;23.14244;       0.17194;3.42603;2
-133.50050;23.14511;       0.17199;3.42604;2
-133.47367;23.14779;       0.17206;3.42605;2
-133.44686;23.15047;       0.17212;3.42606;2
-133.42004;23.15314;       0.17217;3.42608;2
-133.39323;23.15582;       0.17223;3.42609;2
-133.36642;23.15849;       0.17230;3.42610;2
-133.33962;23.16117;       0.17236;3.42611;2
-133.31282;23.16384;       0.17244;3.42613;2
-133.28605;23.16652;       0.17251;3.42614;2
-133.25927;23.16919;       0.17254;3.42615;2
-133.23247;23.17187;       0.17257;3.42616;2
-133.20568;23.17454;       0.17262;3.42618;2
-133.17891;23.17722;       0.17267;3.42619;2
-133.15212;23.17989;       0.17270;3.42620;2
-133.12533;23.18257;       0.17274;3.42621;2
-133.09855;23.18524;       0.17281;3.42623;2
-133.07178;23.18792;       0.17289;3.42624;2
-133.04502;23.19059;       0.17298;3.42625;2
-133.01825;23.19327;       0.17305;3.42626;2
-132.99149;23.19594;       0.17311;3.42628;2
-132.96471;23.19862;       0.17318;3.42629;2
-132.93793;23.20129;       0.17324;3.42630;2
-132.91120;23.20397;       0.17331;3.42631;2
-132.88446;23.20664;       0.17338;3.42632;2
-132.85770;23.20932;       0.17349;3.42634;2
-132.83097;23.21199;       0.17360;3.42635;2
-132.80427;23.21467;       0.17367;3.42636;2
-132.77752;23.21734;       0.17370;3.42637;2
-132.75076;23.22002;       0.17375;3.42639;2
-132.72400;23.22269;       0.17381;3.42640;2
-132.69725;23.22537;       0.17389;3.42641;2
-132.67052;23.22804;       0.17398;3.42642;2
-132.64376;23.23072;       0.17405;3.42644;2
-132.61696;23.23339;       0.17409;3.42645;2
-132.59022;23.23607;       0.17412;3.42646;2
-132.56346;23.23874;       0.17415;3.42647;2
-132.53664;23.24142;       0.17419;3.42648;2
-132.50987;23.24409;       0.17423;3.42650;2
-132.48312;23.24677;       0.17429;3.42651;2
-132.45640;23.24944;       0.17436;3.42652;2
-132.42967;23.25212;       0.17443;3.42653;2
-132.40292;23.25479;       0.17451;3.42655;2
-132.37622;23.25747;       0.17459;3.42656;2
-132.34954;23.26014;       0.17467;3.42657;2
-132.32287;23.26282;       0.17474;3.42658;2
-132.29619;23.26550;       0.17479;3.42660;2
-132.26952;23.26817;       0.17482;3.42661;2
-132.24288;23.27085;       0.17485;3.42662;2
-132.21614;23.27352;       0.17488;3.42663;2
-132.18937;23.27620;       0.17489;3.42664;2
-132.16263;23.27887;       0.17488;3.42666;2
-132.13590;23.28155;       0.17489;3.42667;2
-132.10916;23.28422;       0.17495;3.42668;2
-132.08244;23.28690;       0.17500;3.42669;2
-132.05571;23.28957;       0.17504;3.42670;2
-132.02898;23.29225;       0.17509;3.42672;2
-132.00225;23.29492;       0.17516;3.42673;2
-131.97551;23.29760;       0.17523;3.42674;2
-131.94877;23.30027;       0.17533;3.42675;2
-131.92201;23.30295;       0.17542;3.42677;2
-131.89525;23.30562;       0.17550;3.42678;2
-131.86850;23.30830;       0.17559;3.42679;2
-131.84174;23.31097;       0.17567;3.42680;2
-131.81501;23.31365;       0.17575;3.42681;2
-131.78825;23.31632;       0.17580;3.42683;2
-131.76151;23.31900;       0.17589;3.42684;2
-131.73480;23.32167;       0.17600;3.42685;2
-131.70808;23.32435;       0.17606;3.42686;2
-131.68133;23.32702;       0.17610;3.42688;2
-131.65458;23.32970;       0.17613;3.42689;2
-131.62783;23.33237;       0.17617;3.42690;2
-131.60109;23.33505;       0.17623;3.42691;2
-131.57438;23.33772;       0.17629;3.42692;2
-131.54768;23.34040;       0.17637;3.42694;2
-131.52097;23.34307;       0.17641;3.42695;2
-131.49425;23.34575;       0.17645;3.42696;2
-131.46752;23.34842;       0.17650;3.42697;2
-131.44081;23.35110;       0.17655;3.42698;2
-131.41413;23.35377;       0.17657;3.42700;2
-131.38745;23.35645;       0.17659;3.42701;2
-131.36076;23.35912;       0.17661;3.42702;2
-131.33403;23.36180;       0.17664;3.42703;2
-131.30730;23.36447;       0.17666;3.42704;2
-131.28061;23.36715;       0.17668;3.42706;2
-131.25391;23.36982;       0.17669;3.42707;2
-131.22720;23.37250;       0.17670;3.42708;2
-131.20049;23.37517;       0.17675;3.42709;2
-131.17378;23.37785;       0.17679;3.42710;2
-131.14705;23.38053;       0.17683;3.42712;2
-131.12032;23.38320;       0.17688;3.42713;2
-131.09360;23.38588;       0.17693;3.42714;2
-131.06687;23.38855;       0.17696;3.42715;2
-131.04015;23.39123;       0.17699;3.42717;2
-131.01343;23.39390;       0.17701;3.42718;2
-130.98672;23.39658;       0.17704;3.42719;2
-130.96000;23.39925;       0.17708;3.42720;2
-130.93329;23.40193;       0.17713;3.42721;2
-130.90660;23.40460;       0.17717;3.42723;2
-130.87987;23.40728;       0.17720;3.42724;2
-130.85316;23.40995;       0.17722;3.42725;2
-130.82646;23.41263;       0.17724;3.42726;2
-130.79970;23.41530;       0.17729;3.42727;2
-130.77292;23.41798;       0.17733;3.42729;2
-130.74622;23.42065;       0.17735;3.42730;2
-130.71950;23.42333;       0.17736;3.42731;2
-130.69278;23.42600;       0.17738;3.42732;2
-130.66607;23.42868;       0.17739;3.42733;2
-130.63933;23.43135;       0.17742;3.42735;2
-130.61255;23.43403;       0.17746;3.42736;2
-130.58586;23.43670;       0.17749;3.42737;2
-130.55913;23.43938;       0.17753;3.42738;2
-130.53235;23.44205;       0.17755;3.42739;2
-130.50560;23.44473;       0.17758;3.42740;2
-130.47885;23.44740;       0.17764;3.42742;2
-130.45207;23.45008;       0.17768;3.42743;2
-130.42530;23.45275;       0.17771;3.42744;2
-130.39854;23.45543;       0.17774;3.42745;2
-130.37176;23.45810;       0.17777;3.42746;2
-130.34499;23.46078;       0.17780;3.42748;2
-130.31818;23.46345;       0.17785;3.42749;2
-130.29138;23.46613;       0.17790;3.42750;2
-130.26460;23.46880;       0.17795;3.42751;2
-130.23781;23.47148;       0.17800;3.42752;2
-130.21101;23.47415;       0.17803;3.42754;2
-130.18426;23.47683;       0.17808;3.42755;2
-130.15750;23.47950;       0.17813;3.42756;2
-130.13072;23.48218;       0.17819;3.42757;2
-130.10397;23.48485;       0.17826;3.42758;2
-130.07724;23.48753;       0.17831;3.42760;2
-130.05050;23.49020;       0.17836;3.42761;2
-130.02373;23.49288;       0.17840;3.42762;2
-129.99696;23.49556;       0.17846;3.42763;2
-129.97020;23.49823;       0.17850;3.42764;2
-129.94341;23.50091;       0.17853;3.42766;2
-129.91665;23.50358;       0.17858;3.42767;2
-129.88988;23.50626;       0.17863;3.42768;2
-129.86310;23.50893;       0.17867;3.42769;2
-129.83632;23.51161;       0.17870;3.42770;2
-129.80956;23.51428;       0.17874;3.42772;2
-129.78280;23.51696;       0.17879;3.42773;2
-129.75606;23.51963;       0.17884;3.42774;2
-129.72933;23.52231;       0.17890;3.42775;2
-129.70259;23.52498;       0.17897;3.42776;2
-129.67581;23.52766;       0.17903;3.42777;2
-129.64905;23.53033;       0.17907;3.42779;2
-129.62232;23.53301;       0.17913;3.42780;2
-129.59558;23.53568;       0.17921;3.42781;2
-129.56880;23.53836;       0.17927;3.42782;2
-129.54201;23.54103;       0.17932;3.42783;2
-129.51521;23.54371;       0.17936;3.42785;2
-129.48843;23.54638;       0.17938;3.42786;2
-129.46165;23.54906;       0.17940;3.42787;2
-129.43487;23.55173;       0.17939;3.42788;2
-129.40811;23.55441;       0.17940;3.42789;2
-129.38132;23.55708;       0.17950;3.42790;2
-129.35453;23.55976;       0.17965;3.42792;2
-129.32777;23.56243;       0.17973;3.42793;2
-129.30100;23.56511;       0.17973;3.42794;2
-129.27423;23.56778;       0.17973;3.42795;2
-129.24746;23.57046;       0.17975;3.42796;2
-129.22068;23.57313;       0.17980;3.42798;2
-129.19392;23.57581;       0.17984;3.42799;2
-129.16715;23.57848;       0.17988;3.42800;2
-129.14034;23.58116;       0.17993;3.42801;2
-129.11354;23.58383;       0.17998;3.42802;2
-129.08676;23.58651;       0.18004;3.42803;2
-129.06001;23.58918;       0.18010;3.42805;2
-129.03323;23.59186;       0.18015;3.42806;2
-129.00643;23.59453;       0.18018;3.42807;2
-128.97963;23.59721;       0.18022;3.42808;2
-128.95283;23.59988;       0.18025;3.42809;2
-128.92606;23.60256;       0.18031;3.42810;2
-128.89929;23.60523;       0.18038;3.42812;2
-128.87250;23.60791;       0.18045;3.42813;2
-128.84570;23.61059;       0.18052;3.42814;2
-128.81886;23.61326;       0.18057;3.42815;2
-128.79207;23.61594;       0.18062;3.42816;2
-128.76534;23.61861;       0.18068;3.42817;2
-128.73859;23.62129;       0.18075;3.42819;2
-128.71181;23.62396;       0.18081;3.42820;2
-128.68503;23.62664;       0.18085;3.42821;2
-128.65826;23.62931;       0.18089;3.42822;2
-128.63148;23.63199;       0.18095;3.42823;2
-128.60469;23.63466;       0.18101;3.42824;2
-128.57793;23.63734;       0.18108;3.42826;2
-128.55116;23.64001;       0.18114;3.42827;2
-128.52440;23.64269;       0.18119;3.42828;2
-128.49767;23.64536;       0.18125;3.42829;2
-128.47096;23.64804;       0.18132;3.42830;2
-128.44423;23.65071;       0.18139;3.42831;2
-128.41750;23.65339;       0.18145;3.42833;2
-128.39072;23.65606;       0.18151;3.42834;2
-128.36395;23.65874;       0.18158;3.42835;2
-128.33721;23.66141;       0.18164;3.42836;2
-128.31043;23.66409;       0.18168;3.42837;2
-128.28364;23.66676;       0.18173;3.42838;2
-128.25687;23.66944;       0.18180;3.42840;2
-128.23009;23.67211;       0.18187;3.42841;2
-128.20330;23.67479;       0.18191;3.42842;2
-128.17652;23.67746;       0.18193;3.42843;2
-128.14973;23.68014;       0.18195;3.42844;2
-128.12296;23.68281;       0.18199;3.42845;2
-128.09621;23.68549;       0.18203;3.42847;2
-128.06944;23.68816;       0.18204;3.42848;2
-128.04265;23.69084;       0.18206;3.42849;2
-128.01583;23.69351;       0.18208;3.42850;2
-127.98907;23.69619;       0.18210;3.42851;2
-127.96229;23.69886;       0.18213;3.42852;2
-127.93549;23.70154;       0.18218;3.42854;2
-127.90874;23.70421;       0.18224;3.42855;2
-127.88196;23.70689;       0.18230;3.42856;2
-127.85521;23.70956;       0.18235;3.42857;2
-127.82850;23.71224;       0.18241;3.42858;2
-127.80179;23.71491;       0.18247;3.42859;2
-127.77505;23.71759;       0.18251;3.42860;2
-127.74828;23.72027;       0.18259;3.42862;2
-127.72151;23.72294;       0.18265;3.42863;2
-127.69475;23.72562;       0.18272;3.42864;2
-127.66800;23.72829;       0.18278;3.42865;2
-127.64127;23.73097;       0.18280;3.42866;2
-127.61454;23.73364;       0.18286;3.42867;2
-127.58778;23.73632;       0.18294;3.42869;2
-127.56104;23.73899;       0.18301;3.42870;2
-127.53432;23.74167;       0.18308;3.42871;2
-127.50757;23.74434;       0.18315;3.42872;2
-127.48084;23.74702;       0.18321;3.42873;2
-127.45408;23.74969;       0.18327;3.42874;2
-127.42735;23.75237;       0.18333;3.42875;2
-127.40064;23.75504;       0.18340;3.42877;2
-127.37390;23.75772;       0.18346;3.42878;2
-127.34717;23.76039;       0.18351;3.42879;2
-127.32044;23.76307;       0.18356;3.42880;2
-127.29372;23.76574;       0.18360;3.42881;2
-127.26701;23.76842;       0.18362;3.42882;2
-127.24032;23.77109;       0.18364;3.42883;2
-127.21360;23.77377;       0.18366;3.42885;2
-127.18686;23.77644;       0.18370;3.42886;2
-127.16013;23.77912;       0.18373;3.42887;2
-127.13341;23.78179;       0.18377;3.42888;2
-127.10674;23.78447;       0.18383;3.42889;2
-127.08008;23.78714;       0.18389;3.42890;2
-127.05340;23.78982;       0.18393;3.42891;2
-127.02669;23.79249;       0.18402;3.42893;2
-127.00000;23.79517;       0.18411;3.42894;2
-126.97333;23.79784;       0.18421;3.42895;2
-126.94665;23.80052;       0.18432;3.42896;2
-126.92001;23.80319;       0.18440;3.42897;2
-126.89332;23.80587;       0.18450;3.42898;2
-126.86661;23.80854;       0.18460;3.42899;2
-126.83990;23.81122;       0.18464;3.42901;2
-126.81318;23.81389;       0.18466;3.42902;2
-126.78649;23.81657;       0.18472;3.42903;2
-126.75977;23.81924;       0.18479;3.42904;2
-126.73304;23.82192;       0.18484;3.42905;2
-126.70634;23.82459;       0.18487;3.42906;2
-126.67964;23.82727;       0.18487;3.42907;2
-126.65293;23.82994;       0.18487;3.42908;2
-126.62619;23.83262;       0.18487;3.42910;2
-126.59947;23.83530;       0.18489;3.42911;2
-126.57276;23.83797;       0.18492;3.42912;2
-126.54604;23.84065;       0.18495;3.42913;2
-126.51931;23.84332;       0.18498;3.42914;2
-126.49258;23.84600;       0.18508;3.42915;2
-126.46586;23.84867;       0.18519;3.42916;2
-126.43912;23.85135;       0.18523;3.42918;2
-126.41238;23.85402;       0.18527;3.42919;2
-126.38564;23.85670;       0.18533;3.42920;2
-126.35894;23.85937;       0.18541;3.42921;2
-126.33223;23.86205;       0.18546;3.42922;2
-126.30549;23.86472;       0.18547;3.42923;2
-126.27879;23.86740;       0.18553;3.42924;2
-126.25210;23.87007;       0.18562;3.42925;2
-126.22536;23.87275;       0.18572;3.42927;2
-126.19862;23.87542;       0.18582;3.42928;2
-126.17191;23.87810;       0.18590;3.42929;2
-126.14520;23.88077;       0.18595;3.42930;2
-126.11847;23.88345;       0.18602;3.42931;2
-126.09176;23.88612;       0.18608;3.42932;2
-126.06503;23.88880;       0.18615;3.42933;2
-126.03828;23.89147;       0.18622;3.42935;2
-126.01155;23.89415;       0.18624;3.42936;2
-125.98482;23.89682;       0.18627;3.42937;2
-125.95807;23.89950;       0.18631;3.42938;2
-125.93135;23.90217;       0.18635;3.42939;2
-125.90465;23.90485;       0.18637;3.42940;2
-125.87793;23.90752;       0.18639;3.42941;2
-125.85123;23.91020;       0.18640;3.42942;2
-125.82446;23.91287;       0.18648;3.42943;2
-125.79768;23.91555;       0.18656;3.42945;2
-125.77090;23.91822;       0.18660;3.42946;2
-125.74410;23.92090;       0.18664;3.42947;2
-125.71734;23.92357;       0.18668;3.42948;2
-125.69058;23.92625;       0.18672;3.42949;2
-125.66382;23.92892;       0.18678;3.42950;2
-125.63706;23.93160;       0.18684;3.42951;2
-125.61031;23.93427;       0.18692;3.42952;2
-125.58353;23.93695;       0.18700;3.42954;2
-125.55676;23.93962;       0.18708;3.42955;2
-125.53000;23.94230;       0.18716;3.42956;2
-125.50323;23.94497;       0.18725;3.42957;2
-125.47647;23.94765;       0.18733;3.42958;2
-125.44968;23.95033;       0.18738;3.42959;2
-125.42291;23.95300;       0.18742;3.42960;2
-125.39614;23.95568;       0.18745;3.42961;2
-125.36935;23.95835;       0.18748;3.42963;2
-125.34258;23.96103;       0.18752;3.42964;2
-125.31581;23.96370;       0.18758;3.42965;2
-125.28903;23.96638;       0.18761;3.42966;2
-125.26223;23.96905;       0.18765;3.42967;2
-125.23544;23.97173;       0.18771;3.42968;2
-125.20865;23.97440;       0.18776;3.42969;2
-125.18181;23.97708;       0.18781;3.42970;2
-125.15500;23.97975;       0.18787;3.42971;2
-125.12820;23.98243;       0.18792;3.42973;2
-125.10139;23.98510;       0.18797;3.42974;2
-125.07461;23.98778;       0.18800;3.42975;2
-125.04781;23.99045;       0.18804;3.42976;2
-125.02099;23.99313;       0.18810;3.42977;2
-124.99419;23.99580;       0.18817;3.42978;2
-124.96738;23.99848;       0.18825;3.42979;2
-124.94056;24.00115;       0.18833;3.42980;2
-124.91376;24.00383;       0.18840;3.42981;2
-124.88692;24.00650;       0.18847;3.42983;2
-124.86010;24.00918;       0.18856;3.42984;2
-124.83328;24.01185;       0.18863;3.42985;2
-124.80644;24.01453;       0.18867;3.42986;2
-124.77963;24.01720;       0.18872;3.42987;2
-124.75287;24.01988;       0.18878;3.42988;2
-124.72608;24.02255;       0.18884;3.42989;2
-124.69928;24.02523;       0.18889;3.42990;2
-124.67248;24.02790;       0.18894;3.42991;2
-124.64564;24.03058;       0.18900;3.42993;2
-124.61882;24.03325;       0.18905;3.42994;2
-124.59202;24.03593;       0.18912;3.42995;2
-124.56521;24.03860;       0.18920;3.42996;2
-124.53840;24.04128;       0.18930;3.42997;2
-124.51162;24.04395;       0.18940;3.42998;2
-124.48484;24.04663;       0.18947;3.42999;2
-124.45803;24.04930;       0.18953;3.43000;2
-124.43122;24.05198;       0.18961;3.43001;2
-124.40442;24.05465;       0.18970;3.43003;2
-124.37762;24.05733;       0.18979;3.43004;2
-124.35084;24.06000;       0.18986;3.43005;2
-124.32404;24.06268;       0.18994;3.43006;2
-124.29721;24.06536;       0.18999;3.43007;2
-124.27039;24.06803;       0.19001;3.43008;2
-124.24359;24.07071;       0.19005;3.43009;2
-124.21681;24.07338;       0.19010;3.43010;2
-124.19003;24.07606;       0.19016;3.43011;2
-124.16326;24.07873;       0.19022;3.43012;2
-124.13650;24.08141;       0.19028;3.43014;2
-124.10973;24.08408;       0.19034;3.43015;2
-124.08298;24.08676;       0.19037;3.43016;2
-124.05621;24.08943;       0.19039;3.43017;2
-124.02945;24.09211;       0.19041;3.43018;2
-124.00268;24.09478;       0.19044;3.43019;2
-123.97589;24.09746;       0.19048;3.43020;2
-123.94913;24.10013;       0.19053;3.43021;2
-123.92238;24.10281;       0.19059;3.43022;2
-123.89563;24.10548;       0.19064;3.43023;2
-123.86887;24.10816;       0.19066;3.43025;2
-123.84209;24.11083;       0.19072;3.43026;2
-123.81533;24.11351;       0.19078;3.43027;2
-123.78859;24.11618;       0.19084;3.43028;2
-123.76186;24.11886;       0.19089;3.43029;2
-123.73513;24.12153;       0.19092;3.43030;2
-123.70843;24.12421;       0.19096;3.43031;2
-123.68171;24.12688;       0.19101;3.43032;2
-123.65498;24.12956;       0.19105;3.43033;2
-123.62823;24.13223;       0.19108;3.43034;2
-123.60144;24.13491;       0.19112;3.43035;2
-123.57466;24.13758;       0.19117;3.43037;2
-123.54791;24.14026;       0.19122;3.43038;2
-123.52116;24.14293;       0.19127;3.43039;2
-123.49443;24.14561;       0.19131;3.43040;2
-123.46768;24.14828;       0.19136;3.43041;2
-123.44093;24.15096;       0.19141;3.43042;2
-123.41422;24.15363;       0.19144;3.43043;2
-123.38752;24.15631;       0.19146;3.43044;2
-123.36078;24.15898;       0.19150;3.43045;2
-123.33404;24.16166;       0.19155;3.43046;2
-123.30732;24.16433;       0.19159;3.43047;2
-123.28059;24.16701;       0.19165;3.43048;2
-123.25384;24.16968;       0.19171;3.43050;2
-123.22712;24.17236;       0.19174;3.43051;2
-123.20040;24.17503;       0.19177;3.43052;2
-123.17364;24.17771;       0.19181;3.43053;2
-123.14698;24.18039;       0.19186;3.43054;2
-123.12028;24.18306;       0.19190;3.43055;2
-123.09358;24.18574;       0.19195;3.43056;2
-123.06687;24.18841;       0.19203;3.43057;2
-123.04011;24.19109;       0.19210;3.43058;2
-123.01335;24.19376;       0.19214;3.43059;2
-122.98661;24.19644;       0.19221;3.43060;2
-122.95985;24.19911;       0.19227;3.43061;2
-122.93309;24.20179;       0.19229;3.43062;2
-122.90635;24.20446;       0.19229;3.43064;2
-122.87963;24.20714;       0.19234;3.43065;2
-122.85291;24.20981;       0.19240;3.43066;2
-122.82618;24.21249;       0.19250;3.43067;2
-122.79946;24.21516;       0.19260;3.43068;2
-122.77275;24.21784;       0.19267;3.43069;2
-122.74605;24.22051;       0.19277;3.43070;2
-122.71932;24.22319;       0.19283;3.43071;2
-122.69257;24.22586;       0.19285;3.43072;2
-122.66582;24.22854;       0.19288;3.43073;2
-122.63908;24.23121;       0.19293;3.43074;2
-122.61234;24.23389;       0.19296;3.43075;2
-122.58565;24.23656;       0.19303;3.43076;2
-122.55895;24.23924;       0.19310;3.43078;2
-122.53227;24.24191;       0.19315;3.43079;2
-122.50558;24.24459;       0.19321;3.43080;2
-122.47886;24.24726;       0.19328;3.43081;2
-122.45216;24.24994;       0.19336;3.43082;2
-122.42545;24.25261;       0.19343;3.43083;2
-122.39872;24.25529;       0.19352;3.43084;2
-122.37199;24.25796;       0.19362;3.43085;2
-122.34527;24.26064;       0.19369;3.43086;2
-122.31857;24.26331;       0.19377;3.43087;2
-122.29182;24.26599;       0.19387;3.43088;2
-122.26508;24.26866;       0.19396;3.43089;2
-122.23842;24.27134;       0.19406;3.43090;2
-122.21172;24.27401;       0.19422;3.43091;2
-122.18498;24.27669;       0.19427;3.43092;2
-122.15826;24.27936;       0.19429;3.43094;2
-122.13153;24.28204;       0.19433;3.43095;2
-122.10476;24.28471;       0.19436;3.43096;2
-122.07802;24.28739;       0.19440;3.43097;2
-122.05126;24.29007;       0.19450;3.43098;2
-122.02450;24.29274;       0.19458;3.43099;2
-121.99773;24.29542;       0.19466;3.43100;2
-121.97097;24.29809;       0.19478;3.43101;2
-121.94428;24.30077;       0.19490;3.43102;2
-121.91754;24.30344;       0.19500;3.43103;2
-121.89078;24.30612;       0.19509;3.43104;2
-121.86402;24.30879;       0.19517;3.43105;2
-121.83727;24.31147;       0.19524;3.43106;2
-121.81052;24.31414;       0.19533;3.43107;2
-121.78373;24.31682;       0.19542;3.43108;2
-121.75696;24.31949;       0.19550;3.43109;2
-121.73017;24.32217;       0.19558;3.43111;2
-121.70337;24.32484;       0.19564;3.43112;2
-121.67659;24.32752;       0.19568;3.43113;2
-121.64976;24.33019;       0.19575;3.43114;2
-121.62295;24.33287;       0.19584;3.43115;2
-121.59618;24.33554;       0.19593;3.43116;2
-121.56944;24.33822;       0.19601;3.43117;2
-121.54272;24.34089;       0.19610;3.43118;2
-121.51601;24.34357;       0.19618;3.43119;2
-121.48925;24.34624;       0.19625;3.43120;2
-121.46246;24.34892;       0.19634;3.43121;2
-121.43571;24.35159;       0.19645;3.43122;2
-121.40899;24.35427;       0.19654;3.43123;2
-121.38223;24.35694;       0.19663;3.43124;2
-121.35545;24.35962;       0.19672;3.43125;2
-121.32866;24.36229;       0.19681;3.43126;2
-121.30187;24.36497;       0.19690;3.43127;2
-121.27505;24.36764;       0.19698;3.43128;2
-121.24828;24.37032;       0.19709;3.43130;2
-121.22152;24.37299;       0.19718;3.43131;2
-121.19474;24.37567;       0.19728;3.43132;2
-121.16794;24.37834;       0.19737;3.43133;2
-121.14116;24.38102;       0.19743;3.43134;2
-121.11439;24.38369;       0.19753;3.43135;2
-121.08760;24.38637;       0.19764;3.43136;2
-121.06081;24.38904;       0.19775;3.43137;2
-121.03403;24.39172;       0.19786;3.43138;2
-121.00726;24.39439;       0.19797;3.43139;2
-120.98050;24.39707;       0.19808;3.43140;2
-120.95375;24.39974;       0.19817;3.43141;2
-120.92701;24.40242;       0.19825;3.43142;2
-120.90029;24.40510;       0.19833;3.43143;2
-120.87358;24.40777;       0.19841;3.43144;2
-120.84680;24.41045;       0.19849;3.43145;2
-120.82002;24.41312;       0.19858;3.43146;2
-120.79327;24.41580;       0.19867;3.43147;2
-120.76655;24.41847;       0.19876;3.43148;2
-120.73983;24.42115;       0.19885;3.43149;2
-120.71308;24.42382;       0.19893;3.43151;2
-120.68630;24.42650;       0.19907;3.43152;2
-120.65954;24.42917;       0.19919;3.43153;2
-120.63281;24.43185;       0.19930;3.43154;2
-120.60608;24.43452;       0.19942;3.43155;2
-120.57938;24.43720;       0.19955;3.43156;2
-120.55263;24.43987;       0.19967;3.43157;2
-120.52585;24.44255;       0.19979;3.43158;2
-120.49906;24.44522;       0.19991;3.43159;2
-120.47227;24.44790;       0.20004;3.43160;2
-120.44550;24.45057;       0.20016;3.43161;2
-120.41870;24.45325;       0.20027;3.43162;2
-120.39192;24.45592;       0.20037;3.43163;2
-120.36517;24.45860;       0.20047;3.43164;2
-120.33843;24.46127;       0.20055;3.43165;2
-120.31168;24.46395;       0.20064;3.43166;2
-120.28490;24.46662;       0.20075;3.43167;2
-120.25814;24.46930;       0.20086;3.43168;2
-120.23141;24.47197;       0.20095;3.43169;2
-120.20464;24.47465;       0.20104;3.43170;2
-120.17785;24.47732;       0.20113;3.43171;2
-120.15107;24.48000;       0.20122;3.43172;2
-120.12427;24.48267;       0.20132;3.43173;2
-120.09748;24.48535;       0.20142;3.43174;2
-120.07075;24.48802;       0.20152;3.43175;2
-120.04403;24.49070;       0.20163;3.43176;2
-120.01726;24.49337;       0.20173;3.43178;2
-119.99051;24.49605;       0.20184;3.43179;2
-119.96379;24.49872;       0.20195;3.43180;2
-119.93706;24.50140;       0.20206;3.43181;2
-119.91028;24.50407;       0.20218;3.43182;2
-119.88352;24.50675;       0.20228;3.43183;2
-119.85676;24.50942;       0.20237;3.43184;2
-119.83001;24.51210;       0.20247;3.43185;2
-119.80326;24.51477;       0.20259;3.43186;2
-119.77650;24.51745;       0.20269;3.43187;2
-119.74979;24.52013;       0.20279;3.43188;2
-119.72306;24.52280;       0.20291;3.43189;2
-119.69631;24.52548;       0.20301;3.43190;2
-119.66958;24.52815;       0.20311;3.43191;2
-119.64285;24.53083;       0.20322;3.43192;2
-119.61615;24.53350;       0.20332;3.43193;2
-119.58946;24.53618;       0.20342;3.43194;2
-119.56277;24.53885;       0.20353;3.43195;2
-119.53607;24.54153;       0.20363;3.43196;2
-119.50934;24.54420;       0.20371;3.43197;2
-119.48262;24.54688;       0.20379;3.43198;2
-119.45589;24.54955;       0.20388;3.43199;2
-119.42916;24.55223;       0.20398;3.43200;2
-119.40242;24.55490;       0.20409;3.43201;2
-119.37564;24.55758;       0.20422;3.43202;2
-119.34889;24.56025;       0.20436;3.43203;2
-119.32216;24.56293;       0.20450;3.43204;2
-119.29543;24.56560;       0.20462;3.43205;2
-119.26871;24.56828;       0.20472;3.43206;2
-119.24197;24.57095;       0.20482;3.43207;2
-119.21525;24.57363;       0.20491;3.43208;2
-119.18854;24.57630;       0.20503;3.43209;2
-119.16181;24.57898;       0.20517;3.43210;2
-119.13507;24.58165;       0.20533;3.43211;2
-119.10834;24.58433;       0.20549;3.43212;2
-119.08158;24.58700;       0.20563;3.43213;2
-119.05485;24.58968;       0.20576;3.43214;2
-119.02812;24.59235;       0.20588;3.43215;2
-119.00137;24.59503;       0.20602;3.43216;2
-118.97462;24.59770;       0.20616;3.43217;2
-118.94784;24.60038;       0.20633;3.43218;2
-118.92111;24.60305;       0.20650;3.43219;2
-118.89439;24.60573;       0.20662;3.43220;2
-118.86762;24.60840;       0.20671;3.43221;2
-118.84082;24.61108;       0.20684;3.43223;2
-118.81404;24.61375;       0.20696;3.43224;2
-118.78728;24.61643;       0.20707;3.43225;2
-118.76048;24.61910;       0.20720;3.43226;2
-118.73369;24.62178;       0.20733;3.43227;2
-118.70690;24.62445;       0.20747;3.43228;2
-118.68010;24.62713;       0.20759;3.43229;2
-118.65331;24.62980;       0.20767;3.43230;2
-118.62653;24.63248;       0.20776;3.43231;2
-118.59974;24.63516;       0.20786;3.43232;2
-118.57294;24.63783;       0.20798;3.43233;2
-118.54617;24.64051;       0.20814;3.43234;2
-118.51938;24.64318;       0.20829;3.43235;2
-118.49261;24.64586;       0.20843;3.43236;2
-118.46583;24.64853;       0.20855;3.43237;2
-118.43904;24.65121;       0.20868;3.43238;2
-118.41228;24.65388;       0.20881;3.43239;2
-118.38551;24.65656;       0.20893;3.43240;2
-118.35875;24.65923;       0.20904;3.43241;2
-118.33198;24.66191;       0.20917;3.43242;2
-118.30519;24.66458;       0.20931;3.43243;2
-118.27840;24.66726;       0.20945;3.43244;2
-118.25165;24.66993;       0.20958;3.43245;2
-118.22490;24.67261;       0.20972;3.43246;2
-118.19813;24.67528;       0.20986;3.43247;2
-118.17134;24.67796;       0.21000;3.43248;2
-118.14455;24.68063;       0.21014;3.43249;2
-118.11781;24.68331;       0.21027;3.43250;2
-118.09110;24.68598;       0.21041;3.43251;2
-118.06436;24.68866;       0.21055;3.43252;2
-118.03755;24.69133;       0.21068;3.43253;2
-118.01072;24.69401;       0.21081;3.43254;2
-117.98397;24.69668;       0.21096;3.43255;2
-117.95722;24.69936;       0.21111;3.43256;2
-117.93045;24.70203;       0.21128;3.43257;2
-117.90366;24.70471;       0.21146;3.43258;2
-117.87689;24.70738;       0.21161;3.43259;2
-117.85015;24.71006;       0.21177;3.43260;2
-117.82340;24.71273;       0.21193;3.43261;2
-117.79665;24.71541;       0.21210;3.43262;2
-117.76990;24.71808;       0.21228;3.43263;2
-117.74312;24.72076;       0.21246;3.43264;2
-117.71633;24.72343;       0.21266;3.43265;2
-117.68960;24.72611;       0.21287;3.43266;2
-117.66287;24.72878;       0.21308;3.43267;2
-117.63609;24.73146;       0.21329;3.43268;2
-117.60932;24.73413;       0.21350;3.43269;2
-117.58256;24.73681;       0.21370;3.43270;2
-117.55581;24.73948;       0.21388;3.43271;2
-117.52902;24.74216;       0.21404;3.43272;2
-117.50220;24.74483;       0.21422;3.43273;2
-117.47536;24.74751;       0.21442;3.43274;2
-117.44854;24.75019;       0.21461;3.43275;2
-117.42178;24.75286;       0.21479;3.43276;2
-117.39503;24.75554;       0.21496;3.43277;2
-117.36825;24.75821;       0.21513;3.43278;2
-117.34148;24.76089;       0.21534;3.43279;2
-117.31468;24.76356;       0.21559;3.43280;2
-117.28787;24.76624;       0.21581;3.43281;2
-117.26106;24.76891;       0.21601;3.43282;2
-117.23429;24.77159;       0.21619;3.43283;2
-117.20755;24.77426;       0.21637;3.43284;2
-117.18077;24.77694;       0.21656;3.43285;2
-117.15398;24.77961;       0.21675;3.43286;2
-117.12722;24.78229;       0.21695;3.43287;2
-117.10048;24.78496;       0.21713;3.43288;2
-117.07373;24.78764;       0.21731;3.43289;2
-117.04696;24.79031;       0.21756;3.43290;2
-117.02017;24.79299;       0.21783;3.43291;2
-116.99339;24.79566;       0.21807;3.43292;2
-116.96662;24.79834;       0.21827;3.43293;2
-116.93987;24.80101;       0.21848;3.43294;2
-116.91312;24.80369;       0.21869;3.43295;2
-116.88634;24.80636;       0.21890;3.43295;2
-116.85955;24.80904;       0.21913;3.43296;2
-116.83280;24.81171;       0.21936;3.43297;2
-116.80608;24.81439;       0.21960;3.43298;2
-116.77931;24.81706;       0.21986;3.43299;2
-116.75255;24.81974;       0.22011;3.43300;2
-116.72581;24.82241;       0.22036;3.43301;2
-116.69906;24.82509;       0.22061;3.43302;2
-116.67232;24.82776;       0.22086;3.43303;2
-116.64558;24.83044;       0.22109;3.43304;2
-116.61884;24.83311;       0.22134;3.43305;2
-116.59208;24.83579;       0.22158;3.43306;2
-116.56531;24.83846;       0.22183;3.43307;2
-116.53855;24.84114;       0.22209;3.43308;2
-116.51176;24.84381;       0.22235;3.43309;2
-116.48499;24.84649;       0.22259;3.43310;2
-116.45824;24.84916;       0.22282;3.43311;2
-116.43150;24.85184;       0.22304;3.43312;2
-116.40475;24.85451;       0.22327;3.43313;2
-116.37799;24.85719;       0.22351;3.43314;2
-116.35125;24.85987;       0.22368;3.43315;2
-116.32450;24.86254;       0.22390;3.43316;2
-116.29774;24.86522;       0.22418;3.43317;2
-116.27098;24.86789;       0.22444;3.43318;2
-116.24425;24.87057;       0.22471;3.43319;2
-116.21751;24.87324;       0.22498;3.43320;2
-116.19076;24.87592;       0.22530;3.43321;2
-116.16404;24.87859;       0.22561;3.43322;2
-116.13734;24.88127;       0.22588;3.43323;2
-116.11062;24.88394;       0.22618;3.43324;2
-116.08387;24.88662;       0.22647;3.43325;2
-116.05711;24.88929;       0.22675;3.43326;2
-116.03037;24.89197;       0.22703;3.43327;2
-116.00365;24.89464;       0.22732;3.43328;2
-115.97695;24.89732;       0.22761;3.43329;2
-115.95023;24.89999;       0.22791;3.43330;2
-115.92349;24.90267;       0.22823;3.43331;2
-115.89678;24.90534;       0.22855;3.43332;2
-115.87009;24.90802;       0.22889;3.43333;2
-115.84338;24.91069;       0.22925;3.43333;2
-115.81662;24.91337;       0.22960;3.43334;2
-115.78987;24.91604;       0.22994;3.43335;2
-115.76315;24.91872;       0.23027;3.43336;2
-115.73645;24.92139;       0.23059;3.43337;2
-115.70974;24.92407;       0.23092;3.43338;2
-115.68300;24.92674;       0.23125;3.43339;2
-115.65625;24.92942;       0.23160;3.43340;2
-115.62950;24.93209;       0.23196;3.43341;2
-115.60278;24.93477;       0.23232;3.43342;2
-115.57609;24.93744;       0.23268;3.43343;2
-115.54938;24.94012;       0.23302;3.43344;2
-115.52267;24.94279;       0.23335;3.43345;2
-115.49594;24.94547;       0.23369;3.43346;2
-115.46923;24.94814;       0.23403;3.43347;2
-115.44255;24.95082;       0.23436;3.43348;2
-115.41586;24.95349;       0.23467;3.43349;2
-115.38913;24.95617;       0.23502;3.43350;2
-115.36242;24.95884;       0.23536;3.43351;2
-115.33573;24.96152;       0.23570;3.43352;2
-115.30902;24.96419;       0.23607;3.43353;2
-115.28231;24.96687;       0.23649;3.43354;2
-115.25562;24.96954;       0.23690;3.43355;2
-115.22892;24.97222;       0.23730;3.43356;2
-115.20220;24.97490;       0.23770;3.43357;2
-115.17548;24.97757;       0.23809;3.43358;2
-115.14872;24.98025;       0.23847;3.43359;2
-115.12199;24.98292;       0.23883;3.43359;2
-115.09526;24.98560;       0.23918;3.43360;2
-115.06853;24.98827;       0.23953;3.43361;2
-115.04181;24.99095;       0.23990;3.43362;2
-115.01509;24.99362;       0.24026;3.43363;2
-114.98837;24.99630;       0.24062;3.43364;2
-114.96165;24.99897;       0.24102;3.43365;2
-114.93493;25.00165;       0.24142;3.43366;2
-114.90823;25.00432;       0.24182;3.43367;2
-114.88151;25.00700;       0.24231;3.43368;2
-114.85479;25.00967;       0.24278;3.43369;2
-114.82806;25.01235;       0.24321;3.43370;2
-114.80132;25.01502;       0.24363;3.43371;2
-114.77457;25.01770;       0.24408;3.43372;2
-114.74785;25.02037;       0.24453;3.43373;2
-114.72113;25.02305;       0.24501;3.43374;2
-114.69441;25.02572;       0.24553;3.43375;2
-114.66767;25.02840;       0.24601;3.43376;2
-114.64092;25.03107;       0.24643;3.43377;2
-114.61419;25.03375;       0.24682;3.43378;2
-114.58746;25.03642;       0.24722;3.43378;2
-114.56075;25.03910;       0.24766;3.43379;2
-114.53404;25.04177;       0.24811;3.43380;2
-114.50730;25.04445;       0.24856;3.43381;2
-114.48059;25.04712;       0.24903;3.43382;2
-114.45383;25.04980;       0.24951;3.43383;2
-114.42713;25.05247;       0.25001;3.43384;2
-114.40042;25.05515;       0.25052;3.43385;2
-114.37365;25.05782;       0.25103;3.43386;2
-114.34690;25.06050;       0.25151;3.43387;2
-114.32018;25.06317;       0.25203;3.43388;2
-114.29345;25.06585;       0.25254;3.43389;2
-114.26673;25.06852;       0.25307;3.43390;2
-114.24001;25.07120;       0.25362;3.43391;2
-114.21325;25.07387;       0.25416;3.43392;2
-114.18651;25.07655;       0.25469;3.43393;2
-114.15978;25.07922;       0.25525;3.43394;2
-114.13301;25.08190;       0.25579;3.43394;2
-114.10621;25.08457;       0.25630;3.43395;2
-114.07947;25.08725;       0.25684;3.43396;2
-114.05272;25.08993;       0.25735;3.43397;2
-114.02599;25.09260;       0.25787;3.43398;2
-113.99927;25.09528;       0.25842;3.43399;2
-113.97255;25.09795;       0.25899;3.43400;2
-113.94580;25.10063;       0.25959;3.43401;2
-113.91901;25.10330;       0.26016;3.43402;2
-113.89224;25.10598;       0.26072;3.43403;2
-113.86545;25.10865;       0.26128;3.43404;2
-113.83864;25.11133;       0.26183;3.43405;2
-113.81185;25.11400;       0.26240;3.43406;2
-113.78510;25.11668;       0.26297;3.43407;2
-113.75835;25.11935;       0.26356;3.43408;2
-113.73158;25.12203;       0.26421;3.43409;2
-113.70479;25.12470;       0.26488;3.43409;2
-113.67799;25.12738;       0.26552;3.43410;2
-113.65122;25.13005;       0.26615;3.43411;2
-113.62443;25.13273;       0.26681;3.43412;2
-113.59766;25.13540;       0.26745;3.43413;2
-113.57089;25.13808;       0.26806;3.43414;2
-113.54411;25.14075;       0.26866;3.43415;2
-113.51732;25.14343;       0.26928;3.43416;2
-113.49052;25.14610;       0.26996;3.43417;2
-113.46374;25.14878;       0.27064;3.43418;2
-113.43696;25.15145;       0.27132;3.43419;2
-113.41016;25.15413;       0.27201;3.43420;2
-113.38333;25.15680;       0.27268;3.43421;2
-113.35653;25.15948;       0.27337;3.43422;2
-113.32975;25.16215;       0.27406;3.43423;2
-113.30296;25.16483;       0.27474;3.43423;2
-113.27618;25.16750;       0.27540;3.43424;2
-113.24938;25.17018;       0.27607;3.43425;2
-113.22259;25.17285;       0.27677;3.43426;2
-113.19581;25.17553;       0.27745;3.43427;2
-113.16904;25.17820;       0.27810;3.43428;2
-113.14226;25.18088;       0.27875;3.43429;2
-113.11551;25.18355;       0.27942;3.43430;2
-113.08872;25.18623;       0.28012;3.43431;2
-113.06195;25.18890;       0.28083;3.43432;2
-113.03518;25.19158;       0.28154;3.43433;2
-113.00840;25.19425;       0.28224;3.43434;2
-112.98164;25.19693;       0.28295;3.43435;2
-112.95486;25.19960;       0.28367;3.43436;2
-112.92809;25.20228;       0.28439;3.43436;2
-112.90134;25.20496;       0.28513;3.43437;2
-112.87457;25.20763;       0.28591;3.43438;2
-112.84782;25.21031;       0.28668;3.43439;2
-112.82104;25.21298;       0.28742;3.43440;2
-112.79427;25.21566;       0.28816;3.43441;2
-112.76751;25.21833;       0.28893;3.43442;2
-112.74073;25.22101;       0.28971;3.43443;2
-112.71398;25.22368;       0.29044;3.43444;2
-112.68717;25.22636;       0.29117;3.43445;2
-112.66037;25.22903;       0.29192;3.43446;2
-112.63358;25.23171;       0.29269;3.43447;2
-112.60678;25.23438;       0.29348;3.43447;2
-112.58000;25.23706;       0.29426;3.43448;2
-112.55322;25.23973;       0.29504;3.43449;2
-112.52645;25.24241;       0.29581;3.43450;2
-112.49968;25.24508;       0.29660;3.43451;2
-112.47292;25.24776;       0.29741;3.43452;2
-112.44608;25.25043;       0.29821;3.43453;2
-112.41933;25.25311;       0.29902;3.43454;2
-112.39254;25.25578;       0.29982;3.43455;2
-112.36572;25.25846;       0.30062;3.43456;2
-112.33898;25.26113;       0.30141;3.43457;2
-112.31222;25.26381;       0.30222;3.43458;2
-112.28540;25.26648;       0.30303;3.43458;2
-112.25858;25.26916;       0.30384;3.43459;2
-112.23179;25.27183;       0.30463;3.43460;2
-112.20501;25.27451;       0.30543;3.43461;2
-112.17824;25.27718;       0.30624;3.43462;2
-112.15144;25.27986;       0.30704;3.43463;2
-112.12462;25.28253;       0.30785;3.43464;2
-112.09781;25.28521;       0.30868;3.43465;2
-112.07106;25.28788;       0.30953;3.43466;2
-112.04430;25.29056;       0.31038;3.43467;2
-112.01752;25.29323;       0.31123;3.43468;2
-111.99072;25.29591;       0.31208;3.43468;2
-111.96394;25.29858;       0.31292;3.43469;2
-111.93718;25.30126;       0.31374;3.43470;2
-111.91042;25.30393;       0.31458;3.43471;2
-111.88367;25.30661;       0.31542;3.43472;2
-111.85692;25.30928;       0.31627;3.43473;2
-111.83017;25.31196;       0.31713;3.43474;2
-111.80343;25.31463;       0.31800;3.43475;2
-111.77669;25.31731;       0.31891;3.43476;2
-111.74992;25.31999;       0.31978;3.43477;2
-111.72319;25.32266;       0.32064;3.43477;2
-111.69644;25.32534;       0.32150;3.43478;2
-111.66968;25.32801;       0.32236;3.43479;2
-111.64294;25.33069;       0.32323;3.43480;2
-111.61618;25.33336;       0.32411;3.43481;2
-111.58943;25.33604;       0.32496;3.43482;2
-111.56267;25.33871;       0.32578;3.43483;2
-111.53591;25.34139;       0.32663;3.43484;2
-111.50917;25.34406;       0.32751;3.43485;2
-111.48241;25.34674;       0.32839;3.43486;2
-111.45565;25.34941;       0.32924;3.43486;2
-111.42890;25.35209;       0.33011;3.43487;2
-111.40217;25.35476;       0.33098;3.43488;2
-111.37543;25.35744;       0.33186;3.43489;2
-111.34873;25.36011;       0.33275;3.43490;2
-111.32199;25.36279;       0.33362;3.43491;2
-111.29524;25.36546;       0.33451;3.43492;2
-111.26849;25.36814;       0.33540;3.43493;2
-111.24175;25.37081;       0.33625;3.43494;2
-111.21507;25.37349;       0.33711;3.43495;2
-111.18834;25.37616;       0.33798;3.43495;2
-111.16156;25.37884;       0.33884;3.43496;2
-111.13477;25.38151;       0.33970;3.43497;2
-111.10800;25.38419;       0.34057;3.43498;2
-111.08129;25.38686;       0.34144;3.43499;2
-111.05458;25.38954;       0.34233;3.43500;2
-111.02780;25.39221;       0.34319;3.43501;2
-111.00103;25.39489;       0.34403;3.43502;2
-110.97432;25.39756;       0.34488;3.43503;2
-110.94758;25.40024;       0.34571;3.43504;2
-110.92084;25.40291;       0.34658;3.43504;2
-110.89410;25.40559;       0.34745;3.43505;2
-110.86736;25.40826;       0.34828;3.43506;2
-110.84060;25.41094;       0.34911;3.43507;2
-110.81384;25.41361;       0.34991;3.43508;2
-110.78709;25.41629;       0.35074;3.43509;2
-110.76033;25.41896;       0.35160;3.43510;2
-110.73358;25.42164;       0.35244;3.43511;2
-110.70685;25.42431;       0.35326;3.43511;2
-110.68011;25.42699;       0.35408;3.43512;2
-110.65338;25.42966;       0.35492;3.43513;2
-110.62665;25.43234;       0.35576;3.43514;2
-110.59993;25.43502;       0.35662;3.43515;2
-110.57321;25.43769;       0.35748;3.43516;2
-110.54651;25.44037;       0.35831;3.43517;2
-110.51976;25.44304;       0.35913;3.43518;2
-110.49304;25.44572;       0.35996;3.43519;2
-110.46632;25.44839;       0.36079;3.43519;2
-110.43958;25.45107;       0.36160;3.43520;2
-110.41289;25.45374;       0.36240;3.43521;2
-110.38617;25.45642;       0.36318;3.43522;2
-110.35944;25.45909;       0.36396;3.43523;2
-110.33271;25.46177;       0.36472;3.43524;2
-110.30597;25.46444;       0.36545;3.43525;2
-110.27925;25.46712;       0.36616;3.43526;2
-110.25256;25.46979;       0.36690;3.43526;2
-110.22586;25.47247;       0.36764;3.43527;2
-110.19914;25.47514;       0.36838;3.43528;2
-110.17242;25.47782;       0.36911;3.43529;2
-110.14570;25.48049;       0.36983;3.43530;2
-110.11895;25.48317;       0.37054;3.43531;2
-110.09225;25.48584;       0.37126;3.43532;2
-110.06559;25.48852;       0.37194;3.43533;2
-110.03886;25.49119;       0.37260;3.43534;2
-110.01210;25.49387;       0.37329;3.43534;2
-109.98539;25.49654;       0.37400;3.43535;2
-109.95866;25.49922;       0.37471;3.43536;2
-109.93191;25.50189;       0.37541;3.43537;2
-109.90516;25.50457;       0.37609;3.43538;2
-109.87842;25.50724;       0.37676;3.43539;2
-109.85168;25.50992;       0.37742;3.43540;2
-109.82494;25.51259;       0.37803;3.43540;2
-109.79819;25.51527;       0.37862;3.43541;2
-109.77143;25.51794;       0.37923;3.43542;2
-109.74467;25.52062;       0.37983;3.43543;2
-109.71791;25.52329;       0.38044;3.43544;2
-109.69115;25.52597;       0.38106;3.43545;2
-109.66439;25.52864;       0.38168;3.43546;2
-109.63763;25.53132;       0.38227;3.43547;2
-109.61092;25.53399;       0.38284;3.43547;2
-109.58420;25.53667;       0.38341;3.43548;2
-109.55746;25.53934;       0.38397;3.43549;2
-109.53071;25.54202;       0.38454;3.43550;2
-109.50396;25.54470;       0.38510;3.43551;2
-109.47722;25.54737;       0.38562;3.43552;2
-109.45046;25.55005;       0.38611;3.43553;2
-109.42371;25.55272;       0.38660;3.43554;2
-109.39695;25.55540;       0.38703;3.43554;2
-109.37020;25.55807;       0.38746;3.43555;2
-109.34345;25.56075;       0.38793;3.43556;2
-109.31666;25.56342;       0.38841;3.43557;2
-109.28992;25.56610;       0.38886;3.43558;2
-109.26317;25.56877;       0.38931;3.43559;2
-109.23640;25.57145;       0.38976;3.43560;2
-109.20965;25.57412;       0.39021;3.43560;2
-109.18284;25.57680;       0.39066;3.43561;2
-109.15605;25.57947;       0.39105;3.43562;2
-109.12930;25.58215;       0.39144;3.43563;2
-109.10257;25.58482;       0.39182;3.43564;2
-109.07582;25.58750;       0.39220;3.43565;2
-109.04906;25.59017;       0.39259;3.43566;2
-109.02230;25.59285;       0.39294;3.43566;2
-108.99557;25.59552;       0.39320;3.43567;2
-108.96882;25.59820;       0.39343;3.43568;2
-108.94202;25.60087;       0.39374;3.43569;2
-108.91524;25.60355;       0.39406;3.43570;2
-108.88850;25.60622;       0.39437;3.43571;2
-108.86172;25.60890;       0.39467;3.43572;2
-108.83492;25.61157;       0.39495;3.43573;2
-108.80814;25.61425;       0.39524;3.43573;2
-108.78137;25.61692;       0.39551;3.43574;2
-108.75463;25.61960;       0.39578;3.43575;2
-108.72788;25.62227;       0.39603;3.43576;2
-108.70113;25.62495;       0.39624;3.43577;2
-108.67435;25.62762;       0.39645;3.43578;2
-108.64758;25.63030;       0.39664;3.43578;2
-108.62083;25.63297;       0.39681;3.43579;2
-108.59407;25.63565;       0.39699;3.43580;2
-108.56731;25.63832;       0.39720;3.43581;2
-108.54053;25.64100;       0.39742;3.43582;2
-108.51370;25.64367;       0.39761;3.43583;2
-108.48693;25.64635;       0.39779;3.43584;2
-108.46017;25.64902;       0.39795;3.43584;2
-108.43340;25.65170;       0.39811;3.43585;2
-108.40667;25.65437;       0.39824;3.43586;2
-108.37992;25.65705;       0.39837;3.43587;2
-108.35313;25.65973;       0.39850;3.43588;2
-108.32636;25.66240;       0.39859;3.43589;2
-108.29960;25.66508;       0.39862;3.43590;2
-108.27282;25.66775;       0.39864;3.43590;2
-108.24606;25.67043;       0.39870;3.43591;2
-108.21929;25.67310;       0.39879;3.43592;2
-108.19253;25.67578;       0.39889;3.43593;2
-108.16576;25.67845;       0.39896;3.43594;2
-108.13899;25.68113;       0.39902;3.43595;2
-108.11224;25.68380;       0.39908;3.43595;2
-108.08550;25.68648;       0.39911;3.43596;2
-108.05874;25.68915;       0.39913;3.43597;2
-108.03196;25.69183;       0.39916;3.43598;2
-108.00521;25.69450;       0.39919;3.43599;2
-107.97845;25.69718;       0.39923;3.43600;2
-107.95165;25.69985;       0.39924;3.43601;2
-107.92489;25.70253;       0.39925;3.43601;2
-107.89812;25.70520;       0.39928;3.43602;2
-107.87132;25.70788;       0.39932;3.43603;2
-107.84456;25.71055;       0.39934;3.43604;2
-107.81780;25.71323;       0.39933;3.43605;2
-107.79102;25.71590;       0.39934;3.43606;2
-107.76426;25.71858;       0.39937;3.43606;2
-107.73753;25.72125;       0.39939;3.43607;2
-107.71080;25.72393;       0.39938;3.43608;2
-107.68407;25.72660;       0.39938;3.43609;2
-107.65731;25.72928;       0.39938;3.43610;2
-107.63056;25.73195;       0.39938;3.43611;2
-107.60381;25.73463;       0.39933;3.43611;2
-107.57705;25.73730;       0.39921;3.43612;2
-107.55030;25.73998;       0.39911;3.43613;2
-107.52356;25.74265;       0.39905;3.43614;2
-107.49682;25.74533;       0.39901;3.43615;2
-107.47006;25.74800;       0.39894;3.43616;2
-107.44330;25.75068;       0.39885;3.43617;2
-107.41654;25.75335;       0.39876;3.43617;2
-107.38977;25.75603;       0.39865;3.43618;2
-107.36299;25.75870;       0.39861;3.43619;2
-107.33622;25.76138;       0.39861;3.43620;2
-107.30945;25.76405;       0.39855;3.43621;2
-107.28267;25.76673;       0.39844;3.43622;2
-107.25587;25.76940;       0.39832;3.43622;2
-107.22908;25.77208;       0.39821;3.43623;2
-107.20230;25.77476;       0.39810;3.43624;2
-107.17552;25.77743;       0.39795;3.43625;2
-107.14877;25.78011;       0.39783;3.43626;2
-107.12201;25.78278;       0.39771;3.43626;2
-107.09526;25.78546;       0.39760;3.43627;2
-107.06851;25.78813;       0.39750;3.43628;2
-107.04172;25.79081;       0.39739;3.43629;2
-107.01489;25.79348;       0.39726;3.43630;2
-106.98806;25.79616;       0.39714;3.43631;2
-106.96125;25.79883;       0.39702;3.43631;2
-106.93448;25.80151;       0.39689;3.43632;2
-106.90772;25.80418;       0.39676;3.43633;2
-106.88096;25.80686;       0.39662;3.43634;2
-106.85420;25.80953;       0.39647;3.43635;2
-106.82743;25.81221;       0.39633;3.43636;2
-106.80067;25.81488;       0.39619;3.43636;2
-106.77392;25.81756;       0.39606;3.43637;2
-106.74713;25.82023;       0.39593;3.43638;2
-106.72037;25.82291;       0.39578;3.43639;2
-106.69360;25.82558;       0.39564;3.43640;2
-106.66683;25.82826;       0.39552;3.43641;2
-106.64007;25.83093;       0.39540;3.43641;2
-106.61328;25.83361;       0.39529;3.43642;2
-106.58653;25.83628;       0.39516;3.43643;2
-106.55978;25.83896;       0.39502;3.43644;2
-106.53301;25.84163;       0.39487;3.43645;2
-106.50626;25.84431;       0.39477;3.43645;2
-106.47953;25.84698;       0.39468;3.43646;2
-106.45275;25.84966;       0.39456;3.43647;2
-106.42596;25.85233;       0.39444;3.43648;2
-106.39917;25.85501;       0.39432;3.43649;2
-106.37236;25.85768;       0.39418;3.43650;2
-106.34558;25.86036;       0.39403;3.43650;2
-106.31881;25.86303;       0.39389;3.43651;2
-106.29203;25.86571;       0.39376;3.43652;2
-106.26528;25.86838;       0.39363;3.43653;2
-106.23852;25.87106;       0.39350;3.43654;2
-106.21171;25.87373;       0.39338;3.43654;2
-106.18491;25.87641;       0.39325;3.43655;2
-106.15814;25.87908;       0.39311;3.43656;2
-106.13137;25.88176;       0.39299;3.43657;2
-106.10459;25.88443;       0.39289;3.43658;2
-106.07782;25.88711;       0.39280;3.43659;2
-106.05107;25.88979;       0.39270;3.43659;2
-106.02430;25.89246;       0.39261;3.43660;2
-105.99753;25.89514;       0.39252;3.43661;2
-105.97080;25.89781;       0.39243;3.43662;2
-105.94403;25.90049;       0.39232;3.43663;2
-105.91730;25.90316;       0.39220;3.43663;2
-105.89057;25.90584;       0.39206;3.43664;2
-105.86383;25.90851;       0.39192;3.43665;2
-105.83708;25.91119;       0.39180;3.43666;2
-105.81032;25.91386;       0.39168;3.43667;2
-105.78356;25.91654;       0.39156;3.43668;2
-105.75681;25.91921;       0.39146;3.43668;2
-105.73006;25.92189;       0.39137;3.43669;2
-105.70329;25.92456;       0.39133;3.43670;2
-105.67650;25.92724;       0.39130;3.43671;2
-105.64974;25.92991;       0.39125;3.43672;2
-105.62299;25.93259;       0.39115;3.43672;2
-105.59625;25.93526;       0.39104;3.43673;2
-105.56949;25.93794;       0.39093;3.43674;2
-105.54269;25.94061;       0.39080;3.43675;2
-105.51591;25.94329;       0.39069;3.43676;2
-105.48915;25.94596;       0.39060;3.43676;2
-105.46239;25.94864;       0.39055;3.43677;2
-105.43563;25.95131;       0.39056;3.43678;2
-105.40888;25.95399;       0.39051;3.43679;2
-105.38214;25.95666;       0.39038;3.43680;2
-105.35539;25.95934;       0.39024;3.43680;2
-105.32864;25.96201;       0.39009;3.43681;2
-105.30190;25.96469;       0.38993;3.43682;2
-105.27515;25.96736;       0.38981;3.43683;2
-105.24840;25.97004;       0.38972;3.43684;2
-105.22167;25.97271;       0.38964;3.43684;2
-105.19493;25.97539;       0.38956;3.43685;2
-105.16818;25.97806;       0.38948;3.43686;2
-105.14147;25.98074;       0.38938;3.43687;2
-105.11472;25.98341;       0.38934;3.43688;2
-105.08799;25.98609;       0.38926;3.43688;2
-105.06125;25.98876;       0.38916;3.43689;2
-105.03450;25.99144;       0.38908;3.43690;2
-105.00780;25.99411;       0.38900;3.43691;2
-104.98110;25.99679;       0.38889;3.43692;2
-104.95440;25.99946;       0.38882;3.43692;2
-104.92769;26.00214;       0.38874;3.43693;2
-104.90096;26.00482;       0.38864;3.43694;2
-104.87423;26.00749;       0.38856;3.43695;2
-104.84751;26.01017;       0.38848;3.43696;2
-104.82077;26.01284;       0.38839;3.43696;2
-104.79403;26.01552;       0.38830;3.43697;2
-104.76732;26.01819;       0.38820;3.43698;2
-104.74061;26.02087;       0.38812;3.43699;2
-104.71389;26.02354;       0.38805;3.43700;2
-104.68714;26.02622;       0.38797;3.43700;2
-104.66038;26.02889;       0.38789;3.43701;2
-104.63364;26.03157;       0.38784;3.43702;2
-104.60691;26.03424;       0.38779;3.43703;2
-104.58019;26.03692;       0.38775;3.43703;2
-104.55343;26.03959;       0.38772;3.43704;2
-104.52665;26.04227;       0.38770;3.43705;2
-104.49989;26.04494;       0.38767;3.43706;2
-104.47314;26.04762;       0.38763;3.43707;2
-104.44640;26.05029;       0.38758;3.43707;2
-104.41971;26.05297;       0.38750;3.43708;2
-104.39299;26.05564;       0.38745;3.43709;2
-104.36624;26.05832;       0.38741;3.43710;2
-104.33951;26.06099;       0.38737;3.43711;2
-104.31279;26.06367;       0.38732;3.43711;2
-104.28605;26.06634;       0.38727;3.43712;2
-104.25933;26.06902;       0.38728;3.43713;2
-104.23260;26.07169;       0.38731;3.43714;2
-104.20586;26.07437;       0.38730;3.43714;2
-104.17918;26.07704;       0.38728;3.43715;2
-104.15249;26.07972;       0.38726;3.43716;2
-104.12577;26.08239;       0.38721;3.43717;2
-104.09904;26.08507;       0.38714;3.43718;2
-104.07230;26.08774;       0.38709;3.43718;2
-104.04554;26.09042;       0.38706;3.43719;2
-104.01878;26.09309;       0.38700;3.43720;2
-103.99203;26.09577;       0.38694;3.43721;2
-103.96527;26.09844;       0.38688;3.43722;2
-103.93850;26.10112;       0.38683;3.43722;2
-103.91183;26.10379;       0.38679;3.43723;2
-103.88511;26.10647;       0.38677;3.43724;2
-103.85835;26.10914;       0.38675;3.43725;2
-103.83160;26.11182;       0.38673;3.43725;2
-103.80485;26.11450;       0.38669;3.43726;2
-103.77809;26.11717;       0.38665;3.43727;2
-103.75135;26.11985;       0.38663;3.43728;2
-103.72461;26.12252;       0.38660;3.43729;2
-103.69787;26.12520;       0.38656;3.43729;2
-103.67115;26.12787;       0.38653;3.43730;2
-103.64440;26.13055;       0.38653;3.43731;2
-103.61766;26.13322;       0.38654;3.43732;2
-103.59089;26.13590;       0.38658;3.43732;2
-103.56411;26.13857;       0.38660;3.43733;2
-103.53737;26.14125;       0.38657;3.43734;2
-103.51068;26.14392;       0.38653;3.43735;2
-103.48393;26.14660;       0.38652;3.43736;2
-103.45715;26.14927;       0.38649;3.43736;2
-103.43040;26.15195;       0.38646;3.43737;2
-103.40368;26.15462;       0.38643;3.43738;2
-103.37693;26.15730;       0.38641;3.43739;2
-103.35020;26.15997;       0.38643;3.43739;2
-103.32346;26.16265;       0.38644;3.43740;2
-103.29671;26.16532;       0.38645;3.43741;2
-103.26996;26.16800;       0.38645;3.43742;2
-103.24323;26.17067;       0.38643;3.43742;2
-103.21651;26.17335;       0.38642;3.43743;2
-103.18978;26.17602;       0.38642;3.43744;2
-103.16304;26.17870;       0.38640;3.43745;2
-103.13629;26.18137;       0.38638;3.43746;2
-103.10955;26.18405;       0.38639;3.43746;2
-103.08281;26.18672;       0.38637;3.43747;2
-103.05607;26.18940;       0.38635;3.43748;2
-103.02933;26.19207;       0.38632;3.43749;2
-103.00261;26.19475;       0.38630;3.43749;2
-102.97586;26.19742;       0.38629;3.43750;2
-102.94908;26.20010;       0.38626;3.43751;2
-102.92235;26.20277;       0.38626;3.43752;2
-102.89563;26.20545;       0.38626;3.43752;2
-102.86888;26.20812;       0.38624;3.43753;2
-102.84213;26.21080;       0.38623;3.43754;2
-102.81535;26.21347;       0.38627;3.43755;2
-102.78860;26.21615;       0.38629;3.43755;2
-102.76186;26.21882;       0.38630;3.43756;2
-102.73512;26.22150;       0.38632;3.43757;2
-102.70836;26.22417;       0.38634;3.43758;2
-102.68163;26.22685;       0.38636;3.43758;2
-102.65489;26.22953;       0.38636;3.43759;2
-102.62817;26.23220;       0.38637;3.43760;2
-102.60144;26.23488;       0.38638;3.43761;2
-102.57468;26.23755;       0.38636;3.43762;2
-102.54794;26.24023;       0.38635;3.43762;2
-102.52122;26.24290;       0.38635;3.43763;2
-102.49449;26.24558;       0.38636;3.43764;2
-102.46773;26.24825;       0.38635;3.43765;2
-102.44098;26.25093;       0.38634;3.43765;2
-102.41424;26.25360;       0.38635;3.43766;2
-102.38750;26.25628;       0.38635;3.43767;2
-102.36076;26.25895;       0.38635;3.43768;2
-102.33405;26.26163;       0.38636;3.43768;2
-102.30732;26.26430;       0.38639;3.43769;2
-102.28056;26.26698;       0.38643;3.43770;2
-102.25382;26.26965;       0.38645;3.43771;2
-102.22708;26.27233;       0.38645;3.43771;2
-102.20034;26.27500;       0.38644;3.43772;2
-102.17361;26.27768;       0.38643;3.43773;2
-102.14685;26.28035;       0.38643;3.43774;2
-102.12006;26.28303;       0.38643;3.43774;2
-102.09330;26.28570;       0.38647;3.43775;2
-102.06657;26.28838;       0.38650;3.43776;2
-102.03981;26.29105;       0.38650;3.43777;2
-102.01306;26.29373;       0.38652;3.43777;2
-101.98631;26.29640;       0.38654;3.43778;2
-101.95958;26.29908;       0.38656;3.43779;2
-101.93285;26.30175;       0.38657;3.43780;2
-101.90609;26.30443;       0.38657;3.43780;2
-101.87930;26.30710;       0.38658;3.43781;2
-101.85253;26.30978;       0.38659;3.43782;2
-101.82578;26.31245;       0.38661;3.43783;2
-101.79903;26.31513;       0.38664;3.43783;2
-101.77227;26.31780;       0.38667;3.43784;2
-101.74554;26.32048;       0.38671;3.43785;2
-101.71878;26.32315;       0.38675;3.43786;2
-101.69203;26.32583;       0.38679;3.43786;2
-101.66527;26.32850;       0.38680;3.43787;2
-101.63849;26.33118;       0.38680;3.43788;2
-101.61173;26.33385;       0.38680;3.43789;2
-101.58498;26.33653;       0.38679;3.43789;2
-101.55823;26.33920;       0.38679;3.43790;2
-101.53149;26.34188;       0.38681;3.43791;2
-101.50472;26.34456;       0.38684;3.43792;2
-101.47791;26.34723;       0.38686;3.43792;2
-101.45117;26.34991;       0.38686;3.43793;2
-101.42444;26.35258;       0.38691;3.43794;2
-101.39768;26.35526;       0.38695;3.43795;2
-101.37090;26.35793;       0.38695;3.43795;2
-101.34411;26.36061;       0.38696;3.43796;2
-101.31733;26.36328;       0.38700;3.43797;2
-101.29055;26.36596;       0.38702;3.43797;2
-101.26381;26.36863;       0.38703;3.43798;2
-101.23706;26.37131;       0.38705;3.43799;2
-101.21029;26.37398;       0.38707;3.43800;2
-101.18357;26.37666;       0.38707;3.43800;2
-101.15684;26.37933;       0.38708;3.43801;2
-101.13009;26.38201;       0.38711;3.43802;2
-101.10336;26.38468;       0.38714;3.43803;2
-101.07659;26.38736;       0.38717;3.43803;2
-101.04985;26.39003;       0.38717;3.43804;2
-101.02310;26.39271;       0.38721;3.43805;2
-100.99636;26.39538;       0.38726;3.43806;2
-100.96960;26.39806;       0.38729;3.43806;2
-100.94283;26.40073;       0.38732;3.43807;2
-100.91609;26.40341;       0.38734;3.43808;2
-100.88934;26.40608;       0.38736;3.43809;2
-100.86258;26.40876;       0.38736;3.43809;2
-100.83580;26.41143;       0.38737;3.43810;2
-100.80901;26.41411;       0.38739;3.43811;2
-100.78223;26.41678;       0.38740;3.43811;2
-100.75545;26.41946;       0.38738;3.43812;2
-100.72869;26.42213;       0.38737;3.43813;2
-100.70192;26.42481;       0.38737;3.43814;2
-100.67511;26.42748;       0.38737;3.43814;2
-100.64834;26.43016;       0.38738;3.43815;2
-100.62157;26.43283;       0.38739;3.43816;2
-100.59480;26.43551;       0.38738;3.43817;2
-100.56805;26.43818;       0.38741;3.43817;2
-100.54131;26.44086;       0.38750;3.43818;2
-100.51455;26.44353;       0.38752;3.43819;2
-100.48781;26.44621;       0.38754;3.43819;2
-100.46109;26.44888;       0.38758;3.43820;2
-100.43439;26.45156;       0.38762;3.43821;2
-100.40768;26.45423;       0.38764;3.43822;2
-100.38093;26.45691;       0.38766;3.43822;2
-100.35418;26.45959;       0.38768;3.43823;2
-100.32741;26.46226;       0.38768;3.43824;2
-100.30064;26.46494;       0.38768;3.43825;2
-100.27390;26.46761;       0.38768;3.43825;2
-100.24718;26.47029;       0.38770;3.43826;2
-100.22045;26.47296;       0.38776;3.43827;2
-100.19370;26.47564;       0.38780;3.43827;2
-100.16694;26.47831;       0.38781;3.43828;2
-100.14019;26.48099;       0.38782;3.43829;2
-100.11345;26.48366;       0.38787;3.43830;2
-100.08670;26.48634;       0.38786;3.43830;2
-100.05994;26.48901;       0.38785;3.43831;2
-100.03319;26.49169;       0.38786;3.43832;2
-100.00646;26.49436;       0.38785;3.43832;2
 -99.97971;26.49704;       0.38784;3.43833;2
 -99.95297;26.49971;       0.38784;3.43834;2
 -99.92621;26.50239;       0.38784;3.43835;2
 -99.89949;26.50506;       0.38785;3.43835;2
 -99.87278;26.50774;       0.38786;3.43836;2
 -99.84601;26.51041;       0.38788;3.43837;2
 -99.81927;26.51309;       0.38790;3.43837;2
 -99.79250;26.51576;       0.38792;3.43838;2
 -99.76575;26.51844;       0.38794;3.43839;2
 -99.73905;26.52111;       0.38796;3.43840;2
 -99.71232;26.52379;       0.38795;3.43840;2
 -99.68560;26.52646;       0.38795;3.43841;2
 -99.65888;26.52914;       0.38793;3.43842;2
 -99.63216;26.53181;       0.38790;3.43842;2
 -99.60544;26.53449;       0.38788;3.43843;2
 -99.57872;26.53716;       0.38788;3.43844;2
 -99.55197;26.53984;       0.38789;3.43845;2
 -99.52522;26.54251;       0.38792;3.43845;2
 -99.49849;26.54519;       0.38793;3.43846;2
 -99.47178;26.54786;       0.38794;3.43847;2
 -99.44508;26.55054;       0.38791;3.43847;2
 -99.41836;26.55321;       0.38790;3.43848;2
 -99.39161;26.55589;       0.38790;3.43849;2
 -99.36487;26.55856;       0.38790;3.43850;2
 -99.33814;26.56124;       0.38790;3.43850;2
 -99.31139;26.56391;       0.38791;3.43851;2
 -99.28466;26.56659;       0.38791;3.43852;2
 -99.25795;26.56926;       0.38790;3.43852;2
 -99.23124;26.57194;       0.38789;3.43853;2
 -99.20450;26.57462;       0.38788;3.43854;2
 -99.17772;26.57729;       0.38788;3.43854;2
 -99.15094;26.57997;       0.38787;3.43855;2
 -99.12420;26.58264;       0.38786;3.43856;2
 -99.09746;26.58532;       0.38786;3.43857;2
 -99.07072;26.58799;       0.38786;3.43857;2
 -99.04397;26.59067;       0.38785;3.43858;2
 -99.01721;26.59334;       0.38779;3.43859;2
 -98.99048;26.59602;       0.38772;3.43859;2
 -98.96374;26.59869;       0.38767;3.43860;2
 -98.93696;26.60137;       0.38765;3.43861;2
 -98.91022;26.60404;       0.38764;3.43862;2
 -98.88346;26.60672;       0.38763;3.43862;2
 -98.85669;26.60939;       0.38760;3.43863;2
 -98.82993;26.61207;       0.38757;3.43864;2
 -98.80321;26.61474;       0.38756;3.43864;2
 -98.77650;26.61742;       0.38753;3.43865;2
 -98.74981;26.62009;       0.38749;3.43866;2
 -98.72311;26.62277;       0.38744;3.43866;2
 -98.69638;26.62544;       0.38738;3.43867;2
 -98.66964;26.62812;       0.38732;3.43868;2
 -98.64293;26.63079;       0.38729;3.43868;2
 -98.61620;26.63347;       0.38724;3.43869;2
 -98.58947;26.63614;       0.38720;3.43870;2
 -98.56274;26.63882;       0.38719;3.43871;2
 -98.53599;26.64149;       0.38717;3.43871;2
 -98.50923;26.64417;       0.38712;3.43872;2
 -98.48247;26.64684;       0.38707;3.43873;2
 -98.45570;26.64952;       0.38700;3.43873;2
 -98.42893;26.65219;       0.38693;3.43874;2
 -98.40218;26.65487;       0.38686;3.43875;2
 -98.37543;26.65754;       0.38679;3.43875;2
 -98.34871;26.66022;       0.38668;3.43876;2
 -98.32198;26.66289;       0.38666;3.43877;2
 -98.29524;26.66557;       0.38665;3.43878;2
 -98.26849;26.66824;       0.38659;3.43878;2
 -98.24175;26.67092;       0.38655;3.43879;2
 -98.21501;26.67359;       0.38648;3.43880;2
 -98.18828;26.67627;       0.38641;3.43880;2
 -98.16158;26.67894;       0.38632;3.43881;2
 -98.13488;26.68162;       0.38622;3.43882;2
 -98.10816;26.68430;       0.38615;3.43882;2
 -98.08149;26.68697;       0.38604;3.43883;2
 -98.05482;26.68965;       0.38593;3.43884;2
 -98.02814;26.69232;       0.38580;3.43884;2
 -98.00145;26.69500;       0.38566;3.43885;2
 -97.97474;26.69767;       0.38556;3.43886;2
 -97.94805;26.70035;       0.38544;3.43886;2
 -97.92133;26.70302;       0.38528;3.43887;2
 -97.89461;26.70570;       0.38514;3.43888;2
 -97.86788;26.70837;       0.38508;3.43888;2
 -97.84114;26.71105;       0.38505;3.43889;2
 -97.81443;26.71372;       0.38496;3.43890;2
 -97.78769;26.71640;       0.38487;3.43891;2
 -97.76101;26.71907;       0.38470;3.43891;2
 -97.73432;26.72175;       0.38447;3.43892;2
 -97.70754;26.72442;       0.38428;3.43893;2
 -97.68077;26.72710;       0.38414;3.43893;2
 -97.65401;26.72977;       0.38401;3.43894;2
 -97.62723;26.73245;       0.38385;3.43895;2
 -97.60046;26.73512;       0.38367;3.43895;2
 -97.57373;26.73780;       0.38349;3.43896;2
 -97.54700;26.74047;       0.38327;3.43897;2
 -97.52028;26.74315;       0.38311;3.43897;2
 -97.49356;26.74582;       0.38295;3.43898;2
 -97.46683;26.74850;       0.38277;3.43899;2
 -97.44010;26.75117;       0.38262;3.43899;2
 -97.41336;26.75385;       0.38247;3.43900;2
 -97.38663;26.75652;       0.38224;3.43901;2
 -97.35991;26.75920;       0.38200;3.43901;2
 -97.33320;26.76187;       0.38177;3.43902;2
 -97.30646;26.76455;       0.38152;3.43903;2
 -97.27976;26.76722;       0.38127;3.43903;2
 -97.25306;26.76990;       0.38101;3.43904;2
 -97.22632;26.77257;       0.38075;3.43905;2
 -97.19957;26.77525;       0.38048;3.43905;2
 -97.17283;26.77792;       0.38021;3.43906;2
 -97.14611;26.78060;       0.37993;3.43907;2
 -97.11940;26.78327;       0.37964;3.43907;2
 -97.09267;26.78595;       0.37936;3.43908;2
 -97.06592;26.78862;       0.37912;3.43909;2
 -97.03917;26.79130;       0.37886;3.43910;2
 -97.01244;26.79397;       0.37857;3.43910;2
 -96.98570;26.79665;       0.37829;3.43911;2
 -96.95891;26.79933;       0.37793;3.43912;2
 -96.93214;26.80200;       0.37756;3.43912;2
 -96.90543;26.80468;       0.37721;3.43913;2
 -96.87868;26.80735;       0.37686;3.43914;2
 -96.85193;26.81003;       0.37654;3.43914;2
 -96.82519;26.81270;       0.37619;3.43915;2
 -96.79842;26.81538;       0.37579;3.43916;2
 -96.77163;26.81805;       0.37535;3.43916;2
 -96.74488;26.82073;       0.37491;3.43917;2
 -96.71811;26.82340;       0.37447;3.43918;2
 -96.69133;26.82608;       0.37405;3.43918;2
 -96.66457;26.82875;       0.37365;3.43919;2
 -96.63782;26.83143;       0.37326;3.43920;2
 -96.61108;26.83410;       0.37283;3.43920;2
 -96.58434;26.83678;       0.37235;3.43921;2
 -96.55760;26.83945;       0.37184;3.43922;2
 -96.53085;26.84213;       0.37134;3.43922;2
 -96.50409;26.84480;       0.37082;3.43923;2
 -96.47734;26.84748;       0.37028;3.43924;2
 -96.45061;26.85015;       0.36977;3.43924;2
 -96.42387;26.85283;       0.36921;3.43925;2
 -96.39712;26.85550;       0.36862;3.43926;2
 -96.37035;26.85818;       0.36805;3.43926;2
 -96.34354;26.86085;       0.36748;3.43927;2
 -96.31675;26.86353;       0.36692;3.43927;2
 -96.28999;26.86620;       0.36628;3.43928;2
 -96.26324;26.86888;       0.36561;3.43929;2
 -96.23651;26.87155;       0.36497;3.43929;2
 -96.20978;26.87423;       0.36429;3.43930;2
 -96.18300;26.87690;       0.36357;3.43931;2
 -96.15617;26.87958;       0.36281;3.43931;2
 -96.12932;26.88225;       0.36205;3.43932;2
 -96.10251;26.88493;       0.36130;3.43933;2
 -96.07571;26.88760;       0.36055;3.43933;2
 -96.04886;26.89028;       0.35978;3.43934;2
 -96.02203;26.89295;       0.35898;3.43935;2
 -95.99519;26.89563;       0.35813;3.43935;2
 -95.96834;26.89830;       0.35727;3.43936;2
 -95.94152;26.90098;       0.35642;3.43937;2
 -95.91469;26.90365;       0.35555;3.43937;2
 -95.88789;26.90633;       0.35462;3.43938;2
 -95.86109;26.90900;       0.35366;3.43939;2
 -95.83426;26.91168;       0.35271;3.43939;2
 -95.80742;26.91436;       0.35174;3.43940;2
 -95.78058;26.91703;       0.35073;3.43941;2
 -95.75378;26.91971;       0.34967;3.43941;2
 -95.72694;26.92238;       0.34858;3.43942;2
 -95.70009;26.92506;       0.34747;3.43943;2
 -95.67330;26.92773;       0.34634;3.43943;2
 -95.64652;26.93041;       0.34511;3.43944;2
 -95.61976;26.93308;       0.34388;3.43945;2
 -95.59302;26.93576;       0.34271;3.43945;2
 -95.56625;26.93843;       0.34153;3.43946;2
 -95.53943;26.94111;       0.34030;3.43946;2
 -95.51265;26.94378;       0.33901;3.43947;2
 -95.48583;26.94646;       0.33764;3.43948;2
 -95.45901;26.94913;       0.33629;3.43948;2
 -95.43219;26.95181;       0.33495;3.43949;2
 -95.40536;26.95448;       0.33355;3.43950;2
 -95.37855;26.95716;       0.33205;3.43950;2
 -95.35174;26.95983;       0.33053;3.43951;2
 -95.32494;26.96251;       0.32900;3.43952;2
 -95.29814;26.96518;       0.32740;3.43952;2
 -95.27134;26.96786;       0.32575;3.43953;2
 -95.24455;26.97053;       0.32410;3.43954;2
 -95.21774;26.97321;       0.32243;3.43954;2
 -95.19093;26.97588;       0.32070;3.43955;2
 -95.16412;26.97856;       0.31892;3.43956;2
 -95.13731;26.98123;       0.31707;3.43956;2
 -95.11049;26.98391;       0.31512;3.43957;2
 -95.08366;26.98658;       0.31315;3.43957;2
 -95.05682;26.98926;       0.31120;3.43958;2
 -95.03002;26.99193;       0.30920;3.43959;2
 -95.00325;26.99461;       0.30709;3.43959;2
 -94.97648;26.99728;       0.30489;3.43960;2
 -94.94968;26.99996;       0.30270;3.43961;2
 -94.92290;27.00263;       0.30049;3.43961;2
 -94.89611;27.00531;       0.29819;3.43962;2
 -94.86929;27.00798;       0.29583;3.43963;2
 -94.84248;27.01066;       0.29348;3.43963;2
 -94.81567;27.01333;       0.29102;3.43964;2
 -94.78887;27.01601;       0.28849;3.43964;2
 -94.76210;27.01868;       0.28587;3.43965;2
 -94.73534;27.02136;       0.28315;3.43966;2
 -94.70858;27.02403;       0.28041;3.43966;2
 -94.68179;27.02671;       0.27760;3.43967;2
 -94.65498;27.02939;       0.27469;3.43968;2
 -94.62815;27.03206;       0.27173;3.43968;2
 -94.60133;27.03474;       0.26871;3.43969;2
 -94.57454;27.03741;       0.26561;3.43970;2
 -94.54770;27.04009;       0.26245;3.43970;2
 -94.52086;27.04276;       0.25917;3.43971;2
 -94.49405;27.04544;       0.25578;3.43971;2
 -94.46726;27.04811;       0.25234;3.43972;2
 -94.44044;27.05079;       0.24888;3.43973;2
 -94.41361;27.05346;       0.24521;3.43973;2
 -94.38680;27.05614;       0.24144;3.43974;2
 -94.35999;27.05881;       0.23763;3.43975;2
 -94.33319;27.06149;       0.23372;3.43975;2
 -94.30636;27.06416;       0.22970;3.43976;2
 -94.27953;27.06684;       0.22560;3.43977;2
 -94.25272;27.06951;       0.22135;3.43977;2
 -94.22590;27.07219;       0.21704;3.43978;2
 -94.19905;27.07486;       0.21265;3.43978;2
 -94.17218;27.07754;       0.20809;3.43979;2
 -94.14534;27.08021;       0.20338;3.43980;2
 -94.11853;27.08289;       0.19848;3.43980;2
 -94.09173;27.08556;       0.19357;3.43981;2
 -94.06491;27.08824;       0.18858;3.43982;2
 -94.03809;27.09091;       0.18333;3.43982;2
 -94.01125;27.09359;       0.17796;3.43983;2
 -93.98440;27.09626;       0.17241;3.43983;2
 -93.95757;27.09894;       0.16673;3.43984;2
 -93.93075;27.10161;       0.16095;3.43985;2
 -93.90393;27.10429;       0.15497;3.43985;2
 -93.87710;27.10696;       0.14886;3.43986;2
 -93.85028;27.10964;       0.14256;3.43987;2
 -93.82343;27.11231;       0.13609;3.43987;2
 -93.79660;27.11499;       0.12942;3.43988;2
 -93.76980;27.11766;       0.12258;3.43988;2
 -93.74295;27.12034;       0.11557;3.43989;2
 -93.71608;27.12301;       0.10831;3.43990;2
 -93.68923;27.12569;       0.10079;3.43990;2
 -93.66238;27.12836; 9.308030e-002;3.43991;2
 -93.63550;27.13104; 8.517591e-002;3.43992;2
 -93.60861;27.13371; 7.707880e-002;3.43992;2
 -93.58170;27.13639; 6.880172e-002;3.43993;2
 -93.55478;27.13906; 6.022171e-002;3.43993;2
 -93.52786;27.14174; 5.132699e-002;3.43994;2
 -93.50096;27.14442; 4.220016e-002;3.43995;2
 -93.47405;27.14709; 3.284201e-002;3.43995;2
 -93.44718;27.14977; 2.319882e-002;3.43996;2
 -93.42027;27.15244; 1.321216e-002;3.43996;2
 -93.39336;27.15512; 2.930715e-003;3.43997;2
 -93.36645;27.15779;-7.601714e-003;3.43998;2
 -93.33952;27.16047;-1.848094e-002;3.43998;2
 -93.31258;27.16314;-2.980253e-002;3.43999;2
 -93.28562;27.16582;-4.142914e-002;3.44000;2
 -93.25867;27.16849;-5.335414e-002;3.44000;2
 -93.23172;27.17117;-6.567467e-002;3.44001;2
 -93.20472;27.17384;-7.839346e-002;3.44001;2
 -93.17775;27.17652;-9.150026e-002;3.44002;2
 -93.15079;27.17919;      -0.10507;3.44003;2
 -93.12383;27.18187;      -0.11909;3.44003;2
 -93.09688;27.18454;      -0.13353;3.44004;2
 -93.06992;27.18722;      -0.14845;3.44004;2
 -93.04292;27.18989;      -0.16383;3.44005;2
 -93.01594;27.19257;      -0.17978;3.44006;2
 -92.98896;27.19524;      -0.19628;3.44006;2
 -92.96195;27.19792;      -0.21327;3.44007;2
 -92.93492;27.20059;      -0.23084;3.44008;2
 -92.90792;27.20327;      -0.24899;3.44008;2
 -92.88092;27.20594;      -0.26773;3.44009;2
 -92.85390;27.20862;      -0.28714;3.44009;2
 -92.82690;27.21129;      -0.30727;3.44010;2
 -92.79994;27.21397;      -0.32811;3.44011;2
 -92.77294;27.21664;      -0.34965;3.44011;2
 -92.74594;27.21932;      -0.37185;3.44012;2
 -92.71894;27.22199;      -0.39487;3.44012;2
 -92.69191;27.22467;      -0.41878;3.44013;2
 -92.66487;27.22734;      -0.44346;3.44014;2
 -92.63787;27.23002;      -0.46895;3.44014;2
 -92.61088;27.23269;      -0.49527;3.44015;2
 -92.58391;27.23537;      -0.52251;3.44015;2
 -92.55693;27.23804;      -0.55072;3.44016;2
 -92.52990;27.24072;      -0.57982;3.44017;2
 -92.50290;27.24339;      -0.60987;3.44017;2
 -92.47592;27.24607;      -0.64081;3.44018;2
 -92.44893;27.24874;      -0.67268;3.44018;2
 -92.42191;27.25142;      -0.70546;3.44019;2
 -92.39492;27.25409;      -0.73909;3.44020;2
 -92.36796;27.25677;      -0.77356;3.44020;2
 -92.34101;27.25945;      -0.80885;3.44021;2
 -92.31404;27.26212;      -0.84485;3.44022;2
 -92.28708;27.26480;      -0.88146;3.44022;2
 -92.26020;27.26747;      -0.91866;3.44023;2
 -92.23329;27.27015;      -0.95631;3.44023;2
 -92.20639;27.27282;      -0.99429;3.44024;2
 -92.17949;27.27550;      -1.03246;3.44025;2
 -92.15260;27.27817;      -1.07064;3.44025;2
 -92.12572;27.28085;      -1.10870;3.44026;2
 -92.09883;27.28352;      -1.14657;3.44026;2
 -92.07198;27.28620;      -1.18395;3.44027;2
 -92.04514;27.28887;      -1.22070;3.44027;2
 -92.01830;27.29155;      -1.25667;3.44028;2
 -91.99148;27.29422;      -1.29161;3.44029;2
 -91.96466;27.29690;      -1.32536;3.44029;2
 -91.93788;27.29957;      -1.35783;3.44030;2
 -91.91111;27.30225;      -1.38885;3.44030;2
 -91.88432;27.30492;      -1.41829;3.44031;2
 -91.85755;27.30760;      -1.44606;3.44032;2
 -91.83079;27.31027;      -1.47205;3.44032;2
 -91.80405;27.31295;      -1.49614;3.44033;2
 -91.77732;27.31562;      -1.51820;3.44033;2
 -91.75059;27.31830;      -1.53833;3.44034;2
 -91.72389;27.32097;      -1.55658;3.44035;2
 -91.69722;27.32365;      -1.57272;3.44035;2
 -91.67056;27.32632;      -1.58679;3.44036;2
 -91.64390;27.32900;      -1.59890;3.44036;2
 -91.61726;27.33167;      -1.60906;3.44037;2
 -91.59063;27.33435;      -1.61728;3.44038;2
 -91.56399;27.33702;      -1.62369;3.44038;2
 -91.53737;27.33970;      -1.62824;3.44039;2
 -91.51076;27.34237;      -1.63104;3.44039;2
 -91.48416;27.34505;      -1.63224;3.44040;2
 -91.45756;27.34772;      -1.63192;3.44040;2
 -91.43097;27.35040;      -1.63002;3.44041;2
 -91.40439;27.35307;      -1.62674;3.44042;2
 -91.37783;27.35575;      -1.62215;3.44042;2
 -91.35131;27.35842;      -1.61637;3.44043;2
 -91.32480;27.36110;      -1.60943;3.44043;2
 -91.29831;27.36377;      -1.60133;3.44044;2
 -91.27182;27.36645;      -1.59231;3.44044;2
 -91.24536;27.36913;      -1.58235;3.44045;2
 -91.21891;27.37180;      -1.57149;3.44046;2
 -91.19246;27.37448;      -1.55984;3.44046;2
 -91.16603;27.37715;      -1.54751;3.44047;2
 -91.13960;27.37983;      -1.53451;3.44047;2
 -91.11318;27.38250;      -1.52081;3.44048;2
 -91.08678;27.38518;      -1.50657;3.44048;2
 -91.06039;27.38785;      -1.49192;3.44049;2
 -91.03401;27.39053;      -1.47678;3.44050;2
 -91.00767;27.39320;      -1.46128;3.44050;2
 -90.98132;27.39588;      -1.44542;3.44051;2
 -90.95498;27.39855;      -1.42923;3.44051;2
 -90.92868;27.40123;      -1.41278;3.44052;2
 -90.90236;27.40390;      -1.39606;3.44052;2
 -90.87604;27.40658;      -1.37914;3.44053;2
 -90.84971;27.40925;      -1.36209;3.44054;2
 -90.82342;27.41193;      -1.34485;3.44054;2
 -90.79713;27.41460;      -1.32744;3.44055;2
 -90.77081;27.41728;      -1.30998;3.44055;2
 -90.74455;27.41995;      -1.29237;3.44056;2
 -90.71829;27.42263;      -1.27476;3.44056;2
 -90.69205;27.42530;      -1.25713;3.44057;2
 -90.66582;27.42798;      -1.23943;3.44057;2
 -90.63954;27.43065;      -1.22177;3.44058;2
 -90.61329;27.43333;      -1.20413;3.44059;2
 -90.58706;27.43600;      -1.18643;3.44059;2
 -90.56082;27.43868;      -1.16877;3.44060;2
 -90.53459;27.44135;      -1.15126;3.44060;2
 -90.50839;27.44403;      -1.13386;3.44061;2
 -90.48216;27.44670;      -1.11641;3.44061;2
 -90.45592;27.44938;      -1.09906;3.44062;2
 -90.42969;27.45205;      -1.08180;3.44063;2
 -90.40346;27.45473;      -1.06462;3.44063;2
 -90.37725;27.45740;      -1.04761;3.44064;2
 -90.35101;27.46008;      -1.03065;3.44064;2
 -90.32476;27.46275;      -1.01375;3.44065;2
 -90.29851;27.46543;      -0.99701;3.44065;2
 -90.27227;27.46810;      -0.98046;3.44066;2
 -90.24600;27.47078;      -0.96399;3.44066;2
 -90.21973;27.47345;      -0.94764;3.44067;2
 -90.19345;27.47613;      -0.93143;3.44067;2
 -90.16717;27.47880;      -0.91533;3.44068;2
 -90.14089;27.48148;      -0.89936;3.44069;2
 -90.11461;27.48416;      -0.88357;3.44069;2
 -90.08833;27.48683;      -0.86800;3.44070;2
 -90.06205;27.48951;      -0.85253;3.44070;2
 -90.03577;27.49218;      -0.83725;3.44071;2
 -90.00947;27.49486;      -0.82212;3.44071;2
 -89.98316;27.49753;      -0.80708;3.44072;2
 -89.95686;27.50021;      -0.79222;3.44073;2
 -89.93055;27.50288;      -0.77748;3.44073;2
 -89.90419;27.50556;      -0.76288;3.44074;2
 -89.87783;27.50823;      -0.74845;3.44074;2
 -89.85148;27.51091;      -0.73418;3.44075;2
 -89.82513;27.51358;      -0.72014;3.44075;2
 -89.79872;27.51626;      -0.70624;3.44076;2
 -89.77233;27.51893;      -0.69248;3.44076;2
 -89.74596;27.52161;      -0.67886;3.44077;2
 -89.71955;27.52428;      -0.66537;3.44077;2
 -89.69314;27.52696;      -0.65208;3.44078;2
 -89.66670;27.52963;      -0.63894;3.44079;2
 -89.64025;27.53231;      -0.62593;3.44079;2
 -89.61380;27.53498;      -0.61308;3.44080;2
 -89.58733;27.53766;      -0.60039;3.44080;2
 -89.56084;27.54033;      -0.58782;3.44081;2
 -89.53436;27.54301;      -0.57545;3.44081;2
 -89.50788;27.54568;      -0.56320;3.44082;2
 -89.48142;27.54836;      -0.55107;3.44082;2
 -89.45496;27.55103;      -0.53914;3.44083;2
 -89.42845;27.55371;      -0.52732;3.44083;2
 -89.40192;27.55638;      -0.51568;3.44084;2
 -89.37540;27.55906;      -0.50424;3.44085;2
 -89.34888;27.56173;      -0.49291;3.44085;2
 -89.32232;27.56441;      -0.48164;3.44086;2
 -89.29571;27.56708;      -0.47051;3.44086;2
 -89.26915;27.56976;      -0.45956;3.44087;2
 -89.24254;27.57243;      -0.44876;3.44087;2
 -89.21589;27.57511;      -0.43812;3.44088;2
 -89.18925;27.57778;      -0.42759;3.44088;2
 -89.16264;27.58046;      -0.41716;3.44089;2
 -89.13603;27.58313;      -0.40691;3.44089;2
 -89.10938;27.58581;      -0.39675;3.44090;2
 -89.08270;27.58848;      -0.38668;3.44091;2
 -89.05602;27.59116;      -0.37678;3.44091;2
 -89.02934;27.59383;      -0.36699;3.44092;2
 -89.00266;27.59651;      -0.35734;3.44092;2
 -88.97597;27.59919;      -0.34792;3.44093;2
 -88.94925;27.60186;      -0.33863;3.44093;2
 -88.92251;27.60454;      -0.32936;3.44094;2
 -88.89578;27.60721;      -0.32023;3.44094;2
 -88.86908;27.60989;      -0.31117;3.44095;2
 -88.84239;27.61256;      -0.30220;3.44095;2
 -88.81565;27.61524;      -0.29341;3.44096;2
 -88.78891;27.61791;      -0.28474;3.44097;2
 -88.76221;27.62059;      -0.27611;3.44097;2
 -88.73542;27.62326;      -0.26763;3.44098;2
 -88.70860;27.62594;      -0.25931;3.44098;2
 -88.68176;27.62861;      -0.25115;3.44099;2
 -88.65491;27.63129;      -0.24309;3.44099;2
 -88.62809;27.63396;      -0.23509;3.44100;2
 -88.60124;27.63664;      -0.22718;3.44100;2
 -88.57437;27.63931;      -0.21944;3.44101;2
 -88.54749;27.64199;      -0.21179;3.44101;2
 -88.52061;27.64466;      -0.20418;3.44102;2
 -88.49372;27.64734;      -0.19672;3.44102;2
 -88.46684;27.65001;      -0.18935;3.44103;2
 -88.43997;27.65269;      -0.18206;3.44104;2
 -88.41311;27.65536;      -0.17486;3.44104;2
 -88.38623;27.65804;      -0.16776;3.44105;2
 -88.35933;27.66071;      -0.16076;3.44105;2
 -88.33242;27.66339;      -0.15387;3.44106;2
 -88.30550;27.66606;      -0.14707;3.44106;2
 -88.27857;27.66874;      -0.14033;3.44107;2
 -88.25164;27.67141;      -0.13368;3.44107;2
 -88.22471;27.67409;      -0.12715;3.44108;2
 -88.19776;27.67676;      -0.12073;3.44108;2
 -88.17083;27.67944;      -0.11435;3.44109;2
 -88.14389;27.68211;      -0.10806;3.44109;2
 -88.11695;27.68479;      -0.10189;3.44110;2
 -88.09003;27.68746;-9.582878e-002;3.44111;2
 -88.06312;27.69014;-8.979717e-002;3.44111;2
 -88.03617;27.69281;-8.383379e-002;3.44112;2
 -88.00918;27.69549;-7.793889e-002;3.44112;2
 -87.98220;27.69816;-7.211152e-002;3.44113;2
 -87.95522;27.70084;-6.636593e-002;3.44113;2
 -87.92825;27.70351;-6.069615e-002;3.44114;2
 -87.90127;27.70619;-5.514054e-002;3.44114;2
 -87.87432;27.70886;-4.963674e-002;3.44115;2
 -87.84737;27.71154;-4.419542e-002;3.44115;2
 -87.82038;27.71422;-3.888502e-002;3.44116;2
 -87.79335;27.71689;-3.365787e-002;3.44116;2
 -87.76639;27.71957;-2.850870e-002;3.44117;2
 -87.73943;27.72224;-2.340446e-002;3.44117;2
 -87.71242;27.72492;-1.830194e-002;3.44118;2
 -87.68543;27.72759;-1.320604e-002;3.44118;2
 -87.65842;27.73027;-8.192354e-003;3.44119;2
 -87.63140;27.73294;-3.330896e-003;3.44120;2
 -87.60437;27.73562; 1.437344e-003;3.44120;2
 -87.57736;27.73829; 6.133097e-003;3.44121;2
 -87.55036;27.74097; 1.075691e-002;3.44121;2
 -87.52338;27.74364; 1.537538e-002;3.44122;2
 -87.49640;27.74632; 1.990644e-002;3.44122;2
 -87.46939;27.74899; 2.436888e-002;3.44123;2
 -87.44237;27.75167; 2.879750e-002;3.44123;2
 -87.41536;27.75434; 3.318139e-002;3.44124;2
 -87.38839;27.75702; 3.750779e-002;3.44124;2
 -87.36144;27.75969; 4.178382e-002;3.44125;2
 -87.33446;27.76237; 4.597654e-002;3.44125;2
 -87.30745;27.76504; 5.011723e-002;3.44126;2
 -87.28043;27.76772; 5.423361e-002;3.44126;2
 -87.25348;27.77039; 5.824655e-002;3.44127;2
 -87.22647;27.77307; 6.211347e-002;3.44127;2
 -87.19949;27.77574; 6.590474e-002;3.44128;2
 -87.17254;27.77842; 6.969706e-002;3.44128;2
 -87.14556;27.78109; 7.350604e-002;3.44129;2
 -87.11858;27.78377; 7.728693e-002;3.44129;2
 -87.09161;27.78644; 8.097421e-002;3.44130;2
 -87.06467;27.78912; 8.460771e-002;3.44131;2
 -87.03772;27.79179; 8.817891e-002;3.44131;2
 -87.01076;27.79447; 9.168980e-002;3.44132;2
 -86.98382;27.79714; 9.520191e-002;3.44132;2
 -86.95686;27.79982; 9.864299e-002;3.44133;2
 -86.92991;27.80249;       0.10206;3.44133;2
 -86.90296;27.80517;       0.10549;3.44134;2
 -86.87601;27.80784;       0.10888;3.44134;2
 -86.84906;27.81052;       0.11214;3.44135;2
 -86.82211;27.81319;       0.11532;3.44135;2
 -86.79514;27.81587;       0.11849;3.44136;2
 -86.76821;27.81854;       0.12162;3.44136;2
 -86.74130;27.82122;       0.12469;3.44137;2
 -86.71433;27.82389;       0.12774;3.44137;2
 -86.68740;27.82657;       0.13077;3.44138;2
 -86.66051;27.82925;       0.13375;3.44138;2
 -86.63363;27.83192;       0.13668;3.44139;2
 -86.60674;27.83460;       0.13956;3.44139;2
 -86.57986;27.83727;       0.14242;3.44140;2
 -86.55297;27.83995;       0.14524;3.44140;2
 -86.52607;27.84262;       0.14803;3.44141;2
 -86.49917;27.84530;       0.15080;3.44141;2
 -86.47226;27.84797;       0.15353;3.44142;2
 -86.44536;27.85065;       0.15619;3.44142;2
 -86.41847;27.85332;       0.15883;3.44143;2
 -86.39157;27.85600;       0.16143;3.44143;2
 -86.36466;27.85867;       0.16397;3.44144;2
 -86.33778;27.86135;       0.16646;3.44144;2
 -86.31088;27.86402;       0.16895;3.44145;2
 -86.28399;27.86670;       0.17141;3.44145;2
 -86.25713;27.86937;       0.17381;3.44146;2
 -86.23029;27.87205;       0.17617;3.44146;2
 -86.20342;27.87472;       0.17854;3.44147;2
 -86.17656;27.87740;       0.18091;3.44147;2
 -86.14971;27.88007;       0.18328;3.44148;2
 -86.12281;27.88275;       0.18558;3.44148;2
 -86.09592;27.88542;       0.18780;3.44149;2
 -86.06906;27.88810;       0.18998;3.44149;2
 -86.04216;27.89077;       0.19213;3.44150;2
 -86.01527;27.89345;       0.19424;3.44150;2
 -85.98839;27.89612;       0.19637;3.44151;2
 -85.96152;27.89880;       0.19848;3.44151;2
 -85.93467;27.90147;       0.20056;3.44152;2
 -85.90781;27.90415;       0.20264;3.44152;2
 -85.88092;27.90682;       0.20465;3.44153;2
 -85.85407;27.90950;       0.20661;3.44153;2
 -85.82721;27.91217;       0.20853;3.44154;2
 -85.80033;27.91485;       0.21047;3.44154;2
 -85.77348;27.91752;       0.21239;3.44155;2
 -85.74667;27.92020;       0.21423;3.44155;2
 -85.71983;27.92287;       0.21604;3.44156;2
 -85.69298;27.92555;       0.21790;3.44156;2
 -85.66614;27.92822;       0.21975;3.44157;2
 -85.63928;27.93090;       0.22156;3.44157;2
 -85.61244;27.93357;       0.22338;3.44158;2
 -85.58564;27.93625;       0.22516;3.44158;2
 -85.55883;27.93893;       0.22690;3.44159;2
 -85.53202;27.94160;       0.22855;3.44159;2
 -85.50524;27.94428;       0.23013;3.44160;2
 -85.47844;27.94695;       0.23176;3.44160;2
 -85.45162;27.94963;       0.23338;3.44161;2
 -85.42481;27.95230;       0.23499;3.44161;2
 -85.39802;27.95498;       0.23657;3.44162;2
 -85.37121;27.95765;       0.23810;3.44162;2
 -85.34440;27.96033;       0.23962;3.44163;2
 -85.31755;27.96300;       0.24116;3.44163;2
 -85.29072;27.96568;       0.24268;3.44164;2
 -85.26395;27.96835;       0.24417;3.44164;2
 -85.23720;27.97103;       0.24563;3.44165;2
 -85.21038;27.97370;       0.24703;3.44165;2
 -85.18359;27.97638;       0.24845;3.44166;2
 -85.15681;27.97905;       0.24985;3.44166;2
 -85.13002;27.98173;       0.25124;3.44167;2
 -85.10325;27.98440;       0.25268;3.44167;2
 -85.07648;27.98708;       0.25405;3.44168;2
 -85.04968;27.98975;       0.25534;3.44168;2
 -85.02289;27.99243;       0.25662;3.44169;2
 -84.99611;27.99510;       0.25790;3.44169;2
 -84.96932;27.99778;       0.25916;3.44169;2
 -84.94250;28.00045;       0.26040;3.44170;2
 -84.91570;28.00313;       0.26166;3.44170;2
 -84.88892;28.00580;       0.26291;3.44171;2
 -84.86214;28.00848;       0.26413;3.44171;2
 -84.83535;28.01115;       0.26535;3.44172;2
 -84.80855;28.01383;       0.26658;3.44172;2
 -84.78176;28.01650;       0.26784;3.44173;2
 -84.75498;28.01918;       0.26900;3.44173;2
 -84.72819;28.02185;       0.27009;3.44174;2
 -84.70139;28.02453;       0.27117;3.44174;2
 -84.67460;28.02720;       0.27228;3.44175;2
 -84.64782;28.02988;       0.27336;3.44175;2
 -84.62101;28.03255;       0.27445;3.44176;2
 -84.59421;28.03523;       0.27556;3.44176;2
 -84.56744;28.03790;       0.27664;3.44177;2
 -84.54066;28.04058;       0.27767;3.44177;2
 -84.51386;28.04325;       0.27868;3.44178;2
 -84.48707;28.04593;       0.27968;3.44178;2
 -84.46031;28.04860;       0.28068;3.44179;2
 -84.43357;28.05128;       0.28168;3.44179;2
 -84.40685;28.05396;       0.28268;3.44180;2
 -84.38011;28.05663;       0.28361;3.44180;2
 -84.35336;28.05931;       0.28453;3.44180;2
 -84.32661;28.06198;       0.28549;3.44181;2
 -84.29985;28.06466;       0.28646;3.44181;2
 -84.27312;28.06733;       0.28742;3.44182;2
 -84.24638;28.07001;       0.28836;3.44182;2
 -84.21962;28.07268;       0.28928;3.44183;2
 -84.19286;28.07536;       0.29016;3.44183;2
 -84.16612;28.07803;       0.29103;3.44184;2
 -84.13939;28.08071;       0.29190;3.44184;2
 -84.11262;28.08338;       0.29270;3.44185;2
 -84.08590;28.08606;       0.29350;3.44185;2
 -84.05919;28.08873;       0.29434;3.44186;2
 -84.03247;28.09141;       0.29517;3.44186;2
 -84.00576;28.09408;       0.29597;3.44187;2
 -83.97907;28.09676;       0.29677;3.44187;2
 -83.95236;28.09943;       0.29758;3.44187;2
 -83.92564;28.10211;       0.29838;3.44188;2
 -83.89896;28.10478;       0.29916;3.44188;2
 -83.87228;28.10746;       0.29993;3.44189;2
 -83.84557;28.11013;       0.30068;3.44189;2
 -83.81884;28.11281;       0.30143;3.44190;2
 -83.79212;28.11548;       0.30214;3.44190;2
 -83.76542;28.11816;       0.30282;3.44191;2
 -83.73872;28.12083;       0.30353;3.44191;2
 -83.71200;28.12351;       0.30426;3.44192;2
 -83.68530;28.12618;       0.30493;3.44192;2
 -83.65857;28.12886;       0.30557;3.44193;2
 -83.63184;28.13153;       0.30621;3.44193;2
 -83.60516;28.13421;       0.30686;3.44193;2
 -83.57846;28.13688;       0.30754;3.44194;2
 -83.55174;28.13956;       0.30819;3.44194;2
 -83.52504;28.14223;       0.30883;3.44195;2
 -83.49833;28.14491;       0.30945;3.44195;2
 -83.47159;28.14758;       0.31003;3.44196;2
 -83.44489;28.15026;       0.31067;3.44196;2
 -83.41821;28.15293;       0.31129;3.44197;2
 -83.39151;28.15561;       0.31188;3.44197;2
 -83.36481;28.15828;       0.31249;3.44198;2
 -83.33811;28.16096;       0.31312;3.44198;2
 -83.31138;28.16363;       0.31375;3.44199;2
 -83.28467;28.16631;       0.31435;3.44199;2
 -83.25796;28.16899;       0.31493;3.44199;2
 -83.23122;28.17166;       0.31549;3.44200;2
 -83.20448;28.17434;       0.31602;3.44200;2
 -83.17777;28.17701;       0.31655;3.44201;2
 -83.15105;28.17969;       0.31709;3.44201;2
 -83.12432;28.18236;       0.31763;3.44202;2
 -83.09760;28.18504;       0.31815;3.44202;2
 -83.07088;28.18771;       0.31867;3.44203;2
 -83.04416;28.19039;       0.31919;3.44203;2
 -83.01744;28.19306;       0.31967;3.44203;2
 -82.99070;28.19574;       0.32018;3.44204;2
 -82.96396;28.19841;       0.32070;3.44204;2
 -82.93724;28.20109;       0.32118;3.44205;2
 -82.91053;28.20376;       0.32166;3.44205;2
 -82.88386;28.20644;       0.32213;3.44206;2
 -82.85714;28.20911;       0.32259;3.44206;2
 -82.83041;28.21179;       0.32304;3.44207;2
 -82.80371;28.21446;       0.32349;3.44207;2
 -82.77700;28.21714;       0.32391;3.44207;2
 -82.75027;28.21981;       0.32437;3.44208;2
 -82.72355;28.22249;       0.32483;3.44208;2
 -82.69684;28.22516;       0.32527;3.44209;2
 -82.67008;28.22784;       0.32568;3.44209;2
 -82.64333;28.23051;       0.32604;3.44210;2
 -82.61662;28.23319;       0.32642;3.44210;2
 -82.58991;28.23586;       0.32682;3.44211;2
 -82.56318;28.23854;       0.32723;3.44211;2
 -82.53645;28.24121;       0.32764;3.44211;2
 -82.50974;28.24389;       0.32802;3.44212;2
 -82.48305;28.24656;       0.32841;3.44212;2
 -82.45636;28.24924;       0.32880;3.44213;2
 -82.42965;28.25191;       0.32920;3.44213;2
 -82.40291;28.25459;       0.32961;3.44214;2
 -82.37613;28.25726;       0.33002;3.44214;2
 -82.34937;28.25994;       0.33041;3.44215;2
 -82.32263;28.26261;       0.33080;3.44215;2
 -82.29589;28.26529;       0.33118;3.44215;2
 -82.26914;28.26796;       0.33156;3.44216;2
 -82.24238;28.27064;       0.33191;3.44216;2
 -82.21564;28.27331;       0.33225;3.44217;2
 -82.18892;28.27599;       0.33259;3.44217;2
 -82.16220;28.27866;       0.33292;3.44218;2
 -82.13546;28.28134;       0.33325;3.44218;2
 -82.10871;28.28402;       0.33359;3.44218;2
 -82.08199;28.28669;       0.33386;3.44219;2
 -82.05525;28.28937;       0.33415;3.44219;2
 -82.02850;28.29204;       0.33449;3.44220;2
 -82.00176;28.29472;       0.33483;3.44220;2
 -81.97501;28.29739;       0.33516;3.44221;2
 -81.94823;28.30007;       0.33548;3.44221;2
 -81.92146;28.30274;       0.33579;3.44222;2
 -81.89469;28.30542;       0.33610;3.44222;2
 -81.86792;28.30809;       0.33639;3.44222;2
 -81.84116;28.31077;       0.33669;3.44223;2
 -81.81438;28.31344;       0.33698;3.44223;2
 -81.78761;28.31612;       0.33727;3.44224;2
 -81.76086;28.31879;       0.33757;3.44224;2
 -81.73408;28.32147;       0.33787;3.44225;2
 -81.70728;28.32414;       0.33819;3.44225;2
 -81.68052;28.32682;       0.33850;3.44225;2
 -81.65373;28.32949;       0.33879;3.44226;2
 -81.62695;28.33217;       0.33904;3.44226;2
 -81.60019;28.33484;       0.33929;3.44227;2
 -81.57342;28.33752;       0.33959;3.44227;2
 -81.54665;28.34019;       0.33985;3.44228;2
 -81.51991;28.34287;       0.34012;3.44228;2
 -81.49314;28.34554;       0.34040;3.44228;2
 -81.46635;28.34822;       0.34067;3.44229;2
 -81.43957;28.35089;       0.34093;3.44229;2
 -81.41275;28.35357;       0.34120;3.44230;2
 -81.38595;28.35624;       0.34142;3.44230;2
 -81.35915;28.35892;       0.34161;3.44231;2
 -81.33235;28.36159;       0.34183;3.44231;2
 -81.30555;28.36427;       0.34205;3.44231;2
 -81.27878;28.36694;       0.34229;3.44232;2
 -81.25203;28.36962;       0.34250;3.44232;2
 -81.22527;28.37229;       0.34273;3.44233;2
 -81.19849;28.37497;       0.34299;3.44233;2
 -81.17169;28.37764;       0.34325;3.44233;2
 -81.14490;28.38032;       0.34353;3.44234;2
 -81.11816;28.38299;       0.34378;3.44234;2
 -81.09140;28.38567;       0.34399;3.44235;2
 -81.06463;28.38834;       0.34419;3.44235;2
 -81.03789;28.39102;       0.34441;3.44236;2
 -81.01113;28.39369;       0.34463;3.44236;2
 -80.98437;28.39637;       0.34485;3.44236;2
 -80.95766;28.39905;       0.34506;3.44237;2
 -80.93096;28.40172;       0.34527;3.44237;2
 -80.90420;28.40440;       0.34545;3.44238;2
 -80.87746;28.40707;       0.34560;3.44238;2
 -80.85069;28.40975;       0.34574;3.44239;2
 -80.82391;28.41242;       0.34590;3.44239;2
 -80.79715;28.41510;       0.34608;3.44239;2
 -80.77039;28.41777;       0.34627;3.44240;2
 -80.74364;28.42045;       0.34645;3.44240;2
 -80.71690;28.42312;       0.34665;3.44241;2
 -80.69013;28.42580;       0.34687;3.44241;2
 -80.66336;28.42847;       0.34708;3.44241;2
 -80.63662;28.43115;       0.34726;3.44242;2
 -80.60990;28.43382;       0.34744;3.44242;2
 -80.58318;28.43650;       0.34762;3.44243;2
 -80.55646;28.43917;       0.34782;3.44243;2
 -80.52974;28.44185;       0.34802;3.44243;2
 -80.50300;28.44452;       0.34820;3.44244;2
 -80.47626;28.44720;       0.34839;3.44244;2
 -80.44951;28.44987;       0.34857;3.44245;2
 -80.42275;28.45255;       0.34876;3.44245;2
 -80.39600;28.45522;       0.34894;3.44246;2
 -80.36927;28.45790;       0.34911;3.44246;2
 -80.34254;28.46057;       0.34927;3.44246;2
 -80.31582;28.46325;       0.34944;3.44247;2
 -80.28907;28.46592;       0.34958;3.44247;2
 -80.26232;28.46860;       0.34972;3.44248;2
 -80.23561;28.47127;       0.34987;3.44248;2
 -80.20888;28.47395;       0.35001;3.44248;2
 -80.18217;28.47662;       0.35014;3.44249;2
 -80.15540;28.47930;       0.35029;3.44249;2
 -80.12863;28.48197;       0.35040;3.44250;2
 -80.10190;28.48465;       0.35048;3.44250;2
 -80.07515;28.48732;       0.35058;3.44250;2
 -80.04840;28.49000;       0.35070;3.44251;2
 -80.02167;28.49267;       0.35081;3.44251;2
 -79.99493;28.49535;       0.35094;3.44252;2
 -79.96816;28.49802;       0.35110;3.44252;2
 -79.94139;28.50070;       0.35125;3.44252;2
 -79.91464;28.50337;       0.35139;3.44253;2
 -79.88787;28.50605;       0.35157;3.44253;2
 -79.86111;28.50872;       0.35176;3.44254;2
 -79.83436;28.51140;       0.35193;3.44254;2
 -79.80757;28.51408;       0.35208;3.44254;2
 -79.78081;28.51675;       0.35223;3.44255;2
 -79.75404;28.51943;       0.35235;3.44255;2
 -79.72726;28.52210;       0.35246;3.44256;2
 -79.70050;28.52478;       0.35258;3.44256;2
 -79.67375;28.52745;       0.35271;3.44256;2
 -79.64699;28.53013;       0.35287;3.44257;2
 -79.62026;28.53280;       0.35304;3.44257;2
 -79.59354;28.53548;       0.35315;3.44258;2
 -79.56680;28.53815;       0.35323;3.44258;2
 -79.54004;28.54083;       0.35335;3.44258;2
 -79.51325;28.54350;       0.35348;3.44259;2
 -79.48647;28.54618;       0.35360;3.44259;2
 -79.45972;28.54885;       0.35369;3.44260;2
 -79.43301;28.55153;       0.35377;3.44260;2
 -79.40630;28.55420;       0.35388;3.44260;2
 -79.37960;28.55688;       0.35398;3.44261;2
 -79.35287;28.55955;       0.35408;3.44261;2
 -79.32614;28.56223;       0.35418;3.44262;2
 -79.29942;28.56490;       0.35429;3.44262;2
 -79.27267;28.56758;       0.35440;3.44262;2
 -79.24591;28.57025;       0.35452;3.44263;2
 -79.21915;28.57293;       0.35465;3.44263;2
 -79.19237;28.57560;       0.35477;3.44263;2
 -79.16562;28.57828;       0.35489;3.44264;2
 -79.13892;28.58095;       0.35504;3.44264;2
 -79.11217;28.58363;       0.35518;3.44265;2
 -79.08542;28.58630;       0.35534;3.44265;2
 -79.05867;28.58898;       0.35550;3.44265;2
 -79.03190;28.59165;       0.35559;3.44266;2
 -79.00513;28.59433;       0.35563;3.44266;2
 -78.97837;28.59700;       0.35571;3.44267;2
 -78.95159;28.59968;       0.35577;3.44267;2
 -78.92477;28.60235;       0.35589;3.44267;2
 -78.89800;28.60503;       0.35607;3.44268;2
 -78.87125;28.60770;       0.35621;3.44268;2
 -78.84448;28.61038;       0.35635;3.44268;2
 -78.81770;28.61305;       0.35648;3.44269;2
 -78.79095;28.61573;       0.35660;3.44269;2
 -78.76419;28.61840;       0.35671;3.44270;2
 -78.73742;28.62108;       0.35682;3.44270;2
 -78.71063;28.62376;       0.35692;3.44270;2
 -78.68386;28.62643;       0.35706;3.44271;2
 -78.65707;28.62911;       0.35720;3.44271;2
 -78.63029;28.63178;       0.35732;3.44272;2
 -78.60352;28.63446;       0.35742;3.44272;2
 -78.57676;28.63713;       0.35753;3.44272;2
 -78.54999;28.63981;       0.35765;3.44273;2
 -78.52322;28.64248;       0.35776;3.44273;2
 -78.49644;28.64516;       0.35788;3.44273;2
 -78.46967;28.64783;       0.35801;3.44274;2
 -78.44288;28.65051;       0.35811;3.44274;2
 -78.41612;28.65318;       0.35821;3.44275;2
 -78.38935;28.65586;       0.35833;3.44275;2
 -78.36256;28.65853;       0.35846;3.44275;2
 -78.33579;28.66121;       0.35856;3.44276;2
 -78.30905;28.66388;       0.35867;3.44276;2
 -78.28230;28.66656;       0.35877;3.44277;2
 -78.25557;28.66923;       0.35887;3.44277;2
 -78.22884;28.67191;       0.35898;3.44277;2
 -78.20207;28.67458;       0.35911;3.44278;2
 -78.17530;28.67726;       0.35923;3.44278;2
 -78.14851;28.67993;       0.35936;3.44278;2
 -78.12174;28.68261;       0.35948;3.44279;2
 -78.09498;28.68528;       0.35963;3.44279;2
 -78.06820;28.68796;       0.35982;3.44279;2
 -78.04143;28.69063;       0.35995;3.44280;2
 -78.01464;28.69331;       0.36005;3.44280;2
 -77.98788;28.69598;       0.36014;3.44281;2
 -77.96111;28.69866;       0.36025;3.44281;2
 -77.93434;28.70133;       0.36036;3.44281;2
 -77.90757;28.70401;       0.36046;3.44282;2
 -77.88080;28.70668;       0.36058;3.44282;2
 -77.85407;28.70936;       0.36070;3.44282;2
 -77.82734;28.71203;       0.36081;3.44283;2
 -77.80060;28.71471;       0.36091;3.44283;2
 -77.77388;28.71738;       0.36102;3.44284;2
 -77.74717;28.72006;       0.36114;3.44284;2
 -77.72047;28.72273;       0.36127;3.44284;2
 -77.69377;28.72541;       0.36139;3.44285;2
 -77.66702;28.72808;       0.36148;3.44285;2
 -77.64028;28.73076;       0.36158;3.44285;2
 -77.61354;28.73343;       0.36170;3.44286;2
 -77.58679;28.73611;       0.36181;3.44286;2
 -77.56003;28.73879;       0.36192;3.44286;2
 -77.53329;28.74146;       0.36204;3.44287;2
 -77.50654;28.74414;       0.36215;3.44287;2
 -77.47982;28.74681;       0.36226;3.44288;2
 -77.45310;28.74949;       0.36240;3.44288;2
 -77.42635;28.75216;       0.36252;3.44288;2
 -77.39958;28.75484;       0.36262;3.44289;2
 -77.37279;28.75751;       0.36273;3.44289;2
 -77.34600;28.76019;       0.36284;3.44289;2
 -77.31924;28.76286;       0.36295;3.44290;2
 -77.29247;28.76554;       0.36308;3.44290;2
 -77.26570;28.76821;       0.36322;3.44290;2
 -77.23896;28.77089;       0.36334;3.44291;2
 -77.21221;28.77356;       0.36341;3.44291;2
 -77.18547;28.77624;       0.36345;3.44292;2
 -77.15872;28.77891;       0.36358;3.44292;2
 -77.13195;28.78159;       0.36377;3.44292;2
 -77.10518;28.78426;       0.36392;3.44293;2
 -77.07845;28.78694;       0.36404;3.44293;2
 -77.05167;28.78961;       0.36415;3.44293;2
 -77.02491;28.79229;       0.36428;3.44294;2
 -76.99818;28.79496;       0.36439;3.44294;2
 -76.97141;28.79764;       0.36446;3.44294;2
 -76.94463;28.80031;       0.36452;3.44295;2
 -76.91789;28.80299;       0.36466;3.44295;2
 -76.89116;28.80566;       0.36485;3.44295;2
 -76.86440;28.80834;       0.36503;3.44296;2
 -76.83764;28.81101;       0.36517;3.44296;2
 -76.81090;28.81369;       0.36532;3.44297;2
 -76.78414;28.81636;       0.36547;3.44297;2
 -76.75737;28.81904;       0.36561;3.44297;2
 -76.73061;28.82171;       0.36576;3.44298;2
 -76.70388;28.82439;       0.36591;3.44298;2
 -76.67714;28.82706;       0.36603;3.44298;2
 -76.65042;28.82974;       0.36616;3.44299;2
 -76.62372;28.83241;       0.36631;3.44299;2
 -76.59702;28.83509;       0.36645;3.44299;2
 -76.57031;28.83776;       0.36658;3.44300;2
 -76.54359;28.84044;       0.36673;3.44300;2
 -76.51683;28.84311;       0.36687;3.44300;2
 -76.49005;28.84579;       0.36700;3.44301;2
 -76.46331;28.84846;       0.36714;3.44301;2
 -76.43658;28.85114;       0.36727;3.44301;2
 -76.40986;28.85382;       0.36740;3.44302;2
 -76.38313;28.85649;       0.36754;3.44302;2
 -76.35642;28.85917;       0.36766;3.44302;2
 -76.32969;28.86184;       0.36777;3.44303;2
 -76.30294;28.86452;       0.36789;3.44303;2
 -76.27619;28.86719;       0.36800;3.44303;2
 -76.24945;28.86987;       0.36811;3.44304;2
 -76.22268;28.87254;       0.36823;3.44304;2
 -76.19591;28.87522;       0.36836;3.44304;2
 -76.16917;28.87789;       0.36849;3.44305;2
 -76.14242;28.88057;       0.36861;3.44305;2
 -76.11570;28.88324;       0.36874;3.44305;2
 -76.08899;28.88592;       0.36889;3.44306;2
 -76.06227;28.88859;       0.36906;3.44306;2
 -76.03552;28.89127;       0.36923;3.44307;2
 -76.00877;28.89394;       0.36939;3.44307;2
 -75.98206;28.89662;       0.36954;3.44307;2
 -75.95533;28.89929;       0.36967;3.44308;2
 -75.92859;28.90197;       0.36984;3.44308;2
 -75.90187;28.90464;       0.37002;3.44308;2
 -75.87517;28.90732;       0.37017;3.44309;2
 -75.84846;28.90999;       0.37035;3.44309;2
 -75.82175;28.91267;       0.37053;3.44309;2
 -75.79504;28.91534;       0.37070;3.44310;2
 -75.76830;28.91802;       0.37082;3.44310;2
 -75.74157;28.92069;       0.37092;3.44310;2
 -75.71484;28.92337;       0.37105;3.44311;2
 -75.68808;28.92604;       0.37117;3.44311;2
 -75.66133;28.92872;       0.37130;3.44311;2
 -75.63462;28.93139;       0.37145;3.44312;2
 -75.60790;28.93407;       0.37159;3.44312;2
 -75.58115;28.93674;       0.37174;3.44312;2
 -75.55442;28.93942;       0.37188;3.44313;2
 -75.52770;28.94209;       0.37203;3.44313;2
 -75.50099;28.94477;       0.37222;3.44313;2
 -75.47429;28.94744;       0.37239;3.44314;2
 -75.44759;28.95012;       0.37255;3.44314;2
 -75.42088;28.95279;       0.37272;3.44314;2
 -75.39416;28.95547;       0.37288;3.44315;2
 -75.36744;28.95814;       0.37303;3.44315;2
 -75.34077;28.96082;       0.37319;3.44315;2
 -75.31410;28.96349;       0.37335;3.44316;2
 -75.28739;28.96617;       0.37348;3.44316;2
 -75.26069;28.96885;       0.37362;3.44316;2
 -75.23397;28.97152;       0.37377;3.44317;2
 -75.20724;28.97420;       0.37392;3.44317;2
 -75.18054;28.97687;       0.37408;3.44317;2
 -75.15383;28.97955;       0.37425;3.44317;2
 -75.12712;28.98222;       0.37440;3.44318;2
 -75.10045;28.98490;       0.37455;3.44318;2
 -75.07375;28.98757;       0.37470;3.44318;2
 -75.04701;28.99025;       0.37486;3.44319;2
 -75.02030;28.99292;       0.37501;3.44319;2
 -74.99358;28.99560;       0.37518;3.44319;2
 -74.96685;28.99827;       0.37536;3.44320;2
 -74.94015;29.00095;       0.37552;3.44320;2
 -74.91346;29.00362;       0.37568;3.44320;2
 -74.88674;29.00630;       0.37585;3.44321;2
 -74.86003;29.00897;       0.37600;3.44321;2
 -74.83331;29.01165;       0.37615;3.44321;2
 -74.80658;29.01432;       0.37633;3.44322;2
 -74.77987;29.01700;       0.37650;3.44322;2
 -74.75317;29.01967;       0.37668;3.44322;2
 -74.72649;29.02235;       0.37684;3.44323;2
 -74.69977;29.02502;       0.37695;3.44323;2
 -74.67304;29.02770;       0.37709;3.44323;2
 -74.64634;29.03037;       0.37727;3.44324;2
 -74.61958;29.03305;       0.37746;3.44324;2
 -74.59285;29.03572;       0.37766;3.44324;2
 -74.56612;29.03840;       0.37786;3.44325;2
 -74.53935;29.04107;       0.37804;3.44325;2
 -74.51261;29.04375;       0.37821;3.44325;2
 -74.48587;29.04642;       0.37839;3.44325;2
 -74.45913;29.04910;       0.37857;3.44326;2
 -74.43238;29.05177;       0.37873;3.44326;2
 -74.40564;29.05445;       0.37884;3.44326;2
 -74.37888;29.05712;       0.37899;3.44327;2
 -74.35211;29.05980;       0.37916;3.44327;2
 -74.32537;29.06247;       0.37932;3.44327;2
 -74.29863;29.06515;       0.37948;3.44328;2
 -74.27187;29.06782;       0.37966;3.44328;2
 -74.24511;29.07050;       0.37985;3.44328;2
 -74.21836;29.07317;       0.38007;3.44329;2
 -74.19161;29.07585;       0.38026;3.44329;2
 -74.16484;29.07852;       0.38045;3.44329;2
 -74.13807;29.08120;       0.38065;3.44330;2
 -74.11131;29.08388;       0.38084;3.44330;2
 -74.08454;29.08655;       0.38102;3.44330;2
 -74.05778;29.08923;       0.38120;3.44330;2
 -74.03104;29.09190;       0.38137;3.44331;2
 -74.00429;29.09458;       0.38154;3.44331;2
 -73.97753;29.09725;       0.38174;3.44331;2
 -73.95074;29.09993;       0.38192;3.44332;2
 -73.92396;29.10260;       0.38211;3.44332;2
 -73.89719;29.10528;       0.38229;3.44332;2
 -73.87040;29.10795;       0.38247;3.44333;2
 -73.84360;29.11063;       0.38265;3.44333;2
 -73.81680;29.11330;       0.38281;3.44333;2
 -73.78999;29.11598;       0.38301;3.44334;2
 -73.76319;29.11865;       0.38322;3.44334;2
 -73.73642;29.12133;       0.38341;3.44334;2
 -73.70963;29.12400;       0.38361;3.44334;2
 -73.68285;29.12668;       0.38382;3.44335;2
 -73.65606;29.12935;       0.38403;3.44335;2
 -73.62926;29.13203;       0.38421;3.44335;2
 -73.60245;29.13470;       0.38439;3.44336;2
 -73.57567;29.13738;       0.38460;3.44336;2
 -73.54891;29.14005;       0.38482;3.44336;2
 -73.52214;29.14273;       0.38504;3.44337;2
 -73.49536;29.14540;       0.38520;3.44337;2
 -73.46855;29.14808;       0.38532;3.44337;2
 -73.44174;29.15075;       0.38551;3.44337;2
 -73.41493;29.15343;       0.38573;3.44338;2
 -73.38811;29.15610;       0.38591;3.44338;2
 -73.36131;29.15878;       0.38607;3.44338;2
 -73.33450;29.16145;       0.38625;3.44339;2
 -73.30766;29.16413;       0.38644;3.44339;2
 -73.28086;29.16680;       0.38668;3.44339;2
 -73.25407;29.16948;       0.38690;3.44340;2
 -73.22729;29.17215;       0.38709;3.44340;2
 -73.20052;29.17483;       0.38729;3.44340;2
 -73.17373;29.17750;       0.38751;3.44340;2
 -73.14690;29.18018;       0.38770;3.44341;2
 -73.12008;29.18285;       0.38788;3.44341;2
 -73.09328;29.18553;       0.38808;3.44341;2
 -73.06647;29.18820;       0.38829;3.44342;2
 -73.03965;29.19088;       0.38851;3.44342;2
 -73.01285;29.19356;       0.38876;3.44342;2
 -72.98606;29.19623;       0.38899;3.44342;2
 -72.95928;29.19891;       0.38919;3.44343;2
 -72.93250;29.20158;       0.38938;3.44343;2
 -72.90570;29.20426;       0.38955;3.44343;2
 -72.87888;29.20693;       0.38972;3.44344;2
 -72.85211;29.20961;       0.38991;3.44344;2
 -72.82531;29.21228;       0.39011;3.44344;2
 -72.79849;29.21496;       0.39029;3.44345;2
 -72.77170;29.21763;       0.39047;3.44345;2
 -72.74491;29.22031;       0.39063;3.44345;2
 -72.71809;29.22298;       0.39083;3.44345;2
 -72.69128;29.22566;       0.39105;3.44346;2
 -72.66447;29.22833;       0.39126;3.44346;2
 -72.63767;29.23101;       0.39143;3.44346;2
 -72.61086;29.23368;       0.39162;3.44347;2
 -72.58408;29.23636;       0.39182;3.44347;2
 -72.55729;29.23903;       0.39203;3.44347;2
 -72.53048;29.24171;       0.39225;3.44347;2
 -72.50371;29.24438;       0.39248;3.44348;2
 -72.47692;29.24706;       0.39270;3.44348;2
 -72.45016;29.24973;       0.39292;3.44348;2
 -72.42341;29.25241;       0.39315;3.44349;2
 -72.39666;29.25508;       0.39338;3.44349;2
 -72.36990;29.25776;       0.39360;3.44349;2
 -72.34317;29.26043;       0.39382;3.44349;2
 -72.31639;29.26311;       0.39404;3.44350;2
 -72.28960;29.26578;       0.39424;3.44350;2
 -72.26285;29.26846;       0.39446;3.44350;2
 -72.23612;29.27113;       0.39466;3.44350;2
 -72.20937;29.27381;       0.39480;3.44351;2
 -72.18261;29.27648;       0.39496;3.44351;2
 -72.15586;29.27916;       0.39515;3.44351;2
 -72.12911;29.28183;       0.39534;3.44352;2
 -72.10236;29.28451;       0.39553;3.44352;2
 -72.07562;29.28718;       0.39573;3.44352;2
 -72.04887;29.28986;       0.39598;3.44352;2
 -72.02211;29.29253;       0.39622;3.44353;2
 -71.99534;29.29521;       0.39642;3.44353;2
 -71.96858;29.29788;       0.39661;3.44353;2
 -71.94185;29.30056;       0.39681;3.44354;2
 -71.91512;29.30323;       0.39702;3.44354;2
 -71.88837;29.30591;       0.39722;3.44354;2
 -71.86161;29.30859;       0.39743;3.44354;2
 -71.83487;29.31126;       0.39763;3.44355;2
 -71.80815;29.31394;       0.39784;3.44355;2
 -71.78140;29.31661;       0.39807;3.44355;2
 -71.75469;29.31929;       0.39829;3.44355;2
 -71.72797;29.32196;       0.39851;3.44356;2
 -71.70121;29.32464;       0.39871;3.44356;2
 -71.67450;29.32731;       0.39891;3.44356;2
 -71.64776;29.32999;       0.39910;3.44357;2
 -71.62099;29.33266;       0.39929;3.44357;2
 -71.59426;29.33534;       0.39950;3.44357;2
 -71.56757;29.33801;       0.39974;3.44357;2
 -71.54085;29.34069;       0.39996;3.44358;2
 -71.51409;29.34336;       0.40017;3.44358;2
 -71.48732;29.34604;       0.40037;3.44358;2
 -71.46058;29.34871;       0.40057;3.44358;2
 -71.43385;29.35139;       0.40076;3.44359;2
 -71.40713;29.35406;       0.40094;3.44359;2
 -71.38043;29.35674;       0.40113;3.44359;2
 -71.35372;29.35941;       0.40132;3.44360;2
 -71.32700;29.36209;       0.40151;3.44360;2
 -71.30028;29.36476;       0.40170;3.44360;2
 -71.27357;29.36744;       0.40192;3.44360;2
 -71.24684;29.37011;       0.40215;3.44361;2
 -71.22011;29.37279;       0.40237;3.44361;2
 -71.19335;29.37546;       0.40259;3.44361;2
 -71.16657;29.37814;       0.40281;3.44361;2
 -71.13984;29.38081;       0.40300;3.44362;2
 -71.11313;29.38349;       0.40318;3.44362;2
 -71.08643;29.38616;       0.40337;3.44362;2
 -71.05971;29.38884;       0.40357;3.44362;2
 -71.03299;29.39151;       0.40374;3.44363;2
 -71.00629;29.39419;       0.40389;3.44363;2
 -70.97959;29.39686;       0.40406;3.44363;2
 -70.95288;29.39954;       0.40424;3.44363;2
 -70.92615;29.40221;       0.40444;3.44364;2
 -70.89942;29.40489;       0.40462;3.44364;2
 -70.87272;29.40756;       0.40481;3.44364;2
 -70.84603;29.41024;       0.40503;3.44364;2
 -70.81929;29.41291;       0.40527;3.44365;2
 -70.79257;29.41559;       0.40551;3.44365;2
 -70.76587;29.41826;       0.40574;3.44365;2
 -70.73915;29.42094;       0.40595;3.44365;2
 -70.71243;29.42362;       0.40614;3.44366;2
 -70.68572;29.42629;       0.40633;3.44366;2
 -70.65904;29.42897;       0.40654;3.44366;2
 -70.63235;29.43164;       0.40675;3.44367;2
 -70.60561;29.43432;       0.40697;3.44367;2
 -70.57888;29.43699;       0.40718;3.44367;2
 -70.55214;29.43967;       0.40738;3.44367;2
 -70.52541;29.44234;       0.40760;3.44367;2
 -70.49870;29.44502;       0.40781;3.44368;2
 -70.47197;29.44769;       0.40802;3.44368;2
 -70.44523;29.45037;       0.40825;3.44368;2
 -70.41849;29.45304;       0.40847;3.44369;2
 -70.39174;29.45572;       0.40867;3.44369;2
 -70.36499;29.45839;       0.40888;3.44369;2
 -70.33824;29.46107;       0.40910;3.44369;2
 -70.31146;29.46374;       0.40933;3.44370;2
 -70.28472;29.46642;       0.40956;3.44370;2
 -70.25801;29.46909;       0.40978;3.44370;2
 -70.23129;29.47177;       0.41001;3.44370;2
 -70.20454;29.47444;       0.41026;3.44371;2
 -70.17782;29.47712;       0.41048;3.44371;2
 -70.15109;29.47979;       0.41072;3.44371;2
 -70.12435;29.48247;       0.41094;3.44371;2
 -70.09763;29.48514;       0.41112;3.44371;2
 -70.07091;29.48782;       0.41129;3.44372;2
 -70.04417;29.49049;       0.41146;3.44372;2
 -70.01744;29.49317;       0.41164;3.44372;2
 -69.99071;29.49584;       0.41185;3.44372;2
 -69.96399;29.49852;       0.41205;3.44373;2
 -69.93727;29.50119;       0.41223;3.44373;2
 -69.91054;29.50387;       0.41242;3.44373;2
 -69.88377;29.50654;       0.41262;3.44373;2
 -69.85706;29.50922;       0.41283;3.44374;2
 -69.83036;29.51189;       0.41306;3.44374;2
 -69.80361;29.51457;       0.41332;3.44374;2
 -69.77687;29.51724;       0.41357;3.44374;2
 -69.75014;29.51992;       0.41382;3.44375;2
 -69.72336;29.52259;       0.41407;3.44375;2
 -69.69660;29.52527;       0.41425;3.44375;2
 -69.66989;29.52794;       0.41437;3.44375;2
 -69.64314;29.53062;       0.41457;3.44376;2
 -69.61638;29.53329;       0.41474;3.44376;2
 -69.58967;29.53597;       0.41491;3.44376;2
 -69.56295;29.53865;       0.41513;3.44376;2
 -69.53618;29.54132;       0.41538;3.44377;2
 -69.50942;29.54400;       0.41562;3.44377;2
 -69.48271;29.54667;       0.41586;3.44377;2
 -69.45599;29.54935;       0.41610;3.44377;2
 -69.42927;29.55202;       0.41633;3.44377;2
 -69.40257;29.55470;       0.41656;3.44378;2
 -69.37585;29.55737;       0.41680;3.44378;2
 -69.34909;29.56005;       0.41699;3.44378;2
 -69.32234;29.56272;       0.41718;3.44378;2
 -69.29561;29.56540;       0.41739;3.44379;2
 -69.26888;29.56807;       0.41761;3.44379;2
 -69.24216;29.57075;       0.41781;3.44379;2
 -69.21544;29.57342;       0.41799;3.44379;2
 -69.18872;29.57610;       0.41820;3.44380;2
 -69.16201;29.57877;       0.41842;3.44380;2
 -69.13532;29.58145;       0.41864;3.44380;2
 -69.10862;29.58412;       0.41886;3.44380;2
 -69.08192;29.58680;       0.41907;3.44381;2
 -69.05520;29.58947;       0.41929;3.44381;2
 -69.02845;29.59215;       0.41950;3.44381;2
 -69.00171;29.59482;       0.41972;3.44381;2
 -68.97499;29.59750;       0.41995;3.44381;2
 -68.94824;29.60017;       0.42017;3.44382;2
 -68.92151;29.60285;       0.42041;3.44382;2
 -68.89481;29.60552;       0.42064;3.44382;2
 -68.86809;29.60820;       0.42086;3.44382;2
 -68.84134;29.61087;       0.42107;3.44383;2
 -68.81458;29.61355;       0.42126;3.44383;2
 -68.78784;29.61622;       0.42148;3.44383;2
 -68.76109;29.61890;       0.42171;3.44383;2
 -68.73433;29.62157;       0.42196;3.44383;2
 -68.70759;29.62425;       0.42222;3.44384;2
 -68.68082;29.62692;       0.42245;3.44384;2
 -68.65403;29.62960;       0.42267;3.44384;2
 -68.62723;29.63227;       0.42288;3.44384;2
 -68.60043;29.63495;       0.42309;3.44385;2
 -68.57367;29.63762;       0.42329;3.44385;2
 -68.54693;29.64030;       0.42349;3.44385;2
 -68.52018;29.64297;       0.42367;3.44385;2
 -68.49343;29.64565;       0.42387;3.44385;2
 -68.46666;29.64832;       0.42408;3.44386;2
 -68.43989;29.65100;       0.42430;3.44386;2
 -68.41315;29.65368;       0.42454;3.44386;2
 -68.38637;29.65635;       0.42478;3.44386;2
 -68.35962;29.65903;       0.42501;3.44387;2
 -68.33286;29.66170;       0.42521;3.44387;2
 -68.30609;29.66438;       0.42541;3.44387;2
 -68.27933;29.66705;       0.42564;3.44387;2
 -68.25256;29.66973;       0.42587;3.44387;2
 -68.22577;29.67240;       0.42611;3.44388;2
 -68.19897;29.67508;       0.42634;3.44388;2
 -68.17219;29.67775;       0.42657;3.44388;2
 -68.14540;29.68043;       0.42680;3.44388;2
 -68.11864;29.68310;       0.42703;3.44388;2
 -68.09188;29.68578;       0.42725;3.44389;2
 -68.06511;29.68845;       0.42746;3.44389;2
 -68.03832;29.69113;       0.42767;3.44389;2
 -68.01157;29.69380;       0.42790;3.44389;2
 -67.98481;29.69648;       0.42815;3.44390;2
 -67.95802;29.69915;       0.42839;3.44390;2
 -67.93120;29.70183;       0.42864;3.44390;2
 -67.90441;29.70450;       0.42889;3.44390;2
 -67.87765;29.70718;       0.42912;3.44390;2
 -67.85090;29.70985;       0.42933;3.44391;2
 -67.82411;29.71253;       0.42953;3.44391;2
 -67.79731;29.71520;       0.42972;3.44391;2
 -67.77055;29.71788;       0.42990;3.44391;2
 -67.74377;29.72055;       0.43010;3.44391;2
 -67.71701;29.72323;       0.43030;3.44392;2
 -67.69025;29.72590;       0.43052;3.44392;2
 -67.66348;29.72858;       0.43076;3.44392;2
 -67.63669;29.73125;       0.43100;3.44392;2
 -67.60991;29.73393;       0.43123;3.44393;2
 -67.58316;29.73660;       0.43144;3.44393;2
 -67.55640;29.73928;       0.43167;3.44393;2
 -67.52962;29.74195;       0.43190;3.44393;2
 -67.50285;29.74463;       0.43214;3.44393;2
 -67.47609;29.74730;       0.43238;3.44394;2
 -67.44929;29.74998;       0.43263;3.44394;2
 -67.42250;29.75265;       0.43285;3.44394;2
 -67.39570;29.75533;       0.43306;3.44394;2
 -67.36888;29.75800;       0.43328;3.44394;2
 -67.34209;29.76068;       0.43350;3.44395;2
 -67.31530;29.76336;       0.43370;3.44395;2
 -67.28849;29.76603;       0.43393;3.44395;2
 -67.26171;29.76871;       0.43417;3.44395;2
 -67.23494;29.77138;       0.43440;3.44395;2
 -67.20816;29.77406;       0.43463;3.44396;2
 -67.18136;29.77673;       0.43488;3.44396;2
 -67.15458;29.77941;       0.43512;3.44396;2
 -67.12781;29.78208;       0.43535;3.44396;2
 -67.10103;29.78476;       0.43560;3.44396;2
 -67.07423;29.78743;       0.43583;3.44397;2
 -67.04743;29.79011;       0.43605;3.44397;2
 -67.02063;29.79278;       0.43624;3.44397;2
 -66.99385;29.79546;       0.43641;3.44397;2
 -66.96709;29.79813;       0.43659;3.44397;2
 -66.94028;29.80081;       0.43679;3.44398;2
 -66.91348;29.80348;       0.43699;3.44398;2
 -66.88670;29.80616;       0.43719;3.44398;2
 -66.85989;29.80883;       0.43740;3.44398;2
 -66.83307;29.81151;       0.43765;3.44398;2
 -66.80629;29.81418;       0.43790;3.44399;2
 -66.77950;29.81686;       0.43813;3.44399;2
 -66.75271;29.81953;       0.43835;3.44399;2
 -66.72593;29.82221;       0.43859;3.44399;2
 -66.69914;29.82488;       0.43882;3.44399;2
 -66.67237;29.82756;       0.43904;3.44399;2
 -66.64561;29.83023;       0.43927;3.44400;2
 -66.61884;29.83291;       0.43949;3.44400;2
 -66.59206;29.83558;       0.43971;3.44400;2
 -66.56530;29.83826;       0.43994;3.44400;2
 -66.53857;29.84093;       0.44018;3.44400;2
 -66.51181;29.84361;       0.44040;3.44401;2
 -66.48504;29.84628;       0.44062;3.44401;2
 -66.45826;29.84896;       0.44083;3.44401;2
 -66.43148;29.85163;       0.44105;3.44401;2
 -66.40472;29.85431;       0.44128;3.44401;2
 -66.37794;29.85698;       0.44151;3.44402;2
 -66.35117;29.85966;       0.44172;3.44402;2
 -66.32441;29.86233;       0.44194;3.44402;2
 -66.29763;29.86501;       0.44215;3.44402;2
 -66.27086;29.86768;       0.44236;3.44402;2
 -66.24411;29.87036;       0.44257;3.44402;2
 -66.21737;29.87303;       0.44279;3.44403;2
 -66.19060;29.87571;       0.44303;3.44403;2
 -66.16382;29.87839;       0.44324;3.44403;2
 -66.13708;29.88106;       0.44343;3.44403;2
 -66.11030;29.88374;       0.44363;3.44403;2
 -66.08355;29.88641;       0.44385;3.44404;2
 -66.05680;29.88909;       0.44408;3.44404;2
 -66.03003;29.89176;       0.44432;3.44404;2
 -66.00328;29.89444;       0.44454;3.44404;2
 -65.97652;29.89711;       0.44476;3.44404;2
 -65.94973;29.89979;       0.44498;3.44405;2
 -65.92297;29.90246;       0.44518;3.44405;2
 -65.89623;29.90514;       0.44537;3.44405;2
 -65.86948;29.90781;       0.44557;3.44405;2
 -65.84271;29.91049;       0.44580;3.44405;2
 -65.81598;29.91316;       0.44603;3.44405;2
 -65.78924;29.91584;       0.44626;3.44406;2
 -65.76249;29.91851;       0.44648;3.44406;2
 -65.73575;29.92119;       0.44670;3.44406;2
 -65.70901;29.92386;       0.44693;3.44406;2
 -65.68223;29.92654;       0.44716;3.44406;2
 -65.65546;29.92921;       0.44738;3.44406;2
 -65.62870;29.93189;       0.44760;3.44407;2
 -65.60192;29.93456;       0.44781;3.44407;2
 -65.57517;29.93724;       0.44802;3.44407;2
 -65.54838;29.93991;       0.44823;3.44407;2
 -65.52160;29.94259;       0.44844;3.44407;2
 -65.49483;29.94526;       0.44863;3.44408;2
 -65.46806;29.94794;       0.44882;3.44408;2
 -65.44127;29.95061;       0.44904;3.44408;2
 -65.41452;29.95329;       0.44929;3.44408;2
 -65.38776;29.95596;       0.44953;3.44408;2
 -65.36103;29.95864;       0.44977;3.44408;2
 -65.33431;29.96131;       0.45002;3.44409;2
 -65.30753;29.96399;       0.45028;3.44409;2
 -65.28078;29.96666;       0.45051;3.44409;2
 -65.25404;29.96934;       0.45072;3.44409;2
 -65.22728;29.97201;       0.45091;3.44409;2
 -65.20049;29.97469;       0.45111;3.44409;2
 -65.17372;29.97736;       0.45131;3.44410;2
 -65.14695;29.98004;       0.45151;3.44410;2
 -65.12016;29.98271;       0.45172;3.44410;2
 -65.09335;29.98539;       0.45192;3.44410;2
 -65.06658;29.98806;       0.45214;3.44410;2
 -65.03984;29.99074;       0.45236;3.44410;2
 -65.01308;29.99342;       0.45258;3.44411;2
 -64.98636;29.99609;       0.45282;3.44411;2
 -64.95962;29.99877;       0.45304;3.44411;2
 -64.93284;30.00144;       0.45324;3.44411;2
 -64.90608;30.00412;       0.45346;3.44411;2
 -64.87934;30.00679;       0.45367;3.44411;2
 -64.85259;30.00947;       0.45387;3.44412;2
 -64.82584;30.01214;       0.45408;3.44412;2
 -64.79908;30.01482;       0.45428;3.44412;2
 -64.77232;30.01749;       0.45449;3.44412;2
 -64.74557;30.02017;       0.45468;3.44412;2
 -64.71883;30.02284;       0.45488;3.44412;2
 -64.69210;30.02552;       0.45507;3.44412;2
 -64.66536;30.02819;       0.45525;3.44413;2
 -64.63860;30.03087;       0.45543;3.44413;2
 -64.61184;30.03354;       0.45562;3.44413;2
 -64.58510;30.03622;       0.45581;3.44413;2
 -64.55840;30.03889;       0.45601;3.44413;2
 -64.53168;30.04157;       0.45621;3.44413;2
 -64.50492;30.04424;       0.45642;3.44414;2
 -64.47817;30.04692;       0.45663;3.44414;2
 -64.45142;30.04959;       0.45684;3.44414;2
 -64.42468;30.05227;       0.45705;3.44414;2
 -64.39795;30.05494;       0.45725;3.44414;2
 -64.37122;30.05762;       0.45745;3.44414;2
 -64.34450;30.06029;       0.45768;3.44415;2
 -64.31775;30.06297;       0.45792;3.44415;2
 -64.29099;30.06564;       0.45815;3.44415;2
 -64.26427;30.06832;       0.45835;3.44415;2
 -64.23756;30.07099;       0.45854;3.44415;2
 -64.21079;30.07367;       0.45873;3.44415;2
 -64.18404;30.07634;       0.45895;3.44415;2
 -64.15733;30.07902;       0.45917;3.44416;2
 -64.13059;30.08169;       0.45939;3.44416;2
 -64.10383;30.08437;       0.45961;3.44416;2
 -64.07710;30.08704;       0.45982;3.44416;2
 -64.05033;30.08972;       0.46007;3.44416;2
 -64.02357;30.09239;       0.46030;3.44416;2
 -63.99683;30.09507;       0.46050;3.44417;2
 -63.97009;30.09774;       0.46073;3.44417;2
 -63.94333;30.10042;       0.46096;3.44417;2
 -63.91659;30.10309;       0.46116;3.44417;2
 -63.88987;30.10577;       0.46134;3.44417;2
 -63.86315;30.10845;       0.46153;3.44417;2
 -63.83641;30.11112;       0.46173;3.44417;2
 -63.80966;30.11380;       0.46193;3.44418;2
 -63.78291;30.11647;       0.46214;3.44418;2
 -63.75618;30.11915;       0.46235;3.44418;2
 -63.72944;30.12182;       0.46255;3.44418;2
 -63.70269;30.12450;       0.46276;3.44418;2
 -63.67594;30.12717;       0.46296;3.44418;2
 -63.64923;30.12985;       0.46316;3.44418;2
 -63.62248;30.13252;       0.46337;3.44419;2
 -63.59572;30.13520;       0.46357;3.44419;2
 -63.56899;30.13787;       0.46378;3.44419;2
 -63.54224;30.14055;       0.46398;3.44419;2
 -63.51552;30.14322;       0.46419;3.44419;2
 -63.48879;30.14590;       0.46440;3.44419;2
 -63.46206;30.14857;       0.46461;3.44419;2
 -63.43535;30.15125;       0.46482;3.44420;2
 -63.40867;30.15392;       0.46500;3.44420;2
 -63.38195;30.15660;       0.46520;3.44420;2
 -63.35523;30.15927;       0.46541;3.44420;2
 -63.32851;30.16195;       0.46564;3.44420;2
 -63.30177;30.16462;       0.46586;3.44420;2
 -63.27505;30.16730;       0.46606;3.44420;2
 -63.24833;30.16997;       0.46625;3.44421;2
 -63.22162;30.17265;       0.46645;3.44421;2
 -63.19492;30.17532;       0.46664;3.44421;2
 -63.16822;30.17800;       0.46684;3.44421;2
 -63.14148;30.18067;       0.46707;3.44421;2
 -63.11476;30.18335;       0.46727;3.44421;2
 -63.08805;30.18602;       0.46746;3.44421;2
 -63.06134;30.18870;       0.46765;3.44421;2
 -63.03461;30.19137;       0.46785;3.44422;2
 -63.00785;30.19405;       0.46809;3.44422;2
 -62.98108;30.19672;       0.46835;3.44422;2
 -62.95432;30.19940;       0.46859;3.44422;2
 -62.92759;30.20207;       0.46880;3.44422;2
 -62.90087;30.20475;       0.46901;3.44422;2
 -62.87415;30.20742;       0.46922;3.44422;2
 -62.84742;30.21010;       0.46941;3.44423;2
 -62.82066;30.21277;       0.46960;3.44423;2
 -62.79391;30.21545;       0.46978;3.44423;2
 -62.76718;30.21812;       0.46994;3.44423;2
 -62.74046;30.22080;       0.47012;3.44423;2
 -62.71373;30.22348;       0.47031;3.44423;2
 -62.68697;30.22615;       0.47050;3.44423;2
 -62.66020;30.22883;       0.47069;3.44423;2
 -62.63347;30.23150;       0.47090;3.44424;2
 -62.60675;30.23418;       0.47112;3.44424;2
 -62.58003;30.23685;       0.47136;3.44424;2
 -62.55329;30.23953;       0.47157;3.44424;2
 -62.52654;30.24220;       0.47177;3.44424;2
 -62.49980;30.24488;       0.47197;3.44424;2
 -62.47306;30.24755;       0.47216;3.44424;2
 -62.44631;30.25023;       0.47234;3.44424;2
 -62.41958;30.25290;       0.47255;3.44425;2
 -62.39287;30.25558;       0.47279;3.44425;2
 -62.36613;30.25825;       0.47302;3.44425;2
 -62.33934;30.26093;       0.47325;3.44425;2
 -62.31258;30.26360;       0.47348;3.44425;2
 -62.28585;30.26628;       0.47370;3.44425;2
 -62.25910;30.26895;       0.47391;3.44425;2
 -62.23234;30.27163;       0.47412;3.44425;2
 -62.20559;30.27430;       0.47432;3.44426;2
 -62.17888;30.27698;       0.47453;3.44426;2
 -62.15214;30.27965;       0.47476;3.44426;2
 -62.12538;30.28233;       0.47497;3.44426;2
 -62.09865;30.28500;       0.47518;3.44426;2
 -62.07193;30.28768;       0.47538;3.44426;2
 -62.04521;30.29035;       0.47557;3.44426;2
 -62.01849;30.29303;       0.47579;3.44426;2
 -61.99175;30.29570;       0.47601;3.44427;2
 -61.96501;30.29838;       0.47622;3.44427;2
 -61.93827;30.30105;       0.47644;3.44427;2
 -61.91154;30.30373;       0.47665;3.44427;2
 -61.88482;30.30640;       0.47686;3.44427;2
 -61.85808;30.30908;       0.47708;3.44427;2
 -61.83131;30.31175;       0.47729;3.44427;2
 -61.80455;30.31443;       0.47751;3.44427;2
 -61.77779;30.31710;       0.47772;3.44427;2
 -61.75105;30.31978;       0.47795;3.44428;2
 -61.72430;30.32245;       0.47817;3.44428;2
 -61.69756;30.32513;       0.47835;3.44428;2
 -61.67084;30.32780;       0.47853;3.44428;2
 -61.64411;30.33048;       0.47873;3.44428;2
 -61.61738;30.33315;       0.47894;3.44428;2
 -61.59067;30.33583;       0.47915;3.44428;2
 -61.56393;30.33851;       0.47935;3.44428;2
 -61.53719;30.34118;       0.47956;3.44428;2
 -61.51046;30.34386;       0.47977;3.44429;2
 -61.48370;30.34653;       0.47997;3.44429;2
 -61.45693;30.34921;       0.48017;3.44429;2
 -61.43019;30.35188;       0.48037;3.44429;2
 -61.40345;30.35456;       0.48058;3.44429;2
 -61.37668;30.35723;       0.48079;3.44429;2
 -61.34989;30.35991;       0.48101;3.44429;2
 -61.32311;30.36258;       0.48127;3.44429;2
 -61.29634;30.36526;       0.48153;3.44429;2
 -61.26957;30.36793;       0.48179;3.44430;2
 -61.24281;30.37061;       0.48203;3.44430;2
 -61.21604;30.37328;       0.48214;3.44430;2
 -61.18926;30.37596;       0.48226;3.44430;2
 -61.16247;30.37863;       0.48248;3.44430;2
 -61.13568;30.38131;       0.48275;3.44430;2
 -61.10891;30.38398;       0.48298;3.44430;2
 -61.08215;30.38666;       0.48322;3.44430;2
 -61.05538;30.38933;       0.48344;3.44430;2
 -61.02862;30.39201;       0.48364;3.44430;2
 -61.00187;30.39468;       0.48384;3.44431;2
 -60.97513;30.39736;       0.48406;3.44431;2
 -60.94837;30.40003;       0.48428;3.44431;2
 -60.92160;30.40271;       0.48449;3.44431;2
 -60.89482;30.40538;       0.48470;3.44431;2
 -60.86803;30.40806;       0.48491;3.44431;2
 -60.84121;30.41073;       0.48514;3.44431;2
 -60.81445;30.41341;       0.48535;3.44431;2
 -60.78770;30.41608;       0.48555;3.44431;2
 -60.76093;30.41876;       0.48576;3.44431;2
 -60.73416;30.42143;       0.48599;3.44432;2
 -60.70740;30.42411;       0.48620;3.44432;2
 -60.68064;30.42678;       0.48642;3.44432;2
 -60.65389;30.42946;       0.48662;3.44432;2
 -60.62713;30.43213;       0.48684;3.44432;2
 -60.60035;30.43481;       0.48707;3.44432;2
 -60.57358;30.43748;       0.48729;3.44432;2
 -60.54681;30.44016;       0.48752;3.44432;2
 -60.52003;30.44283;       0.48773;3.44432;2
 -60.49327;30.44551;       0.48794;3.44432;2
 -60.46653;30.44819;       0.48816;3.44433;2
 -60.43976;30.45086;       0.48836;3.44433;2
 -60.41300;30.45354;       0.48856;3.44433;2
 -60.38625;30.45621;       0.48877;3.44433;2
 -60.35948;30.45889;       0.48898;3.44433;2
 -60.33271;30.46156;       0.48918;3.44433;2
 -60.30596;30.46424;       0.48941;3.44433;2
 -60.27919;30.46691;       0.48967;3.44433;2
 -60.25243;30.46959;       0.48992;3.44433;2
 -60.22570;30.47226;       0.49014;3.44433;2
 -60.19894;30.47494;       0.49036;3.44433;2
 -60.17217;30.47761;       0.49058;3.44434;2
 -60.14542;30.48029;       0.49080;3.44434;2
 -60.11865;30.48296;       0.49100;3.44434;2
 -60.09190;30.48564;       0.49122;3.44434;2
 -60.06518;30.48831;       0.49145;3.44434;2
 -60.03843;30.49099;       0.49167;3.44434;2
 -60.01165;30.49366;       0.49190;3.44434;2
 -59.98485;30.49634;       0.49213;3.44434;2
 -59.95805;30.49901;       0.49236;3.44434;2
 -59.93127;30.50169;       0.49260;3.44434;2
 -59.90450;30.50436;       0.49282;3.44434;2
 -59.87776;30.50704;       0.49300;3.44434;2
 -59.85098;30.50971;       0.49318;3.44435;2
 -59.82420;30.51239;       0.49338;3.44435;2
 -59.79745;30.51506;       0.49358;3.44435;2
 -59.77072;30.51774;       0.49379;3.44435;2
 -59.74397;30.52041;       0.49400;3.44435;2
 -59.71723;30.52309;       0.49421;3.44435;2
 -59.69047;30.52576;       0.49441;3.44435;2
 -59.66371;30.52844;       0.49465;3.44435;2
 -59.63697;30.53111;       0.49492;3.44435;2
 -59.61019;30.53379;       0.49517;3.44435;2
 -59.58343;30.53646;       0.49543;3.44435;2
 -59.55667;30.53914;       0.49567;3.44435;2
 -59.52991;30.54181;       0.49589;3.44436;2
 -59.50317;30.54449;       0.49612;3.44436;2
 -59.47641;30.54716;       0.49636;3.44436;2
 -59.44964;30.54984;       0.49659;3.44436;2
 -59.42290;30.55251;       0.49679;3.44436;2
 -59.39614;30.55519;       0.49699;3.44436;2
 -59.36936;30.55786;       0.49720;3.44436;2
 -59.34260;30.56054;       0.49742;3.44436;2
 -59.31588;30.56322;       0.49765;3.44436;2
 -59.28915;30.56589;       0.49784;3.44436;2
 -59.26239;30.56857;       0.49801;3.44436;2
 -59.23563;30.57124;       0.49822;3.44436;2
 -59.20887;30.57392;       0.49843;3.44436;2
 -59.18211;30.57659;       0.49864;3.44436;2
 -59.15534;30.57927;       0.49884;3.44437;2
 -59.12857;30.58194;       0.49903;3.44437;2
 -59.10182;30.58462;       0.49922;3.44437;2
 -59.07507;30.58729;       0.49942;3.44437;2
 -59.04833;30.58997;       0.49963;3.44437;2
 -59.02157;30.59264;       0.49988;3.44437;2
 -58.99481;30.59532;       0.50014;3.44437;2
 -58.96805;30.59799;       0.50041;3.44437;2
 -58.94127;30.60067;       0.50067;3.44437;2
 -58.91455;30.60334;       0.50091;3.44437;2
 -58.88781;30.60602;       0.50113;3.44437;2
 -58.86104;30.60869;       0.50133;3.44437;2
 -58.83429;30.61137;       0.50154;3.44437;2
 -58.80757;30.61404;       0.50175;3.44437;2
 -58.78081;30.61672;       0.50193;3.44438;2
 -58.75406;30.61939;       0.50213;3.44438;2
 -58.72735;30.62207;       0.50234;3.44438;2
 -58.70064;30.62474;       0.50255;3.44438;2
 -58.67390;30.62742;       0.50277;3.44438;2
 -58.64716;30.63009;       0.50299;3.44438;2
 -58.62041;30.63277;       0.50321;3.44438;2
 -58.59367;30.63544;       0.50344;3.44438;2
 -58.56695;30.63812;       0.50365;3.44438;2
 -58.54022;30.64079;       0.50388;3.44438;2
 -58.51346;30.64347;       0.50413;3.44438;2
 -58.48670;30.64614;       0.50437;3.44438;2
 -58.45993;30.64882;       0.50459;3.44438;2
 -58.43316;30.65149;       0.50481;3.44438;2
 -58.40640;30.65417;       0.50505;3.44438;2
 -58.37964;30.65684;       0.50528;3.44439;2
 -58.35288;30.65952;       0.50550;3.44439;2
 -58.32612;30.66219;       0.50573;3.44439;2
 -58.29935;30.66487;       0.50597;3.44439;2
 -58.27260;30.66754;       0.50619;3.44439;2
 -58.24587;30.67022;       0.50643;3.44439;2
 -58.21913;30.67289;       0.50667;3.44439;2
 -58.19238;30.67557;       0.50691;3.44439;2
 -58.16563;30.67825;       0.50716;3.44439;2
 -58.13885;30.68092;       0.50738;3.44439;2
 -58.11206;30.68360;       0.50758;3.44439;2
 -58.08532;30.68627;       0.50778;3.44439;2
 -58.05857;30.68895;       0.50799;3.44439;2
 -58.03179;30.69162;       0.50821;3.44439;2
 -58.00504;30.69430;       0.50841;3.44439;2
 -57.97830;30.69697;       0.50864;3.44439;2
 -57.95158;30.69965;       0.50888;3.44439;2
 -57.92487;30.70232;       0.50912;3.44439;2
 -57.89815;30.70500;       0.50935;3.44440;2
 -57.87140;30.70767;       0.50959;3.44440;2
 -57.84462;30.71035;       0.50984;3.44440;2
 -57.81790;30.71302;       0.51010;3.44440;2
 -57.79116;30.71570;       0.51034;3.44440;2
 -57.76439;30.71837;       0.51055;3.44440;2
 -57.73763;30.72105;       0.51077;3.44440;2
 -57.71087;30.72372;       0.51100;3.44440;2
 -57.68410;30.72640;       0.51124;3.44440;2
 -57.65732;30.72907;       0.51147;3.44440;2
 -57.63053;30.73175;       0.51171;3.44440;2
 -57.60375;30.73442;       0.51195;3.44440;2
 -57.57698;30.73710;       0.51217;3.44440;2
 -57.55019;30.73977;       0.51238;3.44440;2
 -57.52342;30.74245;       0.51261;3.44440;2
 -57.49666;30.74512;       0.51284;3.44440;2
 -57.46990;30.74780;       0.51307;3.44440;2
 -57.44314;30.75047;       0.51335;3.44440;2
 -57.41639;30.75315;       0.51362;3.44440;2
 -57.38965;30.75582;       0.51386;3.44440;2
 -57.36290;30.75850;       0.51410;3.44440;2
 -57.33613;30.76117;       0.51435;3.44441;2
 -57.30935;30.76385;       0.51462;3.44441;2
 -57.28256;30.76652;       0.51488;3.44441;2
 -57.25580;30.76920;       0.51511;3.44441;2
 -57.22905;30.77187;       0.51533;3.44441;2
 -57.20227;30.77455;       0.51556;3.44441;2
 -57.17548;30.77722;       0.51579;3.44441;2
 -57.14874;30.77990;       0.51600;3.44441;2
 -57.12200;30.78257;       0.51622;3.44441;2
 -57.09526;30.78525;       0.51646;3.44441;2
 -57.06856;30.78792;       0.51671;3.44441;2
 -57.04182;30.79060;       0.51695;3.44441;2
 -57.01507;30.79328;       0.51720;3.44441;2
 -56.98831;30.79595;       0.51745;3.44441;2
 -56.96154;30.79863;       0.51770;3.44441;2
 -56.93479;30.80130;       0.51795;3.44441;2
 -56.90807;30.80398;       0.51820;3.44441;2
 -56.88133;30.80665;       0.51844;3.44441;2
 -56.85457;30.80933;       0.51870;3.44441;2
 -56.82783;30.81200;       0.51893;3.44441;2
 -56.80110;30.81468;       0.51913;3.44441;2
 -56.77434;30.81735;       0.51936;3.44441;2
 -56.74761;30.82003;       0.51963;3.44441;2
 -56.72086;30.82270;       0.51989;3.44441;2
 -56.69409;30.82538;       0.52013;3.44441;2
 -56.66731;30.82805;       0.52037;3.44441;2
 -56.64051;30.83073;       0.52059;3.44442;2
 -56.61376;30.83340;       0.52079;3.44442;2
 -56.58703;30.83608;       0.52099;3.44442;2
 -56.56028;30.83875;       0.52122;3.44442;2
 -56.53351;30.84143;       0.52146;3.44442;2
 -56.50674;30.84410;       0.52173;3.44442;2
 -56.48002;30.84678;       0.52202;3.44442;2
 -56.45330;30.84945;       0.52229;3.44442;2
 -56.42658;30.85213;       0.52257;3.44442;2
 -56.39983;30.85480;       0.52284;3.44442;2
 -56.37307;30.85748;       0.52309;3.44442;2
 -56.34632;30.86015;       0.52335;3.44442;2
 -56.31959;30.86283;       0.52361;3.44442;2
 -56.29287;30.86550;       0.52386;3.44442;2
 -56.26616;30.86818;       0.52413;3.44442;2
 -56.23945;30.87085;       0.52438;3.44442;2
 -56.21271;30.87353;       0.52463;3.44442;2
 -56.18597;30.87620;       0.52486;3.44442;2
 -56.15923;30.87888;       0.52510;3.44442;2
 -56.13249;30.88155;       0.52536;3.44442;2
 -56.10579;30.88423;       0.52562;3.44442;2
 -56.07906;30.88690;       0.52583;3.44442;2
 -56.05229;30.88958;       0.52604;3.44442;2
 -56.02552;30.89225;       0.52626;3.44442;2
 -55.99876;30.89493;       0.52652;3.44442;2
 -55.97200;30.89760;       0.52678;3.44442;2
 -55.94524;30.90028;       0.52700;3.44442;2
 -55.91849;30.90295;       0.52723;3.44442;2
 -55.89171;30.90563;       0.52748;3.44442;2
 -55.86493;30.90831;       0.52775;3.44442;2
 -55.83819;30.91098;       0.52804;3.44442;2
 -55.81143;30.91366;       0.52834;3.44442;2
 -55.78463;30.91633;       0.52863;3.44442;2
 -55.75785;30.91901;       0.52891;3.44442;2
 -55.73110;30.92168;       0.52918;3.44442;2
 -55.70434;30.92436;       0.52945;3.44442;2
 -55.67758;30.92703;       0.52971;3.44442;2
 -55.65082;30.92971;       0.52995;3.44442;2
 -55.62406;30.93238;       0.53017;3.44442;2
 -55.59732;30.93506;       0.53039;3.44442;2
 -55.57057;30.93773;       0.53062;3.44442;2
 -55.54384;30.94041;       0.53088;3.44443;2
 -55.51711;30.94308;       0.53114;3.44443;2
 -55.49035;30.94576;       0.53140;3.44443;2
 -55.46358;30.94843;       0.53166;3.44443;2
 -55.43682;30.95111;       0.53193;3.44443;2
 -55.41006;30.95378;       0.53222;3.44443;2
 -55.38329;30.95646;       0.53248;3.44443;2
 -55.35653;30.95913;       0.53274;3.44443;2
 -55.32978;30.96181;       0.53299;3.44443;2
 -55.30304;30.96448;       0.53324;3.44443;2
 -55.27635;30.96716;       0.53351;3.44443;2
 -55.24964;30.96983;       0.53377;3.44443;2
 -55.22291;30.97251;       0.53404;3.44443;2
 -55.19617;30.97518;       0.53431;3.44443;2
 -55.16942;30.97786;       0.53458;3.44443;2
 -55.14269;30.98053;       0.53485;3.44443;2
 -55.11594;30.98321;       0.53512;3.44443;2
 -55.08921;30.98588;       0.53539;3.44443;2
 -55.06246;30.98856;       0.53567;3.44443;2
 -55.03568;30.99123;       0.53592;3.44443;2
 -55.00892;30.99391;       0.53613;3.44443;2
 -54.98218;30.99658;       0.53636;3.44443;2
 -54.95545;30.99926;       0.53661;3.44443;2
 -54.92871;31.00193;       0.53686;3.44443;2
 -54.90197;31.00461;       0.53711;3.44443;2
 -54.87522;31.00728;       0.53741;3.44443;2
 -54.84845;31.00996;       0.53767;3.44443;2
 -54.82169;31.01263;       0.53793;3.44443;2
 -54.79494;31.01531;       0.53821;3.44443;2
 -54.76816;31.01799;       0.53849;3.44443;2
 -54.74141;31.02066;       0.53877;3.44443;2
 -54.71462;31.02334;       0.53903;3.44443;2
 -54.68785;31.02601;       0.53929;3.44443;2
 -54.66110;31.02869;       0.53956;3.44443;2
 -54.63435;31.03136;       0.53987;3.44443;2
 -54.60762;31.03404;       0.54018;3.44443;2
 -54.58088;31.03671;       0.54050;3.44443;2
 -54.55411;31.03939;       0.54078;3.44443;2
 -54.52734;31.04206;       0.54106;3.44443;2
 -54.50060;31.04474;       0.54132;3.44443;2
 -54.47387;31.04741;       0.54155;3.44443;2
 -54.44711;31.05009;       0.54180;3.44443;2
 -54.42038;31.05276;       0.54205;3.44443;2
 -54.39365;31.05544;       0.54230;3.44443;2
 -54.36690;31.05811;       0.54255;3.44443;2
 -54.34019;31.06079;       0.54283;3.44443;2
 -54.31344;31.06346;       0.54311;3.44443;2
 -54.28668;31.06614;       0.54338;3.44443;2
 -54.25989;31.06881;       0.54362;3.44443;2
 -54.23311;31.07149;       0.54384;3.44443;2
 -54.20632;31.07416;       0.54405;3.44443;2
 -54.17956;31.07684;       0.54426;3.44443;2
 -54.15278;31.07951;       0.54452;3.44443;2
 -54.12600;31.08219;       0.54479;3.44443;2
 -54.09923;31.08486;       0.54506;3.44443;2
 -54.07249;31.08754;       0.54534;3.44443;2
 -54.04575;31.09021;       0.54565;3.44443;2
 -54.01903;31.09289;       0.54596;3.44443;2
 -53.99230;31.09556;       0.54625;3.44443;2
 -53.96555;31.09824;       0.54655;3.44443;2
 -53.93880;31.10091;       0.54685;3.44443;2
 -53.91206;31.10359;       0.54714;3.44443;2
 -53.88531;31.10626;       0.54744;3.44443;2
 -53.85857;31.10894;       0.54773;3.44443;2
 -53.83183;31.11161;       0.54802;3.44443;2
 -53.80505;31.11429;       0.54829;3.44443;2
 -53.77830;31.11696;       0.54857;3.44443;2
 -53.75158;31.11964;       0.54883;3.44443;2
 -53.72485;31.12231;       0.54906;3.44443;2
 -53.69812;31.12499;       0.54929;3.44443;2
 -53.67140;31.12766;       0.54953;3.44443;2
 -53.64466;31.13034;       0.54978;3.44443;2
 -53.61790;31.13302;       0.55005;3.44443;2
 -53.59118;31.13569;       0.55031;3.44442;2
 -53.56445;31.13837;       0.55059;3.44442;2
 -53.53768;31.14104;       0.55089;3.44442;2
 -53.51092;31.14372;       0.55123;3.44442;2
 -53.48415;31.14639;       0.55148;3.44442;2
 -53.45740;31.14907;       0.55171;3.44442;2
 -53.43067;31.15174;       0.55196;3.44442;2
 -53.40393;31.15442;       0.55224;3.44442;2
 -53.37720;31.15709;       0.55254;3.44442;2
 -53.35047;31.15977;       0.55282;3.44442;2
 -53.32373;31.16244;       0.55307;3.44442;2
 -53.29698;31.16512;       0.55332;3.44442;2
 -53.27023;31.16779;       0.55355;3.44442;2
 -53.24346;31.17047;       0.55381;3.44442;2
 -53.21668;31.17314;       0.55409;3.44442;2
 -53.18991;31.17582;       0.55436;3.44442;2
 -53.16316;31.17849;       0.55461;3.44442;2
 -53.13644;31.18117;       0.55487;3.44442;2
 -53.10970;31.18384;       0.55513;3.44442;2
 -53.08293;31.18652;       0.55540;3.44442;2
 -53.05617;31.18919;       0.55570;3.44442;2
 -53.02943;31.19187;       0.55600;3.44442;2
 -53.00268;31.19454;       0.55625;3.44442;2
 -52.97591;31.19722;       0.55651;3.44442;2
 -52.94913;31.19989;       0.55677;3.44442;2
 -52.92237;31.20257;       0.55702;3.44442;2
 -52.89563;31.20524;       0.55729;3.44442;2
 -52.86888;31.20792;       0.55758;3.44442;2
 -52.84215;31.21059;       0.55787;3.44442;2
 -52.81542;31.21327;       0.55813;3.44442;2
 -52.78868;31.21594;       0.55842;3.44442;2
 -52.76193;31.21862;       0.55871;3.44442;2
 -52.73520;31.22129;       0.55897;3.44442;2
 -52.70850;31.22397;       0.55925;3.44442;2
 -52.68179;31.22664;       0.55953;3.44442;2
 -52.65506;31.22932;       0.55981;3.44442;2
 -52.62830;31.23199;       0.56008;3.44442;2
 -52.60155;31.23467;       0.56032;3.44442;2
 -52.57485;31.23734;       0.56054;3.44442;2
 -52.54809;31.24002;       0.56081;3.44442;2
 -52.52134;31.24269;       0.56112;3.44442;2
 -52.49459;31.24537;       0.56143;3.44441;2
 -52.46782;31.24805;       0.56173;3.44441;2
 -52.44103;31.25072;       0.56203;3.44441;2
 -52.41430;31.25340;       0.56233;3.44441;2
 -52.38751;31.25607;       0.56262;3.44441;2
 -52.36072;31.25875;       0.56287;3.44441;2
 -52.33398;31.26142;       0.56310;3.44441;2
 -52.30722;31.26410;       0.56334;3.44441;2
 -52.28047;31.26677;       0.56358;3.44441;2
 -52.25372;31.26945;       0.56385;3.44441;2
 -52.22695;31.27212;       0.56414;3.44441;2
 -52.20020;31.27480;       0.56442;3.44441;2
 -52.17345;31.27747;       0.56470;3.44441;2
 -52.14672;31.28015;       0.56496;3.44441;2
 -52.11998;31.28282;       0.56521;3.44441;2
 -52.09326;31.28550;       0.56547;3.44441;2
 -52.06655;31.28817;       0.56574;3.44441;2
 -52.03980;31.29085;       0.56600;3.44441;2
 -52.01305;31.29352;       0.56626;3.44441;2
 -51.98630;31.29620;       0.56652;3.44441;2
 -51.95956;31.29887;       0.56679;3.44441;2
 -51.93283;31.30155;       0.56707;3.44441;2
 -51.90608;31.30422;       0.56738;3.44441;2
 -51.87931;31.30690;       0.56770;3.44441;2
 -51.85254;31.30957;       0.56801;3.44441;2
 -51.82578;31.31225;       0.56832;3.44441;2
 -51.79903;31.31492;       0.56863;3.44440;2
 -51.77230;31.31760;       0.56892;3.44440;2
 -51.74558;31.32027;       0.56920;3.44440;2
 -51.71883;31.32295;       0.56946;3.44440;2
 -51.69211;31.32562;       0.56970;3.44440;2
 -51.66539;31.32830;       0.56993;3.44440;2
 -51.63863;31.33097;       0.57015;3.44440;2
 -51.61189;31.33365;       0.57040;3.44440;2
 -51.58517;31.33632;       0.57066;3.44440;2
 -51.55844;31.33900;       0.57094;3.44440;2
 -51.53172;31.34167;       0.57123;3.44440;2
 -51.50499;31.34435;       0.57152;3.44440;2
 -51.47823;31.34702;       0.57180;3.44440;2
 -51.45148;31.34970;       0.57209;3.44440;2
 -51.42475;31.35237;       0.57239;3.44440;2
 -51.39802;31.35505;       0.57268;3.44440;2
 -51.37128;31.35772;       0.57296;3.44440;2
 -51.34455;31.36040;       0.57322;3.44440;2
 -51.31778;31.36308;       0.57353;3.44440;2
 -51.29102;31.36575;       0.57382;3.44440;2
 -51.26427;31.36843;       0.57409;3.44440;2
 -51.23753;31.37110;       0.57436;3.44439;2
 -51.21079;31.37378;       0.57465;3.44439;2
 -51.18404;31.37645;       0.57492;3.44439;2
 -51.15726;31.37913;       0.57519;3.44439;2
 -51.13051;31.38180;       0.57548;3.44439;2
 -51.10377;31.38448;       0.57575;3.44439;2
 -51.07701;31.38715;       0.57601;3.44439;2
 -51.05030;31.38983;       0.57627;3.44439;2
 -51.02358;31.39250;       0.57651;3.44439;2
 -50.99681;31.39518;       0.57675;3.44439;2
 -50.97006;31.39785;       0.57700;3.44439;2
 -50.94332;31.40053;       0.57727;3.44439;2
 -50.91660;31.40320;       0.57755;3.44439;2
 -50.88984;31.40588;       0.57783;3.44439;2
 -50.86309;31.40855;       0.57811;3.44439;2
 -50.83634;31.41123;       0.57839;3.44439;2
 -50.80956;31.41390;       0.57866;3.44439;2
 -50.78280;31.41658;       0.57895;3.44439;2
 -50.75606;31.41925;       0.57924;3.44438;2
 -50.72932;31.42193;       0.57953;3.44438;2
 -50.70257;31.42460;       0.57984;3.44438;2
 -50.67580;31.42728;       0.58014;3.44438;2
 -50.64902;31.42995;       0.58043;3.44438;2
 -50.62225;31.43263;       0.58071;3.44438;2
 -50.59551;31.43530;       0.58097;3.44438;2
 -50.56875;31.43798;       0.58122;3.44438;2
 -50.54195;31.44065;       0.58145;3.44438;2
 -50.51518;31.44333;       0.58169;3.44438;2
 -50.48842;31.44600;       0.58193;3.44438;2
 -50.46165;31.44868;       0.58220;3.44438;2
 -50.43489;31.45135;       0.58250;3.44438;2
 -50.40815;31.45403;       0.58282;3.44438;2
 -50.38135;31.45670;       0.58315;3.44438;2
 -50.35457;31.45938;       0.58347;3.44437;2
 -50.32779;31.46205;       0.58377;3.44437;2
 -50.30100;31.46473;       0.58406;3.44437;2
 -50.27423;31.46740;       0.58435;3.44437;2
 -50.24747;31.47008;       0.58467;3.44437;2
 -50.22071;31.47275;       0.58499;3.44437;2
 -50.19395;31.47543;       0.58530;3.44437;2
 -50.16719;31.47811;       0.58561;3.44437;2
 -50.14040;31.48078;       0.58592;3.44437;2
 -50.11363;31.48346;       0.58620;3.44437;2
 -50.08685;31.48613;       0.58645;3.44437;2
 -50.06008;31.48881;       0.58669;3.44437;2
 -50.03329;31.49148;       0.58693;3.44437;2
 -50.00649;31.49416;       0.58719;3.44437;2
 -49.97969;31.49683;       0.58747;3.44437;2
 -49.95287;31.49951;       0.58774;3.44436;2
 -49.92604;31.50218;       0.58804;3.44436;2
 -49.89924;31.50486;       0.58835;3.44436;2
 -49.87246;31.50753;       0.58861;3.44436;2
 -49.84567;31.51021;       0.58890;3.44436;2
 -49.81887;31.51288;       0.58923;3.44436;2
 -49.79205;31.51556;       0.58955;3.44436;2
 -49.76524;31.51823;       0.58987;3.44436;2
 -49.73846;31.52091;       0.59017;3.44436;2
 -49.71167;31.52358;       0.59046;3.44436;2
 -49.68487;31.52626;       0.59077;3.44436;2
 -49.65805;31.52893;       0.59106;3.44436;2
 -49.63122;31.53161;       0.59134;3.44436;2
 -49.60441;31.53428;       0.59162;3.44435;2
 -49.57761;31.53696;       0.59189;3.44435;2
 -49.55080;31.53963;       0.59218;3.44435;2
 -49.52400;31.54231;       0.59246;3.44435;2
 -49.49719;31.54498;       0.59274;3.44435;2
 -49.47038;31.54766;       0.59303;3.44435;2
 -49.44362;31.55033;       0.59334;3.44435;2
 -49.41686;31.55301;       0.59363;3.44435;2
 -49.39007;31.55568;       0.59393;3.44435;2
 -49.36327;31.55836;       0.59422;3.44435;2
 -49.33647;31.56103;       0.59452;3.44435;2
 -49.30966;31.56371;       0.59483;3.44435;2
 -49.28292;31.56638;       0.59513;3.44434;2
 -49.25616;31.56906;       0.59542;3.44434;2
 -49.22938;31.57173;       0.59571;3.44434;2
 -49.20264;31.57441;       0.59601;3.44434;2
 -49.17585;31.57708;       0.59628;3.44434;2
 -49.14908;31.57976;       0.59652;3.44434;2
 -49.12234;31.58243;       0.59676;3.44434;2
 -49.09558;31.58511;       0.59704;3.44434;2
 -49.06881;31.58779;       0.59735;3.44434;2
 -49.04206;31.59046;       0.59764;3.44434;2
 -49.01529;31.59314;       0.59794;3.44434;2
 -48.98853;31.59581;       0.59824;3.44434;2
 -48.96178;31.59849;       0.59853;3.44433;2
 -48.93502;31.60116;       0.59881;3.44433;2
 -48.90825;31.60384;       0.59908;3.44433;2
 -48.88147;31.60651;       0.59938;3.44433;2
 -48.85471;31.60919;       0.59967;3.44433;2
 -48.82797;31.61186;       0.59996;3.44433;2
 -48.80122;31.61454;       0.60026;3.44433;2
 -48.77443;31.61721;       0.60055;3.44433;2
 -48.74768;31.61989;       0.60084;3.44433;2
 -48.72094;31.62256;       0.60114;3.44433;2
 -48.69421;31.62524;       0.60144;3.44433;2
 -48.66747;31.62791;       0.60174;3.44432;2
 -48.64069;31.63059;       0.60206;3.44432;2
 -48.61396;31.63326;       0.60239;3.44432;2
 -48.58721;31.63594;       0.60270;3.44432;2
 -48.56045;31.63861;       0.60299;3.44432;2
 -48.53373;31.64129;       0.60331;3.44432;2
 -48.50699;31.64396;       0.60363;3.44432;2
 -48.48024;31.64664;       0.60393;3.44432;2
 -48.45352;31.64931;       0.60422;3.44432;2
 -48.42682;31.65199;       0.60452;3.44432;2
 -48.40011;31.65466;       0.60480;3.44431;2
 -48.37339;31.65734;       0.60509;3.44431;2
 -48.34669;31.66001;       0.60539;3.44431;2
 -48.32000;31.66269;       0.60569;3.44431;2
 -48.29330;31.66536;       0.60599;3.44431;2
 -48.26659;31.66804;       0.60628;3.44431;2
 -48.23988;31.67071;       0.60657;3.44431;2
 -48.21316;31.67339;       0.60686;3.44431;2
 -48.18645;31.67606;       0.60714;3.44431;2
 -48.15975;31.67874;       0.60742;3.44431;2
 -48.13304;31.68141;       0.60770;3.44430;2
 -48.10633;31.68409;       0.60799;3.44430;2
 -48.07962;31.68676;       0.60826;3.44430;2
 -48.05291;31.68944;       0.60852;3.44430;2
 -48.02619;31.69211;       0.60880;3.44430;2
 -47.99949;31.69479;       0.60909;3.44430;2
 -47.97278;31.69746;       0.60935;3.44430;2
 -47.94604;31.70014;       0.60963;3.44430;2
 -47.91933;31.70282;       0.60992;3.44430;2
 -47.89265;31.70549;       0.61020;3.44430;2
 -47.86595;31.70817;       0.61048;3.44429;2
 -47.83922;31.71084;       0.61077;3.44429;2
 -47.81253;31.71352;       0.61106;3.44429;2
 -47.78583;31.71619;       0.61135;3.44429;2
 -47.75916;31.71887;       0.61163;3.44429;2
 -47.73248;31.72154;       0.61191;3.44429;2
 -47.70577;31.72422;       0.61217;3.44429;2
 -47.67904;31.72689;       0.61243;3.44429;2
 -47.65231;31.72957;       0.61269;3.44429;2
 -47.62560;31.73224;       0.61296;3.44428;2
 -47.59890;31.73492;       0.61327;3.44428;2
 -47.57222;31.73759;       0.61359;3.44428;2
 -47.54552;31.74027;       0.61390;3.44428;2
 -47.51882;31.74294;       0.61420;3.44428;2
 -47.49211;31.74562;       0.61450;3.44428;2
 -47.46541;31.74829;       0.61479;3.44428;2
 -47.43870;31.75097;       0.61507;3.44428;2
 -47.41196;31.75364;       0.61537;3.44428;2
 -47.38526;31.75632;       0.61571;3.44427;2
 -47.35857;31.75899;       0.61603;3.44427;2
 -47.33187;31.76167;       0.61634;3.44427;2
 -47.30518;31.76434;       0.61665;3.44427;2
 -47.27847;31.76702;       0.61697;3.44427;2
 -47.25175;31.76969;       0.61727;3.44427;2
 -47.22503;31.77237;       0.61760;3.44427;2
 -47.19830;31.77504;       0.61793;3.44427;2
 -47.17154;31.77772;       0.61825;3.44427;2
 -47.14482;31.78039;       0.61856;3.44426;2
 -47.11810;31.78307;       0.61885;3.44426;2
 -47.09138;31.78574;       0.61915;3.44426;2
 -47.06465;31.78842;       0.61945;3.44426;2
 -47.03788;31.79109;       0.61975;3.44426;2
 -47.01111;31.79377;       0.62005;3.44426;2
 -46.98435;31.79644;       0.62036;3.44426;2
 -46.95759;31.79912;       0.62070;3.44426;2
 -46.93083;31.80179;       0.62106;3.44425;2
 -46.90409;31.80447;       0.62141;3.44425;2
 -46.87734;31.80714;       0.62176;3.44425;2
 -46.85062;31.80982;       0.62210;3.44425;2
 -46.82388;31.81249;       0.62243;3.44425;2
 -46.79711;31.81517;       0.62277;3.44425;2
 -46.77036;31.81785;       0.62311;3.44425;2
 -46.74365;31.82052;       0.62345;3.44425;2
 -46.71690;31.82320;       0.62376;3.44424;2
 -46.69013;31.82587;       0.62406;3.44424;2
 -46.66335;31.82855;       0.62438;3.44424;2
 -46.63657;31.83122;       0.62470;3.44424;2
 -46.60984;31.83390;       0.62500;3.44424;2
 -46.58308;31.83657;       0.62532;3.44424;2
 -46.55633;31.83925;       0.62564;3.44424;2
 -46.52957;31.84192;       0.62599;3.44424;2
 -46.50280;31.84460;       0.62637;3.44423;2
 -46.47604;31.84727;       0.62676;3.44423;2
 -46.44927;31.84995;       0.62712;3.44423;2
 -46.42248;31.85262;       0.62746;3.44423;2
 -46.39568;31.85530;       0.62779;3.44423;2
 -46.36890;31.85797;       0.62811;3.44423;2
 -46.34211;31.86065;       0.62844;3.44423;2
 -46.31531;31.86332;       0.62878;3.44423;2
 -46.28854;31.86600;       0.62911;3.44422;2
 -46.26178;31.86867;       0.62946;3.44422;2
 -46.23500;31.87135;       0.62982;3.44422;2
 -46.20821;31.87402;       0.63014;3.44422;2
 -46.18143;31.87670;       0.63046;3.44422;2
 -46.15463;31.87937;       0.63078;3.44422;2
 -46.12784;31.88205;       0.63113;3.44422;2
 -46.10108;31.88472;       0.63150;3.44422;2
 -46.07433;31.88740;       0.63188;3.44421;2
 -46.04756;31.89007;       0.63225;3.44421;2
 -46.02078;31.89275;       0.63261;3.44421;2
 -45.99399;31.89542;       0.63294;3.44421;2
 -45.96720;31.89810;       0.63327;3.44421;2
 -45.94043;31.90077;       0.63362;3.44421;2
 -45.91369;31.90345;       0.63399;3.44421;2
 -45.88692;31.90612;       0.63436;3.44420;2
 -45.86015;31.90880;       0.63474;3.44420;2
 -45.83339;31.91147;       0.63510;3.44420;2
 -45.80663;31.91415;       0.63545;3.44420;2
 -45.77988;31.91682;       0.63579;3.44420;2
 -45.75314;31.91950;       0.63614;3.44420;2
 -45.72638;31.92217;       0.63649;3.44420;2
 -45.69958;31.92485;       0.63684;3.44419;2
 -45.67280;31.92752;       0.63717;3.44419;2
 -45.64604;31.93020;       0.63754;3.44419;2
 -45.61930;31.93288;       0.63790;3.44419;2
 -45.59256;31.93555;       0.63825;3.44419;2
 -45.56578;31.93823;       0.63860;3.44419;2
 -45.53897;31.94090;       0.63896;3.44419;2
 -45.51219;31.94358;       0.63933;3.44418;2
 -45.48543;31.94625;       0.63970;3.44418;2
 -45.45866;31.94893;       0.64004;3.44418;2
 -45.43188;31.95160;       0.64038;3.44418;2
 -45.40512;31.95428;       0.64077;3.44418;2
 -45.37836;31.95695;       0.64113;3.44418;2
 -45.35159;31.95963;       0.64152;3.44418;2
 -45.32480;31.96230;       0.64190;3.44417;2
 -45.29800;31.96498;       0.64228;3.44417;2
 -45.27120;31.96765;       0.64265;3.44417;2
 -45.24443;31.97033;       0.64302;3.44417;2
 -45.21765;31.97300;       0.64341;3.44417;2
 -45.19086;31.97568;       0.64380;3.44417;2
 -45.16410;31.97835;       0.64417;3.44417;2
 -45.13735;31.98103;       0.64456;3.44416;2
 -45.11057;31.98370;       0.64498;3.44416;2
 -45.08379;31.98638;       0.64536;3.44416;2
 -45.05701;31.98905;       0.64572;3.44416;2
 -45.03023;31.99173;       0.64609;3.44416;2
 -45.00348;31.99440;       0.64647;3.44416;2
 -44.97674;31.99708;       0.64686;3.44415;2
 -44.94999;31.99975;       0.64722;3.44415;2
 -44.92323;32.00243;       0.64757;3.44415;2
 -44.89649;32.00510;       0.64792;3.44415;2
 -44.86974;32.00778;       0.64825;3.44415;2
 -44.84302;32.01045;       0.64860;3.44415;2
 -44.81628;32.01313;       0.64895;3.44415;2
 -44.78955;32.01580;       0.64933;3.44414;2
 -44.76283;32.01848;       0.64970;3.44414;2
 -44.73609;32.02115;       0.65006;3.44414;2
 -44.70934;32.02383;       0.65045;3.44414;2
 -44.68260;32.02650;       0.65082;3.44414;2
 -44.65588;32.02918;       0.65118;3.44414;2
 -44.62916;32.03185;       0.65154;3.44413;2
 -44.60244;32.03453;       0.65190;3.44413;2
 -44.57569;32.03720;       0.65227;3.44413;2
 -44.54894;32.03988;       0.65266;3.44413;2
 -44.52221;32.04255;       0.65305;3.44413;2
 -44.49550;32.04523;       0.65345;3.44413;2
 -44.46877;32.04791;       0.65385;3.44413;2
 -44.44204;32.05058;       0.65423;3.44412;2
 -44.41532;32.05326;       0.65460;3.44412;2
 -44.38863;32.05593;       0.65498;3.44412;2
 -44.36192;32.05861;       0.65536;3.44412;2
 -44.33521;32.06128;       0.65575;3.44412;2
 -44.30851;32.06396;       0.65614;3.44412;2
 -44.28181;32.06663;       0.65652;3.44411;2
 -44.25507;32.06931;       0.65690;3.44411;2
 -44.22834;32.07198;       0.65726;3.44411;2
 -44.20162;32.07466;       0.65760;3.44411;2
 -44.17488;32.07733;       0.65798;3.44411;2
 -44.14816;32.08001;       0.65836;3.44411;2
 -44.12145;32.08268;       0.65873;3.44410;2
 -44.09473;32.08536;       0.65911;3.44410;2
 -44.06799;32.08803;       0.65949;3.44410;2
 -44.04123;32.09071;       0.65989;3.44410;2
 -44.01449;32.09338;       0.66033;3.44410;2
 -43.98777;32.09606;       0.66074;3.44410;2
 -43.96105;32.09873;       0.66113;3.44409;2
 -43.93431;32.10141;       0.66152;3.44409;2
 -43.90758;32.10408;       0.66193;3.44409;2
 -43.88083;32.10676;       0.66232;3.44409;2
 -43.85410;32.10943;       0.66273;3.44409;2
 -43.82738;32.11211;       0.66312;3.44409;2
 -43.80064;32.11478;       0.66347;3.44408;2
 -43.77389;32.11746;       0.66381;3.44408;2
 -43.74716;32.12013;       0.66419;3.44408;2
 -43.72043;32.12281;       0.66458;3.44408;2
 -43.69369;32.12548;       0.66495;3.44408;2
 -43.66699;32.12816;       0.66535;3.44408;2
 -43.64031;32.13083;       0.66579;3.44407;2
 -43.61359;32.13351;       0.66622;3.44407;2
 -43.58686;32.13618;       0.66664;3.44407;2
 -43.56013;32.13886;       0.66703;3.44407;2
 -43.53341;32.14153;       0.66742;3.44407;2
 -43.50670;32.14421;       0.66779;3.44406;2
 -43.47997;32.14688;       0.66816;3.44406;2
 -43.45323;32.14956;       0.66853;3.44406;2
 -43.42652;32.15223;       0.66892;3.44406;2
 -43.39980;32.15491;       0.66930;3.44406;2
 -43.37305;32.15758;       0.66967;3.44406;2
 -43.34632;32.16026;       0.67005;3.44405;2
 -43.31957;32.16294;       0.67044;3.44405;2
 -43.29281;32.16561;       0.67083;3.44405;2
 -43.26609;32.16829;       0.67122;3.44405;2
 -43.23938;32.17096;       0.67164;3.44405;2
 -43.21264;32.17364;       0.67208;3.44405;2
 -43.18590;32.17631;       0.67253;3.44404;2
 -43.15916;32.17899;       0.67297;3.44404;2
 -43.13239;32.18166;       0.67342;3.44404;2
 -43.10562;32.18434;       0.67391;3.44404;2
 -43.07886;32.18701;       0.67436;3.44404;2
 -43.05210;32.18969;       0.67481;3.44403;2
 -43.02534;32.19236;       0.67523;3.44403;2
 -42.99860;32.19504;       0.67556;3.44403;2
 -42.97185;32.19771;       0.67587;3.44403;2
 -42.94505;32.20039;       0.67628;3.44403;2
 -42.91828;32.20306;       0.67666;3.44403;2
 -42.89152;32.20574;       0.67706;3.44402;2
 -42.86477;32.20841;       0.67751;3.44402;2
 -42.83802;32.21109;       0.67798;3.44402;2
 -42.81123;32.21376;       0.67845;3.44402;2
 -42.78443;32.21644;       0.67889;3.44402;2
 -42.75763;32.21911;       0.67935;3.44401;2
 -42.73083;32.22179;       0.67981;3.44401;2
 -42.70403;32.22446;       0.68026;3.44401;2
 -42.67723;32.22714;       0.68070;3.44401;2
 -42.65045;32.22981;       0.68112;3.44401;2
 -42.62364;32.23249;       0.68154;3.44400;2
 -42.59684;32.23516;       0.68197;3.44400;2
 -42.57005;32.23784;       0.68239;3.44400;2
 -42.54328;32.24051;       0.68280;3.44400;2
 -42.51653;32.24319;       0.68323;3.44400;2
 -42.48977;32.24586;       0.68364;3.44400;2
 -42.46296;32.24854;       0.68409;3.44399;2
 -42.43615;32.25121;       0.68458;3.44399;2
 -42.40938;32.25389;       0.68502;3.44399;2
 -42.38259;32.25656;       0.68546;3.44399;2
 -42.35578;32.25924;       0.68589;3.44399;2
 -42.32896;32.26191;       0.68630;3.44398;2
 -42.30214;32.26459;       0.68672;3.44398;2
 -42.27532;32.26726;       0.68716;3.44398;2
 -42.24851;32.26994;       0.68761;3.44398;2
 -42.22172;32.27262;       0.68807;3.44398;2
 -42.19493;32.27529;       0.68851;3.44397;2
 -42.16813;32.27797;       0.68895;3.44397;2
 -42.14133;32.28064;       0.68938;3.44397;2
 -42.11454;32.28332;       0.68982;3.44397;2
 -42.08775;32.28599;       0.69024;3.44397;2
 -42.06097;32.28867;       0.69065;3.44396;2
 -42.03420;32.29134;       0.69110;3.44396;2
 -42.00743;32.29402;       0.69153;3.44396;2
 -41.98064;32.29669;       0.69198;3.44396;2
 -41.95387;32.29937;       0.69247;3.44396;2
 -41.92711;32.30204;       0.69297;3.44395;2
 -41.90031;32.30472;       0.69343;3.44395;2
 -41.87351;32.30739;       0.69387;3.44395;2
 -41.84673;32.31007;       0.69429;3.44395;2
 -41.81992;32.31274;       0.69471;3.44395;2
 -41.79311;32.31542;       0.69514;3.44394;2
 -41.76634;32.31809;       0.69557;3.44394;2
 -41.73958;32.32077;       0.69602;3.44394;2
 -41.71278;32.32344;       0.69648;3.44394;2
 -41.68599;32.32612;       0.69692;3.44394;2
 -41.65921;32.32879;       0.69737;3.44393;2
 -41.63243;32.33147;       0.69786;3.44393;2
 -41.60563;32.33414;       0.69835;3.44393;2
 -41.57887;32.33682;       0.69885;3.44393;2
 -41.55211;32.33949;       0.69936;3.44393;2
 -41.52535;32.34217;       0.69983;3.44392;2
 -41.49859;32.34484;       0.70026;3.44392;2
 -41.47183;32.34752;       0.70071;3.44392;2
 -41.44506;32.35019;       0.70116;3.44392;2
 -41.41828;32.35287;       0.70160;3.44391;2
 -41.39147;32.35554;       0.70204;3.44391;2
 -41.36468;32.35822;       0.70249;3.44391;2
 -41.33794;32.36089;       0.70293;3.44391;2
 -41.31118;32.36357;       0.70336;3.44391;2
 -41.28441;32.36624;       0.70382;3.44390;2
 -41.25766;32.36892;       0.70428;3.44390;2
 -41.23091;32.37159;       0.70473;3.44390;2
 -41.20413;32.37427;       0.70518;3.44390;2
 -41.17737;32.37694;       0.70563;3.44390;2
 -41.15062;32.37962;       0.70610;3.44389;2
 -41.12389;32.38229;       0.70656;3.44389;2
 -41.09717;32.38497;       0.70701;3.44389;2
 -41.07042;32.38765;       0.70748;3.44389;2
 -41.04370;32.39032;       0.70792;3.44389;2
 -41.01698;32.39300;       0.70836;3.44388;2
 -40.99024;32.39567;       0.70881;3.44388;2
 -40.96348;32.39835;       0.70925;3.44388;2
 -40.93675;32.40102;       0.70967;3.44388;2
 -40.91005;32.40370;       0.71013;3.44387;2
 -40.88330;32.40637;       0.71057;3.44387;2
 -40.85654;32.40905;       0.71103;3.44387;2
 -40.82979;32.41172;       0.71150;3.44387;2
 -40.80300;32.41440;       0.71195;3.44387;2
 -40.77622;32.41707;       0.71240;3.44386;2
 -40.74946;32.41975;       0.71289;3.44386;2
 -40.72270;32.42242;       0.71336;3.44386;2
 -40.69595;32.42510;       0.71381;3.44386;2
 -40.66922;32.42777;       0.71426;3.44385;2
 -40.64247;32.43045;       0.71471;3.44385;2
 -40.61571;32.43312;       0.71519;3.44385;2
 -40.58896;32.43580;       0.71567;3.44385;2
 -40.56221;32.43847;       0.71615;3.44385;2
 -40.53547;32.44115;       0.71665;3.44384;2
 -40.50871;32.44382;       0.71712;3.44384;2
 -40.48192;32.44650;       0.71755;3.44384;2
 -40.45514;32.44917;       0.71799;3.44384;2
 -40.42839;32.45185;       0.71847;3.44384;2
 -40.40165;32.45452;       0.71895;3.44383;2
 -40.37486;32.45720;       0.71940;3.44383;2
 -40.34811;32.45987;       0.71986;3.44383;2
 -40.32139;32.46255;       0.72033;3.44383;2
 -40.29468;32.46522;       0.72080;3.44382;2
 -40.26797;32.46790;       0.72126;3.44382;2
 -40.24120;32.47057;       0.72170;3.44382;2
 -40.21447;32.47325;       0.72215;3.44382;2
 -40.18771;32.47592;       0.72261;3.44381;2
 -40.16093;32.47860;       0.72308;3.44381;2
 -40.13417;32.48127;       0.72356;3.44381;2
 -40.10744;32.48395;       0.72401;3.44381;2
 -40.08067;32.48662;       0.72447;3.44381;2
 -40.05390;32.48930;       0.72495;3.44380;2
 -40.02714;32.49197;       0.72545;3.44380;2
 -40.00036;32.49465;       0.72593;3.44380;2
 -39.97360;32.49732;       0.72641;3.44380;2
 -39.94685;32.50000;       0.72688;3.44379;2
 -39.92008;32.50268;       0.72734;3.44379;2
 -39.89330;32.50535;       0.72782;3.44379;2
 -39.86655;32.50803;       0.72831;3.44379;2
 -39.83984;32.51070;       0.72880;3.44378;2
 -39.81309;32.51338;       0.72928;3.44378;2
 -39.78636;32.51605;       0.72978;3.44378;2
 -39.75963;32.51873;       0.73026;3.44378;2
 -39.73288;32.52140;       0.73073;3.44378;2
 -39.70615;32.52408;       0.73121;3.44377;2
 -39.67942;32.52675;       0.73168;3.44377;2
 -39.65268;32.52943;       0.73218;3.44377;2
 -39.62593;32.53210;       0.73267;3.44377;2
 -39.59918;32.53478;       0.73317;3.44376;2
 -39.57243;32.53745;       0.73369;3.44376;2
 -39.54566;32.54013;       0.73422;3.44376;2
 -39.51890;32.54280;       0.73474;3.44376;2
 -39.49213;32.54548;       0.73522;3.44375;2
 -39.46534;32.54815;       0.73569;3.44375;2
 -39.43859;32.55083;       0.73615;3.44375;2
 -39.41185;32.55350;       0.73661;3.44375;2
 -39.38513;32.55618;       0.73707;3.44374;2
 -39.35841;32.55885;       0.73754;3.44374;2
 -39.33166;32.56153;       0.73803;3.44374;2
 -39.30488;32.56420;       0.73853;3.44374;2
 -39.27811;32.56688;       0.73903;3.44374;2
 -39.25135;32.56955;       0.73952;3.44373;2
 -39.22460;32.57223;       0.74001;3.44373;2
 -39.19785;32.57490;       0.74050;3.44373;2
 -39.17108;32.57758;       0.74098;3.44373;2
 -39.14433;32.58025;       0.74141;3.44372;2
 -39.11755;32.58293;       0.74189;3.44372;2
 -39.09076;32.58560;       0.74237;3.44372;2
 -39.06400;32.58828;       0.74285;3.44372;2
 -39.03725;32.59095;       0.74335;3.44371;2
 -39.01051;32.59363;       0.74386;3.44371;2
 -38.98375;32.59630;       0.74440;3.44371;2
 -38.95699;32.59898;       0.74492;3.44371;2
 -38.93025;32.60165;       0.74541;3.44370;2
 -38.90352;32.60433;       0.74591;3.44370;2
 -38.87674;32.60700;       0.74642;3.44370;2
 -38.85000;32.60968;       0.74692;3.44370;2
 -38.82326;32.61235;       0.74742;3.44369;2
 -38.79652;32.61503;       0.74791;3.44369;2
 -38.76979;32.61771;       0.74840;3.44369;2
 -38.74305;32.62038;       0.74892;3.44369;2
 -38.71633;32.62306;       0.74942;3.44368;2
 -38.68961;32.62573;       0.74992;3.44368;2
 -38.66289;32.62841;       0.75043;3.44368;2
 -38.63617;32.63108;       0.75093;3.44368;2
 -38.60943;32.63376;       0.75141;3.44367;2
 -38.58272;32.63643;       0.75190;3.44367;2
 -38.55602;32.63911;       0.75242;3.44367;2
 -38.52933;32.64178;       0.75298;3.44367;2
 -38.50261;32.64446;       0.75353;3.44366;2
 -38.47588;32.64713;       0.75404;3.44366;2
 -38.44916;32.64981;       0.75455;3.44366;2
 -38.42244;32.65248;       0.75503;3.44366;2
 -38.39572;32.65516;       0.75550;3.44365;2
 -38.36900;32.65783;       0.75598;3.44365;2
 -38.34228;32.66051;       0.75649;3.44365;2
 -38.31553;32.66318;       0.75698;3.44364;2
 -38.28878;32.66586;       0.75750;3.44364;2
 -38.26202;32.66853;       0.75803;3.44364;2
 -38.23528;32.67121;       0.75856;3.44364;2
 -38.20859;32.67388;       0.75912;3.44363;2
 -38.18186;32.67656;       0.75966;3.44363;2
 -38.15516;32.67923;       0.76015;3.44363;2
 -38.12847;32.68191;       0.76062;3.44363;2
 -38.10176;32.68458;       0.76113;3.44362;2
 -38.07504;32.68726;       0.76165;3.44362;2
 -38.04832;32.68993;       0.76215;3.44362;2
 -38.02158;32.69261;       0.76266;3.44362;2
 -37.99484;32.69528;       0.76316;3.44361;2
 -37.96812;32.69796;       0.76365;3.44361;2
 -37.94137;32.70063;       0.76417;3.44361;2
 -37.91466;32.70331;       0.76468;3.44361;2
 -37.88794;32.70598;       0.76518;3.44360;2
 -37.86121;32.70866;       0.76571;3.44360;2
 -37.83449;32.71133;       0.76625;3.44360;2
 -37.80774;32.71401;       0.76678;3.44360;2
 -37.78100;32.71668;       0.76731;3.44359;2
 -37.75428;32.71936;       0.76783;3.44359;2
 -37.72754;32.72203;       0.76835;3.44359;2
 -37.70078;32.72471;       0.76889;3.44358;2
 -37.67402;32.72738;       0.76944;3.44358;2
 -37.64725;32.73006;       0.76996;3.44358;2
 -37.62049;32.73274;       0.77047;3.44358;2
 -37.59374;32.73541;       0.77100;3.44357;2
 -37.56698;32.73809;       0.77154;3.44357;2
 -37.54022;32.74076;       0.77209;3.44357;2
 -37.51349;32.74344;       0.77267;3.44357;2
 -37.48673;32.74611;       0.77327;3.44356;2
 -37.45995;32.74879;       0.77387;3.44356;2
 -37.43320;32.75146;       0.77445;3.44356;2
 -37.40645;32.75414;       0.77502;3.44356;2
 -37.37969;32.75681;       0.77558;3.44355;2
 -37.35293;32.75949;       0.77611;3.44355;2
 -37.32619;32.76216;       0.77664;3.44355;2
 -37.29945;32.76484;       0.77716;3.44354;2
 -37.27269;32.76751;       0.77769;3.44354;2
 -37.24594;32.77019;       0.77824;3.44354;2
 -37.21922;32.77286;       0.77879;3.44354;2
 -37.19248;32.77554;       0.77935;3.44353;2
 -37.16571;32.77821;       0.77990;3.44353;2
 -37.13897;32.78089;       0.78041;3.44353;2
 -37.11225;32.78356;       0.78092;3.44352;2
 -37.08552;32.78624;       0.78146;3.44352;2
 -37.05877;32.78891;       0.78201;3.44352;2
 -37.03201;32.79159;       0.78255;3.44352;2
 -37.00525;32.79426;       0.78310;3.44351;2
 -36.97848;32.79694;       0.78367;3.44351;2
 -36.95171;32.79961;       0.78422;3.44351;2
 -36.92496;32.80229;       0.78481;3.44351;2
 -36.89819;32.80496;       0.78543;3.44350;2
 -36.87140;32.80764;       0.78604;3.44350;2
 -36.84467;32.81031;       0.78663;3.44350;2
 -36.81792;32.81299;       0.78717;3.44349;2
 -36.79114;32.81566;       0.78770;3.44349;2
 -36.76438;32.81834;       0.78825;3.44349;2
 -36.73764;32.82101;       0.78882;3.44349;2
 -36.71089;32.82369;       0.78939;3.44348;2
 -36.68413;32.82636;       0.78995;3.44348;2
 -36.65736;32.82904;       0.79051;3.44348;2
 -36.63056;32.83171;       0.79110;3.44347;2
 -36.60377;32.83439;       0.79173;3.44347;2
 -36.57700;32.83706;       0.79236;3.44347;2
 -36.55021;32.83974;       0.79297;3.44347;2
 -36.52343;32.84242;       0.79356;3.44346;2
 -36.49664;32.84509;       0.79413;3.44346;2
 -36.46986;32.84777;       0.79468;3.44346;2
 -36.44312;32.85044;       0.79519;3.44345;2
 -36.41637;32.85312;       0.79570;3.44345;2
 -36.38961;32.85579;       0.79625;3.44345;2
 -36.36284;32.85847;       0.79681;3.44345;2
 -36.33605;32.86114;       0.79736;3.44344;2
 -36.30928;32.86382;       0.79793;3.44344;2
 -36.28251;32.86649;       0.79853;3.44344;2
 -36.25573;32.86917;       0.79913;3.44343;2
 -36.22897;32.87184;       0.79972;3.44343;2
 -36.20220;32.87452;       0.80034;3.44343;2
 -36.17540;32.87719;       0.80097;3.44343;2
 -36.14860;32.87987;       0.80154;3.44342;2
 -36.12180;32.88254;       0.80213;3.44342;2
 -36.09500;32.88522;       0.80274;3.44342;2
 -36.06820;32.88789;       0.80335;3.44341;2
 -36.04142;32.89057;       0.80399;3.44341;2
 -36.01465;32.89324;       0.80460;3.44341;2
 -35.98790;32.89592;       0.80520;3.44340;2
 -35.96112;32.89859;       0.80578;3.44340;2
 -35.93435;32.90127;       0.80636;3.44340;2
 -35.90762;32.90394;       0.80697;3.44340;2
 -35.88085;32.90662;       0.80755;3.44339;2
 -35.85408;32.90929;       0.80812;3.44339;2
 -35.82731;32.91197;       0.80869;3.44339;2
 -35.80052;32.91464;       0.80927;3.44338;2
 -35.77375;32.91732;       0.80986;3.44338;2
 -35.74698;32.91999;       0.81044;3.44338;2
 -35.72019;32.92267;       0.81105;3.44338;2
 -35.69343;32.92534;       0.81166;3.44337;2
 -35.66668;32.92802;       0.81227;3.44337;2
 -35.63990;32.93069;       0.81292;3.44337;2
 -35.61316;32.93337;       0.81355;3.44336;2
 -35.58640;32.93604;       0.81417;3.44336;2
 -35.55964;32.93872;       0.81478;3.44336;2
 -35.53288;32.94139;       0.81539;3.44335;2
 -35.50609;32.94407;       0.81600;3.44335;2
 -35.47930;32.94674;       0.81659;3.44335;2
 -35.45253;32.94942;       0.81719;3.44334;2
 -35.42578;32.95209;       0.81782;3.44334;2
 -35.39901;32.95477;       0.81845;3.44334;2
 -35.37224;32.95745;       0.81907;3.44334;2
 -35.34546;32.96012;       0.81969;3.44333;2
 -35.31871;32.96280;       0.82032;3.44333;2
 -35.29195;32.96547;       0.82094;3.44333;2
 -35.26516;32.96815;       0.82154;3.44332;2
 -35.23842;32.97082;       0.82216;3.44332;2
 -35.21169;32.97350;       0.82278;3.44332;2
 -35.18494;32.97617;       0.82338;3.44331;2
 -35.15818;32.97885;       0.82392;3.44331;2
 -35.13141;32.98152;       0.82445;3.44331;2
 -35.10462;32.98420;       0.82501;3.44331;2
 -35.07786;32.98687;       0.82560;3.44330;2
 -35.05109;32.98955;       0.82624;3.44330;2
 -35.02433;32.99222;       0.82690;3.44330;2
 -34.99759;32.99490;       0.82755;3.44329;2
 -34.97084;32.99757;       0.82819;3.44329;2
 -34.94408;33.00025;       0.82886;3.44329;2
 -34.91732;33.00292;       0.82951;3.44328;2
 -34.89056;33.00560;       0.83013;3.44328;2
 -34.86380;33.00827;       0.83076;3.44328;2
 -34.83706;33.01095;       0.83139;3.44327;2
 -34.81031;33.01362;       0.83203;3.44327;2
 -34.78357;33.01630;       0.83265;3.44327;2
 -34.75683;33.01897;       0.83325;3.44327;2
 -34.73009;33.02165;       0.83385;3.44326;2
 -34.70336;33.02432;       0.83446;3.44326;2
 -34.67662;33.02700;       0.83507;3.44326;2
 -34.64987;33.02967;       0.83571;3.44325;2
 -34.62312;33.03235;       0.83634;3.44325;2
 -34.59639;33.03502;       0.83695;3.44325;2
 -34.56965;33.03770;       0.83757;3.44324;2
 -34.54291;33.04037;       0.83817;3.44324;2
 -34.51617;33.04305;       0.83880;3.44324;2
 -34.48943;33.04572;       0.83944;3.44323;2
 -34.46266;33.04840;       0.84010;3.44323;2
 -34.43590;33.05107;       0.84078;3.44323;2
 -34.40914;33.05375;       0.84145;3.44322;2
 -34.38238;33.05642;       0.84211;3.44322;2
 -34.35563;33.05910;       0.84275;3.44322;2
 -34.32888;33.06177;       0.84337;3.44321;2
 -34.30214;33.06445;       0.84398;3.44321;2
 -34.27542;33.06712;       0.84459;3.44321;2
 -34.24869;33.06980;       0.84518;3.44320;2
 -34.22196;33.07248;       0.84579;3.44320;2
 -34.19523;33.07515;       0.84639;3.44320;2
 -34.16848;33.07783;       0.84699;3.44319;2
 -34.14175;33.08050;       0.84762;3.44319;2
 -34.11505;33.08318;       0.84826;3.44319;2
 -34.08831;33.08585;       0.84891;3.44319;2
 -34.06157;33.08853;       0.84956;3.44318;2
 -34.03485;33.09120;       0.85023;3.44318;2
 -34.00812;33.09388;       0.85087;3.44318;2
 -33.98138;33.09655;       0.85152;3.44317;2
 -33.95465;33.09923;       0.85215;3.44317;2
 -33.92792;33.10190;       0.85275;3.44317;2
 -33.90120;33.10458;       0.85336;3.44316;2
 -33.87443;33.10725;       0.85398;3.44316;2
 -33.84769;33.10993;       0.85463;3.44316;2
 -33.82093;33.11260;       0.85531;3.44315;2
 -33.79419;33.11528;       0.85597;3.44315;2
 -33.76748;33.11795;       0.85659;3.44315;2
 -33.74075;33.12063;       0.85724;3.44314;2
 -33.71403;33.12330;       0.85789;3.44314;2
 -33.68730;33.12598;       0.85856;3.44314;2
 -33.66056;33.12865;       0.85923;3.44313;2
 -33.63383;33.13133;       0.85991;3.44313;2
 -33.60711;33.13400;       0.86059;3.44313;2
 -33.58040;33.13668;       0.86127;3.44312;2
 -33.55369;33.13935;       0.86196;3.44312;2
 -33.52696;33.14203;       0.86263;3.44312;2
 -33.50023;33.14470;       0.86328;3.44311;2
 -33.47351;33.14738;       0.86394;3.44311;2
 -33.44679;33.15005;       0.86463;3.44311;2
 -33.42006;33.15273;       0.86530;3.44310;2
 -33.39332;33.15540;       0.86596;3.44310;2
 -33.36659;33.15808;       0.86663;3.44310;2
 -33.33987;33.16075;       0.86728;3.44309;2
 -33.31315;33.16343;       0.86797;3.44309;2
 -33.28639;33.16610;       0.86867;3.44309;2
 -33.25965;33.16878;       0.86935;3.44308;2
 -33.23295;33.17145;       0.87003;3.44308;2
 -33.20624;33.17413;       0.87070;3.44308;2
 -33.17951;33.17680;       0.87138;3.44307;2
 -33.15275;33.17948;       0.87206;3.44307;2
 -33.12600;33.18215;       0.87275;3.44307;2
 -33.09930;33.18483;       0.87344;3.44306;2
 -33.07260;33.18751;       0.87415;3.44306;2
 -33.04587;33.19018;       0.87485;3.44306;2
 -33.01916;33.19286;       0.87552;3.44305;2
 -32.99247;33.19553;       0.87619;3.44305;2
 -32.96573;33.19821;       0.87687;3.44305;2
 -32.93899;33.20088;       0.87754;3.44304;2
 -32.91226;33.20356;       0.87821;3.44304;2
 -32.88554;33.20623;       0.87889;3.44304;2
 -32.85883;33.20891;       0.87957;3.44303;2
 -32.83212;33.21158;       0.88025;3.44303;2
 -32.80540;33.21426;       0.88094;3.44302;2
 -32.77869;33.21693;       0.88161;3.44302;2
 -32.75197;33.21961;       0.88231;3.44302;2
 -32.72523;33.22228;       0.88299;3.44301;2
 -32.69850;33.22496;       0.88367;3.44301;2
 -32.67176;33.22763;       0.88436;3.44301;2
 -32.64503;33.23031;       0.88505;3.44300;2
 -32.61831;33.23298;       0.88575;3.44300;2
 -32.59159;33.23566;       0.88645;3.44300;2
 -32.56487;33.23833;       0.88716;3.44299;2
 -32.53815;33.24101;       0.88786;3.44299;2
 -32.51143;33.24368;       0.88857;3.44299;2
 -32.48469;33.24636;       0.88927;3.44298;2
 -32.45796;33.24903;       0.88996;3.44298;2
 -32.43122;33.25171;       0.89066;3.44298;2
 -32.40448;33.25438;       0.89137;3.44297;2
 -32.37773;33.25706;       0.89209;3.44297;2
 -32.35100;33.25973;       0.89280;3.44297;2
 -32.32428;33.26241;       0.89350;3.44296;2
 -32.29754;33.26508;       0.89420;3.44296;2
 -32.27079;33.26776;       0.89490;3.44295;2
 -32.24403;33.27043;       0.89562;3.44295;2
 -32.21728;33.27311;       0.89634;3.44295;2
 -32.19054;33.27578;       0.89707;3.44294;2
 -32.16378;33.27846;       0.89780;3.44294;2
 -32.13700;33.28113;       0.89855;3.44294;2
 -32.11023;33.28381;       0.89932;3.44293;2
 -32.08347;33.28648;       0.90009;3.44293;2
 -32.05672;33.28916;       0.90084;3.44293;2
 -32.03000;33.29183;       0.90158;3.44292;2
 -32.00326;33.29451;       0.90230;3.44292;2
 -31.97650;33.29718;       0.90297;3.44292;2
 -31.94975;33.29986;       0.90367;3.44291;2
 -31.92300;33.30254;       0.90438;3.44291;2
 -31.89625;33.30521;       0.90509;3.44291;2
 -31.86951;33.30789;       0.90583;3.44290;2
 -31.84276;33.31056;       0.90661;3.44290;2
 -31.81599;33.31324;       0.90737;3.44289;2
 -31.78924;33.31591;       0.90815;3.44289;2
 -31.76250;33.31859;       0.90896;3.44289;2
 -31.73572;33.32126;       0.90975;3.44288;2
 -31.70896;33.32394;       0.91051;3.44288;2
 -31.68221;33.32661;       0.91128;3.44288;2
 -31.65546;33.32929;       0.91204;3.44287;2
 -31.62869;33.33196;       0.91279;3.44287;2
 -31.60192;33.33464;       0.91355;3.44287;2
 -31.57513;33.33731;       0.91428;3.44286;2
 -31.54833;33.33999;       0.91501;3.44286;2
 -31.52155;33.34266;       0.91574;3.44285;2
 -31.49478;33.34534;       0.91648;3.44285;2
 -31.46802;33.34801;       0.91723;3.44285;2
 -31.44125;33.35069;       0.91801;3.44284;2
 -31.41449;33.35336;       0.91881;3.44284;2
 -31.38773;33.35604;       0.91961;3.44284;2
 -31.36096;33.35871;       0.92038;3.44283;2
 -31.33419;33.36139;       0.92115;3.44283;2
 -31.30742;33.36406;       0.92191;3.44283;2
 -31.28063;33.36674;       0.92271;3.44282;2
 -31.25387;33.36941;       0.92348;3.44282;2
 -31.22712;33.37209;       0.92425;3.44281;2
 -31.20034;33.37476;       0.92501;3.44281;2
 -31.17357;33.37744;       0.92573;3.44281;2
 -31.14679;33.38011;       0.92649;3.44280;2
 -31.12003;33.38279;       0.92725;3.44280;2
 -31.09327;33.38546;       0.92808;3.44280;2
 -31.06649;33.38814;       0.92895;3.44279;2
 -31.03970;33.39081;       0.92975;3.44279;2
 -31.01293;33.39349;       0.93055;3.44278;2
 -30.98614;33.39616;       0.93137;3.44278;2
 -30.95934;33.39884;       0.93218;3.44278;2
 -30.93256;33.40151;       0.93296;3.44277;2
 -30.90580;33.40419;       0.93373;3.44277;2
 -30.87903;33.40686;       0.93450;3.44277;2
 -30.85227;33.40954;       0.93528;3.44276;2
 -30.82549;33.41221;       0.93605;3.44276;2
 -30.79869;33.41489;       0.93680;3.44275;2
 -30.77190;33.41757;       0.93756;3.44275;2
 -30.74509;33.42024;       0.93832;3.44275;2
 -30.71830;33.42292;       0.93911;3.44274;2
 -30.69151;33.42559;       0.93995;3.44274;2
 -30.66473;33.42827;       0.94078;3.44274;2
 -30.63794;33.43094;       0.94157;3.44273;2
 -30.61115;33.43362;       0.94238;3.44273;2
 -30.58439;33.43629;       0.94318;3.44272;2
 -30.55763;33.43897;       0.94397;3.44272;2
 -30.53084;33.44164;       0.94475;3.44272;2
 -30.50406;33.44432;       0.94553;3.44271;2
 -30.47729;33.44699;       0.94631;3.44271;2
 -30.45051;33.44967;       0.94713;3.44270;2
 -30.42373;33.45234;       0.94792;3.44270;2
 -30.39694;33.45502;       0.94870;3.44270;2
 -30.37016;33.45769;       0.94951;3.44269;2
 -30.34339;33.46037;       0.95034;3.44269;2
 -30.31660;33.46304;       0.95115;3.44269;2
 -30.28982;33.46572;       0.95196;3.44268;2
 -30.26305;33.46839;       0.95277;3.44268;2
 -30.23628;33.47107;       0.95359;3.44267;2
 -30.20950;33.47374;       0.95440;3.44267;2
 -30.18274;33.47642;       0.95522;3.44267;2
 -30.15598;33.47909;       0.95603;3.44266;2
 -30.12923;33.48177;       0.95683;3.44266;2
 -30.10248;33.48444;       0.95763;3.44265;2
 -30.07575;33.48712;       0.95844;3.44265;2
 -30.04902;33.48979;       0.95930;3.44265;2
 -30.02225;33.49247;       0.96014;3.44264;2
 -29.99546;33.49514;       0.96097;3.44264;2
 -29.96870;33.49782;       0.96180;3.44264;2
 -29.94197;33.50049;       0.96261;3.44263;2
 -29.91522;33.50317;       0.96342;3.44263;2
 -29.88848;33.50584;       0.96423;3.44262;2
 -29.86172;33.50852;       0.96507;3.44262;2
 -29.83494;33.51119;       0.96592;3.44262;2
 -29.80815;33.51387;       0.96675;3.44261;2
 -29.78141;33.51654;       0.96757;3.44261;2
 -29.75464;33.51922;       0.96840;3.44260;2
 -29.72788;33.52189;       0.96928;3.44260;2
 -29.70113;33.52457;       0.97016;3.44260;2
 -29.67436;33.52725;       0.97101;3.44259;2
 -29.64758;33.52992;       0.97188;3.44259;2
 -29.62082;33.53260;       0.97273;3.44258;2
 -29.59406;33.53527;       0.97357;3.44258;2
 -29.56732;33.53795;       0.97441;3.44258;2
 -29.54060;33.54062;       0.97523;3.44257;2
 -29.51387;33.54330;       0.97607;3.44257;2
 -29.48713;33.54597;       0.97690;3.44256;2
 -29.46037;33.54865;       0.97774;3.44256;2
 -29.43362;33.55132;       0.97857;3.44256;2
 -29.40690;33.55400;       0.97940;3.44255;2
 -29.38016;33.55667;       0.98023;3.44255;2
 -29.35341;33.55935;       0.98105;3.44254;2
 -29.32669;33.56202;       0.98188;3.44254;2
 -29.29996;33.56470;       0.98275;3.44254;2
 -29.27320;33.56737;       0.98362;3.44253;2
 -29.24649;33.57005;       0.98449;3.44253;2
 -29.21976;33.57272;       0.98535;3.44252;2
 -29.19301;33.57540;       0.98624;3.44252;2
 -29.16626;33.57807;       0.98714;3.44252;2
 -29.13948;33.58075;       0.98802;3.44251;2
 -29.11273;33.58342;       0.98888;3.44251;2
 -29.08599;33.58610;       0.98975;3.44250;2
 -29.05924;33.58877;       0.99060;3.44250;2
 -29.03250;33.59145;       0.99145;3.44250;2
 -29.00575;33.59412;       0.99229;3.44249;2
 -28.97900;33.59680;       0.99314;3.44249;2
 -28.95225;33.59947;       0.99399;3.44248;2
 -28.92552;33.60215;       0.99487;3.44248;2
 -28.89880;33.60482;       0.99576;3.44248;2
 -28.87205;33.60750;       0.99663;3.44247;2
 -28.84533;33.61017;       0.99748;3.44247;2
 -28.81857;33.61285;       0.99832;3.44246;2
 -28.79180;33.61552;       0.99916;3.44246;2
 -28.76506;33.61820;       1.00001;3.44246;2
 -28.73833;33.62087;       1.00090;3.44245;2
 -28.71158;33.62355;       1.00180;3.44245;2
 -28.68483;33.62622;       1.00269;3.44244;2
 -28.65809;33.62890;       1.00360;3.44244;2
 -28.63134;33.63157;       1.00451;3.44244;2
 -28.60456;33.63425;       1.00540;3.44243;2
 -28.57782;33.63692;       1.00631;3.44243;2
 -28.55104;33.63960;       1.00720;3.44242;2
 -28.52425;33.64228;       1.00808;3.44242;2
 -28.49749;33.64495;       1.00897;3.44241;2
 -28.47073;33.64763;       1.00984;3.44241;2
 -28.44393;33.65030;       1.01073;3.44241;2
 -28.41714;33.65298;       1.01161;3.44240;2
 -28.39040;33.65565;       1.01251;3.44240;2
 -28.36367;33.65833;       1.01342;3.44239;2
 -28.33693;33.66100;       1.01435;3.44239;2
 -28.31017;33.66368;       1.01526;3.44239;2
 -28.28342;33.66635;       1.01618;3.44238;2
 -28.25668;33.66903;       1.01709;3.44238;2
 -28.22993;33.67170;       1.01801;3.44237;2
 -28.20318;33.67438;       1.01891;3.44237;2
 -28.17645;33.67705;       1.01983;3.44236;2
 -28.14970;33.67973;       1.02076;3.44236;2
 -28.12296;33.68240;       1.02169;3.44236;2
 -28.09621;33.68508;       1.02264;3.44235;2
 -28.06946;33.68775;       1.02360;3.44235;2
 -28.04270;33.69043;       1.02454;3.44234;2
 -28.01593;33.69310;       1.02544;3.44234;2
 -27.98918;33.69578;       1.02633;3.44234;2
 -27.96242;33.69845;       1.02722;3.44233;2
 -27.93563;33.70113;       1.02814;3.44233;2
 -27.90887;33.70380;       1.02906;3.44232;2
 -27.88209;33.70648;       1.03003;3.44232;2
 -27.85530;33.70915;       1.03099;3.44231;2
 -27.82854;33.71183;       1.03191;3.44231;2
 -27.80180;33.71450;       1.03282;3.44231;2
 -27.77507;33.71718;       1.03373;3.44230;2
 -27.74833;33.71985;       1.03465;3.44230;2
 -27.72162;33.72253;       1.03559;3.44229;2
 -27.69490;33.72520;       1.03653;3.44229;2
 -27.66815;33.72788;       1.03746;3.44228;2
 -27.64144;33.73055;       1.03840;3.44228;2
 -27.61473;33.73323;       1.03935;3.44228;2
 -27.58799;33.73590;       1.04028;3.44227;2
 -27.56124;33.73858;       1.04122;3.44227;2
 -27.53449;33.74125;       1.04218;3.44226;2
 -27.50772;33.74393;       1.04312;3.44226;2
 -27.48097;33.74660;       1.04405;3.44226;2
 -27.45421;33.74928;       1.04500;3.44225;2
 -27.42747;33.75195;       1.04597;3.44225;2
 -27.40075;33.75463;       1.04693;3.44224;2
 -27.37400;33.75731;       1.04786;3.44224;2
 -27.34725;33.75998;       1.04881;3.44223;2
 -27.32050;33.76266;       1.04979;3.44223;2
 -27.29376;33.76533;       1.05080;3.44222;2
 -27.26701;33.76801;       1.05180;3.44222;2
 -27.24028;33.77068;       1.05279;3.44222;2
 -27.21353;33.77336;       1.05379;3.44221;2
 -27.18679;33.77603;       1.05479;3.44221;2
 -27.16003;33.77871;       1.05577;3.44220;2
 -27.13327;33.78138;       1.05674;3.44220;2
 -27.10653;33.78406;       1.05770;3.44219;2
 -27.07980;33.78673;       1.05864;3.44219;2
 -27.05305;33.78941;       1.05961;3.44219;2
 -27.02630;33.79208;       1.06060;3.44218;2
 -26.99956;33.79476;       1.06161;3.44218;2
 -26.97283;33.79743;       1.06264;3.44217;2
 -26.94605;33.80011;       1.06362;3.44217;2
 -26.91931;33.80278;       1.06456;3.44216;2
 -26.89257;33.80546;       1.06551;3.44216;2
 -26.86581;33.80813;       1.06645;3.44216;2
 -26.83908;33.81081;       1.06738;3.44215;2
 -26.81230;33.81348;       1.06839;3.44215;2
 -26.78557;33.81616;       1.06941;3.44214;2
 -26.75885;33.81883;       1.07045;3.44214;2
 -26.73213;33.82151;       1.07148;3.44213;2
 -26.70539;33.82418;       1.07247;3.44213;2
 -26.67869;33.82686;       1.07348;3.44212;2
 -26.65197;33.82953;       1.07449;3.44212;2
 -26.62525;33.83221;       1.07551;3.44212;2
 -26.59853;33.83488;       1.07655;3.44211;2
 -26.57182;33.83756;       1.07756;3.44211;2
 -26.54507;33.84023;       1.07859;3.44210;2
 -26.51837;33.84291;       1.07959;3.44210;2
 -26.49168;33.84558;       1.08058;3.44209;2
 -26.46496;33.84826;       1.08162;3.44209;2
 -26.43824;33.85093;       1.08267;3.44208;2
 -26.41157;33.85361;       1.08369;3.44208;2
 -26.38488;33.85628;       1.08469;3.44208;2
 -26.35817;33.85896;       1.08567;3.44207;2
 -26.33145;33.86163;       1.08665;3.44207;2
 -26.30472;33.86431;       1.08766;3.44206;2
 -26.27801;33.86698;       1.08866;3.44206;2
 -26.25131;33.86966;       1.08970;3.44205;2
 -26.22459;33.87234;       1.09074;3.44205;2
 -26.19787;33.87501;       1.09177;3.44204;2
 -26.17115;33.87769;       1.09282;3.44204;2
 -26.14443;33.88036;       1.09386;3.44204;2
 -26.11771;33.88304;       1.09488;3.44203;2
 -26.09099;33.88571;       1.09592;3.44203;2
 -26.06427;33.88839;       1.09698;3.44202;2
 -26.03756;33.89106;       1.09805;3.44202;2
 -26.01086;33.89374;       1.09912;3.44201;2
 -25.98415;33.89641;       1.10017;3.44201;2
 -25.95744;33.89909;       1.10120;3.44200;2
 -25.93075;33.90176;       1.10223;3.44200;2
 -25.90408;33.90444;       1.10326;3.44199;2
 -25.87737;33.90711;       1.10428;3.44199;2
 -25.85067;33.90979;       1.10532;3.44199;2
 -25.82396;33.91246;       1.10638;3.44198;2
 -25.79722;33.91514;       1.10743;3.44198;2
 -25.77049;33.91781;       1.10849;3.44197;2
 -25.74378;33.92049;       1.10954;3.44197;2
 -25.71703;33.92316;       1.11061;3.44196;2
 -25.69027;33.92584;       1.11166;3.44196;2
 -25.66351;33.92851;       1.11273;3.44195;2
 -25.63677;33.93119;       1.11381;3.44195;2
 -25.61002;33.93386;       1.11490;3.44194;2
 -25.58327;33.93654;       1.11597;3.44194;2
 -25.55654;33.93921;       1.11705;3.44194;2
 -25.52982;33.94189;       1.11812;3.44193;2
 -25.50311;33.94456;       1.11918;3.44193;2
 -25.47641;33.94724;       1.12023;3.44192;2
 -25.44968;33.94991;       1.12130;3.44192;2
 -25.42296;33.95259;       1.12238;3.44191;2
 -25.39623;33.95526;       1.12346;3.44191;2
 -25.36948;33.95794;       1.12452;3.44190;2
 -25.34273;33.96061;       1.12561;3.44190;2
 -25.31598;33.96329;       1.12669;3.44189;2
 -25.28926;33.96596;       1.12778;3.44189;2
 -25.26253;33.96864;       1.12889;3.44188;2
 -25.23580;33.97131;       1.12999;3.44188;2
 -25.20906;33.97399;       1.13107;3.44188;2
 -25.18231;33.97666;       1.13215;3.44187;2
 -25.15554;33.97934;       1.13325;3.44187;2
 -25.12879;33.98201;       1.13436;3.44186;2
 -25.10207;33.98469;       1.13548;3.44186;2
 -25.07536;33.98737;       1.13658;3.44185;2
 -25.04863;33.99004;       1.13768;3.44185;2
 -25.02191;33.99272;       1.13875;3.44184;2
 -24.99517;33.99539;       1.13985;3.44184;2
 -24.96841;33.99807;       1.14096;3.44183;2
 -24.94166;34.00074;       1.14207;3.44183;2
 -24.91494;34.00342;       1.14318;3.44182;2
 -24.88821;34.00609;       1.14429;3.44182;2
 -24.86145;34.00877;       1.14540;3.44181;2
 -24.83469;34.01144;       1.14651;3.44181;2
 -24.80795;34.01412;       1.14762;3.44181;2
 -24.78121;34.01679;       1.14872;3.44180;2
 -24.75446;34.01947;       1.14983;3.44180;2
 -24.72774;34.02214;       1.15092;3.44179;2
 -24.70103;34.02482;       1.15201;3.44179;2
 -24.67428;34.02749;       1.15313;3.44178;2
 -24.64752;34.03017;       1.15423;3.44178;2
 -24.62074;34.03284;       1.15533;3.44177;2
 -24.59399;34.03552;       1.15643;3.44177;2
 -24.56724;34.03819;       1.15754;3.44176;2
 -24.54048;34.04087;       1.15864;3.44176;2
 -24.51375;34.04354;       1.15974;3.44175;2
 -24.48699;34.04622;       1.16083;3.44175;2
 -24.46023;34.04889;       1.16190;3.44174;2
 -24.43349;34.05157;       1.16298;3.44174;2
 -24.40674;34.05424;       1.16405;3.44173;2
 -24.37998;34.05692;       1.16508;3.44173;2
 -24.35324;34.05959;       1.16613;3.44172;2
 -24.32647;34.06227;       1.16721;3.44172;2
 -24.29971;34.06494;       1.16831;3.44171;2
 -24.27298;34.06762;       1.16939;3.44171;2
 -24.24622;34.07029;       1.17047;3.44171;2
 -24.21943;34.07297;       1.17158;3.44170;2
 -24.19263;34.07564;       1.17262;3.44170;2
 -24.16588;34.07832;       1.17364;3.44169;2
 -24.13913;34.08099;       1.17470;3.44169;2
 -24.11234;34.08367;       1.17567;3.44168;2
 -24.08556;34.08634;       1.17665;3.44168;2
 -24.05879;34.08902;       1.17763;3.44167;2
 -24.03200;34.09169;       1.17860;3.44167;2
 -24.00521;34.09437;       1.17956;3.44166;2
 -23.97843;34.09705;       1.18048;3.44166;2
 -23.95163;34.09972;       1.18136;3.44165;2
 -23.92487;34.10240;       1.18221;3.44165;2
 -23.89810;34.10507;       1.18302;3.44164;2
 -23.87131;34.10775;       1.18381;3.44164;2
 -23.84451;34.11042;       1.18459;3.44163;2
 -23.81770;34.11310;       1.18528;3.44163;2
 -23.79091;34.11577;       1.18592;3.44162;2
 -23.76414;34.11845;       1.18655;3.44162;2
 -23.73736;34.12112;       1.18716;3.44161;2
 -23.71056;34.12380;       1.18773;3.44161;2
 -23.68379;34.12647;       1.18824;3.44160;2
 -23.65701;34.12915;       1.18869;3.44160;2
 -23.63022;34.13182;       1.18905;3.44159;2
 -23.60343;34.13450;       1.18934;3.44159;2
 -23.57665;34.13717;       1.18958;3.44158;2
 -23.54986;34.13985;       1.18979;3.44158;2
 -23.52307;34.14252;       1.18991;3.44157;2
 -23.49629;34.14520;       1.19001;3.44157;2
 -23.46948;34.14787;       1.19010;3.44156;2
 -23.44265;34.15055;       1.19006;3.44156;2
 -23.41587;34.15322;       1.18991;3.44155;2
 -23.38910;34.15590;       1.18970;3.44155;2
 -23.36231;34.15857;       1.18943;3.44154;2
 -23.33554;34.16125;       1.18904;3.44154;2
 -23.30875;34.16392;       1.18852;3.44153;2
 -23.28198;34.16660;       1.18795;3.44153;2
 -23.25519;34.16927;       1.18730;3.44152;2
 -23.22839;34.17195;       1.18653;3.44152;2
 -23.20159;34.17462;       1.18568;3.44151;2
 -23.17479;34.17730;       1.18477;3.44151;2
 -23.14800;34.17997;       1.18363;3.44150;2
 -23.12122;34.18265;       1.18238;3.44150;2
 -23.09443;34.18532;       1.18105;3.44150;2
 -23.06762;34.18800;       1.17960;3.44149;2
 -23.04081;34.19067;       1.17801;3.44148;2
 -23.01400;34.19335;       1.17632;3.44148;2
 -22.98717;34.19602;       1.17459;3.44147;2
 -22.96036;34.19870;       1.17269;3.44147;2
 -22.93356;34.20137;       1.17061;3.44147;2
 -22.90678;34.20405;       1.16846;3.44146;2
 -22.87997;34.20672;       1.16621;3.44145;2
 -22.85316;34.20940;       1.16387;3.44145;2
 -22.82637;34.21208;       1.16143;3.44144;2
 -22.79956;34.21475;       1.15889;3.44144;2
 -22.77273;34.21743;       1.15627;3.44143;2
 -22.74593;34.22010;       1.15352;3.44143;2
 -22.71912;34.22278;       1.15071;3.44142;2
 -22.69227;34.22545;       1.14782;3.44142;2
 -22.66541;34.22813;       1.14484;3.44141;2
 -22.63856;34.23080;       1.14184;3.44141;2
 -22.61170;34.23348;       1.13878;3.44140;2
 -22.58487;34.23615;       1.13555;3.44140;2
 -22.55804;34.23883;       1.13222;3.44139;2
 -22.53120;34.24150;       1.12887;3.44139;2
 -22.50438;34.24418;       1.12550;3.44138;2
 -22.47756;34.24685;       1.12206;3.44138;2
 -22.45076;34.24953;       1.11859;3.44137;2
 -22.42392;34.25220;       1.11505;3.44137;2
 -22.39709;34.25488;       1.11145;3.44136;2
 -22.37030;34.25755;       1.10778;3.44136;2
 -22.34347;34.26023;       1.10410;3.44135;2
 -22.31663;34.26290;       1.10032;3.44135;2
 -22.28981;34.26558;       1.09648;3.44134;2
 -22.26300;34.26825;       1.09261;3.44134;2
 -22.23617;34.27093;       1.08867;3.44133;2
 -22.20934;34.27360;       1.08469;3.44133;2
 -22.18254;34.27628;       1.08069;3.44132;2
 -22.15573;34.27895;       1.07664;3.44132;2
 -22.12889;34.28163;       1.07249;3.44131;2
 -22.10204;34.28430;       1.06826;3.44131;2
 -22.07523;34.28698;       1.06402;3.44130;2
 -22.04841;34.28965;       1.05983;3.44130;2
 -22.02159;34.29233;       1.05560;3.44129;2
 -21.99477;34.29500;       1.05128;3.44129;2
 -21.96794;34.29768;       1.04692;3.44128;2
 -21.94112;34.30035;       1.04254;3.44128;2
 -21.91432;34.30303;       1.03814;3.44127;2
 -21.88750;34.30570;       1.03370;3.44127;2
 -21.86067;34.30838;       1.02919;3.44126;2
 -21.83385;34.31105;       1.02463;3.44126;2
 -21.80702;34.31373;       1.02011;3.44125;2
 -21.78021;34.31640;       1.01553;3.44125;2
 -21.75340;34.31908;       1.01094;3.44124;2
 -21.72660;34.32175;       1.00637;3.44123;2
 -21.69981;34.32443;       1.00176;3.44123;2
 -21.67302;34.32711;       0.99709;3.44122;2
 -21.64622;34.32978;       0.99244;3.44122;2
 -21.61942;34.33246;       0.98782;3.44121;2
 -21.59260;34.33513;       0.98314;3.44121;2
 -21.56579;34.33781;       0.97840;3.44120;2
 -21.53898;34.34048;       0.97369;3.44120;2
 -21.51219;34.34316;       0.96899;3.44119;2
 -21.48539;34.34583;       0.96427;3.44119;2
 -21.45857;34.34851;       0.95958;3.44118;2
 -21.43176;34.35118;       0.95492;3.44118;2
 -21.40498;34.35386;       0.95025;3.44117;2
 -21.37817;34.35653;       0.94559;3.44117;2
 -21.35135;34.35921;       0.94094;3.44116;2
 -21.32455;34.36188;       0.93630;3.44116;2
 -21.29777;34.36456;       0.93170;3.44115;2
 -21.27101;34.36723;       0.92716;3.44115;2
 -21.24420;34.36991;       0.92263;3.44114;2
 -21.21740;34.37258;       0.91813;3.44114;2
 -21.19060;34.37526;       0.91366;3.44113;2
 -21.16380;34.37793;       0.90924;3.44112;2
 -21.13702;34.38061;       0.90487;3.44112;2
 -21.11024;34.38328;       0.90052;3.44111;2
 -21.08347;34.38596;       0.89627;3.44111;2
 -21.05670;34.38863;       0.89205;3.44110;2
 -21.02992;34.39131;       0.88782;3.44110;2
 -21.00313;34.39398;       0.88367;3.44109;2
 -20.97634;34.39666;       0.87956;3.44109;2
 -20.94958;34.39933;       0.87549;3.44108;2
 -20.92282;34.40201;       0.87145;3.44108;2
 -20.89606;34.40468;       0.86745;3.44107;2
 -20.86928;34.40736;       0.86354;3.44107;2
 -20.84254;34.41003;       0.85965;3.44106;2
 -20.81576;34.41271;       0.85578;3.44106;2
 -20.78898;34.41538;       0.85194;3.44105;2
 -20.76223;34.41806;       0.84815;3.44104;2
 -20.73548;34.42073;       0.84448;3.44104;2
 -20.70871;34.42341;       0.84087;3.44103;2
 -20.68194;34.42608;       0.83725;3.44103;2
 -20.65521;34.42876;       0.83363;3.44102;2
 -20.62850;34.43143;       0.83004;3.44102;2
 -20.60176;34.43411;       0.82655;3.44101;2
 -20.57506;34.43678;       0.82322;3.44101;2
 -20.54834;34.43946;       0.81987;3.44100;2
 -20.52162;34.44214;       0.81650;3.44100;2
 -20.49492;34.44481;       0.81317;3.44099;2
 -20.46821;34.44749;       0.80990;3.44099;2
 -20.44148;34.45016;       0.80667;3.44098;2
 -20.41474;34.45284;       0.80346;3.44097;2
 -20.38802;34.45551;       0.80024;3.44097;2
 -20.36131;34.45819;       0.79708;3.44096;2
 -20.33458;34.46086;       0.79400;3.44096;2
 -20.30785;34.46354;       0.79090;3.44095;2
 -20.28114;34.46621;       0.78786;3.44095;2
 -20.25441;34.46889;       0.78491;3.44094;2
 -20.22770;34.47156;       0.78201;3.44094;2
 -20.20099;34.47424;       0.77912;3.44093;2
 -20.17429;34.47691;       0.77634;3.44093;2
 -20.14756;34.47959;       0.77358;3.44092;2
 -20.12083;34.48226;       0.77081;3.44091;2
 -20.09414;34.48494;       0.76810;3.44091;2
 -20.06745;34.48761;       0.76543;3.44090;2
 -20.04076;34.49029;       0.76274;3.44090;2
 -20.01407;34.49296;       0.76011;3.44089;2
 -19.98737;34.49564;       0.75752;3.44089;2
 -19.96066;34.49831;       0.75498;3.44088;2
 -19.93397;34.50099;       0.75246;3.44088;2
 -19.90731;34.50366;       0.74996;3.44087;2
 -19.88058;34.50634;       0.74750;3.44087;2
 -19.85386;34.50901;       0.74508;3.44086;2
 -19.82718;34.51169;       0.74274;3.44085;2
 -19.80050;34.51436;       0.74046;3.44085;2
 -19.77382;34.51704;       0.73816;3.44084;2
 -19.74712;34.51971;       0.73589;3.44084;2
 -19.72044;34.52239;       0.73369;3.44083;2
 -19.69376;34.52506;       0.73150;3.44083;2
 -19.66708;34.52774;       0.72928;3.44082;2
 -19.64038;34.53041;       0.72711;3.44082;2
 -19.61370;34.53309;       0.72499;3.44081;2
 -19.58702;34.53576;       0.72290;3.44081;2
 -19.56034;34.53844;       0.72082;3.44080;2
 -19.53367;34.54111;       0.71875;3.44079;2
 -19.50698;34.54379;       0.71673;3.44079;2
 -19.48027;34.54646;       0.71475;3.44078;2
 -19.45358;34.54914;       0.71277;3.44078;2
 -19.42690;34.55181;       0.71083;3.44077;2
 -19.40022;34.55449;       0.70896;3.44077;2
 -19.37351;34.55717;       0.70711;3.44076;2
 -19.34680;34.55984;       0.70525;3.44076;2
 -19.32011;34.56252;       0.70341;3.44075;2
 -19.29342;34.56519;       0.70160;3.44074;2
 -19.26671;34.56787;       0.69986;3.44074;2
 -19.23999;34.57054;       0.69816;3.44073;2
 -19.21329;34.57322;       0.69647;3.44073;2
 -19.18660;34.57589;       0.69479;3.44072;2
 -19.15993;34.57857;       0.69312;3.44072;2
 -19.13324;34.58124;       0.69148;3.44071;2
 -19.10655;34.58392;       0.68987;3.44071;2
 -19.07985;34.58659;       0.68822;3.44070;2
 -19.05315;34.58927;       0.68661;3.44069;2
 -19.02645;34.59194;       0.68506;3.44069;2
 -18.99976;34.59462;       0.68352;3.44068;2
 -18.97307;34.59729;       0.68202;3.44068;2
 -18.94640;34.59997;       0.68048;3.44067;2
 -18.91970;34.60264;       0.67896;3.44067;2
 -18.89301;34.60532;       0.67751;3.44066;2
 -18.86631;34.60799;       0.67612;3.44065;2
 -18.83961;34.61067;       0.67473;3.44065;2
 -18.81290;34.61334;       0.67336;3.44064;2
 -18.78621;34.61602;       0.67202;3.44064;2
 -18.75953;34.61869;       0.67067;3.44063;2
 -18.73285;34.62137;       0.66931;3.44063;2
 -18.70617;34.62404;       0.66796;3.44062;2
 -18.67950;34.62672;       0.66661;3.44062;2
 -18.65282;34.62939;       0.66534;3.44061;2
 -18.62610;34.63207;       0.66408;3.44060;2
 -18.59937;34.63474;       0.66281;3.44060;2
 -18.57270;34.63742;       0.66160;3.44059;2
 -18.54599;34.64009;       0.66042;3.44059;2
 -18.51928;34.64277;       0.65927;3.44058;2
 -18.49257;34.64544;       0.65810;3.44058;2
 -18.46585;34.64812;       0.65693;3.44057;2
 -18.43914;34.65079;       0.65585;3.44056;2
 -18.41244;34.65347;       0.65479;3.44056;2
 -18.38573;34.65614;       0.65369;3.44055;2
 -18.35902;34.65882;       0.65260;3.44055;2
 -18.33229;34.66149;       0.65153;3.44054;2
 -18.30554;34.66417;       0.65046;3.44054;2
 -18.27880;34.66685;       0.64939;3.44053;2
 -18.25209;34.66952;       0.64832;3.44052;2
 -18.22539;34.67220;       0.64731;3.44052;2
 -18.19865;34.67487;       0.64634;3.44051;2
 -18.17191;34.67755;       0.64538;3.44051;2
 -18.14519;34.68022;       0.64445;3.44050;2
 -18.11846;34.68290;       0.64351;3.44049;2
 -18.09173;34.68557;       0.64256;3.44049;2
 -18.06501;34.68825;       0.64163;3.44048;2
 -18.03829;34.69092;       0.64074;3.44048;2
 -18.01157;34.69360;       0.63986;3.44047;2
 -17.98483;34.69627;       0.63896;3.44047;2
 -17.95811;34.69895;       0.63809;3.44046;2
 -17.93141;34.70162;       0.63724;3.44045;2
 -17.90468;34.70430;       0.63637;3.44045;2
 -17.87793;34.70697;       0.63551;3.44044;2
 -17.85122;34.70965;       0.63472;3.44044;2
 -17.82450;34.71232;       0.63396;3.44043;2
 -17.79774;34.71500;       0.63319;3.44043;2
 -17.77100;34.71767;       0.63240;3.44042;2
 -17.74428;34.72035;       0.63160;3.44041;2
 -17.71757;34.72302;       0.63083;3.44041;2
 -17.69086;34.72570;       0.63006;3.44040;2
 -17.66412;34.72837;       0.62931;3.44040;2
 -17.63736;34.73105;       0.62859;3.44039;2
 -17.61065;34.73372;       0.62791;3.44038;2
 -17.58391;34.73640;       0.62725;3.44038;2
 -17.55719;34.73907;       0.62658;3.44037;2
 -17.53046;34.74175;       0.62592;3.44037;2
 -17.50371;34.74442;       0.62525;3.44036;2
 -17.47698;34.74710;       0.62458;3.44036;2
 -17.45025;34.74977;       0.62391;3.44035;2
 -17.42351;34.75245;       0.62326;3.44034;2
 -17.39678;34.75512;       0.62261;3.44034;2
 -17.37004;34.75780;       0.62195;3.44033;2
 -17.34331;34.76047;       0.62131;3.44033;2
 -17.31658;34.76315;       0.62070;3.44032;2
 -17.28985;34.76582;       0.62013;3.44031;2
 -17.26310;34.76850;       0.61957;3.44031;2
 -17.23636;34.77117;       0.61901;3.44030;2
 -17.20966;34.77385;       0.61845;3.44030;2
 -17.18295;34.77652;       0.61787;3.44029;2
 -17.15623;34.77920;       0.61731;3.44029;2
 -17.12949;34.78188;       0.61675;3.44028;2
 -17.10276;34.78455;       0.61620;3.44027;2
 -17.07604;34.78723;       0.61564;3.44027;2
 -17.04929;34.78990;       0.61510;3.44026;2
 -17.02256;34.79258;       0.61457;3.44026;2
 -16.99584;34.79525;       0.61409;3.44025;2
 -16.96908;34.79793;       0.61366;3.44024;2
 -16.94232;34.80060;       0.61322;3.44024;2
 -16.91559;34.80328;       0.61279;3.44023;2
 -16.88886;34.80595;       0.61233;3.44023;2
 -16.86212;34.80863;       0.61185;3.44022;2
 -16.83537;34.81130;       0.61137;3.44021;2
 -16.80861;34.81398;       0.61091;3.44021;2
 -16.78184;34.81665;       0.61044;3.44020;2
 -16.75511;34.81933;       0.60998;3.44020;2
 -16.72836;34.82200;       0.60953;3.44019;2
 -16.70160;34.82468;       0.60912;3.44018;2
 -16.67486;34.82735;       0.60871;3.44018;2
 -16.64807;34.83003;       0.60830;3.44017;2
 -16.62131;34.83270;       0.60790;3.44017;2
 -16.59460;34.83538;       0.60750;3.44016;2
 -16.56787;34.83805;       0.60712;3.44015;2
 -16.54111;34.84073;       0.60675;3.44015;2
 -16.51436;34.84340;       0.60639;3.44014;2
 -16.48762;34.84608;       0.60600;3.44014;2
 -16.46088;34.84875;       0.60561;3.44013;2
 -16.43411;34.85143;       0.60523;3.44012;2
 -16.40732;34.85410;       0.60484;3.44012;2
 -16.38056;34.85678;       0.60447;3.44011;2
 -16.35380;34.85945;       0.60413;3.44011;2
 -16.32702;34.86213;       0.60379;3.44010;2
 -16.30025;34.86480;       0.60346;3.44009;2
 -16.27351;34.86748;       0.60314;3.44009;2
 -16.24679;34.87015;       0.60286;3.44008;2
 -16.22005;34.87283;       0.60258;3.44008;2
 -16.19329;34.87550;       0.60229;3.44007;2
 -16.16652;34.87818;       0.60199;3.44006;2
 -16.13977;34.88085;       0.60169;3.44006;2
 -16.11301;34.88353;       0.60139;3.44005;2
 -16.08630;34.88620;       0.60109;3.44004;2
 -16.05956;34.88888;       0.60081;3.44004;2
 -16.03278;34.89155;       0.60052;3.44003;2
 -16.00602;34.89423;       0.60026;3.44003;2
 -15.97926;34.89691;       0.59998;3.44002;2
 -15.95251;34.89958;       0.59969;3.44001;2
 -15.92572;34.90226;       0.59940;3.44001;2
 -15.89893;34.90493;       0.59915;3.44000;2
 -15.87216;34.90761;       0.59897;3.44000;2
 -15.84538;34.91028;       0.59879;3.43999;2
 -15.81861;34.91296;       0.59856;3.43998;2
 -15.79185;34.91563;       0.59833;3.43998;2
 -15.76510;34.91831;       0.59811;3.43997;2
 -15.73834;34.92098;       0.59788;3.43997;2
 -15.71157;34.92366;       0.59763;3.43996;2
 -15.68481;34.92633;       0.59740;3.43995;2
 -15.65804;34.92901;       0.59717;3.43995;2
 -15.63127;34.93168;       0.59693;3.43994;2
 -15.60451;34.93436;       0.59668;3.43993;2
 -15.57772;34.93703;       0.59646;3.43993;2
 -15.55094;34.93971;       0.59626;3.43992;2
 -15.52417;34.94238;       0.59605;3.43992;2
 -15.49741;34.94506;       0.59584;3.43991;2
 -15.47068;34.94773;       0.59565;3.43990;2
 -15.44393;34.95041;       0.59548;3.43990;2
 -15.41718;34.95308;       0.59533;3.43989;2
 -15.39043;34.95576;       0.59517;3.43988;2
 -15.36367;34.95843;       0.59499;3.43988;2
 -15.33693;34.96111;       0.59484;3.43987;2
 -15.31018;34.96378;       0.59470;3.43987;2
 -15.28343;34.96646;       0.59458;3.43986;2
 -15.25665;34.96913;       0.59443;3.43985;2
 -15.22987;34.97181;       0.59425;3.43985;2
 -15.20311;34.97448;       0.59409;3.43984;2
 -15.17632;34.97716;       0.59392;3.43984;2
 -15.14953;34.97983;       0.59378;3.43983;2
 -15.12275;34.98251;       0.59364;3.43982;2
 -15.09599;34.98518;       0.59350;3.43982;2
 -15.06925;34.98786;       0.59337;3.43981;2
 -15.04248;34.99053;       0.59322;3.43980;2
 -15.01573;34.99321;       0.59307;3.43980;2
 -14.98896;34.99588;       0.59292;3.43979;2
 -14.96219;34.99856;       0.59279;3.43979;2
 -14.93543;35.00123;       0.59270;3.43978;2
 -14.90867;35.00391;       0.59265;3.43977;2
 -14.88187;35.00658;       0.59256;3.43977;2
 -14.85509;35.00926;       0.59243;3.43976;2
 -14.82832;35.01194;       0.59230;3.43975;2
 -14.80155;35.01461;       0.59216;3.43975;2
 -14.77480;35.01729;       0.59203;3.43974;2
 -14.74803;35.01996;       0.59191;3.43973;2
 -14.72126;35.02264;       0.59181;3.43973;2
 -14.69451;35.02531;       0.59169;3.43972;2
 -14.66774;35.02799;       0.59153;3.43972;2
 -14.64095;35.03066;       0.59136;3.43971;2
 -14.61420;35.03334;       0.59120;3.43970;2
 -14.58746;35.03601;       0.59109;3.43970;2
 -14.56068;35.03869;       0.59101;3.43969;2
 -14.53390;35.04136;       0.59094;3.43968;2
 -14.50715;35.04404;       0.59085;3.43968;2
 -14.48041;35.04671;       0.59072;3.43967;2
 -14.45363;35.04939;       0.59060;3.43967;2
 -14.42686;35.05206;       0.59048;3.43966;2
 -14.40012;35.05474;       0.59037;3.43965;2
 -14.37339;35.05741;       0.59026;3.43965;2
 -14.34663;35.06009;       0.59016;3.43964;2
 -14.31988;35.06276;       0.59006;3.43963;2
 -14.29313;35.06544;       0.58995;3.43963;2
 -14.26638;35.06811;       0.58982;3.43962;2
 -14.23964;35.07079;       0.58968;3.43961;2
 -14.21288;35.07346;       0.58958;3.43961;2
 -14.18610;35.07614;       0.58949;3.43960;2
 -14.15935;35.07881;       0.58940;3.43960;2
 -14.13262;35.08149;       0.58933;3.43959;2
 -14.10587;35.08416;       0.58931;3.43958;2
 -14.07912;35.08684;       0.58932;3.43958;2
 -14.05237;35.08951;       0.58930;3.43957;2
 -14.02561;35.09219;       0.58926;3.43956;2
 -13.99886;35.09486;       0.58922;3.43956;2
 -13.97209;35.09754;       0.58916;3.43955;2
 -13.94533;35.10021;       0.58907;3.43954;2
 -13.91856;35.10289;       0.58901;3.43954;2
 -13.89182;35.10556;       0.58896;3.43953;2
 -13.86508;35.10824;       0.58892;3.43952;2
 -13.83834;35.11091;       0.58888;3.43952;2
 -13.81160;35.11359;       0.58882;3.43951;2
 -13.78486;35.11626;       0.58874;3.43951;2
 -13.75811;35.11894;       0.58867;3.43950;2
 -13.73135;35.12161;       0.58863;3.43949;2
 -13.70459;35.12429;       0.58862;3.43949;2
 -13.67783;35.12697;       0.58857;3.43948;2
 -13.65107;35.12964;       0.58854;3.43947;2
 -13.62430;35.13232;       0.58850;3.43947;2
 -13.59755;35.13499;       0.58843;3.43946;2
 -13.57080;35.13767;       0.58836;3.43945;2
 -13.54404;35.14034;       0.58830;3.43945;2
 -13.51728;35.14302;       0.58829;3.43944;2
 -13.49052;35.14569;       0.58827;3.43943;2
 -13.46376;35.14837;       0.58822;3.43943;2
 -13.43697;35.15104;       0.58819;3.43942;2
 -13.41018;35.15372;       0.58815;3.43941;2
 -13.38339;35.15639;       0.58808;3.43941;2
 -13.35662;35.15907;       0.58802;3.43940;2
 -13.32986;35.16174;       0.58798;3.43940;2
 -13.30307;35.16442;       0.58796;3.43939;2
 -13.27629;35.16709;       0.58792;3.43938;2
 -13.24955;35.16977;       0.58787;3.43938;2
 -13.22279;35.17244;       0.58783;3.43937;2
 -13.19603;35.17512;       0.58778;3.43936;2
 -13.16927;35.17779;       0.58772;3.43936;2
 -13.14251;35.18047;       0.58771;3.43935;2
 -13.11575;35.18314;       0.58768;3.43934;2
 -13.08900;35.18582;       0.58764;3.43934;2
 -13.06225;35.18849;       0.58759;3.43933;2
 -13.03547;35.19117;       0.58754;3.43932;2
 -13.00870;35.19384;       0.58750;3.43932;2
 -12.98194;35.19652;       0.58749;3.43931;2
 -12.95517;35.19919;       0.58748;3.43930;2
 -12.92840;35.20187;       0.58751;3.43930;2
 -12.90164;35.20454;       0.58756;3.43929;2
 -12.87491;35.20722;       0.58756;3.43928;2
 -12.84818;35.20989;       0.58750;3.43928;2
 -12.82144;35.21257;       0.58742;3.43927;2
 -12.79471;35.21524;       0.58737;3.43926;2
 -12.76797;35.21792;       0.58736;3.43926;2
 -12.74124;35.22059;       0.58733;3.43925;2
 -12.71452;35.22327;       0.58730;3.43924;2
 -12.68778;35.22594;       0.58730;3.43924;2
 -12.66101;35.22862;       0.58729;3.43923;2
 -12.63425;35.23129;       0.58726;3.43922;2
 -12.60751;35.23397;       0.58725;3.43922;2
 -12.58076;35.23664;       0.58724;3.43921;2
 -12.55401;35.23932;       0.58723;3.43920;2
 -12.52725;35.24200;       0.58723;3.43920;2
 -12.50048;35.24467;       0.58725;3.43919;2
 -12.47370;35.24735;       0.58728;3.43918;2
 -12.44690;35.25002;       0.58725;3.43918;2
 -12.42016;35.25270;       0.58723;3.43917;2
 -12.39345;35.25537;       0.58723;3.43916;2
 -12.36671;35.25805;       0.58724;3.43916;2
 -12.33996;35.26072;       0.58722;3.43915;2
 -12.31323;35.26340;       0.58720;3.43914;2
 -12.28646;35.26607;       0.58720;3.43914;2
 -12.25970;35.26875;       0.58720;3.43913;2
 -12.23296;35.27142;       0.58720;3.43912;2
 -12.20621;35.27410;       0.58721;3.43912;2
 -12.17942;35.27677;       0.58723;3.43911;2
 -12.15267;35.27945;       0.58724;3.43910;2
 -12.12593;35.28212;       0.58723;3.43910;2
 -12.09917;35.28480;       0.58720;3.43909;2
 -12.07244;35.28747;       0.58717;3.43908;2
 -12.04570;35.29015;       0.58717;3.43908;2
 -12.01893;35.29282;       0.58718;3.43907;2
 -11.99219;35.29550;       0.58719;3.43906;2
 -11.96548;35.29817;       0.58719;3.43906;2
 -11.93876;35.30085;       0.58719;3.43905;2
 -11.91204;35.30352;       0.58719;3.43904;2
 -11.88532;35.30620;       0.58719;3.43904;2
 -11.85862;35.30887;       0.58718;3.43903;2
 -11.83191;35.31155;       0.58716;3.43902;2
 -11.80519;35.31422;       0.58715;3.43902;2
 -11.77846;35.31690;       0.58716;3.43901;2
 -11.75177;35.31957;       0.58718;3.43900;2
 -11.72506;35.32225;       0.58721;3.43900;2
 -11.69832;35.32492;       0.58723;3.43899;2
 -11.67160;35.32760;       0.58724;3.43898;2
 -11.64487;35.33027;       0.58725;3.43898;2
 -11.61814;35.33295;       0.58727;3.43897;2
 -11.59142;35.33562;       0.58731;3.43896;2
 -11.56470;35.33830;       0.58733;3.43896;2
 -11.53798;35.34097;       0.58734;3.43895;2
 -11.51126;35.34365;       0.58734;3.43894;2
 -11.48453;35.34632;       0.58732;3.43894;2
 -11.45779;35.34900;       0.58732;3.43893;2
 -11.43105;35.35168;       0.58733;3.43892;2
 -11.40435;35.35435;       0.58733;3.43891;2
 -11.37767;35.35703;       0.58734;3.43891;2
 -11.35096;35.35970;       0.58737;3.43890;2
 -11.32423;35.36238;       0.58740;3.43889;2
 -11.29750;35.36505;       0.58742;3.43889;2
 -11.27080;35.36773;       0.58745;3.43888;2
 -11.24408;35.37040;       0.58744;3.43887;2
 -11.21734;35.37308;       0.58746;3.43887;2
 -11.19063;35.37575;       0.58750;3.43886;2
 -11.16391;35.37843;       0.58754;3.43885;2
 -11.13716;35.38110;       0.58757;3.43885;2
 -11.11041;35.38378;       0.58759;3.43884;2
 -11.08368;35.38645;       0.58760;3.43883;2
 -11.05693;35.38913;       0.58759;3.43883;2
 -11.03017;35.39180;       0.58759;3.43882;2
 -11.00344;35.39448;       0.58762;3.43881;2
 -10.97672;35.39715;       0.58765;3.43880;2
 -10.94998;35.39983;       0.58766;3.43880;2
 -10.92324;35.40250;       0.58767;3.43879;2
 -10.89650;35.40518;       0.58768;3.43878;2
 -10.86975;35.40785;       0.58771;3.43878;2
 -10.84301;35.41053;       0.58773;3.43877;2
 -10.81627;35.41320;       0.58773;3.43876;2
 -10.78952;35.41588;       0.58773;3.43876;2
 -10.76277;35.41855;       0.58773;3.43875;2
 -10.73602;35.42123;       0.58772;3.43874;2
 -10.70926;35.42390;       0.58772;3.43874;2
 -10.68251;35.42658;       0.58774;3.43873;2
 -10.65576;35.42925;       0.58776;3.43872;2
 -10.62902;35.43193;       0.58780;3.43872;2
 -10.60229;35.43460;       0.58788;3.43871;2
 -10.57559;35.43728;       0.58796;3.43870;2
 -10.54884;35.43995;       0.58802;3.43869;2
 -10.52209;35.44263;       0.58803;3.43869;2
 -10.49535;35.44530;       0.58803;3.43868;2
 -10.46860;35.44798;       0.58803;3.43867;2
 -10.44187;35.45065;       0.58806;3.43867;2
 -10.41513;35.45333;       0.58808;3.43866;2
 -10.38836;35.45600;       0.58816;3.43865;2
 -10.36159;35.45868;       0.58823;3.43865;2
 -10.33481;35.46135;       0.58825;3.43864;2
 -10.30804;35.46403;       0.58830;3.43863;2
 -10.28125;35.46671;       0.58834;3.43862;2
 -10.25451;35.46938;       0.58842;3.43862;2
 -10.22778;35.47206;       0.58853;3.43861;2
 -10.20101;35.47473;       0.58865;3.43860;2
 -10.17424;35.47741;       0.58872;3.43860;2
 -10.14749;35.48008;       0.58875;3.43859;2
 -10.12075;35.48276;       0.58871;3.43858;2
 -10.09400;35.48543;       0.58869;3.43858;2
 -10.06725;35.48811;       0.58870;3.43857;2
 -10.04046;35.49078;       0.58872;3.43856;2
 -10.01367;35.49346;       0.58876;3.43855;2
  -9.98692;35.49613;       0.58880;3.43855;2
  -9.96015;35.49881;       0.58884;3.43854;2
  -9.93336;35.50148;       0.58887;3.43853;2
  -9.90661;35.50416;       0.58889;3.43853;2
  -9.87984;35.50683;       0.58891;3.43852;2
  -9.85303;35.50951;       0.58891;3.43851;2
  -9.82622;35.51218;       0.58891;3.43850;2
  -9.79943;35.51486;       0.58896;3.43850;2
  -9.77263;35.51753;       0.58902;3.43849;2
  -9.74584;35.52021;       0.58908;3.43848;2
  -9.71904;35.52288;       0.58913;3.43848;2
  -9.69226;35.52556;       0.58917;3.43847;2
  -9.66548;35.52823;       0.58923;3.43846;2
  -9.63870;35.53091;       0.58930;3.43845;2
  -9.61194;35.53358;       0.58936;3.43845;2
  -9.58515;35.53626;       0.58941;3.43844;2
  -9.55834;35.53893;       0.58944;3.43843;2
  -9.53154;35.54161;       0.58949;3.43843;2
  -9.50477;35.54428;       0.58954;3.43842;2
  -9.47798;35.54696;       0.58959;3.43841;2
  -9.45120;35.54963;       0.58963;3.43841;2
  -9.42444;35.55231;       0.58967;3.43840;2
  -9.39769;35.55498;       0.58972;3.43839;2
  -9.37091;35.55766;       0.58977;3.43838;2
  -9.34410;35.56033;       0.58982;3.43838;2
  -9.31732;35.56301;       0.58988;3.43837;2
  -9.29055;35.56568;       0.58990;3.43836;2
  -9.26377;35.56836;       0.58991;3.43835;2
  -9.23700;35.57103;       0.58994;3.43835;2
  -9.21023;35.57371;       0.58997;3.43834;2
  -9.18344;35.57638;       0.59001;3.43833;2
  -9.15666;35.57906;       0.59004;3.43833;2
  -9.12989;35.58174;       0.59008;3.43832;2
  -9.10312;35.58441;       0.59013;3.43831;2
  -9.07636;35.58709;       0.59018;3.43830;2
  -9.04960;35.58976;       0.59022;3.43830;2
  -9.02284;35.59244;       0.59030;3.43829;2
  -8.99607;35.59511;       0.59037;3.43828;2
  -8.96929;35.59779;       0.59038;3.43828;2
  -8.94251;35.60046;       0.59042;3.43827;2
  -8.91576;35.60314;       0.59048;3.43826;2
  -8.88898;35.60581;       0.59052;3.43825;2
  -8.86220;35.60849;       0.59054;3.43825;2
  -8.83544;35.61116;       0.59054;3.43824;2
  -8.80867;35.61384;       0.59055;3.43823;2
  -8.78188;35.61651;       0.59057;3.43822;2
  -8.75510;35.61919;       0.59059;3.43822;2
  -8.72833;35.62186;       0.59062;3.43821;2
  -8.70158;35.62454;       0.59066;3.43820;2
  -8.67483;35.62721;       0.59070;3.43820;2
  -8.64807;35.62989;       0.59074;3.43819;2
  -8.62131;35.63256;       0.59076;3.43818;2
  -8.59458;35.63524;       0.59081;3.43817;2
  -8.56784;35.63791;       0.59086;3.43817;2
  -8.54105;35.64059;       0.59087;3.43816;2
  -8.51427;35.64326;       0.59094;3.43815;2
  -8.48751;35.64594;       0.59104;3.43815;2
  -8.46075;35.64861;       0.59116;3.43814;2
  -8.43399;35.65129;       0.59126;3.43813;2
  -8.40722;35.65396;       0.59130;3.43812;2
  -8.38045;35.65664;       0.59131;3.43812;2
  -8.35370;35.65931;       0.59136;3.43811;2
  -8.32693;35.66199;       0.59139;3.43810;2
  -8.30018;35.66466;       0.59140;3.43809;2
  -8.27348;35.66734;       0.59147;3.43809;2
  -8.24676;35.67001;       0.59152;3.43808;2
  -8.22002;35.67269;       0.59155;3.43807;2
  -8.19327;35.67536;       0.59159;3.43806;2
  -8.16655;35.67804;       0.59165;3.43806;2
  -8.13983;35.68071;       0.59171;3.43805;2
  -8.11310;35.68339;       0.59173;3.43804;2
  -8.08635;35.68606;       0.59173;3.43804;2
  -8.05961;35.68874;       0.59170;3.43803;2
  -8.03288;35.69141;       0.59171;3.43802;2
  -8.00616;35.69409;       0.59179;3.43801;2
  -7.97944;35.69677;       0.59185;3.43801;2
  -7.95269;35.69944;       0.59191;3.43800;2
  -7.92594;35.70212;       0.59196;3.43799;2
  -7.89923;35.70479;       0.59198;3.43798;2
  -7.87249;35.70747;       0.59199;3.43798;2
  -7.84574;35.71014;       0.59202;3.43797;2
  -7.81902;35.71282;       0.59207;3.43796;2
  -7.79229;35.71549;       0.59215;3.43795;2
  -7.76558;35.71817;       0.59221;3.43795;2
  -7.73889;35.72084;       0.59224;3.43794;2
  -7.71217;35.72352;       0.59224;3.43793;2
  -7.68545;35.72619;       0.59224;3.43792;2
  -7.65873;35.72887;       0.59226;3.43792;2
  -7.63200;35.73154;       0.59231;3.43791;2
  -7.60527;35.73422;       0.59240;3.43790;2
  -7.57852;35.73689;       0.59245;3.43790;2
  -7.55179;35.73957;       0.59247;3.43789;2
  -7.52509;35.74224;       0.59249;3.43788;2
  -7.49837;35.74492;       0.59248;3.43787;2
  -7.47162;35.74759;       0.59250;3.43787;2
  -7.44490;35.75027;       0.59259;3.43786;2
  -7.41818;35.75294;       0.59266;3.43785;2
  -7.39143;35.75562;       0.59271;3.43784;2
  -7.36466;35.75829;       0.59273;3.43784;2
  -7.33792;35.76097;       0.59275;3.43783;2
  -7.31120;35.76364;       0.59280;3.43782;2
  -7.28449;35.76632;       0.59285;3.43781;2
  -7.25778;35.76899;       0.59288;3.43781;2
  -7.23107;35.77167;       0.59291;3.43780;2
  -7.20433;35.77434;       0.59296;3.43779;2
  -7.17761;35.77702;       0.59299;3.43778;2
  -7.15089;35.77969;       0.59301;3.43778;2
  -7.12416;35.78237;       0.59304;3.43777;2
  -7.09743;35.78504;       0.59309;3.43776;2
  -7.07073;35.78772;       0.59313;3.43775;2
  -7.04401;35.79039;       0.59317;3.43775;2
  -7.01728;35.79307;       0.59321;3.43774;2
  -6.99055;35.79574;       0.59325;3.43773;2
  -6.96383;35.79842;       0.59327;3.43772;2
  -6.93711;35.80109;       0.59329;3.43772;2
  -6.91038;35.80377;       0.59335;3.43771;2
  -6.88364;35.80644;       0.59340;3.43770;2
  -6.85693;35.80912;       0.59345;3.43769;2
  -6.83023;35.81180;       0.59348;3.43769;2
  -6.80349;35.81447;       0.59350;3.43768;2
  -6.77676;35.81715;       0.59353;3.43767;2
  -6.75002;35.81982;       0.59357;3.43766;2
  -6.72330;35.82250;       0.59364;3.43766;2
  -6.69657;35.82517;       0.59371;3.43765;2
  -6.66980;35.82785;       0.59374;3.43764;2
  -6.64306;35.83052;       0.59378;3.43763;2
  -6.61632;35.83320;       0.59382;3.43763;2
  -6.58959;35.83587;       0.59385;3.43762;2
  -6.56285;35.83855;       0.59390;3.43761;2
  -6.53608;35.84122;       0.59393;3.43760;2
  -6.50934;35.84390;       0.59393;3.43759;2
  -6.48262;35.84657;       0.59397;3.43759;2
  -6.45589;35.84925;       0.59400;3.43758;2
  -6.42916;35.85192;       0.59404;3.43757;2
  -6.40246;35.85460;       0.59408;3.43756;2
  -6.37577;35.85727;       0.59412;3.43756;2
  -6.34906;35.85995;       0.59416;3.43755;2
  -6.32234;35.86262;       0.59420;3.43754;2
  -6.29560;35.86530;       0.59424;3.43753;2
  -6.26886;35.86797;       0.59427;3.43753;2
  -6.24210;35.87065;       0.59429;3.43752;2
  -6.21536;35.87332;       0.59432;3.43751;2
  -6.18859;35.87600;       0.59436;3.43750;2
  -6.16183;35.87867;       0.59443;3.43750;2
  -6.13508;35.88135;       0.59452;3.43749;2
  -6.10832;35.88402;       0.59459;3.43748;2
  -6.08156;35.88670;       0.59464;3.43747;2
  -6.05478;35.88937;       0.59466;3.43747;2
  -6.02799;35.89205;       0.59468;3.43746;2
  -6.00121;35.89472;       0.59471;3.43745;2
  -5.97445;35.89740;       0.59475;3.43744;2
  -5.94769;35.90007;       0.59482;3.43743;2
  -5.92094;35.90275;       0.59491;3.43743;2
  -5.89420;35.90542;       0.59499;3.43742;2
  -5.86745;35.90810;       0.59504;3.43741;2
  -5.84070;35.91077;       0.59509;3.43740;2
  -5.81394;35.91345;       0.59514;3.43740;2
  -5.78720;35.91612;       0.59520;3.43739;2
  -5.76043;35.91880;       0.59528;3.43738;2
  -5.73364;35.92148;       0.59538;3.43737;2
  -5.70685;35.92415;       0.59543;3.43736;2
  -5.68007;35.92683;       0.59542;3.43736;2
  -5.65327;35.92950;       0.59541;3.43735;2
  -5.62648;35.93218;       0.59544;3.43734;2
  -5.59970;35.93485;       0.59550;3.43733;2
  -5.57294;35.93753;       0.59558;3.43733;2
  -5.54621;35.94020;       0.59561;3.43732;2
  -5.51947;35.94288;       0.59564;3.43731;2
  -5.49270;35.94555;       0.59568;3.43730;2
  -5.46593;35.94823;       0.59574;3.43730;2
  -5.43917;35.95090;       0.59580;3.43729;2
  -5.41242;35.95358;       0.59583;3.43728;2
  -5.38563;35.95625;       0.59586;3.43727;2
  -5.35887;35.95893;       0.59591;3.43726;2
  -5.33213;35.96160;       0.59598;3.43726;2
  -5.30536;35.96428;       0.59605;3.43725;2
  -5.27858;35.96695;       0.59611;3.43724;2
  -5.25180;35.96963;       0.59618;3.43723;2
  -5.22501;35.97230;       0.59623;3.43723;2
  -5.19823;35.97498;       0.59627;3.43722;2
  -5.17144;35.97765;       0.59631;3.43721;2
  -5.14467;35.98033;       0.59636;3.43720;2
  -5.11787;35.98300;       0.59642;3.43719;2
  -5.09109;35.98568;       0.59648;3.43719;2
  -5.06431;35.98835;       0.59652;3.43718;2
  -5.03751;35.99103;       0.59656;3.43717;2
  -5.01071;35.99370;       0.59662;3.43716;2
  -4.98393;35.99638;       0.59665;3.43715;2
  -4.95716;35.99905;       0.59668;3.43715;2
  -4.93039;36.00173;       0.59673;3.43714;2
  -4.90363;36.00440;       0.59677;3.43713;2
  -4.87685;36.00708;       0.59679;3.43712;2
  -4.85009;36.00975;       0.59690;3.43712;2
  -4.82332;36.01243;       0.59698;3.43711;2
  -4.79653;36.01510;       0.59703;3.43710;2
  -4.76976;36.01778;       0.59709;3.43709;2
  -4.74300;36.02045;       0.59712;3.43708;2
  -4.71626;36.02313;       0.59717;3.43708;2
  -4.68949;36.02580;       0.59723;3.43707;2
  -4.66273;36.02848;       0.59728;3.43706;2
  -4.63600;36.03115;       0.59733;3.43705;2
  -4.60922;36.03383;       0.59738;3.43704;2
  -4.58244;36.03651;       0.59742;3.43704;2
  -4.55566;36.03918;       0.59747;3.43703;2
  -4.52889;36.04186;       0.59750;3.43702;2
  -4.50213;36.04453;       0.59753;3.43701;2
  -4.47536;36.04721;       0.59755;3.43701;2
  -4.44857;36.04988;       0.59760;3.43700;2
  -4.42180;36.05256;       0.59766;3.43699;2
  -4.39503;36.05523;       0.59772;3.43698;2
  -4.36823;36.05791;       0.59776;3.43697;2
  -4.34144;36.06058;       0.59778;3.43697;2
  -4.31469;36.06326;       0.59781;3.43696;2
  -4.28793;36.06593;       0.59781;3.43695;2
  -4.26117;36.06861;       0.59780;3.43694;2
  -4.23442;36.07128;       0.59783;3.43693;2
  -4.20763;36.07396;       0.59796;3.43693;2
  -4.18085;36.07663;       0.59805;3.43692;2
  -4.15410;36.07931;       0.59811;3.43691;2
  -4.12734;36.08198;       0.59816;3.43690;2
  -4.10057;36.08466;       0.59820;3.43689;2
  -4.07381;36.08733;       0.59824;3.43689;2
  -4.04706;36.09001;       0.59832;3.43688;2
  -4.02033;36.09268;       0.59836;3.43687;2
  -3.99361;36.09536;       0.59839;3.43686;2
  -3.96685;36.09803;       0.59845;3.43685;2
  -3.94009;36.10071;       0.59849;3.43685;2
  -3.91336;36.10338;       0.59848;3.43684;2
  -3.88662;36.10606;       0.59848;3.43683;2
  -3.85986;36.10873;       0.59851;3.43682;2
  -3.83309;36.11141;       0.59856;3.43681;2
  -3.80631;36.11408;       0.59859;3.43681;2
  -3.77957;36.11676;       0.59865;3.43680;2
  -3.75283;36.11943;       0.59871;3.43679;2
  -3.72608;36.12211;       0.59875;3.43678;2
  -3.69933;36.12478;       0.59877;3.43677;2
  -3.67257;36.12746;       0.59880;3.43677;2
  -3.64582;36.13013;       0.59885;3.43676;2
  -3.61910;36.13281;       0.59891;3.43675;2
  -3.59237;36.13548;       0.59899;3.43674;2
  -3.56562;36.13816;       0.59907;3.43673;2
  -3.53889;36.14083;       0.59913;3.43673;2
  -3.51215;36.14351;       0.59918;3.43672;2
  -3.48538;36.14618;       0.59922;3.43671;2
  -3.45865;36.14886;       0.59925;3.43670;2
  -3.43194;36.15154;       0.59926;3.43669;2
  -3.40520;36.15421;       0.59926;3.43668;2
  -3.37846;36.15689;       0.59926;3.43668;2
  -3.35172;36.15956;       0.59928;3.43667;2
  -3.32498;36.16224;       0.59930;3.43666;2
  -3.29824;36.16491;       0.59932;3.43665;2
  -3.27152;36.16759;       0.59933;3.43664;2
  -3.24479;36.17026;       0.59939;3.43664;2
  -3.21805;36.17294;       0.59944;3.43663;2
  -3.19131;36.17561;       0.59948;3.43662;2
  -3.16457;36.17829;       0.59953;3.43661;2
  -3.13783;36.18096;       0.59960;3.43660;2
  -3.11110;36.18364;       0.59963;3.43660;2
  -3.08441;36.18631;       0.59967;3.43659;2
  -3.05772;36.18899;       0.59971;3.43658;2
  -3.03101;36.19166;       0.59974;3.43657;2
  -3.00432;36.19434;       0.59978;3.43656;2
  -2.97761;36.19701;       0.59982;3.43656;2
  -2.95089;36.19969;       0.59986;3.43655;2
  -2.92417;36.20236;       0.59992;3.43654;2
  -2.89745;36.20504;       0.60001;3.43653;2
  -2.87075;36.20771;       0.60007;3.43652;2
  -2.84404;36.21039;       0.60007;3.43651;2
  -2.81732;36.21306;       0.60009;3.43651;2
  -2.79059;36.21574;       0.60011;3.43650;2
  -2.76387;36.21841;       0.60011;3.43649;2
  -2.73718;36.22109;       0.60010;3.43648;2
  -2.71046;36.22376;       0.60014;3.43647;2
  -2.68373;36.22644;       0.60015;3.43647;2
  -2.65702;36.22911;       0.60016;3.43646;2
  -2.63029;36.23179;       0.60023;3.43645;2
  -2.60356;36.23446;       0.60033;3.43644;2
  -2.57684;36.23714;       0.60035;3.43643;2
  -2.55013;36.23981;       0.60037;3.43642;2
  -2.52341;36.24249;       0.60041;3.43642;2
  -2.49667;36.24516;       0.60045;3.43641;2
  -2.46994;36.24784;       0.60048;3.43640;2
  -2.44322;36.25051;       0.60050;3.43639;2
  -2.41650;36.25319;       0.60052;3.43638;2
  -2.38975;36.25586;       0.60051;3.43637;2
  -2.36300;36.25854;       0.60054;3.43637;2
  -2.33627;36.26121;       0.60063;3.43636;2
  -2.30952;36.26389;       0.60069;3.43635;2
  -2.28273;36.26657;       0.60078;3.43634;2
  -2.25599;36.26924;       0.60084;3.43633;2
  -2.22927;36.27192;       0.60081;3.43633;2
  -2.20252;36.27459;       0.60073;3.43632;2
  -2.17579;36.27727;       0.60070;3.43631;2
  -2.14904;36.27994;       0.60074;3.43630;2
  -2.12229;36.28262;       0.60082;3.43629;2
  -2.09555;36.28529;       0.60089;3.43628;2
  -2.06882;36.28797;       0.60093;3.43628;2
  -2.04207;36.29064;       0.60098;3.43627;2
  -2.01531;36.29332;       0.60102;3.43626;2
  -1.98854;36.29599;       0.60105;3.43625;2
  -1.96177;36.29867;       0.60104;3.43624;2
  -1.93501;36.30134;       0.60105;3.43623;2
  -1.90825;36.30402;       0.60111;3.43623;2
  -1.88148;36.30669;       0.60116;3.43622;2
  -1.85473;36.30937;       0.60121;3.43621;2
  -1.82796;36.31204;       0.60127;3.43620;2
  -1.80118;36.31472;       0.60135;3.43619;2
  -1.77442;36.31739;       0.60148;3.43618;2
  -1.74764;36.32007;       0.60152;3.43618;2
  -1.72085;36.32274;       0.60152;3.43617;2
  -1.69407;36.32542;       0.60153;3.43616;2
  -1.66732;36.32809;       0.60155;3.43615;2
  -1.64057;36.33077;       0.60150;3.43614;2
  -1.61380;36.33344;       0.60147;3.43613;2
  -1.58702;36.33612;       0.60146;3.43613;2
  -1.56026;36.33879;       0.60148;3.43612;2
  -1.53352;36.34147;       0.60153;3.43611;2
  -1.50676;36.34414;       0.60158;3.43610;2
  -1.47997;36.34682;       0.60166;3.43609;2
  -1.45320;36.34949;       0.60177;3.43608;2
  -1.42643;36.35217;       0.60185;3.43608;2
  -1.39965;36.35484;       0.60188;3.43607;2
  -1.37287;36.35752;       0.60193;3.43606;2
  -1.34610;36.36019;       0.60198;3.43605;2
  -1.31936;36.36287;       0.60206;3.43604;2
  -1.29262;36.36554;       0.60214;3.43603;2
  -1.26586;36.36822;       0.60221;3.43602;2
  -1.23909;36.37089;       0.60227;3.43602;2
  -1.21233;36.37357;       0.60234;3.43601;2
  -1.18557;36.37624;       0.60240;3.43600;2
  -1.15881;36.37892;       0.60247;3.43599;2
  -1.13206;36.38160;       0.60255;3.43598;2
  -1.10532;36.38427;       0.60264;3.43597;2
  -1.07858;36.38695;       0.60271;3.43597;2
  -1.05182;36.38962;       0.60276;3.43596;2
  -1.02505;36.39230;       0.60282;3.43595;2
  -0.99829;36.39497;       0.60291;3.43594;2
  -0.97154;36.39765;       0.60302;3.43593;2
  -0.94479;36.40032;       0.60311;3.43592;2
  -0.91806;36.40300;       0.60320;3.43592;2
  -0.89131;36.40567;       0.60329;3.43591;2
  -0.86455;36.40835;       0.60338;3.43590;2
  -0.83777;36.41102;       0.60345;3.43589;2
  -0.81101;36.41370;       0.60350;3.43588;2
  -0.78426;36.41637;       0.60356;3.43587;2
  -0.75753;36.41905;       0.60360;3.43586;2
  -0.73080;36.42172;       0.60362;3.43586;2
  -0.70404;36.42440;       0.60364;3.43585;2
  -0.67729;36.42707;       0.60367;3.43584;2
  -0.65055;36.42975;       0.60372;3.43583;2
  -0.62380;36.43242;       0.60378;3.43582;2
  -0.59705;36.43510;       0.60385;3.43581;2
  -0.57031;36.43777;       0.60391;3.43580;2
  -0.54356;36.44045;       0.60399;3.43580;2
  -0.51682;36.44312;       0.60400;3.43579;2
  -0.49009;36.44580;       0.60400;3.43578;2
  -0.46335;36.44847;       0.60405;3.43577;2
  -0.43659;36.45115;       0.60412;3.43576;2
  -0.40986;36.45382;       0.60416;3.43575;2
  -0.38311;36.45650;       0.60421;3.43574;2
  -0.35639;36.45917;       0.60425;3.43574;2
  -0.32968;36.46185;       0.60430;3.43573;2
  -0.30295;36.46452;       0.60435;3.43572;2
  -0.27622;36.46720;       0.60442;3.43571;2
  -0.24952;36.46987;       0.60456;3.43570;2
  -0.22281;36.47255;       0.60466;3.43569;2
  -0.19609;36.47522;       0.60467;3.43568;2
  -0.16939;36.47790;       0.60466;3.43568;2
  -0.14268;36.48057;       0.60469;3.43567;2
  -0.11597;36.48325;       0.60476;3.43566;2
  -0.08928;36.48592;       0.60479;3.43565;2
  -0.06258;36.48860;       0.60481;3.43564;2
  -0.03587;36.49128;       0.60484;3.43563;2
  -0.00919;36.49395;       0.60485;3.43562;2
   0.01749;36.49663;       0.60487;3.43562;2
   0.04418;36.49930;       0.60487;3.43561;2
   0.07087;36.50198;       0.60490;3.43560;2
   0.09755;36.50465;       0.60494;3.43559;2
   0.12424;36.50733;       0.60497;3.43558;2
   0.15093;36.51000;       0.60498;3.43557;2
   0.17762;36.51268;       0.60499;3.43556;2
   0.20430;36.51535;       0.60502;3.43556;2
   0.23097;36.51803;       0.60506;3.43555;2
   0.25765;36.52070;       0.60510;3.43554;2
   0.28432;36.52338;       0.60513;3.43553;2
   0.31098;36.52605;       0.60515;3.43552;2
   0.33764;36.52873;       0.60519;3.43551;2
   0.36433;36.53140;       0.60523;3.43550;2
   0.39102;36.53408;       0.60528;3.43550;2
   0.41769;36.53675;       0.60534;3.43549;2
   0.44436;36.53943;       0.60536;3.43548;2
   0.47105;36.54210;       0.60537;3.43547;2
   0.49775;36.54478;       0.60540;3.43546;2
   0.52444;36.54745;       0.60543;3.43545;2
   0.55114;36.55013;       0.60545;3.43544;2
   0.57784;36.55280;       0.60549;3.43543;2
   0.60455;36.55548;       0.60553;3.43543;2
   0.63125;36.55815;       0.60558;3.43542;2
   0.65793;36.56083;       0.60564;3.43541;2
   0.68462;36.56350;       0.60567;3.43540;2
   0.71135;36.56618;       0.60569;3.43539;2
   0.73807;36.56885;       0.60572;3.43538;2
   0.76476;36.57153;       0.60577;3.43537;2
   0.79145;36.57420;       0.60581;3.43536;2
   0.81816;36.57688;       0.60584;3.43536;2
   0.84487;36.57955;       0.60586;3.43535;2
   0.87157;36.58223;       0.60587;3.43534;2
   0.89826;36.58490;       0.60590;3.43533;2
   0.92499;36.58758;       0.60595;3.43532;2
   0.95171;36.59025;       0.60599;3.43531;2
   0.97843;36.59293;       0.60604;3.43530;2
   1.00515;36.59560;       0.60607;3.43529;2
   1.03188;36.59828;       0.60608;3.43529;2
   1.05862;36.60095;       0.60611;3.43528;2
   1.08534;36.60363;       0.60615;3.43527;2
   1.11208;36.60631;       0.60618;3.43526;2
   1.13879;36.60898;       0.60622;3.43525;2
   1.16551;36.61166;       0.60625;3.43524;2
   1.19224;36.61433;       0.60626;3.43523;2
   1.21896;36.61701;       0.60630;3.43522;2
   1.24567;36.61968;       0.60636;3.43522;2
   1.27239;36.62236;       0.60640;3.43521;2
   1.29913;36.62503;       0.60644;3.43520;2
   1.32586;36.62771;       0.60646;3.43519;2
   1.35258;36.63038;       0.60646;3.43518;2
   1.37933;36.63306;       0.60647;3.43517;2
   1.40609;36.63573;       0.60648;3.43516;2
   1.43283;36.63841;       0.60649;3.43515;2
   1.45958;36.64108;       0.60651;3.43514;2
   1.48630;36.64376;       0.60660;3.43514;2
   1.51304;36.64643;       0.60667;3.43513;2
   1.53978;36.64911;       0.60672;3.43512;2
   1.56649;36.65178;       0.60677;3.43511;2
   1.59321;36.65446;       0.60683;3.43510;2
   1.61995;36.65713;       0.60692;3.43509;2
   1.64667;36.65981;       0.60701;3.43508;2
   1.67341;36.66248;       0.60705;3.43507;2
   1.70015;36.66516;       0.60707;3.43506;2
   1.72686;36.66783;       0.60713;3.43506;2
   1.75358;36.67051;       0.60721;3.43505;2
   1.78033;36.67318;       0.60725;3.43504;2
   1.80707;36.67586;       0.60730;3.43503;2
   1.83380;36.67853;       0.60735;3.43502;2
   1.86054;36.68121;       0.60739;3.43501;2
   1.88727;36.68388;       0.60743;3.43500;2
   1.91398;36.68656;       0.60746;3.43499;2
   1.94071;36.68923;       0.60750;3.43499;2
   1.96746;36.69191;       0.60757;3.43498;2
   1.99421;36.69458;       0.60763;3.43497;2
   2.02097;36.69726;       0.60767;3.43496;2
   2.04774;36.69993;       0.60772;3.43495;2
   2.07451;36.70261;       0.60775;3.43494;2
   2.10129;36.70528;       0.60778;3.43493;2
   2.12806;36.70796;       0.60784;3.43492;2
   2.15482;36.71063;       0.60792;3.43491;2
   2.18159;36.71331;       0.60797;3.43490;2
   2.20837;36.71598;       0.60803;3.43490;2
   2.23515;36.71866;       0.60808;3.43489;2
   2.26192;36.72134;       0.60809;3.43488;2
   2.28870;36.72401;       0.60810;3.43487;2
   2.31551;36.72669;       0.60817;3.43486;2
   2.34231;36.72936;       0.60822;3.43485;2
   2.36911;36.73204;       0.60827;3.43484;2
   2.39589;36.73471;       0.60834;3.43483;2
   2.42264;36.73739;       0.60838;3.43482;2
   2.44943;36.74006;       0.60841;3.43481;2
   2.47623;36.74274;       0.60844;3.43481;2
   2.50304;36.74541;       0.60848;3.43480;2
   2.52984;36.74809;       0.60854;3.43479;2
   2.55662;36.75076;       0.60860;3.43478;2
   2.58340;36.75344;       0.60863;3.43477;2
   2.61018;36.75611;       0.60868;3.43476;2
   2.63698;36.75879;       0.60873;3.43475;2
   2.66379;36.76146;       0.60878;3.43474;2
   2.69062;36.76414;       0.60881;3.43473;2
   2.71744;36.76681;       0.60886;3.43472;2
   2.74423;36.76949;       0.60890;3.43472;2
   2.77102;36.77216;       0.60894;3.43471;2
   2.79784;36.77484;       0.60899;3.43470;2
   2.82465;36.77751;       0.60904;3.43469;2
   2.85146;36.78019;       0.60912;3.43468;2
   2.87828;36.78286;       0.60918;3.43467;2
   2.90511;36.78554;       0.60923;3.43466;2
   2.93194;36.78821;       0.60930;3.43465;2
   2.95876;36.79089;       0.60940;3.43464;2
   2.98559;36.79356;       0.60947;3.43463;2
   3.01243;36.79624;       0.60952;3.43462;2
   3.03925;36.79891;       0.60956;3.43461;2
   3.06607;36.80159;       0.60960;3.43461;2
   3.09291;36.80426;       0.60965;3.43460;2
   3.11973;36.80694;       0.60971;3.43459;2
   3.14658;36.80961;       0.60975;3.43458;2
   3.17343;36.81229;       0.60981;3.43457;2
   3.20026;36.81496;       0.60987;3.43456;2
   3.22707;36.81764;       0.60992;3.43455;2
   3.25388;36.82031;       0.61002;3.43454;2
   3.28073;36.82299;       0.61015;3.43453;2
   3.30760;36.82566;       0.61026;3.43452;2
   3.33444;36.82834;       0.61035;3.43451;2
   3.36126;36.83101;       0.61042;3.43450;2
   3.38811;36.83369;       0.61045;3.43450;2
   3.41491;36.83637;       0.61048;3.43449;2
   3.44171;36.83904;       0.61051;3.43448;2
   3.46851;36.84172;       0.61056;3.43447;2
   3.49533;36.84439;       0.61060;3.43446;2
   3.52217;36.84707;       0.61066;3.43445;2
   3.54898;36.84974;       0.61071;3.43444;2
   3.57580;36.85242;       0.61077;3.43443;2
   3.60262;36.85509;       0.61083;3.43442;2
   3.62942;36.85777;       0.61090;3.43441;2
   3.65626;36.86044;       0.61097;3.43440;2
   3.68310;36.86312;       0.61110;3.43439;2
   3.70995;36.86579;       0.61123;3.43439;2
   3.73680;36.86847;       0.61132;3.43438;2
   3.76365;36.87114;       0.61139;3.43437;2
   3.79049;36.87382;       0.61145;3.43436;2
   3.81735;36.87649;       0.61152;3.43435;2
   3.84421;36.87917;       0.61159;3.43434;2
   3.87106;36.88184;       0.61164;3.43433;2
   3.89793;36.88452;       0.61170;3.43432;2
   3.92479;36.88719;       0.61177;3.43431;2
   3.95168;36.88987;       0.61184;3.43430;2
   3.97853;36.89254;       0.61192;3.43429;2
   4.00537;36.89522;       0.61201;3.43428;2
   4.03224;36.89789;       0.61209;3.43427;2
   4.05911;36.90057;       0.61217;3.43426;2
   4.08595;36.90324;       0.61226;3.43426;2
   4.11279;36.90592;       0.61236;3.43425;2
   4.13962;36.90859;       0.61245;3.43424;2
   4.16644;36.91127;       0.61251;3.43423;2
   4.19327;36.91394;       0.61257;3.43422;2
   4.22012;36.91662;       0.61263;3.43421;2
   4.24695;36.91929;       0.61271;3.43420;2
   4.27377;36.92197;       0.61277;3.43419;2
   4.30061;36.92464;       0.61280;3.43418;2
   4.32743;36.92732;       0.61284;3.43417;2
   4.35423;36.92999;       0.61289;3.43416;2
   4.38106;36.93267;       0.61295;3.43415;2
   4.40789;36.93534;       0.61302;3.43414;2
   4.43472;36.93802;       0.61309;3.43413;2
   4.46159;36.94069;       0.61315;3.43413;2
   4.48844;36.94337;       0.61322;3.43412;2
   4.51526;36.94604;       0.61329;3.43411;2
   4.54206;36.94872;       0.61338;3.43410;2
   4.56886;36.95140;       0.61344;3.43409;2
   4.59567;36.95407;       0.61345;3.43408;2
   4.62250;36.95675;       0.61347;3.43407;2
   4.64931;36.95942;       0.61349;3.43406;2
   4.67610;36.96210;       0.61353;3.43405;2
   4.70291;36.96477;       0.61360;3.43404;2
   4.72970;36.96745;       0.61369;3.43403;2
   4.75649;36.97012;       0.61375;3.43402;2
   4.78329;36.97280;       0.61381;3.43401;2
   4.81008;36.97547;       0.61389;3.43400;2
   4.83689;36.97815;       0.61397;3.43399;2
   4.86370;36.98082;       0.61406;3.43398;2
   4.89049;36.98350;       0.61412;3.43398;2
   4.91726;36.98617;       0.61422;3.43397;2
   4.94404;36.98885;       0.61432;3.43396;2
   4.97083;36.99152;       0.61439;3.43395;2
   4.99760;36.99420;       0.61442;3.43394;2
   5.02439;36.99687;       0.61445;3.43393;2
   5.05116;36.99955;       0.61446;3.43392;2
   5.07794;37.00222;       0.61448;3.43391;2
   5.10472;37.00490;       0.61452;3.43390;2
   5.13146;37.00757;       0.61457;3.43389;2
   5.15824;37.01025;       0.61460;3.43388;2
   5.18498;37.01292;       0.61462;3.43387;2
   5.21173;37.01560;       0.61465;3.43386;2
   5.23851;37.01827;       0.61470;3.43385;2
   5.26530;37.02095;       0.61474;3.43384;2
   5.29209;37.02362;       0.61476;3.43383;2
   5.31884;37.02630;       0.61479;3.43382;2
   5.34558;37.02897;       0.61482;3.43381;2
   5.37232;37.03165;       0.61486;3.43381;2
   5.39908;37.03432;       0.61490;3.43380;2
   5.42586;37.03700;       0.61496;3.43379;2
   5.45261;37.03967;       0.61505;3.43378;2
   5.47939;37.04235;       0.61512;3.43377;2
   5.50618;37.04502;       0.61515;3.43376;2
   5.53295;37.04770;       0.61519;3.43375;2
   5.55972;37.05037;       0.61522;3.43374;2
   5.58649;37.05305;       0.61526;3.43373;2
   5.61327;37.05572;       0.61528;3.43372;2
   5.64006;37.05840;       0.61531;3.43371;2
   5.66686;37.06107;       0.61535;3.43370;2
   5.69362;37.06375;       0.61540;3.43369;2
   5.72035;37.06643;       0.61546;3.43368;2
   5.74705;37.06910;       0.61550;3.43367;2
   5.77378;37.07178;       0.61555;3.43366;2
   5.80054;37.07445;       0.61560;3.43365;2
   5.82728;37.07713;       0.61563;3.43364;2
   5.85402;37.07980;       0.61564;3.43363;2
   5.88077;37.08248;       0.61562;3.43362;2
   5.90754;37.08515;       0.61560;3.43362;2
   5.93429;37.08783;       0.61560;3.43361;2
   5.96102;37.09050;       0.61561;3.43360;2
   5.98778;37.09318;       0.61563;3.43359;2
   6.01454;37.09585;       0.61567;3.43358;2
   6.04127;37.09853;       0.61573;3.43357;2
   6.06799;37.10120;       0.61582;3.43356;2
   6.09471;37.10388;       0.61590;3.43355;2
   6.12142;37.10655;       0.61594;3.43354;2
   6.14814;37.10923;       0.61596;3.43353;2
   6.17486;37.11190;       0.61599;3.43352;2
   6.20158;37.11458;       0.61605;3.43351;2
   6.22831;37.11725;       0.61609;3.43350;2
   6.25504;37.11993;       0.61612;3.43349;2
   6.28180;37.12260;       0.61614;3.43348;2
   6.30855;37.12528;       0.61617;3.43347;2
   6.33526;37.12795;       0.61620;3.43346;2
   6.36198;37.13063;       0.61622;3.43345;2
   6.38872;37.13330;       0.61624;3.43344;2
   6.41543;37.13598;       0.61627;3.43343;2
   6.44213;37.13865;       0.61630;3.43342;2
   6.46882;37.14133;       0.61631;3.43341;2
   6.49552;37.14400;       0.61634;3.43340;2
   6.52225;37.14668;       0.61637;3.43339;2
   6.54896;37.14935;       0.61637;3.43338;2
   6.57565;37.15203;       0.61638;3.43338;2
   6.60237;37.15470;       0.61639;3.43337;2
   6.62909;37.15738;       0.61643;3.43336;2
   6.65581;37.16005;       0.61644;3.43335;2
   6.68253;37.16273;       0.61646;3.43334;2
   6.70924;37.16540;       0.61651;3.43333;2
   6.73593;37.16808;       0.61658;3.43332;2
   6.76263;37.17075;       0.61666;3.43331;2
   6.78932;37.17343;       0.61670;3.43330;2
   6.81600;37.17611;       0.61671;3.43329;2
   6.84269;37.17878;       0.61672;3.43328;2
   6.86938;37.18146;       0.61676;3.43327;2
   6.89606;37.18413;       0.61680;3.43326;2
   6.92276;37.18681;       0.61682;3.43325;2
   6.94944;37.18948;       0.61683;3.43324;2
   6.97613;37.19216;       0.61686;3.43323;2
   7.00282;37.19483;       0.61688;3.43322;2
   7.02950;37.19751;       0.61690;3.43321;2
   7.05617;37.20018;       0.61692;3.43320;2
   7.08285;37.20286;       0.61694;3.43319;2
   7.10953;37.20553;       0.61697;3.43318;2
   7.13621;37.20821;       0.61702;3.43317;2
   7.16291;37.21088;       0.61706;3.43316;2
   7.18960;37.21356;       0.61711;3.43315;2
   7.21631;37.21623;       0.61715;3.43314;2
   7.24301;37.21891;       0.61718;3.43313;2
   7.26970;37.22158;       0.61722;3.43312;2
   7.29639;37.22426;       0.61722;3.43311;2
   7.32310;37.22693;       0.61720;3.43310;2
   7.34982;37.22961;       0.61718;3.43309;2
   7.37654;37.23228;       0.61720;3.43308;2
   7.40324;37.23496;       0.61725;3.43307;2
   7.42991;37.23763;       0.61728;3.43306;2
   7.45656;37.24031;       0.61730;3.43306;2
   7.48325;37.24298;       0.61731;3.43305;2
   7.50994;37.24566;       0.61731;3.43304;2
   7.53662;37.24833;       0.61736;3.43303;2
   7.56330;37.25101;       0.61746;3.43302;2
   7.58995;37.25368;       0.61749;3.43301;2
   7.61663;37.25636;       0.61753;3.43300;2
   7.64332;37.25903;       0.61757;3.43299;2
   7.67001;37.26171;       0.61760;3.43298;2
   7.69669;37.26438;       0.61763;3.43297;2
   7.72337;37.26706;       0.61770;3.43296;2
   7.75010;37.26973;       0.61779;3.43295;2
   7.77685;37.27241;       0.61784;3.43294;2
   7.80354;37.27508;       0.61787;3.43293;2
   7.83021;37.27776;       0.61790;3.43292;2
   7.85692;37.28043;       0.61791;3.43291;2
   7.88361;37.28311;       0.61793;3.43290;2
   7.91028;37.28578;       0.61796;3.43289;2
   7.93694;37.28846;       0.61800;3.43288;2
   7.96360;37.29114;       0.61799;3.43287;2
   7.99030;37.29381;       0.61795;3.43286;2
   8.01697;37.29649;       0.61796;3.43285;2
   8.04365;37.29916;       0.61800;3.43284;2
   8.07034;37.30184;       0.61804;3.43283;2
   8.09702;37.30451;       0.61808;3.43282;2
   8.12372;37.30719;       0.61816;3.43281;2
   8.15043;37.30986;       0.61821;3.43280;2
   8.17710;37.31254;       0.61825;3.43279;2
   8.20379;37.31521;       0.61828;3.43278;2
   8.23051;37.31789;       0.61832;3.43277;2
   8.25722;37.32056;       0.61838;3.43276;2
   8.28389;37.32324;       0.61842;3.43275;2
   8.31056;37.32591;       0.61843;3.43274;2
   8.33726;37.32859;       0.61847;3.43273;2
   8.36397;37.33126;       0.61854;3.43272;2
   8.39066;37.33394;       0.61859;3.43271;2
   8.41735;37.33661;       0.61864;3.43270;2
   8.44405;37.33929;       0.61869;3.43269;2
   8.47077;37.34196;       0.61875;3.43268;2
   8.49749;37.34464;       0.61881;3.43267;2
   8.52420;37.34731;       0.61885;3.43266;2
   8.55086;37.34999;       0.61889;3.43265;2
   8.57757;37.35266;       0.61896;3.43264;2
   8.60430;37.35534;       0.61901;3.43263;2
   8.63101;37.35801;       0.61903;3.43262;2
   8.65771;37.36069;       0.61904;3.43261;2
   8.68444;37.36336;       0.61907;3.43260;2
   8.71114;37.36604;       0.61912;3.43259;2
   8.73783;37.36871;       0.61917;3.43258;2
   8.76452;37.37139;       0.61919;3.43257;2
   8.79122;37.37406;       0.61923;3.43256;2
   8.81794;37.37674;       0.61927;3.43255;2
   8.84467;37.37941;       0.61932;3.43254;2
   8.87140;37.38209;       0.61940;3.43253;2
   8.89814;37.38476;       0.61949;3.43252;2
   8.92487;37.38744;       0.61956;3.43251;2
   8.95160;37.39011;       0.61961;3.43250;2
   8.97834;37.39279;       0.61967;3.43249;2
   9.00506;37.39546;       0.61972;3.43248;2
   9.03179;37.39814;       0.61975;3.43247;2
   9.05855;37.40081;       0.61979;3.43246;2
   9.08533;37.40349;       0.61979;3.43245;2
   9.11208;37.40617;       0.61982;3.43244;2
   9.13884;37.40884;       0.61988;3.43243;2
   9.16561;37.41152;       0.61997;3.43242;2
   9.19235;37.41419;       0.62005;3.43241;2
   9.21909;37.41687;       0.62012;3.43240;2
   9.24583;37.41954;       0.62018;3.43239;2
   9.27258;37.42222;       0.62025;3.43238;2
   9.29932;37.42489;       0.62032;3.43237;2
   9.32607;37.42757;       0.62040;3.43236;2
   9.35282;37.43024;       0.62048;3.43235;2
   9.37956;37.43292;       0.62055;3.43234;2
   9.40631;37.43559;       0.62062;3.43233;2
   9.43306;37.43827;       0.62068;3.43232;2
   9.45982;37.44094;       0.62074;3.43231;2
   9.48661;37.44362;       0.62078;3.43230;2
   9.51338;37.44629;       0.62084;3.43229;2
   9.54013;37.44897;       0.62090;3.43228;2
   9.56689;37.45164;       0.62096;3.43227;2
   9.59365;37.45432;       0.62102;3.43226;2
   9.62043;37.45699;       0.62107;3.43225;2
   9.64720;37.45967;       0.62110;3.43224;2
   9.67397;37.46234;       0.62116;3.43223;2
   9.70072;37.46502;       0.62122;3.43222;2
   9.72749;37.46769;       0.62126;3.43221;2
   9.75426;37.47037;       0.62132;3.43220;2
   9.78102;37.47304;       0.62141;3.43219;2
   9.80778;37.47572;       0.62152;3.43218;2
   9.83455;37.47839;       0.62161;3.43217;2
   9.86134;37.48107;       0.62168;3.43216;2
   9.88811;37.48374;       0.62174;3.43215;2
   9.91486;37.48642;       0.62181;3.43214;2
   9.94162;37.48909;       0.62186;3.43213;2
   9.96840;37.49177;       0.62191;3.43212;2
   9.99518;37.49444;       0.62197;3.43211;2
  10.02194;37.49712;       0.62202;3.43210;2
  10.04872;37.49979;       0.62207;3.43209;2
  10.07551;37.50247;       0.62213;3.43208;2
  10.10230;37.50514;       0.62220;3.43207;2
  10.12910;37.50782;       0.62227;3.43206;2
  10.15589;37.51049;       0.62233;3.43205;2
  10.18268;37.51317;       0.62238;3.43204;2
  10.20950;37.51584;       0.62244;3.43203;2
  10.23631;37.51852;       0.62249;3.43201;2
  10.26308;37.52120;       0.62254;3.43200;2
  10.28985;37.52387;       0.62260;3.43199;2
  10.31664;37.52655;       0.62266;3.43198;2
  10.34342;37.52922;       0.62273;3.43197;2
  10.37019;37.53190;       0.62278;3.43196;2
  10.39698;37.53457;       0.62282;3.43195;2
  10.42378;37.53725;       0.62285;3.43194;2
  10.45057;37.53992;       0.62288;3.43193;2
  10.47736;37.54260;       0.62292;3.43192;2
  10.50416;37.54527;       0.62296;3.43191;2
  10.53096;37.54795;       0.62300;3.43190;2
  10.55776;37.55062;       0.62305;3.43189;2
  10.58456;37.55330;       0.62310;3.43188;2
  10.61135;37.55597;       0.62317;3.43187;2
  10.63815;37.55865;       0.62324;3.43186;2
  10.66496;37.56132;       0.62330;3.43185;2
  10.69178;37.56400;       0.62335;3.43184;2
  10.71856;37.56667;       0.62340;3.43183;2
  10.74537;37.56935;       0.62344;3.43182;2
  10.77220;37.57202;       0.62350;3.43181;2
  10.79903;37.57470;       0.62356;3.43180;2
  10.82587;37.57737;       0.62361;3.43179;2
  10.85268;37.58005;       0.62365;3.43178;2
  10.87950;37.58272;       0.62370;3.43177;2
  10.90630;37.58540;       0.62376;3.43176;2
  10.93310;37.58807;       0.62382;3.43175;2
  10.95990;37.59075;       0.62389;3.43174;2
  10.98669;37.59342;       0.62396;3.43173;2
  11.01349;37.59610;       0.62401;3.43172;2
  11.04031;37.59877;       0.62407;3.43171;2
  11.06711;37.60145;       0.62413;3.43170;2
  11.09390;37.60412;       0.62419;3.43168;2
  11.12070;37.60680;       0.62425;3.43167;2
  11.14751;37.60947;       0.62433;3.43166;2
  11.17431;37.61215;       0.62440;3.43165;2
  11.20109;37.61482;       0.62443;3.43164;2
  11.22790;37.61750;       0.62450;3.43163;2
  11.25470;37.62017;       0.62460;3.43162;2
  11.28149;37.62285;       0.62469;3.43161;2
  11.30826;37.62552;       0.62477;3.43160;2
  11.33504;37.62820;       0.62485;3.43159;2
  11.36183;37.63087;       0.62492;3.43158;2
  11.38863;37.63355;       0.62499;3.43157;2
  11.41541;37.63623;       0.62506;3.43156;2
  11.44221;37.63890;       0.62513;3.43155;2
  11.46903;37.64158;       0.62519;3.43154;2
  11.49584;37.64425;       0.62524;3.43153;2
  11.52263;37.64693;       0.62530;3.43152;2
  11.54941;37.64960;       0.62536;3.43151;2
  11.57620;37.65228;       0.62543;3.43150;2
  11.60298;37.65495;       0.62548;3.43149;2
  11.62974;37.65763;       0.62551;3.43148;2
  11.65652;37.66030;       0.62551;3.43147;2
  11.68330;37.66298;       0.62553;3.43146;2
  11.71006;37.66565;       0.62559;3.43145;2
  11.73684;37.66833;       0.62566;3.43143;2
  11.76364;37.67100;       0.62572;3.43142;2
  11.79040;37.67368;       0.62581;3.43141;2
  11.81716;37.67635;       0.62587;3.43140;2
  11.84395;37.67903;       0.62594;3.43139;2
  11.87073;37.68170;       0.62601;3.43138;2
  11.89748;37.68438;       0.62607;3.43137;2
  11.92424;37.68705;       0.62611;3.43136;2
  11.95103;37.68973;       0.62618;3.43135;2
  11.97780;37.69240;       0.62626;3.43134;2
  12.00456;37.69508;       0.62633;3.43133;2
  12.03133;37.69775;       0.62639;3.43132;2
  12.05809;37.70043;       0.62643;3.43131;2
  12.08485;37.70310;       0.62647;3.43130;2
  12.11157;37.70578;       0.62655;3.43129;2
  12.13830;37.70845;       0.62663;3.43128;2
  12.16505;37.71113;       0.62670;3.43127;2
  12.19180;37.71380;       0.62675;3.43126;2
  12.21852;37.71648;       0.62679;3.43125;2
  12.24524;37.71915;       0.62684;3.43124;2
  12.27196;37.72183;       0.62690;3.43122;2
  12.29870;37.72450;       0.62697;3.43121;2
  12.32545;37.72718;       0.62702;3.43120;2
  12.35220;37.72985;       0.62708;3.43119;2
  12.37899;37.73253;       0.62714;3.43118;2
  12.40575;37.73520;       0.62718;3.43117;2
  12.43248;37.73788;       0.62721;3.43116;2
  12.45923;37.74055;       0.62725;3.43115;2
  12.48599;37.74323;       0.62730;3.43114;2
  12.51273;37.74591;       0.62734;3.43113;2
  12.53947;37.74858;       0.62740;3.43112;2
  12.56622;37.75126;       0.62743;3.43111;2
  12.59297;37.75393;       0.62744;3.43110;2
  12.61971;37.75661;       0.62747;3.43109;2
  12.64645;37.75928;       0.62752;3.43108;2
  12.67319;37.76196;       0.62757;3.43107;2
  12.69995;37.76463;       0.62762;3.43106;2
  12.72670;37.76731;       0.62769;3.43104;2
  12.75344;37.76998;       0.62776;3.43103;2
  12.78016;37.77266;       0.62780;3.43102;2
  12.80691;37.77533;       0.62781;3.43101;2
  12.83367;37.77801;       0.62782;3.43100;2
  12.86039;37.78068;       0.62785;3.43099;2
  12.88712;37.78336;       0.62786;3.43098;2
  12.91385;37.78603;       0.62791;3.43097;2
  12.94059;37.78871;       0.62798;3.43096;2
  12.96732;37.79138;       0.62806;3.43095;2
  12.99402;37.79406;       0.62813;3.43094;2
  13.02074;37.79673;       0.62819;3.43093;2
  13.04746;37.79941;       0.62825;3.43092;2
  13.07417;37.80208;       0.62829;3.43091;2
  13.10089;37.80476;       0.62832;3.43090;2
  13.12762;37.80743;       0.62835;3.43088;2
  13.15430;37.81011;       0.62836;3.43087;2
  13.18101;37.81278;       0.62838;3.43086;2
  13.20773;37.81546;       0.62841;3.43085;2
  13.23443;37.81813;       0.62844;3.43084;2
  13.26113;37.82081;       0.62847;3.43083;2
  13.28786;37.82348;       0.62848;3.43082;2
  13.31459;37.82616;       0.62850;3.43081;2
  13.34130;37.82883;       0.62850;3.43080;2
  13.36803;37.83151;       0.62854;3.43079;2
  13.39475;37.83418;       0.62866;3.43078;2
  13.42143;37.83686;       0.62873;3.43077;2
  13.44812;37.83953;       0.62880;3.43076;2
  13.47481;37.84221;       0.62883;3.43075;2
  13.50151;37.84488;       0.62884;3.43074;2
  13.52822;37.84756;       0.62888;3.43072;2
  13.55495;37.85023;       0.62891;3.43071;2
  13.58167;37.85291;       0.62894;3.43070;2
  13.60837;37.85558;       0.62898;3.43069;2
  13.63509;37.85826;       0.62902;3.43068;2
  13.66184;37.86094;       0.62907;3.43067;2
  13.68856;37.86361;       0.62910;3.43066;2
  13.71528;37.86629;       0.62916;3.43065;2
  13.74199;37.86896;       0.62923;3.43064;2
  13.76869;37.87164;       0.62930;3.43063;2
  13.79539;37.87431;       0.62936;3.43062;2
  13.82211;37.87699;       0.62942;3.43061;2
  13.84882;37.87966;       0.62948;3.43060;2
  13.87553;37.88234;       0.62952;3.43059;2
  13.90223;37.88501;       0.62957;3.43057;2
  13.92893;37.88769;       0.62962;3.43056;2
  13.95565;37.89036;       0.62963;3.43055;2
  13.98235;37.89304;       0.62965;3.43054;2
  14.00908;37.89571;       0.62968;3.43053;2
  14.03581;37.89839;       0.62971;3.43052;2
  14.06251;37.90106;       0.62977;3.43051;2
  14.08922;37.90374;       0.62982;3.43050;2
  14.11593;37.90641;       0.62988;3.43049;2
  14.14266;37.90909;       0.62993;3.43048;2
  14.16940;37.91176;       0.62997;3.43047;2
  14.19613;37.91444;       0.63001;3.43046;2
  14.22288;37.91711;       0.63004;3.43044;2
  14.24962;37.91979;       0.63006;3.43043;2
  14.27634;37.92246;       0.63009;3.43042;2
  14.30309;37.92514;       0.63015;3.43041;2
  14.32987;37.92781;       0.63021;3.43040;2
  14.35663;37.93049;       0.63027;3.43039;2
  14.38339;37.93316;       0.63031;3.43038;2
  14.41012;37.93584;       0.63037;3.43037;2
  14.43685;37.93851;       0.63040;3.43036;2
  14.46360;37.94119;       0.63037;3.43035;2
  14.49033;37.94386;       0.63038;3.43034;2
  14.51706;37.94654;       0.63039;3.43032;2
  14.54381;37.94921;       0.63041;3.43031;2
  14.57055;37.95189;       0.63045;3.43030;2
  14.59729;37.95456;       0.63052;3.43029;2
  14.62403;37.95724;       0.63061;3.43028;2
  14.65076;37.95991;       0.63069;3.43027;2
  14.67753;37.96259;       0.63075;3.43026;2
  14.70429;37.96526;       0.63080;3.43025;2
  14.73102;37.96794;       0.63083;3.43024;2
  14.75777;37.97061;       0.63085;3.43023;2
  14.78454;37.97329;       0.63089;3.43022;2
  14.81130;37.97597;       0.63091;3.43020;2
  14.83803;37.97864;       0.63093;3.43019;2
  14.86475;37.98132;       0.63096;3.43018;2
  14.89150;37.98399;       0.63102;3.43017;2
  14.91825;37.98667;       0.63108;3.43016;2
  14.94500;37.98934;       0.63112;3.43015;2
  14.97176;37.99202;       0.63117;3.43014;2
  14.99851;37.99469;       0.63122;3.43013;2
  15.02530;37.99737;       0.63128;3.43012;2
  15.05209;38.00004;       0.63134;3.43011;2
  15.07886;38.00272;       0.63141;3.43010;2
  15.10563;38.00539;       0.63148;3.43008;2
  15.13239;38.00807;       0.63153;3.43007;2
  15.15915;38.01074;       0.63158;3.43006;2
  15.18593;38.01342;       0.63163;3.43005;2
  15.21270;38.01609;       0.63167;3.43004;2
  15.23946;38.01877;       0.63171;3.43003;2
  15.26622;38.02144;       0.63178;3.43002;2
  15.29300;38.02412;       0.63188;3.43001;2
  15.31976;38.02679;       0.63194;3.43000;2
  15.34651;38.02947;       0.63198;3.42998;2
  15.37329;38.03214;       0.63201;3.42997;2
  15.40005;38.03482;       0.63208;3.42996;2
  15.42678;38.03749;       0.63217;3.42995;2
  15.45357;38.04017;       0.63225;3.42994;2
  15.48034;38.04284;       0.63233;3.42993;2
  15.50712;38.04552;       0.63243;3.42992;2
  15.53389;38.04819;       0.63251;3.42991;2
  15.56063;38.05087;       0.63256;3.42990;2
  15.58737;38.05354;       0.63255;3.42989;2
  15.61415;38.05622;       0.63256;3.42987;2
  15.64093;38.05889;       0.63260;3.42986;2
  15.66768;38.06157;       0.63265;3.42985;2
  15.69443;38.06424;       0.63269;3.42984;2
  15.72120;38.06692;       0.63273;3.42983;2
  15.74797;38.06959;       0.63283;3.42982;2
  15.77476;38.07227;       0.63293;3.42981;2
  15.80154;38.07494;       0.63299;3.42980;2
  15.82831;38.07762;       0.63307;3.42979;2
  15.85508;38.08029;       0.63313;3.42977;2
  15.88186;38.08297;       0.63319;3.42976;2
  15.90861;38.08564;       0.63327;3.42975;2
  15.93538;38.08832;       0.63336;3.42974;2
  15.96218;38.09100;       0.63342;3.42973;2
  15.98894;38.09367;       0.63347;3.42972;2
  16.01572;38.09635;       0.63354;3.42971;2
  16.04250;38.09902;       0.63362;3.42970;2
  16.06927;38.10170;       0.63368;3.42969;2
  16.09604;38.10437;       0.63373;3.42967;2
  16.12283;38.10705;       0.63380;3.42966;2
  16.14962;38.10972;       0.63384;3.42965;2
  16.17644;38.11240;       0.63387;3.42964;2
  16.20324;38.11507;       0.63392;3.42963;2
  16.23001;38.11775;       0.63398;3.42962;2
  16.25678;38.12042;       0.63402;3.42961;2
  16.28356;38.12310;       0.63407;3.42960;2
  16.31034;38.12577;       0.63413;3.42958;2
  16.33709;38.12845;       0.63418;3.42957;2
  16.36382;38.13112;       0.63423;3.42956;2
  16.39057;38.13380;       0.63429;3.42955;2
  16.41730;38.13647;       0.63431;3.42954;2
  16.44404;38.13915;       0.63433;3.42953;2
  16.47079;38.14182;       0.63439;3.42952;2
  16.49756;38.14450;       0.63445;3.42951;2
  16.52433;38.14717;       0.63450;3.42950;2
  16.55108;38.14985;       0.63455;3.42948;2
  16.57782;38.15252;       0.63461;3.42947;2
  16.60456;38.15520;       0.63467;3.42946;2
  16.63130;38.15787;       0.63471;3.42945;2
  16.65802;38.16055;       0.63475;3.42944;2
  16.68477;38.16322;       0.63481;3.42943;2
  16.71150;38.16590;       0.63487;3.42942;2
  16.73822;38.16857;       0.63492;3.42941;2
  16.76495;38.17125;       0.63498;3.42939;2
  16.79167;38.17392;       0.63505;3.42938;2
  16.81837;38.17660;       0.63509;3.42937;2
  16.84508;38.17927;       0.63514;3.42936;2
  16.87183;38.18195;       0.63519;3.42935;2
  16.89857;38.18462;       0.63524;3.42934;2
  16.92532;38.18730;       0.63528;3.42933;2
  16.95207;38.18997;       0.63533;3.42932;2
  16.97880;38.19265;       0.63538;3.42930;2
  17.00553;38.19532;       0.63542;3.42929;2
  17.03228;38.19800;       0.63546;3.42928;2
  17.05901;38.20067;       0.63552;3.42927;2
  17.08573;38.20335;       0.63554;3.42926;2
  17.11244;38.20603;       0.63558;3.42925;2
  17.13919;38.20870;       0.63566;3.42924;2
  17.16594;38.21138;       0.63571;3.42923;2
  17.19266;38.21405;       0.63574;3.42921;2
  17.21938;38.21673;       0.63577;3.42920;2
  17.24611;38.21940;       0.63578;3.42919;2
  17.27284;38.22208;       0.63579;3.42918;2
  17.29958;38.22475;       0.63582;3.42917;2
  17.32633;38.22743;       0.63587;3.42916;2
  17.35305;38.23010;       0.63594;3.42915;2
  17.37978;38.23278;       0.63598;3.42913;2
  17.40651;38.23545;       0.63603;3.42912;2
  17.43323;38.23813;       0.63612;3.42911;2
  17.45998;38.24080;       0.63622;3.42910;2
  17.48671;38.24348;       0.63628;3.42909;2
  17.51345;38.24615;       0.63632;3.42908;2
  17.54016;38.24883;       0.63636;3.42907;2
  17.56686;38.25150;       0.63642;3.42906;2
  17.59360;38.25418;       0.63651;3.42904;2
  17.62032;38.25685;       0.63657;3.42903;2
  17.64704;38.25953;       0.63664;3.42902;2
  17.67377;38.26220;       0.63670;3.42901;2
  17.70052;38.26488;       0.63675;3.42900;2
  17.72727;38.26755;       0.63678;3.42899;2
  17.75397;38.27023;       0.63677;3.42898;2
  17.78068;38.27290;       0.63678;3.42896;2
  17.80739;38.27558;       0.63682;3.42895;2
  17.83409;38.27825;       0.63688;3.42894;2
  17.86080;38.28093;       0.63695;3.42893;2
  17.88751;38.28360;       0.63700;3.42892;2
  17.91419;38.28628;       0.63703;3.42891;2
  17.94090;38.28895;       0.63710;3.42890;2
  17.96763;38.29163;       0.63717;3.42888;2
  17.99434;38.29430;       0.63721;3.42887;2
  18.02110;38.29698;       0.63725;3.42886;2
  18.04782;38.29965;       0.63730;3.42885;2
  18.07453;38.30233;       0.63733;3.42884;2
  18.10126;38.30500;       0.63739;3.42883;2
  18.12799;38.30768;       0.63747;3.42882;2
  18.15474;38.31035;       0.63754;3.42880;2
  18.18146;38.31303;       0.63758;3.42879;2
  18.20817;38.31570;       0.63766;3.42878;2
  18.23489;38.31838;       0.63773;3.42877;2
  18.26159;38.32106;       0.63778;3.42876;2
  18.28830;38.32373;       0.63784;3.42875;2
  18.31503;38.32641;       0.63791;3.42874;2
  18.34177;38.32908;       0.63799;3.42872;2
  18.36851;38.33176;       0.63804;3.42871;2
  18.39525;38.33443;       0.63803;3.42870;2
  18.42197;38.33711;       0.63803;3.42869;2
  18.44867;38.33978;       0.63804;3.42868;2
  18.47540;38.34246;       0.63804;3.42867;2
  18.50213;38.34513;       0.63805;3.42865;2
  18.52885;38.34781;       0.63808;3.42864;2
  18.55557;38.35048;       0.63814;3.42863;2
  18.58232;38.35316;       0.63821;3.42862;2
  18.60907;38.35583;       0.63828;3.42861;2
  18.63579;38.35851;       0.63834;3.42860;2
  18.66252;38.36118;       0.63843;3.42859;2
  18.68928;38.36386;       0.63851;3.42857;2
  18.71603;38.36653;       0.63858;3.42856;2
  18.74276;38.36921;       0.63866;3.42855;2
  18.76948;38.37188;       0.63873;3.42854;2
  18.79620;38.37456;       0.63877;3.42853;2
  18.82293;38.37723;       0.63878;3.42852;2
  18.84969;38.37991;       0.63879;3.42850;2
  18.87644;38.38258;       0.63882;3.42849;2
  18.90316;38.38526;       0.63886;3.42848;2
  18.92987;38.38793;       0.63891;3.42847;2
  18.95659;38.39061;       0.63895;3.42846;2
  18.98331;38.39328;       0.63899;3.42845;2
  19.01003;38.39596;       0.63907;3.42844;2
  19.03678;38.39863;       0.63914;3.42842;2
  19.06352;38.40131;       0.63920;3.42841;2
  19.09022;38.40398;       0.63927;3.42840;2
  19.11695;38.40666;       0.63929;3.42839;2
  19.14369;38.40933;       0.63927;3.42838;2
  19.17042;38.41201;       0.63929;3.42837;2
  19.19714;38.41468;       0.63939;3.42835;2
  19.22387;38.41736;       0.63947;3.42834;2
  19.25062;38.42003;       0.63953;3.42833;2
  19.27735;38.42271;       0.63960;3.42832;2
  19.30407;38.42538;       0.63967;3.42831;2
  19.33081;38.42806;       0.63976;3.42830;2
  19.35756;38.43074;       0.63983;3.42828;2
  19.38433;38.43341;       0.63988;3.42827;2
  19.41109;38.43609;       0.63992;3.42826;2
  19.43786;38.43876;       0.63994;3.42825;2
  19.46463;38.44144;       0.63997;3.42824;2
  19.49137;38.44411;       0.64004;3.42823;2
  19.51812;38.44679;       0.64010;3.42821;2
  19.54489;38.44946;       0.64018;3.42820;2
  19.57170;38.45214;       0.64024;3.42819;2
  19.59850;38.45481;       0.64030;3.42818;2
  19.62527;38.45749;       0.64040;3.42817;2
  19.65204;38.46016;       0.64046;3.42816;2
  19.67882;38.46284;       0.64054;3.42814;2
  19.70558;38.46551;       0.64063;3.42813;2
  19.73235;38.46819;       0.64069;3.42812;2
  19.75914;38.47086;       0.64073;3.42811;2
  19.78590;38.47354;       0.64078;3.42810;2
  19.81266;38.47621;       0.64084;3.42809;2
  19.83945;38.47889;       0.64088;3.42807;2
  19.86625;38.48156;       0.64092;3.42806;2
  19.89302;38.48424;       0.64098;3.42805;2
  19.91980;38.48691;       0.64105;3.42804;2
  19.94660;38.48959;       0.64113;3.42803;2
  19.97340;38.49226;       0.64122;3.42801;2
  20.00020;38.49494;       0.64131;3.42800;2
  20.02700;38.49761;       0.64138;3.42799;2
  20.05374;38.50029;       0.64144;3.42798;2
  20.08053;38.50296;       0.64151;3.42797;2
  20.10734;38.50564;       0.64158;3.42796;2
  20.13415;38.50831;       0.64165;3.42794;2
  20.16093;38.51099;       0.64170;3.42793;2
  20.18772;38.51366;       0.64176;3.42792;2
  20.21450;38.51634;       0.64185;3.42791;2
  20.24130;38.51901;       0.64193;3.42790;2
  20.26812;38.52169;       0.64200;3.42789;2
  20.29493;38.52436;       0.64205;3.42787;2
  20.32173;38.52704;       0.64209;3.42786;2
  20.34851;38.52971;       0.64215;3.42785;2
  20.37528;38.53239;       0.64220;3.42784;2
  20.40206;38.53506;       0.64224;3.42783;2
  20.42884;38.53774;       0.64227;3.42781;2
  20.45561;38.54041;       0.64234;3.42780;2
  20.48242;38.54309;       0.64242;3.42779;2
  20.50922;38.54577;       0.64248;3.42778;2
  20.53600;38.54844;       0.64255;3.42777;2
  20.56279;38.55112;       0.64261;3.42776;2
  20.58956;38.55379;       0.64268;3.42774;2
  20.61632;38.55647;       0.64276;3.42773;2
  20.64309;38.55914;       0.64282;3.42772;2
  20.66987;38.56182;       0.64286;3.42771;2
  20.69665;38.56449;       0.64292;3.42770;2
  20.72341;38.56717;       0.64299;3.42768;2
  20.75018;38.56984;       0.64307;3.42767;2
  20.77697;38.57252;       0.64315;3.42766;2
  20.80377;38.57519;       0.64322;3.42765;2
  20.83055;38.57787;       0.64331;3.42764;2
  20.85733;38.58054;       0.64337;3.42762;2
  20.88410;38.58322;       0.64341;3.42761;2
  20.91086;38.58589;       0.64346;3.42760;2
  20.93763;38.58857;       0.64351;3.42759;2
  20.96440;38.59124;       0.64358;3.42758;2
  20.99117;38.59392;       0.64366;3.42756;2
  21.01797;38.59659;       0.64373;3.42755;2
  21.04477;38.59927;       0.64379;3.42754;2
  21.07154;38.60194;       0.64383;3.42753;2
  21.09830;38.60462;       0.64384;3.42752;2
  21.12507;38.60729;       0.64390;3.42751;2
  21.15185;38.60997;       0.64398;3.42749;2
  21.17862;38.61264;       0.64407;3.42748;2
  21.20539;38.61532;       0.64414;3.42747;2
  21.23217;38.61799;       0.64418;3.42746;2
  21.25894;38.62067;       0.64424;3.42745;2
  21.28571;38.62334;       0.64430;3.42743;2
  21.31247;38.62602;       0.64435;3.42742;2
  21.33924;38.62869;       0.64441;3.42741;2
  21.36601;38.63137;       0.64446;3.42740;2
  21.39274;38.63404;       0.64450;3.42739;2
  21.41948;38.63672;       0.64456;3.42737;2
  21.44624;38.63939;       0.64463;3.42736;2
  21.47300;38.64207;       0.64470;3.42735;2
  21.49975;38.64474;       0.64477;3.42734;2
  21.52652;38.64742;       0.64483;3.42733;2
  21.55329;38.65009;       0.64485;3.42731;2
  21.58001;38.65277;       0.64490;3.42730;2
  21.60672;38.65544;       0.64494;3.42729;2
  21.63344;38.65812;       0.64497;3.42728;2
  21.66018;38.66080;       0.64502;3.42727;2
  21.68694;38.66347;       0.64506;3.42725;2
  21.71369;38.66615;       0.64509;3.42724;2
  21.74043;38.66882;       0.64511;3.42723;2
  21.76717;38.67150;       0.64515;3.42722;2
  21.79389;38.67417;       0.64520;3.42721;2
  21.82065;38.67685;       0.64526;3.42719;2
  21.84741;38.67952;       0.64532;3.42718;2
  21.87414;38.68220;       0.64538;3.42717;2
  21.90088;38.68487;       0.64542;3.42716;2
  21.92761;38.68755;       0.64546;3.42715;2
  21.95433;38.69022;       0.64552;3.42713;2
  21.98107;38.69290;       0.64556;3.42712;2
  22.00780;38.69557;       0.64561;3.42711;2
  22.03451;38.69825;       0.64566;3.42710;2
  22.06125;38.70092;       0.64571;3.42709;2
  22.08798;38.70360;       0.64576;3.42707;2
  22.11471;38.70627;       0.64580;3.42706;2
  22.14141;38.70895;       0.64584;3.42705;2
  22.16811;38.71162;       0.64588;3.42704;2
  22.19483;38.71430;       0.64592;3.42702;2
  22.22154;38.71697;       0.64595;3.42701;2
  22.24826;38.71965;       0.64600;3.42700;2
  22.27495;38.72232;       0.64606;3.42699;2
  22.30162;38.72500;       0.64611;3.42698;2
  22.32832;38.72767;       0.64617;3.42696;2
  22.35501;38.73035;       0.64622;3.42695;2
  22.38173;38.73302;       0.64625;3.42694;2
  22.40844;38.73570;       0.64630;3.42693;2
  22.43514;38.73837;       0.64635;3.42692;2
  22.46184;38.74105;       0.64638;3.42690;2
  22.48856;38.74372;       0.64641;3.42689;2
  22.51527;38.74640;       0.64645;3.42688;2
  22.54198;38.74907;       0.64651;3.42687;2
  22.56869;38.75175;       0.64657;3.42686;2
  22.59541;38.75442;       0.64661;3.42684;2
  22.62215;38.75710;       0.64664;3.42683;2
  22.64884;38.75977;       0.64668;3.42682;2
  22.67556;38.76245;       0.64671;3.42681;2
  22.70229;38.76512;       0.64676;3.42679;2
  22.72901;38.76780;       0.64682;3.42678;2
  22.75572;38.77047;       0.64688;3.42677;2
  22.78244;38.77315;       0.64694;3.42676;2
  22.80915;38.77583;       0.64698;3.42675;2
  22.83586;38.77850;       0.64703;3.42673;2
  22.86260;38.78118;       0.64708;3.42672;2
  22.88932;38.78385;       0.64712;3.42671;2
  22.91604;38.78653;       0.64717;3.42670;2
  22.94277;38.78920;       0.64723;3.42669;2
  22.96950;38.79188;       0.64729;3.42667;2
  22.99623;38.79455;       0.64734;3.42666;2
  23.02295;38.79723;       0.64744;3.42665;2
  23.04964;38.79990;       0.64753;3.42664;2
  23.07633;38.80258;       0.64759;3.42662;2
  23.10305;38.80525;       0.64765;3.42661;2
  23.12977;38.80793;       0.64770;3.42660;2
  23.15650;38.81060;       0.64774;3.42659;2
  23.18324;38.81328;       0.64779;3.42657;2
  23.20998;38.81595;       0.64781;3.42656;2
  23.23672;38.81863;       0.64784;3.42655;2
  23.26344;38.82130;       0.64787;3.42654;2
  23.29016;38.82398;       0.64788;3.42653;2
  23.31688;38.82665;       0.64790;3.42651;2
  23.34361;38.82933;       0.64795;3.42650;2
  23.37034;38.83200;       0.64801;3.42649;2
  23.39708;38.83468;       0.64807;3.42648;2
  23.42381;38.83735;       0.64815;3.42646;2
  23.45052;38.84003;       0.64822;3.42645;2
  23.47723;38.84270;       0.64829;3.42644;2
  23.50396;38.84538;       0.64833;3.42643;2
  23.53067;38.84805;       0.64834;3.42642;2
  23.55738;38.85073;       0.64836;3.42640;2
  23.58410;38.85340;       0.64840;3.42639;2
  23.61083;38.85608;       0.64849;3.42638;2
  23.63756;38.85875;       0.64860;3.42637;2
  23.66428;38.86143;       0.64869;3.42635;2
  23.69101;38.86410;       0.64877;3.42634;2
  23.71772;38.86678;       0.64883;3.42633;2
  23.74444;38.86945;       0.64887;3.42632;2
  23.77115;38.87213;       0.64893;3.42630;2
  23.79784;38.87480;       0.64901;3.42629;2
  23.82457;38.87748;       0.64909;3.42628;2
  23.85130;38.88015;       0.64917;3.42627;2
  23.87805;38.88283;       0.64925;3.42626;2
  23.90478;38.88550;       0.64930;3.42624;2
  23.93150;38.88818;       0.64933;3.42623;2
  23.95825;38.89086;       0.64940;3.42622;2
  23.98500;38.89353;       0.64946;3.42621;2
  24.01174;38.89621;       0.64951;3.42619;2
  24.03850;38.89888;       0.64957;3.42618;2
  24.06525;38.90156;       0.64962;3.42617;2
  24.09197;38.90423;       0.64967;3.42616;2
  24.11870;38.90691;       0.64972;3.42614;2
  24.14543;38.90958;       0.64979;3.42613;2
  24.17218;38.91226;       0.64989;3.42612;2
  24.19892;38.91493;       0.64999;3.42611;2
  24.22567;38.91761;       0.65007;3.42609;2
  24.25243;38.92028;       0.65013;3.42608;2
  24.27917;38.92296;       0.65021;3.42607;2
  24.30592;38.92563;       0.65029;3.42606;2
  24.33270;38.92831;       0.65036;3.42604;2
  24.35945;38.93098;       0.65040;3.42603;2
  24.38623;38.93366;       0.65042;3.42602;2
  24.41299;38.93633;       0.65042;3.42601;2
  24.43975;38.93901;       0.65044;3.42599;2
  24.46651;38.94168;       0.65050;3.42598;2
  24.49327;38.94436;       0.65060;3.42597;2
  24.52006;38.94703;       0.65071;3.42596;2
  24.54683;38.94971;       0.65080;3.42595;2
  24.57361;38.95238;       0.65087;3.42593;2
  24.60037;38.95506;       0.65094;3.42592;2
  24.62712;38.95773;       0.65099;3.42591;2
  24.65388;38.96041;       0.65105;3.42590;2
  24.68065;38.96308;       0.65110;3.42588;2
  24.70741;38.96576;       0.65115;3.42587;2
  24.73415;38.96843;       0.65123;3.42586;2
  24.76089;38.97111;       0.65132;3.42584;2
  24.78768;38.97378;       0.65139;3.42583;2
  24.81444;38.97646;       0.65146;3.42582;2
  24.84121;38.97913;       0.65152;3.42581;2
  24.86797;38.98181;       0.65157;3.42579;2
  24.89472;38.98448;       0.65164;3.42578;2
  24.92149;38.98716;       0.65170;3.42577;2
  24.94827;38.98983;       0.65176;3.42576;2
  24.97504;38.99251;       0.65182;3.42574;2
  25.00182;38.99518;       0.65188;3.42573;2
  25.02860;38.99786;       0.65195;3.42572;2
  25.05540;39.00054;       0.65201;3.42571;2
  25.08221;39.00321;       0.65209;3.42569;2
  25.10898;39.00589;       0.65218;3.42568;2
  25.13574;39.00856;       0.65227;3.42567;2
  25.16252;39.01124;       0.65237;3.42566;2
  25.18931;39.01391;       0.65249;3.42564;2
  25.21608;39.01659;       0.65258;3.42563;2
  25.24285;39.01926;       0.65266;3.42562;2
  25.26963;39.02194;       0.65273;3.42561;2
  25.29640;39.02461;       0.65277;3.42559;2
  25.32317;39.02729;       0.65283;3.42558;2
  25.34996;39.02996;       0.65290;3.42557;2
  25.37674;39.03264;       0.65302;3.42556;2
  25.40353;39.03531;       0.65313;3.42554;2
  25.43032;39.03799;       0.65321;3.42553;2
  25.45712;39.04066;       0.65331;3.42552;2
  25.48392;39.04334;       0.65337;3.42551;2
  25.51071;39.04601;       0.65343;3.42549;2
  25.53750;39.04869;       0.65350;3.42548;2
  25.56430;39.05136;       0.65357;3.42547;2
  25.59110;39.05404;       0.65364;3.42546;2
  25.61788;39.05671;       0.65369;3.42544;2
  25.64469;39.05939;       0.65373;3.42543;2
  25.67151;39.06206;       0.65378;3.42542;2
  25.69833;39.06474;       0.65386;3.42540;2
  25.72514;39.06741;       0.65392;3.42539;2
  25.75196;39.07009;       0.65399;3.42538;2
  25.77876;39.07276;       0.65406;3.42537;2
  25.80557;39.07544;       0.65412;3.42535;2
  25.83239;39.07811;       0.65418;3.42534;2
  25.85917;39.08079;       0.65425;3.42533;2
  25.88596;39.08346;       0.65435;3.42532;2
  25.91274;39.08614;       0.65442;3.42530;2
  25.93951;39.08881;       0.65450;3.42529;2
  25.96629;39.09149;       0.65456;3.42528;2
  25.99307;39.09416;       0.65459;3.42527;2
  26.01985;39.09684;       0.65464;3.42525;2
  26.04661;39.09951;       0.65471;3.42524;2
  26.07337;39.10219;       0.65479;3.42523;2
  26.10013;39.10486;       0.65488;3.42521;2
  26.12691;39.10754;       0.65497;3.42520;2
  26.15369;39.11021;       0.65506;3.42519;2
  26.18047;39.11289;       0.65515;3.42518;2
  26.20725;39.11557;       0.65525;3.42516;2
  26.23404;39.11824;       0.65533;3.42515;2
  26.26082;39.12092;       0.65536;3.42514;2
  26.28761;39.12359;       0.65542;3.42512;2
  26.31441;39.12627;       0.65546;3.42511;2
  26.34119;39.12894;       0.65552;3.42510;2
  26.36796;39.13162;       0.65562;3.42509;2
  26.39475;39.13429;       0.65570;3.42507;2
  26.42152;39.13697;       0.65576;3.42506;2
  26.44831;39.13964;       0.65586;3.42505;2
  26.47509;39.14232;       0.65595;3.42504;2
  26.50188;39.14499;       0.65603;3.42502;2
  26.52867;39.14767;       0.65609;3.42501;2
  26.55544;39.15034;       0.65617;3.42500;2
  26.58220;39.15302;       0.65624;3.42498;2
  26.60896;39.15569;       0.65629;3.42497;2
  26.63575;39.15837;       0.65635;3.42496;2
  26.66255;39.16104;       0.65640;3.42495;2
  26.68931;39.16372;       0.65643;3.42493;2
  26.71608;39.16639;       0.65647;3.42492;2
  26.74285;39.16907;       0.65650;3.42491;2
  26.76963;39.17174;       0.65653;3.42489;2
  26.79643;39.17442;       0.65656;3.42488;2
  26.82319;39.17709;       0.65660;3.42487;2
  26.84997;39.17977;       0.65665;3.42486;2
  26.87675;39.18244;       0.65671;3.42484;2
  26.90353;39.18512;       0.65677;3.42483;2
  26.93031;39.18779;       0.65685;3.42482;2
  26.95707;39.19047;       0.65697;3.42481;2
  26.98383;39.19314;       0.65704;3.42479;2
  27.01059;39.19582;       0.65707;3.42478;2
  27.03735;39.19849;       0.65710;3.42477;2
  27.06407;39.20117;       0.65715;3.42475;2
  27.09078;39.20384;       0.65718;3.42474;2
  27.11752;39.20652;       0.65724;3.42473;2
  27.14428;39.20919;       0.65729;3.42471;2
  27.17103;39.21187;       0.65735;3.42470;2
  27.19778;39.21454;       0.65741;3.42469;2
  27.22451;39.21722;       0.65747;3.42468;2
  27.25124;39.21989;       0.65753;3.42466;2
  27.27797;39.22257;       0.65759;3.42465;2
  27.30470;39.22524;       0.65766;3.42464;2
  27.33144;39.22792;       0.65772;3.42463;2
  27.35818;39.23060;       0.65776;3.42461;2
  27.38490;39.23327;       0.65778;3.42460;2
  27.41161;39.23595;       0.65781;3.42459;2
  27.43831;39.23862;       0.65785;3.42457;2
  27.46503;39.24130;       0.65788;3.42456;2
  27.49176;39.24397;       0.65795;3.42455;2
  27.51848;39.24665;       0.65801;3.42453;2
  27.54521;39.24932;       0.65809;3.42452;2
  27.57194;39.25200;       0.65820;3.42451;2
  27.59867;39.25467;       0.65830;3.42450;2
  27.62541;39.25735;       0.65838;3.42448;2
  27.65214;39.26002;       0.65848;3.42447;2
  27.67885;39.26270;       0.65856;3.42446;2
  27.70555;39.26537;       0.65861;3.42444;2
  27.73225;39.26805;       0.65864;3.42443;2
  27.75897;39.27072;       0.65870;3.42442;2
  27.78568;39.27340;       0.65876;3.42441;2
  27.81239;39.27607;       0.65881;3.42439;2
  27.83911;39.27875;       0.65887;3.42438;2
  27.86584;39.28142;       0.65894;3.42437;2
  27.89259;39.28410;       0.65902;3.42435;2
  27.91931;39.28677;       0.65910;3.42434;2
  27.94604;39.28945;       0.65915;3.42433;2
  27.97280;39.29212;       0.65920;3.42431;2
  27.99954;39.29480;       0.65926;3.42430;2
  28.02629;39.29747;       0.65935;3.42429;2
  28.05305;39.30015;       0.65941;3.42428;2
  28.07981;39.30282;       0.65946;3.42426;2
  28.10656;39.30550;       0.65950;3.42425;2
  28.13331;39.30817;       0.65956;3.42424;2
  28.16005;39.31085;       0.65961;3.42422;2
  28.18681;39.31352;       0.65967;3.42421;2
  28.21357;39.31620;       0.65973;3.42420;2
  28.24029;39.31887;       0.65979;3.42418;2
  28.26700;39.32155;       0.65982;3.42417;2
  28.29372;39.32422;       0.65983;3.42416;2
  28.32044;39.32690;       0.65989;3.42415;2
  28.34716;39.32957;       0.65996;3.42413;2
  28.37388;39.33225;       0.65998;3.42412;2
  28.40060;39.33492;       0.65998;3.42411;2
  28.42731;39.33760;       0.66002;3.42409;2
  28.45401;39.34027;       0.66010;3.42408;2
  28.48073;39.34295;       0.66018;3.42407;2
  28.50745;39.34563;       0.66025;3.42405;2
  28.53417;39.34830;       0.66033;3.42404;2
  28.56089;39.35098;       0.66041;3.42403;2
  28.58760;39.35365;       0.66049;3.42401;2
  28.61434;39.35633;       0.66056;3.42400;2
  28.64109;39.35900;       0.66062;3.42399;2
  28.66780;39.36168;       0.66070;3.42398;2
  28.69450;39.36435;       0.66078;3.42396;2
  28.72120;39.36703;       0.66085;3.42395;2
  28.74792;39.36970;       0.66090;3.42394;2
  28.77465;39.37238;       0.66095;3.42392;2
  28.80137;39.37505;       0.66100;3.42391;2
  28.82807;39.37773;       0.66103;3.42390;2
  28.85480;39.38040;       0.66108;3.42388;2
  28.88153;39.38308;       0.66115;3.42387;2
  28.90823;39.38575;       0.66123;3.42386;2
  28.93495;39.38843;       0.66130;3.42384;2
  28.96169;39.39110;       0.66137;3.42383;2
  28.98842;39.39378;       0.66144;3.42382;2
  29.01515;39.39645;       0.66153;3.42380;2
  29.04189;39.39913;       0.66163;3.42379;2
  29.06864;39.40180;       0.66173;3.42378;2
  29.09541;39.40448;       0.66182;3.42377;2
  29.12218;39.40715;       0.66191;3.42375;2
  29.14893;39.40983;       0.66196;3.42374;2
  29.17568;39.41250;       0.66198;3.42373;2
  29.20242;39.41518;       0.66199;3.42371;2
  29.22917;39.41785;       0.66203;3.42370;2
  29.25592;39.42053;       0.66209;3.42369;2
  29.28265;39.42320;       0.66217;3.42367;2
  29.30941;39.42588;       0.66226;3.42366;2
  29.33618;39.42855;       0.66235;3.42365;2
  29.36292;39.43123;       0.66242;3.42363;2
  29.38968;39.43390;       0.66248;3.42362;2
  29.41644;39.43658;       0.66258;3.42361;2
  29.44321;39.43925;       0.66268;3.42359;2
  29.46999;39.44193;       0.66274;3.42358;2
  29.49674;39.44460;       0.66278;3.42357;2
  29.52347;39.44728;       0.66285;3.42355;2
  29.55025;39.44995;       0.66289;3.42354;2
  29.57702;39.45263;       0.66296;3.42353;2
  29.60378;39.45530;       0.66306;3.42351;2
  29.63054;39.45798;       0.66314;3.42350;2
  29.65728;39.46066;       0.66318;3.42349;2
  29.68408;39.46333;       0.66324;3.42347;2
  29.71087;39.46601;       0.66330;3.42346;2
  29.73766;39.46868;       0.66336;3.42345;2
  29.76446;39.47136;       0.66345;3.42343;2
  29.79120;39.47403;       0.66351;3.42342;2
  29.81796;39.47671;       0.66357;3.42341;2
  29.84472;39.47938;       0.66363;3.42339;2
  29.87148;39.48206;       0.66366;3.42338;2
  29.89824;39.48473;       0.66369;3.42337;2
  29.92498;39.48741;       0.66378;3.42336;2
  29.95174;39.49008;       0.66390;3.42334;2
  29.97849;39.49276;       0.66404;3.42333;2
  30.00525;39.49543;       0.66415;3.42332;2
  30.03200;39.49811;       0.66424;3.42330;2
  30.05873;39.50078;       0.66434;3.42329;2
  30.08548;39.50346;       0.66439;3.42328;2
  30.11222;39.50613;       0.66442;3.42326;2
  30.13898;39.50881;       0.66448;3.42325;2
  30.16574;39.51148;       0.66458;3.42324;2
  30.19248;39.51416;       0.66469;3.42322;2
  30.21922;39.51683;       0.66477;3.42321;2
  30.24596;39.51951;       0.66485;3.42320;2
  30.27272;39.52218;       0.66494;3.42318;2
  30.29949;39.52486;       0.66501;3.42317;2
  30.32625;39.52753;       0.66511;3.42315;2
  30.35299;39.53021;       0.66524;3.42314;2
  30.37976;39.53288;       0.66536;3.42313;2
  30.40653;39.53556;       0.66544;3.42312;2
  30.43329;39.53823;       0.66546;3.42310;2
  30.46005;39.54091;       0.66547;3.42309;2
  30.48681;39.54358;       0.66553;3.42307;2
  30.51356;39.54626;       0.66562;3.42306;2
  30.54031;39.54893;       0.66571;3.42305;2
  30.56708;39.55161;       0.66578;3.42303;2
  30.59385;39.55428;       0.66584;3.42302;2
  30.62061;39.55696;       0.66592;3.42301;2
  30.64734;39.55963;       0.66599;3.42299;2
  30.67408;39.56231;       0.66608;3.42298;2
  30.70084;39.56498;       0.66619;3.42297;2
  30.72758;39.56766;       0.66628;3.42295;2
  30.75436;39.57034;       0.66636;3.42294;2
  30.78112;39.57301;       0.66646;3.42293;2
  30.80787;39.57569;       0.66653;3.42291;2
  30.83463;39.57836;       0.66655;3.42290;2
  30.86140;39.58104;       0.66658;3.42289;2
  30.88813;39.58371;       0.66664;3.42287;2
  30.91486;39.58639;       0.66674;3.42286;2
  30.94160;39.58906;       0.66685;3.42285;2
  30.96833;39.59174;       0.66693;3.42283;2
  30.99503;39.59441;       0.66697;3.42282;2
  31.02174;39.59709;       0.66704;3.42281;2
  31.04846;39.59976;       0.66710;3.42279;2
  31.07517;39.60244;       0.66719;3.42278;2
  31.10187;39.60511;       0.66728;3.42277;2
  31.12858;39.60779;       0.66735;3.42275;2
  31.15529;39.61046;       0.66742;3.42274;2
  31.18197;39.61314;       0.66748;3.42273;2
  31.20868;39.61581;       0.66755;3.42271;2
  31.23539;39.61849;       0.66760;3.42270;2
  31.26209;39.62116;       0.66766;3.42268;2
  31.28879;39.62384;       0.66772;3.42267;2
  31.31553;39.62651;       0.66777;3.42266;2
  31.34224;39.62919;       0.66783;3.42264;2
  31.36893;39.63186;       0.66789;3.42263;2
  31.39562;39.63454;       0.66795;3.42262;2
  31.42232;39.63721;       0.66802;3.42260;2
  31.44901;39.63989;       0.66809;3.42259;2
  31.47571;39.64256;       0.66814;3.42258;2
  31.50241;39.64524;       0.66820;3.42256;2
  31.52911;39.64791;       0.66829;3.42255;2
  31.55584;39.65059;       0.66838;3.42254;2
  31.58250;39.65326;       0.66850;3.42252;2
  31.60915;39.65594;       0.66863;3.42251;2
  31.63583;39.65861;       0.66872;3.42250;2
  31.66250;39.66129;       0.66874;3.42248;2
  31.68918;39.66396;       0.66874;3.42247;2
  31.71584;39.66664;       0.66877;3.42246;2
  31.74252;39.66931;       0.66880;3.42244;2
  31.76919;39.67199;       0.66883;3.42243;2
  31.79585;39.67466;       0.66887;3.42241;2
  31.82256;39.67734;       0.66892;3.42240;2
  31.84926;39.68001;       0.66896;3.42239;2
  31.87594;39.68269;       0.66898;3.42237;2
  31.90261;39.68537;       0.66898;3.42236;2
  31.92929;39.68804;       0.66897;3.42235;2
  31.95599;39.69072;       0.66890;3.42233;2
  31.98268;39.69339;       0.66882;3.42232;2
  32.00937;39.69607;       0.66873;3.42231;2
  32.03607;39.69874;       0.66864;3.42229;2
  32.06276;39.70142;       0.66855;3.42228;2
  32.08947;39.70409;       0.66848;3.42227;2
  32.11617;39.70677;       0.66841;3.42225;2
  32.14285;39.70944;       0.66836;3.42224;2
  32.16953;39.71212;       0.66833;3.42222;2
  32.19622;39.71479;       0.66829;3.42221;2
  32.22291;39.71747;       0.66824;3.42220;2
  32.24961;39.72014;       0.66822;3.42218;2
  32.27630;39.72282;       0.66819;3.42217;2
  32.30300;39.72549;       0.66820;3.42216;2
  32.32973;39.72817;       0.66824;3.42214;2
  32.35646;39.73084;       0.66826;3.42213;2
  32.38320;39.73352;       0.66830;3.42212;2
  32.40991;39.73619;       0.66835;3.42210;2
  32.43663;39.73887;       0.66840;3.42209;2
  32.46337;39.74154;       0.66848;3.42207;2
  32.49012;39.74422;       0.66858;3.42206;2
  32.51686;39.74689;       0.66866;3.42205;2
  32.54361;39.74957;       0.66879;3.42203;2
  32.57035;39.75224;       0.66893;3.42202;2
  32.59708;39.75492;       0.66903;3.42201;2
  32.62382;39.75759;       0.66913;3.42199;2
  32.65052;39.76027;       0.66926;3.42198;2
  32.67726;39.76294;       0.66943;3.42196;2
  32.70399;39.76562;       0.66961;3.42195;2
  32.73071;39.76829;       0.66979;3.42194;2
  32.75749;39.77097;       0.66997;3.42192;2
  32.78425;39.77364;       0.67016;3.42191;2
  32.81101;39.77632;       0.67031;3.42190;2
  32.83776;39.77899;       0.67046;3.42188;2
  32.86453;39.78167;       0.67062;3.42187;2
  32.89132;39.78434;       0.67075;3.42185;2
  32.91810;39.78702;       0.67090;3.42184;2
  32.94484;39.78969;       0.67107;3.42183;2
  32.97160;39.79237;       0.67123;3.42181;2
  32.99838;39.79504;       0.67138;3.42180;2
  33.02517;39.79772;       0.67157;3.42179;2
  33.05197;39.80040;       0.67184;3.42177;2
  33.07876;39.80307;       0.67210;3.42176;2
  33.10555;39.80575;       0.67235;3.42174;2
  33.13235;39.80842;       0.67260;3.42173;2
  33.15915;39.81110;       0.67283;3.42172;2
  33.18595;39.81377;       0.67307;3.42170;2
  33.21276;39.81645;       0.67327;3.42169;2
  33.23956;39.81912;       0.67348;3.42167;2
  33.26635;39.82180;       0.67369;3.42166;2
  33.29318;39.82447;       0.67389;3.42165;2
  33.32000;39.82715;       0.67411;3.42163;2
  33.34680;39.82982;       0.67431;3.42162;2
  33.37359;39.83250;       0.67452;3.42161;2
  33.40040;39.83517;       0.67475;3.42159;2
  33.42721;39.83785;       0.67498;3.42158;2
  33.45404;39.84052;       0.67522;3.42156;2
  33.48087;39.84320;       0.67546;3.42155;2
  33.50767;39.84587;       0.67573;3.42154;2
  33.53449;39.84855;       0.67598;3.42152;2
  33.56133;39.85122;       0.67622;3.42151;2
  33.58812;39.85390;       0.67644;3.42149;2
  33.61495;39.85657;       0.67664;3.42148;2
  33.64180;39.85925;       0.67687;3.42147;2
  33.66866;39.86192;       0.67712;3.42145;2
  33.69551;39.86460;       0.67736;3.42144;2
  33.72233;39.86727;       0.67758;3.42143;2
  33.74917;39.86995;       0.67781;3.42141;2
  33.77599;39.87262;       0.67805;3.42140;2
  33.80280;39.87530;       0.67830;3.42138;2
  33.82964;39.87797;       0.67853;3.42137;2
  33.85648;39.88065;       0.67875;3.42136;2
  33.88330;39.88332;       0.67896;3.42134;2
  33.91016;39.88600;       0.67917;3.42133;2
  33.93704;39.88867;       0.67937;3.42131;2
  33.96390;39.89135;       0.67957;3.42130;2
  33.99075;39.89402;       0.67978;3.42129;2
  34.01762;39.89670;       0.68000;3.42127;2
  34.04447;39.89937;       0.68024;3.42126;2
  34.07132;39.90205;       0.68046;3.42124;2
  34.09817;39.90472;       0.68067;3.42123;2
  34.12503;39.90740;       0.68090;3.42122;2
  34.15189;39.91007;       0.68111;3.42120;2
  34.17874;39.91275;       0.68133;3.42119;2
  34.20559;39.91543;       0.68156;3.42117;2
  34.23245;39.91810;       0.68179;3.42116;2
  34.25930;39.92078;       0.68199;3.42115;2
  34.28617;39.92345;       0.68219;3.42113;2
  34.31303;39.92613;       0.68238;3.42112;2
  34.33987;39.92880;       0.68257;3.42110;2
  34.36669;39.93148;       0.68277;3.42109;2
  34.39351;39.93415;       0.68295;3.42108;2
  34.42033;39.93683;       0.68311;3.42106;2
  34.44714;39.93950;       0.68326;3.42105;2
  34.47396;39.94218;       0.68345;3.42103;2
  34.50078;39.94485;       0.68367;3.42102;2
  34.52758;39.94753;       0.68389;3.42101;2
  34.55441;39.95020;       0.68411;3.42099;2
  34.58121;39.95288;       0.68434;3.42098;2
  34.60803;39.95555;       0.68456;3.42096;2
  34.63487;39.95823;       0.68474;3.42095;2
  34.66169;39.96090;       0.68487;3.42093;2
  34.68853;39.96358;       0.68504;3.42092;2
  34.71536;39.96625;       0.68519;3.42091;2
  34.74219;39.96893;       0.68536;3.42089;2
  34.76902;39.97160;       0.68557;3.42088;2
  34.79583;39.97428;       0.68578;3.42086;2
  34.82265;39.97695;       0.68601;3.42085;2
  34.84945;39.97963;       0.68622;3.42084;2
  34.87626;39.98230;       0.68644;3.42082;2
  34.90307;39.98498;       0.68665;3.42081;2
  34.92986;39.98765;       0.68679;3.42079;2
  34.95668;39.99033;       0.68693;3.42078;2
  34.98350;39.99300;       0.68710;3.42077;2
  35.01033;39.99568;       0.68728;3.42075;2
  35.03715;39.99835;       0.68745;3.42074;2
  35.06394;40.00103;       0.68762;3.42072;2
  35.09073;40.00370;       0.68780;3.42071;2
  35.11754;40.00638;       0.68799;3.42069;2
  35.14434;40.00905;       0.68817;3.42068;2
  35.17112;40.01173;       0.68835;3.42067;2
  35.19792;40.01440;       0.68853;3.42065;2
  35.22473;40.01708;       0.68872;3.42064;2
  35.25150;40.01975;       0.68891;3.42062;2
  35.27829;40.02243;       0.68906;3.42061;2
  35.30509;40.02510;       0.68920;3.42060;2
  35.33187;40.02778;       0.68936;3.42058;2
  35.35866;40.03046;       0.68953;3.42057;2
  35.38545;40.03313;       0.68973;3.42055;2
  35.41226;40.03581;       0.68994;3.42054;2
  35.43905;40.03848;       0.69013;3.42053;2
  35.46582;40.04116;       0.69028;3.42051;2
  35.49259;40.04383;       0.69043;3.42050;2
  35.51937;40.04651;       0.69056;3.42048;2
  35.54616;40.04918;       0.69069;3.42047;2
  35.57293;40.05186;       0.69081;3.42045;2
  35.59968;40.05453;       0.69096;3.42044;2
  35.62645;40.05721;       0.69112;3.42043;2
  35.65324;40.05988;       0.69123;3.42041;2
  35.68001;40.06256;       0.69135;3.42040;2
  35.70676;40.06523;       0.69148;3.42038;2
  35.73351;40.06791;       0.69161;3.42037;2
  35.76027;40.07058;       0.69173;3.42035;2
  35.78702;40.07326;       0.69185;3.42034;2
  35.81377;40.07593;       0.69199;3.42033;2
  35.84054;40.07861;       0.69213;3.42031;2
  35.86731;40.08128;       0.69225;3.42030;2
  35.89404;40.08396;       0.69237;3.42028;2
  35.92081;40.08663;       0.69252;3.42027;2
  35.94756;40.08931;       0.69267;3.42026;2
  35.97426;40.09198;       0.69281;3.42024;2
  36.00097;40.09466;       0.69296;3.42023;2
  36.02771;40.09733;       0.69310;3.42021;2
  36.05443;40.10001;       0.69322;3.42020;2
  36.08115;40.10268;       0.69335;3.42018;2
  36.10788;40.10536;       0.69346;3.42017;2
  36.13461;40.10803;       0.69360;3.42016;2
  36.16131;40.11071;       0.69376;3.42014;2
  36.18802;40.11338;       0.69391;3.42013;2
  36.21474;40.11606;       0.69404;3.42011;2
  36.24145;40.11873;       0.69416;3.42010;2
  36.26816;40.12141;       0.69426;3.42008;2
  36.29488;40.12408;       0.69435;3.42007;2
  36.32159;40.12676;       0.69446;3.42006;2
  36.34832;40.12943;       0.69459;3.42004;2
  36.37507;40.13211;       0.69473;3.42003;2
  36.40179;40.13478;       0.69486;3.42001;2
  36.42847;40.13746;       0.69498;3.42000;2
  36.45519;40.14013;       0.69513;3.41998;2
  36.48190;40.14281;       0.69528;3.41997;2
  36.50860;40.14549;       0.69542;3.41996;2
  36.53532;40.14816;       0.69558;3.41994;2
  36.56204;40.15084;       0.69573;3.41993;2
  36.58873;40.15351;       0.69588;3.41991;2
  36.61544;40.15619;       0.69601;3.41990;2
  36.64213;40.15886;       0.69613;3.41988;2
  36.66881;40.16154;       0.69621;3.41987;2
  36.69549;40.16421;       0.69631;3.41986;2
  36.72220;40.16689;       0.69645;3.41984;2
  36.74889;40.16956;       0.69658;3.41983;2
  36.77557;40.17224;       0.69671;3.41981;2
  36.80227;40.17491;       0.69686;3.41980;2
  36.82898;40.17759;       0.69699;3.41978;2
  36.85566;40.18026;       0.69711;3.41977;2
  36.88235;40.18294;       0.69723;3.41976;2
  36.90904;40.18561;       0.69736;3.41974;2
  36.93572;40.18829;       0.69748;3.41973;2
  36.96238;40.19096;       0.69760;3.41971;2
  36.98905;40.19364;       0.69772;3.41970;2
  37.01573;40.19631;       0.69785;3.41968;2
  37.04241;40.19899;       0.69797;3.41967;2
  37.06909;40.20166;       0.69809;3.41965;2
  37.09577;40.20434;       0.69823;3.41964;2
  37.12249;40.20701;       0.69836;3.41963;2
  37.14915;40.20969;       0.69849;3.41961;2
  37.17582;40.21236;       0.69860;3.41960;2
  37.20252;40.21504;       0.69872;3.41958;2
  37.22919;40.21771;       0.69883;3.41957;2
  37.25587;40.22039;       0.69893;3.41955;2
  37.28259;40.22306;       0.69901;3.41954;2
  37.30929;40.22574;       0.69909;3.41953;2
  37.33597;40.22841;       0.69921;3.41951;2
  37.36267;40.23109;       0.69933;3.41950;2
  37.38936;40.23376;       0.69945;3.41948;2
  37.41604;40.23644;       0.69956;3.41947;2
  37.44273;40.23911;       0.69967;3.41945;2
  37.46943;40.24179;       0.69977;3.41944;2
  37.49614;40.24446;       0.69989;3.41942;2
  37.52283;40.24714;       0.70001;3.41941;2
  37.54951;40.24981;       0.70012;3.41940;2
  37.57621;40.25249;       0.70024;3.41938;2
  37.60292;40.25517;       0.70037;3.41937;2
  37.62962;40.25784;       0.70050;3.41935;2
  37.65632;40.26052;       0.70066;3.41934;2
  37.68300;40.26319;       0.70084;3.41932;2
  37.70969;40.26587;       0.70101;3.41931;2
  37.73641;40.26854;       0.70115;3.41929;2
  37.76315;40.27122;       0.70129;3.41928;2
  37.78987;40.27389;       0.70144;3.41927;2
  37.81656;40.27657;       0.70157;3.41925;2
  37.84327;40.27924;       0.70171;3.41924;2
  37.86998;40.28192;       0.70185;3.41922;2
  37.89668;40.28459;       0.70198;3.41921;2
  37.92339;40.28727;       0.70209;3.41919;2
  37.95012;40.28994;       0.70218;3.41918;2
  37.97685;40.29262;       0.70230;3.41916;2
  38.00359;40.29529;       0.70245;3.41915;2
  38.03032;40.29797;       0.70258;3.41913;2
  38.05702;40.30064;       0.70269;3.41912;2
  38.08374;40.30332;       0.70281;3.41910;2
  38.11047;40.30599;       0.70295;3.41909;2
  38.13718;40.30867;       0.70309;3.41908;2
  38.16389;40.31134;       0.70321;3.41906;2
  38.19063;40.31402;       0.70332;3.41905;2
  38.21734;40.31669;       0.70344;3.41903;2
  38.24408;40.31937;       0.70357;3.41902;2
  38.27083;40.32204;       0.70369;3.41900;2
  38.29756;40.32472;       0.70383;3.41899;2
  38.32433;40.32739;       0.70399;3.41897;2
  38.35105;40.33007;       0.70414;3.41896;2
  38.37776;40.33274;       0.70429;3.41894;2
  38.40445;40.33542;       0.70444;3.41893;2
  38.43116;40.33809;       0.70460;3.41892;2
  38.45793;40.34077;       0.70476;3.41890;2
  38.48466;40.34344;       0.70491;3.41889;2
  38.51140;40.34612;       0.70504;3.41887;2
  38.53815;40.34879;       0.70518;3.41886;2
  38.56488;40.35147;       0.70532;3.41884;2
  38.59161;40.35414;       0.70547;3.41883;2
  38.61835;40.35682;       0.70561;3.41881;2
  38.64509;40.35949;       0.70574;3.41880;2
  38.67184;40.36217;       0.70589;3.41878;2
  38.69858;40.36484;       0.70602;3.41877;2
  38.72533;40.36752;       0.70613;3.41875;2
  38.75206;40.37020;       0.70627;3.41874;2
  38.77881;40.37287;       0.70641;3.41873;2
  38.80555;40.37555;       0.70654;3.41871;2
  38.83228;40.37822;       0.70666;3.41870;2
  38.85902;40.38090;       0.70677;3.41868;2
  38.88576;40.38357;       0.70688;3.41867;2
  38.91252;40.38625;       0.70702;3.41865;2
  38.93927;40.38892;       0.70717;3.41864;2
  38.96602;40.39160;       0.70731;3.41862;2
  38.99278;40.39427;       0.70745;3.41861;2
  39.01955;40.39695;       0.70765;3.41859;2
  39.04630;40.39962;       0.70781;3.41858;2
  39.07306;40.40230;       0.70794;3.41856;2
  39.09983;40.40497;       0.70807;3.41855;2
  39.12658;40.40765;       0.70819;3.41853;2
  39.15333;40.41032;       0.70831;3.41852;2
  39.18010;40.41300;       0.70846;3.41850;2
  39.20685;40.41567;       0.70862;3.41849;2
  39.23360;40.41835;       0.70878;3.41848;2
  39.26036;40.42102;       0.70892;3.41846;2
  39.28714;40.42370;       0.70910;3.41845;2
  39.31391;40.42637;       0.70931;3.41843;2
  39.34070;40.42905;       0.70950;3.41842;2
  39.36749;40.43172;       0.70967;3.41840;2
  39.39423;40.43440;       0.70981;3.41839;2
  39.42101;40.43707;       0.70993;3.41837;2
  39.44779;40.43975;       0.71005;3.41836;2
  39.47451;40.44242;       0.71016;3.41834;2
  39.50121;40.44510;       0.71029;3.41833;2
  39.52794;40.44777;       0.71041;3.41831;2
  39.55470;40.45045;       0.71056;3.41830;2
  39.58148;40.45312;       0.71068;3.41828;2
  39.60825;40.45580;       0.71082;3.41827;2
  39.63500;40.45847;       0.71098;3.41825;2
  39.66172;40.46115;       0.71113;3.41824;2
  39.68842;40.46382;       0.71130;3.41822;2
  39.71521;40.46650;       0.71145;3.41821;2
  39.74197;40.46917;       0.71160;3.41819;2
  39.76868;40.47185;       0.71176;3.41818;2
  39.79543;40.47452;       0.71192;3.41816;2
  39.82218;40.47720;       0.71207;3.41815;2
  39.84888;40.47987;       0.71223;3.41813;2
  39.87562;40.48255;       0.71238;3.41812;2
  39.90252;40.48523;       0.71252;3.41811;2
  39.92941;40.48790;       0.71266;3.41809;2
  39.95609;40.49058;       0.71280;3.41808;2
  39.98283;40.49325;       0.71293;3.41806;2

