#EXPORTTYPE:DATA SINGLE
#FILE:VS55 em Hepes.ngb-ddg
#FORMAT:NETZSCH5
#FTYPE:ANSI
#IDENTITY:VS55 em Hepes
#DECIMAL:POINT
#SEPARATOR:SEMICOLON
#MTYPE:DSC
#INSTRUMENT:NETZSCH DSC 214
#PROJECT:
#DATE/TIME:07.05.2026 13:31
#CORR. FILE:correction.ngb-bdg
#TEMPCAL:applied
#SENSITIVITY:applied
#LABORATORY:Proc. de Nanocerâmicas
#OPERATOR:Danilo Janes
#REMARK:
#SAMPLE:VS55 em Hepes
#SAMPLE MASS /mg:15.3
#MATERIAL:
#REFERENCE:
#REFERENCE MASS /mg:0
#TYPE OF CRUCIBLE:Concavus Pan Al, pierced lid
#SAMPLE CRUCIBLE MASS /mg:0
#REFERENCE CRUCIBLE MASS /mg:0
#M.RANGE /µV:5000
#TAU-R:---
#CORR. CODE:020
#EXO:-1
#RANGE:25°C/10,0(K/min)/-170°C/10,0(K/min)/40°C/
#SEGMENT:S1-2/2
#SEG. 1:25°C/10,0(K/min)/-170°C
#SEG. 2:-170°C/10,0(K/min)/40°C

##Temp./°C;Time/min;DSC/(mW/mg);Sensit./(uV/mW);Segment
  25.23900; 0.00000; 4.126288e-002;3.42562;1
  25.23933; 0.00333; 4.124832e-002;3.42562;1
  25.23900; 0.00667; 4.126288e-002;3.42562;1
  25.23871; 0.01000; 4.127729e-002;3.42562;1
  25.23844; 0.01333; 4.132111e-002;3.42562;1
  25.23845; 0.01667; 4.136463e-002;3.42562;1
  25.23869; 0.02000; 4.142286e-002;3.42562;1
  25.23873; 0.02333; 4.142257e-002;3.42562;1
  25.23871; 0.02667; 4.142272e-002;3.42562;1
  25.23874; 0.03000; 4.150991e-002;3.42562;1
  25.23876; 0.03333; 4.161224e-002;3.42562;1
  25.23891; 0.03667; 4.177279e-002;3.42562;1
  25.23900; 0.04000; 4.203509e-002;3.42562;1
  25.23915; 0.04333; 4.239916e-002;3.42562;1
  25.23921; 0.04667; 4.280717e-002;3.42562;1
  25.23923; 0.05000; 4.322989e-002;3.42562;1
  25.23921; 0.05333; 4.366701e-002;3.42562;1
  25.23917; 0.05667; 4.416308e-002;3.42562;1
  25.23903; 0.06000; 4.468812e-002;3.42562;1
  25.23887; 0.06333; 4.534431e-002;3.42562;1
  25.23861; 0.06667; 4.597167e-002;3.42562;1
  25.23828; 0.07000; 4.662871e-002;3.42562;1
  25.23787; 0.07333; 4.729974e-002;3.42562;1
  25.23736; 0.07667; 4.801516e-002;3.42562;1
  25.23676; 0.08000; 4.881791e-002;3.42562;1
  25.23604; 0.08333; 4.964978e-002;3.42562;1
  25.23521; 0.08667; 5.054044e-002;3.42562;1
  25.23425; 0.09000; 5.144538e-002;3.42562;1
  25.23318; 0.09333; 5.240897e-002;3.42562;1
  25.23197; 0.09667; 5.337298e-002;3.42562;1
  25.23061; 0.10000; 5.438038e-002;3.42563;1
  25.22970; 0.10333; 5.538850e-002;3.42563;1
  25.22874; 0.10667; 5.633853e-002;3.42563;1
  25.22772; 0.11000; 5.737591e-002;3.42563;1
  25.22666; 0.11333; 5.836975e-002;3.42563;1
  25.22551; 0.11667; 5.940726e-002;3.42563;1
  25.22431; 0.12000; 6.050357e-002;3.42563;1
  25.22303; 0.12333; 6.157120e-002;3.42563;1
  25.22170; 0.12667; 6.258017e-002;3.42563;1
  25.22030; 0.13000; 6.350194e-002;3.42563;1
  25.21882; 0.13333; 6.433680e-002;3.42563;1
  25.21723; 0.13667; 6.524458e-002;3.42563;1
  25.21552; 0.14000; 6.621089e-002;3.42563;1
  25.21374; 0.14333; 6.716234e-002;3.42563;1
  25.21189; 0.14667; 6.799776e-002;3.42563;1
  25.20992; 0.15000; 6.880436e-002;3.42563;1
  25.20784; 0.15333; 6.962567e-002;3.42564;1
  25.20569; 0.15667; 7.041785e-002;3.42564;1
  25.20341; 0.16000; 7.116650e-002;3.42564;1
  25.20103; 0.16333; 7.179871e-002;3.42564;1
  25.19856; 0.16667; 7.246016e-002;3.42564;1
  25.19595; 0.17000; 7.315088e-002;3.42564;1
  25.19320; 0.17333; 7.378351e-002;3.42564;1
  25.19036; 0.17667; 7.429982e-002;3.42564;1
  25.18739; 0.18000; 7.475806e-002;3.42565;1
  25.18431; 0.18333; 7.505631e-002;3.42565;1
  25.18110; 0.18667; 7.548571e-002;3.42565;1
  25.17774; 0.19000; 7.591482e-002;3.42565;1
  25.17426; 0.19333; 7.630041e-002;3.42565;1
  25.17069; 0.19667; 7.655527e-002;3.42565;1
  25.16693; 0.20000; 7.672265e-002;3.42565;1
  25.16307; 0.20333; 7.680255e-002;3.42566;1
  25.15907; 0.20667; 7.688302e-002;3.42566;1
  25.15489; 0.21000; 7.694864e-002;3.42566;1
  25.15057; 0.21333; 7.691251e-002;3.42566;1
  25.14611; 0.21667; 7.678889e-002;3.42566;1
  25.14152; 0.22000; 7.659293e-002;3.42567;1
  25.13675; 0.22333; 7.635300e-002;3.42567;1
  25.13182; 0.22667; 7.605485e-002;3.42567;1
  25.12674; 0.23000; 7.569876e-002;3.42567;1
  25.12151; 0.23333; 7.529871e-002;3.42568;1
  25.11613; 0.23667; 7.481133e-002;3.42568;1
  25.11057; 0.24000; 7.435291e-002;3.42568;1
  25.10485; 0.24333; 7.383640e-002;3.42568;1
  25.09895; 0.24667; 7.302892e-002;3.42569;1
  25.09290; 0.25000; 7.219189e-002;3.42569;1
  25.08667; 0.25333; 7.119503e-002;3.42569;1
  25.08028; 0.25667; 7.032917e-002;3.42570;1
  25.07370; 0.26000; 6.949201e-002;3.42570;1
  25.06695; 0.26333; 6.859704e-002;3.42570;1
  25.06005; 0.26667; 6.751270e-002;3.42571;1
  25.05293; 0.27000; 6.639881e-002;3.42571;1
  25.04567; 0.27333; 6.522685e-002;3.42571;1
  25.03821; 0.27667; 6.398239e-002;3.42572;1
  25.03059; 0.28000; 6.270825e-002;3.42572;1
  25.02275; 0.28333; 6.134692e-002;3.42572;1
  25.01474; 0.28667; 5.995676e-002;3.42573;1
  25.00654; 0.29000; 5.855147e-002;3.42573;1
  24.99816; 0.29333; 5.708796e-002;3.42573;1
  24.98961; 0.29667; 5.559520e-002;3.42574;1
  24.98089; 0.30000; 5.395674e-002;3.42574;1
  24.97195; 0.30333; 5.226020e-002;3.42575;1
  24.96284; 0.30667; 5.035988e-002;3.42575;1
  24.95349; 0.31000; 4.853148e-002;3.42576;1
  24.94397; 0.31333; 4.664572e-002;3.42576;1
  24.93428; 0.31667; 4.465735e-002;3.42576;1
  24.92436; 0.32000; 4.262547e-002;3.42577;1
  24.91426; 0.32333; 4.062241e-002;3.42577;1
  24.90397; 0.32667; 3.856100e-002;3.42578;1
  24.89344; 0.33000; 3.644136e-002;3.42578;1
  24.88270; 0.33333; 3.430732e-002;3.42579;1
  24.87179; 0.33667; 3.208552e-002;3.42579;1
  24.86066; 0.34000; 2.974713e-002;3.42580;1
  24.84936; 0.34333; 2.733597e-002;3.42580;1
  24.83780; 0.34667; 2.501201e-002;3.42581;1
  24.82610; 0.35000; 2.261528e-002;3.42581;1
  24.81420; 0.35333; 2.024738e-002;3.42582;1
  24.80208; 0.35667; 1.780671e-002;3.42583;1
  24.78977; 0.36000; 1.527828e-002;3.42583;1
  24.77723; 0.36333; 1.273574e-002;3.42584;1
  24.76451; 0.36667; 1.013469e-002;3.42584;1
  24.75156; 0.37000; 7.431334e-003;3.42585;1
  24.73839; 0.37333; 4.757386e-003;3.42586;1
  24.72502; 0.37667; 2.053906e-003;3.42586;1
  24.71144; 0.38000;-7.368964e-004;3.42587;1
  24.69766; 0.38333;-3.586054e-003;3.42587;1
  24.68364; 0.38667;-6.479010e-003;3.42588;1
  24.66938; 0.39000;-9.357400e-003;3.42589;1
  24.65493; 0.39333;-1.226474e-002;3.42589;1
  24.64025; 0.39667;-1.508532e-002;3.42590;1
  24.62534; 0.40000;-1.797866e-002;3.42591;1
  24.61023; 0.40333;-2.088654e-002;3.42592;1
  24.59490; 0.40667;-2.385306e-002;3.42592;1
  24.57931; 0.41000;-2.687779e-002;3.42593;1
  24.56351; 0.41333;-2.984399e-002;3.42594;1
  24.54749; 0.41667;-3.291207e-002;3.42594;1
  24.53128; 0.42000;-3.593733e-002;3.42595;1
  24.51480; 0.42333;-3.897656e-002;3.42596;1
  24.49811; 0.42667;-4.208897e-002;3.42597;1
  24.48120; 0.43000;-4.520166e-002;3.42598;1
  24.46403; 0.43333;-4.829934e-002;3.42598;1
  24.44666; 0.43667;-5.139701e-002;3.42599;1
  24.42902; 0.44000;-5.452435e-002;3.42600;1
  24.41115; 0.44333;-5.766608e-002;3.42601;1
  24.39307; 0.44667;-6.082278e-002;3.42602;1
  24.37477; 0.45000;-6.406593e-002;3.42603;1
  24.35621; 0.45333;-6.738284e-002;3.42603;1
  24.33741; 0.45667;-7.064123e-002;3.42604;1
  24.31838; 0.46000;-7.387063e-002;3.42605;1
  24.29908; 0.46333;-7.708573e-002;3.42606;1
  24.27956; 0.46667;-8.038802e-002;3.42607;1
  24.25977; 0.47000;-8.374849e-002;3.42608;1
  24.23974; 0.47333;-8.700735e-002;3.42609;1
  24.21944; 0.47667;-9.030971e-002;3.42610;1
  24.19890; 0.48000;-9.361205e-002;3.42611;1
  24.17808; 0.48333;-9.691464e-002;3.42612;1
  24.15703; 0.48667;      -0.10023;3.42613;1
  24.13570; 0.49000;      -0.10355;3.42614;1
  24.11411; 0.49333;      -0.10688;3.42615;1
  24.09223; 0.49667;      -0.11024;3.42616;1
  24.07008; 0.50000;      -0.11369;3.42617;1
  24.04762; 0.50333;      -0.11714;3.42618;1
  24.02490; 0.50667;      -0.12059;3.42619;1
  24.00190; 0.51000;      -0.12405;3.42620;1
  23.97866; 0.51333;      -0.12750;3.42621;1
  23.95508; 0.51667;      -0.13089;3.42622;1
  23.93121; 0.52000;      -0.13415;3.42623;1
  23.90707; 0.52333;      -0.13764;3.42624;1
  23.88259; 0.52667;      -0.14123;3.42625;1
  23.85784; 0.53000;      -0.14477;3.42626;1
  23.83279; 0.53333;      -0.14828;3.42628;1
  23.80743; 0.53667;      -0.15184;3.42629;1
  23.78172; 0.54000;      -0.15545;3.42630;1
  23.75574; 0.54333;      -0.15904;3.42631;1
  23.72938; 0.54667;      -0.16275;3.42632;1
  23.70275; 0.55000;      -0.16646;3.42634;1
  23.67572; 0.55333;      -0.17012;3.42635;1
  23.64836; 0.55667;      -0.17365;3.42636;1
  23.62067; 0.56000;      -0.17725;3.42637;1
  23.59262; 0.56333;      -0.18096;3.42639;1
  23.56423; 0.56667;      -0.18476;3.42640;1
  23.53546; 0.57000;      -0.18857;3.42641;1
  23.50634; 0.57333;      -0.19232;3.42643;1
  23.47689; 0.57667;      -0.19611;3.42644;1
  23.44703; 0.58000;      -0.19992;3.42645;1
  23.41677; 0.58333;      -0.20383;3.42647;1
  23.38615; 0.58667;      -0.20772;3.42648;1
  23.35513; 0.59000;      -0.21163;3.42650;1
  23.32377; 0.59333;      -0.21569;3.42651;1
  23.29198; 0.59667;      -0.21972;3.42653;1
  23.25980; 0.60000;      -0.22369;3.42654;1
  23.22718; 0.60333;      -0.22764;3.42655;1
  23.19418; 0.60667;      -0.23165;3.42657;1
  23.16074; 0.61000;      -0.23576;3.42659;1
  23.12689; 0.61333;      -0.23986;3.42660;1
  23.09264; 0.61667;      -0.24399;3.42662;1
  23.05792; 0.62000;      -0.24810;3.42663;1
  23.02270; 0.62333;      -0.25236;3.42665;1
  22.98708; 0.62667;      -0.25670;3.42666;1
  22.95097; 0.63000;      -0.26100;3.42668;1
  22.91438; 0.63333;      -0.26528;3.42670;1
  22.87734; 0.63667;      -0.26976;3.42671;1
  22.83982; 0.64000;      -0.27421;3.42673;1
  22.80182; 0.64333;      -0.27870;3.42675;1
  22.76334; 0.64667;      -0.28328;3.42677;1
  22.72433; 0.65000;      -0.28793;3.42678;1
  22.68482; 0.65333;      -0.29263;3.42680;1
  22.64480; 0.65667;      -0.29733;3.42682;1
  22.60428; 0.66000;      -0.30211;3.42684;1
  22.56321; 0.66333;      -0.30695;3.42686;1
  22.52166; 0.66667;      -0.31196;3.42688;1
  22.47952; 0.67000;      -0.31701;3.42690;1
  22.43689; 0.67333;      -0.32197;3.42692;1
  22.39369; 0.67667;      -0.32709;3.42693;1
  22.34992; 0.68000;      -0.33233;3.42695;1
  22.30561; 0.68333;      -0.33733;3.42697;1
  22.26075; 0.68667;      -0.34251;3.42699;1
  22.21531; 0.69000;      -0.34785;3.42702;1
  22.16931; 0.69333;      -0.35332;3.42704;1
  22.12272; 0.69667;      -0.35883;3.42706;1
  22.07557; 0.70000;      -0.36445;3.42708;1
  22.02782; 0.70333;      -0.37023;3.42710;1
  21.97948; 0.70667;      -0.37606;3.42712;1
  21.93054; 0.71000;      -0.38192;3.42714;1
  21.88102; 0.71333;      -0.38773;3.42717;1
  21.83087; 0.71667;      -0.39362;3.42719;1
  21.78015; 0.72000;      -0.39970;3.42721;1
  21.72879; 0.72333;      -0.40593;3.42723;1
  21.67684; 0.72667;      -0.41213;3.42726;1
  21.62425; 0.73000;      -0.41840;3.42728;1
  21.57102; 0.73333;      -0.42489;3.42731;1
  21.51713; 0.73667;      -0.43146;3.42733;1
  21.46262; 0.74000;      -0.43814;3.42735;1
  21.40746; 0.74333;      -0.44480;3.42738;1
  21.35166; 0.74667;      -0.45151;3.42740;1
  21.29528; 0.75000;      -0.45849;3.42743;1
  21.23818; 0.75333;      -0.46540;3.42745;1
  21.18046; 0.75667;      -0.47233;3.42748;1
  21.12207; 0.76000;      -0.47931;3.42751;1
  21.06305; 0.76333;      -0.48647;3.42753;1
  21.00333; 0.76667;      -0.49387;3.42756;1
  20.94297; 0.77000;      -0.50132;3.42759;1
  20.88192; 0.77333;      -0.50883;3.42761;1
  20.82021; 0.77667;      -0.51642;3.42764;1
  20.75780; 0.78000;      -0.52415;3.42767;1
  20.69477; 0.78333;      -0.53196;3.42770;1
  20.63103; 0.78667;      -0.53981;3.42773;1
  20.56659; 0.79000;      -0.54767;3.42775;1
  20.50149; 0.79333;      -0.55560;3.42778;1
  20.43567; 0.79667;      -0.56370;3.42781;1
  20.36918; 0.80000;      -0.57183;3.42784;1
  20.30197; 0.80333;      -0.58002;3.42787;1
  20.23413; 0.80667;      -0.58827;3.42790;1
  20.16556; 0.81000;      -0.59662;3.42793;1
  20.09633; 0.81333;      -0.60508;3.42796;1
  20.02641; 0.81667;      -0.61359;3.42799;1
  19.95577; 0.82000;      -0.62221;3.42802;1
  19.88449; 0.82333;      -0.63085;3.42805;1
  19.81254; 0.82667;      -0.63956;3.42809;1
  19.73992; 0.83000;      -0.64839;3.42812;1
  19.66664; 0.83333;      -0.65720;3.42815;1
  19.59269; 0.83667;      -0.66606;3.42818;1
  19.51803; 0.84000;      -0.67508;3.42821;1
  19.44269; 0.84333;      -0.68415;3.42825;1
  19.36670; 0.84667;      -0.69336;3.42828;1
  19.29005; 0.85000;      -0.70261;3.42831;1
  19.21272; 0.85333;      -0.71187;3.42835;1
  19.13470; 0.85667;      -0.72115;3.42838;1
  19.05605; 0.86000;      -0.73048;3.42842;1
  18.97672; 0.86333;      -0.73987;3.42845;1
  18.89672; 0.86667;      -0.74931;3.42848;1
  18.81610; 0.87000;      -0.75898;3.42852;1
  18.73482; 0.87333;      -0.76864;3.42855;1
  18.65289; 0.87667;      -0.77834;3.42859;1
  18.57030; 0.88000;      -0.78810;3.42863;1
  18.48710; 0.88333;      -0.79793;3.42866;1
  18.40325; 0.88667;      -0.80774;3.42870;1
  18.31877; 0.89000;      -0.81769;3.42873;1
  18.23367; 0.89333;      -0.82762;3.42877;1
  18.14797; 0.89667;      -0.83760;3.42881;1
  18.06164; 0.90000;      -0.84760;3.42884;1
  17.97469; 0.90333;      -0.85765;3.42888;1
  17.88711; 0.90667;      -0.86759;3.42892;1
  17.79897; 0.91000;      -0.87763;3.42896;1
  17.71021; 0.91333;      -0.88772;3.42899;1
  17.62085; 0.91667;      -0.89796;3.42903;1
  17.53089; 0.92000;      -0.90819;3.42907;1
  17.44031; 0.92333;      -0.91854;3.42911;1
  17.34913; 0.92667;      -0.92876;3.42915;1
  17.25738; 0.93000;      -0.93900;3.42919;1
  17.16507; 0.93333;      -0.94925;3.42923;1
  17.07220; 0.93667;      -0.95951;3.42926;1
  16.97880; 0.94000;      -0.96981;3.42930;1
  16.88484; 0.94333;      -0.98009;3.42934;1
  16.79031; 0.94667;      -0.99038;3.42938;1
  16.69521; 0.95000;      -1.00068;3.42942;1
  16.59954; 0.95333;      -1.01102;3.42946;1
  16.50338; 0.95667;      -1.02133;3.42950;1
  16.40667; 0.96000;      -1.03162;3.42954;1
  16.30943; 0.96333;      -1.04195;3.42959;1
  16.21164; 0.96667;      -1.05228;3.42963;1
  16.11339; 0.97000;      -1.06260;3.42967;1
  16.01461; 0.97333;      -1.07292;3.42971;1
  15.91531; 0.97667;      -1.08318;3.42975;1
  15.81551; 0.98000;      -1.09345;3.42979;1
  15.71523; 0.98333;      -1.10370;3.42983;1
  15.61444; 0.98667;      -1.11392;3.42987;1
  15.51316; 0.99000;      -1.12412;3.42992;1
  15.41148; 0.99333;      -1.13428;3.42996;1
  15.30928; 0.99667;      -1.14439;3.43000;1
  15.20662; 1.00000;      -1.15447;3.43004;1
  15.10348; 1.00333;      -1.16454;3.43008;1
  14.99993; 1.00667;      -1.17456;3.43013;1
  14.89592; 1.01000;      -1.18462;3.43017;1
  14.79149; 1.01333;      -1.19456;3.43021;1
  14.68659; 1.01667;      -1.20443;3.43026;1
  14.58128; 1.02000;      -1.21428;3.43030;1
  14.47557; 1.02333;      -1.22410;3.43034;1
  14.36938; 1.02667;      -1.23391;3.43038;1
  14.26277; 1.03000;      -1.24370;3.43043;1
  14.15574; 1.03333;      -1.25348;3.43047;1
  14.04828; 1.03667;      -1.26318;3.43052;1
  13.94043; 1.04000;      -1.27282;3.43056;1
  13.83220; 1.04333;      -1.28248;3.43060;1
  13.72359; 1.04667;      -1.29195;3.43065;1
  13.61459; 1.05000;      -1.30148;3.43069;1
  13.50521; 1.05333;      -1.31092;3.43073;1
  13.39548; 1.05667;      -1.32029;3.43078;1
  13.28534; 1.06000;      -1.32952;3.43082;1
  13.17485; 1.06333;      -1.33875;3.43087;1
  13.06398; 1.06667;      -1.34799;3.43091;1
  12.95279; 1.07000;      -1.35723;3.43096;1
  12.84120; 1.07333;      -1.36641;3.43100;1
  12.72930; 1.07667;      -1.37553;3.43104;1
  12.61702; 1.08000;      -1.38456;3.43109;1
  12.50444; 1.08333;      -1.39350;3.43113;1
  12.39149; 1.08667;      -1.40238;3.43118;1
  12.27823; 1.09000;      -1.41127;3.43122;1
  12.16464; 1.09333;      -1.42020;3.43127;1
  12.05074; 1.09667;      -1.42900;3.43131;1
  11.93651; 1.10000;      -1.43760;3.43136;1
  11.82195; 1.10333;      -1.44621;3.43140;1
  11.70710; 1.10667;      -1.45488;3.43145;1
  11.59197; 1.11000;      -1.46349;3.43149;1
  11.47654; 1.11333;      -1.47203;3.43154;1
  11.36080; 1.11667;      -1.48041;3.43158;1
  11.24475; 1.12000;      -1.48874;3.43163;1
  11.12848; 1.12333;      -1.49701;3.43167;1
  11.01189; 1.12667;      -1.50525;3.43172;1
  10.89505; 1.13000;      -1.51343;3.43176;1
  10.77792; 1.13333;      -1.52156;3.43181;1
  10.66052; 1.13667;      -1.52956;3.43185;1
  10.54289; 1.14000;      -1.53758;3.43190;1
  10.42495; 1.14333;      -1.54557;3.43194;1
  10.30675; 1.14667;      -1.55348;3.43199;1
  10.18831; 1.15000;      -1.56125;3.43203;1
  10.06959; 1.15333;      -1.56899;3.43208;1
   9.95062; 1.15667;      -1.57671;3.43212;1
   9.83143; 1.16000;      -1.58423;3.43217;1
   9.71198; 1.16333;      -1.59173;3.43221;1
   9.59233; 1.16667;      -1.59919;3.43226;1
   9.47248; 1.17000;      -1.60658;3.43231;1
   9.35233; 1.17333;      -1.61396;3.43235;1
   9.23202; 1.17667;      -1.62130;3.43240;1
   9.11146; 1.18000;      -1.62859;3.43244;1
   8.99070; 1.18333;      -1.63573;3.43249;1
   8.86974; 1.18667;      -1.64279;3.43253;1
   8.74859; 1.19000;      -1.64984;3.43258;1
   8.62725; 1.19333;      -1.65679;3.43262;1
   8.50567; 1.19667;      -1.66369;3.43267;1
   8.38390; 1.20000;      -1.67053;3.43271;1
   8.26197; 1.20333;      -1.67713;3.43276;1
   8.13987; 1.20667;      -1.68381;3.43280;1
   8.01756; 1.21000;      -1.69044;3.43285;1
   7.89503; 1.21333;      -1.69695;3.43289;1
   7.77236; 1.21667;      -1.70336;3.43294;1
   7.64951; 1.22000;      -1.70970;3.43298;1
   7.52651; 1.22333;      -1.71611;3.43303;1
   7.40331; 1.22667;      -1.72243;3.43307;1
   7.27997; 1.23000;      -1.72862;3.43312;1
   7.15646; 1.23333;      -1.73486;3.43316;1
   7.03282; 1.23667;      -1.74092;3.43321;1
   6.90907; 1.24000;      -1.74684;3.43325;1
   6.78515; 1.24333;      -1.75271;3.43330;1
   6.66108; 1.24667;      -1.75851;3.43334;1
   6.53687; 1.25000;      -1.76430;3.43339;1
   6.41252; 1.25333;      -1.77005;3.43343;1
   6.28808; 1.25667;      -1.77572;3.43348;1
   6.16357; 1.26000;      -1.78132;3.43352;1
   6.03907; 1.26333;      -1.78681;3.43357;1
   5.91452; 1.26667;      -1.79217;3.43361;1
   5.79010; 1.27000;      -1.79749;3.43366;1
   5.66579; 1.27333;      -1.80281;3.43370;1
   5.54169; 1.27667;      -1.80805;3.43375;1
   5.41787; 1.28000;      -1.81319;3.43379;1
   5.29441; 1.28333;      -1.81832;3.43383;1
   5.17139; 1.28667;      -1.82335;3.43388;1
   5.04895; 1.29000;      -1.82834;3.43392;1
   4.92716; 1.29333;      -1.83321;3.43396;1
   4.80611; 1.29667;      -1.83793;3.43400;1
   4.68592; 1.30000;      -1.84263;3.43405;1
   4.56667; 1.30333;      -1.84735;3.43409;1
   4.44852; 1.30667;      -1.85205;3.43413;1
   4.33161; 1.31000;      -1.85670;3.43417;1
   4.21600; 1.31333;      -1.86128;3.43421;1
   4.10182; 1.31667;      -1.86573;3.43425;1
   3.98921; 1.32000;      -1.87009;3.43429;1
   3.87831; 1.32333;      -1.87435;3.43433;1
   3.76916; 1.32667;      -1.87867;3.43436;1
   3.66200; 1.33000;      -1.88289;3.43440;1
   3.55689; 1.33333;      -1.88710;3.43444;1
   3.45392; 1.33667;      -1.89129;3.43447;1
   3.35325; 1.34000;      -1.89513;3.43451;1
   3.25492; 1.34333;      -1.89900;3.43454;1
   3.15913; 1.34667;      -1.90280;3.43457;1
   3.06600; 1.35000;      -1.90654;3.43461;1
   2.97559; 1.35333;      -1.91001;3.43464;1
   2.88810; 1.35667;      -1.91337;3.43467;1
   2.80352; 1.36000;      -1.91640;3.43470;1
   2.72202; 1.36333;      -1.91919;3.43472;1
   2.64367; 1.36667;      -1.92152;3.43475;1
   2.56861; 1.37000;      -1.92342;3.43477;1
   2.49687; 1.37333;      -1.92490;3.43480;1
   2.42859; 1.37667;      -1.92599;3.43482;1
   2.36382; 1.38000;      -1.92649;3.43484;1
   2.30272; 1.38333;      -1.92649;3.43486;1
   2.24528; 1.38667;      -1.92575;3.43488;1
   2.19166; 1.39000;      -1.92435;3.43490;1
   2.14185; 1.39333;      -1.92195;3.43492;1
   2.09607; 1.39667;      -1.91879;3.43493;1
   2.05428; 1.40000;      -1.91463;3.43495;1
   2.01657; 1.40333;      -1.90945;3.43496;1
   1.98300; 1.40667;      -1.90322;3.43497;1
   1.95364; 1.41000;      -1.89600;3.43498;1
   1.92852; 1.41333;      -1.88765;3.43499;1
   1.90774; 1.41667;      -1.87803;3.43500;1
   1.89126; 1.42000;      -1.86714;3.43500;1
   1.87923; 1.42333;      -1.85506;3.43501;1
   1.87161; 1.42667;      -1.84157;3.43501;1
   1.86848; 1.43000;      -1.82658;3.43501;1
   1.86982; 1.43333;      -1.80991;3.43501;1
   1.87574; 1.43667;      -1.79171;3.43501;1
   1.88620; 1.44000;      -1.77204;3.43500;1
   1.90121; 1.44333;      -1.75077;3.43500;1
   1.92084; 1.44667;      -1.72802;3.43499;1
   1.94505; 1.45000;      -1.70386;3.43498;1
   1.97390; 1.45333;      -1.67832;3.43497;1
   2.00734; 1.45667;      -1.65126;3.43496;1
   2.04539; 1.46000;      -1.62282;3.43495;1
   2.08798; 1.46333;      -1.59301;3.43494;1
   2.13508; 1.46667;      -1.56178;3.43492;1
   2.18667; 1.47000;      -1.52932;3.43490;1
   2.24264; 1.47333;      -1.49543;3.43488;1
   2.30295; 1.47667;      -1.46026;3.43486;1
   2.36751; 1.48000;      -1.42387;3.43484;1
   2.43616; 1.48333;      -1.38622;3.43482;1
   2.50887; 1.48667;      -1.34736;3.43479;1
   2.58551; 1.49000;      -1.30740;3.43477;1
   2.66595; 1.49333;      -1.26636;3.43474;1
   2.75003; 1.49667;      -1.22425;3.43471;1
   2.83766; 1.50000;      -1.18123;3.43468;1
   2.92870; 1.50333;      -1.13736;3.43465;1
   3.02300; 1.50667;      -1.09279;3.43462;1
   3.12043; 1.51000;      -1.04728;3.43459;1
   3.22075; 1.51333;      -1.00104;3.43455;1
   3.32384; 1.51667;      -0.95404;3.43452;1
   3.42954; 1.52000;      -0.90645;3.43448;1
   3.53769; 1.52333;      -0.85826;3.43444;1
   3.64813; 1.52667;      -0.80962;3.43441;1
   3.76067; 1.53000;      -0.76050;3.43437;1
   3.87511; 1.53333;      -0.71094;3.43433;1
   3.99133; 1.53667;      -0.66115;3.43429;1
   4.10916; 1.54000;      -0.61114;3.43425;1
   4.22843; 1.54333;      -0.56101;3.43421;1
   4.34895; 1.54667;      -0.51078;3.43416;1
   4.47057; 1.55000;      -0.46057;3.43412;1
   4.59308; 1.55333;      -0.41035;3.43408;1
   4.71638; 1.55667;      -0.36009;3.43404;1
   4.84018; 1.56000;      -0.30997;3.43399;1
   4.96444; 1.56333;      -0.26013;3.43395;1
   5.08893; 1.56667;      -0.21064;3.43391;1
   5.21352; 1.57000;      -0.16155;3.43386;1
   5.33805; 1.57333;      -0.11289;3.43382;1
   5.46234; 1.57667;-6.468236e-002;3.43377;1
   5.58628; 1.58000;-1.687885e-002;3.43373;1
   5.70970; 1.58333; 3.032989e-002;3.43369;1
   5.83244; 1.58667; 7.690070e-002;3.43364;1
   5.95439; 1.59000;       0.12282;3.43360;1
   6.07539; 1.59333;       0.16804;3.43356;1
   6.19530; 1.59667;       0.21244;3.43351;1
   6.31393; 1.60000;       0.25603;3.43347;1
   6.43120; 1.60333;       0.29864;3.43343;1
   6.54700; 1.60667;       0.34025;3.43339;1
   6.66120; 1.61000;       0.38099;3.43334;1
   6.77367; 1.61333;       0.42084;3.43330;1
   6.88431; 1.61667;       0.45948;3.43326;1
   6.99302; 1.62000;       0.49720;3.43322;1
   7.09970; 1.62333;       0.53385;3.43319;1
   7.20423; 1.62667;       0.56928;3.43315;1
   7.30649; 1.63000;       0.60366;3.43311;1
   7.40643; 1.63333;       0.63668;3.43307;1
   7.50400; 1.63667;       0.66857;3.43304;1
   7.59910; 1.64000;       0.69925;3.43300;1
   7.69166; 1.64333;       0.72862;3.43297;1
   7.78159; 1.64667;       0.75673;3.43294;1
   7.86882; 1.65000;       0.78346;3.43290;1
   7.95333; 1.65333;       0.80903;3.43287;1
   8.03498; 1.65667;       0.83331;3.43284;1
   8.11384; 1.66000;       0.85620;3.43281;1
   8.18975; 1.66333;       0.87776;3.43279;1
   8.26275; 1.66667;       0.89809;3.43276;1
   8.33280; 1.67000;       0.91710;3.43273;1
   8.39982; 1.67333;       0.93468;3.43271;1
   8.46384; 1.67667;       0.95096;3.43268;1
   8.52475; 1.68000;       0.96588;3.43266;1
   8.58259; 1.68333;       0.97949;3.43264;1
   8.63738; 1.68667;       0.99178;3.43262;1
   8.68907; 1.69000;       1.00281;3.43260;1
   8.73762; 1.69333;       1.01252;3.43258;1
   8.78308; 1.69667;       1.02090;3.43256;1
   8.82544; 1.70000;       1.02797;3.43255;1
   8.86467; 1.70333;       1.03377;3.43253;1
   8.90079; 1.70667;       1.03845;3.43252;1
   8.93379; 1.71000;       1.04183;3.43251;1
   8.96370; 1.71333;       1.04386;3.43250;1
   8.99057; 1.71667;       1.04484;3.43249;1
   9.01438; 1.72000;       1.04462;3.43248;1
   9.03518; 1.72333;       1.04324;3.43247;1
   9.05297; 1.72667;       1.04070;3.43246;1
   9.06777; 1.73000;       1.03701;3.43246;1
   9.07962; 1.73333;       1.03229;3.43245;1
   9.08857; 1.73667;       1.02650;3.43245;1
   9.09461; 1.74000;       1.01965;3.43245;1
   9.09780; 1.74333;       1.01174;3.43245;1
   9.09821; 1.74667;       1.00292;3.43245;1
   9.09584; 1.75000;       0.99322;3.43245;1
   9.09075; 1.75333;       0.98256;3.43245;1
   9.08300; 1.75667;       0.97105;3.43245;1
   9.07262; 1.76000;       0.95866;3.43246;1
   9.05970; 1.76333;       0.94537;3.43246;1
   9.04421; 1.76667;       0.93128;3.43247;1
   9.02626; 1.77000;       0.91647;3.43247;1
   9.00589; 1.77333;       0.90087;3.43248;1
   8.98316; 1.77667;       0.88457;3.43249;1
   8.95813; 1.78000;       0.86761;3.43250;1
   8.93082; 1.78333;       0.85007;3.43251;1
   8.90130; 1.78667;       0.83184;3.43252;1
   8.86964; 1.79000;       0.81295;3.43253;1
   8.83592; 1.79333;       0.79349;3.43254;1
   8.80013; 1.79667;       0.77353;3.43256;1
   8.76244; 1.80000;       0.75305;3.43257;1
   8.72279; 1.80333;       0.73211;3.43259;1
   8.68133; 1.80667;       0.71075;3.43260;1
   8.63810; 1.81000;       0.68896;3.43262;1
   8.59316; 1.81333;       0.66677;3.43264;1
   8.54659; 1.81667;       0.64419;3.43265;1
   8.49846; 1.82000;       0.62130;3.43267;1
   8.44880; 1.82333;       0.59811;3.43269;1
   8.39766; 1.82667;       0.57473;3.43271;1
   8.34515; 1.83000;       0.55113;3.43273;1
   8.29131; 1.83333;       0.52730;3.43275;1
   8.23623; 1.83667;       0.50320;3.43277;1
   8.17990; 1.84000;       0.47885;3.43279;1
   8.12241; 1.84333;       0.45437;3.43281;1
   8.06380; 1.84667;       0.42984;3.43283;1
   8.00416; 1.85000;       0.40522;3.43285;1
   7.94356; 1.85333;       0.38064;3.43288;1
   7.88203; 1.85667;       0.35597;3.43290;1
   7.81967; 1.86000;       0.33119;3.43292;1
   7.75646; 1.86333;       0.30643;3.43295;1
   7.69251; 1.86667;       0.28173;3.43297;1
   7.62787; 1.87000;       0.25709;3.43299;1
   7.56257; 1.87333;       0.23246;3.43302;1
   7.49672; 1.87667;       0.20794;3.43304;1
   7.43033; 1.88000;       0.18353;3.43306;1
   7.36349; 1.88333;       0.15923;3.43309;1
   7.29621; 1.88667;       0.13517;3.43311;1
   7.22856; 1.89000;       0.11136;3.43314;1
   7.16057; 1.89333; 8.767747e-002;3.43316;1
   7.09234; 1.89667; 6.421363e-002;3.43319;1
   7.02389; 1.90000; 4.091033e-002;3.43321;1
   6.95523; 1.90333; 1.791151e-002;3.43324;1
   6.88646; 1.90667;-4.766863e-003;3.43326;1
   6.81761; 1.91000;-2.718348e-002;3.43329;1
   6.74875; 1.91333;-4.939643e-002;3.43331;1
   6.67987; 1.91667;-7.139077e-002;3.43334;1
   6.61102; 1.92000;-9.302213e-002;3.43336;1
   6.54228; 1.92333;      -0.11423;3.43339;1
   6.47364; 1.92667;      -0.13512;3.43341;1
   6.40516; 1.93000;      -0.15571;3.43344;1
   6.33692; 1.93333;      -0.17591;3.43346;1
   6.26892; 1.93667;      -0.19571;3.43349;1
   6.20120; 1.94000;      -0.21528;3.43351;1
   6.13379; 1.94333;      -0.23442;3.43353;1
   6.06670; 1.94667;      -0.25318;3.43356;1
   5.99997; 1.95000;      -0.27148;3.43358;1
   5.93362; 1.95333;      -0.28946;3.43361;1
   5.86767; 1.95667;      -0.30692;3.43363;1
   5.80216; 1.96000;      -0.32383;3.43365;1
   5.73715; 1.96333;      -0.34043;3.43368;1
   5.67261; 1.96667;      -0.35673;3.43370;1
   5.60864; 1.97000;      -0.37253;3.43372;1
   5.54520; 1.97333;      -0.38785;3.43374;1
   5.48233; 1.97667;      -0.40274;3.43377;1
   5.42000; 1.98000;      -0.41718;3.43379;1
   5.35825; 1.98333;      -0.43124;3.43381;1
   5.29715; 1.98667;      -0.44490;3.43383;1
   5.23672; 1.99000;      -0.45809;3.43385;1
   5.17692; 1.99333;      -0.47075;3.43387;1
   5.11775; 1.99667;      -0.48294;3.43390;1
   5.05931; 2.00000;      -0.49477;3.43392;1
   5.00151; 2.00333;      -0.50603;3.43394;1
   4.94449; 2.00667;      -0.51702;3.43396;1
   4.88818; 2.01000;      -0.52753;3.43398;1
   4.83254; 2.01333;      -0.53755;3.43400;1
   4.77762; 2.01667;      -0.54714;3.43401;1
   4.72339; 2.02000;      -0.55636;3.43403;1
   4.66989; 2.02333;      -0.56519;3.43405;1
   4.61713; 2.02667;      -0.57359;3.43407;1
   4.56515; 2.03000;      -0.58152;3.43409;1
   4.51385; 2.03333;      -0.58916;3.43411;1
   4.46331; 2.03667;      -0.59630;3.43412;1
   4.41349; 2.04000;      -0.60297;3.43414;1
   4.36441; 2.04333;      -0.60937;3.43416;1
   4.31607; 2.04667;      -0.61529;3.43418;1
   4.26846; 2.05000;      -0.62088;3.43419;1
   4.22157; 2.05333;      -0.62612;3.43421;1
   4.17541; 2.05667;      -0.63093;3.43422;1
   4.12998; 2.06000;      -0.63543;3.43424;1
   4.08530; 2.06333;      -0.63955;3.43426;1
   4.04130; 2.06667;      -0.64331;3.43427;1
   3.99800; 2.07000;      -0.64678;3.43429;1
   3.95541; 2.07333;      -0.64994;3.43430;1
   3.91351; 2.07667;      -0.65283;3.43432;1
   3.87226; 2.08000;      -0.65534;3.43433;1
   3.83167; 2.08333;      -0.65743;3.43434;1
   3.79175; 2.08667;      -0.65920;3.43436;1
   3.75249; 2.09000;      -0.66079;3.43437;1
   3.71389; 2.09333;      -0.66209;3.43438;1
   3.67589; 2.09667;      -0.66309;3.43440;1
   3.63851; 2.10000;      -0.66367;3.43441;1
   3.60172; 2.10333;      -0.66408;3.43442;1
   3.56552; 2.10667;      -0.66425;3.43444;1
   3.52992; 2.11000;      -0.66423;3.43445;1
   3.49487; 2.11333;      -0.66398;3.43446;1
   3.46033; 2.11667;      -0.66359;3.43447;1
   3.42634; 2.12000;      -0.66280;3.43448;1
   3.39289; 2.12333;      -0.66168;3.43449;1
   3.35993; 2.12667;      -0.66047;3.43451;1
   3.32746; 2.13000;      -0.65910;3.43452;1
   3.29548; 2.13333;      -0.65759;3.43453;1
   3.26392; 2.13667;      -0.65596;3.43454;1
   3.23284; 2.14000;      -0.65409;3.43455;1
   3.20216; 2.14333;      -0.65201;3.43456;1
   3.17193; 2.14667;      -0.64978;3.43457;1
   3.14208; 2.15000;      -0.64740;3.43458;1
   3.11262; 2.15333;      -0.64492;3.43459;1
   3.08359; 2.15667;      -0.64224;3.43460;1
   3.05489; 2.16000;      -0.63945;3.43461;1
   3.02654; 2.16333;      -0.63649;3.43462;1
   2.99849; 2.16667;      -0.63348;3.43463;1
   2.97079; 2.17000;      -0.63043;3.43464;1
   2.94334; 2.17333;      -0.62727;3.43465;1
   2.91621; 2.17667;      -0.62405;3.43466;1
   2.88930; 2.18000;      -0.62075;3.43467;1
   2.86266; 2.18333;      -0.61732;3.43467;1
   2.83630; 2.18667;      -0.61380;3.43468;1
   2.81013; 2.19000;      -0.61023;3.43469;1
   2.78415; 2.19333;      -0.60658;3.43470;1
   2.75838; 2.19667;      -0.60292;3.43471;1
   2.73280; 2.20000;      -0.59923;3.43472;1
   2.70736; 2.20333;      -0.59548;3.43473;1
   2.68207; 2.20667;      -0.59182;3.43474;1
   2.65689; 2.21000;      -0.58813;3.43474;1
   2.63182; 2.21333;      -0.58437;3.43475;1
   2.60692; 2.21667;      -0.58060;3.43476;1
   2.58210; 2.22000;      -0.57687;3.43477;1
   2.55736; 2.22333;      -0.57315;3.43478;1
   2.53270; 2.22667;      -0.56939;3.43479;1
   2.50808; 2.23000;      -0.56558;3.43479;1
   2.48349; 2.23333;      -0.56180;3.43480;1
   2.45892; 2.23667;      -0.55807;3.43481;1
   2.43438; 2.24000;      -0.55442;3.43482;1
   2.40982; 2.24333;      -0.55083;3.43483;1
   2.38530; 2.24667;      -0.54724;3.43484;1
   2.36075; 2.25000;      -0.54371;3.43484;1
   2.33620; 2.25333;      -0.54024;3.43485;1
   2.31159; 2.25667;      -0.53684;3.43486;1
   2.28695; 2.26000;      -0.53343;3.43487;1
   2.26228; 2.26333;      -0.53003;3.43488;1
   2.23752; 2.26667;      -0.52671;3.43489;1
   2.21274; 2.27000;      -0.52350;3.43489;1
   2.18785; 2.27333;      -0.52026;3.43490;1
   2.16289; 2.27667;      -0.51710;3.43491;1
   2.13779; 2.28000;      -0.51407;3.43492;1
   2.11262; 2.28333;      -0.51115;3.43493;1
   2.08738; 2.28667;      -0.50826;3.43494;1
   2.06200; 2.29000;      -0.50542;3.43494;1
   2.03652; 2.29333;      -0.50263;3.43495;1
   2.01090; 2.29667;      -0.50004;3.43496;1
   1.98516; 2.30000;      -0.49742;3.43497;1
   1.95928; 2.30333;      -0.49488;3.43498;1
   1.93325; 2.30667;      -0.49241;3.43499;1
   1.90710; 2.31000;      -0.49014;3.43500;1
   1.88077; 2.31333;      -0.48796;3.43500;1
   1.85426; 2.31667;      -0.48586;3.43501;1
   1.82764; 2.32000;      -0.48379;3.43502;1
   1.80084; 2.32333;      -0.48179;3.43503;1
   1.77385; 2.32667;      -0.47980;3.43504;1
   1.74672; 2.33000;      -0.47795;3.43505;1
   1.71941; 2.33333;      -0.47615;3.43506;1
   1.69193; 2.33667;      -0.47442;3.43507;1
   1.66428; 2.34000;      -0.47281;3.43508;1
   1.63644; 2.34333;      -0.47135;3.43509;1
   1.60844; 2.34667;      -0.46999;3.43510;1
   1.58025; 2.35000;      -0.46868;3.43511;1
   1.55192; 2.35333;      -0.46743;3.43511;1
   1.52336; 2.35667;      -0.46631;3.43512;1
   1.49459; 2.36000;      -0.46519;3.43513;1
   1.46569; 2.36333;      -0.46421;3.43514;1
   1.43659; 2.36667;      -0.46333;3.43515;1
   1.40731; 2.37000;      -0.46255;3.43516;1
   1.37784; 2.37333;      -0.46178;3.43517;1
   1.34818; 2.37667;      -0.46111;3.43518;1
   1.31833; 2.38000;      -0.46052;3.43519;1
   1.28833; 2.38333;      -0.46002;3.43520;1
   1.25815; 2.38667;      -0.45964;3.43521;1
   1.22775; 2.39000;      -0.45929;3.43522;1
   1.19720; 2.39333;      -0.45900;3.43523;1
   1.16648; 2.39667;      -0.45877;3.43524;1
   1.13561; 2.40000;      -0.45862;3.43525;1
   1.10452; 2.40333;      -0.45856;3.43526;1
   1.07330; 2.40667;      -0.45846;3.43527;1
   1.04187; 2.41000;      -0.45846;3.43528;1
   1.01026; 2.41333;      -0.45854;3.43529;1
   0.97852; 2.41667;      -0.45871;3.43530;1
   0.94661; 2.42000;      -0.45890;3.43531;1
   0.91452; 2.42333;      -0.45928;3.43532;1
   0.88231; 2.42667;      -0.45965;3.43534;1
   0.84993; 2.43000;      -0.46004;3.43535;1
   0.81739; 2.43333;      -0.46052;3.43536;1
   0.78470; 2.43667;      -0.46112;3.43537;1
   0.75192; 2.44000;      -0.46167;3.43538;1
   0.71898; 2.44333;      -0.46227;3.43539;1
   0.68590; 2.44667;      -0.46288;3.43540;1
   0.65272; 2.45000;      -0.46355;3.43541;1
   0.61936; 2.45333;      -0.46427;3.43542;1
   0.58587; 2.45667;      -0.46503;3.43543;1
   0.55228; 2.46000;      -0.46590;3.43544;1
   0.51857; 2.46333;      -0.46677;3.43545;1
   0.48472; 2.46667;      -0.46765;3.43546;1
   0.45074; 2.47000;      -0.46856;3.43548;1
   0.41666; 2.47333;      -0.46949;3.43549;1
   0.38249; 2.47667;      -0.47049;3.43550;1
   0.34820; 2.48000;      -0.47149;3.43551;1
   0.31385; 2.48333;      -0.47253;3.43552;1
   0.27939; 2.48667;      -0.47359;3.43553;1
   0.24484; 2.49000;      -0.47471;3.43554;1
   0.21018; 2.49333;      -0.47584;3.43555;1
   0.17548; 2.49667;      -0.47701;3.43557;1
   0.14066; 2.50000;      -0.47815;3.43558;1
   0.10575; 2.50333;      -0.47932;3.43559;1
   0.07077; 2.50667;      -0.48048;3.43560;1
   0.03572; 2.51000;      -0.48165;3.43561;1
   0.00061; 2.51333;      -0.48284;3.43562;1
  -0.03457; 2.51667;      -0.48408;3.43563;1
  -0.06982; 2.52000;      -0.48534;3.43564;1
  -0.10510; 2.52333;      -0.48657;3.43566;1
  -0.14043; 2.52667;      -0.48776;3.43567;1
  -0.17582; 2.53000;      -0.48896;3.43568;1
  -0.21126; 2.53333;      -0.49018;3.43569;1
  -0.24674; 2.53667;      -0.49140;3.43570;1
  -0.28225; 2.54000;      -0.49264;3.43571;1
  -0.31777; 2.54333;      -0.49389;3.43572;1
  -0.35336; 2.54667;      -0.49512;3.43573;1
  -0.38897; 2.55000;      -0.49634;3.43575;1
  -0.42461; 2.55333;      -0.49759;3.43576;1
  -0.46028; 2.55667;      -0.49882;3.43577;1
  -0.49595; 2.56000;      -0.50005;3.43578;1
  -0.53164; 2.56333;      -0.50127;3.43579;1
  -0.56736; 2.56667;      -0.50249;3.43580;1
  -0.60308; 2.57000;      -0.50368;3.43581;1
  -0.63884; 2.57333;      -0.50488;3.43583;1
  -0.67457; 2.57667;      -0.50604;3.43584;1
  -0.71030; 2.58000;      -0.50717;3.43585;1
  -0.74602; 2.58333;      -0.50833;3.43586;1
  -0.78175; 2.58667;      -0.50951;3.43587;1
  -0.81748; 2.59000;      -0.51067;3.43588;1
  -0.85320; 2.59333;      -0.51170;3.43589;1
  -0.88889; 2.59667;      -0.51274;3.43591;1
  -0.92461; 2.60000;      -0.51380;3.43592;1
  -0.96033; 2.60333;      -0.51478;3.43593;1
  -0.99602; 2.60667;      -0.51577;3.43594;1
  -1.03170; 2.61000;      -0.51671;3.43595;1
  -1.06731; 2.61333;      -0.51764;3.43596;1
  -1.10290; 2.61667;      -0.51864;3.43597;1
  -1.13854; 2.62000;      -0.51964;3.43598;1
  -1.17416; 2.62333;      -0.52049;3.43600;1
  -1.20974; 2.62667;      -0.52138;3.43601;1
  -1.24530; 2.63000;      -0.52220;3.43602;1
  -1.28082; 2.63333;      -0.52306;3.43603;1
  -1.31628; 2.63667;      -0.52388;3.43604;1
  -1.35174; 2.64000;      -0.52464;3.43605;1
  -1.38713; 2.64333;      -0.52539;3.43606;1
  -1.42252; 2.64667;      -0.52601;3.43607;1
  -1.45785; 2.65000;      -0.52668;3.43609;1
  -1.49315; 2.65333;      -0.52732;3.43610;1
  -1.52836; 2.65667;      -0.52798;3.43611;1
  -1.56356; 2.66000;      -0.52866;3.43612;1
  -1.59874; 2.66333;      -0.52931;3.43613;1
  -1.63385; 2.66667;      -0.52999;3.43614;1
  -1.66893; 2.67000;      -0.53062;3.43615;1
  -1.70397; 2.67333;      -0.53118;3.43616;1
  -1.73898; 2.67667;      -0.53173;3.43617;1
  -1.77397; 2.68000;      -0.53228;3.43618;1
  -1.80887; 2.68333;      -0.53277;3.43619;1
  -1.84377; 2.68667;      -0.53316;3.43621;1
  -1.87861; 2.69000;      -0.53352;3.43622;1
  -1.91343; 2.69333;      -0.53391;3.43623;1
  -1.94820; 2.69667;      -0.53432;3.43624;1
  -1.98295; 2.70000;      -0.53481;3.43625;1
  -2.01764; 2.70333;      -0.53523;3.43626;1
  -2.05230; 2.70667;      -0.53561;3.43627;1
  -2.08687; 2.71000;      -0.53590;3.43628;1
  -2.12141; 2.71333;      -0.53620;3.43629;1
  -2.15592; 2.71667;      -0.53647;3.43630;1
  -2.19036; 2.72000;      -0.53670;3.43631;1
  -2.22472; 2.72333;      -0.53683;3.43632;1
  -2.25908; 2.72667;      -0.53701;3.43633;1
  -2.29336; 2.73000;      -0.53715;3.43635;1
  -2.32754; 2.73333;      -0.53723;3.43636;1
  -2.36172; 2.73667;      -0.53733;3.43637;1
  -2.39587; 2.74000;      -0.53746;3.43638;1
  -2.43000; 2.74333;      -0.53761;3.43639;1
  -2.46410; 2.74667;      -0.53769;3.43640;1
  -2.49811; 2.75000;      -0.53772;3.43641;1
  -2.53211; 2.75333;      -0.53773;3.43642;1
  -2.56605; 2.75667;      -0.53775;3.43643;1
  -2.59993; 2.76000;      -0.53773;3.43644;1
  -2.63382; 2.76333;      -0.53770;3.43645;1
  -2.66767; 2.76667;      -0.53768;3.43646;1
  -2.70144; 2.77000;      -0.53768;3.43647;1
  -2.73521; 2.77333;      -0.53765;3.43648;1
  -2.76893; 2.77667;      -0.53758;3.43649;1
  -2.80262; 2.78000;      -0.53750;3.43650;1
  -2.83630; 2.78333;      -0.53743;3.43651;1
  -2.86993; 2.78667;      -0.53734;3.43652;1
  -2.90352; 2.79000;      -0.53718;3.43653;1
  -2.93713; 2.79333;      -0.53702;3.43654;1
  -2.97069; 2.79667;      -0.53690;3.43655;1
  -3.00426; 2.80000;      -0.53672;3.43656;1
  -3.03777; 2.80333;      -0.53653;3.43657;1
  -3.07126; 2.80667;      -0.53634;3.43658;1
  -3.10472; 2.81000;      -0.53617;3.43659;1
  -3.13813; 2.81333;      -0.53602;3.43660;1
  -3.17154; 2.81667;      -0.53590;3.43661;1
  -3.20493; 2.82000;      -0.53576;3.43662;1
  -3.23828; 2.82333;      -0.53558;3.43663;1
  -3.27161; 2.82667;      -0.53530;3.43664;1
  -3.30493; 2.83000;      -0.53500;3.43665;1
  -3.33821; 2.83333;      -0.53472;3.43666;1
  -3.37149; 2.83667;      -0.53449;3.43667;1
  -3.40475; 2.84000;      -0.53422;3.43668;1
  -3.43797; 2.84333;      -0.53400;3.43669;1
  -3.47123; 2.84667;      -0.53376;3.43670;1
  -3.50446; 2.85000;      -0.53351;3.43671;1
  -3.53767; 2.85333;      -0.53326;3.43672;1
  -3.57090; 2.85667;      -0.53301;3.43674;1
  -3.60411; 2.86000;      -0.53275;3.43674;1
  -3.63734; 2.86333;      -0.53253;3.43676;1
  -3.67054; 2.86667;      -0.53231;3.43676;1
  -3.70375; 2.87000;      -0.53208;3.43677;1
  -3.73695; 2.87333;      -0.53184;3.43679;1
  -3.77013; 2.87667;      -0.53156;3.43679;1
  -3.80331; 2.88000;      -0.53129;3.43680;1
  -3.83648; 2.88333;      -0.53104;3.43681;1
  -3.86966; 2.88667;      -0.53080;3.43682;1
  -3.90280; 2.89000;      -0.53056;3.43683;1
  -3.93597; 2.89333;      -0.53029;3.43684;1
  -3.96910; 2.89667;      -0.53000;3.43685;1
  -4.00223; 2.90000;      -0.52971;3.43686;1
  -4.03538; 2.90333;      -0.52945;3.43687;1
  -4.06851; 2.90667;      -0.52917;3.43688;1
  -4.10162; 2.91000;      -0.52897;3.43689;1
  -4.13477; 2.91333;      -0.52875;3.43690;1
  -4.16790; 2.91667;      -0.52856;3.43691;1
  -4.20105; 2.92000;      -0.52838;3.43692;1
  -4.23421; 2.92333;      -0.52815;3.43693;1
  -4.26738; 2.92667;      -0.52796;3.43694;1
  -4.30054; 2.93000;      -0.52778;3.43695;1
  -4.33375; 2.93333;      -0.52759;3.43696;1
  -4.36700; 2.93667;      -0.52736;3.43697;1
  -4.40021; 2.94000;      -0.52714;3.43698;1
  -4.43343; 2.94333;      -0.52690;3.43699;1
  -4.46661; 2.94667;      -0.52670;3.43700;1
  -4.49980; 2.95000;      -0.52652;3.43701;1
  -4.53302; 2.95333;      -0.52638;3.43702;1
  -4.56625; 2.95667;      -0.52620;3.43703;1
  -4.59946; 2.96000;      -0.52613;3.43704;1
  -4.63274; 2.96333;      -0.52600;3.43705;1
  -4.66595; 2.96667;      -0.52582;3.43706;1
  -4.69918; 2.97000;      -0.52564;3.43707;1
  -4.73246; 2.97333;      -0.52544;3.43708;1
  -4.76574; 2.97667;      -0.52524;3.43709;1
  -4.79902; 2.98000;      -0.52506;3.43710;1
  -4.83231; 2.98333;      -0.52488;3.43711;1
  -4.86561; 2.98667;      -0.52469;3.43712;1
  -4.89895; 2.99000;      -0.52455;3.43713;1
  -4.93228; 2.99333;      -0.52455;3.43714;1
  -4.96562; 2.99667;      -0.52449;3.43715;1
  -4.99898; 3.00000;      -0.52437;3.43716;1
  -5.03234; 3.00333;      -0.52424;3.43717;1
  -5.06572; 3.00667;      -0.52407;3.43718;1
  -5.09908; 3.01000;      -0.52391;3.43719;1
  -5.13246; 3.01333;      -0.52383;3.43720;1
  -5.16587; 3.01667;      -0.52374;3.43721;1
  -5.19928; 3.02000;      -0.52366;3.43722;1
  -5.23269; 3.02333;      -0.52356;3.43723;1
  -5.26610; 3.02667;      -0.52341;3.43724;1
  -5.29951; 3.03000;      -0.52331;3.43725;1
  -5.33293; 3.03333;      -0.52324;3.43726;1
  -5.36638; 3.03667;      -0.52318;3.43727;1
  -5.39982; 3.04000;      -0.52312;3.43728;1
  -5.43330; 3.04333;      -0.52303;3.43729;1
  -5.46677; 3.04667;      -0.52297;3.43730;1
  -5.50026; 3.05000;      -0.52288;3.43731;1
  -5.53374; 3.05333;      -0.52278;3.43731;1
  -5.56721; 3.05667;      -0.52267;3.43732;1
  -5.60070; 3.06000;      -0.52267;3.43733;1
  -5.63423; 3.06333;      -0.52266;3.43734;1
  -5.66770; 3.06667;      -0.52263;3.43735;1
  -5.70120; 3.07000;      -0.52257;3.43736;1
  -5.73469; 3.07333;      -0.52252;3.43737;1
  -5.76818; 3.07667;      -0.52248;3.43738;1
  -5.80170; 3.08000;      -0.52242;3.43739;1
  -5.83525; 3.08333;      -0.52233;3.43740;1
  -5.86879; 3.08667;      -0.52225;3.43741;1
  -5.90233; 3.09000;      -0.52221;3.43742;1
  -5.93590; 3.09333;      -0.52221;3.43743;1
  -5.96946; 3.09667;      -0.52219;3.43744;1
  -6.00305; 3.10000;      -0.52218;3.43745;1
  -6.03664; 3.10333;      -0.52218;3.43746;1
  -6.07026; 3.10667;      -0.52217;3.43747;1
  -6.10385; 3.11000;      -0.52216;3.43748;1
  -6.13746; 3.11333;      -0.52216;3.43749;1
  -6.17105; 3.11667;      -0.52214;3.43750;1
  -6.20469; 3.12000;      -0.52212;3.43751;1
  -6.23831; 3.12333;      -0.52211;3.43752;1
  -6.27192; 3.12667;      -0.52212;3.43753;1
  -6.30556; 3.13000;      -0.52214;3.43754;1
  -6.33920; 3.13333;      -0.52216;3.43755;1
  -6.37280; 3.13667;      -0.52222;3.43756;1
  -6.40644; 3.14000;      -0.52222;3.43757;1
  -6.44008; 3.14333;      -0.52223;3.43758;1
  -6.47369; 3.14667;      -0.52226;3.43758;1
  -6.50736; 3.15000;      -0.52224;3.43759;1
  -6.54102; 3.15333;      -0.52230;3.43760;1
  -6.57469; 3.15667;      -0.52230;3.43761;1
  -6.60830; 3.16000;      -0.52233;3.43762;1
  -6.64197; 3.16333;      -0.52234;3.43763;1
  -6.67564; 3.16667;      -0.52237;3.43764;1
  -6.70931; 3.17000;      -0.52238;3.43765;1
  -6.74295; 3.17333;      -0.52239;3.43766;1
  -6.77661; 3.17667;      -0.52242;3.43767;1
  -6.81025; 3.18000;      -0.52253;3.43768;1
  -6.84389; 3.18333;      -0.52253;3.43769;1
  -6.87754; 3.18667;      -0.52256;3.43770;1
  -6.91121; 3.19000;      -0.52257;3.43771;1
  -6.94484; 3.19333;      -0.52257;3.43772;1
  -6.97848; 3.19667;      -0.52259;3.43773;1
  -7.01208; 3.20000;      -0.52260;3.43774;1
  -7.04569; 3.20333;      -0.52258;3.43775;1
  -7.07928; 3.20667;      -0.52257;3.43776;1
  -7.11284; 3.21000;      -0.52259;3.43776;1
  -7.14644; 3.21333;      -0.52262;3.43777;1
  -7.18005; 3.21667;      -0.52266;3.43778;1
  -7.21366; 3.22000;      -0.52266;3.43779;1
  -7.24725; 3.22333;      -0.52272;3.43780;1
  -7.28082; 3.22667;      -0.52279;3.43781;1
  -7.31439; 3.23000;      -0.52283;3.43782;1
  -7.34797; 3.23333;      -0.52283;3.43783;1
  -7.38152; 3.23667;      -0.52286;3.43784;1
  -7.41510; 3.24000;      -0.52287;3.43785;1
  -7.44866; 3.24333;      -0.52290;3.43786;1
  -7.48220; 3.24667;      -0.52291;3.43787;1
  -7.51574; 3.25000;      -0.52293;3.43788;1
  -7.54925; 3.25333;      -0.52290;3.43789;1
  -7.58275; 3.25667;      -0.52287;3.43790;1
  -7.61626; 3.26000;      -0.52282;3.43791;1
  -7.64975; 3.26333;      -0.52280;3.43791;1
  -7.68325; 3.26667;      -0.52276;3.43792;1
  -7.71674; 3.27000;      -0.52271;3.43793;1
  -7.75023; 3.27333;      -0.52270;3.43794;1
  -7.78370; 3.27667;      -0.52264;3.43795;1
  -7.81721; 3.28000;      -0.52262;3.43796;1
  -7.85067; 3.28333;      -0.52262;3.43797;1
  -7.88408; 3.28667;      -0.52253;3.43798;1
  -7.91752; 3.29000;      -0.52249;3.43799;1
  -7.95097; 3.29333;      -0.52239;3.43800;1
  -7.98438; 3.29667;      -0.52233;3.43801;1
  -8.01777; 3.30000;      -0.52225;3.43802;1
  -8.05115; 3.30333;      -0.52221;3.43803;1
  -8.08454; 3.30667;      -0.52219;3.43804;1
  -8.11792; 3.31000;      -0.52212;3.43804;1
  -8.15131; 3.31333;      -0.52210;3.43805;1
  -8.18466; 3.31667;      -0.52214;3.43806;1
  -8.21803; 3.32000;      -0.52211;3.43807;1
  -8.25139; 3.32333;      -0.52200;3.43808;1
  -8.28475; 3.32667;      -0.52188;3.43809;1
  -8.31811; 3.33000;      -0.52178;3.43810;1
  -8.35148; 3.33333;      -0.52169;3.43811;1
  -8.38480; 3.33667;      -0.52161;3.43812;1
  -8.41815; 3.34000;      -0.52145;3.43813;1
  -8.45148; 3.34333;      -0.52135;3.43814;1
  -8.48484; 3.34667;      -0.52129;3.43814;1
  -8.51818; 3.35000;      -0.52119;3.43815;1
  -8.55149; 3.35333;      -0.52111;3.43816;1
  -8.58482; 3.35667;      -0.52102;3.43817;1
  -8.61813; 3.36000;      -0.52095;3.43818;1
  -8.65149; 3.36333;      -0.52085;3.43819;1
  -8.68484; 3.36667;      -0.52076;3.43820;1
  -8.71813; 3.37000;      -0.52070;3.43821;1
  -8.75144; 3.37333;      -0.52066;3.43822;1
  -8.78479; 3.37667;      -0.52060;3.43823;1
  -8.81810; 3.38000;      -0.52049;3.43823;1
  -8.85143; 3.38333;      -0.52038;3.43824;1
  -8.88475; 3.38667;      -0.52034;3.43825;1
  -8.91808; 3.39000;      -0.52030;3.43826;1
  -8.95138; 3.39333;      -0.52018;3.43827;1
  -8.98470; 3.39667;      -0.52014;3.43828;1
  -9.01800; 3.40000;      -0.51996;3.43829;1
  -9.05134; 3.40333;      -0.51983;3.43830;1
  -9.08467; 3.40667;      -0.51971;3.43831;1
  -9.11795; 3.41000;      -0.51964;3.43832;1
  -9.15128; 3.41333;      -0.51954;3.43832;1
  -9.18461; 3.41667;      -0.51943;3.43833;1
  -9.21790; 3.42000;      -0.51936;3.43834;1
  -9.25118; 3.42333;      -0.51931;3.43835;1
  -9.28449; 3.42667;      -0.51923;3.43836;1
  -9.31779; 3.43000;      -0.51914;3.43837;1
  -9.35111; 3.43333;      -0.51902;3.43838;1
  -9.38443; 3.43667;      -0.51898;3.43839;1
  -9.41772; 3.44000;      -0.51892;3.43840;1
  -9.45102; 3.44333;      -0.51887;3.43840;1
  -9.48433; 3.44667;      -0.51878;3.43841;1
  -9.51766; 3.45000;      -0.51864;3.43842;1
  -9.55097; 3.45333;      -0.51849;3.43843;1
  -9.58428; 3.45667;      -0.51837;3.43844;1
  -9.61761; 3.46000;      -0.51826;3.43845;1
  -9.65093; 3.46333;      -0.51818;3.43846;1
  -9.68426; 3.46667;      -0.51815;3.43847;1
  -9.71754; 3.47000;      -0.51811;3.43848;1
  -9.75087; 3.47333;      -0.51803;3.43848;1
  -9.78421; 3.47667;      -0.51794;3.43849;1
  -9.81754; 3.48000;      -0.51788;3.43850;1
  -9.85084; 3.48333;      -0.51783;3.43851;1
  -9.88415; 3.48667;      -0.51777;3.43852;1
  -9.91751; 3.49000;      -0.51772;3.43853;1
  -9.95082; 3.49333;      -0.51763;3.43854;1
  -9.98411; 3.49667;      -0.51753;3.43855;1
 -10.01743; 3.50000;      -0.51747;3.43856;1
 -10.05077; 3.50333;      -0.51743;3.43856;1
 -10.08410; 3.50667;      -0.51737;3.43857;1
 -10.11741; 3.51000;      -0.51732;3.43858;1
 -10.15072; 3.51333;      -0.51728;3.43859;1
 -10.18405; 3.51667;      -0.51723;3.43860;1
 -10.21739; 3.52000;      -0.51719;3.43861;1
 -10.25070; 3.52333;      -0.51713;3.43862;1
 -10.28402; 3.52667;      -0.51705;3.43863;1
 -10.31728; 3.53000;      -0.51698;3.43863;1
 -10.35057; 3.53333;      -0.51689;3.43864;1
 -10.38387; 3.53667;      -0.51683;3.43865;1
 -10.41718; 3.54000;      -0.51680;3.43866;1
 -10.45048; 3.54333;      -0.51686;3.43867;1
 -10.48379; 3.54667;      -0.51689;3.43868;1
 -10.51705; 3.55000;      -0.51689;3.43869;1
 -10.55036; 3.55333;      -0.51684;3.43869;1
 -10.58364; 3.55667;      -0.51674;3.43870;1
 -10.61690; 3.56000;      -0.51661;3.43871;1
 -10.65016; 3.56333;      -0.51646;3.43872;1
 -10.68343; 3.56667;      -0.51636;3.43873;1
 -10.71664; 3.57000;      -0.51625;3.43874;1
 -10.74990; 3.57333;      -0.51620;3.43875;1
 -10.78313; 3.57667;      -0.51603;3.43875;1
 -10.81634; 3.58000;      -0.51590;3.43876;1
 -10.84956; 3.58333;      -0.51583;3.43877;1
 -10.88279; 3.58667;      -0.51581;3.43878;1
 -10.91600; 3.59000;      -0.51575;3.43879;1
 -10.94918; 3.59333;      -0.51569;3.43880;1
 -10.98238; 3.59667;      -0.51565;3.43881;1
 -11.01554; 3.60000;      -0.51558;3.43881;1
 -11.04874; 3.60333;      -0.51552;3.43882;1
 -11.08189; 3.60667;      -0.51546;3.43883;1
 -11.11505; 3.61000;      -0.51537;3.43884;1
 -11.14823; 3.61333;      -0.51529;3.43885;1
 -11.18141; 3.61667;      -0.51522;3.43886;1
 -11.21456; 3.62000;      -0.51516;3.43887;1
 -11.24772; 3.62333;      -0.51513;3.43887;1
 -11.28085; 3.62667;      -0.51506;3.43888;1
 -11.31400; 3.63000;      -0.51495;3.43889;1
 -11.34718; 3.63333;      -0.51484;3.43890;1
 -11.38033; 3.63667;      -0.51475;3.43891;1
 -11.41344; 3.64000;      -0.51465;3.43892;1
 -11.44659; 3.64333;      -0.51456;3.43893;1
 -11.47972; 3.64667;      -0.51445;3.43893;1
 -11.51285; 3.65000;      -0.51440;3.43894;1
 -11.54597; 3.65333;      -0.51428;3.43895;1
 -11.57910; 3.65667;      -0.51415;3.43896;1
 -11.61225; 3.66000;      -0.51400;3.43897;1
 -11.64538; 3.66333;      -0.51387;3.43898;1
 -11.67849; 3.66667;      -0.51375;3.43898;1
 -11.71161; 3.67000;      -0.51363;3.43899;1
 -11.74475; 3.67333;      -0.51356;3.43900;1
 -11.77785; 3.67667;      -0.51349;3.43901;1
 -11.81093; 3.68000;      -0.51344;3.43902;1
 -11.84407; 3.68333;      -0.51338;3.43903;1
 -11.87720; 3.68667;      -0.51331;3.43903;1
 -11.91030; 3.69000;      -0.51325;3.43904;1
 -11.94336; 3.69333;      -0.51314;3.43905;1
 -11.97648; 3.69667;      -0.51307;3.43906;1
 -12.00961; 3.70000;      -0.51300;3.43907;1
 -12.04272; 3.70333;      -0.51291;3.43908;1
 -12.07580; 3.70667;      -0.51284;3.43908;1
 -12.10892; 3.71000;      -0.51275;3.43909;1
 -12.14205; 3.71333;      -0.51264;3.43910;1
 -12.17511; 3.71667;      -0.51259;3.43911;1
 -12.20820; 3.72000;      -0.51251;3.43912;1
 -12.24131; 3.72333;      -0.51245;3.43913;1
 -12.27444; 3.72667;      -0.51238;3.43913;1
 -12.30752; 3.73000;      -0.51228;3.43914;1
 -12.34067; 3.73333;      -0.51220;3.43915;1
 -12.37379; 3.73667;      -0.51211;3.43916;1
 -12.40685; 3.74000;      -0.51202;3.43917;1
 -12.43993; 3.74333;      -0.51194;3.43918;1
 -12.47305; 3.74667;      -0.51188;3.43918;1
 -12.50613; 3.75000;      -0.51180;3.43919;1
 -12.53921; 3.75333;      -0.51170;3.43920;1
 -12.57230; 3.75667;      -0.51160;3.43921;1
 -12.60539; 3.76000;      -0.51151;3.43922;1
 -12.63848; 3.76333;      -0.51142;3.43923;1
 -12.67157; 3.76667;      -0.51133;3.43923;1
 -12.70469; 3.77000;      -0.51123;3.43924;1
 -12.73782; 3.77333;      -0.51114;3.43925;1
 -12.77095; 3.77667;      -0.51108;3.43926;1
 -12.80408; 3.78000;      -0.51102;3.43927;1
 -12.83725; 3.78333;      -0.51095;3.43927;1
 -12.87039; 3.78667;      -0.51091;3.43928;1
 -12.90351; 3.79000;      -0.51096;3.43929;1
 -12.93664; 3.79333;      -0.51102;3.43930;1
 -12.96979; 3.79667;      -0.51102;3.43931;1
 -13.00295; 3.80000;      -0.51087;3.43932;1
 -13.03610; 3.80333;      -0.51078;3.43932;1
 -13.06926; 3.80667;      -0.51069;3.43933;1
 -13.10243; 3.81000;      -0.51065;3.43934;1
 -13.13557; 3.81333;      -0.51061;3.43935;1
 -13.16875; 3.81667;      -0.51057;3.43936;1
 -13.20192; 3.82000;      -0.51056;3.43936;1
 -13.23508; 3.82333;      -0.51054;3.43937;1
 -13.26826; 3.82667;      -0.51048;3.43938;1
 -13.30148; 3.83000;      -0.51040;3.43939;1
 -13.33470; 3.83333;      -0.51031;3.43940;1
 -13.36789; 3.83667;      -0.51023;3.43940;1
 -13.40108; 3.84000;      -0.51017;3.43941;1
 -13.43433; 3.84333;      -0.51013;3.43942;1
 -13.46756; 3.84667;      -0.51009;3.43943;1
 -13.50079; 3.85000;      -0.51006;3.43944;1
 -13.53405; 3.85333;      -0.51002;3.43944;1
 -13.56730; 3.85667;      -0.50997;3.43945;1
 -13.60051; 3.86000;      -0.50992;3.43946;1
 -13.63372; 3.86333;      -0.50986;3.43947;1
 -13.66695; 3.86667;      -0.50983;3.43948;1
 -13.70021; 3.87000;      -0.50980;3.43948;1
 -13.73346; 3.87333;      -0.50977;3.43949;1
 -13.76674; 3.87667;      -0.50973;3.43950;1
 -13.80000; 3.88000;      -0.50971;3.43951;1
 -13.83326; 3.88333;      -0.50971;3.43952;1
 -13.86651; 3.88667;      -0.50968;3.43953;1
 -13.89975; 3.89000;      -0.50965;3.43953;1
 -13.93303; 3.89333;      -0.50965;3.43954;1
 -13.96633; 3.89667;      -0.50962;3.43955;1
 -13.99961; 3.90000;      -0.50957;3.43956;1
 -14.03289; 3.90333;      -0.50957;3.43956;1
 -14.06616; 3.90667;      -0.50957;3.43957;1
 -14.09944; 3.91000;      -0.50963;3.43958;1
 -14.13272; 3.91333;      -0.50966;3.43959;1
 -14.16602; 3.91667;      -0.50963;3.43960;1
 -14.19931; 3.92000;      -0.50958;3.43960;1
 -14.23261; 3.92333;      -0.50955;3.43961;1
 -14.26585; 3.92667;      -0.50952;3.43962;1
 -14.29915; 3.93000;      -0.50952;3.43963;1
 -14.33249; 3.93333;      -0.50952;3.43964;1
 -14.36582; 3.93667;      -0.50950;3.43964;1
 -14.39913; 3.94000;      -0.50947;3.43965;1
 -14.43249; 3.94333;      -0.50946;3.43966;1
 -14.46582; 3.94667;      -0.50946;3.43967;1
 -14.49915; 3.95000;      -0.50944;3.43968;1
 -14.53246; 3.95333;      -0.50941;3.43968;1
 -14.56580; 3.95667;      -0.50948;3.43969;1
 -14.59915; 3.96000;      -0.50955;3.43970;1
 -14.63248; 3.96333;      -0.50955;3.43971;1
 -14.66585; 3.96667;      -0.50955;3.43972;1
 -14.69921; 3.97000;      -0.50956;3.43972;1
 -14.73254; 3.97333;      -0.50955;3.43973;1
 -14.76590; 3.97667;      -0.50950;3.43974;1
 -14.79925; 3.98000;      -0.50950;3.43975;1
 -14.83264; 3.98333;      -0.50950;3.43975;1
 -14.86600; 3.98667;      -0.50949;3.43976;1
 -14.89938; 3.99000;      -0.50943;3.43977;1
 -14.93274; 3.99333;      -0.50940;3.43978;1
 -14.96611; 3.99667;      -0.50942;3.43979;1
 -14.99949; 4.00000;      -0.50945;3.43979;1
 -15.03285; 4.00333;      -0.50948;3.43980;1
 -15.06628; 4.00667;      -0.50949;3.43981;1
 -15.09969; 4.01000;      -0.50951;3.43982;1
 -15.13310; 4.01333;      -0.50952;3.43983;1
 -15.16651; 4.01667;      -0.50952;3.43983;1
 -15.19990; 4.02000;      -0.50949;3.43984;1
 -15.23334; 4.02333;      -0.50947;3.43985;1
 -15.26679; 4.02667;      -0.50943;3.43986;1
 -15.30020; 4.03000;      -0.50940;3.43986;1
 -15.33361; 4.03333;      -0.50937;3.43987;1
 -15.36698; 4.03667;      -0.50932;3.43988;1
 -15.40041; 4.04000;      -0.50931;3.43989;1
 -15.43382; 4.04333;      -0.50928;3.43990;1
 -15.46721; 4.04667;      -0.50926;3.43990;1
 -15.50062; 4.05000;      -0.50926;3.43991;1
 -15.53403; 4.05333;      -0.50925;3.43992;1
 -15.56738; 4.05667;      -0.50923;3.43993;1
 -15.60075; 4.06000;      -0.50920;3.43993;1
 -15.63416; 4.06333;      -0.50917;3.43994;1
 -15.66761; 4.06667;      -0.50915;3.43995;1
 -15.70105; 4.07000;      -0.50918;3.43996;1
 -15.73448; 4.07333;      -0.50921;3.43996;1
 -15.76792; 4.07667;      -0.50922;3.43997;1
 -15.80133; 4.08000;      -0.50924;3.43998;1
 -15.83475; 4.08333;      -0.50913;3.43999;1
 -15.86818; 4.08667;      -0.50907;3.44000;1
 -15.90161; 4.09000;      -0.50900;3.44000;1
 -15.93505; 4.09333;      -0.50903;3.44001;1
 -15.96849; 4.09667;      -0.50900;3.44002;1
 -16.00190; 4.10000;      -0.50900;3.44003;1
 -16.03533; 4.10333;      -0.50900;3.44003;1
 -16.06874; 4.10667;      -0.50897;3.44004;1
 -16.10216; 4.11000;      -0.50891;3.44005;1
 -16.13561; 4.11333;      -0.50891;3.44006;1
 -16.16903; 4.11667;      -0.50892;3.44006;1
 -16.20248; 4.12000;      -0.50895;3.44007;1
 -16.23597; 4.12333;      -0.50896;3.44008;1
 -16.26943; 4.12667;      -0.50896;3.44009;1
 -16.30290; 4.13000;      -0.50893;3.44009;1
 -16.33631; 4.13333;      -0.50893;3.44010;1
 -16.36972; 4.13667;      -0.50894;3.44011;1
 -16.40315; 4.14000;      -0.50894;3.44012;1
 -16.43661; 4.14333;      -0.50895;3.44012;1
 -16.47003; 4.14667;      -0.50895;3.44013;1
 -16.50349; 4.15000;      -0.50897;3.44014;1
 -16.53697; 4.15333;      -0.50895;3.44015;1
 -16.57044; 4.15667;      -0.50895;3.44015;1
 -16.60392; 4.16000;      -0.50893;3.44016;1
 -16.63739; 4.16333;      -0.50895;3.44017;1
 -16.67089; 4.16667;      -0.50893;3.44018;1
 -16.70436; 4.17000;      -0.50894;3.44018;1
 -16.73782; 4.17333;      -0.50897;3.44019;1
 -16.77128; 4.17667;      -0.50896;3.44020;1
 -16.80475; 4.18000;      -0.50897;3.44021;1
 -16.83823; 4.18333;      -0.50900;3.44021;1
 -16.87169; 4.18667;      -0.50895;3.44022;1
 -16.90515; 4.19000;      -0.50887;3.44023;1
 -16.93861; 4.19333;      -0.50886;3.44024;1
 -16.97210; 4.19667;      -0.50886;3.44024;1
 -17.00559; 4.20000;      -0.50886;3.44025;1
 -17.03907; 4.20333;      -0.50893;3.44026;1
 -17.07257; 4.20667;      -0.50895;3.44027;1
 -17.10603; 4.21000;      -0.50895;3.44027;1
 -17.13949; 4.21333;      -0.50893;3.44028;1
 -17.17295; 4.21667;      -0.50893;3.44029;1
 -17.20641; 4.22000;      -0.50888;3.44030;1
 -17.23989; 4.22333;      -0.50884;3.44030;1
 -17.27331; 4.22667;      -0.50884;3.44031;1
 -17.30674; 4.23000;      -0.50882;3.44032;1
 -17.34018; 4.23333;      -0.50884;3.44033;1
 -17.37364; 4.23667;      -0.50882;3.44033;1
 -17.40708; 4.24000;      -0.50879;3.44034;1
 -17.44051; 4.24333;      -0.50875;3.44035;1
 -17.47397; 4.24667;      -0.50870;3.44035;1
 -17.50741; 4.25000;      -0.50863;3.44036;1
 -17.54089; 4.25333;      -0.50858;3.44037;1
 -17.57433; 4.25667;      -0.50855;3.44038;1
 -17.60779; 4.26000;      -0.50857;3.44038;1
 -17.64126; 4.26333;      -0.50861;3.44039;1
 -17.67474; 4.26667;      -0.50861;3.44040;1
 -17.70818; 4.27000;      -0.50864;3.44041;1
 -17.74159; 4.27333;      -0.50865;3.44041;1
 -17.77498; 4.27667;      -0.50865;3.44042;1
 -17.80841; 4.28000;      -0.50865;3.44043;1
 -17.84185; 4.28333;      -0.50860;3.44044;1
 -17.87529; 4.28667;      -0.50854;3.44044;1
 -17.90872; 4.29000;      -0.50854;3.44045;1
 -17.94215; 4.29333;      -0.50851;3.44046;1
 -17.97557; 4.29667;      -0.50850;3.44046;1
 -18.00900; 4.30000;      -0.50850;3.44047;1
 -18.04244; 4.30333;      -0.50854;3.44048;1
 -18.07587; 4.30667;      -0.50854;3.44049;1
 -18.10929; 4.31000;      -0.50855;3.44049;1
 -18.14270; 4.31333;      -0.50852;3.44050;1
 -18.17613; 4.31667;      -0.50852;3.44051;1
 -18.20957; 4.32000;      -0.50850;3.44051;1
 -18.24293; 4.32333;      -0.50850;3.44052;1
 -18.27629; 4.32667;      -0.50849;3.44053;1
 -18.30969; 4.33000;      -0.50849;3.44054;1
 -18.34308; 4.33333;      -0.50838;3.44054;1
 -18.37649; 4.33667;      -0.50833;3.44055;1
 -18.40990; 4.34000;      -0.50825;3.44056;1
 -18.44331; 4.34333;      -0.50815;3.44056;1
 -18.47669; 4.34667;      -0.50808;3.44057;1
 -18.51008; 4.35000;      -0.50800;3.44058;1
 -18.54348; 4.35333;      -0.50793;3.44059;1
 -18.57685; 4.35667;      -0.50790;3.44059;1
 -18.61025; 4.36000;      -0.50787;3.44060;1
 -18.64364; 4.36333;      -0.50785;3.44061;1
 -18.67700; 4.36667;      -0.50784;3.44061;1
 -18.71038; 4.37000;      -0.50776;3.44062;1
 -18.74372; 4.37333;      -0.50769;3.44063;1
 -18.77710; 4.37667;      -0.50765;3.44064;1
 -18.81049; 4.38000;      -0.50756;3.44064;1
 -18.84385; 4.38333;      -0.50751;3.44065;1
 -18.87721; 4.38667;      -0.50747;3.44066;1
 -18.91056; 4.39000;      -0.50741;3.44066;1
 -18.94393; 4.39333;      -0.50734;3.44067;1
 -18.97734; 4.39667;      -0.50726;3.44068;1
 -19.01069; 4.40000;      -0.50720;3.44069;1
 -19.04403; 4.40333;      -0.50717;3.44069;1
 -19.07738; 4.40667;      -0.50710;3.44070;1
 -19.11070; 4.41000;      -0.50703;3.44071;1
 -19.14403; 4.41333;      -0.50695;3.44071;1
 -19.17736; 4.41667;      -0.50689;3.44072;1
 -19.21072; 4.42000;      -0.50681;3.44073;1
 -19.24408; 4.42333;      -0.50672;3.44073;1
 -19.27746; 4.42667;      -0.50664;3.44074;1
 -19.31080; 4.43000;      -0.50657;3.44075;1
 -19.34420; 4.43333;      -0.50648;3.44075;1
 -19.37756; 4.43667;      -0.50638;3.44076;1
 -19.41092; 4.44000;      -0.50638;3.44077;1
 -19.44431; 4.44333;      -0.50639;3.44078;1
 -19.47770; 4.44667;      -0.50633;3.44078;1
 -19.51105; 4.45000;      -0.50628;3.44079;1
 -19.54444; 4.45333;      -0.50622;3.44080;1
 -19.57780; 4.45667;      -0.50611;3.44080;1
 -19.61118; 4.46000;      -0.50604;3.44081;1
 -19.64454; 4.46333;      -0.50598;3.44082;1
 -19.67789; 4.46667;      -0.50592;3.44082;1
 -19.71126; 4.47000;      -0.50586;3.44083;1
 -19.74462; 4.47333;      -0.50582;3.44084;1
 -19.77798; 4.47667;      -0.50575;3.44084;1
 -19.81139; 4.48000;      -0.50566;3.44085;1
 -19.84477; 4.48333;      -0.50561;3.44086;1
 -19.87811; 4.48667;      -0.50560;3.44087;1
 -19.91149; 4.49000;      -0.50554;3.44087;1
 -19.94485; 4.49333;      -0.50549;3.44088;1
 -19.97823; 4.49667;      -0.50544;3.44089;1
 -20.01161; 4.50000;      -0.50541;3.44089;1
 -20.04497; 4.50333;      -0.50535;3.44090;1
 -20.07833; 4.50667;      -0.50533;3.44091;1
 -20.11169; 4.51000;      -0.50532;3.44091;1
 -20.14507; 4.51333;      -0.50534;3.44092;1
 -20.17846; 4.51667;      -0.50536;3.44093;1
 -20.21185; 4.52000;      -0.50531;3.44093;1
 -20.24526; 4.52333;      -0.50527;3.44094;1
 -20.27867; 4.52667;      -0.50521;3.44095;1
 -20.31207; 4.53000;      -0.50515;3.44095;1
 -20.34546; 4.53333;      -0.50511;3.44096;1
 -20.37889; 4.53667;      -0.50503;3.44097;1
 -20.41231; 4.54000;      -0.50499;3.44097;1
 -20.44570; 4.54333;      -0.50497;3.44098;1
 -20.47910; 4.54667;      -0.50497;3.44099;1
 -20.51252; 4.55000;      -0.50504;3.44099;1
 -20.54595; 4.55333;      -0.50503;3.44100;1
 -20.57936; 4.55667;      -0.50498;3.44101;1
 -20.61274; 4.56000;      -0.50492;3.44101;1
 -20.64611; 4.56333;      -0.50489;3.44102;1
 -20.67951; 4.56667;      -0.50485;3.44103;1
 -20.71290; 4.57000;      -0.50479;3.44103;1
 -20.74628; 4.57333;      -0.50478;3.44104;1
 -20.77970; 4.57667;      -0.50476;3.44105;1
 -20.81311; 4.58000;      -0.50473;3.44105;1
 -20.84652; 4.58333;      -0.50471;3.44106;1
 -20.87997; 4.58667;      -0.50468;3.44107;1
 -20.91338; 4.59000;      -0.50463;3.44107;1
 -20.94680; 4.59333;      -0.50458;3.44108;1
 -20.98016; 4.59667;      -0.50458;3.44109;1
 -21.01352; 4.60000;      -0.50455;3.44109;1
 -21.04692; 4.60333;      -0.50452;3.44110;1
 -21.08033; 4.60667;      -0.50448;3.44111;1
 -21.11375; 4.61000;      -0.50446;3.44111;1
 -21.14715; 4.61333;      -0.50445;3.44112;1
 -21.18059; 4.61667;      -0.50440;3.44113;1
 -21.21407; 4.62000;      -0.50433;3.44113;1
 -21.24748; 4.62333;      -0.50427;3.44114;1
 -21.28090; 4.62667;      -0.50421;3.44115;1
 -21.31428; 4.63000;      -0.50415;3.44115;1
 -21.34771; 4.63333;      -0.50411;3.44116;1
 -21.38108; 4.63667;      -0.50409;3.44117;1
 -21.41449; 4.64000;      -0.50406;3.44117;1
 -21.44789; 4.64333;      -0.50402;3.44118;1
 -21.48125; 4.64667;      -0.50393;3.44119;1
 -21.51462; 4.65000;      -0.50386;3.44119;1
 -21.54803; 4.65333;      -0.50383;3.44120;1
 -21.58144; 4.65667;      -0.50378;3.44121;1
 -21.61487; 4.66000;      -0.50379;3.44121;1
 -21.64826; 4.66333;      -0.50378;3.44122;1
 -21.68169; 4.66667;      -0.50375;3.44123;1
 -21.71510; 4.67000;      -0.50368;3.44123;1
 -21.74848; 4.67333;      -0.50362;3.44124;1
 -21.78187; 4.67667;      -0.50350;3.44125;1
 -21.81528; 4.68000;      -0.50344;3.44125;1
 -21.84869; 4.68333;      -0.50341;3.44126;1
 -21.88210; 4.68667;      -0.50341;3.44126;1
 -21.91552; 4.69000;      -0.50338;3.44127;1
 -21.94893; 4.69333;      -0.50331;3.44128;1
 -21.98236; 4.69667;      -0.50326;3.44128;1
 -22.01577; 4.70000;      -0.50316;3.44129;1
 -22.04918; 4.70333;      -0.50312;3.44130;1
 -22.08262; 4.70667;      -0.50307;3.44130;1
 -22.11610; 4.71000;      -0.50306;3.44131;1
 -22.14954; 4.71333;      -0.50307;3.44132;1
 -22.18297; 4.71667;      -0.50310;3.44132;1
 -22.21641; 4.72000;      -0.50314;3.44133;1
 -22.24985; 4.72333;      -0.50310;3.44134;1
 -22.28326; 4.72667;      -0.50295;3.44134;1
 -22.31669; 4.73000;      -0.50286;3.44135;1
 -22.35015; 4.73333;      -0.50282;3.44135;1
 -22.38361; 4.73667;      -0.50273;3.44136;1
 -22.41705; 4.74000;      -0.50264;3.44137;1
 -22.45044; 4.74333;      -0.50261;3.44137;1
 -22.48390; 4.74667;      -0.50255;3.44138;1
 -22.51736; 4.75000;      -0.50249;3.44139;1
 -22.55082; 4.75333;      -0.50241;3.44139;1
 -22.58428; 4.75667;      -0.50232;3.44140;1
 -22.61772; 4.76000;      -0.50227;3.44141;1
 -22.65123; 4.76333;      -0.50220;3.44141;1
 -22.68472; 4.76667;      -0.50216;3.44142;1
 -22.71818; 4.77000;      -0.50213;3.44142;1
 -22.75167; 4.77333;      -0.50208;3.44143;1
 -22.78521; 4.77667;      -0.50205;3.44144;1
 -22.81867; 4.78000;      -0.50196;3.44144;1
 -22.85216; 4.78333;      -0.50189;3.44145;1
 -22.88567; 4.78667;      -0.50182;3.44146;1
 -22.91916; 4.79000;      -0.50177;3.44146;1
 -22.95267; 4.79333;      -0.50174;3.44147;1
 -22.98621; 4.79667;      -0.50173;3.44147;1
 -23.01977; 4.80000;      -0.50171;3.44148;1
 -23.05333; 4.80333;      -0.50168;3.44149;1
 -23.08690; 4.80667;      -0.50184;3.44149;1
 -23.12048; 4.81000;      -0.50225;3.44150;1
 -23.15407; 4.81333;      -0.50259;3.44151;1
 -23.18767; 4.81667;      -0.50288;3.44151;1
 -23.22125; 4.82000;      -0.50313;3.44152;1
 -23.25482; 4.82333;      -0.50323;3.44152;1
 -23.28844; 4.82667;      -0.50320;3.44153;1
 -23.32208; 4.83000;      -0.50304;3.44154;1
 -23.35575; 4.83333;      -0.50295;3.44154;1
 -23.38944; 4.83667;      -0.50295;3.44155;1
 -23.42311; 4.84000;      -0.50290;3.44156;1
 -23.45682; 4.84333;      -0.50286;3.44156;1
 -23.49052; 4.84667;      -0.50282;3.44157;1
 -23.52428; 4.85000;      -0.50274;3.44157;1
 -23.55803; 4.85333;      -0.50270;3.44158;1
 -23.59177; 4.85667;      -0.50257;3.44159;1
 -23.62551; 4.86000;      -0.50249;3.44159;1
 -23.65923; 4.86333;      -0.50249;3.44160;1
 -23.69303; 4.86667;      -0.50245;3.44161;1
 -23.72684; 4.87000;      -0.50236;3.44161;1
 -23.76064; 4.87333;      -0.50233;3.44162;1
 -23.79446; 4.87667;      -0.50227;3.44162;1
 -23.82831; 4.88000;      -0.50230;3.44163;1
 -23.86220; 4.88333;      -0.50230;3.44164;1
 -23.89607; 4.88667;      -0.50234;3.44164;1
 -23.92992; 4.89000;      -0.50236;3.44165;1
 -23.96379; 4.89333;      -0.50234;3.44165;1
 -23.99762; 4.89667;      -0.50231;3.44166;1
 -24.03152; 4.90000;      -0.50229;3.44167;1
 -24.06544; 4.90333;      -0.50234;3.44167;1
 -24.09936; 4.90667;      -0.50237;3.44168;1
 -24.13328; 4.91000;      -0.50239;3.44169;1
 -24.16716; 4.91333;      -0.50244;3.44169;1
 -24.20110; 4.91667;      -0.50248;3.44170;1
 -24.23508; 4.92000;      -0.50254;3.44170;1
 -24.26905; 4.92333;      -0.50256;3.44171;1
 -24.30302; 4.92667;      -0.50262;3.44172;1
 -24.33697; 4.93000;      -0.50266;3.44172;1
 -24.37093; 4.93333;      -0.50269;3.44173;1
 -24.40492; 4.93667;      -0.50274;3.44173;1
 -24.43890; 4.94000;      -0.50275;3.44174;1
 -24.47290; 4.94333;      -0.50278;3.44175;1
 -24.50698; 4.94667;      -0.50288;3.44175;1
 -24.54102; 4.95000;      -0.50291;3.44176;1
 -24.57505; 4.95333;      -0.50295;3.44176;1
 -24.60907; 4.95667;      -0.50299;3.44177;1
 -24.64313; 4.96000;      -0.50308;3.44178;1
 -24.67720; 4.96333;      -0.50313;3.44178;1
 -24.71121; 4.96667;      -0.50318;3.44179;1
 -24.74530; 4.97000;      -0.50329;3.44179;1
 -24.77934; 4.97333;      -0.50341;3.44180;1
 -24.81341; 4.97667;      -0.50349;3.44181;1
 -24.84744; 4.98000;      -0.50356;3.44181;1
 -24.88152; 4.98333;      -0.50361;3.44182;1
 -24.91562; 4.98667;      -0.50364;3.44182;1
 -24.94969; 4.99000;      -0.50369;3.44183;1
 -24.98375; 4.99333;      -0.50378;3.44184;1
 -25.01780; 4.99667;      -0.50389;3.44184;1
 -25.05184; 5.00000;      -0.50400;3.44185;1
 -25.08592; 5.00333;      -0.50407;3.44185;1
 -25.11998; 5.00667;      -0.50412;3.44186;1
 -25.15403; 5.01000;      -0.50420;3.44187;1
 -25.18807; 5.01333;      -0.50427;3.44187;1
 -25.22210; 5.01667;      -0.50434;3.44188;1
 -25.25615; 5.02000;      -0.50441;3.44188;1
 -25.29018; 5.02333;      -0.50447;3.44189;1
 -25.32418; 5.02667;      -0.50454;3.44190;1
 -25.35816; 5.03000;      -0.50464;3.44190;1
 -25.39213; 5.03333;      -0.50476;3.44191;1
 -25.42608; 5.03667;      -0.50483;3.44191;1
 -25.46002; 5.04000;      -0.50490;3.44192;1
 -25.49398; 5.04333;      -0.50494;3.44192;1
 -25.52790; 5.04667;      -0.50494;3.44193;1
 -25.56184; 5.05000;      -0.50498;3.44194;1
 -25.59572; 5.05333;      -0.50497;3.44194;1
 -25.62959; 5.05667;      -0.50495;3.44195;1
 -25.66346; 5.06000;      -0.50497;3.44195;1
 -25.69731; 5.06333;      -0.50495;3.44196;1
 -25.73113; 5.06667;      -0.50495;3.44197;1
 -25.76490; 5.07000;      -0.50494;3.44197;1
 -25.79867; 5.07333;      -0.50498;3.44198;1
 -25.83246; 5.07667;      -0.50509;3.44198;1
 -25.86620; 5.08000;      -0.50512;3.44199;1
 -25.89992; 5.08333;      -0.50512;3.44199;1
 -25.93361; 5.08667;      -0.50512;3.44200;1
 -25.96726; 5.09000;      -0.50509;3.44201;1
 -26.00095; 5.09333;      -0.50505;3.44201;1
 -26.03462; 5.09667;      -0.50503;3.44202;1
 -26.06831; 5.10000;      -0.50500;3.44202;1
 -26.10193; 5.10333;      -0.50493;3.44203;1
 -26.13554; 5.10667;      -0.50481;3.44203;1
 -26.16913; 5.11000;      -0.50472;3.44204;1
 -26.20270; 5.11333;      -0.50465;3.44205;1
 -26.23630; 5.11667;      -0.50459;3.44205;1
 -26.26985; 5.12000;      -0.50452;3.44206;1
 -26.30338; 5.12333;      -0.50446;3.44206;1
 -26.33687; 5.12667;      -0.50439;3.44207;1
 -26.37036; 5.13000;      -0.50430;3.44207;1
 -26.40382; 5.13333;      -0.50417;3.44208;1
 -26.43730; 5.13667;      -0.50404;3.44208;1
 -26.47072; 5.14000;      -0.50392;3.44209;1
 -26.50413; 5.14333;      -0.50376;3.44210;1
 -26.53752; 5.14667;      -0.50358;3.44210;1
 -26.57087; 5.15000;      -0.50342;3.44211;1
 -26.60420; 5.15333;      -0.50328;3.44211;1
 -26.63749; 5.15667;      -0.50312;3.44212;1
 -26.67079; 5.16000;      -0.50296;3.44212;1
 -26.70403; 5.16333;      -0.50280;3.44213;1
 -26.73726; 5.16667;      -0.50265;3.44213;1
 -26.77052; 5.17000;      -0.50246;3.44214;1
 -26.80370; 5.17333;      -0.50229;3.44214;1
 -26.83693; 5.17667;      -0.50216;3.44215;1
 -26.87013; 5.18000;      -0.50200;3.44216;1
 -26.90331; 5.18333;      -0.50185;3.44216;1
 -26.93648; 5.18667;      -0.50166;3.44217;1
 -26.96959; 5.19000;      -0.50149;3.44217;1
 -27.00269; 5.19333;      -0.50127;3.44218;1
 -27.03579; 5.19667;      -0.50111;3.44218;1
 -27.06889; 5.20000;      -0.50092;3.44219;1
 -27.10197; 5.20333;      -0.50069;3.44219;1
 -27.13498; 5.20667;      -0.50043;3.44220;1
 -27.16800; 5.21000;      -0.50016;3.44220;1
 -27.20102; 5.21333;      -0.49990;3.44221;1
 -27.23403; 5.21667;      -0.49966;3.44222;1
 -27.26703; 5.22000;      -0.49939;3.44222;1
 -27.29998; 5.22333;      -0.49916;3.44223;1
 -27.33297; 5.22667;      -0.49897;3.44223;1
 -27.36592; 5.23000;      -0.49883;3.44224;1
 -27.39889; 5.23333;      -0.49859;3.44224;1
 -27.43182; 5.23667;      -0.49835;3.44225;1
 -27.46472; 5.24000;      -0.49811;3.44225;1
 -27.49766; 5.24333;      -0.49785;3.44226;1
 -27.53054; 5.24667;      -0.49762;3.44226;1
 -27.56344; 5.25000;      -0.49739;3.44227;1
 -27.59633; 5.25333;      -0.49714;3.44227;1
 -27.62921; 5.25667;      -0.49688;3.44228;1
 -27.66207; 5.26000;      -0.49662;3.44228;1
 -27.69493; 5.26333;      -0.49634;3.44229;1
 -27.72779; 5.26667;      -0.49606;3.44229;1
 -27.76064; 5.27000;      -0.49579;3.44230;1
 -27.79351; 5.27333;      -0.49548;3.44230;1
 -27.82638; 5.27667;      -0.49524;3.44231;1
 -27.85921; 5.28000;      -0.49502;3.44232;1
 -27.89207; 5.28333;      -0.49490;3.44232;1
 -27.92487; 5.28667;      -0.49474;3.44233;1
 -27.95770; 5.29000;      -0.49452;3.44233;1
 -27.99056; 5.29333;      -0.49429;3.44234;1
 -28.02338; 5.29667;      -0.49403;3.44234;1
 -28.05620; 5.30000;      -0.49380;3.44235;1
 -28.08902; 5.30333;      -0.49355;3.44235;1
 -28.12185; 5.30667;      -0.49330;3.44236;1
 -28.15467; 5.31000;      -0.49307;3.44236;1
 -28.18746; 5.31333;      -0.49290;3.44237;1
 -28.22028; 5.31667;      -0.49268;3.44237;1
 -28.25307; 5.32000;      -0.49247;3.44238;1
 -28.28587; 5.32333;      -0.49230;3.44238;1
 -28.31864; 5.32667;      -0.49207;3.44239;1
 -28.35143; 5.33000;      -0.49183;3.44239;1
 -28.38420; 5.33333;      -0.49156;3.44240;1
 -28.41703; 5.33667;      -0.49130;3.44240;1
 -28.44982; 5.34000;      -0.49112;3.44241;1
 -28.48262; 5.34333;      -0.49111;3.44241;1
 -28.51541; 5.34667;      -0.49109;3.44242;1
 -28.54820; 5.35000;      -0.49102;3.44242;1
 -28.58100; 5.35333;      -0.49086;3.44243;1
 -28.61379; 5.35667;      -0.49061;3.44243;1
 -28.64657; 5.36000;      -0.49036;3.44244;1
 -28.67939; 5.36333;      -0.49015;3.44244;1
 -28.71221; 5.36667;      -0.48993;3.44245;1
 -28.74503; 5.37000;      -0.48974;3.44245;1
 -28.77785; 5.37333;      -0.48958;3.44246;1
 -28.81067; 5.37667;      -0.48950;3.44246;1
 -28.84352; 5.38000;      -0.48936;3.44247;1
 -28.87636; 5.38333;      -0.48916;3.44247;1
 -28.90920; 5.38667;      -0.48899;3.44248;1
 -28.94203; 5.39000;      -0.48879;3.44248;1
 -28.97489; 5.39333;      -0.48856;3.44249;1
 -29.00774; 5.39667;      -0.48837;3.44249;1
 -29.04057; 5.40000;      -0.48820;3.44250;1
 -29.07343; 5.40333;      -0.48805;3.44250;1
 -29.10626; 5.40667;      -0.48789;3.44251;1
 -29.13915; 5.41000;      -0.48776;3.44251;1
 -29.17202; 5.41333;      -0.48763;3.44252;1
 -29.20489; 5.41667;      -0.48753;3.44252;1
 -29.23775; 5.42000;      -0.48744;3.44253;1
 -29.27061; 5.42333;      -0.48729;3.44253;1
 -29.30349; 5.42667;      -0.48719;3.44254;1
 -29.33638; 5.43000;      -0.48709;3.44254;1
 -29.36930; 5.43333;      -0.48700;3.44255;1
 -29.40220; 5.43667;      -0.48690;3.44255;1
 -29.43511; 5.44000;      -0.48687;3.44256;1
 -29.46808; 5.44333;      -0.48684;3.44256;1
 -29.50100; 5.44667;      -0.48679;3.44257;1
 -29.53395; 5.45000;      -0.48671;3.44257;1
 -29.56690; 5.45333;      -0.48660;3.44258;1
 -29.59989; 5.45667;      -0.48646;3.44258;1
 -29.63285; 5.46000;      -0.48633;3.44259;1
 -29.66584; 5.46333;      -0.48624;3.44259;1
 -29.69882; 5.46667;      -0.48617;3.44260;1
 -29.73182; 5.47000;      -0.48604;3.44260;1
 -29.76482; 5.47333;      -0.48592;3.44261;1
 -29.79784; 5.47667;      -0.48582;3.44261;1
 -29.83082; 5.48000;      -0.48572;3.44262;1
 -29.86384; 5.48333;      -0.48564;3.44262;1
 -29.89692; 5.48667;      -0.48550;3.44262;1
 -29.92998; 5.49000;      -0.48537;3.44263;1
 -29.96302; 5.49333;      -0.48535;3.44263;1
 -29.99603; 5.49667;      -0.48525;3.44264;1
 -30.02908; 5.50000;      -0.48516;3.44264;1
 -30.06213; 5.50333;      -0.48509;3.44265;1
 -30.09523; 5.50667;      -0.48503;3.44265;1
 -30.12828; 5.51000;      -0.48497;3.44266;1
 -30.16136; 5.51333;      -0.48490;3.44266;1
 -30.19449; 5.51667;      -0.48484;3.44267;1
 -30.22757; 5.52000;      -0.48478;3.44267;1
 -30.26070; 5.52333;      -0.48468;3.44268;1
 -30.29384; 5.52667;      -0.48463;3.44268;1
 -30.32700; 5.53000;      -0.48458;3.44269;1
 -30.36016; 5.53333;      -0.48462;3.44269;1
 -30.39333; 5.53667;      -0.48460;3.44270;1
 -30.42649; 5.54000;      -0.48456;3.44270;1
 -30.45970; 5.54333;      -0.48452;3.44271;1
 -30.49290; 5.54667;      -0.48447;3.44271;1
 -30.52613; 5.55000;      -0.48444;3.44272;1
 -30.55934; 5.55333;      -0.48440;3.44272;1
 -30.59257; 5.55667;      -0.48434;3.44273;1
 -30.62584; 5.56000;      -0.48428;3.44273;1
 -30.65910; 5.56333;      -0.48428;3.44273;1
 -30.69234; 5.56667;      -0.48426;3.44274;1
 -30.72559; 5.57000;      -0.48425;3.44274;1
 -30.75887; 5.57333;      -0.48422;3.44275;1
 -30.79213; 5.57667;      -0.48420;3.44275;1
 -30.82546; 5.58000;      -0.48419;3.44276;1
 -30.85874; 5.58333;      -0.48420;3.44276;1
 -30.89202; 5.58667;      -0.48422;3.44277;1
 -30.92531; 5.59000;      -0.48423;3.44277;1
 -30.95864; 5.59333;      -0.48420;3.44278;1
 -30.99198; 5.59667;      -0.48417;3.44278;1
 -31.02533; 5.60000;      -0.48419;3.44279;1
 -31.05869; 5.60333;      -0.48418;3.44279;1
 -31.09205; 5.60667;      -0.48418;3.44280;1
 -31.12544; 5.61000;      -0.48417;3.44280;1
 -31.15880; 5.61333;      -0.48415;3.44280;1
 -31.19218; 5.61667;      -0.48408;3.44281;1
 -31.22557; 5.62000;      -0.48414;3.44281;1
 -31.25897; 5.62333;      -0.48420;3.44282;1
 -31.29236; 5.62667;      -0.48420;3.44282;1
 -31.32579; 5.63000;      -0.48424;3.44283;1
 -31.35916; 5.63333;      -0.48425;3.44283;1
 -31.39254; 5.63667;      -0.48424;3.44284;1
 -31.42592; 5.64000;      -0.48424;3.44284;1
 -31.45931; 5.64333;      -0.48426;3.44285;1
 -31.49272; 5.64667;      -0.48434;3.44285;1
 -31.52608; 5.65000;      -0.48437;3.44286;1
 -31.55948; 5.65333;      -0.48435;3.44286;1
 -31.59285; 5.65667;      -0.48436;3.44286;1
 -31.62621; 5.66000;      -0.48439;3.44287;1
 -31.65961; 5.66333;      -0.48441;3.44287;1
 -31.69302; 5.66667;      -0.48443;3.44288;1
 -31.72643; 5.67000;      -0.48451;3.44288;1
 -31.75980; 5.67333;      -0.48452;3.44289;1
 -31.79321; 5.67667;      -0.48453;3.44289;1
 -31.82662; 5.68000;      -0.48453;3.44290;1
 -31.86007; 5.68333;      -0.48456;3.44290;1
 -31.89344; 5.68667;      -0.48459;3.44291;1
 -31.92680; 5.69000;      -0.48466;3.44291;1
 -31.96020; 5.69333;      -0.48475;3.44291;1
 -31.99359; 5.69667;      -0.48482;3.44292;1
 -32.02702; 5.70000;      -0.48483;3.44292;1
 -32.06043; 5.70333;      -0.48483;3.44293;1
 -32.09384; 5.70667;      -0.48483;3.44293;1
 -32.12721; 5.71000;      -0.48488;3.44294;1
 -32.16062; 5.71333;      -0.48490;3.44294;1
 -32.19402; 5.71667;      -0.48498;3.44294;1
 -32.22743; 5.72000;      -0.48505;3.44295;1
 -32.26084; 5.72333;      -0.48505;3.44295;1
 -32.29423; 5.72667;      -0.48502;3.44296;1
 -32.32762; 5.73000;      -0.48499;3.44296;1
 -32.36100; 5.73333;      -0.48499;3.44297;1
 -32.39441; 5.73667;      -0.48496;3.44297;1
 -32.42782; 5.74000;      -0.48491;3.44298;1
 -32.46118; 5.74333;      -0.48491;3.44298;1
 -32.49456; 5.74667;      -0.48488;3.44298;1
 -32.52795; 5.75000;      -0.48488;3.44299;1
 -32.56133; 5.75333;      -0.48488;3.44299;1
 -32.59472; 5.75667;      -0.48487;3.44300;1
 -32.62808; 5.76000;      -0.48484;3.44300;1
 -32.66143; 5.76333;      -0.48479;3.44301;1
 -32.69479; 5.76667;      -0.48468;3.44301;1
 -32.72813; 5.77000;      -0.48459;3.44301;1
 -32.76144; 5.77333;      -0.48453;3.44302;1
 -32.79480; 5.77667;      -0.48449;3.44302;1
 -32.82813; 5.78000;      -0.48446;3.44303;1
 -32.86143; 5.78333;      -0.48447;3.44303;1
 -32.89475; 5.78667;      -0.48446;3.44304;1
 -32.92811; 5.79000;      -0.48440;3.44304;1
 -32.96144; 5.79333;      -0.48437;3.44304;1
 -32.99475; 5.79667;      -0.48432;3.44305;1
 -33.02805; 5.80000;      -0.48425;3.44305;1
 -33.06134; 5.80333;      -0.48416;3.44306;1
 -33.09464; 5.80667;      -0.48413;3.44306;1
 -33.12793; 5.81000;      -0.48407;3.44307;1
 -33.16123; 5.81333;      -0.48403;3.44307;1
 -33.19454; 5.81667;      -0.48394;3.44307;1
 -33.22784; 5.82000;      -0.48388;3.44308;1
 -33.26116; 5.82333;      -0.48375;3.44308;1
 -33.29446; 5.82667;      -0.48368;3.44309;1
 -33.32775; 5.83000;      -0.48362;3.44309;1
 -33.36100; 5.83333;      -0.48355;3.44310;1
 -33.39428; 5.83667;      -0.48349;3.44310;1
 -33.42759; 5.84000;      -0.48345;3.44310;1
 -33.46089; 5.84333;      -0.48340;3.44311;1
 -33.49418; 5.84667;      -0.48334;3.44311;1
 -33.52748; 5.85000;      -0.48330;3.44312;1
 -33.56080; 5.85333;      -0.48324;3.44312;1
 -33.59410; 5.85667;      -0.48321;3.44312;1
 -33.62741; 5.86000;      -0.48315;3.44313;1
 -33.66072; 5.86333;      -0.48309;3.44313;1
 -33.69402; 5.86667;      -0.48301;3.44314;1
 -33.72733; 5.87000;      -0.48293;3.44314;1
 -33.76061; 5.87333;      -0.48286;3.44315;1
 -33.79393; 5.87667;      -0.48283;3.44315;1
 -33.82721; 5.88000;      -0.48277;3.44315;1
 -33.86049; 5.88333;      -0.48281;3.44316;1
 -33.89374; 5.88667;      -0.48287;3.44316;1
 -33.92705; 5.89000;      -0.48273;3.44317;1
 -33.96029; 5.89333;      -0.48264;3.44317;1
 -33.99357; 5.89667;      -0.48259;3.44317;1
 -34.02685; 5.90000;      -0.48258;3.44318;1
 -34.06011; 5.90333;      -0.48254;3.44318;1
 -34.09339; 5.90667;      -0.48248;3.44319;1
 -34.12667; 5.91000;      -0.48242;3.44319;1
 -34.15990; 5.91333;      -0.48237;3.44319;1
 -34.19313; 5.91667;      -0.48230;3.44320;1
 -34.22636; 5.92000;      -0.48224;3.44320;1
 -34.25956; 5.92333;      -0.48214;3.44321;1
 -34.29279; 5.92667;      -0.48208;3.44321;1
 -34.32600; 5.93000;      -0.48207;3.44321;1
 -34.35923; 5.93333;      -0.48204;3.44322;1
 -34.39246; 5.93667;      -0.48199;3.44322;1
 -34.42569; 5.94000;      -0.48195;3.44323;1
 -34.45890; 5.94333;      -0.48192;3.44323;1
 -34.49215; 5.94667;      -0.48190;3.44323;1
 -34.52536; 5.95000;      -0.48186;3.44324;1
 -34.55856; 5.95333;      -0.48177;3.44324;1
 -34.59175; 5.95667;      -0.48166;3.44325;1
 -34.62492; 5.96000;      -0.48154;3.44325;1
 -34.65808; 5.96333;      -0.48147;3.44325;1
 -34.69131; 5.96667;      -0.48144;3.44326;1
 -34.72452; 5.97000;      -0.48139;3.44326;1
 -34.75777; 5.97333;      -0.48134;3.44327;1
 -34.79103; 5.97667;      -0.48128;3.44327;1
 -34.82421; 5.98000;      -0.48125;3.44327;1
 -34.85743; 5.98333;      -0.48120;3.44328;1
 -34.89064; 5.98667;      -0.48114;3.44328;1
 -34.92382; 5.99000;      -0.48113;3.44328;1
 -34.95698; 5.99333;      -0.48106;3.44329;1
 -34.99015; 5.99667;      -0.48098;3.44329;1
 -35.02334; 6.00000;      -0.48090;3.44330;1
 -35.05654; 6.00333;      -0.48084;3.44330;1
 -35.08975; 6.00667;      -0.48075;3.44330;1
 -35.12293; 6.01000;      -0.48068;3.44331;1
 -35.15613; 6.01333;      -0.48063;3.44331;1
 -35.18933; 6.01667;      -0.48056;3.44332;1
 -35.22251; 6.02000;      -0.48055;3.44332;1
 -35.25569; 6.02333;      -0.48049;3.44332;1
 -35.28884; 6.02667;      -0.48044;3.44333;1
 -35.32197; 6.03000;      -0.48040;3.44333;1
 -35.35515; 6.03333;      -0.48034;3.44333;1
 -35.38834; 6.03667;      -0.48027;3.44334;1
 -35.42152; 6.04000;      -0.48021;3.44334;1
 -35.45467; 6.04333;      -0.48012;3.44335;1
 -35.48787; 6.04667;      -0.48002;3.44335;1
 -35.52105; 6.05000;      -0.47996;3.44335;1
 -35.55420; 6.05333;      -0.47990;3.44336;1
 -35.58731; 6.05667;      -0.47982;3.44336;1
 -35.62046; 6.06000;      -0.47973;3.44336;1
 -35.65361; 6.06333;      -0.47964;3.44337;1
 -35.68674; 6.06667;      -0.47955;3.44337;1
 -35.71989; 6.07000;      -0.47947;3.44337;1
 -35.75302; 6.07333;      -0.47938;3.44338;1
 -35.78613; 6.07667;      -0.47936;3.44338;1
 -35.81925; 6.08000;      -0.47936;3.44339;1
 -35.85236; 6.08333;      -0.47925;3.44339;1
 -35.88552; 6.08667;      -0.47919;3.44339;1
 -35.91867; 6.09000;      -0.47915;3.44340;1
 -35.95180; 6.09333;      -0.47909;3.44340;1
 -35.98498; 6.09667;      -0.47903;3.44340;1
 -36.01815; 6.10000;      -0.47893;3.44341;1
 -36.05130; 6.10333;      -0.47881;3.44341;1
 -36.08448; 6.10667;      -0.47869;3.44342;1
 -36.11761; 6.11000;      -0.47853;3.44342;1
 -36.15072; 6.11333;      -0.47837;3.44342;1
 -36.18390; 6.11667;      -0.47827;3.44343;1
 -36.21707; 6.12000;      -0.47826;3.44343;1
 -36.25023; 6.12333;      -0.47826;3.44343;1
 -36.28341; 6.12667;      -0.47827;3.44344;1
 -36.31656; 6.13000;      -0.47828;3.44344;1
 -36.34972; 6.13333;      -0.47823;3.44344;1
 -36.38287; 6.13667;      -0.47808;3.44345;1
 -36.41607; 6.14000;      -0.47795;3.44345;1
 -36.44923; 6.14333;      -0.47783;3.44345;1
 -36.48238; 6.14667;      -0.47781;3.44346;1
 -36.51556; 6.15000;      -0.47782;3.44346;1
 -36.54869; 6.15333;      -0.47785;3.44347;1
 -36.58185; 6.15667;      -0.47782;3.44347;1
 -36.61503; 6.16000;      -0.47767;3.44347;1
 -36.64823; 6.16333;      -0.47750;3.44348;1
 -36.68143; 6.16667;      -0.47741;3.44348;1
 -36.71461; 6.17000;      -0.47728;3.44348;1
 -36.74777; 6.17333;      -0.47718;3.44349;1
 -36.78092; 6.17667;      -0.47710;3.44349;1
 -36.81410; 6.18000;      -0.47706;3.44349;1
 -36.84731; 6.18333;      -0.47703;3.44350;1
 -36.88051; 6.18667;      -0.47693;3.44350;1
 -36.91372; 6.19000;      -0.47684;3.44350;1
 -36.94695; 6.19333;      -0.47678;3.44351;1
 -36.98015; 6.19667;      -0.47671;3.44351;1
 -37.01338; 6.20000;      -0.47664;3.44351;1
 -37.04657; 6.20333;      -0.47652;3.44352;1
 -37.07977; 6.20667;      -0.47641;3.44352;1
 -37.11297; 6.21000;      -0.47630;3.44352;1
 -37.14621; 6.21333;      -0.47622;3.44353;1
 -37.17943; 6.21667;      -0.47610;3.44353;1
 -37.21262; 6.22000;      -0.47600;3.44354;1
 -37.24585; 6.22333;      -0.47594;3.44354;1
 -37.27911; 6.22667;      -0.47588;3.44354;1
 -37.31234; 6.23000;      -0.47581;3.44355;1
 -37.34561; 6.23333;      -0.47575;3.44355;1
 -37.37885; 6.23667;      -0.47569;3.44355;1
 -37.41211; 6.24000;      -0.47566;3.44356;1
 -37.44538; 6.24333;      -0.47562;3.44356;1
 -37.47867; 6.24667;      -0.47557;3.44356;1
 -37.51193; 6.25000;      -0.47552;3.44357;1
 -37.54525; 6.25333;      -0.47547;3.44357;1
 -37.57852; 6.25667;      -0.47543;3.44357;1
 -37.61185; 6.26000;      -0.47540;3.44358;1
 -37.64516; 6.26333;      -0.47535;3.44358;1
 -37.67851; 6.26667;      -0.47531;3.44358;1
 -37.71187; 6.27000;      -0.47527;3.44359;1
 -37.74523; 6.27333;      -0.47522;3.44359;1
 -37.77857; 6.27667;      -0.47524;3.44359;1
 -37.81195; 6.28000;      -0.47525;3.44360;1
 -37.84533; 6.28333;      -0.47529;3.44360;1
 -37.87875; 6.28667;      -0.47528;3.44360;1
 -37.91210; 6.29000;      -0.47525;3.44361;1
 -37.94546; 6.29333;      -0.47516;3.44361;1
 -37.97887; 6.29667;      -0.47506;3.44361;1
 -38.01225; 6.30000;      -0.47489;3.44362;1
 -38.04562; 6.30333;      -0.47483;3.44362;1
 -38.07903; 6.30667;      -0.47483;3.44362;1
 -38.11244; 6.31000;      -0.47483;3.44363;1
 -38.14587; 6.31333;      -0.47483;3.44363;1
 -38.17931; 6.31667;      -0.47480;3.44363;1
 -38.21277; 6.32000;      -0.47480;3.44364;1
 -38.24625; 6.32333;      -0.47480;3.44364;1
 -38.27974; 6.32667;      -0.47475;3.44364;1
 -38.31321; 6.33000;      -0.47477;3.44364;1
 -38.34672; 6.33333;      -0.47475;3.44365;1
 -38.38021; 6.33667;      -0.47474;3.44365;1
 -38.41372; 6.34000;      -0.47472;3.44365;1
 -38.44720; 6.34333;      -0.47472;3.44366;1
 -38.48070; 6.34667;      -0.47471;3.44366;1
 -38.51421; 6.35000;      -0.47468;3.44366;1
 -38.54769; 6.35333;      -0.47463;3.44367;1
 -38.58123; 6.35667;      -0.47460;3.44367;1
 -38.61477; 6.36000;      -0.47457;3.44367;1
 -38.64830; 6.36333;      -0.47462;3.44368;1
 -38.68182; 6.36667;      -0.47463;3.44368;1
 -38.71538; 6.37000;      -0.47466;3.44368;1
 -38.74889; 6.37333;      -0.47466;3.44369;1
 -38.78246; 6.37667;      -0.47469;3.44369;1
 -38.81602; 6.38000;      -0.47470;3.44369;1
 -38.84956; 6.38333;      -0.47473;3.44370;1
 -38.88313; 6.38667;      -0.47477;3.44370;1
 -38.91669; 6.39000;      -0.47477;3.44370;1
 -38.95026; 6.39333;      -0.47480;3.44371;1
 -38.98382; 6.39667;      -0.47483;3.44371;1
 -39.01741; 6.40000;      -0.47486;3.44371;1
 -39.05100; 6.40333;      -0.47489;3.44371;1
 -39.08461; 6.40667;      -0.47490;3.44372;1
 -39.11820; 6.41000;      -0.47493;3.44372;1
 -39.15180; 6.41333;      -0.47494;3.44372;1
 -39.18536; 6.41667;      -0.47496;3.44373;1
 -39.21893; 6.42000;      -0.47496;3.44373;1
 -39.25254; 6.42333;      -0.47496;3.44373;1
 -39.28613; 6.42667;      -0.47497;3.44374;1
 -39.31969; 6.43000;      -0.47497;3.44374;1
 -39.35329; 6.43333;      -0.47497;3.44374;1
 -39.38692; 6.43667;      -0.47498;3.44374;1
 -39.42052; 6.44000;      -0.47500;3.44375;1
 -39.45410; 6.44333;      -0.47503;3.44375;1
 -39.48769; 6.44667;      -0.47507;3.44375;1
 -39.52126; 6.45000;      -0.47520;3.44376;1
 -39.55484; 6.45333;      -0.47523;3.44376;1
 -39.58838; 6.45667;      -0.47523;3.44376;1
 -39.62195; 6.46000;      -0.47520;3.44377;1
 -39.65552; 6.46333;      -0.47515;3.44377;1
 -39.68911; 6.46667;      -0.47512;3.44377;1
 -39.72267; 6.47000;      -0.47512;3.44377;1
 -39.75621; 6.47333;      -0.47509;3.44378;1
 -39.78975; 6.47667;      -0.47508;3.44378;1
 -39.82334; 6.48000;      -0.47505;3.44378;1
 -39.85693; 6.48333;      -0.47506;3.44379;1
 -39.89048; 6.48667;      -0.47506;3.44379;1
 -39.92400; 6.49000;      -0.47505;3.44379;1
 -39.95756; 6.49333;      -0.47501;3.44380;1
 -39.99115; 6.49667;      -0.47495;3.44380;1
 -40.02469; 6.50000;      -0.47490;3.44380;1
 -40.05828; 6.50333;      -0.47484;3.44380;1
 -40.09187; 6.50667;      -0.47480;3.44381;1
 -40.12544; 6.51000;      -0.47479;3.44381;1
 -40.15900; 6.51333;      -0.47476;3.44381;1
 -40.19254; 6.51667;      -0.47476;3.44382;1
 -40.22613; 6.52000;      -0.47473;3.44382;1
 -40.25966; 6.52333;      -0.47470;3.44382;1
 -40.29320; 6.52667;      -0.47464;3.44382;1
 -40.32670; 6.53000;      -0.47457;3.44383;1
 -40.36026; 6.53333;      -0.47449;3.44383;1
 -40.39380; 6.53667;      -0.47446;3.44383;1
 -40.42731; 6.54000;      -0.47445;3.44384;1
 -40.46082; 6.54333;      -0.47433;3.44384;1
 -40.49433; 6.54667;      -0.47427;3.44384;1
 -40.52784; 6.55000;      -0.47421;3.44384;1
 -40.56136; 6.55333;      -0.47417;3.44385;1
 -40.59493; 6.55667;      -0.47413;3.44385;1
 -40.62846; 6.56000;      -0.47414;3.44385;1
 -40.66193; 6.56333;      -0.47415;3.44385;1
 -40.69544; 6.56667;      -0.47415;3.44386;1
 -40.72897; 6.57000;      -0.47413;3.44386;1
 -40.76248; 6.57333;      -0.47412;3.44386;1
 -40.79598; 6.57667;      -0.47411;3.44387;1
 -40.82949; 6.58000;      -0.47405;3.44387;1
 -40.86297; 6.58333;      -0.47396;3.44387;1
 -40.89644; 6.58667;      -0.47393;3.44387;1
 -40.92987; 6.59000;      -0.47380;3.44388;1
 -40.96333; 6.59333;      -0.47370;3.44388;1
 -40.99677; 6.59667;      -0.47360;3.44388;1
 -41.03021; 6.60000;      -0.47353;3.44388;1
 -41.06366; 6.60333;      -0.47348;3.44389;1
 -41.09708; 6.60667;      -0.47347;3.44389;1
 -41.13049; 6.61000;      -0.47342;3.44389;1
 -41.16392; 6.61333;      -0.47339;3.44390;1
 -41.19734; 6.61667;      -0.47339;3.44390;1
 -41.23077; 6.62000;      -0.47337;3.44390;1
 -41.26421; 6.62333;      -0.47332;3.44390;1
 -41.29762; 6.62667;      -0.47326;3.44391;1
 -41.33097; 6.63000;      -0.47319;3.44391;1
 -41.36439; 6.63333;      -0.47319;3.44391;1
 -41.39779; 6.63667;      -0.47319;3.44391;1
 -41.43116; 6.64000;      -0.47316;3.44392;1
 -41.46454; 6.64333;      -0.47314;3.44392;1
 -41.49797; 6.64667;      -0.47313;3.44392;1
 -41.53136; 6.65000;      -0.47310;3.44392;1
 -41.56474; 6.65333;      -0.47306;3.44393;1
 -41.59811; 6.65667;      -0.47301;3.44393;1
 -41.63149; 6.66000;      -0.47297;3.44393;1
 -41.66490; 6.66333;      -0.47291;3.44393;1
 -41.69830; 6.66667;      -0.47285;3.44394;1
 -41.73166; 6.67000;      -0.47281;3.44394;1
 -41.76502; 6.67333;      -0.47276;3.44394;1
 -41.79839; 6.67667;      -0.47272;3.44394;1
 -41.83175; 6.68000;      -0.47271;3.44395;1
 -41.86507; 6.68333;      -0.47265;3.44395;1
 -41.89841; 6.68667;      -0.47240;3.44395;1
 -41.93177; 6.69000;      -0.47230;3.44395;1
 -41.96515; 6.69333;      -0.47226;3.44396;1
 -41.99851; 6.69667;      -0.47221;3.44396;1
 -42.03187; 6.70000;      -0.47217;3.44396;1
 -42.06523; 6.70333;      -0.47215;3.44396;1
 -42.09857; 6.70667;      -0.47209;3.44397;1
 -42.13190; 6.71000;      -0.47204;3.44397;1
 -42.16523; 6.71333;      -0.47199;3.44397;1
 -42.19851; 6.71667;      -0.47193;3.44397;1
 -42.23182; 6.72000;      -0.47186;3.44398;1
 -42.26511; 6.72333;      -0.47179;3.44398;1
 -42.29844; 6.72667;      -0.47170;3.44398;1
 -42.33175; 6.73000;      -0.47160;3.44398;1
 -42.36507; 6.73333;      -0.47153;3.44399;1
 -42.39834; 6.73667;      -0.47148;3.44399;1
 -42.43164; 6.74000;      -0.47150;3.44399;1
 -42.46497; 6.74333;      -0.47147;3.44399;1
 -42.49823; 6.74667;      -0.47144;3.44400;1
 -42.53149; 6.75000;      -0.47134;3.44400;1
 -42.56470; 6.75333;      -0.47119;3.44400;1
 -42.59795; 6.75667;      -0.47108;3.44400;1
 -42.63116; 6.76000;      -0.47093;3.44401;1
 -42.66438; 6.76333;      -0.47082;3.44401;1
 -42.69766; 6.76667;      -0.47071;3.44401;1
 -42.73090; 6.77000;      -0.47061;3.44401;1
 -42.76410; 6.77333;      -0.47050;3.44401;1
 -42.79734; 6.77667;      -0.47038;3.44402;1
 -42.83061; 6.78000;      -0.47026;3.44402;1
 -42.86382; 6.78333;      -0.47018;3.44402;1
 -42.89705; 6.78667;      -0.47009;3.44402;1
 -42.93031; 6.79000;      -0.47003;3.44403;1
 -42.96359; 6.79333;      -0.46996;3.44403;1
 -42.99685; 6.79667;      -0.46989;3.44403;1
 -43.03010; 6.80000;      -0.46981;3.44403;1
 -43.06336; 6.80333;      -0.46986;3.44404;1
 -43.09661; 6.80667;      -0.46984;3.44404;1
 -43.12985; 6.81000;      -0.46977;3.44404;1
 -43.16311; 6.81333;      -0.46964;3.44404;1
 -43.19638; 6.81667;      -0.46954;3.44404;1
 -43.22961; 6.82000;      -0.46946;3.44405;1
 -43.26289; 6.82333;      -0.46938;3.44405;1
 -43.29615; 6.82667;      -0.46933;3.44405;1
 -43.32939; 6.83000;      -0.46926;3.44405;1
 -43.36270; 6.83333;      -0.46922;3.44406;1
 -43.39595; 6.83667;      -0.46917;3.44406;1
 -43.42920; 6.84000;      -0.46910;3.44406;1
 -43.46243; 6.84333;      -0.46900;3.44406;1
 -43.49567; 6.84667;      -0.46890;3.44406;1
 -43.52889; 6.85000;      -0.46885;3.44407;1
 -43.56213; 6.85333;      -0.46878;3.44407;1
 -43.59538; 6.85667;      -0.46870;3.44407;1
 -43.62862; 6.86000;      -0.46858;3.44407;1
 -43.66184; 6.86333;      -0.46846;3.44408;1
 -43.69503; 6.86667;      -0.46841;3.44408;1
 -43.72825; 6.87000;      -0.46832;3.44408;1
 -43.76148; 6.87333;      -0.46827;3.44408;1
 -43.79469; 6.87667;      -0.46820;3.44408;1
 -43.82789; 6.88000;      -0.46810;3.44409;1
 -43.86107; 6.88333;      -0.46800;3.44409;1
 -43.89431; 6.88667;      -0.46787;3.44409;1
 -43.92752; 6.89000;      -0.46777;3.44409;1
 -43.96072; 6.89333;      -0.46767;3.44409;1
 -43.99392; 6.89667;      -0.46756;3.44410;1
 -44.02710; 6.90000;      -0.46746;3.44410;1
 -44.06026; 6.90333;      -0.46739;3.44410;1
 -44.09343; 6.90667;      -0.46729;3.44410;1
 -44.12657; 6.91000;      -0.46720;3.44410;1
 -44.15974; 6.91333;      -0.46714;3.44411;1
 -44.19289; 6.91667;      -0.46707;3.44411;1
 -44.22610; 6.92000;      -0.46698;3.44411;1
 -44.25930; 6.92333;      -0.46688;3.44411;1
 -44.29244; 6.92667;      -0.46674;3.44411;1
 -44.32561; 6.93000;      -0.46662;3.44412;1
 -44.35877; 6.93333;      -0.46653;3.44412;1
 -44.39195; 6.93667;      -0.46648;3.44412;1
 -44.42508; 6.94000;      -0.46642;3.44412;1
 -44.45821; 6.94333;      -0.46637;3.44412;1
 -44.49136; 6.94667;      -0.46627;3.44413;1
 -44.52456; 6.95000;      -0.46616;3.44413;1
 -44.55777; 6.95333;      -0.46609;3.44413;1
 -44.59098; 6.95667;      -0.46603;3.44413;1
 -44.62418; 6.96000;      -0.46594;3.44413;1
 -44.65734; 6.96333;      -0.46585;3.44414;1
 -44.69054; 6.96667;      -0.46581;3.44414;1
 -44.72372; 6.97000;      -0.46572;3.44414;1
 -44.75689; 6.97333;      -0.46565;3.44414;1
 -44.79008; 6.97667;      -0.46561;3.44414;1
 -44.82326; 6.98000;      -0.46558;3.44415;1
 -44.85641; 6.98333;      -0.46552;3.44415;1
 -44.88961; 6.98667;      -0.46542;3.44415;1
 -44.92280; 6.99000;      -0.46530;3.44415;1
 -44.95597; 6.99333;      -0.46517;3.44415;1
 -44.98915; 6.99667;      -0.46497;3.44416;1
 -45.02233; 7.00000;      -0.46482;3.44416;1
 -45.05552; 7.00333;      -0.46477;3.44416;1
 -45.08869; 7.00667;      -0.46478;3.44416;1
 -45.12189; 7.01000;      -0.46474;3.44416;1
 -45.15508; 7.01333;      -0.46471;3.44416;1
 -45.18826; 7.01667;      -0.46462;3.44417;1
 -45.22144; 7.02000;      -0.46448;3.44417;1
 -45.25462; 7.02333;      -0.46439;3.44417;1
 -45.28777; 7.02667;      -0.46429;3.44417;1
 -45.32093; 7.03000;      -0.46426;3.44417;1
 -45.35411; 7.03333;      -0.46420;3.44418;1
 -45.38730; 7.03667;      -0.46429;3.44418;1
 -45.42046; 7.04000;      -0.46424;3.44418;1
 -45.45362; 7.04333;      -0.46414;3.44418;1
 -45.48684; 7.04667;      -0.46398;3.44418;1
 -45.52005; 7.05000;      -0.46385;3.44418;1
 -45.55326; 7.05333;      -0.46371;3.44419;1
 -45.58646; 7.05667;      -0.46362;3.44419;1
 -45.61966; 7.06000;      -0.46352;3.44419;1
 -45.65285; 7.06333;      -0.46346;3.44419;1
 -45.68610; 7.06667;      -0.46350;3.44419;1
 -45.71931; 7.07000;      -0.46350;3.44420;1
 -45.75254; 7.07333;      -0.46340;3.44420;1
 -45.78577; 7.07667;      -0.46330;3.44420;1
 -45.81898; 7.08000;      -0.46317;3.44420;1
 -45.85220; 7.08333;      -0.46310;3.44420;1
 -45.88546; 7.08667;      -0.46300;3.44420;1
 -45.91867; 7.09000;      -0.46289;3.44421;1
 -45.95192; 7.09333;      -0.46278;3.44421;1
 -45.98521; 7.09667;      -0.46265;3.44421;1
 -46.01846; 7.10000;      -0.46253;3.44421;1
 -46.05174; 7.10333;      -0.46242;3.44421;1
 -46.08502; 7.10667;      -0.46232;3.44421;1
 -46.11828; 7.11000;      -0.46227;3.44422;1
 -46.15156; 7.11333;      -0.46223;3.44422;1
 -46.18487; 7.11667;      -0.46216;3.44422;1
 -46.21816; 7.12000;      -0.46213;3.44422;1
 -46.25144; 7.12333;      -0.46210;3.44422;1
 -46.28477; 7.12667;      -0.46207;3.44422;1
 -46.31810; 7.13000;      -0.46201;3.44423;1
 -46.35143; 7.13333;      -0.46195;3.44423;1
 -46.38475; 7.13667;      -0.46189;3.44423;1
 -46.41803; 7.14000;      -0.46185;3.44423;1
 -46.45138; 7.14333;      -0.46182;3.44423;1
 -46.48472; 7.14667;      -0.46181;3.44423;1
 -46.51803; 7.15000;      -0.46185;3.44424;1
 -46.55134; 7.15333;      -0.46187;3.44424;1
 -46.58464; 7.15667;      -0.46184;3.44424;1
 -46.61798; 7.16000;      -0.46179;3.44424;1
 -46.65133; 7.16333;      -0.46175;3.44424;1
 -46.68470; 7.16667;      -0.46171;3.44424;1
 -46.71810; 7.17000;      -0.46165;3.44424;1
 -46.75148; 7.17333;      -0.46153;3.44425;1
 -46.78490; 7.17667;      -0.46142;3.44425;1
 -46.81828; 7.18000;      -0.46130;3.44425;1
 -46.85164; 7.18333;      -0.46112;3.44425;1
 -46.88505; 7.18667;      -0.46105;3.44425;1
 -46.91843; 7.19000;      -0.46102;3.44425;1
 -46.95184; 7.19333;      -0.46107;3.44426;1
 -46.98528; 7.19667;      -0.46107;3.44426;1
 -47.01867; 7.20000;      -0.46104;3.44426;1
 -47.05211; 7.20333;      -0.46102;3.44426;1
 -47.08552; 7.20667;      -0.46098;3.44426;1
 -47.11895; 7.21000;      -0.46094;3.44426;1
 -47.15236; 7.21333;      -0.46081;3.44426;1
 -47.18579; 7.21667;      -0.46070;3.44427;1
 -47.21921; 7.22000;      -0.46066;3.44427;1
 -47.25262; 7.22333;      -0.46063;3.44427;1
 -47.28607; 7.22667;      -0.46063;3.44427;1
 -47.31956; 7.23000;      -0.46060;3.44427;1
 -47.35300; 7.23333;      -0.46059;3.44427;1
 -47.38651; 7.23667;      -0.46054;3.44427;1
 -47.42002; 7.24000;      -0.46053;3.44428;1
 -47.45352; 7.24333;      -0.46056;3.44428;1
 -47.48705; 7.24667;      -0.46053;3.44428;1
 -47.52054; 7.25000;      -0.46053;3.44428;1
 -47.55403; 7.25333;      -0.46050;3.44428;1
 -47.58754; 7.25667;      -0.46044;3.44428;1
 -47.62105; 7.26000;      -0.46041;3.44428;1
 -47.65459; 7.26333;      -0.46040;3.44429;1
 -47.68811; 7.26667;      -0.46035;3.44429;1
 -47.72162; 7.27000;      -0.46031;3.44429;1
 -47.75516; 7.27333;      -0.46028;3.44429;1
 -47.78869; 7.27667;      -0.46025;3.44429;1
 -47.82221; 7.28000;      -0.46022;3.44429;1
 -47.85575; 7.28333;      -0.46021;3.44429;1
 -47.88933; 7.28667;      -0.46019;3.44430;1
 -47.92287; 7.29000;      -0.46018;3.44430;1
 -47.95643; 7.29333;      -0.46016;3.44430;1
 -47.98997; 7.29667;      -0.46016;3.44430;1
 -48.02348; 7.30000;      -0.46015;3.44430;1
 -48.05702; 7.30333;      -0.46013;3.44430;1
 -48.09054; 7.30667;      -0.46013;3.44430;1
 -48.12410; 7.31000;      -0.46015;3.44430;1
 -48.15769; 7.31333;      -0.46016;3.44431;1
 -48.19125; 7.31667;      -0.46013;3.44431;1
 -48.22479; 7.32000;      -0.46016;3.44431;1
 -48.25838; 7.32333;      -0.46019;3.44431;1
 -48.29192; 7.32667;      -0.46020;3.44431;1
 -48.32544; 7.33000;      -0.46016;3.44431;1
 -48.35900; 7.33333;      -0.46015;3.44431;1
 -48.39251; 7.33667;      -0.46013;3.44431;1
 -48.42605; 7.34000;      -0.46009;3.44432;1
 -48.45964; 7.34333;      -0.46005;3.44432;1
 -48.49320; 7.34667;      -0.46003;3.44432;1
 -48.52674; 7.35000;      -0.46002;3.44432;1
 -48.56031; 7.35333;      -0.46000;3.44432;1
 -48.59390; 7.35667;      -0.46000;3.44432;1
 -48.62748; 7.36000;      -0.45997;3.44432;1
 -48.66103; 7.36333;      -0.45996;3.44432;1
 -48.69459; 7.36667;      -0.45994;3.44433;1
 -48.72815; 7.37000;      -0.45984;3.44433;1
 -48.76169; 7.37333;      -0.45978;3.44433;1
 -48.79525; 7.37667;      -0.45975;3.44433;1
 -48.82879; 7.38000;      -0.45971;3.44433;1
 -48.86238; 7.38333;      -0.45969;3.44433;1
 -48.89592; 7.38667;      -0.45969;3.44433;1
 -48.92943; 7.39000;      -0.45971;3.44433;1
 -48.96298; 7.39333;      -0.45972;3.44433;1
 -48.99651; 7.39667;      -0.45971;3.44434;1
 -49.03000; 7.40000;      -0.45971;3.44434;1
 -49.06357; 7.40333;      -0.45968;3.44434;1
 -49.09707; 7.40667;      -0.45964;3.44434;1
 -49.13059; 7.41000;      -0.45956;3.44434;1
 -49.16413; 7.41333;      -0.45950;3.44434;1
 -49.19769; 7.41667;      -0.45946;3.44434;1
 -49.23121; 7.42000;      -0.45937;3.44434;1
 -49.26475; 7.42333;      -0.45930;3.44434;1
 -49.29830; 7.42667;      -0.45930;3.44435;1
 -49.33182; 7.43000;      -0.45930;3.44435;1
 -49.36531; 7.43333;      -0.45927;3.44435;1
 -49.39882; 7.43667;      -0.45920;3.44435;1
 -49.43228; 7.44000;      -0.45914;3.44435;1
 -49.46572; 7.44333;      -0.45908;3.44435;1
 -49.49918; 7.44667;      -0.45898;3.44435;1
 -49.53262; 7.45000;      -0.45891;3.44435;1
 -49.56605; 7.45333;      -0.45885;3.44435;1
 -49.59946; 7.45667;      -0.45881;3.44435;1
 -49.63287; 7.46000;      -0.45876;3.44436;1
 -49.66628; 7.46333;      -0.45873;3.44436;1
 -49.69966; 7.46667;      -0.45866;3.44436;1
 -49.73308; 7.47000;      -0.45860;3.44436;1
 -49.76649; 7.47333;      -0.45854;3.44436;1
 -49.79987; 7.47667;      -0.45847;3.44436;1
 -49.83328; 7.48000;      -0.45843;3.44436;1
 -49.86667; 7.48333;      -0.45834;3.44436;1
 -49.90008; 7.48667;      -0.45828;3.44436;1
 -49.93346; 7.49000;      -0.45821;3.44436;1
 -49.96682; 7.49333;      -0.45812;3.44436;1
 -50.00018; 7.49667;      -0.45802;3.44437;1
 -50.03351; 7.50000;      -0.45792;3.44437;1
 -50.06687; 7.50333;      -0.45780;3.44437;1
 -50.10023; 7.50667;      -0.45772;3.44437;1
 -50.13359; 7.51000;      -0.45766;3.44437;1
 -50.16690; 7.51333;      -0.45763;3.44437;1
 -50.20020; 7.51667;      -0.45760;3.44437;1
 -50.23352; 7.52000;      -0.45744;3.44437;1
 -50.26684; 7.52333;      -0.45734;3.44437;1
 -50.30013; 7.52667;      -0.45722;3.44437;1
 -50.33344; 7.53000;      -0.45709;3.44437;1
 -50.36677; 7.53333;      -0.45699;3.44438;1
 -50.40005; 7.53667;      -0.45695;3.44438;1
 -50.43336; 7.54000;      -0.45689;3.44438;1
 -50.46664; 7.54333;      -0.45685;3.44438;1
 -50.49993; 7.54667;      -0.45673;3.44438;1
 -50.53323; 7.55000;      -0.45669;3.44438;1
 -50.56652; 7.55333;      -0.45669;3.44438;1
 -50.59982; 7.55667;      -0.45663;3.44438;1
 -50.63310; 7.56000;      -0.45653;3.44438;1
 -50.66639; 7.56333;      -0.45644;3.44438;1
 -50.69969; 7.56667;      -0.45640;3.44438;1
 -50.73297; 7.57000;      -0.45637;3.44438;1
 -50.76625; 7.57333;      -0.45629;3.44438;1
 -50.79952; 7.57667;      -0.45619;3.44439;1
 -50.83277; 7.58000;      -0.45615;3.44439;1
 -50.86603; 7.58333;      -0.45606;3.44439;1
 -50.89928; 7.58667;      -0.45596;3.44439;1
 -50.93257; 7.59000;      -0.45583;3.44439;1
 -50.96585; 7.59333;      -0.45557;3.44439;1
 -50.99907; 7.59667;      -0.45541;3.44439;1
 -51.03231; 7.60000;      -0.45526;3.44439;1
 -51.06556; 7.60333;      -0.45519;3.44439;1
 -51.09877; 7.60667;      -0.45511;3.44439;1
 -51.13202; 7.61000;      -0.45503;3.44439;1
 -51.16526; 7.61333;      -0.45495;3.44439;1
 -51.19846; 7.61667;      -0.45489;3.44439;1
 -51.23169; 7.62000;      -0.45486;3.44439;1
 -51.26492; 7.62333;      -0.45479;3.44440;1
 -51.29816; 7.62667;      -0.45471;3.44440;1
 -51.33136; 7.63000;      -0.45461;3.44440;1
 -51.36457; 7.63333;      -0.45451;3.44440;1
 -51.39779; 7.63667;      -0.45442;3.44440;1
 -51.43103; 7.64000;      -0.45432;3.44440;1
 -51.46426; 7.64333;      -0.45431;3.44440;1
 -51.49748; 7.64667;      -0.45416;3.44440;1
 -51.53072; 7.65000;      -0.45402;3.44440;1
 -51.56395; 7.65333;      -0.45390;3.44440;1
 -51.59721; 7.65667;      -0.45384;3.44440;1
 -51.63046; 7.66000;      -0.45381;3.44440;1
 -51.66371; 7.66333;      -0.45381;3.44440;1
 -51.69698; 7.66667;      -0.45376;3.44440;1
 -51.73025; 7.67000;      -0.45370;3.44440;1
 -51.76351; 7.67333;      -0.45363;3.44440;1
 -51.79675; 7.67667;      -0.45355;3.44440;1
 -51.83000; 7.68000;      -0.45345;3.44441;1
 -51.86323; 7.68333;      -0.45334;3.44441;1
 -51.89646; 7.68667;      -0.45325;3.44441;1
 -51.92969; 7.69000;      -0.45312;3.44441;1
 -51.96292; 7.69333;      -0.45297;3.44441;1
 -51.99620; 7.69667;      -0.45289;3.44441;1
 -52.02948; 7.70000;      -0.45281;3.44441;1
 -52.06275; 7.70333;      -0.45276;3.44441;1
 -52.09600; 7.70667;      -0.45270;3.44441;1
 -52.12926; 7.71000;      -0.45266;3.44441;1
 -52.16249; 7.71333;      -0.45263;3.44441;1
 -52.19577; 7.71667;      -0.45260;3.44441;1
 -52.22907; 7.72000;      -0.45251;3.44441;1
 -52.26236; 7.72333;      -0.45244;3.44441;1
 -52.29561; 7.72667;      -0.45235;3.44441;1
 -52.32887; 7.73000;      -0.45225;3.44441;1
 -52.36216; 7.73333;      -0.45219;3.44441;1
 -52.39543; 7.73667;      -0.45211;3.44441;1
 -52.42874; 7.74000;      -0.45202;3.44441;1
 -52.46203; 7.74333;      -0.45195;3.44441;1
 -52.49533; 7.74667;      -0.45187;3.44441;1
 -52.52862; 7.75000;      -0.45180;3.44442;1
 -52.56189; 7.75333;      -0.45173;3.44442;1
 -52.59515; 7.75667;      -0.45163;3.44442;1
 -52.62841; 7.76000;      -0.45155;3.44442;1
 -52.66164; 7.76333;      -0.45155;3.44442;1
 -52.69487; 7.76667;      -0.45154;3.44442;1
 -52.72811; 7.77000;      -0.45147;3.44442;1
 -52.76139; 7.77333;      -0.45137;3.44442;1
 -52.79466; 7.77667;      -0.45127;3.44442;1
 -52.82789; 7.78000;      -0.45122;3.44442;1
 -52.86116; 7.78333;      -0.45118;3.44442;1
 -52.89443; 7.78667;      -0.45111;3.44442;1
 -52.92769; 7.79000;      -0.45100;3.44442;1
 -52.96098; 7.79333;      -0.45092;3.44442;1
 -52.99428; 7.79667;      -0.45086;3.44442;1
 -53.02761; 7.80000;      -0.45076;3.44442;1
 -53.06093; 7.80333;      -0.45069;3.44442;1
 -53.09425; 7.80667;      -0.45063;3.44442;1
 -53.12752; 7.81000;      -0.45058;3.44442;1
 -53.16079; 7.81333;      -0.45053;3.44442;1
 -53.19403; 7.81667;      -0.45045;3.44442;1
 -53.22731; 7.82000;      -0.45037;3.44442;1
 -53.26059; 7.82333;      -0.45028;3.44442;1
 -53.29387; 7.82667;      -0.45021;3.44442;1
 -53.32713; 7.83000;      -0.45014;3.44442;1
 -53.36043; 7.83333;      -0.45008;3.44442;1
 -53.39372; 7.83667;      -0.45002;3.44442;1
 -53.42702; 7.84000;      -0.44996;3.44442;1
 -53.46033; 7.84333;      -0.44990;3.44442;1
 -53.49362; 7.84667;      -0.44986;3.44442;1
 -53.52695; 7.85000;      -0.44983;3.44442;1
 -53.56021; 7.85333;      -0.44979;3.44442;1
 -53.59351; 7.85667;      -0.44976;3.44442;1
 -53.62682; 7.86000;      -0.44976;3.44443;1
 -53.66013; 7.86333;      -0.44973;3.44443;1
 -53.69343; 7.86667;      -0.44967;3.44443;1
 -53.72669; 7.87000;      -0.44960;3.44443;1
 -53.76000; 7.87333;      -0.44950;3.44443;1
 -53.79328; 7.87667;      -0.44943;3.44443;1
 -53.82656; 7.88000;      -0.44935;3.44443;1
 -53.85992; 7.88333;      -0.44930;3.44443;1
 -53.89325; 7.88667;      -0.44921;3.44443;1
 -53.92657; 7.89000;      -0.44912;3.44443;1
 -53.95992; 7.89333;      -0.44909;3.44443;1
 -53.99328; 7.89667;      -0.44905;3.44443;1
 -54.02659; 7.90000;      -0.44899;3.44443;1
 -54.05990; 7.90333;      -0.44896;3.44443;1
 -54.09323; 7.90667;      -0.44892;3.44443;1
 -54.12661; 7.91000;      -0.44888;3.44443;1
 -54.15997; 7.91333;      -0.44880;3.44443;1
 -54.19336; 7.91667;      -0.44872;3.44443;1
 -54.22674; 7.92000;      -0.44866;3.44443;1
 -54.26010; 7.92333;      -0.44859;3.44443;1
 -54.29346; 7.92667;      -0.44850;3.44443;1
 -54.32689; 7.93000;      -0.44843;3.44443;1
 -54.36026; 7.93333;      -0.44838;3.44443;1
 -54.39364; 7.93667;      -0.44834;3.44443;1
 -54.42703; 7.94000;      -0.44834;3.44443;1
 -54.46039; 7.94333;      -0.44834;3.44443;1
 -54.49377; 7.94667;      -0.44833;3.44443;1
 -54.52716; 7.95000;      -0.44830;3.44443;1
 -54.56056; 7.95333;      -0.44828;3.44443;1
 -54.59400; 7.95667;      -0.44825;3.44443;1
 -54.62743; 7.96000;      -0.44821;3.44443;1
 -54.66082; 7.96333;      -0.44817;3.44443;1
 -54.69426; 7.96667;      -0.44812;3.44443;1
 -54.72769; 7.97000;      -0.44809;3.44443;1
 -54.76110; 7.97333;      -0.44808;3.44443;1
 -54.79449; 7.97667;      -0.44802;3.44443;1
 -54.82790; 7.98000;      -0.44802;3.44443;1
 -54.86134; 7.98333;      -0.44802;3.44443;1
 -54.89475; 7.98667;      -0.44801;3.44443;1
 -54.92820; 7.99000;      -0.44801;3.44443;1
 -54.96166; 7.99333;      -0.44796;3.44443;1
 -54.99505; 7.99667;      -0.44795;3.44443;1
 -55.02846; 8.00000;      -0.44788;3.44443;1
 -55.06189; 8.00333;      -0.44782;3.44443;1
 -55.09533; 8.00667;      -0.44782;3.44443;1
 -55.12877; 8.01000;      -0.44778;3.44443;1
 -55.16223; 8.01333;      -0.44778;3.44443;1
 -55.19569; 8.01667;      -0.44779;3.44443;1
 -55.22918; 8.02000;      -0.44779;3.44443;1
 -55.26267; 8.02333;      -0.44773;3.44443;1
 -55.29613; 8.02667;      -0.44769;3.44443;1
 -55.32961; 8.03000;      -0.44765;3.44443;1
 -55.36307; 8.03333;      -0.44759;3.44443;1
 -55.39654; 8.03667;      -0.44755;3.44443;1
 -55.43000; 8.04000;      -0.44750;3.44443;1
 -55.46348; 8.04333;      -0.44750;3.44443;1
 -55.49692; 8.04667;      -0.44747;3.44443;1
 -55.53038; 8.05000;      -0.44749;3.44443;1
 -55.56384; 8.05333;      -0.44744;3.44442;1
 -55.59731; 8.05667;      -0.44742;3.44442;1
 -55.63079; 8.06000;      -0.44742;3.44442;1
 -55.66421; 8.06333;      -0.44746;3.44442;1
 -55.69767; 8.06667;      -0.44743;3.44442;1
 -55.73113; 8.07000;      -0.44739;3.44442;1
 -55.76462; 8.07333;      -0.44734;3.44442;1
 -55.79805; 8.07667;      -0.44729;3.44442;1
 -55.83152; 8.08000;      -0.44723;3.44442;1
 -55.86502; 8.08333;      -0.44720;3.44442;1
 -55.89844; 8.08667;      -0.44717;3.44442;1
 -55.93189; 8.09000;      -0.44714;3.44442;1
 -55.96533; 8.09333;      -0.44711;3.44442;1
 -55.99875; 8.09667;      -0.44710;3.44442;1
 -56.03218; 8.10000;      -0.44710;3.44442;1
 -56.06562; 8.10333;      -0.44707;3.44442;1
 -56.09907; 8.10667;      -0.44703;3.44442;1
 -56.13249; 8.11000;      -0.44697;3.44442;1
 -56.16587; 8.11333;      -0.44693;3.44442;1
 -56.19930; 8.11667;      -0.44692;3.44442;1
 -56.23272; 8.12000;      -0.44688;3.44442;1
 -56.26615; 8.12333;      -0.44679;3.44442;1
 -56.29956; 8.12667;      -0.44671;3.44442;1
 -56.33297; 8.13000;      -0.44665;3.44442;1
 -56.36638; 8.13333;      -0.44661;3.44442;1
 -56.39979; 8.13667;      -0.44655;3.44442;1
 -56.43320; 8.14000;      -0.44652;3.44442;1
 -56.46659; 8.14333;      -0.44655;3.44442;1
 -56.50000; 8.14667;      -0.44655;3.44442;1
 -56.53344; 8.15000;      -0.44651;3.44442;1
 -56.56684; 8.15333;      -0.44645;3.44442;1
 -56.60023; 8.15667;      -0.44636;3.44442;1
 -56.63361; 8.16000;      -0.44626;3.44442;1
 -56.66700; 8.16333;      -0.44616;3.44441;1
 -56.70043; 8.16667;      -0.44607;3.44441;1
 -56.73384; 8.17000;      -0.44600;3.44441;1
 -56.76726; 8.17333;      -0.44593;3.44441;1
 -56.80066; 8.17667;      -0.44583;3.44441;1
 -56.83407; 8.18000;      -0.44575;3.44441;1
 -56.86749; 8.18333;      -0.44568;3.44441;1
 -56.90089; 8.18667;      -0.44565;3.44441;1
 -56.93428; 8.19000;      -0.44558;3.44441;1
 -56.96764; 8.19333;      -0.44554;3.44441;1
 -57.00098; 8.19667;      -0.44554;3.44441;1
 -57.03439; 8.20000;      -0.44551;3.44441;1
 -57.06779; 8.20333;      -0.44539;3.44441;1
 -57.10116; 8.20667;      -0.44531;3.44441;1
 -57.13451; 8.21000;      -0.44520;3.44441;1
 -57.16789; 8.21333;      -0.44516;3.44441;1
 -57.20126; 8.21667;      -0.44509;3.44441;1
 -57.23466; 8.22000;      -0.44503;3.44441;1
 -57.26805; 8.22333;      -0.44494;3.44441;1
 -57.30144; 8.22667;      -0.44489;3.44441;1
 -57.33480; 8.23000;      -0.44484;3.44441;1
 -57.36818; 8.23333;      -0.44479;3.44440;1
 -57.40152; 8.23667;      -0.44474;3.44440;1
 -57.43493; 8.24000;      -0.44473;3.44440;1
 -57.46836; 8.24333;      -0.44467;3.44440;1
 -57.50174; 8.24667;      -0.44460;3.44440;1
 -57.53511; 8.25000;      -0.44458;3.44440;1
 -57.56849; 8.25333;      -0.44455;3.44440;1
 -57.60187; 8.25667;      -0.44450;3.44440;1
 -57.63525; 8.26000;      -0.44445;3.44440;1
 -57.66861; 8.26333;      -0.44441;3.44440;1
 -57.70198; 8.26667;      -0.44432;3.44440;1
 -57.73538; 8.27000;      -0.44432;3.44440;1
 -57.76879; 8.27333;      -0.44428;3.44440;1
 -57.80215; 8.27667;      -0.44425;3.44440;1
 -57.83559; 8.28000;      -0.44422;3.44440;1
 -57.86898; 8.28333;      -0.44417;3.44440;1
 -57.90234; 8.28667;      -0.44408;3.44440;1
 -57.93570; 8.29000;      -0.44401;3.44439;1
 -57.96907; 8.29333;      -0.44395;3.44439;1
 -58.00244; 8.29667;      -0.44388;3.44439;1
 -58.03582; 8.30000;      -0.44385;3.44439;1
 -58.06918; 8.30333;      -0.44382;3.44439;1
 -58.10259; 8.30667;      -0.44378;3.44439;1
 -58.13598; 8.31000;      -0.44370;3.44439;1
 -58.16938; 8.31333;      -0.44363;3.44439;1
 -58.20277; 8.31667;      -0.44357;3.44439;1
 -58.23611; 8.32000;      -0.44352;3.44439;1
 -58.26948; 8.32333;      -0.44346;3.44439;1
 -58.30282; 8.32667;      -0.44343;3.44439;1
 -58.33620; 8.33000;      -0.44343;3.44439;1
 -58.36952; 8.33333;      -0.44340;3.44439;1
 -58.40285; 8.33667;      -0.44334;3.44438;1
 -58.43625; 8.34000;      -0.44324;3.44438;1
 -58.46961; 8.34333;      -0.44314;3.44438;1
 -58.50298; 8.34667;      -0.44305;3.44438;1
 -58.53636; 8.35000;      -0.44294;3.44438;1
 -58.56969; 8.35333;      -0.44279;3.44438;1
 -58.60303; 8.35667;      -0.44269;3.44438;1
 -58.63639; 8.36000;      -0.44266;3.44438;1
 -58.66975; 8.36333;      -0.44261;3.44438;1
 -58.70315; 8.36667;      -0.44258;3.44438;1
 -58.73651; 8.37000;      -0.44249;3.44438;1
 -58.76987; 8.37333;      -0.44242;3.44438;1
 -58.80321; 8.37667;      -0.44239;3.44437;1
 -58.83657; 8.38000;      -0.44228;3.44437;1
 -58.86995; 8.38333;      -0.44222;3.44437;1
 -58.90328; 8.38667;      -0.44213;3.44437;1
 -58.93664; 8.39000;      -0.44206;3.44437;1
 -58.97000; 8.39333;      -0.44199;3.44437;1
 -59.00336; 8.39667;      -0.44191;3.44437;1
 -59.03672; 8.40000;      -0.44189;3.44437;1
 -59.07005; 8.40333;      -0.44180;3.44437;1
 -59.10338; 8.40667;      -0.44171;3.44437;1
 -59.13671; 8.41000;      -0.44161;3.44437;1
 -59.17002; 8.41333;      -0.44150;3.44437;1
 -59.20336; 8.41667;      -0.44139;3.44436;1
 -59.23669; 8.42000;      -0.44131;3.44436;1
 -59.27005; 8.42333;      -0.44122;3.44436;1
 -59.30336; 8.42667;      -0.44116;3.44436;1
 -59.33669; 8.43000;      -0.44113;3.44436;1
 -59.37002; 8.43333;      -0.44108;3.44436;1
 -59.40333; 8.43667;      -0.44102;3.44436;1
 -59.43671; 8.44000;      -0.44099;3.44436;1
 -59.47000; 8.44333;      -0.44095;3.44436;1
 -59.50328; 8.44667;      -0.44088;3.44436;1
 -59.53661; 8.45000;      -0.44070;3.44436;1
 -59.56992; 8.45333;      -0.44060;3.44435;1
 -59.60325; 8.45667;      -0.44050;3.44435;1
 -59.63654; 8.46000;      -0.44044;3.44435;1
 -59.66987; 8.46333;      -0.44040;3.44435;1
 -59.70320; 8.46667;      -0.44031;3.44435;1
 -59.73654; 8.47000;      -0.44018;3.44435;1
 -59.76985; 8.47333;      -0.44011;3.44435;1
 -59.80316; 8.47667;      -0.44011;3.44435;1
 -59.83649; 8.48000;      -0.44008;3.44435;1
 -59.86974; 8.48333;      -0.44001;3.44434;1
 -59.90302; 8.48667;      -0.43979;3.44434;1
 -59.93634; 8.49000;      -0.43963;3.44434;1
 -59.96967; 8.49333;      -0.43949;3.44434;1
 -60.00300; 8.49667;      -0.43940;3.44434;1
 -60.03633; 8.50000;      -0.43940;3.44434;1
 -60.06962; 8.50333;      -0.43934;3.44434;1
 -60.10295; 8.50667;      -0.43928;3.44434;1
 -60.13620; 8.51000;      -0.43924;3.44434;1
 -60.16948; 8.51333;      -0.43913;3.44434;1
 -60.20277; 8.51667;      -0.43897;3.44433;1
 -60.23605; 8.52000;      -0.43881;3.44433;1
 -60.26933; 8.52333;      -0.43869;3.44433;1
 -60.30261; 8.52667;      -0.43861;3.44433;1
 -60.33587; 8.53000;      -0.43853;3.44433;1
 -60.36913; 8.53333;      -0.43839;3.44433;1
 -60.40244; 8.53667;      -0.43830;3.44433;1
 -60.43572; 8.54000;      -0.43827;3.44433;1
 -60.46895; 8.54333;      -0.43817;3.44433;1
 -60.50220; 8.54667;      -0.43804;3.44432;1
 -60.53544; 8.55000;      -0.43794;3.44432;1
 -60.56869; 8.55333;      -0.43787;3.44432;1
 -60.60190; 8.55667;      -0.43780;3.44432;1
 -60.63516; 8.56000;      -0.43764;3.44432;1
 -60.66838; 8.56333;      -0.43751;3.44432;1
 -60.70164; 8.56667;      -0.43738;3.44432;1
 -60.73484; 8.57000;      -0.43729;3.44432;1
 -60.76807; 8.57333;      -0.43723;3.44431;1
 -60.80130; 8.57667;      -0.43719;3.44431;1
 -60.83452; 8.58000;      -0.43713;3.44431;1
 -60.86777; 8.58333;      -0.43707;3.44431;1
 -60.90098; 8.58667;      -0.43703;3.44431;1
 -60.93426; 8.59000;      -0.43696;3.44431;1
 -60.96748; 8.59333;      -0.43684;3.44431;1
 -61.00069; 8.59667;      -0.43672;3.44431;1
 -61.03392; 8.60000;      -0.43659;3.44430;1
 -61.06711; 8.60333;      -0.43649;3.44430;1
 -61.10033; 8.60667;      -0.43639;3.44430;1
 -61.13354; 8.61000;      -0.43629;3.44430;1
 -61.16674; 8.61333;      -0.43622;3.44430;1
 -61.19998; 8.61667;      -0.43610;3.44430;1
 -61.23318; 8.62000;      -0.43599;3.44430;1
 -61.26641; 8.62333;      -0.43589;3.44430;1
 -61.29961; 8.62667;      -0.43578;3.44429;1
 -61.33282; 8.63000;      -0.43573;3.44429;1
 -61.36602; 8.63333;      -0.43565;3.44429;1
 -61.39926; 8.63667;      -0.43555;3.44429;1
 -61.43252; 8.64000;      -0.43544;3.44429;1
 -61.46577; 8.64333;      -0.43535;3.44429;1
 -61.49905; 8.64667;      -0.43525;3.44429;1
 -61.53231; 8.65000;      -0.43516;3.44428;1
 -61.56552; 8.65333;      -0.43507;3.44428;1
 -61.59879; 8.65667;      -0.43496;3.44428;1
 -61.63203; 8.66000;      -0.43486;3.44428;1
 -61.66531; 8.66333;      -0.43476;3.44428;1
 -61.69859; 8.66667;      -0.43463;3.44428;1
 -61.73185; 8.67000;      -0.43451;3.44428;1
 -61.76511; 8.67333;      -0.43439;3.44427;1
 -61.79841; 8.67667;      -0.43428;3.44427;1
 -61.83169; 8.68000;      -0.43416;3.44427;1
 -61.86497; 8.68333;      -0.43406;3.44427;1
 -61.89828; 8.68667;      -0.43399;3.44427;1
 -61.93159; 8.69000;      -0.43400;3.44427;1
 -61.96489; 8.69333;      -0.43399;3.44427;1
 -61.99821; 8.69667;      -0.43395;3.44426;1
 -62.03154; 8.70000;      -0.43385;3.44426;1
 -62.06482; 8.70333;      -0.43380;3.44426;1
 -62.09820; 8.70667;      -0.43366;3.44426;1
 -62.13154; 8.71000;      -0.43354;3.44426;1
 -62.16493; 8.71333;      -0.43345;3.44426;1
 -62.19829; 8.71667;      -0.43343;3.44426;1
 -62.23164; 8.72000;      -0.43341;3.44425;1
 -62.26505; 8.72333;      -0.43338;3.44425;1
 -62.29844; 8.72667;      -0.43327;3.44425;1
 -62.33185; 8.73000;      -0.43318;3.44425;1
 -62.36531; 8.73333;      -0.43311;3.44425;1
 -62.39877; 8.73667;      -0.43302;3.44425;1
 -62.43221; 8.74000;      -0.43296;3.44425;1
 -62.46566; 8.74333;      -0.43289;3.44424;1
 -62.49911; 8.74667;      -0.43282;3.44424;1
 -62.53257; 8.75000;      -0.43279;3.44424;1
 -62.56603; 8.75333;      -0.43277;3.44424;1
 -62.59951; 8.75667;      -0.43275;3.44424;1
 -62.63302; 8.76000;      -0.43275;3.44424;1
 -62.66651; 8.76333;      -0.43273;3.44423;1
 -62.70003; 8.76667;      -0.43270;3.44423;1
 -62.73354; 8.77000;      -0.43267;3.44423;1
 -62.76708; 8.77333;      -0.43273;3.44423;1
 -62.80057; 8.77667;      -0.43279;3.44423;1
 -62.83410; 8.78000;      -0.43276;3.44423;1
 -62.86761; 8.78333;      -0.43273;3.44422;1
 -62.90113; 8.78667;      -0.43275;3.44422;1
 -62.93467; 8.79000;      -0.43276;3.44422;1
 -62.96818; 8.79333;      -0.43276;3.44422;1
 -63.00172; 8.79667;      -0.43275;3.44422;1
 -63.03530; 8.80000;      -0.43273;3.44422;1
 -63.06885; 8.80333;      -0.43273;3.44421;1
 -63.10243; 8.80667;      -0.43271;3.44421;1
 -63.13600; 8.81000;      -0.43273;3.44421;1
 -63.16959; 8.81333;      -0.43273;3.44421;1
 -63.20320; 8.81667;      -0.43273;3.44421;1
 -63.23679; 8.82000;      -0.43273;3.44421;1
 -63.27038; 8.82333;      -0.43275;3.44420;1
 -63.30393; 8.82667;      -0.43274;3.44420;1
 -63.33748; 8.83000;      -0.43271;3.44420;1
 -63.37105; 8.83333;      -0.43268;3.44420;1
 -63.40466; 8.83667;      -0.43269;3.44420;1
 -63.43823; 8.84000;      -0.43274;3.44420;1
 -63.47177; 8.84333;      -0.43275;3.44419;1
 -63.50531; 8.84667;      -0.43279;3.44419;1
 -63.53884; 8.85000;      -0.43282;3.44419;1
 -63.57234; 8.85333;      -0.43284;3.44419;1
 -63.60587; 8.85667;      -0.43288;3.44419;1
 -63.63939; 8.86000;      -0.43290;3.44418;1
 -63.67292; 8.86333;      -0.43290;3.44418;1
 -63.70644; 8.86667;      -0.43290;3.44418;1
 -63.73993; 8.87000;      -0.43290;3.44418;1
 -63.77346; 8.87333;      -0.43291;3.44418;1
 -63.80700; 8.87667;      -0.43290;3.44418;1
 -63.84051; 8.88000;      -0.43290;3.44417;1
 -63.87398; 8.88333;      -0.43291;3.44417;1
 -63.90746; 8.88667;      -0.43291;3.44417;1
 -63.94095; 8.89000;      -0.43294;3.44417;1
 -63.97439; 8.89333;      -0.43291;3.44417;1
 -64.00785; 8.89667;      -0.43290;3.44416;1
 -64.04125; 8.90000;      -0.43290;3.44416;1
 -64.07467; 8.90333;      -0.43291;3.44416;1
 -64.10811; 8.90667;      -0.43286;3.44416;1
 -64.14149; 8.91000;      -0.43283;3.44416;1
 -64.17487; 8.91333;      -0.43281;3.44416;1
 -64.20821; 8.91667;      -0.43273;3.44415;1
 -64.24157; 8.92000;      -0.43265;3.44415;1
 -64.27497; 8.92333;      -0.43260;3.44415;1
 -64.30830; 8.92667;      -0.43252;3.44415;1
 -64.34164; 8.93000;      -0.43250;3.44415;1
 -64.37495; 8.93333;      -0.43241;3.44414;1
 -64.40828; 8.93667;      -0.43232;3.44414;1
 -64.44156; 8.94000;      -0.43228;3.44414;1
 -64.47484; 8.94333;      -0.43219;3.44414;1
 -64.50810; 8.94667;      -0.43205;3.44414;1
 -64.54136; 8.95000;      -0.43195;3.44413;1
 -64.57462; 8.95333;      -0.43186;3.44413;1
 -64.60785; 8.95667;      -0.43179;3.44413;1
 -64.64108; 8.96000;      -0.43172;3.44413;1
 -64.67430; 8.96333;      -0.43166;3.44413;1
 -64.70752; 8.96667;      -0.43160;3.44412;1
 -64.74071; 8.97000;      -0.43156;3.44412;1
 -64.77387; 8.97333;      -0.43150;3.44412;1
 -64.80705; 8.97667;      -0.43140;3.44412;1
 -64.84025; 8.98000;      -0.43125;3.44412;1
 -64.87339; 8.98333;      -0.43110;3.44411;1
 -64.90656; 8.98667;      -0.43101;3.44411;1
 -64.93972; 8.99000;      -0.43089;3.44411;1
 -64.97284; 8.99333;      -0.43079;3.44411;1
 -65.00595; 8.99667;      -0.43071;3.44411;1
 -65.03910; 9.00000;      -0.43065;3.44410;1
 -65.07220; 9.00333;      -0.43059;3.44410;1
 -65.10528; 9.00667;      -0.43052;3.44410;1
 -65.13839; 9.01000;      -0.43039;3.44410;1
 -65.17148; 9.01333;      -0.43026;3.44410;1
 -65.20457; 9.01667;      -0.43014;3.44409;1
 -65.23766; 9.02000;      -0.43003;3.44409;1
 -65.27074; 9.02333;      -0.42990;3.44409;1
 -65.30380; 9.02667;      -0.42977;3.44409;1
 -65.33689; 9.03000;      -0.42964;3.44408;1
 -65.36998; 9.03333;      -0.42952;3.44408;1
 -65.40303; 9.03667;      -0.42939;3.44408;1
 -65.43610; 9.04000;      -0.42925;3.44408;1
 -65.46915; 9.04333;      -0.42912;3.44408;1
 -65.50220; 9.04667;      -0.42900;3.44407;1
 -65.53521; 9.05000;      -0.42888;3.44407;1
 -65.56823; 9.05333;      -0.42872;3.44407;1
 -65.60131; 9.05667;      -0.42862;3.44407;1
 -65.63438; 9.06000;      -0.42851;3.44407;1
 -65.66743; 9.06333;      -0.42841;3.44406;1
 -65.70051; 9.06667;      -0.42829;3.44406;1
 -65.73357; 9.07000;      -0.42819;3.44406;1
 -65.76662; 9.07333;      -0.42806;3.44406;1
 -65.79969; 9.07667;      -0.42792;3.44405;1
 -65.83272; 9.08000;      -0.42780;3.44405;1
 -65.86575; 9.08333;      -0.42766;3.44405;1
 -65.89880; 9.08667;      -0.42750;3.44405;1
 -65.93187; 9.09000;      -0.42731;3.44405;1
 -65.96492; 9.09333;      -0.42712;3.44404;1
 -65.99802; 9.09667;      -0.42693;3.44404;1
 -66.03110; 9.10000;      -0.42685;3.44404;1
 -66.06420; 9.10333;      -0.42683;3.44404;1
 -66.09730; 9.10667;      -0.42677;3.44404;1
 -66.13039; 9.11000;      -0.42657;3.44403;1
 -66.16351; 9.11333;      -0.42644;3.44403;1
 -66.19662; 9.11667;      -0.42627;3.44403;1
 -66.22975; 9.12000;      -0.42617;3.44403;1
 -66.26290; 9.12333;      -0.42608;3.44402;1
 -66.29603; 9.12667;      -0.42601;3.44402;1
 -66.32915; 9.13000;      -0.42594;3.44402;1
 -66.36226; 9.13333;      -0.42589;3.44402;1
 -66.39539; 9.13667;      -0.42582;3.44401;1
 -66.42851; 9.14000;      -0.42573;3.44401;1
 -66.46164; 9.14333;      -0.42563;3.44401;1
 -66.49479; 9.14667;      -0.42555;3.44401;1
 -66.52797; 9.15000;      -0.42545;3.44401;1
 -66.56115; 9.15333;      -0.42536;3.44400;1
 -66.59433; 9.15667;      -0.42529;3.44400;1
 -66.62754; 9.16000;      -0.42519;3.44400;1
 -66.66074; 9.16333;      -0.42510;3.44400;1
 -66.69395; 9.16667;      -0.42501;3.44399;1
 -66.72716; 9.17000;      -0.42493;3.44399;1
 -66.76039; 9.17333;      -0.42485;3.44399;1
 -66.79362; 9.17667;      -0.42475;3.44399;1
 -66.82684; 9.18000;      -0.42472;3.44398;1
 -66.86010; 9.18333;      -0.42467;3.44398;1
 -66.89334; 9.18667;      -0.42455;3.44398;1
 -66.92662; 9.19000;      -0.42442;3.44398;1
 -66.95987; 9.19333;      -0.42432;3.44397;1
 -66.99315; 9.19667;      -0.42423;3.44397;1
 -67.02646; 9.20000;      -0.42416;3.44397;1
 -67.05975; 9.20333;      -0.42409;3.44397;1
 -67.09308; 9.20667;      -0.42402;3.44396;1
 -67.12639; 9.21000;      -0.42400;3.44396;1
 -67.15970; 9.21333;      -0.42399;3.44396;1
 -67.19302; 9.21667;      -0.42399;3.44396;1
 -67.22638; 9.22000;      -0.42397;3.44395;1
 -67.25970; 9.22333;      -0.42397;3.44395;1
 -67.29300; 9.22667;      -0.42396;3.44395;1
 -67.32634; 9.23000;      -0.42392;3.44395;1
 -67.35969; 9.23333;      -0.42386;3.44394;1
 -67.39303; 9.23667;      -0.42383;3.44394;1
 -67.42641; 9.24000;      -0.42380;3.44394;1
 -67.45974; 9.24333;      -0.42375;3.44394;1
 -67.49307; 9.24667;      -0.42369;3.44393;1
 -67.52639; 9.25000;      -0.42363;3.44393;1
 -67.55980; 9.25333;      -0.42357;3.44393;1
 -67.59320; 9.25667;      -0.42351;3.44393;1
 -67.62656; 9.26000;      -0.42353;3.44392;1
 -67.65995; 9.26333;      -0.42363;3.44392;1
 -67.69331; 9.26667;      -0.42365;3.44392;1
 -67.72667; 9.27000;      -0.42363;3.44392;1
 -67.76005; 9.27333;      -0.42360;3.44391;1
 -67.79346; 9.27667;      -0.42359;3.44391;1
 -67.82684; 9.28000;      -0.42357;3.44391;1
 -67.86016; 9.28333;      -0.42353;3.44391;1
 -67.89357; 9.28667;      -0.42352;3.44390;1
 -67.92698; 9.29000;      -0.42355;3.44390;1
 -67.96039; 9.29333;      -0.42353;3.44390;1
 -67.99380; 9.29667;      -0.42348;3.44390;1
 -68.02723; 9.30000;      -0.42345;3.44389;1
 -68.06066; 9.30333;      -0.42340;3.44389;1
 -68.09413; 9.30667;      -0.42339;3.44389;1
 -68.12756; 9.31000;      -0.42333;3.44388;1
 -68.16098; 9.31333;      -0.42329;3.44388;1
 -68.19441; 9.31667;      -0.42326;3.44388;1
 -68.22785; 9.32000;      -0.42325;3.44388;1
 -68.26130; 9.32333;      -0.42325;3.44387;1
 -68.29470; 9.32667;      -0.42323;3.44387;1
 -68.32811; 9.33000;      -0.42322;3.44387;1
 -68.36156; 9.33333;      -0.42320;3.44387;1
 -68.39505; 9.33667;      -0.42309;3.44386;1
 -68.42851; 9.34000;      -0.42300;3.44386;1
 -68.46197; 9.34333;      -0.42292;3.44386;1
 -68.49548; 9.34667;      -0.42284;3.44385;1
 -68.52893; 9.35000;      -0.42283;3.44385;1
 -68.56241; 9.35333;      -0.42280;3.44385;1
 -68.59589; 9.35667;      -0.42277;3.44385;1
 -68.62936; 9.36000;      -0.42274;3.44384;1
 -68.66285; 9.36333;      -0.42273;3.44384;1
 -68.69634; 9.36667;      -0.42271;3.44384;1
 -68.72985; 9.37000;      -0.42267;3.44384;1
 -68.76331; 9.37333;      -0.42263;3.44383;1
 -68.79684; 9.37667;      -0.42259;3.44383;1
 -68.83033; 9.38000;      -0.42253;3.44383;1
 -68.86380; 9.38333;      -0.42250;3.44382;1
 -68.89726; 9.38667;      -0.42247;3.44382;1
 -68.93075; 9.39000;      -0.42238;3.44382;1
 -68.96421; 9.39333;      -0.42230;3.44382;1
 -68.99769; 9.39667;      -0.42225;3.44381;1
 -69.03115; 9.40000;      -0.42223;3.44381;1
 -69.06464; 9.40333;      -0.42224;3.44381;1
 -69.09808; 9.40667;      -0.42231;3.44380;1
 -69.13152; 9.41000;      -0.42236;3.44380;1
 -69.16498; 9.41333;      -0.42230;3.44380;1
 -69.19844; 9.41667;      -0.42226;3.44380;1
 -69.23192; 9.42000;      -0.42220;3.44379;1
 -69.26534; 9.42333;      -0.42218;3.44379;1
 -69.29880; 9.42667;      -0.42220;3.44379;1
 -69.33228; 9.43000;      -0.42223;3.44378;1
 -69.36572; 9.43333;      -0.42220;3.44378;1
 -69.39916; 9.43667;      -0.42219;3.44378;1
 -69.43266; 9.44000;      -0.42213;3.44377;1
 -69.46613; 9.44333;      -0.42211;3.44377;1
 -69.49957; 9.44667;      -0.42209;3.44377;1
 -69.53307; 9.45000;      -0.42214;3.44377;1
 -69.56656; 9.45333;      -0.42216;3.44376;1
 -69.60002; 9.45667;      -0.42212;3.44376;1
 -69.63348; 9.46000;      -0.42203;3.44376;1
 -69.66695; 9.46333;      -0.42196;3.44375;1
 -69.70043; 9.46667;      -0.42197;3.44375;1
 -69.73393; 9.47000;      -0.42197;3.44375;1
 -69.76741; 9.47333;      -0.42197;3.44374;1
 -69.80087; 9.47667;      -0.42196;3.44374;1
 -69.83434; 9.48000;      -0.42190;3.44374;1
 -69.86784; 9.48333;      -0.42187;3.44374;1
 -69.90134; 9.48667;      -0.42183;3.44373;1
 -69.93480; 9.49000;      -0.42177;3.44373;1
 -69.96830; 9.49333;      -0.42176;3.44373;1
 -70.00175; 9.49667;      -0.42174;3.44372;1
 -70.03525; 9.50000;      -0.42174;3.44372;1
 -70.06872; 9.50333;      -0.42172;3.44372;1
 -70.10218; 9.50667;      -0.42163;3.44371;1
 -70.13559; 9.51000;      -0.42160;3.44371;1
 -70.16902; 9.51333;      -0.42154;3.44371;1
 -70.20248; 9.51667;      -0.42143;3.44371;1
 -70.23597; 9.52000;      -0.42138;3.44370;1
 -70.26943; 9.52333;      -0.42137;3.44370;1
 -70.30292; 9.52667;      -0.42133;3.44370;1
 -70.33643; 9.53000;      -0.42127;3.44369;1
 -70.36995; 9.53333;      -0.42128;3.44369;1
 -70.40349; 9.53667;      -0.42127;3.44369;1
 -70.43698; 9.54000;      -0.42121;3.44368;1
 -70.47048; 9.54333;      -0.42116;3.44368;1
 -70.50398; 9.54667;      -0.42111;3.44368;1
 -70.53746; 9.55000;      -0.42105;3.44367;1
 -70.57098; 9.55333;      -0.42101;3.44367;1
 -70.60451; 9.55667;      -0.42095;3.44367;1
 -70.63800; 9.56000;      -0.42087;3.44366;1
 -70.67151; 9.56333;      -0.42080;3.44366;1
 -70.70498; 9.56667;      -0.42077;3.44366;1
 -70.73851; 9.57000;      -0.42070;3.44365;1
 -70.77198; 9.57333;      -0.42062;3.44365;1
 -70.80548; 9.57667;      -0.42058;3.44365;1
 -70.83895; 9.58000;      -0.42054;3.44365;1
 -70.87246; 9.58333;      -0.42047;3.44364;1
 -70.90597; 9.58667;      -0.42039;3.44364;1
 -70.93949; 9.59000;      -0.42035;3.44364;1
 -70.97300; 9.59333;      -0.42032;3.44363;1
 -71.00652; 9.59667;      -0.42029;3.44363;1
 -71.04007; 9.60000;      -0.42025;3.44363;1
 -71.07361; 9.60333;      -0.42019;3.44362;1
 -71.10708; 9.60667;      -0.42014;3.44362;1
 -71.14064; 9.61000;      -0.42009;3.44362;1
 -71.17416; 9.61333;      -0.42003;3.44361;1
 -71.20774; 9.61667;      -0.42001;3.44361;1
 -71.24130; 9.62000;      -0.41998;3.44361;1
 -71.27485; 9.62333;      -0.41999;3.44360;1
 -71.30841; 9.62667;      -0.41999;3.44360;1
 -71.34197; 9.63000;      -0.41999;3.44360;1
 -71.37557; 9.63333;      -0.41995;3.44359;1
 -71.40918; 9.63667;      -0.41989;3.44359;1
 -71.44279; 9.64000;      -0.41982;3.44359;1
 -71.47636; 9.64333;      -0.41976;3.44358;1
 -71.50992; 9.64667;      -0.41971;3.44358;1
 -71.54354; 9.65000;      -0.41969;3.44358;1
 -71.57711; 9.65333;      -0.41965;3.44357;1
 -71.61072; 9.65667;      -0.41965;3.44357;1
 -71.64434; 9.66000;      -0.41961;3.44357;1
 -71.67797; 9.66333;      -0.41961;3.44356;1
 -71.71159; 9.66667;      -0.41961;3.44356;1
 -71.74523; 9.67000;      -0.41959;3.44356;1
 -71.77884; 9.67333;      -0.41951;3.44355;1
 -71.81248; 9.67667;      -0.41935;3.44355;1
 -71.84611; 9.68000;      -0.41932;3.44355;1
 -71.87975; 9.68333;      -0.41928;3.44354;1
 -71.91341; 9.68667;      -0.41926;3.44354;1
 -71.94708; 9.69000;      -0.41925;3.44354;1
 -71.98074; 9.69333;      -0.41926;3.44353;1
 -72.01439; 9.69667;      -0.41926;3.44353;1
 -72.04805; 9.70000;      -0.41926;3.44352;1
 -72.08167; 9.70333;      -0.41925;3.44352;1
 -72.11528; 9.70667;      -0.41924;3.44352;1
 -72.14893; 9.71000;      -0.41921;3.44351;1
 -72.18261; 9.71333;      -0.41918;3.44351;1
 -72.21628; 9.71667;      -0.41912;3.44351;1
 -72.24995; 9.72000;      -0.41911;3.44350;1
 -72.28354; 9.72333;      -0.41902;3.44350;1
 -72.31718; 9.72667;      -0.41896;3.44350;1
 -72.35079; 9.73000;      -0.41892;3.44349;1
 -72.38439; 9.73333;      -0.41892;3.44349;1
 -72.41797; 9.73667;      -0.41894;3.44349;1
 -72.45154; 9.74000;      -0.41891;3.44348;1
 -72.48511; 9.74333;      -0.41889;3.44348;1
 -72.51869; 9.74667;      -0.41885;3.44348;1
 -72.55221; 9.75000;      -0.41881;3.44347;1
 -72.58574; 9.75333;      -0.41874;3.44347;1
 -72.61923; 9.75667;      -0.41859;3.44346;1
 -72.65269; 9.76000;      -0.41852;3.44346;1
 -72.68618; 9.76333;      -0.41846;3.44346;1
 -72.71966; 9.76667;      -0.41843;3.44345;1
 -72.75313; 9.77000;      -0.41838;3.44345;1
 -72.78659; 9.77333;      -0.41830;3.44345;1
 -72.82008; 9.77667;      -0.41822;3.44344;1
 -72.85359; 9.78000;      -0.41818;3.44344;1
 -72.88705; 9.78333;      -0.41818;3.44344;1
 -72.92048; 9.78667;      -0.41815;3.44343;1
 -72.95390; 9.79000;      -0.41812;3.44343;1
 -72.98728; 9.79333;      -0.41805;3.44342;1
 -73.02069; 9.79667;      -0.41800;3.44342;1
 -73.05408; 9.80000;      -0.41796;3.44342;1
 -73.08744; 9.80333;      -0.41789;3.44341;1
 -73.12084; 9.80667;      -0.41779;3.44341;1
 -73.15418; 9.81000;      -0.41770;3.44341;1
 -73.18748; 9.81333;      -0.41763;3.44340;1
 -73.22075; 9.81667;      -0.41754;3.44340;1
 -73.25397; 9.82000;      -0.41747;3.44340;1
 -73.28725; 9.82333;      -0.41740;3.44339;1
 -73.32048; 9.82667;      -0.41731;3.44339;1
 -73.35366; 9.83000;      -0.41724;3.44338;1
 -73.38685; 9.83333;      -0.41715;3.44338;1
 -73.41998; 9.83667;      -0.41708;3.44338;1
 -73.45310; 9.84000;      -0.41700;3.44337;1
 -73.48623; 9.84333;      -0.41685;3.44337;1
 -73.51928; 9.84667;      -0.41671;3.44337;1
 -73.55233; 9.85000;      -0.41662;3.44336;1
 -73.58533; 9.85333;      -0.41652;3.44336;1
 -73.61831; 9.85667;      -0.41630;3.44335;1
 -73.65129; 9.86000;      -0.41614;3.44335;1
 -73.68423; 9.86333;      -0.41604;3.44335;1
 -73.71715; 9.86667;      -0.41588;3.44334;1
 -73.75003; 9.87000;      -0.41574;3.44334;1
 -73.78287; 9.87333;      -0.41559;3.44334;1
 -73.81572; 9.87667;      -0.41549;3.44333;1
 -73.84851; 9.88000;      -0.41544;3.44333;1
 -73.88128; 9.88333;      -0.41520;3.44333;1
 -73.91402; 9.88667;      -0.41503;3.44332;1
 -73.94672; 9.89000;      -0.41481;3.44332;1
 -73.97941; 9.89333;      -0.41463;3.44331;1
 -74.01202; 9.89667;      -0.41442;3.44331;1
 -74.04464; 9.90000;      -0.41419;3.44331;1
 -74.07726; 9.90333;      -0.41402;3.44330;1
 -74.10987; 9.90667;      -0.41386;3.44330;1
 -74.14241; 9.91000;      -0.41370;3.44330;1
 -74.17493; 9.91333;      -0.41351;3.44329;1
 -74.20743; 9.91667;      -0.41331;3.44329;1
 -74.23989; 9.92000;      -0.41309;3.44328;1
 -74.27233; 9.92333;      -0.41283;3.44328;1
 -74.30477; 9.92667;      -0.41260;3.44328;1
 -74.33716; 9.93000;      -0.41238;3.44327;1
 -74.36954; 9.93333;      -0.41215;3.44327;1
 -74.40189; 9.93667;      -0.41192;3.44326;1
 -74.43421; 9.94000;      -0.41165;3.44326;1
 -74.46652; 9.94333;      -0.41134;3.44326;1
 -74.49884; 9.94667;      -0.41108;3.44325;1
 -74.53115; 9.95000;      -0.41086;3.44325;1
 -74.56344; 9.95333;      -0.41063;3.44325;1
 -74.59574; 9.95667;      -0.41036;3.44324;1
 -74.62803; 9.96000;      -0.41010;3.44324;1
 -74.66034; 9.96333;      -0.40985;3.44323;1
 -74.69262; 9.96667;      -0.40961;3.44323;1
 -74.72490; 9.97000;      -0.40935;3.44323;1
 -74.75715; 9.97333;      -0.40908;3.44322;1
 -74.78939; 9.97667;      -0.40884;3.44322;1
 -74.82161; 9.98000;      -0.40861;3.44321;1
 -74.85380; 9.98333;      -0.40838;3.44321;1
 -74.88600; 9.98667;      -0.40812;3.44321;1
 -74.91820; 9.99000;      -0.40784;3.44320;1
 -74.95041; 9.99333;      -0.40752;3.44320;1
 -74.98262; 9.99667;      -0.40725;3.44320;1
 -75.01479;10.00000;      -0.40697;3.44319;1
 -75.04702;10.00333;      -0.40667;3.44319;1
 -75.07923;10.00667;      -0.40635;3.44318;1
 -75.11139;10.01000;      -0.40603;3.44318;1
 -75.14361;10.01333;      -0.40573;3.44318;1
 -75.17584;10.01667;      -0.40539;3.44317;1
 -75.20807;10.02000;      -0.40508;3.44317;1
 -75.24036;10.02333;      -0.40477;3.44316;1
 -75.27259;10.02667;      -0.40455;3.44316;1
 -75.30484;10.03000;      -0.40429;3.44316;1
 -75.33713;10.03333;      -0.40399;3.44315;1
 -75.36941;10.03667;      -0.40372;3.44315;1
 -75.40169;10.04000;      -0.40347;3.44314;1
 -75.43398;10.04333;      -0.40321;3.44314;1
 -75.46630;10.04667;      -0.40296;3.44314;1
 -75.49864;10.05000;      -0.40275;3.44313;1
 -75.53100;10.05333;      -0.40254;3.44313;1
 -75.56341;10.05667;      -0.40237;3.44312;1
 -75.59584;10.06000;      -0.40217;3.44312;1
 -75.62826;10.06333;      -0.40201;3.44312;1
 -75.66071;10.06667;      -0.40184;3.44311;1
 -75.69320;10.07000;      -0.40165;3.44311;1
 -75.72572;10.07333;      -0.40146;3.44310;1
 -75.75830;10.07667;      -0.40127;3.44310;1
 -75.79084;10.08000;      -0.40113;3.44310;1
 -75.82341;10.08333;      -0.40103;3.44309;1
 -75.85602;10.08667;      -0.40097;3.44309;1
 -75.88867;10.09000;      -0.40079;3.44308;1
 -75.92134;10.09333;      -0.40059;3.44308;1
 -75.95408;10.09667;      -0.40043;3.44308;1
 -75.98689;10.10000;      -0.40032;3.44307;1
 -76.01969;10.10333;      -0.40019;3.44307;1
 -76.05249;10.10667;      -0.40014;3.44306;1
 -76.08533;10.11000;      -0.40012;3.44306;1
 -76.11823;10.11333;      -0.40006;3.44305;1
 -76.15113;10.11667;      -0.39996;3.44305;1
 -76.18408;10.12000;      -0.39989;3.44305;1
 -76.21713;10.12333;      -0.39981;3.44304;1
 -76.25018;10.12667;      -0.39973;3.44304;1
 -76.28325;10.13000;      -0.39963;3.44303;1
 -76.31636;10.13333;      -0.39957;3.44303;1
 -76.34951;10.13667;      -0.39957;3.44303;1
 -76.38269;10.14000;      -0.39955;3.44302;1
 -76.41592;10.14333;      -0.39955;3.44302;1
 -76.44920;10.14667;      -0.39961;3.44301;1
 -76.48249;10.15000;      -0.39973;3.44301;1
 -76.51580;10.15333;      -0.39979;3.44300;1
 -76.54916;10.15667;      -0.39983;3.44300;1
 -76.58254;10.16000;      -0.39979;3.44299;1
 -76.61593;10.16333;      -0.39975;3.44299;1
 -76.64933;10.16667;      -0.39970;3.44299;1
 -76.68284;10.17000;      -0.39973;3.44298;1
 -76.71631;10.17333;      -0.39976;3.44298;1
 -76.74985;10.17667;      -0.39981;3.44297;1
 -76.78336;10.18000;      -0.39986;3.44297;1
 -76.81692;10.18333;      -0.39998;3.44296;1
 -76.85049;10.18667;      -0.40011;3.44296;1
 -76.88415;10.19000;      -0.40020;3.44296;1
 -76.91785;10.19333;      -0.40026;3.44295;1
 -76.95159;10.19667;      -0.40035;3.44295;1
 -76.98534;10.20000;      -0.40042;3.44294;1
 -77.01913;10.20333;      -0.40053;3.44294;1
 -77.05287;10.20667;      -0.40069;3.44293;1
 -77.08664;10.21000;      -0.40083;3.44293;1
 -77.12046;10.21333;      -0.40099;3.44292;1
 -77.15428;10.21667;      -0.40110;3.44292;1
 -77.18815;10.22000;      -0.40126;3.44291;1
 -77.22208;10.22333;      -0.40145;3.44291;1
 -77.25597;10.22667;      -0.40165;3.44291;1
 -77.28992;10.23000;      -0.40183;3.44290;1
 -77.32390;10.23333;      -0.40200;3.44290;1
 -77.35789;10.23667;      -0.40215;3.44289;1
 -77.39190;10.24000;      -0.40229;3.44289;1
 -77.42593;10.24333;      -0.40245;3.44288;1
 -77.45998;10.24667;      -0.40261;3.44288;1
 -77.49405;10.25000;      -0.40280;3.44287;1
 -77.52816;10.25333;      -0.40299;3.44287;1
 -77.56228;10.25667;      -0.40315;3.44286;1
 -77.59638;10.26000;      -0.40330;3.44286;1
 -77.63049;10.26333;      -0.40347;3.44286;1
 -77.66466;10.26667;      -0.40368;3.44285;1
 -77.69882;10.27000;      -0.40385;3.44285;1
 -77.73297;10.27333;      -0.40402;3.44284;1
 -77.76710;10.27667;      -0.40421;3.44284;1
 -77.80123;10.28000;      -0.40440;3.44283;1
 -77.83543;10.28333;      -0.40459;3.44283;1
 -77.86962;10.28667;      -0.40482;3.44282;1
 -77.90382;10.29000;      -0.40503;3.44282;1
 -77.93800;10.29333;      -0.40520;3.44281;1
 -77.97221;10.29667;      -0.40539;3.44281;1
 -78.00639;10.30000;      -0.40554;3.44280;1
 -78.04061;10.30333;      -0.40570;3.44280;1
 -78.07479;10.30667;      -0.40584;3.44279;1
 -78.10897;10.31000;      -0.40597;3.44279;1
 -78.14315;10.31333;      -0.40613;3.44278;1
 -78.17733;10.31667;      -0.40629;3.44278;1
 -78.21151;10.32000;      -0.40650;3.44277;1
 -78.24569;10.32333;      -0.40666;3.44277;1
 -78.27982;10.32667;      -0.40680;3.44277;1
 -78.31395;10.33000;      -0.40696;3.44276;1
 -78.34813;10.33333;      -0.40711;3.44276;1
 -78.38230;10.33667;      -0.40730;3.44275;1
 -78.41646;10.34000;      -0.40746;3.44275;1
 -78.45061;10.34333;      -0.40765;3.44274;1
 -78.48475;10.34667;      -0.40779;3.44274;1
 -78.51887;10.35000;      -0.40789;3.44273;1
 -78.55293;10.35333;      -0.40791;3.44273;1
 -78.58705;10.35667;      -0.40792;3.44272;1
 -78.62113;10.36000;      -0.40797;3.44272;1
 -78.65520;10.36333;      -0.40807;3.44271;1
 -78.68926;10.36667;      -0.40817;3.44271;1
 -78.72333;10.37000;      -0.40826;3.44270;1
 -78.75731;10.37333;      -0.40830;3.44270;1
 -78.79136;10.37667;      -0.40832;3.44269;1
 -78.82536;10.38000;      -0.40844;3.44269;1
 -78.85939;10.38333;      -0.40857;3.44268;1
 -78.89339;10.38667;      -0.40868;3.44268;1
 -78.92736;10.39000;      -0.40879;3.44267;1
 -78.96128;10.39333;      -0.40889;3.44267;1
 -78.99513;10.39667;      -0.40898;3.44266;1
 -79.02898;10.40000;      -0.40898;3.44266;1
 -79.06285;10.40333;      -0.40896;3.44265;1
 -79.09672;10.40667;      -0.40899;3.44265;1
 -79.13059;10.41000;      -0.40899;3.44264;1
 -79.16444;10.41333;      -0.40902;3.44264;1
 -79.19831;10.41667;      -0.40908;3.44263;1
 -79.23216;10.42000;      -0.40907;3.44263;1
 -79.26592;10.42333;      -0.40901;3.44262;1
 -79.29967;10.42667;      -0.40898;3.44262;1
 -79.33343;10.43000;      -0.40904;3.44261;1
 -79.36715;10.43333;      -0.40911;3.44261;1
 -79.40085;10.43667;      -0.40907;3.44260;1
 -79.43457;10.44000;      -0.40904;3.44260;1
 -79.46821;10.44333;      -0.40910;3.44259;1
 -79.50190;10.44667;      -0.40904;3.44259;1
 -79.53559;10.45000;      -0.40902;3.44258;1
 -79.56925;10.45333;      -0.40903;3.44258;1
 -79.60284;10.45667;      -0.40903;3.44257;1
 -79.63646;10.46000;      -0.40903;3.44257;1
 -79.67007;10.46333;      -0.40903;3.44256;1
 -79.70369;10.46667;      -0.40898;3.44256;1
 -79.73726;10.47000;      -0.40888;3.44255;1
 -79.77080;10.47333;      -0.40882;3.44255;1
 -79.80434;10.47667;      -0.40876;3.44254;1
 -79.83792;10.48000;      -0.40869;3.44254;1
 -79.87144;10.48333;      -0.40863;3.44253;1
 -79.90495;10.48667;      -0.40858;3.44253;1
 -79.93848;10.49000;      -0.40853;3.44252;1
 -79.97200;10.49333;      -0.40852;3.44252;1
 -80.00551;10.49667;      -0.40846;3.44251;1
 -80.03897;10.50000;      -0.40846;3.44251;1
 -80.07243;10.50333;      -0.40842;3.44250;1
 -80.10587;10.50667;      -0.40839;3.44250;1
 -80.13929;10.51000;      -0.40832;3.44249;1
 -80.17277;10.51333;      -0.40826;3.44249;1
 -80.20625;10.51667;      -0.40813;3.44248;1
 -80.23970;10.52000;      -0.40806;3.44248;1
 -80.27316;10.52333;      -0.40798;3.44247;1
 -80.30661;10.52667;      -0.40786;3.44247;1
 -80.34003;10.53000;      -0.40777;3.44246;1
 -80.37346;10.53333;      -0.40770;3.44246;1
 -80.40687;10.53667;      -0.40762;3.44245;1
 -80.44026;10.54000;      -0.40749;3.44245;1
 -80.47366;10.54333;      -0.40733;3.44244;1
 -80.50705;10.54667;      -0.40718;3.44244;1
 -80.54048;10.55000;      -0.40707;3.44243;1
 -80.57390;10.55333;      -0.40701;3.44243;1
 -80.60736;10.55667;      -0.40688;3.44242;1
 -80.64079;10.56000;      -0.40675;3.44242;1
 -80.67425;10.56333;      -0.40664;3.44241;1
 -80.70769;10.56667;      -0.40652;3.44241;1
 -80.74116;10.57000;      -0.40641;3.44240;1
 -80.77459;10.57333;      -0.40628;3.44240;1
 -80.80805;10.57667;      -0.40614;3.44239;1
 -80.84151;10.58000;      -0.40605;3.44239;1
 -80.87500;10.58333;      -0.40598;3.44238;1
 -80.90848;10.58667;      -0.40589;3.44238;1
 -80.94198;10.59000;      -0.40581;3.44237;1
 -80.97549;10.59333;      -0.40572;3.44237;1
 -81.00903;10.59667;      -0.40568;3.44236;1
 -81.04264;10.60000;      -0.40563;3.44236;1
 -81.07618;10.60333;      -0.40556;3.44235;1
 -81.10972;10.60667;      -0.40545;3.44234;1
 -81.14323;10.61000;      -0.40533;3.44234;1
 -81.17674;10.61333;      -0.40525;3.44233;1
 -81.21028;10.61667;      -0.40513;3.44233;1
 -81.24385;10.62000;      -0.40502;3.44232;1
 -81.27739;10.62333;      -0.40496;3.44232;1
 -81.31100;10.62667;      -0.40487;3.44231;1
 -81.34457;10.63000;      -0.40477;3.44231;1
 -81.37818;10.63333;      -0.40470;3.44230;1
 -81.41179;10.63667;      -0.40466;3.44230;1
 -81.44538;10.64000;      -0.40456;3.44229;1
 -81.47897;10.64333;      -0.40440;3.44229;1
 -81.51261;10.64667;      -0.40427;3.44228;1
 -81.54621;10.65000;      -0.40419;3.44228;1
 -81.57984;10.65333;      -0.40411;3.44227;1
 -81.61344;10.65667;      -0.40404;3.44226;1
 -81.64713;10.66000;      -0.40394;3.44226;1
 -81.68079;10.66333;      -0.40384;3.44225;1
 -81.71446;10.66667;      -0.40376;3.44225;1
 -81.74811;10.67000;      -0.40373;3.44224;1
 -81.78175;10.67333;      -0.40373;3.44224;1
 -81.81541;10.67667;      -0.40374;3.44223;1
 -81.84910;10.68000;      -0.40374;3.44223;1
 -81.88277;10.68333;      -0.40373;3.44222;1
 -81.91648;10.68667;      -0.40372;3.44222;1
 -81.95016;10.69000;      -0.40363;3.44221;1
 -81.98384;10.69333;      -0.40349;3.44221;1
 -82.01748;10.69667;      -0.40340;3.44220;1
 -82.05115;10.70000;      -0.40333;3.44219;1
 -82.08482;10.70333;      -0.40323;3.44219;1
 -82.11851;10.70667;      -0.40313;3.44218;1
 -82.15220;10.71000;      -0.40306;3.44218;1
 -82.18589;10.71333;      -0.40298;3.44217;1
 -82.21957;10.71667;      -0.40291;3.44217;1
 -82.25321;10.72000;      -0.40283;3.44216;1
 -82.28687;10.72333;      -0.40270;3.44216;1
 -82.32054;10.72667;      -0.40261;3.44215;1
 -82.35420;10.73000;      -0.40257;3.44214;1
 -82.38789;10.73333;      -0.40250;3.44214;1
 -82.42159;10.73667;      -0.40244;3.44213;1
 -82.45526;10.74000;      -0.40237;3.44213;1
 -82.48895;10.74333;      -0.40228;3.44212;1
 -82.52264;10.74667;      -0.40218;3.44212;1
 -82.55636;10.75000;      -0.40211;3.44211;1
 -82.59002;10.75333;      -0.40202;3.44211;1
 -82.62366;10.75667;      -0.40195;3.44210;1
 -82.65728;10.76000;      -0.40188;3.44209;1
 -82.69090;10.76333;      -0.40179;3.44209;1
 -82.72448;10.76667;      -0.40173;3.44208;1
 -82.75805;10.77000;      -0.40168;3.44208;1
 -82.79162;10.77333;      -0.40169;3.44207;1
 -82.82525;10.77667;      -0.40166;3.44207;1
 -82.85884;10.78000;      -0.40161;3.44206;1
 -82.89241;10.78333;      -0.40156;3.44206;1
 -82.92598;10.78667;      -0.40151;3.44205;1
 -82.95954;10.79000;      -0.40136;3.44204;1
 -82.99305;10.79333;      -0.40127;3.44204;1
 -83.02659;10.79667;      -0.40120;3.44203;1
 -83.06013;10.80000;      -0.40109;3.44203;1
 -83.09364;10.80333;      -0.40099;3.44202;1
 -83.12716;10.80667;      -0.40089;3.44202;1
 -83.16069;10.81000;      -0.40076;3.44201;1
 -83.19421;10.81333;      -0.40061;3.44200;1
 -83.22772;10.81667;      -0.40044;3.44200;1
 -83.26123;10.82000;      -0.40029;3.44199;1
 -83.29466;10.82333;      -0.40012;3.44199;1
 -83.32815;10.82667;      -0.40000;3.44198;1
 -83.36159;10.83000;      -0.39992;3.44198;1
 -83.39507;10.83333;      -0.39986;3.44197;1
 -83.42852;10.83667;      -0.39975;3.44196;1
 -83.46192;10.84000;      -0.39964;3.44196;1
 -83.49538;10.84333;      -0.39953;3.44195;1
 -83.52882;10.84667;      -0.39946;3.44195;1
 -83.56228;10.85000;      -0.39941;3.44194;1
 -83.59574;10.85333;      -0.39934;3.44194;1
 -83.62918;10.85667;      -0.39927;3.44193;1
 -83.66262;10.86000;      -0.39921;3.44192;1
 -83.69602;10.86333;      -0.39907;3.44192;1
 -83.72943;10.86667;      -0.39898;3.44191;1
 -83.76280;10.87000;      -0.39892;3.44191;1
 -83.79620;10.87333;      -0.39890;3.44190;1
 -83.82956;10.87667;      -0.39881;3.44190;1
 -83.86293;10.88000;      -0.39875;3.44189;1
 -83.89631;10.88333;      -0.39868;3.44188;1
 -83.92966;10.88667;      -0.39862;3.44188;1
 -83.96300;10.89000;      -0.39854;3.44187;1
 -83.99634;10.89333;      -0.39846;3.44187;1
 -84.02969;10.89667;      -0.39838;3.44186;1
 -84.06307;10.90000;      -0.39826;3.44186;1
 -84.09641;10.90333;      -0.39812;3.44185;1
 -84.12975;10.90667;      -0.39797;3.44184;1
 -84.16305;10.91000;      -0.39783;3.44184;1
 -84.19633;10.91333;      -0.39767;3.44183;1
 -84.22962;10.91667;      -0.39754;3.44183;1
 -84.26290;10.92000;      -0.39741;3.44182;1
 -84.29623;10.92333;      -0.39728;3.44181;1
 -84.32948;10.92667;      -0.39715;3.44181;1
 -84.36271;10.93000;      -0.39705;3.44180;1
 -84.39593;10.93333;      -0.39698;3.44180;1
 -84.42910;10.93667;      -0.39685;3.44179;1
 -84.46230;10.94000;      -0.39675;3.44179;1
 -84.49546;10.94333;      -0.39667;3.44178;1
 -84.52859;10.94667;      -0.39657;3.44177;1
 -84.56172;10.95000;      -0.39649;3.44177;1
 -84.59475;10.95333;      -0.39643;3.44176;1
 -84.62782;10.95667;      -0.39643;3.44176;1
 -84.66090;10.96000;      -0.39646;3.44175;1
 -84.69393;10.96333;      -0.39647;3.44174;1
 -84.72695;10.96667;      -0.39646;3.44174;1
 -84.75998;10.97000;      -0.39637;3.44173;1
 -84.79300;10.97333;      -0.39633;3.44173;1
 -84.82593;10.97667;      -0.39625;3.44172;1
 -84.85882;10.98000;      -0.39613;3.44171;1
 -84.89172;10.98333;      -0.39601;3.44171;1
 -84.92456;10.98667;      -0.39597;3.44170;1
 -84.95738;10.99000;      -0.39593;3.44170;1
 -84.99020;10.99333;      -0.39586;3.44169;1
 -85.02300;10.99667;      -0.39576;3.44169;1
 -85.05580;11.00000;      -0.39570;3.44168;1
 -85.08856;11.00333;      -0.39563;3.44167;1
 -85.12125;11.00667;      -0.39556;3.44167;1
 -85.15395;11.01000;      -0.39548;3.44166;1
 -85.18661;11.01333;      -0.39543;3.44166;1
 -85.21925;11.01667;      -0.39535;3.44165;1
 -85.25189;11.02000;      -0.39523;3.44164;1
 -85.28448;11.02333;      -0.39510;3.44164;1
 -85.31708;11.02667;      -0.39492;3.44163;1
 -85.34961;11.03000;      -0.39478;3.44163;1
 -85.38216;11.03333;      -0.39460;3.44162;1
 -85.41466;11.03667;      -0.39443;3.44161;1
 -85.44715;11.04000;      -0.39426;3.44161;1
 -85.47962;11.04333;      -0.39413;3.44160;1
 -85.51202;11.04667;      -0.39403;3.44160;1
 -85.54439;11.05000;      -0.39388;3.44159;1
 -85.57675;11.05333;      -0.39368;3.44158;1
 -85.60907;11.05667;      -0.39349;3.44158;1
 -85.64141;11.06000;      -0.39329;3.44157;1
 -85.67371;11.06333;      -0.39309;3.44157;1
 -85.70598;11.06667;      -0.39287;3.44156;1
 -85.73825;11.07000;      -0.39268;3.44155;1
 -85.77049;11.07333;      -0.39242;3.44155;1
 -85.80267;11.07667;      -0.39209;3.44154;1
 -85.83490;11.08000;      -0.39180;3.44154;1
 -85.86707;11.08333;      -0.39153;3.44153;1
 -85.89918;11.08667;      -0.39125;3.44153;1
 -85.93133;11.09000;      -0.39092;3.44152;1
 -85.96343;11.09333;      -0.39065;3.44151;1
 -85.99553;11.09667;      -0.39036;3.44151;1
 -86.02764;11.10000;      -0.39008;3.44150;1
 -86.05972;11.10333;      -0.38981;3.44150;1
 -86.09179;11.10667;      -0.38952;3.44149;1
 -86.12384;11.11000;      -0.38924;3.44148;1
 -86.15592;11.11333;      -0.38900;3.44148;1
 -86.18802;11.11667;      -0.38874;3.44147;1
 -86.22008;11.12000;      -0.38849;3.44147;1
 -86.25213;11.12333;      -0.38829;3.44146;1
 -86.28416;11.12667;      -0.38807;3.44145;1
 -86.31625;11.13000;      -0.38788;3.44145;1
 -86.34831;11.13333;      -0.38765;3.44144;1
 -86.38043;11.13667;      -0.38748;3.44144;1
 -86.41257;11.14000;      -0.38725;3.44143;1
 -86.44471;11.14333;      -0.38683;3.44142;1
 -86.47685;11.14667;      -0.38655;3.44142;1
 -86.50902;11.15000;      -0.38635;3.44141;1
 -86.54120;11.15333;      -0.38605;3.44141;1
 -86.57341;11.15667;      -0.38573;3.44140;1
 -86.60566;11.16000;      -0.38544;3.44139;1
 -86.63792;11.16333;      -0.38517;3.44139;1
 -86.67025;11.16667;      -0.38492;3.44138;1
 -86.70257;11.17000;      -0.38465;3.44137;1
 -86.73493;11.17333;      -0.38440;3.44137;1
 -86.76733;11.17667;      -0.38414;3.44136;1
 -86.79975;11.18000;      -0.38385;3.44136;1
 -86.83223;11.18333;      -0.38359;3.44135;1
 -86.86470;11.18667;      -0.38340;3.44134;1
 -86.89723;11.19000;      -0.38323;3.44134;1
 -86.92979;11.19333;      -0.38306;3.44133;1
 -86.96239;11.19667;      -0.38290;3.44132;1
 -86.99505;11.20000;      -0.38274;3.44132;1
 -87.02769;11.20333;      -0.38257;3.44131;1
 -87.06036;11.20667;      -0.38239;3.44131;1
 -87.09310;11.21000;      -0.38223;3.44130;1
 -87.12589;11.21333;      -0.38206;3.44129;1
 -87.15869;11.21667;      -0.38206;3.44129;1
 -87.19156;11.22000;      -0.38203;3.44128;1
 -87.22446;11.22333;      -0.38195;3.44127;1
 -87.25739;11.22667;      -0.38183;3.44127;1
 -87.29034;11.23000;      -0.38172;3.44126;1
 -87.32338;11.23333;      -0.38169;3.44126;1
 -87.35644;11.23667;      -0.38172;3.44125;1
 -87.38954;11.24000;      -0.38171;3.44124;1
 -87.42264;11.24333;      -0.38171;3.44124;1
 -87.45587;11.24667;      -0.38169;3.44123;1
 -87.48913;11.25000;      -0.38168;3.44122;1
 -87.52243;11.25333;      -0.38165;3.44122;1
 -87.55575;11.25667;      -0.38161;3.44121;1
 -87.58913;11.26000;      -0.38158;3.44120;1
 -87.62249;11.26333;      -0.38157;3.44120;1
 -87.65590;11.26667;      -0.38152;3.44119;1
 -87.68939;11.27000;      -0.38150;3.44118;1
 -87.72292;11.27333;      -0.38153;3.44118;1
 -87.75649;11.27667;      -0.38159;3.44117;1
 -87.79016;11.28000;      -0.38167;3.44116;1
 -87.82387;11.28333;      -0.38172;3.44116;1
 -87.85766;11.28667;      -0.38175;3.44115;1
 -87.89146;11.29000;      -0.38178;3.44114;1
 -87.92531;11.29333;      -0.38186;3.44114;1
 -87.95925;11.29667;      -0.38195;3.44113;1
 -87.99321;11.30000;      -0.38207;3.44112;1
 -88.02720;11.30333;      -0.38229;3.44112;1
 -88.06125;11.30667;      -0.38246;3.44111;1
 -88.09533;11.31000;      -0.38262;3.44110;1
 -88.12949;11.31333;      -0.38275;3.44110;1
 -88.16367;11.31667;      -0.38290;3.44109;1
 -88.19785;11.32000;      -0.38306;3.44108;1
 -88.23210;11.32333;      -0.38328;3.44108;1
 -88.26641;11.32667;      -0.38350;3.44107;1
 -88.30074;11.33000;      -0.38372;3.44106;1
 -88.33515;11.33333;      -0.38389;3.44106;1
 -88.36957;11.33667;      -0.38408;3.44105;1
 -88.40400;11.34000;      -0.38427;3.44104;1
 -88.43848;11.34333;      -0.38444;3.44104;1
 -88.47292;11.34667;      -0.38460;3.44103;1
 -88.50743;11.35000;      -0.38478;3.44102;1
 -88.54198;11.35333;      -0.38501;3.44101;1
 -88.57657;11.35667;      -0.38524;3.44101;1
 -88.61121;11.36000;      -0.38548;3.44100;1
 -88.64584;11.36333;      -0.38570;3.44099;1
 -88.68044;11.36667;      -0.38600;3.44099;1
 -88.71513;11.37000;      -0.38628;3.44098;1
 -88.74980;11.37333;      -0.38654;3.44097;1
 -88.78452;11.37667;      -0.38676;3.44097;1
 -88.81925;11.38000;      -0.38701;3.44096;1
 -88.85403;11.38333;      -0.38725;3.44095;1
 -88.88882;11.38667;      -0.38749;3.44094;1
 -88.92364;11.39000;      -0.38775;3.44094;1
 -88.95844;11.39333;      -0.38800;3.44093;1
 -88.99326;11.39667;      -0.38823;3.44092;1
 -89.02807;11.40000;      -0.38850;3.44092;1
 -89.06290;11.40333;      -0.38877;3.44091;1
 -89.09775;11.40667;      -0.38904;3.44090;1
 -89.13261;11.41000;      -0.38929;3.44090;1
 -89.16746;11.41333;      -0.38954;3.44089;1
 -89.20230;11.41667;      -0.38976;3.44088;1
 -89.23713;11.42000;      -0.39002;3.44087;1
 -89.27198;11.42333;      -0.39029;3.44087;1
 -89.30684;11.42667;      -0.39056;3.44086;1
 -89.34169;11.43000;      -0.39085;3.44085;1
 -89.37652;11.43333;      -0.39115;3.44085;1
 -89.41133;11.43667;      -0.39143;3.44084;1
 -89.44610;11.44000;      -0.39172;3.44083;1
 -89.48085;11.44333;      -0.39200;3.44082;1
 -89.51562;11.44667;      -0.39227;3.44082;1
 -89.55036;11.45000;      -0.39253;3.44081;1
 -89.58513;11.45333;      -0.39284;3.44080;1
 -89.61989;11.45667;      -0.39310;3.44079;1
 -89.65454;11.46000;      -0.39335;3.44079;1
 -89.68923;11.46333;      -0.39352;3.44078;1
 -89.72389;11.46667;      -0.39368;3.44077;1
 -89.75854;11.47000;      -0.39392;3.44077;1
 -89.79315;11.47333;      -0.39411;3.44076;1
 -89.82770;11.47667;      -0.39437;3.44075;1
 -89.86228;11.48000;      -0.39462;3.44074;1
 -89.89677;11.48333;      -0.39485;3.44074;1
 -89.93123;11.48667;      -0.39504;3.44073;1
 -89.96564;11.49000;      -0.39518;3.44072;1
 -90.00003;11.49333;      -0.39537;3.44072;1
 -90.03438;11.49667;      -0.39553;3.44071;1
 -90.06866;11.50000;      -0.39565;3.44070;1
 -90.10289;11.50333;      -0.39575;3.44069;1
 -90.13710;11.50667;      -0.39583;3.44069;1
 -90.17126;11.51000;      -0.39583;3.44068;1
 -90.20538;11.51333;      -0.39581;3.44067;1
 -90.23944;11.51667;      -0.39586;3.44067;1
 -90.27349;11.52000;      -0.39593;3.44066;1
 -90.30749;11.52333;      -0.39602;3.44065;1
 -90.34144;11.52667;      -0.39614;3.44064;1
 -90.37533;11.53000;      -0.39622;3.44064;1
 -90.40916;11.53333;      -0.39621;3.44063;1
 -90.44293;11.53667;      -0.39620;3.44062;1
 -90.47672;11.54000;      -0.39620;3.44062;1
 -90.51041;11.54333;      -0.39617;3.44061;1
 -90.54402;11.54667;      -0.39611;3.44060;1
 -90.57764;11.55000;      -0.39610;3.44059;1
 -90.61123;11.55333;      -0.39600;3.44059;1
 -90.64477;11.55667;      -0.39591;3.44058;1
 -90.67823;11.56000;      -0.39579;3.44057;1
 -90.71162;11.56333;      -0.39562;3.44057;1
 -90.74502;11.56667;      -0.39545;3.44056;1
 -90.77834;11.57000;      -0.39528;3.44055;1
 -90.81156;11.57333;      -0.39517;3.44054;1
 -90.84479;11.57667;      -0.39502;3.44054;1
 -90.87790;11.58000;      -0.39487;3.44053;1
 -90.91098;11.58333;      -0.39468;3.44052;1
 -90.94402;11.58667;      -0.39451;3.44052;1
 -90.97702;11.59000;      -0.39429;3.44051;1
 -91.00995;11.59333;      -0.39406;3.44050;1
 -91.04292;11.59667;      -0.39385;3.44049;1
 -91.07582;11.60000;      -0.39359;3.44049;1
 -91.10867;11.60333;      -0.39334;3.44048;1
 -91.14143;11.60667;      -0.39312;3.44047;1
 -91.17416;11.61000;      -0.39291;3.44047;1
 -91.20689;11.61333;      -0.39263;3.44046;1
 -91.23957;11.61667;      -0.39234;3.44045;1
 -91.27216;11.62000;      -0.39205;3.44044;1
 -91.30479;11.62333;      -0.39171;3.44044;1
 -91.33739;11.62667;      -0.39136;3.44043;1
 -91.36995;11.63000;      -0.39103;3.44042;1
 -91.40248;11.63333;      -0.39069;3.44042;1
 -91.43502;11.63667;      -0.39035;3.44041;1
 -91.46749;11.64000;      -0.38998;3.44040;1
 -91.49995;11.64333;      -0.38962;3.44039;1
 -91.53239;11.64667;      -0.38929;3.44039;1
 -91.56480;11.65000;      -0.38899;3.44038;1
 -91.59723;11.65333;      -0.38870;3.44037;1
 -91.62962;11.65667;      -0.38838;3.44037;1
 -91.66195;11.66000;      -0.38803;3.44036;1
 -91.69430;11.66333;      -0.38770;3.44035;1
 -91.72659;11.66667;      -0.38735;3.44035;1
 -91.75887;11.67000;      -0.38702;3.44034;1
 -91.79115;11.67333;      -0.38673;3.44033;1
 -91.82344;11.67667;      -0.38645;3.44032;1
 -91.85574;11.68000;      -0.38618;3.44032;1
 -91.88798;11.68333;      -0.38589;3.44031;1
 -91.92025;11.68667;      -0.38560;3.44030;1
 -91.95248;11.69000;      -0.38528;3.44030;1
 -91.98470;11.69333;      -0.38498;3.44029;1
 -92.01697;11.69667;      -0.38470;3.44028;1
 -92.04920;11.70000;      -0.38437;3.44027;1
 -92.08146;11.70333;      -0.38404;3.44027;1
 -92.11372;11.70667;      -0.38373;3.44026;1
 -92.14593;11.71000;      -0.38340;3.44025;1
 -92.17816;11.71333;      -0.38311;3.44025;1
 -92.21039;11.71667;      -0.38282;3.44024;1
 -92.24261;11.72000;      -0.38255;3.44023;1
 -92.27482;11.72333;      -0.38229;3.44022;1
 -92.30708;11.72667;      -0.38200;3.44022;1
 -92.33936;11.73000;      -0.38171;3.44021;1
 -92.37161;11.73333;      -0.38143;3.44020;1
 -92.40390;11.73667;      -0.38112;3.44020;1
 -92.43616;11.74000;      -0.38081;3.44019;1
 -92.46838;11.74333;      -0.38049;3.44018;1
 -92.50067;11.74667;      -0.38018;3.44017;1
 -92.53298;11.75000;      -0.37989;3.44017;1
 -92.56530;11.75333;      -0.37960;3.44016;1
 -92.59757;11.75667;      -0.37932;3.44015;1
 -92.62987;11.76000;      -0.37906;3.44014;1
 -92.66215;11.76333;      -0.37880;3.44014;1
 -92.69441;11.76667;      -0.37851;3.44013;1
 -92.72669;11.77000;      -0.37824;3.44012;1
 -92.75902;11.77333;      -0.37795;3.44012;1
 -92.79139;11.77667;      -0.37769;3.44011;1
 -92.82374;11.78000;      -0.37743;3.44010;1
 -92.85615;11.78333;      -0.37720;3.44009;1
 -92.88856;11.78667;      -0.37705;3.44009;1
 -92.92097;11.79000;      -0.37692;3.44008;1
 -92.95341;11.79333;      -0.37678;3.44007;1
 -92.98584;11.79667;      -0.37659;3.44006;1
 -93.01826;11.80000;      -0.37637;3.44006;1
 -93.05070;11.80333;      -0.37608;3.44005;1
 -93.08315;11.80667;      -0.37582;3.44004;1
 -93.11566;11.81000;      -0.37561;3.44003;1
 -93.14815;11.81333;      -0.37541;3.44003;1
 -93.18064;11.81667;      -0.37530;3.44002;1
 -93.21318;11.82000;      -0.37522;3.44001;1
 -93.24575;11.82333;      -0.37516;3.44000;1
 -93.27829;11.82667;      -0.37503;3.44000;1
 -93.31082;11.83000;      -0.37487;3.43999;1
 -93.34339;11.83333;      -0.37471;3.43998;1
 -93.37600;11.83667;      -0.37458;3.43998;1
 -93.40859;11.84000;      -0.37441;3.43997;1
 -93.44123;11.84333;      -0.37425;3.43996;1
 -93.47390;11.84667;      -0.37411;3.43995;1
 -93.50667;11.85000;      -0.37399;3.43995;1
 -93.53939;11.85333;      -0.37380;3.43994;1
 -93.57207;11.85667;      -0.37365;3.43993;1
 -93.60472;11.86000;      -0.37347;3.43992;1
 -93.63746;11.86333;      -0.37333;3.43991;1
 -93.67025;11.86667;      -0.37320;3.43991;1
 -93.70307;11.87000;      -0.37311;3.43990;1
 -93.73590;11.87333;      -0.37301;3.43989;1
 -93.76872;11.87667;      -0.37291;3.43988;1
 -93.80152;11.88000;      -0.37295;3.43988;1
 -93.83438;11.88333;      -0.37296;3.43987;1
 -93.86721;11.88667;      -0.37294;3.43986;1
 -93.90008;11.89000;      -0.37290;3.43985;1
 -93.93300;11.89333;      -0.37287;3.43985;1
 -93.96592;11.89667;      -0.37280;3.43984;1
 -93.99882;11.90000;      -0.37276;3.43983;1
 -94.03179;11.90333;      -0.37274;3.43982;1
 -94.06472;11.90667;      -0.37274;3.43982;1
 -94.09769;11.91000;      -0.37270;3.43981;1
 -94.13069;11.91333;      -0.37264;3.43980;1
 -94.16372;11.91667;      -0.37259;3.43979;1
 -94.19677;11.92000;      -0.37251;3.43978;1
 -94.22982;11.92333;      -0.37243;3.43978;1
 -94.26287;11.92667;      -0.37239;3.43977;1
 -94.29595;11.93000;      -0.37237;3.43976;1
 -94.32903;11.93333;      -0.37234;3.43975;1
 -94.36216;11.93667;      -0.37226;3.43975;1
 -94.39528;11.94000;      -0.37224;3.43974;1
 -94.42846;11.94333;      -0.37222;3.43973;1
 -94.46166;11.94667;      -0.37220;3.43972;1
 -94.49485;11.95000;      -0.37223;3.43971;1
 -94.52803;11.95333;      -0.37223;3.43971;1
 -94.56123;11.95667;      -0.37226;3.43970;1
 -94.59449;11.96000;      -0.37229;3.43969;1
 -94.62774;11.96333;      -0.37231;3.43968;1
 -94.66105;11.96667;      -0.37235;3.43968;1
 -94.69441;11.97000;      -0.37234;3.43967;1
 -94.72777;11.97333;      -0.37235;3.43966;1
 -94.76113;11.97667;      -0.37238;3.43965;1
 -94.79451;11.98000;      -0.37244;3.43964;1
 -94.82789;11.98333;      -0.37246;3.43964;1
 -94.86126;11.98667;      -0.37252;3.43963;1
 -94.89471;11.99000;      -0.37253;3.43962;1
 -94.92815;11.99333;      -0.37258;3.43961;1
 -94.96161;11.99667;      -0.37259;3.43960;1
 -94.99513;12.00000;      -0.37264;3.43960;1
 -95.02864;12.00333;      -0.37270;3.43959;1
 -95.06213;12.00667;      -0.37281;3.43958;1
 -95.09567;12.01000;      -0.37291;3.43957;1
 -95.12920;12.01333;      -0.37299;3.43956;1
 -95.16275;12.01667;      -0.37306;3.43956;1
 -95.19634;12.02000;      -0.37316;3.43955;1
 -95.22992;12.02333;      -0.37325;3.43954;1
 -95.26356;12.02667;      -0.37334;3.43953;1
 -95.29723;12.03000;      -0.37344;3.43952;1
 -95.33087;12.03333;      -0.37354;3.43952;1
 -95.36449;12.03667;      -0.37363;3.43951;1
 -95.39811;12.04000;      -0.37373;3.43950;1
 -95.43175;12.04333;      -0.37382;3.43949;1
 -95.46543;12.04667;      -0.37395;3.43948;1
 -95.49907;12.05000;      -0.37409;3.43947;1
 -95.53269;12.05333;      -0.37416;3.43947;1
 -95.56634;12.05667;      -0.37417;3.43946;1
 -95.60003;12.06000;      -0.37423;3.43945;1
 -95.63375;12.06333;      -0.37431;3.43944;1
 -95.66741;12.06667;      -0.37438;3.43943;1
 -95.70110;12.07000;      -0.37463;3.43943;1
 -95.73475;12.07333;      -0.37474;3.43942;1
 -95.76839;12.07667;      -0.37482;3.43941;1
 -95.80207;12.08000;      -0.37489;3.43940;1
 -95.83575;12.08333;      -0.37492;3.43939;1
 -95.86944;12.08667;      -0.37495;3.43938;1
 -95.90315;12.09000;      -0.37500;3.43938;1
 -95.93687;12.09333;      -0.37504;3.43937;1
 -95.97056;12.09667;      -0.37513;3.43936;1
 -96.00425;12.10000;      -0.37522;3.43935;1
 -96.03797;12.10333;      -0.37529;3.43934;1
 -96.07166;12.10667;      -0.37535;3.43934;1
 -96.10531;12.11000;      -0.37539;3.43933;1
 -96.13898;12.11333;      -0.37545;3.43932;1
 -96.17262;12.11667;      -0.37554;3.43931;1
 -96.20625;12.12000;      -0.37564;3.43930;1
 -96.23989;12.12333;      -0.37573;3.43929;1
 -96.27354;12.12667;      -0.37580;3.43929;1
 -96.30718;12.13000;      -0.37591;3.43928;1
 -96.34077;12.13333;      -0.37601;3.43927;1
 -96.37436;12.13667;      -0.37611;3.43926;1
 -96.40793;12.14000;      -0.37618;3.43925;1
 -96.44156;12.14333;      -0.37626;3.43924;1
 -96.47513;12.14667;      -0.37635;3.43924;1
 -96.50866;12.15000;      -0.37641;3.43923;1
 -96.54218;12.15333;      -0.37645;3.43922;1
 -96.57577;12.15667;      -0.37649;3.43921;1
 -96.60931;12.16000;      -0.37654;3.43920;1
 -96.64284;12.16333;      -0.37654;3.43919;1
 -96.67638;12.16667;      -0.37658;3.43919;1
 -96.70990;12.17000;      -0.37663;3.43918;1
 -96.74344;12.17333;      -0.37659;3.43917;1
 -96.77695;12.17667;      -0.37656;3.43916;1
 -96.81046;12.18000;      -0.37653;3.43915;1
 -96.84395;12.18333;      -0.37653;3.43914;1
 -96.87744;12.18667;      -0.37656;3.43914;1
 -96.91090;12.19000;      -0.37658;3.43913;1
 -96.94434;12.19333;      -0.37659;3.43912;1
 -96.97782;12.19667;      -0.37658;3.43911;1
 -97.01125;12.20000;      -0.37659;3.43910;1
 -97.04464;12.20333;      -0.37661;3.43909;1
 -97.07807;12.20667;      -0.37658;3.43909;1
 -97.11149;12.21000;      -0.37652;3.43908;1
 -97.14492;12.21333;      -0.37651;3.43907;1
 -97.17834;12.21667;      -0.37647;3.43906;1
 -97.21177;12.22000;      -0.37638;3.43905;1
 -97.24513;12.22333;      -0.37629;3.43904;1
 -97.27851;12.22667;      -0.37618;3.43903;1
 -97.31187;12.23000;      -0.37612;3.43903;1
 -97.34521;12.23333;      -0.37607;3.43902;1
 -97.37856;12.23667;      -0.37599;3.43901;1
 -97.41195;12.24000;      -0.37592;3.43900;1
 -97.44533;12.24333;      -0.37588;3.43899;1
 -97.47867;12.24667;      -0.37585;3.43898;1
 -97.51207;12.25000;      -0.37584;3.43898;1
 -97.54543;12.25333;      -0.37578;3.43897;1
 -97.57875;12.25667;      -0.37572;3.43896;1
 -97.61213;12.26000;      -0.37568;3.43895;1
 -97.64546;12.26333;      -0.37562;3.43894;1
 -97.67879;12.26667;      -0.37555;3.43893;1
 -97.71216;12.27000;      -0.37547;3.43892;1
 -97.74549;12.27333;      -0.37542;3.43892;1
 -97.77882;12.27667;      -0.37538;3.43891;1
 -97.81218;12.28000;      -0.37532;3.43890;1
 -97.84556;12.28333;      -0.37530;3.43889;1
 -97.87892;12.28667;      -0.37528;3.43888;1
 -97.91228;12.29000;      -0.37521;3.43887;1
 -97.94567;12.29333;      -0.37514;3.43887;1
 -97.97903;12.29667;      -0.37504;3.43886;1
 -98.01243;12.30000;      -0.37495;3.43885;1
 -98.04584;12.30333;      -0.37487;3.43884;1
 -98.07920;12.30667;      -0.37481;3.43883;1
 -98.11259;12.31000;      -0.37475;3.43882;1
 -98.14605;12.31333;      -0.37469;3.43881;1
 -98.17951;12.31667;      -0.37465;3.43880;1
 -98.21298;12.32000;      -0.37462;3.43880;1
 -98.24644;12.32333;      -0.37457;3.43879;1
 -98.27990;12.32667;      -0.37454;3.43878;1
 -98.31336;12.33000;      -0.37455;3.43877;1
 -98.34685;12.33333;      -0.37454;3.43876;1
 -98.38036;12.33667;      -0.37453;3.43875;1
 -98.41385;12.34000;      -0.37447;3.43874;1
 -98.44739;12.34333;      -0.37438;3.43874;1
 -98.48089;12.34667;      -0.37430;3.43873;1
 -98.51443;12.35000;      -0.37426;3.43872;1
 -98.54800;12.35333;      -0.37421;3.43871;1
 -98.58161;12.35667;      -0.37421;3.43870;1
 -98.61521;12.36000;      -0.37419;3.43869;1
 -98.64885;12.36333;      -0.37416;3.43868;1
 -98.68248;12.36667;      -0.37409;3.43867;1
 -98.71610;12.37000;      -0.37404;3.43867;1
 -98.74974;12.37333;      -0.37401;3.43866;1
 -98.78338;12.37667;      -0.37402;3.43865;1
 -98.81703;12.38000;      -0.37399;3.43864;1
 -98.85072;12.38333;      -0.37400;3.43863;1
 -98.88436;12.38667;      -0.37403;3.43862;1
 -98.91807;12.39000;      -0.37403;3.43861;1
 -98.95179;12.39333;      -0.37405;3.43860;1
 -98.98548;12.39667;      -0.37406;3.43860;1
 -99.01918;12.40000;      -0.37404;3.43859;1
 -99.05293;12.40333;      -0.37401;3.43858;1
 -99.08669;12.40667;      -0.37400;3.43857;1
 -99.12043;12.41000;      -0.37401;3.43856;1
 -99.15421;12.41333;      -0.37400;3.43855;1
 -99.18797;12.41667;      -0.37398;3.43854;1
 -99.22179;12.42000;      -0.37400;3.43853;1
 -99.25559;12.42333;      -0.37401;3.43852;1
 -99.28944;12.42667;      -0.37404;3.43852;1
 -99.32323;12.43000;      -0.37405;3.43851;1
 -99.35705;12.43333;      -0.37402;3.43850;1
 -99.39092;12.43667;      -0.37402;3.43849;1
 -99.42482;12.44000;      -0.37402;3.43848;1
 -99.45867;12.44333;      -0.37408;3.43847;1
 -99.49256;12.44667;      -0.37415;3.43846;1
 -99.52649;12.45000;      -0.37420;3.43845;1
 -99.56038;12.45333;      -0.37420;3.43844;1
 -99.59433;12.45667;      -0.37420;3.43843;1
 -99.62830;12.46000;      -0.37417;3.43843;1
 -99.66221;12.46333;      -0.37416;3.43842;1
 -99.69620;12.46667;      -0.37414;3.43841;1
 -99.73020;12.47000;      -0.37419;3.43840;1
 -99.76418;12.47333;      -0.37425;3.43839;1
 -99.79825;12.47667;      -0.37429;3.43838;1
 -99.83233;12.48000;      -0.37435;3.43837;1
 -99.86638;12.48333;      -0.37444;3.43836;1
 -99.90041;12.48667;      -0.37446;3.43835;1
 -99.93448;12.49000;      -0.37446;3.43834;1
 -99.96854;12.49333;      -0.37446;3.43833;1
-100.00259;12.49667;      -0.37444;3.43833;1
-100.03666;12.50000;      -0.37445;3.43832;1
-100.07074;12.50333;      -0.37448;3.43831;1
-100.10484;12.50667;      -0.37452;3.43830;1
-100.13900;12.51000;      -0.37456;3.43829;1
-100.17310;12.51333;      -0.37455;3.43828;1
-100.20725;12.51667;      -0.37460;3.43827;1
-100.24136;12.52000;      -0.37461;3.43826;1
-100.27549;12.52333;      -0.37470;3.43825;1
-100.30962;12.52667;      -0.37479;3.43824;1
-100.34377;12.53000;      -0.37488;3.43823;1
-100.37789;12.53333;      -0.37498;3.43822;1
-100.41203;12.53667;      -0.37504;3.43822;1
-100.44618;12.54000;      -0.37508;3.43821;1
-100.48038;12.54333;      -0.37517;3.43820;1
-100.51451;12.54667;      -0.37526;3.43819;1
-100.54864;12.55000;      -0.37530;3.43818;1
-100.58277;12.55333;      -0.37533;3.43817;1
-100.61698;12.55667;      -0.37538;3.43816;1
-100.65115;12.56000;      -0.37545;3.43815;1
-100.68531;12.56333;      -0.37553;3.43814;1
-100.71948;12.56667;      -0.37559;3.43813;1
-100.75364;12.57000;      -0.37566;3.43812;1
-100.78780;12.57333;      -0.37570;3.43811;1
-100.82197;12.57667;      -0.37578;3.43810;1
-100.85615;12.58000;      -0.37587;3.43809;1
-100.89033;12.58333;      -0.37601;3.43808;1
-100.92449;12.58667;      -0.37613;3.43808;1
-100.95870;12.59000;      -0.37616;3.43807;1
-100.99289;12.59333;      -0.37620;3.43806;1
-101.02705;12.59667;      -0.37625;3.43805;1
-101.06130;12.60000;      -0.37631;3.43804;1
-101.09549;12.60333;      -0.37637;3.43803;1
-101.12967;12.60667;      -0.37644;3.43802;1
-101.16385;12.61000;      -0.37649;3.43801;1
-101.19808;12.61333;      -0.37657;3.43800;1
-101.23231;12.61667;      -0.37666;3.43799;1
-101.26654;12.62000;      -0.37671;3.43798;1
-101.30072;12.62333;      -0.37678;3.43797;1
-101.33495;12.62667;      -0.37678;3.43796;1
-101.36913;12.63000;      -0.37675;3.43795;1
-101.40338;12.63333;      -0.37675;3.43794;1
-101.43761;12.63667;      -0.37677;3.43793;1
-101.47179;12.64000;      -0.37679;3.43792;1
-101.50593;12.64333;      -0.37682;3.43791;1
-101.54008;12.64667;      -0.37686;3.43791;1
-101.57423;12.65000;      -0.37689;3.43790;1
-101.60838;12.65333;      -0.37691;3.43789;1
-101.64254;12.65667;      -0.37694;3.43788;1
-101.67670;12.66000;      -0.37695;3.43787;1
-101.71085;12.66333;      -0.37693;3.43786;1
-101.74502;12.66667;      -0.37693;3.43785;1
-101.77915;12.67000;      -0.37691;3.43784;1
-101.81320;12.67333;      -0.37694;3.43783;1
-101.84730;12.67667;      -0.37699;3.43782;1
-101.88130;12.68000;      -0.37699;3.43781;1
-101.91534;12.68333;      -0.37701;3.43780;1
-101.94944;12.68667;      -0.37702;3.43779;1
-101.98348;12.69000;      -0.37704;3.43778;1
-102.01754;12.69333;      -0.37704;3.43777;1
-102.05154;12.69667;      -0.37702;3.43776;1
-102.08559;12.70000;      -0.37700;3.43775;1
-102.11961;12.70333;      -0.37698;3.43774;1
-102.15357;12.70667;      -0.37699;3.43773;1
-102.18752;12.71000;      -0.37700;3.43772;1
-102.22143;12.71333;      -0.37697;3.43772;1
-102.25536;12.71667;      -0.37696;3.43771;1
-102.28926;12.72000;      -0.37692;3.43770;1
-102.32316;12.72333;      -0.37693;3.43769;1
-102.35707;12.72667;      -0.37695;3.43768;1
-102.39097;12.73000;      -0.37694;3.43767;1
-102.42484;12.73333;      -0.37694;3.43766;1
-102.45870;12.73667;      -0.37689;3.43765;1
-102.49251;12.74000;      -0.37687;3.43764;1
-102.52631;12.74333;      -0.37685;3.43763;1
-102.56011;12.74667;      -0.37681;3.43762;1
-102.59390;12.75000;      -0.37673;3.43761;1
-102.62772;12.75333;      -0.37661;3.43760;1
-102.66149;12.75667;      -0.37655;3.43759;1
-102.69518;12.76000;      -0.37650;3.43758;1
-102.72889;12.76333;      -0.37644;3.43757;1
-102.76257;12.76667;      -0.37637;3.43756;1
-102.79623;12.77000;      -0.37633;3.43755;1
-102.82987;12.77333;      -0.37631;3.43754;1
-102.86348;12.77667;      -0.37624;3.43753;1
-102.89705;12.78000;      -0.37618;3.43752;1
-102.93059;12.78333;      -0.37613;3.43751;1
-102.96413;12.78667;      -0.37608;3.43750;1
-102.99764;12.79000;      -0.37595;3.43749;1
-103.03111;12.79333;      -0.37581;3.43749;1
-103.06457;12.79667;      -0.37568;3.43748;1
-103.09802;12.80000;      -0.37558;3.43747;1
-103.13138;12.80333;      -0.37551;3.43746;1
-103.16474;12.80667;      -0.37539;3.43745;1
-103.19808;12.81000;      -0.37516;3.43744;1
-103.23139;12.81333;      -0.37496;3.43743;1
-103.26461;12.81667;      -0.37485;3.43742;1
-103.29777;12.82000;      -0.37478;3.43741;1
-103.33095;12.82333;      -0.37469;3.43740;1
-103.36410;12.82667;      -0.37455;3.43739;1
-103.39715;12.83000;      -0.37443;3.43738;1
-103.43021;12.83333;      -0.37434;3.43737;1
-103.46325;12.83667;      -0.37423;3.43736;1
-103.49623;12.84000;      -0.37410;3.43735;1
-103.52916;12.84333;      -0.37397;3.43734;1
-103.56210;12.84667;      -0.37386;3.43733;1
-103.59502;12.85000;      -0.37377;3.43732;1
-103.62787;12.85333;      -0.37360;3.43731;1
-103.66067;12.85667;      -0.37336;3.43730;1
-103.69343;12.86000;      -0.37318;3.43729;1
-103.72615;12.86333;      -0.37303;3.43728;1
-103.75884;12.86667;      -0.37292;3.43728;1
-103.79151;12.87000;      -0.37277;3.43727;1
-103.82411;12.87333;      -0.37263;3.43726;1
-103.85674;12.87667;      -0.37247;3.43725;1
-103.88931;12.88000;      -0.37224;3.43724;1
-103.92189;12.88333;      -0.37202;3.43723;1
-103.95434;12.88667;      -0.37178;3.43722;1
-103.98677;12.89000;      -0.37155;3.43721;1
-104.01920;12.89333;      -0.37132;3.43720;1
-104.05154;12.89667;      -0.37108;3.43719;1
-104.08387;12.90000;      -0.37088;3.43718;1
-104.11613;12.90333;      -0.37071;3.43717;1
-104.14841;12.90667;      -0.37049;3.43716;1
-104.18062;12.91000;      -0.37026;3.43715;1
-104.21282;12.91333;      -0.37001;3.43714;1
-104.24500;12.91667;      -0.36978;3.43713;1
-104.27716;12.92000;      -0.36952;3.43712;1
-104.30925;12.92333;      -0.36925;3.43711;1
-104.34134;12.92667;      -0.36896;3.43711;1
-104.37341;12.93000;      -0.36868;3.43710;1
-104.40541;12.93333;      -0.36837;3.43709;1
-104.43746;12.93667;      -0.36802;3.43708;1
-104.46949;12.94000;      -0.36773;3.43707;1
-104.50151;12.94333;      -0.36734;3.43706;1
-104.53349;12.94667;      -0.36705;3.43705;1
-104.56546;12.95000;      -0.36680;3.43704;1
-104.59741;12.95333;      -0.36657;3.43703;1
-104.62928;12.95667;      -0.36627;3.43702;1
-104.66116;12.96000;      -0.36599;3.43701;1
-104.69305;12.96333;      -0.36567;3.43700;1
-104.72487;12.96667;      -0.36540;3.43699;1
-104.75669;12.97000;      -0.36514;3.43698;1
-104.78848;12.97333;      -0.36485;3.43697;1
-104.82028;12.97667;      -0.36456;3.43696;1
-104.85208;12.98000;      -0.36420;3.43695;1
-104.88385;12.98333;      -0.36378;3.43694;1
-104.91562;12.98667;      -0.36337;3.43694;1
-104.94738;12.99000;      -0.36298;3.43693;1
-104.97910;12.99333;      -0.36263;3.43692;1
-105.01082;12.99667;      -0.36230;3.43691;1
-105.04256;13.00000;      -0.36195;3.43690;1
-105.07433;13.00333;      -0.36162;3.43689;1
-105.10608;13.00667;      -0.36130;3.43688;1
-105.13782;13.01000;      -0.36100;3.43687;1
-105.16954;13.01333;      -0.36068;3.43686;1
-105.20133;13.01667;      -0.36036;3.43685;1
-105.23315;13.02000;      -0.36004;3.43684;1
-105.26498;13.02333;      -0.35975;3.43683;1
-105.29682;13.02667;      -0.35946;3.43682;1
-105.32864;13.03000;      -0.35920;3.43681;1
-105.36052;13.03333;      -0.35896;3.43680;1
-105.39243;13.03667;      -0.35867;3.43679;1
-105.42433;13.04000;      -0.35841;3.43678;1
-105.45628;13.04333;      -0.35831;3.43677;1
-105.48828;13.04667;      -0.35809;3.43676;1
-105.52030;13.05000;      -0.35784;3.43675;1
-105.55238;13.05333;      -0.35758;3.43674;1
-105.58449;13.05667;      -0.35732;3.43674;1
-105.61662;13.06000;      -0.35702;3.43673;1
-105.64882;13.06333;      -0.35676;3.43672;1
-105.68105;13.06667;      -0.35651;3.43671;1
-105.71334;13.07000;      -0.35634;3.43670;1
-105.74567;13.07333;      -0.35615;3.43669;1
-105.77810;13.07667;      -0.35585;3.43668;1
-105.81056;13.08000;      -0.35562;3.43667;1
-105.84307;13.08333;      -0.35544;3.43666;1
-105.87561;13.08667;      -0.35526;3.43665;1
-105.90825;13.09000;      -0.35505;3.43664;1
-105.94095;13.09333;      -0.35484;3.43663;1
-105.97372;13.09667;      -0.35463;3.43662;1
-106.00657;13.10000;      -0.35445;3.43661;1
-106.03951;13.10333;      -0.35430;3.43660;1
-106.07249;13.10667;      -0.35414;3.43659;1
-106.10551;13.11000;      -0.35401;3.43658;1
-106.13862;13.11333;      -0.35396;3.43657;1
-106.17180;13.11667;      -0.35387;3.43656;1
-106.20507;13.12000;      -0.35386;3.43655;1
-106.23839;13.12333;      -0.35380;3.43654;1
-106.27177;13.12667;      -0.35369;3.43653;1
-106.30518;13.13000;      -0.35357;3.43652;1
-106.33869;13.13333;      -0.35345;3.43651;1
-106.37225;13.13667;      -0.35343;3.43650;1
-106.40582;13.14000;      -0.35346;3.43649;1
-106.43946;13.14333;      -0.35347;3.43648;1
-106.47321;13.14667;      -0.35352;3.43647;1
-106.50702;13.15000;      -0.35353;3.43645;1
-106.54080;13.15333;      -0.35355;3.43644;1
-106.57472;13.15667;      -0.35361;3.43643;1
-106.60869;13.16000;      -0.35374;3.43642;1
-106.64272;13.16333;      -0.35390;3.43641;1
-106.67679;13.16667;      -0.35400;3.43640;1
-106.71097;13.17000;      -0.35409;3.43639;1
-106.74510;13.17333;      -0.35422;3.43638;1
-106.77936;13.17667;      -0.35436;3.43637;1
-106.81366;13.18000;      -0.35449;3.43636;1
-106.84800;13.18333;      -0.35472;3.43635;1
-106.88244;13.18667;      -0.35501;3.43634;1
-106.91692;13.19000;      -0.35528;3.43633;1
-106.95144;13.19333;      -0.35548;3.43632;1
-106.98602;13.19667;      -0.35577;3.43631;1
-107.02067;13.20000;      -0.35603;3.43630;1
-107.05536;13.20333;      -0.35635;3.43629;1
-107.09007;13.20667;      -0.35670;3.43628;1
-107.12482;13.21000;      -0.35705;3.43626;1
-107.15964;13.21333;      -0.35742;3.43625;1
-107.19451;13.21667;      -0.35778;3.43624;1
-107.22938;13.22000;      -0.35809;3.43623;1
-107.26423;13.22333;      -0.35839;3.43622;1
-107.29912;13.22667;      -0.35871;3.43621;1
-107.33402;13.23000;      -0.35902;3.43620;1
-107.36897;13.23333;      -0.35936;3.43619;1
-107.40397;13.23667;      -0.35974;3.43618;1
-107.43895;13.24000;      -0.36013;3.43617;1
-107.47397;13.24333;      -0.36054;3.43616;1
-107.50897;13.24667;      -0.36096;3.43614;1
-107.54397;13.25000;      -0.36137;3.43613;1
-107.57898;13.25333;      -0.36173;3.43612;1
-107.61400;13.25667;      -0.36209;3.43611;1
-107.64900;13.26000;      -0.36249;3.43610;1
-107.68398;13.26333;      -0.36290;3.43609;1
-107.71898;13.26667;      -0.36329;3.43608;1
-107.75395;13.27000;      -0.36367;3.43607;1
-107.78887;13.27333;      -0.36400;3.43606;1
-107.82380;13.27667;      -0.36435;3.43605;1
-107.85869;13.28000;      -0.36466;3.43604;1
-107.89356;13.28333;      -0.36498;3.43602;1
-107.92838;13.28667;      -0.36529;3.43601;1
-107.96320;13.29000;      -0.36564;3.43600;1
-107.99798;13.29333;      -0.36597;3.43599;1
-108.03272;13.29667;      -0.36631;3.43598;1
-108.06744;13.30000;      -0.36658;3.43597;1
-108.10212;13.30333;      -0.36687;3.43596;1
-108.13677;13.30667;      -0.36717;3.43595;1
-108.17139;13.31000;      -0.36744;3.43594;1
-108.20598;13.31333;      -0.36759;3.43593;1
-108.24056;13.31667;      -0.36777;3.43591;1
-108.27505;13.32000;      -0.36800;3.43590;1
-108.30948;13.32333;      -0.36823;3.43589;1
-108.34382;13.32667;      -0.36847;3.43588;1
-108.37818;13.33000;      -0.36863;3.43587;1
-108.41246;13.33333;      -0.36874;3.43586;1
-108.44667;13.33667;      -0.36889;3.43585;1
-108.48087;13.34000;      -0.36902;3.43584;1
-108.51500;13.34333;      -0.36913;3.43583;1
-108.54913;13.34667;      -0.36929;3.43582;1
-108.58318;13.35000;      -0.36940;3.43581;1
-108.61720;13.35333;      -0.36945;3.43579;1
-108.65120;13.35667;      -0.36949;3.43578;1
-108.68510;13.36000;      -0.36951;3.43577;1
-108.71900;13.36333;      -0.36950;3.43576;1
-108.75280;13.36667;      -0.36953;3.43575;1
-108.78659;13.37000;      -0.36957;3.43574;1
-108.82034;13.37333;      -0.36964;3.43573;1
-108.85410;13.37667;      -0.36972;3.43572;1
-108.88779;13.38000;      -0.36982;3.43571;1
-108.92146;13.38333;      -0.36991;3.43570;1
-108.95508;13.38667;      -0.36992;3.43569;1
-108.98862;13.39000;      -0.36991;3.43568;1
-109.02216;13.39333;      -0.36990;3.43566;1
-109.05561;13.39667;      -0.36986;3.43565;1
-109.08907;13.40000;      -0.36977;3.43564;1
-109.12244;13.40333;      -0.36967;3.43563;1
-109.15577;13.40667;      -0.36963;3.43562;1
-109.18905;13.41000;      -0.36958;3.43561;1
-109.22230;13.41333;      -0.36951;3.43560;1
-109.25549;13.41667;      -0.36943;3.43559;1
-109.28866;13.42000;      -0.36931;3.43558;1
-109.32172;13.42333;      -0.36917;3.43557;1
-109.35485;13.42667;      -0.36901;3.43556;1
-109.38797;13.43000;      -0.36888;3.43555;1
-109.42103;13.43333;      -0.36874;3.43554;1
-109.45402;13.43667;      -0.36861;3.43553;1
-109.48698;13.44000;      -0.36846;3.43551;1
-109.51993;13.44333;      -0.36830;3.43550;1
-109.55285;13.44667;      -0.36807;3.43549;1
-109.58575;13.45000;      -0.36780;3.43548;1
-109.61864;13.45333;      -0.36762;3.43547;1
-109.65149;13.45667;      -0.36748;3.43546;1
-109.68430;13.46000;      -0.36732;3.43545;1
-109.71711;13.46333;      -0.36718;3.43544;1
-109.74993;13.46667;      -0.36700;3.43543;1
-109.78267;13.47000;      -0.36682;3.43542;1
-109.81543;13.47333;      -0.36662;3.43541;1
-109.84818;13.47667;      -0.36643;3.43540;1
-109.88092;13.48000;      -0.36624;3.43539;1
-109.91366;13.48333;      -0.36605;3.43538;1
-109.94638;13.48667;      -0.36585;3.43537;1
-109.97907;13.49000;      -0.36563;3.43535;1
-110.01174;13.49333;      -0.36536;3.43534;1
-110.04439;13.49667;      -0.36507;3.43533;1
-110.07703;13.50000;      -0.36482;3.43532;1
-110.10970;13.50333;      -0.36461;3.43531;1
-110.14233;13.50667;      -0.36436;3.43530;1
-110.17495;13.51000;      -0.36409;3.43529;1
-110.20757;13.51333;      -0.36377;3.43528;1
-110.24023;13.51667;      -0.36352;3.43527;1
-110.27285;13.52000;      -0.36331;3.43526;1
-110.30551;13.52333;      -0.36310;3.43525;1
-110.33820;13.52667;      -0.36287;3.43524;1
-110.37089;13.53000;      -0.36267;3.43523;1
-110.40357;13.53333;      -0.36250;3.43522;1
-110.43629;13.53667;      -0.36232;3.43520;1
-110.46900;13.54000;      -0.36212;3.43519;1
-110.50170;13.54333;      -0.36190;3.43518;1
-110.53446;13.54667;      -0.36164;3.43517;1
-110.56720;13.55000;      -0.36144;3.43516;1
-110.59992;13.55333;      -0.36127;3.43515;1
-110.63264;13.55667;      -0.36111;3.43514;1
-110.66544;13.56000;      -0.36097;3.43513;1
-110.69823;13.56333;      -0.36081;3.43512;1
-110.73103;13.56667;      -0.36062;3.43511;1
-110.76385;13.57000;      -0.36042;3.43510;1
-110.79670;13.57333;      -0.36023;3.43508;1
-110.82952;13.57667;      -0.36001;3.43507;1
-110.86239;13.58000;      -0.35980;3.43506;1
-110.89523;13.58333;      -0.35958;3.43505;1
-110.92808;13.58667;      -0.35944;3.43504;1
-110.96097;13.59000;      -0.35933;3.43503;1
-110.99388;13.59333;      -0.35921;3.43502;1
-111.02677;13.59667;      -0.35906;3.43501;1
-111.05972;13.60000;      -0.35895;3.43500;1
-111.09267;13.60333;      -0.35882;3.43499;1
-111.12562;13.60667;      -0.35870;3.43498;1
-111.15859;13.61000;      -0.35857;3.43496;1
-111.19161;13.61333;      -0.35844;3.43495;1
-111.22464;13.61667;      -0.35841;3.43494;1
-111.25770;13.62000;      -0.35839;3.43493;1
-111.29075;13.62333;      -0.35834;3.43492;1
-111.32384;13.62667;      -0.35826;3.43491;1
-111.35690;13.63000;      -0.35816;3.43490;1
-111.39000;13.63333;      -0.35807;3.43489;1
-111.42308;13.63667;      -0.35799;3.43488;1
-111.45629;13.64000;      -0.35789;3.43486;1
-111.48943;13.64333;      -0.35787;3.43485;1
-111.52259;13.64667;      -0.35786;3.43484;1
-111.55580;13.65000;      -0.35780;3.43483;1
-111.58903;13.65333;      -0.35776;3.43482;1
-111.62228;13.65667;      -0.35773;3.43481;1
-111.65552;13.66000;      -0.35770;3.43480;1
-111.68879;13.66333;      -0.35772;3.43479;1
-111.72207;13.66667;      -0.35771;3.43478;1
-111.75538;13.67000;      -0.35769;3.43476;1
-111.78874;13.67333;      -0.35768;3.43475;1
-111.82210;13.67667;      -0.35768;3.43474;1
-111.85548;13.68000;      -0.35771;3.43473;1
-111.88884;13.68333;      -0.35773;3.43472;1
-111.92221;13.68667;      -0.35773;3.43471;1
-111.95564;13.69000;      -0.35771;3.43470;1
-111.98911;13.69333;      -0.35770;3.43469;1
-112.02259;13.69667;      -0.35769;3.43467;1
-112.05611;13.70000;      -0.35767;3.43466;1
-112.08967;13.70333;      -0.35766;3.43465;1
-112.12323;13.70667;      -0.35766;3.43464;1
-112.15685;13.71000;      -0.35766;3.43463;1
-112.19044;13.71333;      -0.35768;3.43462;1
-112.22407;13.71667;      -0.35775;3.43461;1
-112.25762;13.72000;      -0.35780;3.43459;1
-112.29125;13.72333;      -0.35781;3.43458;1
-112.32490;13.72667;      -0.35786;3.43457;1
-112.35851;13.73000;      -0.35789;3.43456;1
-112.39211;13.73333;      -0.35792;3.43455;1
-112.42575;13.73667;      -0.35798;3.43454;1
-112.45936;13.74000;      -0.35804;3.43452;1
-112.49302;13.74333;      -0.35808;3.43451;1
-112.52672;13.74667;      -0.35814;3.43450;1
-112.56039;13.75000;      -0.35816;3.43449;1
-112.59410;13.75333;      -0.35816;3.43448;1
-112.62784;13.75667;      -0.35819;3.43447;1
-112.66154;13.76000;      -0.35820;3.43446;1
-112.69520;13.76333;      -0.35829;3.43444;1
-112.72892;13.76667;      -0.35834;3.43443;1
-112.76262;13.77000;      -0.35837;3.43442;1
-112.79633;13.77333;      -0.35841;3.43441;1
-112.83005;13.77667;      -0.35849;3.43440;1
-112.86377;13.78000;      -0.35856;3.43439;1
-112.89749;13.78333;      -0.35862;3.43437;1
-112.93120;13.78667;      -0.35866;3.43436;1
-112.96490;13.79000;      -0.35871;3.43435;1
-112.99861;13.79333;      -0.35877;3.43434;1
-113.03230;13.79667;      -0.35886;3.43433;1
-113.06600;13.80000;      -0.35899;3.43432;1
-113.09972;13.80333;      -0.35906;3.43430;1
-113.13341;13.80667;      -0.35909;3.43429;1
-113.16713;13.81000;      -0.35920;3.43428;1
-113.20084;13.81333;      -0.35930;3.43427;1
-113.23452;13.81667;      -0.35933;3.43426;1
-113.26828;13.82000;      -0.35937;3.43425;1
-113.30198;13.82333;      -0.35940;3.43424;1
-113.33572;13.82667;      -0.35941;3.43422;1
-113.36951;13.83000;      -0.35944;3.43421;1
-113.40330;13.83333;      -0.35951;3.43420;1
-113.43702;13.83667;      -0.35958;3.43419;1
-113.47077;13.84000;      -0.35964;3.43418;1
-113.50449;13.84333;      -0.35975;3.43416;1
-113.53823;13.84667;      -0.35979;3.43415;1
-113.57198;13.85000;      -0.35984;3.43414;1
-113.60574;13.85333;      -0.35987;3.43413;1
-113.63946;13.85667;      -0.35993;3.43412;1
-113.67320;13.86000;      -0.35998;3.43411;1
-113.70697;13.86333;      -0.36004;3.43409;1
-113.74075;13.86667;      -0.36012;3.43408;1
-113.77456;13.87000;      -0.36018;3.43407;1
-113.80834;13.87333;      -0.36024;3.43406;1
-113.84208;13.87667;      -0.36028;3.43405;1
-113.87585;13.88000;      -0.36030;3.43404;1
-113.90961;13.88333;      -0.36034;3.43402;1
-113.94334;13.88667;      -0.36040;3.43401;1
-113.97711;13.89000;      -0.36040;3.43400;1
-114.01087;13.89333;      -0.36040;3.43399;1
-114.04461;13.89667;      -0.36043;3.43398;1
-114.07838;13.90000;      -0.36044;3.43396;1
-114.11207;13.90333;      -0.36045;3.43395;1
-114.14572;13.90667;      -0.36050;3.43394;1
-114.17936;13.91000;      -0.36057;3.43393;1
-114.21302;13.91333;      -0.36063;3.43392;1
-114.24669;13.91667;      -0.36065;3.43390;1
-114.28036;13.92000;      -0.36065;3.43389;1
-114.31407;13.92333;      -0.36068;3.43388;1
-114.34767;13.92667;      -0.36069;3.43387;1
-114.38121;13.93000;      -0.36072;3.43386;1
-114.41477;13.93333;      -0.36074;3.43385;1
-114.44833;13.93667;      -0.36076;3.43383;1
-114.48187;13.94000;      -0.36076;3.43382;1
-114.51544;13.94333;      -0.36076;3.43381;1
-114.54897;13.94667;      -0.36076;3.43380;1
-114.58249;13.95000;      -0.36079;3.43379;1
-114.61600;13.95333;      -0.36082;3.43377;1
-114.64944;13.95667;      -0.36084;3.43376;1
-114.68285;13.96000;      -0.36084;3.43375;1
-114.71629;13.96333;      -0.36084;3.43374;1
-114.74969;13.96667;      -0.36084;3.43373;1
-114.78300;13.97000;      -0.36084;3.43372;1
-114.81634;13.97333;      -0.36081;3.43370;1
-114.84969;13.97667;      -0.36081;3.43369;1
-114.88298;13.98000;      -0.36083;3.43368;1
-114.91626;13.98333;      -0.36085;3.43367;1
-114.94949;13.98667;      -0.36085;3.43366;1
-114.98272;13.99000;      -0.36085;3.43364;1
-115.01590;13.99333;      -0.36087;3.43363;1
-115.04908;13.99667;      -0.36084;3.43362;1
-115.08229;14.00000;      -0.36082;3.43361;1
-115.11549;14.00333;      -0.36080;3.43360;1
-115.14866;14.00667;      -0.36072;3.43359;1
-115.18179;14.01000;      -0.36068;3.43357;1
-115.21493;14.01333;      -0.36064;3.43356;1
-115.24808;14.01667;      -0.36055;3.43355;1
-115.28118;14.02000;      -0.36045;3.43354;1
-115.31420;14.02333;      -0.36022;3.43353;1
-115.34721;14.02667;      -0.36002;3.43351;1
-115.38023;14.03000;      -0.35991;3.43350;1
-115.41318;14.03333;      -0.35979;3.43349;1
-115.44613;14.03667;      -0.35972;3.43348;1
-115.47907;14.04000;      -0.35971;3.43347;1
-115.51198;14.04333;      -0.35968;3.43345;1
-115.54490;14.04667;      -0.35953;3.43344;1
-115.57780;14.05000;      -0.35945;3.43343;1
-115.61066;14.05333;      -0.35933;3.43342;1
-115.64346;14.05667;      -0.35923;3.43341;1
-115.67631;14.06000;      -0.35909;3.43340;1
-115.70910;14.06333;      -0.35899;3.43338;1
-115.74189;14.06667;      -0.35887;3.43337;1
-115.77466;14.07000;      -0.35871;3.43336;1
-115.80736;14.07333;      -0.35857;3.43335;1
-115.84005;14.07667;      -0.35837;3.43334;1
-115.87274;14.08000;      -0.35817;3.43332;1
-115.90539;14.08333;      -0.35798;3.43331;1
-115.93807;14.08667;      -0.35780;3.43330;1
-115.97074;14.09000;      -0.35769;3.43329;1
-116.00339;14.09333;      -0.35752;3.43328;1
-116.03602;14.09667;      -0.35729;3.43327;1
-116.06864;14.10000;      -0.35707;3.43325;1
-116.10126;14.10333;      -0.35687;3.43324;1
-116.13390;14.10667;      -0.35671;3.43323;1
-116.16656;14.11000;      -0.35656;3.43322;1
-116.19918;14.11333;      -0.35642;3.43321;1
-116.23174;14.11667;      -0.35625;3.43319;1
-116.26429;14.12000;      -0.35607;3.43318;1
-116.29682;14.12333;      -0.35584;3.43317;1
-116.32931;14.12667;      -0.35567;3.43316;1
-116.36187;14.13000;      -0.35548;3.43315;1
-116.39443;14.13333;      -0.35529;3.43314;1
-116.42702;14.13667;      -0.35512;3.43312;1
-116.45961;14.14000;      -0.35495;3.43311;1
-116.49215;14.14333;      -0.35474;3.43310;1
-116.52466;14.14667;      -0.35454;3.43309;1
-116.55723;14.15000;      -0.35440;3.43308;1
-116.58975;14.15333;      -0.35433;3.43306;1
-116.62228;14.15667;      -0.35425;3.43305;1
-116.65484;14.16000;      -0.35412;3.43304;1
-116.68741;14.16333;      -0.35399;3.43303;1
-116.71995;14.16667;      -0.35389;3.43302;1
-116.75252;14.17000;      -0.35375;3.43300;1
-116.78515;14.17333;      -0.35359;3.43299;1
-116.81775;14.17667;      -0.35343;3.43298;1
-116.85036;14.18000;      -0.35325;3.43297;1
-116.88297;14.18333;      -0.35307;3.43296;1
-116.91561;14.18667;      -0.35296;3.43294;1
-116.94826;14.19000;      -0.35283;3.43293;1
-116.98095;14.19333;      -0.35267;3.43292;1
-117.01362;14.19667;      -0.35251;3.43291;1
-117.04630;14.20000;      -0.35240;3.43290;1
-117.07895;14.20333;      -0.35229;3.43288;1
-117.11164;14.20667;      -0.35209;3.43287;1
-117.14426;14.21000;      -0.35191;3.43286;1
-117.17698;14.21333;      -0.35170;3.43285;1
-117.20967;14.21667;      -0.35157;3.43284;1
-117.24236;14.22000;      -0.35141;3.43282;1
-117.27508;14.22333;      -0.35127;3.43281;1
-117.30784;14.22667;      -0.35117;3.43280;1
-117.34061;14.23000;      -0.35105;3.43279;1
-117.37339;14.23333;      -0.35095;3.43278;1
-117.40621;14.23667;      -0.35082;3.43276;1
-117.43898;14.24000;      -0.35069;3.43275;1
-117.47182;14.24333;      -0.35064;3.43274;1
-117.50466;14.24667;      -0.35057;3.43273;1
-117.53748;14.25000;      -0.35044;3.43271;1
-117.57030;14.25333;      -0.35034;3.43270;1
-117.60315;14.25667;      -0.35026;3.43269;1
-117.63608;14.26000;      -0.35015;3.43268;1
-117.66897;14.26333;      -0.35005;3.43267;1
-117.70187;14.26667;      -0.34998;3.43265;1
-117.73479;14.27000;      -0.34991;3.43264;1
-117.76767;14.27333;      -0.34992;3.43263;1
-117.80059;14.27667;      -0.34991;3.43262;1
-117.83352;14.28000;      -0.34989;3.43260;1
-117.86646;14.28333;      -0.34987;3.43259;1
-117.89943;14.28667;      -0.34972;3.43258;1
-117.93238;14.29000;      -0.34968;3.43257;1
-117.96536;14.29333;      -0.34959;3.43255;1
-117.99831;14.29667;      -0.34949;3.43254;1
-118.03128;14.30000;      -0.34939;3.43253;1
-118.06430;14.30333;      -0.34925;3.43252;1
-118.09731;14.30667;      -0.34908;3.43251;1
-118.13030;14.31000;      -0.34897;3.43249;1
-118.16330;14.31333;      -0.34887;3.43248;1
-118.19633;14.31667;      -0.34877;3.43247;1
-118.22938;14.32000;      -0.34869;3.43246;1
-118.26241;14.32333;      -0.34865;3.43244;1
-118.29544;14.32667;      -0.34865;3.43243;1
-118.32854;14.33000;      -0.34859;3.43242;1
-118.36161;14.33333;      -0.34855;3.43241;1
-118.39469;14.33667;      -0.34846;3.43239;1
-118.42779;14.34000;      -0.34839;3.43238;1
-118.46090;14.34333;      -0.34832;3.43237;1
-118.49402;14.34667;      -0.34823;3.43236;1
-118.52720;14.35000;      -0.34815;3.43234;1
-118.56030;14.35333;      -0.34802;3.43233;1
-118.59341;14.35667;      -0.34787;3.43232;1
-118.62657;14.36000;      -0.34774;3.43231;1
-118.65971;14.36333;      -0.34773;3.43229;1
-118.69285;14.36667;      -0.34763;3.43228;1
-118.72607;14.37000;      -0.34756;3.43227;1
-118.75931;14.37333;      -0.34753;3.43226;1
-118.79252;14.37667;      -0.34747;3.43224;1
-118.82575;14.38000;      -0.34739;3.43223;1
-118.85897;14.38333;      -0.34727;3.43222;1
-118.89218;14.38667;      -0.34709;3.43221;1
-118.92538;14.39000;      -0.34696;3.43219;1
-118.95861;14.39333;      -0.34683;3.43218;1
-118.99185;14.39667;      -0.34673;3.43217;1
-119.02515;14.40000;      -0.34664;3.43216;1
-119.05838;14.40333;      -0.34657;3.43214;1
-119.09161;14.40667;      -0.34656;3.43213;1
-119.12482;14.41000;      -0.34651;3.43212;1
-119.15810;14.41333;      -0.34647;3.43210;1
-119.19134;14.41667;      -0.34641;3.43209;1
-119.22457;14.42000;      -0.34640;3.43208;1
-119.25779;14.42333;      -0.34636;3.43207;1
-119.29102;14.42667;      -0.34633;3.43205;1
-119.32423;14.43000;      -0.34625;3.43204;1
-119.35741;14.43333;      -0.34607;3.43203;1
-119.39056;14.43667;      -0.34594;3.43202;1
-119.42372;14.44000;      -0.34586;3.43200;1
-119.45690;14.44333;      -0.34576;3.43199;1
-119.49008;14.44667;      -0.34567;3.43198;1
-119.52325;14.45000;      -0.34564;3.43197;1
-119.55638;14.45333;      -0.34556;3.43195;1
-119.58957;14.45667;      -0.34544;3.43194;1
-119.62272;14.46000;      -0.34534;3.43193;1
-119.65580;14.46333;      -0.34523;3.43191;1
-119.68890;14.46667;      -0.34511;3.43190;1
-119.72205;14.47000;      -0.34498;3.43189;1
-119.75520;14.47333;      -0.34485;3.43188;1
-119.78836;14.47667;      -0.34472;3.43186;1
-119.82152;14.48000;      -0.34461;3.43185;1
-119.85470;14.48333;      -0.34449;3.43184;1
-119.88789;14.48667;      -0.34438;3.43182;1
-119.92102;14.49000;      -0.34425;3.43181;1
-119.95418;14.49333;      -0.34406;3.43180;1
-119.98731;14.49667;      -0.34383;3.43179;1
-120.02049;14.50000;      -0.34367;3.43177;1
-120.05367;14.50333;      -0.34350;3.43176;1
-120.08680;14.50667;      -0.34338;3.43175;1
-120.11993;14.51000;      -0.34327;3.43174;1
-120.15315;14.51333;      -0.34311;3.43172;1
-120.18633;14.51667;      -0.34297;3.43171;1
-120.21948;14.52000;      -0.34278;3.43170;1
-120.25262;14.52333;      -0.34263;3.43168;1
-120.28579;14.52667;      -0.34246;3.43167;1
-120.31897;14.53000;      -0.34227;3.43166;1
-120.35215;14.53333;      -0.34204;3.43165;1
-120.38539;14.53667;      -0.34178;3.43163;1
-120.41867;14.54000;      -0.34151;3.43162;1
-120.45187;14.54333;      -0.34125;3.43161;1
-120.48508;14.54667;      -0.34100;3.43159;1
-120.51831;14.55000;      -0.34074;3.43158;1
-120.55149;14.55333;      -0.34048;3.43157;1
-120.58472;14.55667;      -0.34023;3.43156;1
-120.61798;14.56000;      -0.33997;3.43154;1
-120.65128;14.56333;      -0.33963;3.43153;1
-120.68461;14.56667;      -0.33932;3.43152;1
-120.71792;14.57000;      -0.33905;3.43150;1
-120.75120;14.57333;      -0.33877;3.43149;1
-120.78449;14.57667;      -0.33853;3.43148;1
-120.81784;14.58000;      -0.33827;3.43146;1
-120.85113;14.58333;      -0.33798;3.43145;1
-120.88448;14.58667;      -0.33772;3.43144;1
-120.91784;14.59000;      -0.33746;3.43143;1
-120.95120;14.59333;      -0.33722;3.43141;1
-120.98462;14.59667;      -0.33698;3.43140;1
-121.01803;14.60000;      -0.33672;3.43139;1
-121.05144;14.60333;      -0.33646;3.43137;1
-121.08493;14.60667;      -0.33618;3.43136;1
-121.11843;14.61000;      -0.33594;3.43135;1
-121.15195;14.61333;      -0.33569;3.43133;1
-121.18549;14.61667;      -0.33543;3.43132;1
-121.21900;14.62000;      -0.33511;3.43131;1
-121.25257;14.62333;      -0.33481;3.43129;1
-121.28620;14.62667;      -0.33448;3.43128;1
-121.31979;14.63000;      -0.33413;3.43127;1
-121.35344;14.63333;      -0.33372;3.43125;1
-121.38715;14.63667;      -0.33328;3.43124;1
-121.42087;14.64000;      -0.33296;3.43123;1
-121.45457;14.64333;      -0.33264;3.43121;1
-121.48833;14.64667;      -0.33235;3.43120;1
-121.52205;14.65000;      -0.33206;3.43119;1
-121.55584;14.65333;      -0.33176;3.43117;1
-121.58966;14.65667;      -0.33145;3.43116;1
-121.62348;14.66000;      -0.33119;3.43115;1
-121.65734;14.66333;      -0.33096;3.43113;1
-121.69121;14.66667;      -0.33069;3.43112;1
-121.72510;14.67000;      -0.33043;3.43111;1
-121.75897;14.67333;      -0.33025;3.43109;1
-121.79279;14.67667;      -0.33001;3.43108;1
-121.82664;14.68000;      -0.32979;3.43107;1
-121.86049;14.68333;      -0.32960;3.43105;1
-121.89436;14.68667;      -0.32939;3.43104;1
-121.92825;14.69000;      -0.32917;3.43103;1
-121.96218;14.69333;      -0.32891;3.43101;1
-121.99611;14.69667;      -0.32862;3.43100;1
-122.03003;14.70000;      -0.32833;3.43099;1
-122.06392;14.70333;      -0.32804;3.43097;1
-122.09784;14.70667;      -0.32777;3.43096;1
-122.13177;14.71000;      -0.32746;3.43095;1
-122.16566;14.71333;      -0.32717;3.43093;1
-122.19951;14.71667;      -0.32687;3.43092;1
-122.23338;14.72000;      -0.32657;3.43091;1
-122.26730;14.72333;      -0.32628;3.43089;1
-122.30128;14.72667;      -0.32603;3.43088;1
-122.33526;14.73000;      -0.32576;3.43086;1
-122.36921;14.73333;      -0.32545;3.43085;1
-122.40316;14.73667;      -0.32515;3.43084;1
-122.43703;14.74000;      -0.32482;3.43082;1
-122.47090;14.74333;      -0.32444;3.43081;1
-122.50482;14.74667;      -0.32406;3.43080;1
-122.53872;14.75000;      -0.32364;3.43078;1
-122.57264;14.75333;      -0.32331;3.43077;1
-122.60659;14.75667;      -0.32299;3.43076;1
-122.64051;14.76000;      -0.32263;3.43074;1
-122.67441;14.76333;      -0.32227;3.43073;1
-122.70826;14.76667;      -0.32188;3.43072;1
-122.74210;14.77000;      -0.32147;3.43070;1
-122.77593;14.77333;      -0.32107;3.43069;1
-122.80979;14.77667;      -0.32068;3.43067;1
-122.84359;14.78000;      -0.32028;3.43066;1
-122.87736;14.78333;      -0.31991;3.43065;1
-122.91118;14.78667;      -0.31953;3.43063;1
-122.94498;14.79000;      -0.31917;3.43062;1
-122.97875;14.79333;      -0.31876;3.43061;1
-123.01252;14.79667;      -0.31833;3.43059;1
-123.04621;14.80000;      -0.31784;3.43058;1
-123.07989;14.80333;      -0.31739;3.43057;1
-123.11354;14.80667;      -0.31697;3.43055;1
-123.14716;14.81000;      -0.31656;3.43054;1
-123.18077;14.81333;      -0.31614;3.43052;1
-123.21434;14.81667;      -0.31571;3.43051;1
-123.24790;14.82000;      -0.31526;3.43050;1
-123.28151;14.82333;      -0.31481;3.43048;1
-123.31503;14.82667;      -0.31434;3.43047;1
-123.34856;14.83000;      -0.31385;3.43046;1
-123.38211;14.83333;      -0.31334;3.43044;1
-123.41561;14.83667;      -0.31285;3.43043;1
-123.44911;14.84000;      -0.31233;3.43042;1
-123.48257;14.84333;      -0.31179;3.43040;1
-123.51607;14.84667;      -0.31120;3.43039;1
-123.54949;14.85000;      -0.31066;3.43038;1
-123.58292;14.85333;      -0.31011;3.43036;1
-123.61631;14.85667;      -0.30954;3.43035;1
-123.64970;14.86000;      -0.30889;3.43033;1
-123.68307;14.86333;      -0.30825;3.43032;1
-123.71639;14.86667;      -0.30770;3.43031;1
-123.74975;14.87000;      -0.30721;3.43029;1
-123.78311;14.87333;      -0.30671;3.43028;1
-123.81644;14.87667;      -0.30616;3.43027;1
-123.84980;14.88000;      -0.30564;3.43025;1
-123.88311;14.88333;      -0.30510;3.43024;1
-123.91643;14.88667;      -0.30454;3.43023;1
-123.94970;14.89000;      -0.30399;3.43021;1
-123.98300;14.89333;      -0.30345;3.43020;1
-124.01628;14.89667;      -0.30286;3.43018;1
-124.04951;14.90000;      -0.30223;3.43017;1
-124.08275;14.90333;      -0.30156;3.43016;1
-124.11602;14.90667;      -0.30088;3.43014;1
-124.14923;14.91000;      -0.30021;3.43013;1
-124.18246;14.91333;      -0.29955;3.43012;1
-124.21570;14.91667;      -0.29886;3.43010;1
-124.24893;14.92000;      -0.29823;3.43009;1
-124.28211;14.92333;      -0.29759;3.43008;1
-124.31526;14.92667;      -0.29695;3.43006;1
-124.34838;14.93000;      -0.29631;3.43005;1
-124.38151;14.93333;      -0.29569;3.43003;1
-124.41466;14.93667;      -0.29505;3.43002;1
-124.44777;14.94000;      -0.29441;3.43001;1
-124.48087;14.94333;      -0.29377;3.42999;1
-124.51395;14.94667;      -0.29315;3.42998;1
-124.54702;14.95000;      -0.29252;3.42997;1
-124.58005;14.95333;      -0.29190;3.42995;1
-124.61305;14.95667;      -0.29128;3.42994;1
-124.64607;14.96000;      -0.29065;3.42993;1
-124.67911;14.96333;      -0.29003;3.42991;1
-124.71211;14.96667;      -0.28937;3.42990;1
-124.74510;14.97000;      -0.28869;3.42989;1
-124.77807;14.97333;      -0.28800;3.42987;1
-124.81102;14.97667;      -0.28728;3.42986;1
-124.84395;14.98000;      -0.28662;3.42984;1
-124.87689;14.98333;      -0.28598;3.42983;1
-124.90980;14.98667;      -0.28529;3.42982;1
-124.94270;14.99000;      -0.28457;3.42980;1
-124.97561;14.99333;      -0.28387;3.42979;1
-125.00852;14.99667;      -0.28316;3.42978;1
-125.04143;15.00000;      -0.28248;3.42976;1
-125.07434;15.00333;      -0.28178;3.42975;1
-125.10728;15.00667;      -0.28117;3.42973;1
-125.14021;15.01000;      -0.28058;3.42972;1
-125.17313;15.01333;      -0.27998;3.42971;1
-125.20607;15.01667;      -0.27939;3.42969;1
-125.23902;15.02000;      -0.27873;3.42968;1
-125.27197;15.02333;      -0.27804;3.42967;1
-125.30482;15.02667;      -0.27735;3.42965;1
-125.33772;15.03000;      -0.27667;3.42964;1
-125.37059;15.03333;      -0.27599;3.42962;1
-125.40346;15.03667;      -0.27529;3.42961;1
-125.43634;15.04000;      -0.27461;3.42960;1
-125.46918;15.04333;      -0.27390;3.42958;1
-125.50207;15.04667;      -0.27320;3.42957;1
-125.53490;15.05000;      -0.27251;3.42956;1
-125.56779;15.05333;      -0.27184;3.42954;1
-125.60067;15.05667;      -0.27114;3.42953;1
-125.63356;15.06000;      -0.27046;3.42952;1
-125.66643;15.06333;      -0.26978;3.42950;1
-125.69933;15.06667;      -0.26911;3.42949;1
-125.73225;15.07000;      -0.26843;3.42947;1
-125.76515;15.07333;      -0.26776;3.42946;1
-125.79803;15.07667;      -0.26709;3.42945;1
-125.83093;15.08000;      -0.26645;3.42943;1
-125.86385;15.08333;      -0.26580;3.42942;1
-125.89679;15.08667;      -0.26512;3.42940;1
-125.92974;15.09000;      -0.26445;3.42939;1
-125.96267;15.09333;      -0.26381;3.42938;1
-125.99556;15.09667;      -0.26320;3.42936;1
-126.02849;15.10000;      -0.26255;3.42935;1
-126.06143;15.10333;      -0.26189;3.42934;1
-126.09436;15.10667;      -0.26124;3.42932;1
-126.12730;15.11000;      -0.26059;3.42931;1
-126.16025;15.11333;      -0.25993;3.42929;1
-126.19315;15.11667;      -0.25928;3.42928;1
-126.22608;15.12000;      -0.25858;3.42927;1
-126.25907;15.12333;      -0.25793;3.42925;1
-126.29213;15.12667;      -0.25725;3.42924;1
-126.32520;15.13000;      -0.25658;3.42922;1
-126.35823;15.13333;      -0.25591;3.42921;1
-126.39123;15.13667;      -0.25527;3.42920;1
-126.42423;15.14000;      -0.25465;3.42918;1
-126.45725;15.14333;      -0.25404;3.42917;1
-126.49033;15.14667;      -0.25341;3.42915;1
-126.52344;15.15000;      -0.25279;3.42914;1
-126.55654;15.15333;      -0.25216;3.42913;1
-126.58967;15.15667;      -0.25154;3.42911;1
-126.62282;15.16000;      -0.25092;3.42910;1
-126.65593;15.16333;      -0.25028;3.42908;1
-126.68905;15.16667;      -0.24968;3.42907;1
-126.72223;15.17000;      -0.24909;3.42906;1
-126.75538;15.17333;      -0.24851;3.42904;1
-126.78856;15.17667;      -0.24795;3.42903;1
-126.82174;15.18000;      -0.24743;3.42901;1
-126.85495;15.18333;      -0.24691;3.42900;1
-126.88820;15.18667;      -0.24629;3.42898;1
-126.92146;15.19000;      -0.24569;3.42897;1
-126.95474;15.19333;      -0.24511;3.42896;1
-126.98802;15.19667;      -0.24454;3.42894;1
-127.02130;15.20000;      -0.24405;3.42893;1
-127.05459;15.20333;      -0.24360;3.42891;1
-127.08787;15.20667;      -0.24311;3.42890;1
-127.12116;15.21000;      -0.24260;3.42889;1
-127.15444;15.21333;      -0.24206;3.42887;1
-127.18779;15.21667;      -0.24151;3.42886;1
-127.22110;15.22000;      -0.24099;3.42884;1
-127.25438;15.22333;      -0.24042;3.42883;1
-127.28767;15.22667;      -0.23983;3.42881;1
-127.32103;15.23000;      -0.23926;3.42880;1
-127.35438;15.23333;      -0.23871;3.42879;1
-127.38775;15.23667;      -0.23816;3.42877;1
-127.42111;15.24000;      -0.23765;3.42876;1
-127.45448;15.24333;      -0.23714;3.42874;1
-127.48785;15.24667;      -0.23666;3.42873;1
-127.52123;15.25000;      -0.23620;3.42871;1
-127.55466;15.25333;      -0.23572;3.42870;1
-127.58810;15.25667;      -0.23524;3.42869;1
-127.62154;15.26000;      -0.23482;3.42867;1
-127.65497;15.26333;      -0.23437;3.42866;1
-127.68843;15.26667;      -0.23393;3.42864;1
-127.72184;15.27000;      -0.23346;3.42863;1
-127.75528;15.27333;      -0.23289;3.42861;1
-127.78871;15.27667;      -0.23235;3.42860;1
-127.82213;15.28000;      -0.23186;3.42858;1
-127.85561;15.28333;      -0.23135;3.42857;1
-127.88907;15.28667;      -0.23084;3.42856;1
-127.92254;15.29000;      -0.23035;3.42854;1
-127.95597;15.29333;      -0.22986;3.42853;1
-127.98944;15.29667;      -0.22938;3.42851;1
-128.02295;15.30000;      -0.22893;3.42850;1
-128.05643;15.30333;      -0.22845;3.42848;1
-128.08989;15.30667;      -0.22800;3.42847;1
-128.12343;15.31000;      -0.22761;3.42845;1
-128.15689;15.31333;      -0.22723;3.42844;1
-128.19036;15.31667;      -0.22679;3.42843;1
-128.22389;15.32000;      -0.22636;3.42841;1
-128.25743;15.32333;      -0.22589;3.42840;1
-128.29089;15.32667;      -0.22543;3.42838;1
-128.32433;15.33000;      -0.22497;3.42837;1
-128.35779;15.33333;      -0.22447;3.42835;1
-128.39126;15.33667;      -0.22399;3.42834;1
-128.42475;15.34000;      -0.22354;3.42832;1
-128.45825;15.34333;      -0.22309;3.42831;1
-128.49175;15.34667;      -0.22263;3.42829;1
-128.52523;15.35000;      -0.22218;3.42828;1
-128.55866;15.35333;      -0.22173;3.42826;1
-128.59211;15.35667;      -0.22129;3.42825;1
-128.62561;15.36000;      -0.22084;3.42824;1
-128.65910;15.36333;      -0.22042;3.42822;1
-128.69261;15.36667;      -0.22005;3.42821;1
-128.72613;15.37000;      -0.21962;3.42819;1
-128.75956;15.37333;      -0.21918;3.42818;1
-128.79307;15.37667;      -0.21870;3.42816;1
-128.82657;15.38000;      -0.21827;3.42815;1
-128.86008;15.38333;      -0.21787;3.42813;1
-128.89356;15.38667;      -0.21745;3.42812;1
-128.92703;15.39000;      -0.21704;3.42810;1
-128.96054;15.39333;      -0.21662;3.42809;1
-128.99398;15.39667;      -0.21617;3.42807;1
-129.02739;15.40000;      -0.21575;3.42806;1
-129.06087;15.40333;      -0.21530;3.42805;1
-129.09438;15.40667;      -0.21485;3.42803;1
-129.12787;15.41000;      -0.21441;3.42802;1
-129.16136;15.41333;      -0.21399;3.42800;1
-129.19490;15.41667;      -0.21357;3.42799;1
-129.22836;15.42000;      -0.21312;3.42797;1
-129.26177;15.42333;      -0.21266;3.42796;1
-129.29521;15.42667;      -0.21222;3.42794;1
-129.32862;15.43000;      -0.21180;3.42793;1
-129.36205;15.43333;      -0.21136;3.42791;1
-129.39551;15.43667;      -0.21094;3.42790;1
-129.42897;15.44000;      -0.21055;3.42788;1
-129.46241;15.44333;      -0.21020;3.42787;1
-129.49584;15.44667;      -0.20983;3.42785;1
-129.52926;15.45000;      -0.20942;3.42784;1
-129.56272;15.45333;      -0.20904;3.42782;1
-129.59616;15.45667;      -0.20868;3.42781;1
-129.62957;15.46000;      -0.20829;3.42779;1
-129.66300;15.46333;      -0.20787;3.42778;1
-129.69649;15.46667;      -0.20746;3.42777;1
-129.72995;15.47000;      -0.20704;3.42775;1
-129.76341;15.47333;      -0.20668;3.42774;1
-129.79684;15.47667;      -0.20634;3.42772;1
-129.83026;15.48000;      -0.20599;3.42771;1
-129.86372;15.48333;      -0.20562;3.42769;1
-129.89713;15.48667;      -0.20524;3.42768;1
-129.93056;15.49000;      -0.20483;3.42766;1
-129.96395;15.49333;      -0.20443;3.42765;1
-129.99741;15.49667;      -0.20399;3.42763;1
-130.03084;15.50000;      -0.20357;3.42762;1
-130.06428;15.50333;      -0.20319;3.42760;1
-130.09767;15.50667;      -0.20280;3.42759;1
-130.13110;15.51000;      -0.20244;3.42757;1
-130.16444;15.51333;      -0.20208;3.42756;1
-130.19785;15.51667;      -0.20170;3.42754;1
-130.23133;15.52000;      -0.20132;3.42753;1
-130.26475;15.52333;      -0.20100;3.42751;1
-130.29812;15.52667;      -0.20065;3.42750;1
-130.33156;15.53000;      -0.20029;3.42748;1
-130.36498;15.53333;      -0.19990;3.42747;1
-130.39843;15.53667;      -0.19949;3.42745;1
-130.43180;15.54000;      -0.19910;3.42744;1
-130.46520;15.54333;      -0.19874;3.42742;1
-130.49861;15.54667;      -0.19836;3.42741;1
-130.53198;15.55000;      -0.19798;3.42739;1
-130.56534;15.55333;      -0.19762;3.42738;1
-130.59875;15.55667;      -0.19726;3.42736;1
-130.63213;15.56000;      -0.19691;3.42735;1
-130.66549;15.56333;      -0.19656;3.42733;1
-130.69889;15.56667;      -0.19631;3.42732;1
-130.73226;15.57000;      -0.19608;3.42730;1
-130.76562;15.57333;      -0.19578;3.42729;1
-130.79903;15.57667;      -0.19546;3.42727;1
-130.83244;15.58000;      -0.19518;3.42726;1
-130.86582;15.58333;      -0.19489;3.42724;1
-130.89923;15.58667;      -0.19453;3.42723;1
-130.93262;15.59000;      -0.19415;3.42721;1
-130.96603;15.59333;      -0.19379;3.42720;1
-130.99944;15.59667;      -0.19343;3.42718;1
-131.03287;15.60000;      -0.19309;3.42717;1
-131.06631;15.60333;      -0.19283;3.42715;1
-131.09967;15.60667;      -0.19257;3.42714;1
-131.13307;15.61000;      -0.19234;3.42712;1
-131.16648;15.61333;      -0.19206;3.42711;1
-131.19989;15.61667;      -0.19177;3.42709;1
-131.23331;15.62000;      -0.19148;3.42708;1
-131.26677;15.62333;      -0.19118;3.42706;1
-131.30030;15.62667;      -0.19087;3.42705;1
-131.33384;15.63000;      -0.19055;3.42703;1
-131.36736;15.63333;      -0.19026;3.42702;1
-131.40089;15.63667;      -0.18997;3.42700;1
-131.43439;15.64000;      -0.18967;3.42699;1
-131.46793;15.64333;      -0.18936;3.42697;1
-131.50143;15.64667;      -0.18899;3.42696;1
-131.53498;15.65000;      -0.18868;3.42694;1
-131.56852;15.65333;      -0.18839;3.42693;1
-131.60203;15.65667;      -0.18812;3.42691;1
-131.63557;15.66000;      -0.18787;3.42690;1
-131.66913;15.66333;      -0.18764;3.42688;1
-131.70266;15.66667;      -0.18738;3.42687;1
-131.73615;15.67000;      -0.18707;3.42685;1
-131.76964;15.67333;      -0.18674;3.42684;1
-131.80318;15.67667;      -0.18629;3.42682;1
-131.83672;15.68000;      -0.18584;3.42680;1
-131.87026;15.68333;      -0.18549;3.42679;1
-131.90382;15.68667;      -0.18521;3.42677;1
-131.93739;15.69000;      -0.18504;3.42676;1
-131.97093;15.69333;      -0.18487;3.42674;1
-132.00457;15.69667;      -0.18458;3.42673;1
-132.03816;15.70000;      -0.18430;3.42671;1
-132.07177;15.70333;      -0.18407;3.42670;1
-132.10536;15.70667;      -0.18381;3.42668;1
-132.13897;15.71000;      -0.18349;3.42667;1
-132.17259;15.71333;      -0.18320;3.42665;1
-132.20625;15.71667;      -0.18295;3.42664;1
-132.23992;15.72000;      -0.18282;3.42662;1
-132.27354;15.72333;      -0.18260;3.42661;1
-132.30718;15.72667;      -0.18236;3.42659;1
-132.34087;15.73000;      -0.18214;3.42657;1
-132.37454;15.73333;      -0.18192;3.42656;1
-132.40820;15.73667;      -0.18168;3.42654;1
-132.44182;15.74000;      -0.18147;3.42653;1
-132.47549;15.74333;      -0.18131;3.42651;1
-132.50916;15.74667;      -0.18114;3.42650;1
-132.54282;15.75000;      -0.18097;3.42648;1
-132.57646;15.75333;      -0.18076;3.42647;1
-132.61018;15.75667;      -0.18053;3.42645;1
-132.64387;15.76000;      -0.18030;3.42644;1
-132.67762;15.76333;      -0.18010;3.42642;1
-132.71129;15.76667;      -0.17985;3.42640;1
-132.74498;15.77000;      -0.17966;3.42639;1
-132.77866;15.77333;      -0.17944;3.42637;1
-132.81231;15.77667;      -0.17923;3.42636;1
-132.84598;15.78000;      -0.17904;3.42634;1
-132.87966;15.78333;      -0.17884;3.42633;1
-132.91329;15.78667;      -0.17860;3.42631;1
-132.94695;15.79000;      -0.17837;3.42630;1
-132.98061;15.79333;      -0.17824;3.42628;1
-133.01423;15.79667;      -0.17810;3.42626;1
-133.04785;15.80000;      -0.17787;3.42625;1
-133.08149;15.80333;      -0.17759;3.42623;1
-133.11513;15.80667;      -0.17730;3.42622;1
-133.14879;15.81000;      -0.17702;3.42620;1
-133.18239;15.81333;      -0.17681;3.42619;1
-133.21598;15.81667;      -0.17668;3.42617;1
-133.24957;15.82000;      -0.17656;3.42616;1
-133.28310;15.82333;      -0.17640;3.42614;1
-133.31659;15.82667;      -0.17618;3.42612;1
-133.35013;15.83000;      -0.17595;3.42611;1
-133.38361;15.83333;      -0.17578;3.42609;1
-133.41711;15.83667;      -0.17559;3.42608;1
-133.45062;15.84000;      -0.17536;3.42606;1
-133.48408;15.84333;      -0.17505;3.42605;1
-133.51746;15.84667;      -0.17484;3.42603;1
-133.55093;15.85000;      -0.17463;3.42602;1
-133.58433;15.85333;      -0.17444;3.42600;1
-133.61780;15.85667;      -0.17423;3.42598;1
-133.65116;15.86000;      -0.17402;3.42597;1
-133.68451;15.86333;      -0.17381;3.42595;1
-133.71784;15.86667;      -0.17359;3.42594;1
-133.75115;15.87000;      -0.17337;3.42592;1
-133.78444;15.87333;      -0.17312;3.42591;1
-133.81775;15.87667;      -0.17289;3.42589;1
-133.85105;15.88000;      -0.17266;3.42588;1
-133.88434;15.88333;      -0.17244;3.42586;1
-133.91764;15.88667;      -0.17222;3.42584;1
-133.95087;15.89000;      -0.17199;3.42583;1
-133.98407;15.89333;      -0.17178;3.42581;1
-134.01730;15.89667;      -0.17153;3.42580;1
-134.05043;15.90000;      -0.17131;3.42578;1
-134.08357;15.90333;      -0.17112;3.42577;1
-134.11669;15.90667;      -0.17095;3.42575;1
-134.14980;15.91000;      -0.17073;3.42574;1
-134.18292;15.91333;      -0.17057;3.42572;1
-134.21603;15.91667;      -0.17040;3.42571;1
-134.24915;15.92000;      -0.17011;3.42569;1
-134.28220;15.92333;      -0.16988;3.42567;1
-134.31520;15.92667;      -0.16969;3.42566;1
-134.34823;15.93000;      -0.16959;3.42564;1
-134.38120;15.93333;      -0.16940;3.42563;1
-134.41416;15.93667;      -0.16918;3.42561;1
-134.44715;15.94000;      -0.16902;3.42560;1
-134.48015;15.94333;      -0.16885;3.42558;1
-134.51315;15.94667;      -0.16864;3.42557;1
-134.54611;15.95000;      -0.16837;3.42555;1
-134.57911;15.95333;      -0.16809;3.42553;1
-134.61211;15.95667;      -0.16783;3.42552;1
-134.64507;15.96000;      -0.16757;3.42550;1
-134.67803;15.96333;      -0.16732;3.42549;1
-134.71093;15.96667;      -0.16708;3.42547;1
-134.74395;15.97000;      -0.16684;3.42546;1
-134.77687;15.97333;      -0.16660;3.42544;1
-134.80975;15.97667;      -0.16642;3.42543;1
-134.84269;15.98000;      -0.16625;3.42541;1
-134.87557;15.98333;      -0.16602;3.42539;1
-134.90843;15.98667;      -0.16577;3.42538;1
-134.94134;15.99000;      -0.16555;3.42536;1
-134.97423;15.99333;      -0.16533;3.42535;1
-135.00711;15.99667;      -0.16510;3.42533;1
-135.04002;16.00000;      -0.16485;3.42532;1
-135.07287;16.00333;      -0.16462;3.42530;1
-135.10574;16.00667;      -0.16437;3.42529;1
-135.13857;16.01000;      -0.16414;3.42527;1
-135.17141;16.01333;      -0.16394;3.42525;1
-135.20425;16.01667;      -0.16381;3.42524;1
-135.23708;16.02000;      -0.16377;3.42522;1
-135.26994;16.02333;      -0.16371;3.42521;1
-135.30285;16.02667;      -0.16352;3.42519;1
-135.33575;16.03000;      -0.16335;3.42518;1
-135.36864;16.03333;      -0.16317;3.42516;1
-135.40156;16.03667;      -0.16294;3.42515;1
-135.43448;16.04000;      -0.16272;3.42513;1
-135.46731;16.04333;      -0.16250;3.42511;1
-135.50025;16.04667;      -0.16235;3.42510;1
-135.53321;16.05000;      -0.16213;3.42508;1
-135.56616;16.05333;      -0.16191;3.42507;1
-135.59908;16.05667;      -0.16169;3.42505;1
-135.63197;16.06000;      -0.16146;3.42504;1
-135.66497;16.06333;      -0.16124;3.42502;1
-135.69797;16.06667;      -0.16104;3.42500;1
-135.73095;16.07000;      -0.16085;3.42499;1
-135.76395;16.07333;      -0.16068;3.42497;1
-135.79695;16.07667;      -0.16050;3.42496;1
-135.82995;16.08000;      -0.16034;3.42494;1
-135.86292;16.08333;      -0.16017;3.42493;1
-135.89593;16.08667;      -0.15995;3.42491;1
-135.92897;16.09000;      -0.15975;3.42489;1
-135.96200;16.09333;      -0.15954;3.42488;1
-135.99512;16.09667;      -0.15934;3.42486;1
-136.02815;16.10000;      -0.15912;3.42485;1
-136.06125;16.10333;      -0.15898;3.42483;1
-136.09438;16.10667;      -0.15894;3.42481;1
-136.12751;16.11000;      -0.15883;3.42480;1
-136.16069;16.11333;      -0.15870;3.42478;1
-136.19390;16.11667;      -0.15856;3.42477;1
-136.22708;16.12000;      -0.15844;3.42475;1
-136.26026;16.12333;      -0.15831;3.42473;1
-136.29348;16.12667;      -0.15820;3.42472;1
-136.32679;16.13000;      -0.15805;3.42470;1
-136.36007;16.13333;      -0.15786;3.42469;1
-136.39339;16.13667;      -0.15768;3.42467;1
-136.42672;16.14000;      -0.15752;3.42465;1
-136.46010;16.14333;      -0.15739;3.42464;1
-136.49343;16.14667;      -0.15724;3.42462;1
-136.52680;16.15000;      -0.15711;3.42461;1
-136.56023;16.15333;      -0.15697;3.42459;1
-136.59361;16.15667;      -0.15685;3.42457;1
-136.62702;16.16000;      -0.15678;3.42456;1
-136.66046;16.16333;      -0.15673;3.42454;1
-136.69392;16.16667;      -0.15663;3.42453;1
-136.72741;16.17000;      -0.15653;3.42451;1
-136.76087;16.17333;      -0.15642;3.42449;1
-136.79439;16.17667;      -0.15631;3.42448;1
-136.82800;16.18000;      -0.15632;3.42446;1
-136.86151;16.18333;      -0.15629;3.42444;1
-136.89510;16.18667;      -0.15623;3.42443;1
-136.92874;16.19000;      -0.15614;3.42441;1
-136.96238;16.19333;      -0.15607;3.42440;1
-136.99602;16.19667;      -0.15598;3.42438;1
-137.02967;16.20000;      -0.15600;3.42436;1
-137.06329;16.20333;      -0.15599;3.42435;1
-137.09697;16.20667;      -0.15584;3.42433;1
-137.13064;16.21000;      -0.15580;3.42431;1
-137.16434;16.21333;      -0.15576;3.42430;1
-137.19808;16.21667;      -0.15566;3.42428;1
-137.23184;16.22000;      -0.15557;3.42426;1
-137.26561;16.22333;      -0.15548;3.42425;1
-137.29938;16.22667;      -0.15541;3.42423;1
-137.33305;16.23000;      -0.15529;3.42422;1
-137.36687;16.23333;      -0.15522;3.42420;1
-137.40066;16.23667;      -0.15515;3.42418;1
-137.43446;16.24000;      -0.15509;3.42417;1
-137.46823;16.24333;      -0.15508;3.42415;1
-137.50208;16.24667;      -0.15505;3.42413;1
-137.53587;16.25000;      -0.15501;3.42412;1
-137.56962;16.25333;      -0.15500;3.42410;1
-137.60341;16.25667;      -0.15502;3.42408;1
-137.63723;16.26000;      -0.15510;3.42407;1
-137.67108;16.26333;      -0.15514;3.42405;1
-137.70493;16.26667;      -0.15516;3.42403;1
-137.73877;16.27000;      -0.15509;3.42402;1
-137.77264;16.27333;      -0.15505;3.42400;1
-137.80649;16.27667;      -0.15503;3.42398;1
-137.84039;16.28000;      -0.15503;3.42397;1
-137.87429;16.28333;      -0.15505;3.42395;1
-137.90821;16.28667;      -0.15503;3.42393;1
-137.94205;16.29000;      -0.15501;3.42392;1
-137.97590;16.29333;      -0.15498;3.42390;1
-138.00977;16.29667;      -0.15492;3.42388;1
-138.04359;16.30000;      -0.15491;3.42387;1
-138.07749;16.30333;      -0.15488;3.42385;1
-138.11134;16.30667;      -0.15482;3.42383;1
-138.14518;16.31000;      -0.15479;3.42382;1
-138.17906;16.31333;      -0.15476;3.42380;1
-138.21285;16.31667;      -0.15474;3.42378;1
-138.24664;16.32000;      -0.15466;3.42377;1
-138.28044;16.32333;      -0.15459;3.42375;1
-138.31423;16.32667;      -0.15453;3.42374;1
-138.34798;16.33000;      -0.15436;3.42372;1
-138.38172;16.33333;      -0.15422;3.42370;1
-138.41544;16.33667;      -0.15409;3.42368;1
-138.44920;16.34000;      -0.15398;3.42367;1
-138.48295;16.34333;      -0.15388;3.42365;1
-138.51665;16.34667;      -0.15377;3.42364;1
-138.55039;16.35000;      -0.15368;3.42362;1
-138.58411;16.35333;      -0.15355;3.42360;1
-138.61775;16.35667;      -0.15341;3.42358;1
-138.65141;16.36000;      -0.15329;3.42357;1
-138.68503;16.36333;      -0.15318;3.42355;1
-138.71867;16.36667;      -0.15303;3.42354;1
-138.75225;16.37000;      -0.15290;3.42352;1
-138.78577;16.37333;      -0.15274;3.42350;1
-138.81928;16.37667;      -0.15258;3.42349;1
-138.85277;16.38000;      -0.15244;3.42347;1
-138.88623;16.38333;      -0.15229;3.42345;1
-138.91970;16.38667;      -0.15213;3.42344;1
-138.95316;16.39000;      -0.15200;3.42342;1
-138.98654;16.39333;      -0.15190;3.42340;1
-139.01990;16.39667;      -0.15181;3.42339;1
-139.05328;16.40000;      -0.15174;3.42337;1
-139.08664;16.40333;      -0.15168;3.42335;1
-139.12002;16.40667;      -0.15158;3.42334;1
-139.15333;16.41000;      -0.15150;3.42332;1
-139.18662;16.41333;      -0.15141;3.42330;1
-139.21995;16.41667;      -0.15128;3.42329;1
-139.25325;16.42000;      -0.15115;3.42327;1
-139.28648;16.42333;      -0.15102;3.42325;1
-139.31970;16.42667;      -0.15090;3.42324;1
-139.35290;16.43000;      -0.15080;3.42322;1
-139.38618;16.43333;      -0.15067;3.42320;1
-139.41931;16.43667;      -0.15050;3.42319;1
-139.45239;16.44000;      -0.15035;3.42317;1
-139.48546;16.44333;      -0.15018;3.42315;1
-139.51851;16.44667;      -0.15005;3.42314;1
-139.55154;16.45000;      -0.14986;3.42312;1
-139.58457;16.45333;      -0.14970;3.42310;1
-139.61762;16.45667;      -0.14954;3.42309;1
-139.65061;16.46000;      -0.14942;3.42307;1
-139.68359;16.46333;      -0.14932;3.42305;1
-139.71652;16.46667;      -0.14921;3.42304;1
-139.74941;16.47000;      -0.14900;3.42302;1
-139.78228;16.47333;      -0.14886;3.42301;1
-139.81513;16.47667;      -0.14874;3.42299;1
-139.84797;16.48000;      -0.14860;3.42297;1
-139.88075;16.48333;      -0.14847;3.42296;1
-139.91357;16.48667;      -0.14835;3.42294;1
-139.94639;16.49000;      -0.14821;3.42292;1
-139.97921;16.49333;      -0.14806;3.42291;1
-140.01198;16.49667;      -0.14796;3.42289;1
-140.04474;16.50000;      -0.14789;3.42287;1
-140.07751;16.50333;      -0.14776;3.42286;1
-140.11025;16.50667;      -0.14758;3.42284;1
-140.14298;16.51000;      -0.14742;3.42282;1
-140.17567;16.51333;      -0.14729;3.42281;1
-140.20839;16.51667;      -0.14715;3.42279;1
-140.24111;16.52000;      -0.14700;3.42277;1
-140.27382;16.52333;      -0.14688;3.42276;1
-140.30651;16.52667;      -0.14675;3.42274;1
-140.33921;16.53000;      -0.14665;3.42273;1
-140.37193;16.53333;      -0.14651;3.42271;1
-140.40464;16.53667;      -0.14633;3.42269;1
-140.43734;16.54000;      -0.14617;3.42268;1
-140.46998;16.54333;      -0.14606;3.42266;1
-140.50262;16.54667;      -0.14601;3.42264;1
-140.53526;16.55000;      -0.14596;3.42263;1
-140.56790;16.55333;      -0.14584;3.42261;1
-140.60049;16.55667;      -0.14571;3.42259;1
-140.63316;16.56000;      -0.14559;3.42258;1
-140.66584;16.56333;      -0.14545;3.42256;1
-140.69851;16.56667;      -0.14529;3.42254;1
-140.73111;16.57000;      -0.14514;3.42253;1
-140.76377;16.57333;      -0.14497;3.42251;1
-140.79648;16.57667;      -0.14479;3.42249;1
-140.82916;16.58000;      -0.14465;3.42248;1
-140.86187;16.58333;      -0.14450;3.42246;1
-140.89456;16.58667;      -0.14434;3.42244;1
-140.92729;16.59000;      -0.14414;3.42243;1
-140.96002;16.59333;      -0.14398;3.42241;1
-140.99277;16.59667;      -0.14394;3.42239;1
-141.02552;16.60000;      -0.14390;3.42238;1
-141.05831;16.60333;      -0.14381;3.42236;1
-141.09111;16.60667;      -0.14366;3.42234;1
-141.12392;16.61000;      -0.14346;3.42233;1
-141.15679;16.61333;      -0.14329;3.42231;1
-141.18966;16.61667;      -0.14317;3.42229;1
-141.22249;16.62000;      -0.14304;3.42228;1
-141.25533;16.62333;      -0.14291;3.42226;1
-141.28820;16.62667;      -0.14279;3.42224;1
-141.32108;16.63000;      -0.14268;3.42223;1
-141.35402;16.63333;      -0.14247;3.42221;1
-141.38690;16.63667;      -0.14230;3.42219;1
-141.41987;16.64000;      -0.14224;3.42218;1
-141.45292;16.64333;      -0.14214;3.42216;1
-141.48598;16.64667;      -0.14210;3.42214;1
-141.51908;16.65000;      -0.14203;3.42213;1
-141.55216;16.65333;      -0.14198;3.42211;1
-141.58525;16.65667;      -0.14185;3.42209;1
-141.61839;16.66000;      -0.14177;3.42208;1
-141.65152;16.66333;      -0.14166;3.42206;1
-141.68470;16.66667;      -0.14156;3.42204;1
-141.71787;16.67000;      -0.14155;3.42202;1
-141.75110;16.67333;      -0.14142;3.42201;1
-141.78439;16.67667;      -0.14132;3.42199;1
-141.81767;16.68000;      -0.14122;3.42197;1
-141.85100;16.68333;      -0.14116;3.42196;1
-141.88434;16.68667;      -0.14106;3.42194;1
-141.91767;16.69000;      -0.14093;3.42192;1
-141.95100;16.69333;      -0.14088;3.42190;1
-141.98434;16.69667;      -0.14087;3.42189;1
-142.01780;16.70000;      -0.14086;3.42187;1
-142.05128;16.70333;      -0.14094;3.42185;1
-142.08474;16.70667;      -0.14092;3.42184;1
-142.11823;16.71000;      -0.14081;3.42182;1
-142.15174;16.71333;      -0.14084;3.42180;1
-142.18531;16.71667;      -0.14080;3.42178;1
-142.21879;16.72000;      -0.14076;3.42177;1
-142.25238;16.72333;      -0.14069;3.42175;1
-142.28595;16.72667;      -0.14073;3.42173;1
-142.31957;16.73000;      -0.14070;3.42171;1
-142.35318;16.73333;      -0.14063;3.42170;1
-142.38682;16.73667;      -0.14050;3.42168;1
-142.42046;16.74000;      -0.14047;3.42166;1
-142.45415;16.74333;      -0.14050;3.42165;1
-142.48790;16.74667;      -0.14050;3.42163;1
-142.52162;16.75000;      -0.14049;3.42161;1
-142.55538;16.75333;      -0.14047;3.42159;1
-142.58913;16.75667;      -0.14174;3.42158;1
-142.62293;16.76000;      -0.14427;3.42156;1
-142.65672;16.76333;      -0.14628;3.42154;1
-142.69052;16.76667;      -0.14781;3.42152;1
-142.72434;16.77000;      -0.14886;3.42151;1
-142.75820;16.77333;      -0.14956;3.42149;1
-142.79200;16.77667;      -0.14997;3.42147;1
-142.82582;16.78000;      -0.15009;3.42145;1
-142.85967;16.78333;      -0.15006;3.42143;1
-142.89352;16.78667;      -0.15003;3.42142;1
-142.92736;16.79000;      -0.14996;3.42140;1
-142.96125;16.79333;      -0.14990;3.42138;1
-142.99513;16.79667;      -0.14978;3.42136;1
-143.02902;16.80000;      -0.14970;3.42135;1
-143.06292;16.80333;      -0.14955;3.42133;1
-143.09682;16.80667;      -0.14939;3.42131;1
-143.13067;16.81000;      -0.14931;3.42129;1
-143.16451;16.81333;      -0.14919;3.42128;1
-143.19839;16.81667;      -0.14910;3.42126;1
-143.23223;16.82000;      -0.14900;3.42124;1
-143.26612;16.82333;      -0.14887;3.42122;1
-143.29997;16.82667;      -0.14870;3.42121;1
-143.33384;16.83000;      -0.14855;3.42119;1
-143.36772;16.83333;      -0.14838;3.42117;1
-143.40156;16.83667;      -0.14822;3.42115;1
-143.43544;16.84000;      -0.14812;3.42114;1
-143.46928;16.84333;      -0.14800;3.42112;1
-143.50310;16.84667;      -0.14786;3.42110;1
-143.53689;16.85000;      -0.14768;3.42108;1
-143.57070;16.85333;      -0.14754;3.42106;1
-143.60448;16.85667;      -0.14744;3.42105;1
-143.63829;16.86000;      -0.14731;3.42103;1
-143.67211;16.86333;      -0.14715;3.42101;1
-143.70590;16.86667;      -0.14705;3.42099;1
-143.73970;16.87000;      -0.14695;3.42098;1
-143.77352;16.87333;      -0.14680;3.42096;1
-143.80731;16.87667;      -0.14661;3.42094;1
-143.84107;16.88000;      -0.14647;3.42092;1
-143.87480;16.88333;      -0.14635;3.42090;1
-143.90857;16.88667;      -0.14628;3.42089;1
-143.94233;16.89000;      -0.14622;3.42087;1
-143.97605;16.89333;      -0.14614;3.42085;1
-144.00979;16.89667;      -0.14601;3.42083;1
-144.04356;16.90000;      -0.14589;3.42082;1
-144.07728;16.90333;      -0.14576;3.42080;1
-144.11097;16.90667;      -0.14563;3.42078;1
-144.14462;16.91000;      -0.14550;3.42076;1
-144.17831;16.91333;      -0.14535;3.42075;1
-144.21198;16.91667;      -0.14522;3.42073;1
-144.24566;16.92000;      -0.14511;3.42071;1
-144.27931;16.92333;      -0.14501;3.42069;1
-144.31292;16.92667;      -0.14488;3.42067;1
-144.34654;16.93000;      -0.14479;3.42066;1
-144.38015;16.93333;      -0.14469;3.42064;1
-144.41374;16.93667;      -0.14459;3.42062;1
-144.44736;16.94000;      -0.14446;3.42060;1
-144.48098;16.94333;      -0.14433;3.42059;1
-144.51454;16.94667;      -0.14418;3.42057;1
-144.54805;16.95000;      -0.14405;3.42055;1
-144.58157;16.95333;      -0.14389;3.42053;1
-144.61507;16.95667;      -0.14376;3.42051;1
-144.64861;16.96000;      -0.14361;3.42050;1
-144.68210;16.96333;      -0.14348;3.42048;1
-144.71556;16.96667;      -0.14334;3.42046;1
-144.74903;16.97000;      -0.14324;3.42044;1
-144.78254;16.97333;      -0.14309;3.42043;1
-144.81602;16.97667;      -0.14296;3.42041;1
-144.84954;16.98000;      -0.14286;3.42039;1
-144.88302;16.98333;      -0.14275;3.42037;1
-144.91651;16.98667;      -0.14261;3.42035;1
-144.94995;16.99000;      -0.14248;3.42034;1
-144.98346;16.99333;      -0.14234;3.42032;1
-145.01689;16.99667;      -0.14221;3.42030;1
-145.05031;17.00000;      -0.14205;3.42028;1
-145.08372;17.00333;      -0.14193;3.42027;1
-145.11715;17.00667;      -0.14179;3.42025;1
-145.15052;17.01000;      -0.14166;3.42023;1
-145.18395;17.01333;      -0.14147;3.42021;1
-145.21738;17.01667;      -0.14119;3.42020;1
-145.25075;17.02000;      -0.14098;3.42018;1
-145.28420;17.02333;      -0.14086;3.42016;1
-145.31764;17.02667;      -0.14076;3.42014;1
-145.35112;17.03000;      -0.14066;3.42012;1
-145.38457;17.03333;      -0.14060;3.42011;1
-145.41802;17.03667;      -0.14048;3.42009;1
-145.45148;17.04000;      -0.14037;3.42007;1
-145.48487;17.04333;      -0.14024;3.42005;1
-145.51833;17.04667;      -0.14016;3.42003;1
-145.55179;17.05000;      -0.14017;3.42002;1
-145.58520;17.05333;      -0.14012;3.42000;1
-145.61862;17.05667;      -0.14007;3.41998;1
-145.65208;17.06000;      -0.14004;3.41996;1
-145.68554;17.06333;      -0.13998;3.41994;1
-145.71895;17.06667;      -0.13985;3.41993;1
-145.75243;17.07000;      -0.13975;3.41991;1
-145.78580;17.07333;      -0.13966;3.41989;1
-145.81915;17.07667;      -0.13959;3.41987;1
-145.85249;17.08000;      -0.13950;3.41986;1
-145.88587;17.08333;      -0.13937;3.41984;1
-145.91926;17.08667;      -0.13928;3.41982;1
-145.95266;17.09000;      -0.13923;3.41980;1
-145.98610;17.09333;      -0.13917;3.41978;1
-146.01956;17.09667;      -0.13908;3.41977;1
-146.05308;17.10000;      -0.13900;3.41975;1
-146.08656;17.10333;      -0.13891;3.41973;1
-146.11998;17.10667;      -0.13882;3.41971;1
-146.15348;17.11000;      -0.13871;3.41969;1
-146.18703;17.11333;      -0.13858;3.41968;1
-146.22054;17.11667;      -0.13845;3.41966;1
-146.25400;17.12000;      -0.13834;3.41964;1
-146.28748;17.12333;      -0.13823;3.41962;1
-146.32100;17.12667;      -0.13811;3.41960;1
-146.35453;17.13000;      -0.13800;3.41959;1
-146.38810;17.13333;      -0.13788;3.41957;1
-146.42164;17.13667;      -0.13778;3.41955;1
-146.45526;17.14000;      -0.13766;3.41953;1
-146.48884;17.14333;      -0.13756;3.41951;1
-146.52241;17.14667;      -0.13749;3.41949;1
-146.55603;17.15000;      -0.13745;3.41948;1
-146.58967;17.15333;      -0.13746;3.41946;1
-146.62333;17.15667;      -0.13745;3.41944;1
-146.65700;17.16000;      -0.13738;3.41942;1
-146.69061;17.16333;      -0.13730;3.41940;1
-146.72426;17.16667;      -0.13723;3.41939;1
-146.75798;17.17000;      -0.13712;3.41937;1
-146.79169;17.17333;      -0.13704;3.41935;1
-146.82539;17.17667;      -0.13694;3.41933;1
-146.85916;17.18000;      -0.13684;3.41931;1
-146.89293;17.18333;      -0.13681;3.41929;1
-146.92674;17.18667;      -0.13683;3.41928;1
-146.96052;17.19000;      -0.13678;3.41926;1
-146.99441;17.19333;      -0.13661;3.41924;1
-147.02828;17.19667;      -0.13644;3.41922;1
-147.06218;17.20000;      -0.13629;3.41920;1
-147.09615;17.20333;      -0.13623;3.41918;1
-147.13011;17.20667;      -0.13613;3.41917;1
-147.16408;17.21000;      -0.13606;3.41915;1
-147.19807;17.21333;      -0.13600;3.41913;1
-147.23205;17.21667;      -0.13595;3.41911;1
-147.26605;17.22000;      -0.13596;3.41909;1
-147.30008;17.22333;      -0.13599;3.41907;1
-147.33411;17.22667;      -0.13596;3.41905;1
-147.36816;17.23000;      -0.13596;3.41904;1
-147.40220;17.23333;      -0.13595;3.41902;1
-147.43628;17.23667;      -0.13593;3.41900;1
-147.47034;17.24000;      -0.13599;3.41898;1
-147.50444;17.24333;      -0.13597;3.41896;1
-147.53859;17.24667;      -0.13594;3.41894;1
-147.57266;17.25000;      -0.13592;3.41892;1
-147.60674;17.25333;      -0.13593;3.41891;1
-147.64095;17.25667;      -0.13590;3.41889;1
-147.67511;17.26000;      -0.13590;3.41887;1
-147.70936;17.26333;      -0.13591;3.41885;1
-147.74354;17.26667;      -0.13593;3.41883;1
-147.77771;17.27000;      -0.13590;3.41881;1
-147.81193;17.27333;      -0.13590;3.41879;1
-147.84621;17.27667;      -0.13587;3.41877;1
-147.88052;17.28000;      -0.13583;3.41876;1
-147.91485;17.28333;      -0.13570;3.41874;1
-147.94920;17.28667;      -0.13566;3.41872;1
-147.98352;17.29000;      -0.13563;3.41870;1
-148.01784;17.29333;      -0.13561;3.41868;1
-148.05213;17.29667;      -0.13563;3.41866;1
-148.08641;17.30000;      -0.13566;3.41864;1
-148.12066;17.30333;      -0.13569;3.41862;1
-148.15493;17.30667;      -0.13569;3.41860;1
-148.18920;17.31000;      -0.13572;3.41859;1
-148.22349;17.31333;      -0.13575;3.41857;1
-148.25775;17.31667;      -0.13577;3.41855;1
-148.29198;17.32000;      -0.13578;3.41853;1
-148.32628;17.32333;      -0.13580;3.41851;1
-148.36057;17.32667;      -0.13577;3.41849;1
-148.39488;17.33000;      -0.13579;3.41847;1
-148.42921;17.33333;      -0.13579;3.41845;1
-148.46349;17.33667;      -0.13582;3.41843;1
-148.49780;17.34000;      -0.13586;3.41842;1
-148.53207;17.34333;      -0.13586;3.41840;1
-148.56636;17.34667;      -0.13585;3.41838;1
-148.60061;17.35000;      -0.13582;3.41836;1
-148.63487;17.35333;      -0.13579;3.41834;1
-148.66913;17.35667;      -0.13572;3.41832;1
-148.70334;17.36000;      -0.13562;3.41830;1
-148.73752;17.36333;      -0.13553;3.41828;1
-148.77170;17.36667;      -0.13546;3.41826;1
-148.80587;17.37000;      -0.13539;3.41825;1
-148.84000;17.37333;      -0.13533;3.41823;1
-148.87413;17.37667;      -0.13526;3.41821;1
-148.90821;17.38000;      -0.13523;3.41819;1
-148.94226;17.38333;      -0.13523;3.41817;1
-148.97630;17.38667;      -0.13523;3.41815;1
-149.01028;17.39000;      -0.13520;3.41813;1
-149.04430;17.39333;      -0.13514;3.41811;1
-149.07823;17.39667;      -0.13501;3.41809;1
-149.11213;17.40000;      -0.13497;3.41808;1
-149.14607;17.40333;      -0.13499;3.41806;1
-149.17989;17.40667;      -0.13494;3.41804;1
-149.21371;17.41000;      -0.13486;3.41802;1
-149.24749;17.41333;      -0.13473;3.41800;1
-149.28125;17.41667;      -0.13462;3.41798;1
-149.31500;17.42000;      -0.13452;3.41796;1
-149.34871;17.42333;      -0.13442;3.41794;1
-149.38241;17.42667;      -0.13429;3.41793;1
-149.41610;17.43000;      -0.13416;3.41791;1
-149.44975;17.43333;      -0.13410;3.41789;1
-149.48343;17.43667;      -0.13410;3.41787;1
-149.51698;17.44000;      -0.13410;3.41785;1
-149.55059;17.44333;      -0.13410;3.41783;1
-149.58410;17.44667;      -0.13408;3.41781;1
-149.61756;17.45000;      -0.13396;3.41779;1
-149.65105;17.45333;      -0.13389;3.41778;1
-149.68452;17.45667;      -0.13380;3.41776;1
-149.71792;17.46000;      -0.13371;3.41774;1
-149.75136;17.46333;      -0.13361;3.41772;1
-149.78471;17.46667;      -0.13351;3.41770;1
-149.81808;17.47000;      -0.13342;3.41768;1
-149.85146;17.47333;      -0.13332;3.41766;1
-149.88475;17.47667;      -0.13321;3.41765;1
-149.91805;17.48000;      -0.13306;3.41763;1
-149.95129;17.48333;      -0.13284;3.41761;1
-149.98449;17.48667;      -0.13264;3.41759;1
-150.01761;17.49000;      -0.13248;3.41757;1
-150.05072;17.49333;      -0.13238;3.41755;1
-150.08387;17.49667;      -0.13225;3.41753;1
-150.11695;17.50000;      -0.13206;3.41751;1
-150.15003;17.50333;      -0.13193;3.41750;1
-150.18310;17.50667;      -0.13183;3.41748;1
-150.21610;17.51000;      -0.13174;3.41746;1
-150.24912;17.51333;      -0.13167;3.41744;1
-150.28205;17.51667;      -0.13152;3.41742;1
-150.31497;17.52000;      -0.13139;3.41740;1
-150.34795;17.52333;      -0.13126;3.41739;1
-150.38087;17.52667;      -0.13114;3.41737;1
-150.41374;17.53000;      -0.13101;3.41735;1
-150.44659;17.53333;      -0.13088;3.41733;1
-150.47941;17.53667;      -0.13077;3.41731;1
-150.51218;17.54000;      -0.13064;3.41729;1
-150.54495;17.54333;      -0.13056;3.41727;1
-150.57767;17.54667;      -0.13050;3.41726;1
-150.61036;17.55000;      -0.13043;3.41724;1
-150.64303;17.55333;      -0.13032;3.41722;1
-150.67564;17.55667;      -0.13017;3.41720;1
-150.70826;17.56000;      -0.12997;3.41718;1
-150.74092;17.56333;      -0.12976;3.41716;1
-150.77364;17.56667;      -0.12953;3.41714;1
-150.80633;17.57000;      -0.12933;3.41713;1
-150.83898;17.57333;      -0.12917;3.41711;1
-150.87159;17.57667;      -0.12904;3.41709;1
-150.90420;17.58000;      -0.12892;3.41707;1
-150.93680;17.58333;      -0.12879;3.41705;1
-150.96943;17.58667;      -0.12861;3.41703;1
-151.00200;17.59000;      -0.12847;3.41702;1
-151.03461;17.59333;      -0.12834;3.41700;1
-151.06711;17.59667;      -0.12828;3.41698;1
-151.09967;17.60000;      -0.12821;3.41696;1
-151.13225;17.60333;      -0.12812;3.41694;1
-151.16474;17.60667;      -0.12800;3.41692;1
-151.19725;17.61000;      -0.12784;3.41691;1
-151.22974;17.61333;      -0.12765;3.41689;1
-151.26220;17.61667;      -0.12749;3.41687;1
-151.29466;17.62000;      -0.12732;3.41685;1
-151.32711;17.62333;      -0.12715;3.41683;1
-151.35957;17.62667;      -0.12701;3.41681;1
-151.39198;17.63000;      -0.12691;3.41679;1
-151.42439;17.63333;      -0.12678;3.41678;1
-151.45684;17.63667;      -0.12665;3.41676;1
-151.48921;17.64000;      -0.12649;3.41674;1
-151.52167;17.64333;      -0.12636;3.41672;1
-151.55405;17.64667;      -0.12623;3.41670;1
-151.58644;17.65000;      -0.12610;3.41668;1
-151.61885;17.65333;      -0.12597;3.41667;1
-151.65130;17.65667;      -0.12582;3.41665;1
-151.68374;17.66000;      -0.12570;3.41663;1
-151.71620;17.66333;      -0.12560;3.41661;1
-151.74862;17.66667;      -0.12554;3.41659;1
-151.78110;17.67000;      -0.12546;3.41657;1
-151.81356;17.67333;      -0.12530;3.41655;1
-151.84600;17.67667;      -0.12503;3.41654;1
-151.87846;17.68000;      -0.12476;3.41652;1
-151.91087;17.68333;      -0.12442;3.41650;1
-151.94330;17.68667;      -0.12416;3.41648;1
-151.97574;17.69000;      -0.12399;3.41646;1
-152.00816;17.69333;      -0.12381;3.41644;1
-152.04067;17.69667;      -0.12378;3.41642;1
-152.07307;17.70000;      -0.12374;3.41641;1
-152.10549;17.70333;      -0.12372;3.41639;1
-152.13792;17.70667;      -0.12369;3.41637;1
-152.17031;17.71000;      -0.12365;3.41635;1
-152.20275;17.71333;      -0.12358;3.41633;1
-152.23518;17.71667;      -0.12352;3.41631;1
-152.26766;17.72000;      -0.12345;3.41629;1
-152.30015;17.72333;      -0.12332;3.41628;1
-152.33261;17.72667;      -0.12297;3.41626;1
-152.36512;17.73000;      -0.12263;3.41624;1
-152.39757;17.73333;      -0.12237;3.41622;1
-152.43007;17.73667;      -0.12218;3.41620;1
-152.46256;17.74000;      -0.12199;3.41618;1
-152.49507;17.74333;      -0.12183;3.41616;1
-152.52756;17.74667;      -0.12180;3.41615;1
-152.56007;17.75000;      -0.12174;3.41613;1
-152.59256;17.75333;      -0.12164;3.41611;1
-152.62505;17.75667;      -0.12152;3.41609;1
-152.65759;17.76000;      -0.12147;3.41607;1
-152.69015;17.76333;      -0.12147;3.41605;1
-152.72267;17.76667;      -0.12145;3.41603;1
-152.75512;17.77000;      -0.12142;3.41601;1
-152.78761;17.77333;      -0.12147;3.41600;1
-152.82013;17.77667;      -0.12145;3.41598;1
-152.85266;17.78000;      -0.12141;3.41596;1
-152.88516;17.78333;      -0.12140;3.41594;1
-152.91769;17.78667;      -0.12138;3.41592;1
-152.95016;17.79000;      -0.12137;3.41590;1
-152.98269;17.79333;      -0.12131;3.41588;1
-153.01528;17.79667;      -0.12121;3.41586;1
-153.04784;17.80000;      -0.12115;3.41585;1
-153.08041;17.80333;      -0.12108;3.41583;1
-153.11297;17.80667;      -0.12100;3.41581;1
-153.14557;17.81000;      -0.12098;3.41579;1
-153.17816;17.81333;      -0.12092;3.41577;1
-153.21077;17.81667;      -0.12090;3.41575;1
-153.24341;17.82000;      -0.12088;3.41573;1
-153.27605;17.82333;      -0.12088;3.41571;1
-153.30867;17.82667;      -0.12080;3.41569;1
-153.34130;17.83000;      -0.12075;3.41568;1
-153.37392;17.83333;      -0.12076;3.41566;1
-153.40646;17.83667;      -0.12078;3.41564;1
-153.43895;17.84000;      -0.12082;3.41562;1
-153.47148;17.84333;      -0.12088;3.41560;1
-153.50400;17.84667;      -0.12092;3.41558;1
-153.53654;17.85000;      -0.12098;3.41556;1
-153.56907;17.85333;      -0.12103;3.41554;1
-153.60159;17.85667;      -0.12100;3.41552;1
-153.63403;17.86000;      -0.12100;3.41551;1
-153.66651;17.86333;      -0.12096;3.41549;1
-153.69900;17.86667;      -0.12088;3.41547;1
-153.73144;17.87000;      -0.12083;3.41545;1
-153.76387;17.87333;      -0.12077;3.41543;1
-153.79626;17.87667;      -0.12073;3.41541;1
-153.82866;17.88000;      -0.12067;3.41539;1
-153.86103;17.88333;      -0.12064;3.41537;1
-153.89346;17.88667;      -0.12055;3.41535;1
-153.92589;17.89000;      -0.12048;3.41534;1
-153.95830;17.89333;      -0.12044;3.41532;1
-153.99072;17.89667;      -0.12039;3.41530;1
-154.02308;17.90000;      -0.12029;3.41528;1
-154.05548;17.90333;      -0.12020;3.41526;1
-154.08780;17.90667;      -0.12015;3.41524;1
-154.12018;17.91000;      -0.12009;3.41522;1
-154.15248;17.91333;      -0.12005;3.41520;1
-154.18479;17.91667;      -0.12005;3.41518;1
-154.21711;17.92000;      -0.12003;3.41517;1
-154.24944;17.92333;      -0.12002;3.41515;1
-154.28169;17.92667;      -0.11997;3.41513;1
-154.31387;17.93000;      -0.11998;3.41511;1
-154.34600;17.93333;      -0.11996;3.41509;1
-154.37815;17.93667;      -0.11999;3.41507;1
-154.41026;17.94000;      -0.11995;3.41505;1
-154.44238;17.94333;      -0.11990;3.41503;1
-154.47446;17.94667;      -0.11989;3.41501;1
-154.50652;17.95000;      -0.11986;3.41500;1
-154.53859;17.95333;      -0.11982;3.41498;1
-154.57066;17.95667;      -0.11967;3.41496;1
-154.60274;17.96000;      -0.11960;3.41494;1
-154.63482;17.96333;      -0.11956;3.41492;1
-154.66680;17.96667;      -0.11949;3.41490;1
-154.69879;17.97000;      -0.11937;3.41488;1
-154.73082;17.97333;      -0.11925;3.41486;1
-154.76284;17.97667;      -0.11917;3.41485;1
-154.79475;17.98000;      -0.11909;3.41483;1
-154.82671;17.98333;      -0.11904;3.41481;1
-154.85862;17.98667;      -0.11898;3.41479;1
-154.89056;17.99000;      -0.11891;3.41477;1
-154.92246;17.99333;      -0.11881;3.41475;1
-154.95431;17.99667;      -0.11875;3.41473;1
-154.98612;18.00000;      -0.11868;3.41471;1
-155.01802;18.00333;      -0.11856;3.41469;1
-155.04982;18.00667;      -0.11847;3.41468;1
-155.08164;18.01000;      -0.11834;3.41466;1
-155.11343;18.01333;      -0.11827;3.41464;1
-155.14521;18.01667;      -0.11817;3.41462;1
-155.17702;18.02000;      -0.11810;3.41460;1
-155.20880;18.02333;      -0.11796;3.41458;1
-155.24059;18.02667;      -0.11782;3.41456;1
-155.27236;18.03000;      -0.11770;3.41454;1
-155.30418;18.03333;      -0.11769;3.41453;1
-155.33603;18.03667;      -0.11763;3.41451;1
-155.36790;18.04000;      -0.11754;3.41449;1
-155.39980;18.04333;      -0.11747;3.41447;1
-155.43172;18.04667;      -0.11744;3.41445;1
-155.46362;18.05000;      -0.11731;3.41443;1
-155.49556;18.05333;      -0.11724;3.41441;1
-155.52748;18.05667;      -0.11717;3.41439;1
-155.55941;18.06000;      -0.11710;3.41437;1
-155.59139;18.06333;      -0.11705;3.41436;1
-155.62328;18.06667;      -0.11698;3.41434;1
-155.65518;18.07000;      -0.11692;3.41432;1
-155.68708;18.07333;      -0.11684;3.41430;1
-155.71898;18.07667;      -0.11673;3.41428;1
-155.75093;18.08000;      -0.11666;3.41426;1
-155.78292;18.08333;      -0.11659;3.41424;1
-155.81490;18.08667;      -0.11647;3.41422;1
-155.84685;18.09000;      -0.11637;3.41420;1
-155.87885;18.09333;      -0.11626;3.41419;1
-155.91090;18.09667;      -0.11615;3.41417;1
-155.94298;18.10000;      -0.11605;3.41415;1
-155.97505;18.10333;      -0.11605;3.41413;1
-156.00711;18.10667;      -0.11597;3.41411;1
-156.03923;18.11000;      -0.11581;3.41409;1
-156.07128;18.11333;      -0.11572;3.41407;1
-156.10338;18.11667;      -0.11565;3.41405;1
-156.13554;18.12000;      -0.11550;3.41403;1
-156.16769;18.12333;      -0.11540;3.41401;1
-156.19979;18.12667;      -0.11529;3.41399;1
-156.23197;18.13000;      -0.11517;3.41398;1
-156.26416;18.13333;      -0.11507;3.41396;1
-156.29643;18.13667;      -0.11507;3.41394;1
-156.32870;18.14000;      -0.11508;3.41392;1
-156.36102;18.14333;      -0.11508;3.41390;1
-156.39329;18.14667;      -0.11507;3.41388;1
-156.42564;18.15000;      -0.11509;3.41386;1
-156.45800;18.15333;      -0.11509;3.41384;1
-156.49036;18.15667;      -0.11506;3.41382;1
-156.52279;18.16000;      -0.11504;3.41380;1
-156.55523;18.16333;      -0.11505;3.41378;1
-156.58769;18.16667;      -0.11503;3.41376;1
-156.62021;18.17000;      -0.11499;3.41374;1
-156.65275;18.17333;      -0.11493;3.41372;1
-156.68528;18.17667;      -0.11492;3.41370;1
-156.71784;18.18000;      -0.11489;3.41368;1
-156.75044;18.18333;      -0.11476;3.41366;1
-156.78305;18.18667;      -0.11464;3.41365;1
-156.81569;18.19000;      -0.11458;3.41363;1
-156.84834;18.19333;      -0.11461;3.41361;1
-156.88108;18.19667;      -0.11464;3.41359;1
-156.91387;18.20000;      -0.11463;3.41357;1
-156.94664;18.20333;      -0.11459;3.41355;1
-156.97938;18.20667;      -0.11454;3.41353;1
-157.01220;18.21000;      -0.11450;3.41351;1
-157.04505;18.21333;      -0.11446;3.41349;1
-157.07792;18.21667;      -0.11441;3.41347;1
-157.11085;18.22000;      -0.11440;3.41345;1
-157.14372;18.22333;      -0.11439;3.41343;1
-157.17662;18.22667;      -0.11437;3.41341;1
-157.20956;18.23000;      -0.11434;3.41339;1
-157.24252;18.23333;      -0.11429;3.41337;1
-157.27552;18.23667;      -0.11430;3.41335;1
-157.30849;18.24000;      -0.11429;3.41333;1
-157.34157;18.24333;      -0.11429;3.41331;1
-157.37462;18.24667;      -0.11429;3.41329;1
-157.40770;18.25000;      -0.11433;3.41327;1
-157.44079;18.25333;      -0.11438;3.41325;1
-157.47385;18.25667;      -0.11438;3.41323;1
-157.50702;18.26000;      -0.11438;3.41321;1
-157.54023;18.26333;      -0.11438;3.41319;1
-157.57343;18.26667;      -0.11438;3.41317;1
-157.60667;18.27000;      -0.11440;3.41315;1
-157.63992;18.27333;      -0.11441;3.41313;1
-157.67320;18.27667;      -0.11444;3.41311;1
-157.70652;18.28000;      -0.11447;3.41309;1
-157.73985;18.28333;      -0.11450;3.41307;1
-157.77323;18.28667;      -0.11456;3.41305;1
-157.80667;18.29000;      -0.11459;3.41303;1
-157.84015;18.29333;      -0.11457;3.41301;1
-157.87357;18.29667;      -0.11448;3.41299;1
-157.90703;18.30000;      -0.11438;3.41297;1
-157.94047;18.30333;      -0.11436;3.41295;1
-157.97403;18.30667;      -0.11436;3.41293;1
-158.00764;18.31000;      -0.11438;3.41291;1
-158.04129;18.31333;      -0.11441;3.41289;1
-158.07505;18.31667;      -0.11447;3.41287;1
-158.10882;18.32000;      -0.11454;3.41285;1
-158.14256;18.32333;      -0.11460;3.41282;1
-158.17638;18.32667;      -0.11466;3.41280;1
-158.21020;18.33000;      -0.11478;3.41278;1
-158.24403;18.33333;      -0.11485;3.41276;1
-158.27792;18.33667;      -0.11488;3.41274;1
-158.31185;18.34000;      -0.11491;3.41272;1
-158.34579;18.34333;      -0.11497;3.41270;1
-158.37975;18.34667;      -0.11499;3.41268;1
-158.41372;18.35000;      -0.11499;3.41266;1
-158.44770;18.35333;      -0.11507;3.41264;1
-158.48170;18.35667;      -0.11508;3.41262;1
-158.51579;18.36000;      -0.11507;3.41260;1
-158.54977;18.36333;      -0.11507;3.41258;1
-158.58384;18.36667;      -0.11508;3.41256;1
-158.61787;18.37000;      -0.11516;3.41254;1
-158.65193;18.37333;      -0.11529;3.41251;1
-158.68603;18.37667;      -0.11529;3.41249;1
-158.72018;18.38000;      -0.11525;3.41247;1
-158.75433;18.38333;      -0.11531;3.41245;1
-158.78844;18.38667;      -0.11543;3.41243;1
-158.82264;18.39000;      -0.11557;3.41241;1
-158.85685;18.39333;      -0.11563;3.41239;1
-158.89103;18.39667;      -0.11569;3.41237;1
-158.92518;18.40000;      -0.11565;3.41235;1
-158.95934;18.40333;      -0.11558;3.41233;1
-158.99356;18.40667;      -0.11551;3.41231;1
-159.02782;18.41000;      -0.11548;3.41228;1
-159.06207;18.41333;      -0.11549;3.41226;1
-159.09630;18.41667;      -0.11554;3.41224;1
-159.13056;18.42000;      -0.11555;3.41222;1
-159.16484;18.42333;      -0.11558;3.41220;1
-159.19913;18.42667;      -0.11562;3.41218;1
-159.23343;18.43000;      -0.11563;3.41216;1
-159.26774;18.43333;      -0.11559;3.41214;1
-159.30208;18.43667;      -0.11557;3.41212;1
-159.33638;18.44000;      -0.11558;3.41210;1
-159.37064;18.44333;      -0.11561;3.41207;1
-159.40490;18.44667;      -0.11564;3.41205;1
-159.43913;18.45000;      -0.11565;3.41203;1
-159.47339;18.45333;      -0.11570;3.41201;1
-159.50766;18.45667;      -0.11573;3.41199;1
-159.54197;18.46000;      -0.11579;3.41197;1
-159.57625;18.46333;      -0.11579;3.41195;1
-159.61052;18.46667;      -0.11570;3.41193;1
-159.64480;18.47000;      -0.11566;3.41191;1
-159.67907;18.47333;      -0.11570;3.41188;1
-159.71334;18.47667;      -0.11581;3.41186;1
-159.74767;18.48000;      -0.11581;3.41184;1
-159.78195;18.48333;      -0.11579;3.41182;1
-159.81623;18.48667;      -0.11576;3.41180;1
-159.85043;18.49000;      -0.11576;3.41178;1
-159.88464;18.49333;      -0.11577;3.41176;1
-159.91887;18.49667;      -0.11577;3.41174;1
-159.95311;18.50000;      -0.11569;3.41172;1
-159.98729;18.50333;      -0.11568;3.41169;1
-160.02154;18.50667;      -0.11570;3.41167;1
-160.05566;18.51000;      -0.11552;3.41165;1
-160.08980;18.51333;      -0.11542;3.41163;1
-160.12400;18.51667;      -0.11541;3.41161;1
-160.15811;18.52000;      -0.11544;3.41159;1
-160.19231;18.52333;      -0.11545;3.41157;1
-160.22643;18.52667;      -0.11545;3.41155;1
-160.26052;18.53000;      -0.11544;3.41153;1
-160.29459;18.53333;      -0.11538;3.41150;1
-160.32869;18.53667;      -0.11528;3.41148;1
-160.36279;18.54000;      -0.11519;3.41146;1
-160.39685;18.54333;      -0.11513;3.41144;1
-160.43093;18.54667;      -0.11506;3.41142;1
-160.46500;18.55000;      -0.11502;3.41140;1
-160.49910;18.55333;      -0.11496;3.41138;1
-160.53318;18.55667;      -0.11495;3.41136;1
-160.56726;18.56000;      -0.11495;3.41133;1
-160.60131;18.56333;      -0.11494;3.41131;1
-160.63543;18.56667;      -0.11491;3.41129;1
-160.66946;18.57000;      -0.11483;3.41127;1
-160.70351;18.57333;      -0.11478;3.41125;1
-160.73757;18.57667;      -0.11475;3.41123;1
-160.77161;18.58000;      -0.11471;3.41121;1
-160.80566;18.58333;      -0.11463;3.41119;1
-160.83969;18.58667;      -0.11455;3.41117;1
-160.87375;18.59000;      -0.11447;3.41114;1
-160.90777;18.59333;      -0.11442;3.41112;1
-160.94182;18.59667;      -0.11433;3.41110;1
-160.97588;18.60000;      -0.11424;3.41108;1
-161.00997;18.60333;      -0.11415;3.41106;1
-161.04406;18.60667;      -0.11407;3.41104;1
-161.07808;18.61000;      -0.11401;3.41102;1
-161.11208;18.61333;      -0.11395;3.41100;1
-161.14610;18.61667;      -0.11387;3.41097;1
-161.18010;18.62000;      -0.11385;3.41095;1
-161.21405;18.62333;      -0.11379;3.41093;1
-161.24800;18.62667;      -0.11374;3.41091;1
-161.28198;18.63000;      -0.11371;3.41089;1
-161.31598;18.63333;      -0.11366;3.41087;1
-161.34993;18.63667;      -0.11358;3.41085;1
-161.38387;18.64000;      -0.11349;3.41083;1
-161.41780;18.64333;      -0.11336;3.41080;1
-161.45180;18.64667;      -0.11327;3.41078;1
-161.48577;18.65000;      -0.11324;3.41076;1
-161.51972;18.65333;      -0.11320;3.41074;1
-161.55365;18.65667;      -0.11319;3.41072;1
-161.58761;18.66000;      -0.11319;3.41070;1
-161.62149;18.66333;      -0.11316;3.41068;1
-161.65543;18.66667;      -0.11314;3.41066;1
-161.68931;18.67000;      -0.11312;3.41063;1
-161.72318;18.67333;      -0.11304;3.41061;1
-161.75710;18.67667;      -0.11302;3.41059;1
-161.79095;18.68000;      -0.11296;3.41057;1
-161.82474;18.68333;      -0.11284;3.41055;1
-161.85854;18.68667;      -0.11274;3.41053;1
-161.89231;18.69000;      -0.11273;3.41051;1
-161.92615;18.69333;      -0.11277;3.41049;1
-161.95985;18.69667;      -0.11276;3.41046;1
-161.99357;18.70000;      -0.11270;3.41044;1
-162.02728;18.70333;      -0.11264;3.41042;1
-162.06100;18.70667;      -0.11258;3.41040;1
-162.09466;18.71000;      -0.11250;3.41038;1
-162.12838;18.71333;      -0.11241;3.41036;1
-162.16203;18.71667;      -0.11222;3.41034;1
-162.19561;18.72000;      -0.11218;3.41032;1
-162.22920;18.72333;      -0.11213;3.41029;1
-162.26274;18.72667;      -0.11207;3.41027;1
-162.29636;18.73000;      -0.11205;3.41025;1
-162.32993;18.73333;      -0.11210;3.41023;1
-162.36357;18.73667;      -0.11210;3.41021;1
-162.39716;18.74000;      -0.11209;3.41019;1
-162.43080;18.74333;      -0.11209;3.41017;1
-162.46434;18.74667;      -0.11193;3.41015;1
-162.49793;18.75000;      -0.11186;3.41012;1
-162.53146;18.75333;      -0.11176;3.41010;1
-162.56500;18.75667;      -0.11170;3.41008;1
-162.59851;18.76000;      -0.11164;3.41006;1
-162.63198;18.76333;      -0.11163;3.41004;1
-162.66544;18.76667;      -0.11152;3.41002;1
-162.69893;18.77000;      -0.11142;3.41000;1
-162.73243;18.77333;      -0.11132;3.40998;1
-162.76588;18.77667;      -0.11132;3.40995;1
-162.79938;18.78000;      -0.11132;3.40993;1
-162.83295;18.78333;      -0.11128;3.40991;1
-162.86644;18.78667;      -0.11119;3.40989;1
-162.89993;18.79000;      -0.11110;3.40987;1
-162.93343;18.79333;      -0.11103;3.40985;1
-162.96695;18.79667;      -0.11097;3.40983;1
-163.00038;18.80000;      -0.11093;3.40981;1
-163.03382;18.80333;      -0.11089;3.40978;1
-163.06725;18.80667;      -0.11086;3.40976;1
-163.10066;18.81000;      -0.11074;3.40974;1
-163.13415;18.81333;      -0.11064;3.40972;1
-163.16759;18.81667;      -0.11051;3.40970;1
-163.20102;18.82000;      -0.11041;3.40968;1
-163.23446;18.82333;      -0.11032;3.40966;1
-163.26795;18.82667;      -0.11020;3.40964;1
-163.30144;18.83000;      -0.11007;3.40961;1
-163.33497;18.83333;      -0.11001;3.40959;1
-163.36849;18.83667;      -0.10996;3.40957;1
-163.40205;18.84000;      -0.10991;3.40955;1
-163.43557;18.84333;      -0.10987;3.40953;1
-163.46908;18.84667;      -0.10978;3.40951;1
-163.50266;18.85000;      -0.10973;3.40949;1
-163.53623;18.85333;      -0.10964;3.40946;1
-163.56984;18.85667;      -0.10952;3.40944;1
-163.60343;18.86000;      -0.10944;3.40942;1
-163.63702;18.86333;      -0.10935;3.40940;1
-163.67061;18.86667;      -0.10930;3.40938;1
-163.70415;18.87000;      -0.10929;3.40936;1
-163.73774;18.87333;      -0.10920;3.40934;1
-163.77136;18.87667;      -0.10917;3.40931;1
-163.80497;18.88000;      -0.10912;3.40929;1
-163.83861;18.88333;      -0.10906;3.40927;1
-163.87226;18.88667;      -0.10900;3.40925;1
-163.90593;18.89000;      -0.10902;3.40923;1
-163.93966;18.89333;      -0.10906;3.40921;1
-163.97333;18.89667;      -0.10908;3.40918;1
-164.00705;18.90000;      -0.10905;3.40916;1
-164.04074;18.90333;      -0.10902;3.40914;1
-164.07451;18.90667;      -0.10896;3.40912;1
-164.10828;18.91000;      -0.10892;3.40910;1
-164.14203;18.91333;      -0.10888;3.40908;1
-164.17575;18.91667;      -0.10886;3.40906;1
-164.20952;18.92000;      -0.10888;3.40903;1
-164.24333;18.92333;      -0.10891;3.40901;1
-164.27715;18.92667;      -0.10892;3.40899;1
-164.31095;18.93000;      -0.10892;3.40897;1
-164.34472;18.93333;      -0.10889;3.40895;1
-164.37849;18.93667;      -0.10885;3.40892;1
-164.41226;18.94000;      -0.10885;3.40890;1
-164.44608;18.94333;      -0.10882;3.40888;1
-164.47980;18.94667;      -0.10878;3.40886;1
-164.51362;18.95000;      -0.10878;3.40884;1
-164.54739;18.95333;      -0.10874;3.40882;1
-164.58121;18.95667;      -0.10868;3.40879;1
-164.61500;18.96000;      -0.10864;3.40877;1
-164.64884;18.96333;      -0.10859;3.40875;1
-164.68266;18.96667;      -0.10853;3.40873;1
-164.71649;18.97000;      -0.10849;3.40871;1
-164.75030;18.97333;      -0.10843;3.40869;1
-164.78410;18.97667;      -0.10843;3.40866;1
-164.81793;18.98000;      -0.10842;3.40864;1
-164.85167;18.98333;      -0.10833;3.40862;1
-164.88534;18.98667;      -0.10831;3.40860;1
-164.91900;18.99000;      -0.10829;3.40858;1
-164.95269;18.99333;      -0.10826;3.40855;1
-164.98639;18.99667;      -0.10823;3.40853;1
-165.02008;19.00000;      -0.10820;3.40851;1
-165.05377;19.00333;      -0.10816;3.40849;1
-165.08748;19.00667;      -0.10810;3.40847;1
-165.12120;19.01000;      -0.10805;3.40845;1
-165.15490;19.01333;      -0.10797;3.40842;1
-165.18856;19.01667;      -0.10787;3.40840;1
-165.22226;19.02000;      -0.10778;3.40838;1
-165.25597;19.02333;      -0.10770;3.40836;1
-165.28957;19.02667;      -0.10761;3.40834;1
-165.32320;19.03000;      -0.10754;3.40831;1
-165.35675;19.03333;      -0.10755;3.40829;1
-165.39034;19.03667;      -0.10760;3.40827;1
-165.42390;19.04000;      -0.10760;3.40825;1
-165.45743;19.04333;      -0.10760;3.40823;1
-165.49100;19.04667;      -0.10757;3.40821;1
-165.52457;19.05000;      -0.10754;3.40818;1
-165.55805;19.05333;      -0.10745;3.40816;1
-165.59151;19.05667;      -0.10732;3.40814;1
-165.62497;19.06000;      -0.10722;3.40812;1
-165.65844;19.06333;      -0.10714;3.40810;1
-165.69192;19.06667;      -0.10708;3.40807;1
-165.72543;19.07000;      -0.10703;3.40805;1
-165.75889;19.07333;      -0.10698;3.40803;1
-165.79231;19.07667;      -0.10692;3.40801;1
-165.82572;19.08000;      -0.10692;3.40799;1
-165.85910;19.08333;      -0.10692;3.40797;1
-165.89249;19.08667;      -0.10691;3.40794;1
-165.92587;19.09000;      -0.10680;3.40792;1
-165.95926;19.09333;      -0.10670;3.40790;1
-165.99267;19.09667;      -0.10667;3.40788;1
-166.02610;19.10000;      -0.10657;3.40786;1
-166.05952;19.10333;      -0.10648;3.40784;1
-166.09297;19.10667;      -0.10638;3.40781;1
-166.12631;19.11000;      -0.10632;3.40779;1
-166.15970;19.11333;      -0.10625;3.40777;1
-166.19313;19.11667;      -0.10615;3.40775;1
-166.22651;19.12000;      -0.10609;3.40773;1
-166.25990;19.12333;      -0.10606;3.40770;1
-166.29328;19.12667;      -0.10609;3.40768;1
-166.32661;19.13000;      -0.10611;3.40766;1
-166.35995;19.13333;      -0.10608;3.40764;1
-166.39328;19.13667;      -0.10601;3.40762;1
-166.42661;19.14000;      -0.10595;3.40760;1
-166.45995;19.14333;      -0.10588;3.40757;1
-166.49328;19.14667;      -0.10580;3.40755;1
-166.52662;19.15000;      -0.10572;3.40753;1
-166.55995;19.15333;      -0.10564;3.40751;1
-166.59331;19.15667;      -0.10557;3.40749;1
-166.62667;19.16000;      -0.10544;3.40746;1
-166.66003;19.16333;      -0.10541;3.40744;1
-166.69339;19.16667;      -0.10537;3.40742;1
-166.72677;19.17000;      -0.10531;3.40740;1
-166.76011;19.17333;      -0.10524;3.40738;1
-166.79344;19.17667;      -0.10511;3.40735;1
-166.82677;19.18000;      -0.10498;3.40733;1
-166.86012;19.18333;      -0.10489;3.40731;1
-166.89353;19.18667;      -0.10489;3.40729;1
-166.92692;19.19000;      -0.10489;3.40727;1
-166.96036;19.19333;      -0.10486;3.40724;1
-166.99375;19.19667;      -0.10476;3.40722;1
-167.02723;19.20000;      -0.10469;3.40720;1
-167.06066;19.20333;      -0.10463;3.40718;1
-167.09410;19.20667;      -0.10464;3.40716;1
-167.12749;19.21000;      -0.10466;3.40713;1
-167.16089;19.21333;      -0.10466;3.40711;1
-167.19426;19.21667;      -0.10462;3.40709;1
-167.22761;19.22000;      -0.10444;3.40707;1
-167.26102;19.22333;      -0.10436;3.40705;1
-167.29436;19.22667;      -0.10428;3.40702;1
-167.32782;19.23000;      -0.10428;3.40700;1
-167.36125;19.23333;      -0.10430;3.40698;1
-167.39472;19.23667;      -0.10431;3.40696;1
-167.42812;19.24000;      -0.10430;3.40694;1
-167.46154;19.24333;      -0.10429;3.40691;1
-167.49502;19.24667;      -0.10429;3.40689;1
-167.52846;19.25000;      -0.10427;3.40687;1
-167.56192;19.25333;      -0.10424;3.40685;1
-167.59539;19.25667;      -0.10419;3.40683;1
-167.62885;19.26000;      -0.10413;3.40680;1
-167.66234;19.26333;      -0.10416;3.40678;1
-167.69579;19.26667;      -0.10413;3.40676;1
-167.72923;19.27000;      -0.10410;3.40674;1
-167.76266;19.27333;      -0.10406;3.40671;1
-167.79615;19.27667;      -0.10401;3.40669;1
-167.82967;19.28000;      -0.10399;3.40667;1
-167.86323;19.28333;      -0.10390;3.40665;1
-167.89679;19.28667;      -0.10384;3.40663;1
-167.93028;19.29000;      -0.10383;3.40660;1
-167.96380;19.29333;      -0.10381;3.40658;1
-167.99728;19.29667;      -0.10384;3.40656;1
-168.03074;19.30000;      -0.10382;3.40654;1
-168.06418;19.30333;      -0.10377;3.40651;1
-168.09771;19.30667;      -0.10370;3.40649;1
-168.13121;19.31000;      -0.10363;3.40647;1
-168.16475;19.31333;      -0.10355;3.40645;1
-168.19821;19.31667;      -0.10351;3.40643;1
-168.23166;19.32000;      -0.10345;3.40640;1
-168.26518;19.32333;      -0.10342;3.40638;1
-168.29864;19.32667;      -0.10338;3.40636;1
-168.33210;19.33000;      -0.10334;3.40634;1
-168.36559;19.33333;      -0.10329;3.40631;1
-168.39910;19.33667;      -0.10327;3.40629;1
-168.43254;19.34000;      -0.10328;3.40627;1
-168.46605;19.34333;      -0.10327;3.40625;1
-168.49951;19.34667;      -0.10324;3.40622;1
-168.53297;19.35000;      -0.10309;3.40620;1
-168.56648;19.35333;      -0.10305;3.40618;1
-168.59993;19.35667;      -0.10299;3.40616;1
-168.63341;19.36000;      -0.10292;3.40614;1
-168.66684;19.36333;      -0.10293;3.40611;1
-168.70033;19.36667;      -0.10293;3.40609;1
-168.73377;19.37000;      -0.10297;3.40607;1
-168.76721;19.37333;      -0.10301;3.40605;1
-168.80066;19.37667;      -0.10297;3.40602;1
-168.83415;19.38000;      -0.10291;3.40600;1
-168.86761;19.38333;      -0.10281;3.40598;1
-168.90107;19.38667;      -0.10276;3.40596;1
-168.93448;19.39000;      -0.10272;3.40593;1
-168.96793;19.39333;      -0.10268;3.40591;1
-169.00139;19.39667;      -0.10262;3.40589;1
-169.03478;19.40000;      -0.10256;3.40587;1
-169.06816;19.40333;      -0.10250;3.40584;1
-169.10158;19.40667;      -0.10246;3.40582;1
-169.13509;19.41000;      -0.10243;3.40580;1
-169.16855;19.41333;      -0.10237;3.40578;1
-169.20200;19.41667;      -0.10230;3.40576;1
-169.23545;19.42000;      -0.10221;3.40573;1
-169.26882;19.42333;      -0.10214;3.40571;1
-169.30219;19.42667;      -0.10208;3.40569;1
-169.33556;19.43000;      -0.10204;3.40567;1
-169.36897;19.43333;      -0.10202;3.40564;1
-169.40241;19.43667;      -0.10198;3.40562;1
-169.43574;19.44000;      -0.10192;3.40560;1
-169.46900;19.44333;      -0.10191;3.40558;1
-169.50242;19.44667;      -0.10188;3.40555;1
-169.53586;19.45000;      -0.10184;3.40553;1
-169.56922;19.45333;      -0.10179;3.40551;1
-169.60248;19.45667;      -0.10174;3.40549;1
-169.63596;19.46000;      -0.10166;3.40546;1
-169.66938;19.46333;      -0.10166;3.40544;1
-169.70284;19.46667;      -0.10166;3.40542;1
-169.73647;19.47000;      -0.10165;3.40540;1
-169.77013;19.47333;      -0.10162;3.40537;1
-169.80362;19.47667;      -0.10159;3.40535;1
-169.83718;19.48000;      -0.10154;3.40533;1
-169.87056;19.48333;      -0.10151;3.40531;1
-169.90414;19.48667;      -0.10145;3.40528;1
-169.93780;19.49000;      -0.10141;3.40526;1
-169.97200;19.49333;      -0.10132;3.40524;1
-170.00700;19.49667;      -0.10131;3.40521;1
-170.05499;19.50000;      -0.10114;3.40518;2
-170.08933;19.50333;      -0.10110;3.40516;2
-170.12240;19.50667;      -0.10104;3.40514;2
-170.15557;19.51000;      -0.10099;3.40511;2
-170.18833;19.51333;      -0.10099;3.40509;2
-170.22064;19.51667;      -0.10100;3.40507;2
-170.25108;19.52000;      -0.10100;3.40505;2
-170.27920;19.52333;      -0.10102;3.40503;2
-170.30459;19.52667;      -0.10099;3.40501;2
-170.32695;19.53000;      -0.10106;3.40500;2
-170.34562;19.53333;      -0.10115;3.40498;2
-170.36022;19.53667;      -0.10112;3.40497;2
-170.37092;19.54000;      -0.10096;3.40497;2
-170.37767;19.54333;      -0.10079;3.40496;2
-170.38052;19.54667;      -0.10071;3.40496;2
-170.37942;19.55000;      -0.10058;3.40496;2
-170.37446;19.55333;      -0.10035;3.40496;2
-170.36592;19.55667;      -0.10004;3.40497;2
-170.35395;19.56000;-9.974524e-002;3.40498;2
-170.33859;19.56333;-9.934996e-002;3.40499;2
-170.32012;19.56667;-9.876381e-002;3.40500;2
-170.29865;19.57000;-9.810423e-002;3.40502;2
-170.27431;19.57333;-9.737166e-002;3.40503;2
-170.24741;19.57667;-9.643462e-002;3.40505;2
-170.21796;19.58000;-9.549667e-002;3.40507;2
-170.18612;19.58333;-9.435366e-002;3.40509;2
-170.15215;19.58667;-9.318191e-002;3.40511;2
-170.11611;19.59000;-9.179005e-002;3.40514;2
-170.07819;19.59333;-9.006165e-002;3.40516;2
-170.03849;19.59667;-8.820131e-002;3.40519;2
-169.99723;19.60000;-8.632618e-002;3.40522;2
-169.97471;19.60333;-8.431961e-002;3.40523;2
-169.95061;19.60667;-8.209366e-002;3.40525;2
-169.92490;19.61000;-7.964819e-002;3.40527;2
-169.89757;19.61333;-7.708500e-002;3.40529;2
-169.86864;19.61667;-7.444903e-002;3.40531;2
-169.83810;19.62000;-7.179813e-002;3.40533;2
-169.80598;19.62333;-6.900068e-002;3.40535;2
-169.77230;19.62667;-6.592545e-002;3.40537;2
-169.73702;19.63000;-6.271816e-002;3.40539;2
-169.70013;19.63333;-5.943826e-002;3.40542;2
-169.66177;19.63667;-5.609881e-002;3.40545;2
-169.62193;19.64000;-5.265777e-002;3.40547;2
-169.58069;19.64333;-4.918704e-002;3.40550;2
-169.53810;19.64667;-4.568751e-002;3.40553;2
-169.49425;19.65000;-4.204189e-002;3.40556;2
-169.44907;19.65333;-3.830775e-002;3.40559;2
-169.40274;19.65667;-3.452961e-002;3.40562;2
-169.35521;19.66000;-3.073760e-002;3.40565;2
-169.30662;19.66333;-2.690130e-002;3.40568;2
-169.25705;19.66667;-2.307956e-002;3.40572;2
-169.20654;19.67000;-1.921440e-002;3.40575;2
-169.15513;19.67333;-1.536396e-002;3.40579;2
-169.10292;19.67667;-1.148446e-002;3.40582;2
-169.04995;19.68000;-7.589681e-003;3.40586;2
-168.99623;19.68333;-3.651773e-003;3.40589;2
-168.94182;19.68667; 3.304049e-004;3.40593;2
-168.88680;19.69000; 4.342639e-003;3.40597;2
-168.83131;19.69333; 8.381911e-003;3.40600;2
-168.77531;19.69667; 1.239354e-002;3.40604;2
-168.71889;19.70000; 1.640407e-002;3.40608;2
-168.66215;19.70333; 2.045930e-002;3.40612;2
-168.60508;19.70667; 2.438137e-002;3.40615;2
-168.54772;19.71000; 2.823132e-002;3.40619;2
-168.49011;19.71333; 3.199305e-002;3.40623;2
-168.43243;19.71667; 3.578455e-002;3.40627;2
-168.37456;19.72000; 3.967786e-002;3.40631;2
-168.31656;19.72333; 4.348311e-002;3.40635;2
-168.25854;19.72667; 4.720073e-002;3.40639;2
-168.20048;19.73000; 5.084492e-002;3.40642;2
-168.14238;19.73333; 5.437249e-002;3.40646;2
-168.08441;19.73667; 5.794333e-002;3.40650;2
-168.02656;19.74000; 6.141163e-002;3.40654;2
-167.96884;19.74333; 6.486549e-002;3.40658;2
-167.91125;19.74667; 6.823131e-002;3.40662;2
-167.85385;19.75000; 7.150866e-002;3.40665;2
-167.79659;19.75333; 7.464028e-002;3.40669;2
-167.73957;19.75667; 7.771300e-002;3.40673;2
-167.68289;19.76000; 8.074189e-002;3.40677;2
-167.62646;19.76333; 8.377086e-002;3.40680;2
-167.57033;19.76667; 8.671180e-002;3.40684;2
-167.51456;19.77000; 8.957935e-002;3.40688;2
-167.45911;19.77333; 9.233077e-002;3.40692;2
-167.40402;19.77667; 9.500795e-002;3.40695;2
-167.34933;19.78000; 9.746569e-002;3.40699;2
-167.29505;19.78333; 9.988018e-002;3.40702;2
-167.24118;19.78667;       0.10218;3.40706;2
-167.18777;19.79000;       0.10452;3.40709;2
-167.13480;19.79333;       0.10683;3.40713;2
-167.08221;19.79667;       0.10901;3.40716;2
-167.03015;19.80000;       0.11112;3.40720;2
-166.97854;19.80333;       0.11294;3.40723;2
-166.92746;19.80667;       0.11471;3.40727;2
-166.87684;19.81000;       0.11657;3.40730;2
-166.82671;19.81333;       0.11834;3.40733;2
-166.77705;19.81667;       0.12002;3.40736;2
-166.72802;19.82000;       0.12163;3.40740;2
-166.67949;19.82333;       0.12305;3.40743;2
-166.63148;19.82667;       0.12447;3.40746;2
-166.58398;19.83000;       0.12572;3.40749;2
-166.53700;19.83333;       0.12691;3.40752;2
-166.49054;19.83667;       0.12801;3.40755;2
-166.44464;19.84000;       0.12898;3.40758;2
-166.39926;19.84333;       0.12992;3.40761;2
-166.35435;19.84667;       0.13075;3.40764;2
-166.30994;19.85000;       0.13153;3.40767;2
-166.26603;19.85333;       0.13233;3.40770;2
-166.22269;19.85667;       0.13312;3.40773;2
-166.17974;19.86000;       0.13378;3.40776;2
-166.13726;19.86333;       0.13443;3.40778;2
-166.09531;19.86667;       0.13495;3.40781;2
-166.05375;19.87000;       0.13537;3.40784;2
-166.01267;19.87333;       0.13570;3.40787;2
-165.97212;19.87667;       0.13597;3.40789;2
-165.93198;19.88000;       0.13618;3.40792;2
-165.89225;19.88333;       0.13633;3.40794;2
-165.85302;19.88667;       0.13645;3.40797;2
-165.81426;19.89000;       0.13656;3.40800;2
-165.77593;19.89333;       0.13659;3.40802;2
-165.73792;19.89667;       0.13665;3.40804;2
-165.70036;19.90000;       0.13666;3.40807;2
-165.66318;19.90333;       0.13651;3.40809;2
-165.62639;19.90667;       0.13651;3.40812;2
-165.58995;19.91000;       0.13644;3.40814;2
-165.55395;19.91333;       0.13604;3.40816;2
-165.51823;19.91667;       0.13562;3.40819;2
-165.48284;19.92000;       0.13526;3.40821;2
-165.44787;19.92333;       0.13499;3.40823;2
-165.41320;19.92667;       0.13475;3.40826;2
-165.37882;19.93000;       0.13446;3.40828;2
-165.34474;19.93333;       0.13396;3.40830;2
-165.31105;19.93667;       0.13348;3.40832;2
-165.27759;19.94000;       0.13299;3.40834;2
-165.24436;19.94333;       0.13248;3.40837;2
-165.21144;19.94667;       0.13192;3.40839;2
-165.17875;19.95000;       0.13142;3.40841;2
-165.14628;19.95333;       0.13085;3.40843;2
-165.11405;19.95667;       0.13025;3.40845;2
-165.08207;19.96000;       0.12969;3.40847;2
-165.05020;19.96333;       0.12912;3.40849;2
-165.01859;19.96667;       0.12858;3.40851;2
-164.98720;19.97000;       0.12804;3.40853;2
-164.95597;19.97333;       0.12750;3.40855;2
-164.92489;19.97667;       0.12691;3.40857;2
-164.89397;19.98000;       0.12628;3.40859;2
-164.86323;19.98333;       0.12561;3.40861;2
-164.83264;19.98667;       0.12486;3.40863;2
-164.80215;19.99000;       0.12413;3.40865;2
-164.77175;19.99333;       0.12340;3.40867;2
-164.74151;19.99667;       0.12269;3.40869;2
-164.71141;20.00000;       0.12206;3.40871;2
-164.68133;20.00333;       0.12142;3.40873;2
-164.65138;20.00667;       0.12077;3.40875;2
-164.62147;20.01000;       0.12012;3.40877;2
-164.59164;20.01333;       0.11944;3.40879;2
-164.56189;20.01667;       0.11878;3.40881;2
-164.53225;20.02000;       0.11812;3.40883;2
-164.50254;20.02333;       0.11748;3.40884;2
-164.47290;20.02667;       0.11684;3.40886;2
-164.44328;20.03000;       0.11615;3.40888;2
-164.41370;20.03333;       0.11558;3.40890;2
-164.38418;20.03667;       0.11508;3.40892;2
-164.35467;20.04000;       0.11455;3.40894;2
-164.32518;20.04333;       0.11405;3.40896;2
-164.29569;20.04667;       0.11350;3.40898;2
-164.26620;20.05000;       0.11292;3.40900;2
-164.23674;20.05333;       0.11237;3.40902;2
-164.20725;20.05667;       0.11178;3.40903;2
-164.17775;20.06000;       0.11126;3.40905;2
-164.14829;20.06333;       0.11077;3.40907;2
-164.11882;20.06667;       0.11032;3.40909;2
-164.08928;20.07000;       0.10985;3.40911;2
-164.05979;20.07333;       0.10934;3.40913;2
-164.03025;20.07667;       0.10881;3.40915;2
-164.00064;20.08000;       0.10834;3.40917;2
-163.97108;20.08333;       0.10789;3.40919;2
-163.94149;20.08667;       0.10745;3.40921;2
-163.91188;20.09000;       0.10702;3.40922;2
-163.88220;20.09333;       0.10663;3.40924;2
-163.85244;20.09667;       0.10619;3.40926;2
-163.82270;20.10000;       0.10577;3.40928;2
-163.79292;20.10333;       0.10540;3.40930;2
-163.76310;20.10667;       0.10515;3.40932;2
-163.73323;20.11000;       0.10483;3.40934;2
-163.70334;20.11333;       0.10448;3.40936;2
-163.67334;20.11667;       0.10423;3.40938;2
-163.64339;20.12000;       0.10399;3.40940;2
-163.61336;20.12333;       0.10373;3.40942;2
-163.58318;20.12667;       0.10348;3.40943;2
-163.55302;20.13000;       0.10325;3.40945;2
-163.52284;20.13333;       0.10300;3.40947;2
-163.49261;20.13667;       0.10279;3.40949;2
-163.46228;20.14000;       0.10259;3.40951;2
-163.43192;20.14333;       0.10237;3.40953;2
-163.40147;20.14667;       0.10216;3.40955;2
-163.37090;20.15000;       0.10194;3.40957;2
-163.34029;20.15333;       0.10171;3.40959;2
-163.30969;20.15667;       0.10159;3.40961;2
-163.27905;20.16000;       0.10153;3.40963;2
-163.24834;20.16333;       0.10147;3.40965;2
-163.21761;20.16667;       0.10138;3.40967;2
-163.18679;20.17000;       0.10124;3.40969;2
-163.15595;20.17333;       0.10105;3.40971;2
-163.12508;20.17667;       0.10094;3.40973;2
-163.09415;20.18000;       0.10086;3.40975;2
-163.06313;20.18333;       0.10069;3.40977;2
-163.03203;20.18667;       0.10058;3.40979;2
-163.00087;20.19000;       0.10047;3.40981;2
-162.96972;20.19333;       0.10034;3.40983;2
-162.93852;20.19667;       0.10023;3.40985;2
-162.90726;20.20000;       0.10012;3.40986;2
-162.87589;20.20333;       0.10008;3.40989;2
-162.84451;20.20667; 9.996068e-002;3.40990;2
-162.81305;20.21000; 9.978476e-002;3.40992;2
-162.78154;20.21333; 9.963765e-002;3.40994;2
-162.74995;20.21667; 9.952036e-002;3.40996;2
-162.71829;20.22000; 9.952036e-002;3.40998;2
-162.68657;20.22333; 9.950529e-002;3.41000;2
-162.65480;20.22667; 9.947560e-002;3.41003;2
-162.62298;20.23000; 9.946010e-002;3.41005;2
-162.59113;20.23333; 9.945951e-002;3.41007;2
-162.55920;20.23667; 9.944458e-002;3.41009;2
-162.52720;20.24000; 9.947353e-002;3.41011;2
-162.49518;20.24333; 9.951638e-002;3.41013;2
-162.46305;20.24667; 9.955980e-002;3.41015;2
-162.43085;20.25000; 9.960393e-002;3.41017;2
-162.39862;20.25333; 9.961810e-002;3.41019;2
-162.36636;20.25667; 9.964646e-002;3.41021;2
-162.33403;20.26000; 9.966020e-002;3.41023;2
-162.30166;20.26333; 9.968885e-002;3.41025;2
-162.26925;20.26667; 9.973240e-002;3.41027;2
-162.23679;20.27000; 9.979058e-002;3.41029;2
-162.20438;20.27333; 9.989219e-002;3.41031;2
-162.17185;20.27667;       0.10002;3.41033;2
-162.13931;20.28000;       0.10017;3.41035;2
-162.10675;20.28333;       0.10024;3.41037;2
-162.07407;20.28667;       0.10037;3.41039;2
-162.04138;20.29000;       0.10049;3.41041;2
-162.00854;20.29333;       0.10056;3.41043;2
-161.97574;20.29667;       0.10063;3.41045;2
-161.94295;20.30000;       0.10071;3.41047;2
-161.91011;20.30333;       0.10077;3.41050;2
-161.87723;20.30667;       0.10088;3.41052;2
-161.84430;20.31000;       0.10109;3.41054;2
-161.81136;20.31333;       0.10126;3.41056;2
-161.77836;20.31667;       0.10142;3.41058;2
-161.74534;20.32000;       0.10160;3.41060;2
-161.71230;20.32333;       0.10176;3.41062;2
-161.67921;20.32667;       0.10190;3.41064;2
-161.64610;20.33000;       0.10203;3.41066;2
-161.61292;20.33333;       0.10216;3.41068;2
-161.57971;20.33667;       0.10233;3.41070;2
-161.54654;20.34000;       0.10243;3.41072;2
-161.51330;20.34333;       0.10256;3.41074;2
-161.48002;20.34667;       0.10269;3.41077;2
-161.44674;20.35000;       0.10282;3.41079;2
-161.41344;20.35333;       0.10294;3.41081;2
-161.38015;20.35667;       0.10308;3.41083;2
-161.34680;20.36000;       0.10321;3.41085;2
-161.31338;20.36333;       0.10333;3.41087;2
-161.27993;20.36667;       0.10348;3.41089;2
-161.24644;20.37000;       0.10362;3.41091;2
-161.21302;20.37333;       0.10377;3.41093;2
-161.17946;20.37667;       0.10390;3.41095;2
-161.14582;20.38000;       0.10401;3.41097;2
-161.11223;20.38333;       0.10417;3.41100;2
-161.07869;20.38667;       0.10436;3.41102;2
-161.04515;20.39000;       0.10458;3.41104;2
-161.01157;20.39333;       0.10477;3.41106;2
-160.97795;20.39667;       0.10489;3.41108;2
-160.94428;20.40000;       0.10496;3.41110;2
-160.91067;20.40333;       0.10500;3.41112;2
-160.87716;20.40667;       0.10505;3.41114;2
-160.84362;20.41000;       0.10511;3.41116;2
-160.81008;20.41333;       0.10527;3.41118;2
-160.77654;20.41667;       0.10549;3.41120;2
-160.74302;20.42000;       0.10566;3.41123;2
-160.70948;20.42333;       0.10581;3.41125;2
-160.67597;20.42667;       0.10595;3.41127;2
-160.64251;20.43000;       0.10610;3.41129;2
-160.60902;20.43333;       0.10623;3.41131;2
-160.57552;20.43667;       0.10626;3.41133;2
-160.54202;20.44000;       0.10640;3.41135;2
-160.50852;20.44333;       0.10665;3.41137;2
-160.47502;20.44667;       0.10674;3.41139;2
-160.44151;20.45000;       0.10681;3.41141;2
-160.40813;20.45333;       0.10690;3.41143;2
-160.37474;20.45667;       0.10696;3.41145;2
-160.34128;20.46000;       0.10706;3.41148;2
-160.30784;20.46333;       0.10716;3.41150;2
-160.27441;20.46667;       0.10726;3.41152;2
-160.24097;20.47000;       0.10729;3.41154;2
-160.20754;20.47333;       0.10739;3.41156;2
-160.17403;20.47667;       0.10755;3.41158;2
-160.14057;20.48000;       0.10768;3.41160;2
-160.10710;20.48333;       0.10775;3.41162;2
-160.07362;20.48667;       0.10786;3.41164;2
-160.04018;20.49000;       0.10797;3.41166;2
-160.00672;20.49333;       0.10803;3.41168;2
-159.97336;20.49667;       0.10813;3.41170;2
-159.93995;20.50000;       0.10819;3.41172;2
-159.90657;20.50333;       0.10825;3.41174;2
-159.87316;20.50667;       0.10826;3.41176;2
-159.83977;20.51000;       0.10839;3.41179;2
-159.80644;20.51333;       0.10851;3.41181;2
-159.77307;20.51667;       0.10857;3.41183;2
-159.73974;20.52000;       0.10861;3.41185;2
-159.70643;20.52333;       0.10865;3.41187;2
-159.67308;20.52667;       0.10875;3.41189;2
-159.63972;20.53000;       0.10883;3.41191;2
-159.60643;20.53333;       0.10888;3.41193;2
-159.57313;20.53667;       0.10897;3.41195;2
-159.53985;20.54000;       0.10906;3.41197;2
-159.50654;20.54333;       0.10915;3.41199;2
-159.47325;20.54667;       0.10915;3.41201;2
-159.43993;20.55000;       0.10922;3.41203;2
-159.40659;20.55333;       0.10929;3.41205;2
-159.37331;20.55667;       0.10935;3.41207;2
-159.34000;20.56000;       0.10942;3.41209;2
-159.30669;20.56333;       0.10946;3.41211;2
-159.27339;20.56667;       0.10952;3.41213;2
-159.24015;20.57000;       0.10964;3.41215;2
-159.20692;20.57333;       0.10974;3.41218;2
-159.17364;20.57667;       0.10980;3.41220;2
-159.14039;20.58000;       0.10984;3.41222;2
-159.10718;20.58333;       0.10990;3.41224;2
-159.07397;20.58667;       0.10996;3.41226;2
-159.04074;20.59000;       0.11004;3.41228;2
-159.00752;20.59333;       0.11010;3.41230;2
-158.97431;20.59667;       0.11016;3.41232;2
-158.94112;20.60000;       0.11020;3.41234;2
-158.90795;20.60333;       0.11026;3.41236;2
-158.87472;20.60667;       0.11029;3.41238;2
-158.84143;20.61000;       0.11032;3.41240;2
-158.80808;20.61333;       0.11027;3.41242;2
-158.77479;20.61667;       0.11029;3.41244;2
-158.74149;20.62000;       0.11036;3.41246;2
-158.70821;20.62333;       0.11049;3.41248;2
-158.67490;20.62667;       0.11058;3.41250;2
-158.64161;20.63000;       0.11061;3.41252;2
-158.60826;20.63333;       0.11062;3.41254;2
-158.57500;20.63667;       0.11060;3.41256;2
-158.54172;20.64000;       0.11065;3.41258;2
-158.50844;20.64333;       0.11069;3.41260;2
-158.47516;20.64667;       0.11073;3.41262;2
-158.44192;20.65000;       0.11079;3.41264;2
-158.40874;20.65333;       0.11082;3.41266;2
-158.37549;20.65667;       0.11086;3.41268;2
-158.34233;20.66000;       0.11091;3.41270;2
-158.30918;20.66333;       0.11095;3.41272;2
-158.27597;20.66667;       0.11104;3.41274;2
-158.24274;20.67000;       0.11120;3.41276;2
-158.20956;20.67333;       0.11122;3.41278;2
-158.17634;20.67667;       0.11124;3.41280;2
-158.14315;20.68000;       0.11128;3.41282;2
-158.11002;20.68333;       0.11134;3.41284;2
-158.07684;20.68667;       0.11137;3.41286;2
-158.04362;20.69000;       0.11138;3.41288;2
-158.01044;20.69333;       0.11145;3.41291;2
-157.97725;20.69667;       0.11154;3.41293;2
-157.94410;20.70000;       0.11172;3.41295;2
-157.91092;20.70333;       0.11177;3.41297;2
-157.87774;20.70667;       0.11176;3.41299;2
-157.84457;20.71000;       0.11176;3.41301;2
-157.81143;20.71333;       0.11177;3.41303;2
-157.77820;20.71667;       0.11182;3.41305;2
-157.74503;20.72000;       0.11184;3.41307;2
-157.71182;20.72333;       0.11190;3.41309;2
-157.67862;20.72667;       0.11197;3.41311;2
-157.64544;20.73000;       0.11203;3.41313;2
-157.61231;20.73333;       0.11209;3.41315;2
-157.57910;20.73667;       0.11210;3.41317;2
-157.54589;20.74000;       0.11216;3.41319;2
-157.51267;20.74333;       0.11225;3.41321;2
-157.47941;20.74667;       0.11229;3.41323;2
-157.44615;20.75000;       0.11233;3.41325;2
-157.41289;20.75333;       0.11236;3.41327;2
-157.37970;20.75667;       0.11239;3.41329;2
-157.34643;20.76000;       0.11242;3.41331;2
-157.31328;20.76333;       0.11240;3.41333;2
-157.28011;20.76667;       0.11242;3.41335;2
-157.24697;20.77000;       0.11249;3.41337;2
-157.21377;20.77333;       0.11255;3.41339;2
-157.18054;20.77667;       0.11261;3.41341;2
-157.14733;20.78000;       0.11265;3.41343;2
-157.11413;20.78333;       0.11268;3.41345;2
-157.08090;20.78667;       0.11274;3.41347;2
-157.04766;20.79000;       0.11278;3.41349;2
-157.01438;20.79333;       0.11278;3.41351;2
-156.98108;20.79667;       0.11281;3.41353;2
-156.94784;20.80000;       0.11284;3.41355;2
-156.91456;20.80333;       0.11286;3.41357;2
-156.88126;20.80667;       0.11286;3.41359;2
-156.84800;20.81000;       0.11289;3.41361;2
-156.81467;20.81333;       0.11292;3.41363;2
-156.78141;20.81667;       0.11295;3.41365;2
-156.74807;20.82000;       0.11301;3.41367;2
-156.71479;20.82333;       0.11309;3.41369;2
-156.68143;20.82667;       0.11317;3.41371;2
-156.64816;20.83000;       0.11324;3.41373;2
-156.61482;20.83333;       0.11331;3.41375;2
-156.58152;20.83667;       0.11337;3.41377;2
-156.54813;20.84000;       0.11344;3.41379;2
-156.51474;20.84333;       0.11350;3.41381;2
-156.48138;20.84667;       0.11357;3.41383;2
-156.44802;20.85000;       0.11363;3.41385;2
-156.41462;20.85333;       0.11369;3.41387;2
-156.38120;20.85667;       0.11377;3.41389;2
-156.34774;20.86000;       0.11382;3.41391;2
-156.31420;20.86333;       0.11389;3.41393;2
-156.28067;20.86667;       0.11398;3.41395;2
-156.24720;20.87000;       0.11406;3.41397;2
-156.21369;20.87333;       0.11409;3.41399;2
-156.18015;20.87667;       0.11405;3.41401;2
-156.14666;20.88000;       0.11409;3.41403;2
-156.11312;20.88333;       0.11413;3.41405;2
-156.07953;20.88667;       0.11419;3.41407;2
-156.04592;20.89000;       0.11432;3.41409;2
-156.01233;20.89333;       0.11444;3.41411;2
-155.97875;20.89667;       0.11452;3.41413;2
-155.94518;20.90000;       0.11460;3.41415;2
-155.91152;20.90333;       0.11468;3.41417;2
-155.87792;20.90667;       0.11476;3.41419;2
-155.84430;20.91000;       0.11483;3.41421;2
-155.81069;20.91333;       0.11489;3.41423;2
-155.77700;20.91667;       0.11497;3.41425;2
-155.74334;20.92000;       0.11506;3.41427;2
-155.70964;20.92333;       0.11513;3.41429;2
-155.67594;20.92667;       0.11522;3.41431;2
-155.64225;20.93000;       0.11528;3.41433;2
-155.60851;20.93333;       0.11535;3.41435;2
-155.57472;20.93667;       0.11545;3.41437;2
-155.54102;20.94000;       0.11555;3.41439;2
-155.50730;20.94333;       0.11567;3.41441;2
-155.47351;20.94667;       0.11577;3.41443;2
-155.43977;20.95000;       0.11587;3.41445;2
-155.40605;20.95333;       0.11596;3.41447;2
-155.37234;20.95667;       0.11606;3.41449;2
-155.33859;20.96000;       0.11627;3.41451;2
-155.30489;20.96333;       0.11632;3.41453;2
-155.27108;20.96667;       0.11638;3.41455;2
-155.23733;20.97000;       0.11650;3.41457;2
-155.20354;20.97333;       0.11661;3.41459;2
-155.16979;20.97667;       0.11676;3.41461;2
-155.13610;20.98000;       0.11685;3.41463;2
-155.10238;20.98333;       0.11695;3.41465;2
-155.06867;20.98667;       0.11696;3.41467;2
-155.03503;20.99000;       0.11693;3.41468;2
-155.00139;20.99333;       0.11692;3.41470;2
-154.96782;20.99667;       0.11696;3.41472;2
-154.93420;21.00000;       0.11706;3.41474;2
-154.90057;21.00333;       0.11715;3.41476;2
-154.86693;21.00667;       0.11721;3.41478;2
-154.83330;21.01000;       0.11726;3.41480;2
-154.79961;21.01333;       0.11737;3.41482;2
-154.76602;21.01667;       0.11747;3.41484;2
-154.73239;21.02000;       0.11751;3.41486;2
-154.69884;21.02333;       0.11758;3.41488;2
-154.66526;21.02667;       0.11769;3.41490;2
-154.63179;21.03000;       0.11777;3.41492;2
-154.59823;21.03333;       0.11787;3.41494;2
-154.56472;21.03667;       0.11795;3.41496;2
-154.53120;21.04000;       0.11803;3.41498;2
-154.49769;21.04333;       0.11809;3.41500;2
-154.46423;21.04667;       0.11815;3.41502;2
-154.43075;21.05000;       0.11821;3.41504;2
-154.39728;21.05333;       0.11825;3.41506;2
-154.36382;21.05667;       0.11831;3.41508;2
-154.33036;21.06000;       0.11837;3.41510;2
-154.29695;21.06333;       0.11844;3.41512;2
-154.26354;21.06667;       0.11852;3.41514;2
-154.23016;21.07000;       0.11857;3.41516;2
-154.19679;21.07333;       0.11861;3.41518;2
-154.16344;21.07667;       0.11867;3.41520;2
-154.13011;21.08000;       0.11870;3.41522;2
-154.09680;21.08333;       0.11871;3.41524;2
-154.06351;21.08667;       0.11874;3.41525;2
-154.03018;21.09000;       0.11878;3.41527;2
-153.99692;21.09333;       0.11880;3.41529;2
-153.96366;21.09667;       0.11885;3.41531;2
-153.93038;21.10000;       0.11882;3.41533;2
-153.89713;21.10333;       0.11881;3.41535;2
-153.86390;21.10667;       0.11882;3.41537;2
-153.83067;21.11000;       0.11887;3.41539;2
-153.79739;21.11333;       0.11891;3.41541;2
-153.76413;21.11667;       0.11894;3.41543;2
-153.73092;21.12000;       0.11897;3.41545;2
-153.69777;21.12333;       0.11898;3.41547;2
-153.66457;21.12667;       0.11902;3.41549;2
-153.63144;21.13000;       0.11904;3.41551;2
-153.59825;21.13333;       0.11908;3.41553;2
-153.56510;21.13667;       0.11917;3.41555;2
-153.53203;21.14000;       0.11919;3.41556;2
-153.49887;21.14333;       0.11925;3.41558;2
-153.46580;21.14667;       0.11929;3.41560;2
-153.43274;21.15000;       0.11928;3.41562;2
-153.39964;21.15333;       0.11925;3.41564;2
-153.36654;21.15667;       0.11921;3.41566;2
-153.33341;21.16000;       0.11920;3.41568;2
-153.30033;21.16333;       0.11922;3.41570;2
-153.26723;21.16667;       0.11926;3.41572;2
-153.23412;21.17000;       0.11927;3.41574;2
-153.20102;21.17333;       0.11927;3.41576;2
-153.16797;21.17667;       0.11927;3.41578;2
-153.13489;21.18000;       0.11935;3.41579;2
-153.10179;21.18333;       0.11937;3.41581;2
-153.06871;21.18667;       0.11939;3.41583;2
-153.03562;21.19000;       0.11940;3.41585;2
-153.00251;21.19333;       0.11943;3.41587;2
-152.96935;21.19667;       0.11949;3.41589;2
-152.93613;21.20000;       0.11955;3.41591;2
-152.90295;21.20333;       0.11962;3.41593;2
-152.86977;21.20667;       0.11965;3.41595;2
-152.83667;21.21000;       0.11969;3.41597;2
-152.80351;21.21333;       0.11972;3.41599;2
-152.77039;21.21667;       0.11978;3.41601;2
-152.73721;21.22000;       0.11985;3.41602;2
-152.70405;21.22333;       0.11986;3.41604;2
-152.67089;21.22667;       0.11985;3.41606;2
-152.63767;21.23000;       0.11986;3.41608;2
-152.60436;21.23333;       0.11990;3.41610;2
-152.57113;21.23667;       0.11998;3.41612;2
-152.53792;21.24000;       0.12002;3.41614;2
-152.50467;21.24333;       0.12006;3.41616;2
-152.47146;21.24667;       0.12012;3.41618;2
-152.43818;21.25000;       0.12024;3.41620;2
-152.40490;21.25333;       0.12029;3.41622;2
-152.37164;21.25667;       0.12034;3.41623;2
-152.33835;21.26000;       0.12047;3.41625;2
-152.30502;21.26333;       0.12054;3.41627;2
-152.27171;21.26667;       0.12054;3.41629;2
-152.23839;21.27000;       0.12051;3.41631;2
-152.20505;21.27333;       0.12048;3.41633;2
-152.17167;21.27667;       0.12058;3.41635;2
-152.13828;21.28000;       0.12065;3.41637;2
-152.10490;21.28333;       0.12068;3.41639;2
-152.07146;21.28667;       0.12074;3.41641;2
-152.03808;21.29000;       0.12080;3.41643;2
-152.00467;21.29333;       0.12093;3.41644;2
-151.97125;21.29667;       0.12103;3.41646;2
-151.93785;21.30000;       0.12107;3.41648;2
-151.90443;21.30333;       0.12113;3.41650;2
-151.87100;21.30667;       0.12120;3.41652;2
-151.83756;21.31000;       0.12125;3.41654;2
-151.80408;21.31333;       0.12130;3.41656;2
-151.77069;21.31667;       0.12138;3.41658;2
-151.73726;21.32000;       0.12143;3.41660;2
-151.70384;21.32333;       0.12152;3.41662;2
-151.67038;21.32667;       0.12159;3.41664;2
-151.63694;21.33000;       0.12170;3.41665;2
-151.60348;21.33333;       0.12175;3.41667;2
-151.57005;21.33667;       0.12180;3.41669;2
-151.53657;21.34000;       0.12184;3.41671;2
-151.50307;21.34333;       0.12188;3.41673;2
-151.46966;21.34667;       0.12195;3.41675;2
-151.43618;21.35000;       0.12201;3.41677;2
-151.40277;21.35333;       0.12210;3.41679;2
-151.36938;21.35667;       0.12221;3.41681;2
-151.33593;21.36000;       0.12233;3.41683;2
-151.30253;21.36333;       0.12242;3.41685;2
-151.26912;21.36667;       0.12252;3.41686;2
-151.23572;21.37000;       0.12261;3.41688;2
-151.20234;21.37333;       0.12269;3.41690;2
-151.16889;21.37667;       0.12280;3.41692;2
-151.13539;21.38000;       0.12287;3.41694;2
-151.10193;21.38333;       0.12295;3.41696;2
-151.06844;21.38667;       0.12301;3.41698;2
-151.03493;21.39000;       0.12304;3.41700;2
-151.00143;21.39333;       0.12310;3.41702;2
-150.96790;21.39667;       0.12317;3.41704;2
-150.93443;21.40000;       0.12324;3.41705;2
-150.90093;21.40333;       0.12330;3.41707;2
-150.86746;21.40667;       0.12339;3.41709;2
-150.83397;21.41000;       0.12346;3.41711;2
-150.80048;21.41333;       0.12353;3.41713;2
-150.76707;21.41667;       0.12356;3.41715;2
-150.73361;21.42000;       0.12355;3.41717;2
-150.70020;21.42333;       0.12353;3.41719;2
-150.66682;21.42667;       0.12353;3.41721;2
-150.63339;21.43000;       0.12354;3.41722;2
-150.60005;21.43333;       0.12364;3.41724;2
-150.56675;21.43667;       0.12372;3.41726;2
-150.53341;21.44000;       0.12379;3.41728;2
-150.50003;21.44333;       0.12385;3.41730;2
-150.46667;21.44667;       0.12390;3.41732;2
-150.43326;21.45000;       0.12395;3.41734;2
-150.39995;21.45333;       0.12396;3.41736;2
-150.36667;21.45667;       0.12399;3.41737;2
-150.33338;21.46000;       0.12399;3.41739;2
-150.30008;21.46333;       0.12402;3.41741;2
-150.26684;21.46667;       0.12405;3.41743;2
-150.23356;21.47000;       0.12409;3.41745;2
-150.20033;21.47333;       0.12415;3.41747;2
-150.16707;21.47667;       0.12420;3.41749;2
-150.13389;21.48000;       0.12425;3.41751;2
-150.10069;21.48333;       0.12429;3.41752;2
-150.06749;21.48667;       0.12433;3.41754;2
-150.03431;21.49000;       0.12433;3.41756;2
-150.00110;21.49333;       0.12436;3.41758;2
-149.96795;21.49667;       0.12440;3.41760;2
-149.93482;21.50000;       0.12446;3.41762;2
-149.90170;21.50333;       0.12449;3.41764;2
-149.86859;21.50667;       0.12453;3.41765;2
-149.83546;21.51000;       0.12461;3.41767;2
-149.80236;21.51333;       0.12463;3.41769;2
-149.76931;21.51667;       0.12466;3.41771;2
-149.73621;21.52000;       0.12468;3.41773;2
-149.70313;21.52333;       0.12475;3.41775;2
-149.67011;21.52667;       0.12482;3.41776;2
-149.63703;21.53000;       0.12485;3.41778;2
-149.60400;21.53333;       0.12483;3.41780;2
-149.57095;21.53667;       0.12482;3.41782;2
-149.53792;21.54000;       0.12482;3.41784;2
-149.50489;21.54333;       0.12483;3.41786;2
-149.47187;21.54667;       0.12488;3.41788;2
-149.43882;21.55000;       0.12493;3.41789;2
-149.40574;21.55333;       0.12500;3.41791;2
-149.37267;21.55667;       0.12503;3.41793;2
-149.33962;21.56000;       0.12505;3.41795;2
-149.30661;21.56333;       0.12506;3.41797;2
-149.27357;21.56667;       0.12506;3.41799;2
-149.24049;21.57000;       0.12506;3.41800;2
-149.20741;21.57333;       0.12507;3.41802;2
-149.17431;21.57667;       0.12510;3.41804;2
-149.14125;21.58000;       0.12512;3.41806;2
-149.10828;21.58333;       0.12513;3.41808;2
-149.07521;21.58667;       0.12514;3.41810;2
-149.04223;21.59000;       0.12516;3.41811;2
-149.00921;21.59333;       0.12517;3.41813;2
-148.97620;21.59667;       0.12520;3.41815;2
-148.94320;21.60000;       0.12523;3.41817;2
-148.91020;21.60333;       0.12524;3.41819;2
-148.87723;21.60667;       0.12526;3.41821;2
-148.84421;21.61000;       0.12525;3.41822;2
-148.81120;21.61333;       0.12527;3.41824;2
-148.77816;21.61667;       0.12530;3.41826;2
-148.74511;21.62000;       0.12534;3.41828;2
-148.71211;21.62333;       0.12540;3.41830;2
-148.67908;21.62667;       0.12546;3.41832;2
-148.64600;21.63000;       0.12548;3.41833;2
-148.61292;21.63333;       0.12551;3.41835;2
-148.57980;21.63667;       0.12554;3.41837;2
-148.54669;21.64000;       0.12555;3.41839;2
-148.51356;21.64333;       0.12558;3.41841;2
-148.48044;21.64667;       0.12560;3.41843;2
-148.44733;21.65000;       0.12563;3.41844;2
-148.41421;21.65333;       0.12568;3.41846;2
-148.38106;21.65667;       0.12574;3.41848;2
-148.34790;21.66000;       0.12578;3.41850;2
-148.31469;21.66333;       0.12580;3.41852;2
-148.28157;21.66667;       0.12587;3.41853;2
-148.24836;21.67000;       0.12596;3.41855;2
-148.21518;21.67333;       0.12601;3.41857;2
-148.18193;21.67667;       0.12603;3.41859;2
-148.14872;21.68000;       0.12609;3.41861;2
-148.11547;21.68333;       0.12614;3.41863;2
-148.08225;21.68667;       0.12622;3.41864;2
-148.04895;21.69000;       0.12629;3.41866;2
-148.01570;21.69333;       0.12635;3.41868;2
-147.98244;21.69667;       0.12643;3.41870;2
-147.94915;21.70000;       0.12649;3.41872;2
-147.91585;21.70333;       0.12659;3.41874;2
-147.88251;21.70667;       0.12666;3.41875;2
-147.84916;21.71000;       0.12674;3.41877;2
-147.81585;21.71333;       0.12682;3.41879;2
-147.78246;21.71667;       0.12689;3.41881;2
-147.74905;21.72000;       0.12694;3.41883;2
-147.71562;21.72333;       0.12701;3.41885;2
-147.68221;21.72667;       0.12708;3.41886;2
-147.64875;21.73000;       0.12717;3.41888;2
-147.61534;21.73333;       0.12724;3.41890;2
-147.58190;21.73667;       0.12731;3.41892;2
-147.54846;21.74000;       0.12739;3.41894;2
-147.51502;21.74333;       0.12749;3.41896;2
-147.48156;21.74667;       0.12756;3.41897;2
-147.44815;21.75000;       0.12768;3.41899;2
-147.41472;21.75333;       0.12776;3.41901;2
-147.38129;21.75667;       0.12785;3.41903;2
-147.34788;21.76000;       0.12794;3.41905;2
-147.31443;21.76333;       0.12800;3.41906;2
-147.28103;21.76667;       0.12807;3.41908;2
-147.24766;21.77000;       0.12812;3.41910;2
-147.21423;21.77333;       0.12820;3.41912;2
-147.18084;21.77667;       0.12825;3.41914;2
-147.14744;21.78000;       0.12833;3.41916;2
-147.11408;21.78333;       0.12840;3.41917;2
-147.08061;21.78667;       0.12843;3.41919;2
-147.04723;21.79000;       0.12850;3.41921;2
-147.01382;21.79333;       0.12860;3.41923;2
-146.98041;21.79667;       0.12867;3.41925;2
-146.94703;21.80000;       0.12876;3.41926;2
-146.91367;21.80333;       0.12885;3.41928;2
-146.88026;21.80667;       0.12890;3.41930;2
-146.84689;21.81000;       0.12898;3.41932;2
-146.81352;21.81333;       0.12917;3.41934;2
-146.78021;21.81667;       0.12927;3.41936;2
-146.74685;21.82000;       0.12927;3.41937;2
-146.71354;21.82333;       0.12932;3.41939;2
-146.68021;21.82667;       0.12941;3.41941;2
-146.64687;21.83000;       0.12951;3.41943;2
-146.61357;21.83333;       0.12960;3.41945;2
-146.58025;21.83667;       0.12963;3.41946;2
-146.54690;21.84000;       0.12966;3.41948;2
-146.51356;21.84333;       0.12967;3.41950;2
-146.48034;21.84667;       0.12970;3.41952;2
-146.44708;21.85000;       0.12977;3.41954;2
-146.41384;21.85333;       0.12984;3.41955;2
-146.38061;21.85667;       0.12996;3.41957;2
-146.34739;21.86000;       0.13005;3.41959;2
-146.31418;21.86333;       0.13007;3.41961;2
-146.28102;21.86667;       0.13012;3.41962;2
-146.24782;21.87000;       0.13013;3.41964;2
-146.21469;21.87333;       0.13019;3.41966;2
-146.18151;21.87667;       0.13025;3.41968;2
-146.14838;21.88000;       0.13032;3.41970;2
-146.11520;21.88333;       0.13045;3.41971;2
-146.08203;21.88667;       0.13049;3.41973;2
-146.04884;21.89000;       0.13051;3.41975;2
-146.01569;21.89333;       0.13049;3.41977;2
-145.98248;21.89667;       0.13049;3.41979;2
-145.94928;21.90000;       0.13049;3.41980;2
-145.91611;21.90333;       0.13049;3.41982;2
-145.88293;21.90667;       0.13049;3.41984;2
-145.84972;21.91000;       0.13056;3.41986;2
-145.81659;21.91333;       0.13060;3.41987;2
-145.78341;21.91667;       0.13062;3.41989;2
-145.75026;21.92000;       0.13063;3.41991;2
-145.71713;21.92333;       0.13067;3.41993;2
-145.68400;21.92667;       0.13072;3.41995;2
-145.65085;21.93000;       0.13075;3.41996;2
-145.61772;21.93333;       0.13080;3.41998;2
-145.58457;21.93667;       0.13083;3.42000;2
-145.55143;21.94000;       0.13085;3.42002;2
-145.51828;21.94333;       0.13087;3.42003;2
-145.48511;21.94667;       0.13092;3.42005;2
-145.45197;21.95000;       0.13095;3.42007;2
-145.41877;21.95333;       0.13096;3.42009;2
-145.38556;21.95667;       0.13099;3.42011;2
-145.35234;21.96000;       0.13103;3.42012;2
-145.31910;21.96333;       0.13107;3.42014;2
-145.28582;21.96667;       0.13115;3.42016;2
-145.25249;21.97000;       0.13129;3.42018;2
-145.21913;21.97333;       0.13136;3.42019;2
-145.18580;21.97667;       0.13136;3.42021;2
-145.15246;21.98000;       0.13135;3.42023;2
-145.11915;21.98333;       0.13136;3.42025;2
-145.08584;21.98667;       0.13139;3.42027;2
-145.05256;21.99000;       0.13143;3.42028;2
-145.01925;21.99333;       0.13149;3.42030;2
-144.98593;21.99667;       0.13155;3.42032;2
-144.95262;22.00000;       0.13162;3.42034;2
-144.91930;22.00333;       0.13171;3.42035;2
-144.88593;22.00667;       0.13179;3.42037;2
-144.85261;22.01000;       0.13192;3.42039;2
-144.81920;22.01333;       0.13204;3.42041;2
-144.78582;22.01667;       0.13210;3.42042;2
-144.75236;22.02000;       0.13214;3.42044;2
-144.71889;22.02333;       0.13218;3.42046;2
-144.68538;22.02667;       0.13220;3.42048;2
-144.65184;22.03000;       0.13226;3.42050;2
-144.61833;22.03333;       0.13231;3.42051;2
-144.58479;22.03667;       0.13236;3.42053;2
-144.55128;22.04000;       0.13240;3.42055;2
-144.51777;22.04333;       0.13246;3.42057;2
-144.48423;22.04667;       0.13253;3.42058;2
-144.45059;22.05000;       0.13260;3.42060;2
-144.41697;22.05333;       0.13272;3.42062;2
-144.38333;22.05667;       0.13280;3.42064;2
-144.34966;22.06000;       0.13291;3.42065;2
-144.31593;22.06333;       0.13299;3.42067;2
-144.28220;22.06667;       0.13309;3.42069;2
-144.24844;22.07000;       0.13321;3.42071;2
-144.21466;22.07333;       0.13325;3.42073;2
-144.18085;22.07667;       0.13333;3.42074;2
-144.14705;22.08000;       0.13353;3.42076;2
-144.11323;22.08333;       0.13366;3.42078;2
-144.07943;22.08667;       0.13376;3.42080;2
-144.04561;22.09000;       0.13388;3.42082;2
-144.01177;22.09333;       0.13393;3.42083;2
-143.97792;22.09667;       0.13399;3.42085;2
-143.94410;22.10000;       0.13406;3.42087;2
-143.91025;22.10333;       0.13416;3.42089;2
-143.87633;22.10667;       0.13424;3.42090;2
-143.84243;22.11000;       0.13429;3.42092;2
-143.80857;22.11333;       0.13435;3.42094;2
-143.77470;22.11667;       0.13441;3.42096;2
-143.74079;22.12000;       0.13448;3.42098;2
-143.70688;22.12333;       0.13455;3.42099;2
-143.67293;22.12667;       0.13463;3.42101;2
-143.63902;22.13000;       0.13471;3.42103;2
-143.60510;22.13333;       0.13487;3.42105;2
-143.57111;22.13667;       0.13502;3.42106;2
-143.53716;22.14000;       0.13516;3.42108;2
-143.50323;22.14333;       0.13527;3.42110;2
-143.46928;22.14667;       0.13540;3.42112;2
-143.43528;22.15000;       0.13551;3.42114;2
-143.40131;22.15333;       0.13563;3.42115;2
-143.36728;22.15667;       0.13567;3.42117;2
-143.33329;22.16000;       0.13577;3.42119;2
-143.29929;22.16333;       0.13585;3.42121;2
-143.26531;22.16667;       0.13599;3.42122;2
-143.23138;22.17000;       0.13612;3.42124;2
-143.19743;22.17333;       0.13624;3.42126;2
-143.16346;22.17667;       0.13632;3.42128;2
-143.12952;22.18000;       0.13644;3.42129;2
-143.09552;22.18333;       0.13653;3.42131;2
-143.06154;22.18667;       0.13664;3.42133;2
-143.02749;22.19000;       0.13683;3.42135;2
-142.99346;22.19333;       0.13695;3.42137;2
-142.95941;22.19667;       0.13706;3.42138;2
-142.92536;22.20000;       0.13719;3.42140;2
-142.89131;22.20333;       0.13731;3.42142;2
-142.85725;22.20667;       0.13738;3.42144;2
-142.82318;22.21000;       0.13750;3.42145;2
-142.78911;22.21333;       0.13764;3.42147;2
-142.75510;22.21667;       0.13774;3.42149;2
-142.72103;22.22000;       0.13783;3.42151;2
-142.68697;22.22333;       0.13792;3.42152;2
-142.65293;22.22667;       0.13799;3.42154;2
-142.61888;22.23000;       0.13808;3.42156;2
-142.58487;22.23333;       0.13816;3.42158;2
-142.55085;22.23667;       0.13818;3.42159;2
-142.51687;22.24000;       0.13819;3.42161;2
-142.48289;22.24333;       0.13832;3.42163;2
-142.44889;22.24667;       0.13842;3.42165;2
-142.41492;22.25000;       0.13858;3.42167;2
-142.38095;22.25333;       0.13869;3.42168;2
-142.34700;22.25667;       0.13880;3.42170;2
-142.31303;22.26000;       0.13892;3.42172;2
-142.27916;22.26333;       0.13900;3.42174;2
-142.24526;22.26667;       0.13905;3.42175;2
-142.21138;22.27000;       0.13908;3.42177;2
-142.17746;22.27333;       0.13903;3.42179;2
-142.14352;22.27667;       0.13907;3.42181;2
-142.10964;22.28000;       0.13923;3.42182;2
-142.07575;22.28333;       0.13929;3.42184;2
-142.04189;22.28667;       0.13938;3.42186;2
-142.00800;22.29000;       0.13947;3.42188;2
-141.97413;22.29333;       0.13954;3.42189;2
-141.94030;22.29667;       0.13960;3.42191;2
-141.90644;22.30000;       0.13967;3.42193;2
-141.87259;22.30333;       0.13977;3.42194;2
-141.83875;22.30667;       0.13983;3.42196;2
-141.80500;22.31000;       0.13987;3.42198;2
-141.77116;22.31333;       0.13993;3.42200;2
-141.73736;22.31667;       0.14000;3.42201;2
-141.70352;22.32000;       0.14007;3.42203;2
-141.66977;22.32333;       0.14013;3.42205;2
-141.63602;22.32667;       0.14016;3.42207;2
-141.60231;22.33000;       0.14017;3.42208;2
-141.56861;22.33333;       0.14014;3.42210;2
-141.53492;22.33667;       0.14017;3.42212;2
-141.50126;22.34000;       0.14021;3.42213;2
-141.46759;22.34333;       0.14026;3.42215;2
-141.43389;22.34667;       0.14031;3.42217;2
-141.40025;22.35000;       0.14043;3.42219;2
-141.36666;22.35333;       0.14055;3.42220;2
-141.33307;22.35667;       0.14062;3.42222;2
-141.29954;22.36000;       0.14069;3.42224;2
-141.26597;22.36333;       0.14069;3.42226;2
-141.23243;22.36667;       0.14070;3.42227;2
-141.19885;22.37000;       0.14072;3.42229;2
-141.16526;22.37333;       0.14076;3.42231;2
-141.13175;22.37667;       0.14077;3.42232;2
-141.09825;22.38000;       0.14079;3.42234;2
-141.06477;22.38333;       0.14086;3.42236;2
-141.03133;22.38667;       0.14093;3.42237;2
-140.99790;22.39000;       0.14102;3.42239;2
-140.96452;22.39333;       0.14106;3.42241;2
-140.93116;22.39667;       0.14111;3.42243;2
-140.89782;22.40000;       0.14113;3.42244;2
-140.86449;22.40333;       0.14119;3.42246;2
-140.83120;22.40667;       0.14125;3.42248;2
-140.79792;22.41000;       0.14132;3.42249;2
-140.76466;22.41333;       0.14137;3.42251;2
-140.73143;22.41667;       0.14142;3.42253;2
-140.69820;22.42000;       0.14145;3.42254;2
-140.66498;22.42333;       0.14149;3.42256;2
-140.63184;22.42667;       0.14154;3.42258;2
-140.59867;22.43000;       0.14158;3.42259;2
-140.56556;22.43333;       0.14158;3.42261;2
-140.53244;22.43667;       0.14153;3.42263;2
-140.49933;22.44000;       0.14150;3.42264;2
-140.46621;22.44333;       0.14142;3.42266;2
-140.43313;22.44667;       0.14137;3.42268;2
-140.40005;22.45000;       0.14139;3.42269;2
-140.36698;22.45333;       0.14141;3.42271;2
-140.33395;22.45667;       0.14143;3.42273;2
-140.30092;22.46000;       0.14141;3.42274;2
-140.26795;22.46333;       0.14141;3.42276;2
-140.23493;22.46667;       0.14143;3.42278;2
-140.20197;22.47000;       0.14140;3.42279;2
-140.16900;22.47333;       0.14137;3.42281;2
-140.13606;22.47667;       0.14135;3.42283;2
-140.10320;22.48000;       0.14138;3.42284;2
-140.07028;22.48333;       0.14142;3.42286;2
-140.03741;22.48667;       0.14144;3.42288;2
-140.00451;22.49000;       0.14142;3.42289;2
-139.97164;22.49333;       0.14143;3.42291;2
-139.93870;22.49667;       0.14143;3.42293;2
-139.90582;22.50000;       0.14143;3.42294;2
-139.87298;22.50333;       0.14142;3.42296;2
-139.84018;22.50667;       0.14139;3.42298;2
-139.80734;22.51000;       0.14134;3.42299;2
-139.77454;22.51333;       0.14130;3.42301;2
-139.74180;22.51667;       0.14128;3.42303;2
-139.70907;22.52000;       0.14125;3.42304;2
-139.67630;22.52333;       0.14122;3.42306;2
-139.64352;22.52667;       0.14122;3.42307;2
-139.61080;22.53000;       0.14118;3.42309;2
-139.57810;22.53333;       0.14118;3.42311;2
-139.54539;22.53667;       0.14115;3.42312;2
-139.51267;22.54000;       0.14113;3.42314;2
-139.47992;22.54333;       0.14113;3.42316;2
-139.44716;22.54667;       0.14113;3.42317;2
-139.41444;22.55000;       0.14111;3.42319;2
-139.38172;22.55333;       0.14106;3.42321;2
-139.34895;22.55667;       0.14104;3.42322;2
-139.31623;22.56000;       0.14104;3.42324;2
-139.28348;22.56333;       0.14110;3.42325;2
-139.25077;22.56667;       0.14114;3.42327;2
-139.21805;22.57000;       0.14112;3.42329;2
-139.18533;22.57333;       0.14111;3.42330;2
-139.15259;22.57667;       0.14108;3.42332;2
-139.11984;22.58000;       0.14106;3.42334;2
-139.08708;22.58333;       0.14105;3.42335;2
-139.05431;22.58667;       0.14105;3.42337;2
-139.02159;22.59000;       0.14108;3.42339;2
-138.98882;22.59333;       0.14110;3.42340;2
-138.95607;22.59667;       0.14110;3.42342;2
-138.92330;22.60000;       0.14105;3.42343;2
-138.89054;22.60333;       0.14106;3.42345;2
-138.85779;22.60667;       0.14107;3.42347;2
-138.82500;22.61000;       0.14107;3.42348;2
-138.79223;22.61333;       0.14106;3.42350;2
-138.75943;22.61667;       0.14101;3.42352;2
-138.72661;22.62000;       0.14101;3.42353;2
-138.69377;22.62333;       0.14100;3.42355;2
-138.66097;22.62667;       0.14101;3.42356;2
-138.62815;22.63000;       0.14101;3.42358;2
-138.59536;22.63333;       0.14099;3.42360;2
-138.56249;22.63667;       0.14098;3.42361;2
-138.52969;22.64000;       0.14099;3.42363;2
-138.49689;22.64333;       0.14099;3.42364;2
-138.46403;22.64667;       0.14105;3.42366;2
-138.43116;22.65000;       0.14112;3.42368;2
-138.39825;22.65333;       0.14113;3.42369;2
-138.36538;22.65667;       0.14115;3.42371;2
-138.33246;22.66000;       0.14121;3.42373;2
-138.29954;22.66333;       0.14126;3.42374;2
-138.26656;22.66667;       0.14138;3.42376;2
-138.23361;22.67000;       0.14144;3.42377;2
-138.20062;22.67333;       0.14151;3.42379;2
-138.16766;22.67667;       0.14154;3.42381;2
-138.13471;22.68000;       0.14154;3.42382;2
-138.10169;22.68333;       0.14152;3.42384;2
-138.06869;22.68667;       0.14155;3.42386;2
-138.03561;22.69000;       0.14155;3.42387;2
-138.00256;22.69333;       0.14167;3.42389;2
-137.96949;22.69667;       0.14175;3.42390;2
-137.93646;22.70000;       0.14182;3.42392;2
-137.90339;22.70333;       0.14188;3.42394;2
-137.87030;22.70667;       0.14194;3.42395;2
-137.83716;22.71000;       0.14197;3.42397;2
-137.80405;22.71333;       0.14202;3.42399;2
-137.77085;22.71667;       0.14205;3.42400;2
-137.73769;22.72000;       0.14211;3.42402;2
-137.70449;22.72333;       0.14221;3.42403;2
-137.67133;22.72667;       0.14231;3.42405;2
-137.63815;22.73000;       0.14240;3.42407;2
-137.60495;22.73333;       0.14244;3.42408;2
-137.57174;22.73667;       0.14250;3.42410;2
-137.53849;22.74000;       0.14257;3.42412;2
-137.50525;22.74333;       0.14270;3.42413;2
-137.47205;22.74667;       0.14279;3.42415;2
-137.43882;22.75000;       0.14288;3.42416;2
-137.40557;22.75333;       0.14295;3.42418;2
-137.37231;22.75667;       0.14299;3.42420;2
-137.33908;22.76000;       0.14305;3.42421;2
-137.30580;22.76333;       0.14311;3.42423;2
-137.27254;22.76667;       0.14318;3.42424;2
-137.23925;22.77000;       0.14331;3.42426;2
-137.20597;22.77333;       0.14342;3.42428;2
-137.17267;22.77667;       0.14350;3.42429;2
-137.13941;22.78000;       0.14353;3.42431;2
-137.10613;22.78333;       0.14357;3.42433;2
-137.07290;22.78667;       0.14367;3.42434;2
-137.03964;22.79000;       0.14379;3.42436;2
-137.00633;22.79333;       0.14383;3.42437;2
-136.97305;22.79667;       0.14390;3.42439;2
-136.93974;22.80000;       0.14396;3.42441;2
-136.90641;22.80333;       0.14405;3.42442;2
-136.87305;22.80667;       0.14416;3.42444;2
-136.83966;22.81000;       0.14428;3.42446;2
-136.80631;22.81333;       0.14441;3.42447;2
-136.77292;22.81667;       0.14449;3.42449;2
-136.73954;22.82000;       0.14461;3.42450;2
-136.70621;22.82333;       0.14470;3.42452;2
-136.67285;22.82667;       0.14478;3.42454;2
-136.63951;22.83000;       0.14486;3.42455;2
-136.60613;22.83333;       0.14494;3.42457;2
-136.57274;22.83667;       0.14503;3.42458;2
-136.53934;22.84000;       0.14509;3.42460;2
-136.50595;22.84333;       0.14516;3.42462;2
-136.47254;22.84667;       0.14523;3.42463;2
-136.43921;22.85000;       0.14529;3.42465;2
-136.40582;22.85333;       0.14535;3.42466;2
-136.37252;22.85667;       0.14542;3.42468;2
-136.33918;22.86000;       0.14553;3.42470;2
-136.30585;22.86333;       0.14564;3.42471;2
-136.27254;22.86667;       0.14569;3.42473;2
-136.23926;22.87000;       0.14576;3.42474;2
-136.20595;22.87333;       0.14585;3.42476;2
-136.17261;22.87667;       0.14592;3.42478;2
-136.13928;22.88000;       0.14595;3.42479;2
-136.10593;22.88333;       0.14597;3.42481;2
-136.07264;22.88667;       0.14602;3.42482;2
-136.03934;22.89000;       0.14612;3.42484;2
-136.00608;22.89333;       0.14623;3.42486;2
-135.97282;22.89667;       0.14628;3.42487;2
-135.93956;22.90000;       0.14636;3.42489;2
-135.90629;22.90333;       0.14643;3.42490;2
-135.87300;22.90667;       0.14650;3.42492;2
-135.83970;22.91000;       0.14657;3.42494;2
-135.80643;22.91333;       0.14666;3.42495;2
-135.77316;22.91667;       0.14673;3.42497;2
-135.73992;22.92000;       0.14680;3.42498;2
-135.70666;22.92333;       0.14686;3.42500;2
-135.67339;22.92667;       0.14693;3.42502;2
-135.64011;22.93000;       0.14699;3.42503;2
-135.60682;22.93333;       0.14705;3.42505;2
-135.57354;22.93667;       0.14712;3.42506;2
-135.54021;22.94000;       0.14718;3.42508;2
-135.50695;22.94333;       0.14721;3.42510;2
-135.47366;22.94667;       0.14720;3.42511;2
-135.44034;22.95000;       0.14719;3.42513;2
-135.40708;22.95333;       0.14723;3.42514;2
-135.37377;22.95667;       0.14729;3.42516;2
-135.34046;22.96000;       0.14735;3.42517;2
-135.30721;22.96333;       0.14738;3.42519;2
-135.27395;22.96667;       0.14742;3.42521;2
-135.24064;22.97000;       0.14746;3.42522;2
-135.20733;22.97333;       0.14752;3.42524;2
-135.17400;22.97667;       0.14761;3.42525;2
-135.14069;22.98000;       0.14769;3.42527;2
-135.10741;22.98333;       0.14782;3.42529;2
-135.07408;22.98667;       0.14794;3.42530;2
-135.04074;22.99000;       0.14800;3.42532;2
-135.00738;22.99333;       0.14807;3.42533;2
-134.97408;22.99667;       0.14811;3.42535;2
-134.94077;23.00000;       0.14824;3.42536;2
-134.90743;23.00333;       0.14834;3.42538;2
-134.87408;23.00667;       0.14841;3.42540;2
-134.84077;23.01000;       0.14844;3.42541;2
-134.80744;23.01333;       0.14844;3.42543;2
-134.77410;23.01667;       0.14847;3.42544;2
-134.74079;23.02000;       0.14851;3.42546;2
-134.70746;23.02333;       0.14864;3.42547;2
-134.67407;23.02667;       0.14873;3.42549;2
-134.64067;23.03000;       0.14882;3.42551;2
-134.60723;23.03333;       0.14888;3.42552;2
-134.57382;23.03667;       0.14895;3.42554;2
-134.54041;23.04000;       0.14902;3.42555;2
-134.50705;23.04333;       0.14909;3.42557;2
-134.47362;23.04667;       0.14918;3.42558;2
-134.44023;23.05000;       0.14926;3.42560;2
-134.40675;23.05333;       0.14937;3.42562;2
-134.37336;23.05667;       0.14958;3.42563;2
-134.33990;23.06000;       0.14983;3.42565;2
-134.30647;23.06333;       0.15000;3.42566;2
-134.27308;23.06667;       0.15012;3.42568;2
-134.23967;23.07000;       0.15021;3.42569;2
-134.20625;23.07333;       0.15031;3.42571;2
-134.17282;23.07667;       0.15034;3.42573;2
-134.13944;23.08000;       0.15042;3.42574;2
-134.10606;23.08333;       0.15050;3.42576;2
-134.07266;23.08667;       0.15058;3.42577;2
-134.03921;23.09000;       0.15067;3.42579;2
-134.00580;23.09333;       0.15074;3.42580;2
-133.97236;23.09667;       0.15080;3.42582;2
-133.93890;23.10000;       0.15086;3.42584;2
-133.90546;23.10333;       0.15097;3.42585;2
-133.87203;23.10667;       0.15106;3.42587;2
-133.83861;23.11000;       0.15113;3.42588;2
-133.80523;23.11333;       0.15123;3.42590;2
-133.77182;23.11667;       0.15129;3.42591;2
-133.73844;23.12000;       0.15132;3.42593;2
-133.70510;23.12333;       0.15136;3.42594;2
-133.67175;23.12667;       0.15142;3.42596;2
-133.63841;23.13000;       0.15143;3.42598;2
-133.60505;23.13333;       0.15150;3.42599;2
-133.57172;23.13667;       0.15156;3.42601;2
-133.53833;23.14000;       0.15163;3.42602;2
-133.50498;23.14333;       0.15172;3.42604;2
-133.47161;23.14667;       0.15178;3.42605;2
-133.43826;23.15000;       0.15187;3.42607;2
-133.40490;23.15333;       0.15194;3.42608;2
-133.37152;23.15667;       0.15201;3.42610;2
-133.33825;23.16000;       0.15204;3.42611;2
-133.30493;23.16333;       0.15202;3.42613;2
-133.27156;23.16667;       0.15205;3.42615;2
-133.23821;23.17000;       0.15212;3.42616;2
-133.20490;23.17333;       0.15217;3.42618;2
-133.17159;23.17667;       0.15224;3.42619;2
-133.13833;23.18000;       0.15227;3.42621;2
-133.10507;23.18333;       0.15231;3.42622;2
-133.07180;23.18667;       0.15235;3.42624;2
-133.03856;23.19000;       0.15240;3.42625;2
-133.00533;23.19333;       0.15242;3.42627;2
-132.97213;23.19667;       0.15245;3.42628;2
-132.93889;23.20000;       0.15252;3.42630;2
-132.90564;23.20333;       0.15261;3.42631;2
-132.87244;23.20667;       0.15267;3.42633;2
-132.83930;23.21000;       0.15271;3.42635;2
-132.80607;23.21333;       0.15275;3.42636;2
-132.77287;23.21667;       0.15274;3.42638;2
-132.73966;23.22000;       0.15274;3.42639;2
-132.70644;23.22333;       0.15275;3.42641;2
-132.67326;23.22667;       0.15278;3.42642;2
-132.64013;23.23000;       0.15285;3.42644;2
-132.60700;23.23333;       0.15292;3.42645;2
-132.57385;23.23667;       0.15300;3.42647;2
-132.54072;23.24000;       0.15304;3.42648;2
-132.50761;23.24333;       0.15310;3.42650;2
-132.47451;23.24667;       0.15311;3.42651;2
-132.44143;23.25000;       0.15315;3.42653;2
-132.40833;23.25333;       0.15324;3.42654;2
-132.37526;23.25667;       0.15330;3.42656;2
-132.34218;23.26000;       0.15333;3.42657;2
-132.30915;23.26333;       0.15337;3.42659;2
-132.27608;23.26667;       0.15334;3.42660;2
-132.24297;23.27000;       0.15334;3.42662;2
-132.20990;23.27333;       0.15338;3.42663;2
-132.17684;23.27667;       0.15347;3.42665;2
-132.14375;23.28000;       0.15354;3.42666;2
-132.11066;23.28333;       0.15360;3.42668;2
-132.07751;23.28667;       0.15360;3.42669;2
-132.04441;23.29000;       0.15360;3.42671;2
-132.01133;23.29333;       0.15364;3.42672;2
-131.97820;23.29667;       0.15368;3.42674;2
-131.94513;23.30000;       0.15370;3.42676;2
-131.91208;23.30333;       0.15369;3.42677;2
-131.87903;23.30667;       0.15368;3.42679;2
-131.84598;23.31000;       0.15372;3.42680;2
-131.81290;23.31333;       0.15377;3.42682;2
-131.77980;23.31667;       0.15385;3.42683;2
-131.74677;23.32000;       0.15394;3.42685;2
-131.71366;23.32333;       0.15404;3.42686;2
-131.68056;23.32667;       0.15410;3.42688;2
-131.64744;23.33000;       0.15417;3.42689;2
-131.61431;23.33333;       0.15423;3.42691;2
-131.58120;23.33667;       0.15427;3.42692;2
-131.54807;23.34000;       0.15436;3.42694;2
-131.51493;23.34333;       0.15440;3.42695;2
-131.48182;23.34667;       0.15446;3.42697;2
-131.44872;23.35000;       0.15453;3.42698;2
-131.41556;23.35333;       0.15463;3.42700;2
-131.38241;23.35667;       0.15467;3.42701;2
-131.34928;23.36000;       0.15473;3.42703;2
-131.31610;23.36333;       0.15482;3.42704;2
-131.28293;23.36667;       0.15492;3.42706;2
-131.24972;23.37000;       0.15499;3.42707;2
-131.21651;23.37333;       0.15508;3.42709;2
-131.18328;23.37667;       0.15513;3.42710;2
-131.15008;23.38000;       0.15521;3.42712;2
-131.11682;23.38333;       0.15525;3.42713;2
-131.08359;23.38667;       0.15528;3.42715;2
-131.05031;23.39000;       0.15529;3.42716;2
-131.01707;23.39333;       0.15535;3.42718;2
-130.98382;23.39667;       0.15539;3.42719;2
-130.95056;23.40000;       0.15544;3.42721;2
-130.91728;23.40333;       0.15551;3.42722;2
-130.88395;23.40667;       0.15559;3.42724;2
-130.85062;23.41000;       0.15571;3.42725;2
-130.81728;23.41333;       0.15583;3.42727;2
-130.78400;23.41667;       0.15590;3.42728;2
-130.75070;23.42000;       0.15594;3.42730;2
-130.71739;23.42333;       0.15601;3.42731;2
-130.68410;23.42667;       0.15610;3.42733;2
-130.65079;23.43000;       0.15620;3.42734;2
-130.61739;23.43333;       0.15626;3.42735;2
-130.58403;23.43667;       0.15634;3.42737;2
-130.55070;23.44000;       0.15643;3.42738;2
-130.51731;23.44333;       0.15653;3.42740;2
-130.48392;23.44667;       0.15668;3.42741;2
-130.45049;23.45000;       0.15679;3.42743;2
-130.41705;23.45333;       0.15688;3.42744;2
-130.38362;23.45667;       0.15697;3.42746;2
-130.35015;23.46000;       0.15708;3.42747;2
-130.31672;23.46333;       0.15718;3.42749;2
-130.28321;23.46667;       0.15728;3.42750;2
-130.24969;23.47000;       0.15740;3.42752;2
-130.21615;23.47333;       0.15752;3.42753;2
-130.18261;23.47667;       0.15763;3.42755;2
-130.14908;23.48000;       0.15773;3.42756;2
-130.11557;23.48333;       0.15782;3.42758;2
-130.08206;23.48667;       0.15791;3.42759;2
-130.04856;23.49000;       0.15801;3.42761;2
-130.01503;23.49333;       0.15811;3.42762;2
-129.98147;23.49667;       0.15822;3.42764;2
-129.94797;23.50000;       0.15835;3.42765;2
-129.91441;23.50333;       0.15848;3.42767;2
-129.88085;23.50667;       0.15860;3.42768;2
-129.84729;23.51000;       0.15870;3.42770;2
-129.81370;23.51333;       0.15877;3.42771;2
-129.78021;23.51667;       0.15879;3.42773;2
-129.74669;23.52000;       0.15896;3.42774;2
-129.71313;23.52333;       0.15915;3.42776;2
-129.67962;23.52667;       0.15931;3.42777;2
-129.64608;23.53000;       0.15950;3.42779;2
-129.61256;23.53333;       0.15966;3.42780;2
-129.57902;23.53667;       0.15983;3.42782;2
-129.54547;23.54000;       0.15996;3.42783;2
-129.51192;23.54333;       0.16006;3.42785;2
-129.47843;23.54667;       0.16018;3.42786;2
-129.44492;23.55000;       0.16031;3.42788;2
-129.41139;23.55333;       0.16039;3.42789;2
-129.37793;23.55667;       0.16048;3.42791;2
-129.34446;23.56000;       0.16060;3.42792;2
-129.31093;23.56333;       0.16070;3.42794;2
-129.27744;23.56667;       0.16081;3.42795;2
-129.24398;23.57000;       0.16092;3.42796;2
-129.21056;23.57333;       0.16103;3.42798;2
-129.17713;23.57667;       0.16115;3.42799;2
-129.14372;23.58000;       0.16129;3.42801;2
-129.11031;23.58333;       0.16141;3.42802;2
-129.07692;23.58667;       0.16151;3.42804;2
-129.04349;23.59000;       0.16161;3.42805;2
-129.01008;23.59333;       0.16175;3.42807;2
-128.97669;23.59667;       0.16187;3.42808;2
-128.94326;23.60000;       0.16201;3.42810;2
-128.90988;23.60333;       0.16213;3.42811;2
-128.87644;23.60667;       0.16223;3.42813;2
-128.84305;23.61000;       0.16236;3.42814;2
-128.80967;23.61333;       0.16249;3.42816;2
-128.77626;23.61667;       0.16259;3.42817;2
-128.74282;23.62000;       0.16269;3.42818;2
-128.70936;23.62333;       0.16277;3.42820;2
-128.67597;23.62667;       0.16287;3.42821;2
-128.64251;23.63000;       0.16297;3.42823;2
-128.60908;23.63333;       0.16308;3.42824;2
-128.57564;23.63667;       0.16319;3.42826;2
-128.54224;23.64000;       0.16330;3.42827;2
-128.50883;23.64333;       0.16340;3.42829;2
-128.47549;23.64667;       0.16353;3.42830;2
-128.44210;23.65000;       0.16363;3.42832;2
-128.40874;23.65333;       0.16373;3.42833;2
-128.37541;23.65667;       0.16384;3.42834;2
-128.34210;23.66000;       0.16395;3.42836;2
-128.30879;23.66333;       0.16407;3.42837;2
-128.27539;23.66667;       0.16418;3.42839;2
-128.24211;23.67000;       0.16428;3.42840;2
-128.20884;23.67333;       0.16440;3.42842;2
-128.17556;23.67667;       0.16450;3.42843;2
-128.14226;23.68000;       0.16462;3.42845;2
-128.10897;23.68333;       0.16473;3.42846;2
-128.07564;23.68667;       0.16488;3.42847;2
-128.04234;23.69000;       0.16498;3.42849;2
-128.00902;23.69333;       0.16506;3.42850;2
-127.97570;23.69667;       0.16514;3.42852;2
-127.94241;23.70000;       0.16521;3.42853;2
-127.90908;23.70333;       0.16535;3.42855;2
-127.87577;23.70667;       0.16553;3.42856;2
-127.84244;23.71000;       0.16573;3.42858;2
-127.80910;23.71333;       0.16586;3.42859;2
-127.77579;23.71667;       0.16599;3.42860;2
-127.74243;23.72000;       0.16614;3.42862;2
-127.70908;23.72333;       0.16626;3.42863;2
-127.67577;23.72667;       0.16637;3.42865;2
-127.64244;23.73000;       0.16647;3.42866;2
-127.60910;23.73333;       0.16657;3.42868;2
-127.57574;23.73667;       0.16667;3.42869;2
-127.54244;23.74000;       0.16679;3.42871;2
-127.50911;23.74333;       0.16690;3.42872;2
-127.47582;23.74667;       0.16703;3.42873;2
-127.44248;23.75000;       0.16716;3.42875;2
-127.40910;23.75333;       0.16728;3.42876;2
-127.37577;23.75667;       0.16738;3.42878;2
-127.34241;23.76000;       0.16752;3.42879;2
-127.30908;23.76333;       0.16767;3.42881;2
-127.27580;23.76667;       0.16783;3.42882;2
-127.24251;23.77000;       0.16799;3.42883;2
-127.20915;23.77333;       0.16816;3.42885;2
-127.17577;23.77667;       0.16835;3.42886;2
-127.14241;23.78000;       0.16849;3.42888;2
-127.10900;23.78333;       0.16862;3.42889;2
-127.07556;23.78667;       0.16875;3.42891;2
-127.04215;23.79000;       0.16888;3.42892;2
-127.00875;23.79333;       0.16900;3.42893;2
-126.97538;23.79667;       0.16916;3.42895;2
-126.94197;23.80000;       0.16932;3.42896;2
-126.90856;23.80333;       0.16948;3.42898;2
-126.87508;23.80667;       0.16964;3.42899;2
-126.84169;23.81000;       0.16977;3.42900;2
-126.80830;23.81333;       0.16988;3.42902;2
-126.77489;23.81667;       0.17003;3.42903;2
-126.74151;23.82000;       0.17019;3.42905;2
-126.70807;23.82333;       0.17033;3.42906;2
-126.67464;23.82667;       0.17048;3.42908;2
-126.64115;23.83000;       0.17069;3.42909;2
-126.60772;23.83333;       0.17091;3.42910;2
-126.57430;23.83667;       0.17111;3.42912;2
-126.54095;23.84000;       0.17132;3.42913;2
-126.50751;23.84333;       0.17152;3.42915;2
-126.47405;23.84667;       0.17169;3.42916;2
-126.44057;23.85000;       0.17188;3.42918;2
-126.40715;23.85333;       0.17197;3.42919;2
-126.37372;23.85667;       0.17213;3.42920;2
-126.34026;23.86000;       0.17233;3.42922;2
-126.30677;23.86333;       0.17262;3.42923;2
-126.27331;23.86667;       0.17287;3.42925;2
-126.23989;23.87000;       0.17308;3.42926;2
-126.20641;23.87333;       0.17326;3.42927;2
-126.17295;23.87667;       0.17332;3.42929;2
-126.13948;23.88000;       0.17350;3.42930;2
-126.10597;23.88333;       0.17378;3.42932;2
-126.07248;23.88667;       0.17404;3.42933;2
-126.03905;23.89000;       0.17421;3.42934;2
-126.00559;23.89333;       0.17440;3.42936;2
-125.97220;23.89667;       0.17461;3.42937;2
-125.93874;23.90000;       0.17485;3.42939;2
-125.90533;23.90333;       0.17510;3.42940;2
-125.87189;23.90667;       0.17535;3.42941;2
-125.83849;23.91000;       0.17552;3.42943;2
-125.80505;23.91333;       0.17569;3.42944;2
-125.77166;23.91667;       0.17592;3.42946;2
-125.73820;23.92000;       0.17614;3.42947;2
-125.70475;23.92333;       0.17633;3.42949;2
-125.67133;23.92667;       0.17652;3.42950;2
-125.63787;23.93000;       0.17671;3.42951;2
-125.60439;23.93333;       0.17694;3.42953;2
-125.57092;23.93667;       0.17724;3.42954;2
-125.53749;23.94000;       0.17750;3.42956;2
-125.50397;23.94333;       0.17778;3.42957;2
-125.47048;23.94667;       0.17806;3.42958;2
-125.43698;23.95000;       0.17829;3.42960;2
-125.40348;23.95333;       0.17855;3.42961;2
-125.37000;23.95667;       0.17879;3.42963;2
-125.33644;23.96000;       0.17907;3.42964;2
-125.30297;23.96333;       0.17937;3.42965;2
-125.26944;23.96667;       0.17969;3.42967;2
-125.23593;23.97000;       0.17998;3.42968;2
-125.20243;23.97333;       0.18027;3.42970;2
-125.16892;23.97667;       0.18059;3.42971;2
-125.13544;23.98000;       0.18091;3.42972;2
-125.10192;23.98333;       0.18120;3.42974;2
-125.06846;23.98667;       0.18143;3.42975;2
-125.03503;23.99000;       0.18170;3.42976;2
-125.00157;23.99333;       0.18200;3.42978;2
-124.96808;23.99667;       0.18226;3.42979;2
-124.93459;24.00000;       0.18255;3.42981;2
-124.90110;24.00333;       0.18284;3.42982;2
-124.86764;24.00667;       0.18312;3.42983;2
-124.83421;24.01000;       0.18339;3.42985;2
-124.80077;24.01333;       0.18368;3.42986;2
-124.76736;24.01667;       0.18403;3.42988;2
-124.73390;24.02000;       0.18439;3.42989;2
-124.70044;24.02333;       0.18474;3.42990;2
-124.66708;24.02667;       0.18507;3.42992;2
-124.63370;24.03000;       0.18541;3.42993;2
-124.60033;24.03333;       0.18571;3.42994;2
-124.56697;24.03667;       0.18603;3.42996;2
-124.53356;24.04000;       0.18637;3.42997;2
-124.50013;24.04333;       0.18671;3.42999;2
-124.46680;24.04667;       0.18706;3.43000;2
-124.43348;24.05000;       0.18747;3.43001;2
-124.40013;24.05333;       0.18788;3.43003;2
-124.36675;24.05667;       0.18825;3.43004;2
-124.33334;24.06000;       0.18864;3.43005;2
-124.29995;24.06333;       0.18901;3.43007;2
-124.26657;24.06667;       0.18935;3.43008;2
-124.23320;24.07000;       0.18970;3.43010;2
-124.19985;24.07333;       0.19008;3.43011;2
-124.16649;24.07667;       0.19056;3.43012;2
-124.13308;24.08000;       0.19098;3.43014;2
-124.09970;24.08333;       0.19136;3.43015;2
-124.06636;24.08667;       0.19172;3.43016;2
-124.03300;24.09000;       0.19208;3.43018;2
-123.99964;24.09333;       0.19247;3.43019;2
-123.96625;24.09667;       0.19285;3.43021;2
-123.93285;24.10000;       0.19327;3.43022;2
-123.89949;24.10333;       0.19366;3.43023;2
-123.86615;24.10667;       0.19408;3.43025;2
-123.83280;24.11000;       0.19451;3.43026;2
-123.79943;24.11333;       0.19494;3.43027;2
-123.76610;24.11667;       0.19536;3.43029;2
-123.73272;24.12000;       0.19580;3.43030;2
-123.69943;24.12333;       0.19628;3.43031;2
-123.66612;24.12667;       0.19671;3.43033;2
-123.63279;24.13000;       0.19713;3.43034;2
-123.59944;24.13333;       0.19752;3.43035;2
-123.56613;24.13667;       0.19790;3.43037;2
-123.53285;24.14000;       0.19834;3.43038;2
-123.49952;24.14333;       0.19889;3.43040;2
-123.46625;24.14667;       0.19944;3.43041;2
-123.43298;24.15000;       0.19998;3.43042;2
-123.39969;24.15333;       0.20047;3.43044;2
-123.36644;24.15667;       0.20092;3.43045;2
-123.33315;24.16000;       0.20140;3.43046;2
-123.29989;24.16333;       0.20188;3.43048;2
-123.26657;24.16667;       0.20234;3.43049;2
-123.23330;24.17000;       0.20282;3.43050;2
-123.19997;24.17333;       0.20336;3.43052;2
-123.16662;24.17667;       0.20392;3.43053;2
-123.13331;24.18000;       0.20446;3.43054;2
-123.10002;24.18333;       0.20501;3.43056;2
-123.06671;24.18667;       0.20558;3.43057;2
-123.03339;24.19000;       0.20614;3.43058;2
-123.00010;24.19333;       0.20670;3.43060;2
-122.96682;24.19667;       0.20726;3.43061;2
-122.93354;24.20000;       0.20792;3.43062;2
-122.90028;24.20333;       0.20855;3.43064;2
-122.86700;24.20667;       0.20913;3.43065;2
-122.83369;24.21000;       0.20970;3.43066;2
-122.80038;24.21333;       0.21028;3.43068;2
-122.76710;24.21667;       0.21093;3.43069;2
-122.73375;24.22000;       0.21159;3.43070;2
-122.70046;24.22333;       0.21221;3.43072;2
-122.66718;24.22667;       0.21284;3.43073;2
-122.63389;24.23000;       0.21345;3.43074;2
-122.60059;24.23333;       0.21408;3.43076;2
-122.56731;24.23667;       0.21469;3.43077;2
-122.53400;24.24000;       0.21532;3.43079;2
-122.50072;24.24333;       0.21593;3.43080;2
-122.46744;24.24667;       0.21664;3.43081;2
-122.43408;24.25000;       0.21735;3.43083;2
-122.40079;24.25333;       0.21802;3.43084;2
-122.36749;24.25667;       0.21874;3.43085;2
-122.33423;24.26000;       0.21948;3.43086;2
-122.30097;24.26333;       0.22020;3.43088;2
-122.26772;24.26667;       0.22091;3.43089;2
-122.23443;24.27000;       0.22171;3.43090;2
-122.20113;24.27333;       0.22253;3.43092;2
-122.16782;24.27667;       0.22335;3.43093;2
-122.13451;24.28000;       0.22414;3.43094;2
-122.10125;24.28333;       0.22493;3.43096;2
-122.06795;24.28667;       0.22571;3.43097;2
-122.03466;24.29000;       0.22653;3.43098;2
-122.00134;24.29333;       0.22732;3.43100;2
-121.96803;24.29667;       0.22811;3.43101;2
-121.93474;24.30000;       0.22889;3.43102;2
-121.90144;24.30333;       0.22970;3.43104;2
-121.86818;24.30667;       0.23058;3.43105;2
-121.83485;24.31000;       0.23145;3.43106;2
-121.80154;24.31333;       0.23229;3.43108;2
-121.76825;24.31667;       0.23313;3.43109;2
-121.73493;24.32000;       0.23397;3.43110;2
-121.70162;24.32333;       0.23484;3.43112;2
-121.66828;24.32667;       0.23576;3.43113;2
-121.63497;24.33000;       0.23672;3.43114;2
-121.60162;24.33333;       0.23770;3.43116;2
-121.56828;24.33667;       0.23863;3.43117;2
-121.53492;24.34000;       0.23952;3.43118;2
-121.50152;24.34333;       0.24045;3.43120;2
-121.46818;24.34667;       0.24138;3.43121;2
-121.43484;24.35000;       0.24231;3.43122;2
-121.40146;24.35333;       0.24329;3.43124;2
-121.36813;24.35667;       0.24432;3.43125;2
-121.33479;24.36000;       0.24533;3.43126;2
-121.30146;24.36333;       0.24629;3.43127;2
-121.26811;24.36667;       0.24726;3.43129;2
-121.23477;24.37000;       0.24824;3.43130;2
-121.20139;24.37333;       0.24925;3.43131;2
-121.16802;24.37667;       0.25023;3.43133;2
-121.13469;24.38000;       0.25125;3.43134;2
-121.10136;24.38333;       0.25228;3.43135;2
-121.06802;24.38667;       0.25336;3.43137;2
-121.03470;24.39000;       0.25440;3.43138;2
-121.00139;24.39333;       0.25542;3.43139;2
-120.96803;24.39667;       0.25646;3.43141;2
-120.93467;24.40000;       0.25748;3.43142;2
-120.90133;24.40333;       0.25855;3.43143;2
-120.86797;24.40667;       0.25969;3.43144;2
-120.83461;24.41000;       0.26088;3.43146;2
-120.80128;24.41333;       0.26202;3.43147;2
-120.76795;24.41667;       0.26314;3.43148;2
-120.73461;24.42000;       0.26426;3.43150;2
-120.70126;24.42333;       0.26539;3.43151;2
-120.66792;24.42667;       0.26652;3.43152;2
-120.63454;24.43000;       0.26763;3.43154;2
-120.60118;24.43333;       0.26870;3.43155;2
-120.56785;24.43667;       0.26981;3.43156;2
-120.53451;24.44000;       0.27094;3.43157;2
-120.50115;24.44333;       0.27206;3.43159;2
-120.46774;24.44667;       0.27316;3.43160;2
-120.43439;24.45000;       0.27429;3.43161;2
-120.40103;24.45333;       0.27545;3.43163;2
-120.36769;24.45667;       0.27670;3.43164;2
-120.33433;24.46000;       0.27792;3.43165;2
-120.30095;24.46333;       0.27914;3.43167;2
-120.26761;24.46667;       0.28037;3.43168;2
-120.23421;24.47000;       0.28159;3.43169;2
-120.20089;24.47333;       0.28277;3.43170;2
-120.16754;24.47667;       0.28392;3.43172;2
-120.13416;24.48000;       0.28512;3.43173;2
-120.10080;24.48333;       0.28633;3.43174;2
-120.06744;24.48667;       0.28755;3.43176;2
-120.03413;24.49000;       0.28875;3.43177;2
-120.00084;24.49333;       0.28994;3.43178;2
-119.96751;24.49667;       0.29112;3.43179;2
-119.93415;24.50000;       0.29229;3.43181;2
-119.90082;24.50333;       0.29350;3.43182;2
-119.86748;24.50667;       0.29472;3.43183;2
-119.83416;24.51000;       0.29595;3.43185;2
-119.80084;24.51333;       0.29717;3.43186;2
-119.76751;24.51667;       0.29839;3.43187;2
-119.73415;24.52000;       0.29960;3.43188;2
-119.70080;24.52333;       0.30080;3.43190;2
-119.66748;24.52667;       0.30205;3.43191;2
-119.63418;24.53000;       0.30333;3.43192;2
-119.60085;24.53333;       0.30456;3.43194;2
-119.56754;24.53667;       0.30574;3.43195;2
-119.53423;24.54000;       0.30690;3.43196;2
-119.50093;24.54333;       0.30807;3.43197;2
-119.46766;24.54667;       0.30926;3.43199;2
-119.43433;24.55000;       0.31045;3.43200;2
-119.40103;24.55333;       0.31161;3.43201;2
-119.36774;24.55667;       0.31279;3.43202;2
-119.33446;24.56000;       0.31398;3.43204;2
-119.30120;24.56333;       0.31517;3.43205;2
-119.26789;24.56667;       0.31633;3.43206;2
-119.23462;24.57000;       0.31752;3.43208;2
-119.20138;24.57333;       0.31873;3.43209;2
-119.16811;24.57667;       0.31990;3.43210;2
-119.13487;24.58000;       0.32109;3.43211;2
-119.10157;24.58333;       0.32227;3.43213;2
-119.06828;24.58667;       0.32339;3.43214;2
-119.03500;24.59000;       0.32446;3.43215;2
-119.00170;24.59333;       0.32556;3.43216;2
-118.96841;24.59667;       0.32669;3.43218;2
-118.93511;24.60000;       0.32784;3.43219;2
-118.90182;24.60333;       0.32897;3.43220;2
-118.86854;24.60667;       0.33008;3.43221;2
-118.83526;24.61000;       0.33121;3.43223;2
-118.80197;24.61333;       0.33233;3.43224;2
-118.76869;24.61667;       0.33343;3.43225;2
-118.73536;24.62000;       0.33455;3.43227;2
-118.70207;24.62333;       0.33566;3.43228;2
-118.66879;24.62667;       0.33680;3.43229;2
-118.63551;24.63000;       0.33787;3.43230;2
-118.60221;24.63333;       0.33881;3.43232;2
-118.56892;24.63667;       0.33976;3.43233;2
-118.53559;24.64000;       0.34067;3.43234;2
-118.50228;24.64333;       0.34166;3.43235;2
-118.46900;24.64667;       0.34267;3.43237;2
-118.43575;24.65000;       0.34366;3.43238;2
-118.40248;24.65333;       0.34466;3.43239;2
-118.36921;24.65667;       0.34565;3.43240;2
-118.33589;24.66000;       0.34660;3.43242;2
-118.30257;24.66333;       0.34753;3.43243;2
-118.26928;24.66667;       0.34845;3.43244;2
-118.23593;24.67000;       0.34940;3.43245;2
-118.20264;24.67333;       0.35036;3.43247;2
-118.16931;24.67667;       0.35131;3.43248;2
-118.13603;24.68000;       0.35222;3.43249;2
-118.10275;24.68333;       0.35315;3.43250;2
-118.06946;24.68667;       0.35397;3.43252;2
-118.03620;24.69000;       0.35479;3.43253;2
-118.00293;24.69333;       0.35560;3.43254;2
-117.96959;24.69667;       0.35644;3.43255;2
-117.93629;24.70000;       0.35727;3.43257;2
-117.90295;24.70333;       0.35806;3.43258;2
-117.86961;24.70667;       0.35886;3.43259;2
-117.83631;24.71000;       0.35962;3.43260;2
-117.80293;24.71333;       0.36037;3.43262;2
-117.76964;24.71667;       0.36111;3.43263;2
-117.73633;24.72000;       0.36182;3.43264;2
-117.70302;24.72333;       0.36257;3.43265;2
-117.66970;24.72667;       0.36333;3.43267;2
-117.63638;24.73000;       0.36398;3.43268;2
-117.60303;24.73333;       0.36463;3.43269;2
-117.56969;24.73667;       0.36529;3.43270;2
-117.53633;24.74000;       0.36594;3.43271;2
-117.50297;24.74333;       0.36643;3.43273;2
-117.46962;24.74667;       0.36695;3.43274;2
-117.43625;24.75000;       0.36755;3.43275;2
-117.40293;24.75333;       0.36824;3.43276;2
-117.36959;24.75667;       0.36900;3.43278;2
-117.33628;24.76000;       0.36969;3.43279;2
-117.30290;24.76333;       0.37036;3.43280;2
-117.26954;24.76667;       0.37094;3.43281;2
-117.23626;24.77000;       0.37146;3.43283;2
-117.20290;24.77333;       0.37200;3.43284;2
-117.16959;24.77667;       0.37252;3.43285;2
-117.13630;24.78000;       0.37304;3.43286;2
-117.10302;24.78333;       0.37359;3.43288;2
-117.06974;24.78667;       0.37414;3.43289;2
-117.03648;24.79000;       0.37465;3.43290;2
-117.00320;24.79333;       0.37511;3.43291;2
-116.96989;24.79667;       0.37555;3.43292;2
-116.93661;24.80000;       0.37598;3.43294;2
-116.90331;24.80333;       0.37644;3.43295;2
-116.87005;24.80667;       0.37681;3.43296;2
-116.83672;24.81000;       0.37721;3.43297;2
-116.80341;24.81333;       0.37754;3.43299;2
-116.77011;24.81667;       0.37790;3.43300;2
-116.73677;24.82000;       0.37827;3.43301;2
-116.70348;24.82333;       0.37866;3.43302;2
-116.67018;24.82667;       0.37908;3.43303;2
-116.63684;24.83000;       0.37947;3.43305;2
-116.60349;24.83333;       0.37974;3.43306;2
-116.57016;24.83667;       0.38008;3.43307;2
-116.53685;24.84000;       0.38048;3.43308;2
-116.50354;24.84333;       0.38087;3.43310;2
-116.47025;24.84667;       0.38116;3.43311;2
-116.43695;24.85000;       0.38145;3.43312;2
-116.40364;24.85333;       0.38174;3.43313;2
-116.37033;24.85667;       0.38200;3.43314;2
-116.33700;24.86000;       0.38227;3.43316;2
-116.30367;24.86333;       0.38251;3.43317;2
-116.27036;24.86667;       0.38277;3.43318;2
-116.23703;24.87000;       0.38298;3.43319;2
-116.20372;24.87333;       0.38323;3.43320;2
-116.17039;24.87667;       0.38344;3.43322;2
-116.13708;24.88000;       0.38369;3.43323;2
-116.10370;24.88333;       0.38389;3.43324;2
-116.07038;24.88667;       0.38393;3.43325;2
-116.03705;24.89000;       0.38405;3.43327;2
-116.00372;24.89333;       0.38419;3.43328;2
-115.97036;24.89667;       0.38437;3.43329;2
-115.93702;24.90000;       0.38445;3.43330;2
-115.90367;24.90333;       0.38454;3.43331;2
-115.87039;24.90667;       0.38465;3.43333;2
-115.83708;24.91000;       0.38475;3.43334;2
-115.80372;24.91333;       0.38497;3.43335;2
-115.77041;24.91667;       0.38520;3.43336;2
-115.73710;24.92000;       0.38534;3.43337;2
-115.70375;24.92333;       0.38547;3.43339;2
-115.67046;24.92667;       0.38563;3.43340;2
-115.63715;24.93000;       0.38575;3.43341;2
-115.60385;24.93333;       0.38586;3.43342;2
-115.57052;24.93667;       0.38598;3.43343;2
-115.53720;24.94000;       0.38608;3.43345;2
-115.50395;24.94333;       0.38616;3.43346;2
-115.47067;24.94667;       0.38626;3.43347;2
-115.43736;24.95000;       0.38636;3.43348;2
-115.40408;24.95333;       0.38643;3.43349;2
-115.37075;24.95667;       0.38639;3.43351;2
-115.33741;24.96000;       0.38637;3.43352;2
-115.30408;24.96333;       0.38636;3.43353;2
-115.27075;24.96667;       0.38633;3.43354;2
-115.23739;24.97000;       0.38636;3.43355;2
-115.20400;24.97333;       0.38640;3.43357;2
-115.17066;24.97667;       0.38647;3.43358;2
-115.13726;24.98000;       0.38647;3.43359;2
-115.10390;24.98333;       0.38644;3.43360;2
-115.07052;24.98667;       0.38646;3.43361;2
-115.03713;24.99000;       0.38648;3.43362;2
-115.00370;24.99333;       0.38651;3.43364;2
-114.97028;24.99667;       0.38650;3.43365;2
-114.93690;25.00000;       0.38652;3.43366;2
-114.90349;25.00333;       0.38650;3.43367;2
-114.87007;25.00667;       0.38647;3.43368;2
-114.83662;25.01000;       0.38646;3.43370;2
-114.80323;25.01333;       0.38648;3.43371;2
-114.76980;25.01667;       0.38645;3.43372;2
-114.73638;25.02000;       0.38639;3.43373;2
-114.70298;25.02333;       0.38629;3.43374;2
-114.66961;25.02667;       0.38623;3.43376;2
-114.63620;25.03000;       0.38620;3.43377;2
-114.60280;25.03333;       0.38613;3.43378;2
-114.56939;25.03667;       0.38605;3.43379;2
-114.53597;25.04000;       0.38599;3.43380;2
-114.50254;25.04333;       0.38598;3.43381;2
-114.46915;25.04667;       0.38595;3.43383;2
-114.43575;25.05000;       0.38590;3.43384;2
-114.40233;25.05333;       0.38586;3.43385;2
-114.36897;25.05667;       0.38580;3.43386;2
-114.33556;25.06000;       0.38565;3.43387;2
-114.30218;25.06333;       0.38558;3.43389;2
-114.26879;25.06667;       0.38552;3.43390;2
-114.23539;25.07000;       0.38540;3.43391;2
-114.20200;25.07333;       0.38525;3.43392;2
-114.16861;25.07667;       0.38515;3.43393;2
-114.13520;25.08000;       0.38519;3.43394;2
-114.10180;25.08333;       0.38518;3.43396;2
-114.06841;25.08667;       0.38509;3.43397;2
-114.03500;25.09000;       0.38499;3.43398;2
-114.00157;25.09333;       0.38491;3.43399;2
-113.96811;25.09667;       0.38487;3.43400;2
-113.93469;25.10000;       0.38481;3.43401;2
-113.90131;25.10333;       0.38470;3.43403;2
-113.86790;25.10667;       0.38453;3.43404;2
-113.83448;25.11000;       0.38437;3.43405;2
-113.80108;25.11333;       0.38421;3.43406;2
-113.76769;25.11667;       0.38409;3.43407;2
-113.73425;25.12000;       0.38400;3.43408;2
-113.70077;25.12333;       0.38393;3.43410;2
-113.66738;25.12667;       0.38385;3.43411;2
-113.63390;25.13000;       0.38378;3.43412;2
-113.60048;25.13333;       0.38371;3.43413;2
-113.56700;25.13667;       0.38360;3.43414;2
-113.53354;25.14000;       0.38351;3.43415;2
-113.50011;25.14333;       0.38338;3.43417;2
-113.46662;25.14667;       0.38327;3.43418;2
-113.43315;25.15000;       0.38315;3.43419;2
-113.39972;25.15333;       0.38303;3.43420;2
-113.36633;25.15667;       0.38293;3.43421;2
-113.33289;25.16000;       0.38281;3.43422;2
-113.29948;25.16333;       0.38269;3.43424;2
-113.26605;25.16667;       0.38262;3.43425;2
-113.23266;25.17000;       0.38254;3.43426;2
-113.19928;25.17333;       0.38246;3.43427;2
-113.16590;25.17667;       0.38238;3.43428;2
-113.13252;25.18000;       0.38225;3.43429;2
-113.09913;25.18333;       0.38210;3.43431;2
-113.06572;25.18667;       0.38200;3.43432;2
-113.03233;25.19000;       0.38190;3.43433;2
-112.99892;25.19333;       0.38180;3.43434;2
-112.96556;25.19667;       0.38168;3.43435;2
-112.93220;25.20000;       0.38156;3.43436;2
-112.89880;25.20333;       0.38143;3.43437;2
-112.86541;25.20667;       0.38135;3.43439;2
-112.83205;25.21000;       0.38119;3.43440;2
-112.79872;25.21333;       0.38106;3.43441;2
-112.76538;25.21667;       0.38097;3.43442;2
-112.73205;25.22000;       0.38086;3.43443;2
-112.69874;25.22333;       0.38074;3.43444;2
-112.66536;25.22667;       0.38069;3.43445;2
-112.63197;25.23000;       0.38065;3.43447;2
-112.59861;25.23333;       0.38049;3.43448;2
-112.56525;25.23667;       0.38031;3.43449;2
-112.53193;25.24000;       0.38019;3.43450;2
-112.49862;25.24333;       0.38008;3.43451;2
-112.46526;25.24667;       0.37995;3.43452;2
-112.43190;25.25000;       0.37986;3.43453;2
-112.39854;25.25333;       0.37980;3.43455;2
-112.36518;25.25667;       0.37967;3.43456;2
-112.33179;25.26000;       0.37958;3.43457;2
-112.29838;25.26333;       0.37947;3.43458;2
-112.26500;25.26667;       0.37934;3.43459;2
-112.23166;25.27000;       0.37918;3.43460;2
-112.19830;25.27333;       0.37901;3.43461;2
-112.16497;25.27667;       0.37890;3.43463;2
-112.13164;25.28000;       0.37879;3.43464;2
-112.09834;25.28333;       0.37868;3.43465;2
-112.06500;25.28667;       0.37858;3.43466;2
-112.03167;25.29000;       0.37848;3.43467;2
-111.99836;25.29333;       0.37837;3.43468;2
-111.96505;25.29667;       0.37827;3.43469;2
-111.93172;25.30000;       0.37811;3.43470;2
-111.89841;25.30333;       0.37796;3.43472;2
-111.86510;25.30667;       0.37779;3.43473;2
-111.83179;25.31000;       0.37769;3.43474;2
-111.79846;25.31333;       0.37761;3.43475;2
-111.76515;25.31667;       0.37754;3.43476;2
-111.73180;25.32000;       0.37739;3.43477;2
-111.69851;25.32333;       0.37724;3.43478;2
-111.66516;25.32667;       0.37710;3.43479;2
-111.63180;25.33000;       0.37698;3.43481;2
-111.59849;25.33333;       0.37686;3.43482;2
-111.56515;25.33667;       0.37675;3.43483;2
-111.53179;25.34000;       0.37661;3.43484;2
-111.49846;25.34333;       0.37647;3.43485;2
-111.46511;25.34667;       0.37634;3.43486;2
-111.43175;25.35000;       0.37619;3.43487;2
-111.39846;25.35333;       0.37609;3.43488;2
-111.36511;25.35667;       0.37597;3.43490;2
-111.33177;25.36000;       0.37588;3.43491;2
-111.29849;25.36333;       0.37584;3.43492;2
-111.26518;25.36667;       0.37579;3.43493;2
-111.23184;25.37000;       0.37572;3.43494;2
-111.19844;25.37333;       0.37564;3.43495;2
-111.16505;25.37667;       0.37563;3.43496;2
-111.13169;25.38000;       0.37558;3.43497;2
-111.09831;25.38333;       0.37552;3.43498;2
-111.06495;25.38667;       0.37544;3.43500;2
-111.03159;25.39000;       0.37536;3.43501;2
-110.99818;25.39333;       0.37527;3.43502;2
-110.96484;25.39667;       0.37516;3.43503;2
-110.93143;25.40000;       0.37504;3.43504;2
-110.89803;25.40333;       0.37494;3.43505;2
-110.86469;25.40667;       0.37485;3.43506;2
-110.83133;25.41000;       0.37475;3.43507;2
-110.79798;25.41333;       0.37472;3.43508;2
-110.76461;25.41667;       0.37467;3.43510;2
-110.73121;25.42000;       0.37451;3.43511;2
-110.69782;25.42333;       0.37446;3.43512;2
-110.66439;25.42667;       0.37441;3.43513;2
-110.63103;25.43000;       0.37433;3.43514;2
-110.59767;25.43333;       0.37426;3.43515;2
-110.56428;25.43667;       0.37423;3.43516;2
-110.53090;25.44000;       0.37418;3.43517;2
-110.49752;25.44333;       0.37408;3.43518;2
-110.46415;25.44667;       0.37393;3.43520;2
-110.43077;25.45000;       0.37385;3.43521;2
-110.39736;25.45333;       0.37377;3.43522;2
-110.36397;25.45667;       0.37366;3.43523;2
-110.33059;25.46000;       0.37355;3.43524;2
-110.29721;25.46333;       0.37348;3.43525;2
-110.26385;25.46667;       0.37340;3.43526;2
-110.23051;25.47000;       0.37339;3.43527;2
-110.19716;25.47333;       0.37342;3.43528;2
-110.16385;25.47667;       0.37340;3.43529;2
-110.13044;25.48000;       0.37334;3.43530;2
-110.09703;25.48333;       0.37325;3.43532;2
-110.06362;25.48667;       0.37322;3.43533;2
-110.03028;25.49000;       0.37318;3.43534;2
-109.99693;25.49333;       0.37318;3.43535;2
-109.96352;25.49667;       0.37315;3.43536;2
-109.93015;25.50000;       0.37307;3.43537;2
-109.89680;25.50333;       0.37304;3.43538;2
-109.86344;25.50667;       0.37301;3.43539;2
-109.83005;25.51000;       0.37300;3.43540;2
-109.79669;25.51333;       0.37295;3.43541;2
-109.76331;25.51667;       0.37288;3.43542;2
-109.72992;25.52000;       0.37281;3.43544;2
-109.69659;25.52333;       0.37270;3.43545;2
-109.66325;25.52667;       0.37261;3.43546;2
-109.62993;25.53000;       0.37255;3.43547;2
-109.59662;25.53333;       0.37254;3.43548;2
-109.56330;25.53667;       0.37249;3.43549;2
-109.53000;25.54000;       0.37246;3.43550;2
-109.49674;25.54333;       0.37233;3.43551;2
-109.46343;25.54667;       0.37221;3.43552;2
-109.43011;25.55000;       0.37218;3.43553;2
-109.39684;25.55333;       0.37214;3.43554;2
-109.36352;25.55667;       0.37207;3.43555;2
-109.33025;25.56000;       0.37204;3.43557;2
-109.29692;25.56333;       0.37206;3.43558;2
-109.26354;25.56667;       0.37203;3.43559;2
-109.23023;25.57000;       0.37199;3.43560;2
-109.19689;25.57333;       0.37196;3.43561;2
-109.16361;25.57667;       0.37193;3.43562;2
-109.13028;25.58000;       0.37187;3.43563;2
-109.09690;25.58333;       0.37182;3.43564;2
-109.06357;25.58667;       0.37179;3.43565;2
-109.03025;25.59000;       0.37178;3.43566;2
-108.99692;25.59333;       0.37173;3.43567;2
-108.96361;25.59667;       0.37169;3.43568;2
-108.93029;25.60000;       0.37162;3.43569;2
-108.89700;25.60333;       0.37156;3.43571;2
-108.86372;25.60667;       0.37148;3.43572;2
-108.83043;25.61000;       0.37144;3.43573;2
-108.79710;25.61333;       0.37141;3.43574;2
-108.76380;25.61667;       0.37136;3.43575;2
-108.73048;25.62000;       0.37135;3.43576;2
-108.69718;25.62333;       0.37129;3.43577;2
-108.66390;25.62667;       0.37126;3.43578;2
-108.63064;25.63000;       0.37124;3.43579;2
-108.59738;25.63333;       0.37120;3.43580;2
-108.56405;25.63667;       0.37117;3.43581;2
-108.53079;25.64000;       0.37112;3.43582;2
-108.49756;25.64333;       0.37108;3.43583;2
-108.46426;25.64667;       0.37106;3.43584;2
-108.43102;25.65000;       0.37102;3.43585;2
-108.39777;25.65333;       0.37105;3.43586;2
-108.36452;25.65667;       0.37103;3.43587;2
-108.33121;25.66000;       0.37101;3.43589;2
-108.29793;25.66333;       0.37098;3.43590;2
-108.26464;25.66667;       0.37098;3.43591;2
-108.23138;25.67000;       0.37098;3.43592;2
-108.19808;25.67333;       0.37094;3.43593;2
-108.16475;25.67667;       0.37086;3.43594;2
-108.13139;25.68000;       0.37080;3.43595;2
-108.09811;25.68333;       0.37079;3.43596;2
-108.06487;25.68667;       0.37077;3.43597;2
-108.03161;25.69000;       0.37079;3.43598;2
-107.99825;25.69333;       0.37079;3.43599;2
-107.96492;25.69667;       0.37074;3.43600;2
-107.93162;25.70000;       0.37071;3.43601;2
-107.89833;25.70333;       0.37068;3.43602;2
-107.86502;25.70667;       0.37065;3.43603;2
-107.83169;25.71000;       0.37062;3.43604;2
-107.79836;25.71333;       0.37059;3.43605;2
-107.76502;25.71667;       0.37054;3.43606;2
-107.73175;25.72000;       0.37051;3.43607;2
-107.69851;25.72333;       0.37048;3.43609;2
-107.66520;25.72667;       0.37044;3.43610;2
-107.63192;25.73000;       0.37045;3.43611;2
-107.59859;25.73333;       0.37047;3.43612;2
-107.56526;25.73667;       0.37049;3.43613;2
-107.53193;25.74000;       0.37046;3.43614;2
-107.49862;25.74333;       0.37046;3.43615;2
-107.46528;25.74667;       0.37046;3.43616;2
-107.43197;25.75000;       0.37045;3.43617;2
-107.39867;25.75333;       0.37045;3.43618;2
-107.36538;25.75667;       0.37043;3.43619;2
-107.33207;25.76000;       0.37033;3.43620;2
-107.29872;25.76333;       0.37028;3.43621;2
-107.26543;25.76667;       0.37027;3.43622;2
-107.23211;25.77000;       0.37022;3.43623;2
-107.19875;25.77333;       0.37019;3.43624;2
-107.16549;25.77667;       0.37013;3.43625;2
-107.13218;25.78000;       0.37012;3.43626;2
-107.09889;25.78333;       0.37012;3.43627;2
-107.06566;25.78667;       0.37010;3.43628;2
-107.03239;25.79000;       0.37011;3.43629;2
-106.99910;25.79333;       0.37008;3.43630;2
-106.96582;25.79667;       0.37005;3.43631;2
-106.93254;25.80000;       0.36999;3.43632;2
-106.89923;25.80333;       0.36995;3.43633;2
-106.86593;25.80667;       0.36993;3.43634;2
-106.83262;25.81000;       0.36995;3.43635;2
-106.79931;25.81333;       0.36999;3.43636;2
-106.76603;25.81667;       0.37000;3.43637;2
-106.73269;25.82000;       0.37000;3.43639;2
-106.69939;25.82333;       0.37002;3.43640;2
-106.66610;25.82667;       0.37003;3.43641;2
-106.63279;25.83000;       0.37003;3.43642;2
-106.59948;25.83333;       0.37003;3.43643;2
-106.56611;25.83667;       0.37001;3.43644;2
-106.53285;25.84000;       0.37000;3.43645;2
-106.49952;25.84333;       0.36998;3.43646;2
-106.46616;25.84667;       0.36998;3.43647;2
-106.43284;25.85000;       0.37001;3.43648;2
-106.39949;25.85333;       0.37001;3.43649;2
-106.36618;25.85667;       0.37002;3.43650;2
-106.33284;25.86000;       0.37003;3.43651;2
-106.29954;25.86333;       0.37002;3.43652;2
-106.26620;25.86667;       0.37004;3.43653;2
-106.23290;25.87000;       0.37009;3.43654;2
-106.19957;25.87333;       0.37010;3.43655;2
-106.16621;25.87667;       0.37008;3.43656;2
-106.13290;25.88000;       0.37010;3.43657;2
-106.09959;25.88333;       0.37008;3.43658;2
-106.06628;25.88667;       0.37010;3.43659;2
-106.03290;25.89000;       0.37007;3.43660;2
-105.99954;25.89333;       0.37007;3.43661;2
-105.96620;25.89667;       0.37012;3.43662;2
-105.93289;25.90000;       0.37016;3.43663;2
-105.89956;25.90333;       0.37021;3.43664;2
-105.86620;25.90667;       0.37028;3.43665;2
-105.83284;25.91000;       0.37031;3.43666;2
-105.79951;25.91333;       0.37031;3.43667;2
-105.76616;25.91667;       0.37029;3.43668;2
-105.73285;25.92000;       0.37033;3.43669;2
-105.69951;25.92333;       0.37037;3.43670;2
-105.66615;25.92667;       0.37042;3.43671;2
-105.63280;25.93000;       0.37043;3.43672;2
-105.59944;25.93333;       0.37047;3.43673;2
-105.56608;25.93667;       0.37047;3.43674;2
-105.53272;25.94000;       0.37046;3.43675;2
-105.49936;25.94333;       0.37047;3.43676;2
-105.46600;25.94667;       0.37048;3.43677;2
-105.43267;25.95000;       0.37050;3.43678;2
-105.39934;25.95333;       0.37052;3.43679;2
-105.36598;25.95667;       0.37055;3.43680;2
-105.33264;25.96000;       0.37055;3.43681;2
-105.29933;25.96333;       0.37058;3.43682;2
-105.26600;25.96667;       0.37059;3.43683;2
-105.23266;25.97000;       0.37062;3.43684;2
-105.19936;25.97333;       0.37063;3.43685;2
-105.16610;25.97667;       0.37065;3.43686;2
-105.13279;25.98000;       0.37063;3.43687;2
-105.09948;25.98333;       0.37066;3.43688;2
-105.06621;25.98667;       0.37069;3.43689;2
-105.03289;25.99000;       0.37075;3.43690;2
-104.99961;25.99333;       0.37085;3.43691;2
-104.96631;25.99667;       0.37092;3.43692;2
-104.93303;26.00000;       0.37097;3.43693;2
-104.89974;26.00333;       0.37100;3.43694;2
-104.86646;26.00667;       0.37097;3.43695;2
-104.83318;26.01000;       0.37094;3.43696;2
-104.79990;26.01333;       0.37091;3.43697;2
-104.76659;26.01667;       0.37090;3.43698;2
-104.73326;26.02000;       0.37091;3.43699;2
-104.69997;26.02333;       0.37095;3.43700;2
-104.66664;26.02667;       0.37097;3.43701;2
-104.63334;26.03000;       0.37101;3.43702;2
-104.60000;26.03333;       0.37101;3.43703;2
-104.56669;26.03667;       0.37102;3.43704;2
-104.53341;26.04000;       0.37105;3.43705;2
-104.50008;26.04333;       0.37106;3.43706;2
-104.46674;26.04667;       0.37102;3.43707;2
-104.43344;26.05000;       0.37102;3.43708;2
-104.40013;26.05333;       0.37106;3.43709;2
-104.36682;26.05667;       0.37109;3.43710;2
-104.33351;26.06000;       0.37111;3.43711;2
-104.30026;26.06333;       0.37119;3.43712;2
-104.26700;26.06667;       0.37124;3.43713;2
-104.23374;26.07000;       0.37131;3.43714;2
-104.20044;26.07333;       0.37136;3.43715;2
-104.16715;26.07667;       0.37140;3.43716;2
-104.13387;26.08000;       0.37146;3.43717;2
-104.10054;26.08333;       0.37147;3.43718;2
-104.06725;26.08667;       0.37142;3.43719;2
-104.03392;26.09000;       0.37141;3.43720;2
-104.00064;26.09333;       0.37141;3.43721;2
-103.96730;26.09667;       0.37141;3.43721;2
-103.93403;26.10000;       0.37138;3.43722;2
-103.90072;26.10333;       0.37138;3.43723;2
-103.86741;26.10667;       0.37139;3.43724;2
-103.83413;26.11000;       0.37142;3.43725;2
-103.80089;26.11333;       0.37142;3.43726;2
-103.76759;26.11667;       0.37140;3.43727;2
-103.73433;26.12000;       0.37140;3.43728;2
-103.70107;26.12333;       0.37140;3.43729;2
-103.66775;26.12667;       0.37143;3.43730;2
-103.63444;26.13000;       0.37156;3.43731;2
-103.60113;26.13333;       0.37163;3.43732;2
-103.56780;26.13667;       0.37166;3.43733;2
-103.53456;26.14000;       0.37168;3.43734;2
-103.50131;26.14333;       0.37170;3.43735;2
-103.46805;26.14667;       0.37171;3.43736;2
-103.43472;26.15000;       0.37171;3.43737;2
-103.40143;26.15333;       0.37174;3.43738;2
-103.36815;26.15667;       0.37177;3.43739;2
-103.33485;26.16000;       0.37179;3.43740;2
-103.30156;26.16333;       0.37179;3.43741;2
-103.26821;26.16667;       0.37179;3.43742;2
-103.23489;26.17000;       0.37180;3.43743;2
-103.20154;26.17333;       0.37183;3.43744;2
-103.16821;26.17667;       0.37186;3.43745;2
-103.13487;26.18000;       0.37192;3.43746;2
-103.10154;26.18333;       0.37193;3.43747;2
-103.06820;26.18667;       0.37196;3.43747;2
-103.03484;26.19000;       0.37200;3.43748;2
-103.00154;26.19333;       0.37207;3.43749;2
-102.96818;26.19667;       0.37212;3.43750;2
-102.93480;26.20000;       0.37217;3.43751;2
-102.90141;26.20333;       0.37223;3.43752;2
-102.86805;26.20667;       0.37227;3.43753;2
-102.83466;26.21000;       0.37231;3.43754;2
-102.80126;26.21333;       0.37237;3.43755;2
-102.76787;26.21667;       0.37241;3.43756;2
-102.73452;26.22000;       0.37246;3.43757;2
-102.70118;26.22333;       0.37248;3.43758;2
-102.66784;26.22667;       0.37253;3.43759;2
-102.63452;26.23000;       0.37255;3.43760;2
-102.60116;26.23333;       0.37254;3.43761;2
-102.56785;26.23667;       0.37249;3.43762;2
-102.53449;26.24000;       0.37246;3.43763;2
-102.50116;26.24333;       0.37241;3.43764;2
-102.46780;26.24667;       0.37242;3.43765;2
-102.43446;26.25000;       0.37245;3.43766;2
-102.40111;26.25333;       0.37246;3.43766;2
-102.36777;26.25667;       0.37250;3.43767;2
-102.33439;26.26000;       0.37256;3.43768;2
-102.30102;26.26333;       0.37257;3.43769;2
-102.26762;26.26667;       0.37266;3.43770;2
-102.23421;26.27000;       0.37267;3.43771;2
-102.20084;26.27333;       0.37269;3.43772;2
-102.16748;26.27667;       0.37274;3.43773;2
-102.13413;26.28000;       0.37279;3.43774;2
-102.10077;26.28333;       0.37281;3.43775;2
-102.06744;26.28667;       0.37281;3.43776;2
-102.03411;26.29000;       0.37281;3.43777;2
-102.00079;26.29333;       0.37283;3.43778;2
-101.96746;26.29667;       0.37285;3.43779;2
-101.93416;26.30000;       0.37291;3.43780;2
-101.90082;26.30333;       0.37294;3.43781;2
-101.86748;26.30667;       0.37294;3.43781;2
-101.83410;26.31000;       0.37298;3.43782;2
-101.80075;26.31333;       0.37304;3.43783;2
-101.76738;26.31667;       0.37309;3.43784;2
-101.73402;26.32000;       0.37319;3.43785;2
-101.70067;26.32333;       0.37324;3.43786;2
-101.66728;26.32667;       0.37328;3.43787;2
-101.63390;26.33000;       0.37324;3.43788;2
-101.60054;26.33333;       0.37322;3.43789;2
-101.56718;26.33667;       0.37323;3.43790;2
-101.53379;26.34000;       0.37325;3.43791;2
-101.50041;26.34333;       0.37326;3.43792;2
-101.46703;26.34667;       0.37329;3.43793;2
-101.43364;26.35000;       0.37335;3.43794;2
-101.40026;26.35333;       0.37340;3.43794;2
-101.36689;26.35667;       0.37340;3.43795;2
-101.33348;26.36000;       0.37344;3.43796;2
-101.30007;26.36333;       0.37347;3.43797;2
-101.26664;26.36667;       0.37350;3.43798;2
-101.23326;26.37000;       0.37354;3.43799;2
-101.19992;26.37333;       0.37353;3.43800;2
-101.16659;26.37667;       0.37351;3.43801;2
-101.13325;26.38000;       0.37355;3.43802;2
-101.09990;26.38333;       0.37357;3.43803;2
-101.06652;26.38667;       0.37360;3.43804;2
-101.03316;26.39000;       0.37365;3.43805;2
-100.99982;26.39333;       0.37369;3.43805;2
-100.96643;26.39667;       0.37374;3.43806;2
-100.93305;26.40000;       0.37378;3.43807;2
-100.89972;26.40333;       0.37381;3.43808;2
-100.86641;26.40667;       0.37388;3.43809;2
-100.83308;26.41000;       0.37394;3.43810;2
-100.79980;26.41333;       0.37398;3.43811;2
-100.76649;26.41667;       0.37401;3.43812;2
-100.73316;26.42000;       0.37405;3.43813;2
-100.69985;26.42333;       0.37411;3.43814;2
-100.66652;26.42667;       0.37413;3.43815;2
-100.63320;26.43000;       0.37415;3.43815;2
-100.59987;26.43333;       0.37418;3.43816;2
-100.56651;26.43667;       0.37420;3.43817;2
-100.53315;26.44000;       0.37423;3.43818;2
-100.49980;26.44333;       0.37430;3.43819;2
-100.46646;26.44667;       0.37435;3.43820;2
-100.43313;26.45000;       0.37440;3.43821;2
-100.39980;26.45333;       0.37443;3.43822;2
-100.36646;26.45667;       0.37445;3.43823;2
-100.33311;26.46000;       0.37447;3.43824;2
-100.29979;26.46333;       0.37456;3.43825;2
-100.26643;26.46667;       0.37465;3.43825;2
-100.23307;26.47000;       0.37470;3.43826;2
-100.19972;26.47333;       0.37473;3.43827;2
-100.16639;26.47667;       0.37471;3.43828;2
-100.13300;26.48000;       0.37470;3.43829;2
-100.09964;26.48333;       0.37470;3.43830;2
-100.06631;26.48667;       0.37473;3.43831;2
-100.03297;26.49000;       0.37474;3.43832;2
 -99.99961;26.49333;       0.37472;3.43833;2
 -99.96626;26.49667;       0.37472;3.43834;2
 -99.93292;26.50000;       0.37471;3.43834;2
 -99.89956;26.50333;       0.37471;3.43835;2
 -99.86623;26.50667;       0.37473;3.43836;2
 -99.83290;26.51000;       0.37478;3.43837;2
 -99.79959;26.51333;       0.37483;3.43838;2
 -99.76626;26.51667;       0.37486;3.43839;2
 -99.73293;26.52000;       0.37488;3.43840;2
 -99.69962;26.52333;       0.37483;3.43841;2
 -99.66628;26.52667;       0.37483;3.43842;2
 -99.63297;26.53000;       0.37483;3.43842;2
 -99.59966;26.53333;       0.37483;3.43843;2
 -99.56630;26.53667;       0.37483;3.43844;2
 -99.53297;26.54000;       0.37484;3.43845;2
 -99.49969;26.54333;       0.37491;3.43846;2
 -99.46634;26.54667;       0.37494;3.43847;2
 -99.43300;26.55000;       0.37500;3.43848;2
 -99.39972;26.55333;       0.37505;3.43849;2
 -99.36644;26.55667;       0.37507;3.43849;2
 -99.33311;26.56000;       0.37507;3.43850;2
 -99.29980;26.56333;       0.37510;3.43851;2
 -99.26652;26.56667;       0.37523;3.43852;2
 -99.23323;26.57000;       0.37528;3.43853;2
 -99.19993;26.57333;       0.37531;3.43854;2
 -99.16662;26.57667;       0.37529;3.43855;2
 -99.13328;26.58000;       0.37527;3.43856;2
 -99.09990;26.58333;       0.37528;3.43857;2
 -99.06652;26.58667;       0.37529;3.43857;2
 -99.03316;26.59000;       0.37536;3.43858;2
 -98.99984;26.59333;       0.37541;3.43859;2
 -98.96646;26.59667;       0.37542;3.43860;2
 -98.93311;26.60000;       0.37546;3.43861;2
 -98.89975;26.60333;       0.37548;3.43862;2
 -98.86639;26.60667;       0.37549;3.43863;2
 -98.83302;26.61000;       0.37549;3.43864;2
 -98.79964;26.61333;       0.37546;3.43864;2
 -98.76623;26.61667;       0.37549;3.43865;2
 -98.73284;26.62000;       0.37553;3.43866;2
 -98.69948;26.62333;       0.37557;3.43867;2
 -98.66605;26.62667;       0.37558;3.43868;2
 -98.63264;26.63000;       0.37561;3.43869;2
 -98.59921;26.63333;       0.37563;3.43870;2
 -98.56579;26.63667;       0.37567;3.43870;2
 -98.53239;26.64000;       0.37570;3.43871;2
 -98.49902;26.64333;       0.37575;3.43872;2
 -98.46567;26.64667;       0.37581;3.43873;2
 -98.43226;26.65000;       0.37583;3.43874;2
 -98.39892;26.65333;       0.37590;3.43875;2
 -98.36554;26.65667;       0.37594;3.43876;2
 -98.33215;26.66000;       0.37592;3.43877;2
 -98.29875;26.66333;       0.37594;3.43877;2
 -98.26534;26.66667;       0.37592;3.43878;2
 -98.23200;26.67000;       0.37601;3.43879;2
 -98.19864;26.67333;       0.37612;3.43880;2
 -98.16528;26.67667;       0.37618;3.43881;2
 -98.13190;26.68000;       0.37619;3.43882;2
 -98.09857;26.68333;       0.37622;3.43883;2
 -98.06520;26.68667;       0.37624;3.43883;2
 -98.03180;26.69000;       0.37623;3.43884;2
 -97.99841;26.69333;       0.37626;3.43885;2
 -97.96502;26.69667;       0.37629;3.43886;2
 -97.93162;26.70000;       0.37635;3.43887;2
 -97.89823;26.70333;       0.37649;3.43888;2
 -97.86489;26.70667;       0.37655;3.43889;2
 -97.83148;26.71000;       0.37659;3.43889;2
 -97.79808;26.71333;       0.37663;3.43890;2
 -97.76474;26.71667;       0.37665;3.43891;2
 -97.73134;26.72000;       0.37668;3.43892;2
 -97.69793;26.72333;       0.37670;3.43893;2
 -97.66449;26.72667;       0.37670;3.43894;2
 -97.63107;26.73000;       0.37673;3.43895;2
 -97.59764;26.73333;       0.37676;3.43895;2
 -97.56423;26.73667;       0.37680;3.43896;2
 -97.53085;26.74000;       0.37684;3.43897;2
 -97.49749;26.74333;       0.37687;3.43898;2
 -97.46410;26.74667;       0.37691;3.43899;2
 -97.43074;26.75000;       0.37702;3.43900;2
 -97.39736;26.75333;       0.37713;3.43900;2
 -97.36395;26.75667;       0.37720;3.43901;2
 -97.33054;26.76000;       0.37722;3.43902;2
 -97.29716;26.76333;       0.37726;3.43903;2
 -97.26379;26.76667;       0.37730;3.43904;2
 -97.23041;26.77000;       0.37731;3.43905;2
 -97.19703;26.77333;       0.37736;3.43906;2
 -97.16366;26.77667;       0.37744;3.43906;2
 -97.13030;26.78000;       0.37751;3.43907;2
 -97.09690;26.78333;       0.37754;3.43908;2
 -97.06354;26.78667;       0.37757;3.43909;2
 -97.03018;26.79000;       0.37754;3.43910;2
 -96.99679;26.79333;       0.37750;3.43911;2
 -96.96341;26.79667;       0.37750;3.43911;2
 -96.93005;26.80000;       0.37752;3.43912;2
 -96.89667;26.80333;       0.37765;3.43913;2
 -96.86333;26.80667;       0.37770;3.43914;2
 -96.83002;26.81000;       0.37768;3.43915;2
 -96.79667;26.81333;       0.37765;3.43916;2
 -96.76333;26.81667;       0.37766;3.43916;2
 -96.72998;26.82000;       0.37768;3.43917;2
 -96.69667;26.82333;       0.37771;3.43918;2
 -96.66333;26.82667;       0.37773;3.43919;2
 -96.62998;26.83000;       0.37775;3.43920;2
 -96.59669;26.83333;       0.37779;3.43921;2
 -96.56343;26.83667;       0.37783;3.43921;2
 -96.53013;26.84000;       0.37790;3.43922;2
 -96.49684;26.84333;       0.37798;3.43923;2
 -96.46354;26.84667;       0.37802;3.43924;2
 -96.43018;26.85000;       0.37803;3.43925;2
 -96.39687;26.85333;       0.37805;3.43926;2
 -96.36351;26.85667;       0.37809;3.43926;2
 -96.33021;26.86000;       0.37810;3.43927;2
 -96.29689;26.86333;       0.37812;3.43928;2
 -96.26359;26.86667;       0.37813;3.43929;2
 -96.23030;26.87000;       0.37814;3.43930;2
 -96.19700;26.87333;       0.37817;3.43930;2
 -96.16371;26.87667;       0.37820;3.43931;2
 -96.13039;26.88000;       0.37823;3.43932;2
 -96.09707;26.88333;       0.37825;3.43933;2
 -96.06371;26.88667;       0.37830;3.43934;2
 -96.03043;26.89000;       0.37833;3.43934;2
 -95.99715;26.89333;       0.37833;3.43935;2
 -95.96387;26.89667;       0.37834;3.43936;2
 -95.93059;26.90000;       0.37835;3.43937;2
 -95.89734;26.90333;       0.37839;3.43938;2
 -95.86405;26.90667;       0.37842;3.43939;2
 -95.83074;26.91000;       0.37844;3.43939;2
 -95.79743;26.91333;       0.37849;3.43940;2
 -95.76415;26.91667;       0.37854;3.43941;2
 -95.73082;26.92000;       0.37852;3.43942;2
 -95.69754;26.92333;       0.37848;3.43943;2
 -95.66426;26.92667;       0.37850;3.43943;2
 -95.63102;26.93000;       0.37853;3.43944;2
 -95.59775;26.93333;       0.37849;3.43945;2
 -95.56451;26.93667;       0.37847;3.43946;2
 -95.53126;26.94000;       0.37851;3.43947;2
 -95.49797;26.94333;       0.37848;3.43947;2
 -95.46471;26.94667;       0.37848;3.43948;2
 -95.43148;26.95000;       0.37847;3.43949;2
 -95.39820;26.95333;       0.37848;3.43950;2
 -95.36493;26.95667;       0.37850;3.43951;2
 -95.33169;26.96000;       0.37851;3.43952;2
 -95.29844;26.96333;       0.37855;3.43952;2
 -95.26520;26.96667;       0.37857;3.43953;2
 -95.23192;26.97000;       0.37858;3.43954;2
 -95.19862;26.97333;       0.37862;3.43955;2
 -95.16538;26.97667;       0.37866;3.43955;2
 -95.13210;26.98000;       0.37871;3.43956;2
 -95.09882;26.98333;       0.37882;3.43957;2
 -95.06556;26.98667;       0.37888;3.43958;2
 -95.03229;26.99000;       0.37891;3.43959;2
 -94.99902;26.99333;       0.37885;3.43959;2
 -94.96580;26.99667;       0.37882;3.43960;2
 -94.93256;27.00000;       0.37877;3.43961;2
 -94.89931;27.00333;       0.37873;3.43962;2
 -94.86608;27.00667;       0.37871;3.43963;2
 -94.83280;27.01000;       0.37873;3.43963;2
 -94.79951;27.01333;       0.37876;3.43964;2
 -94.76621;27.01667;       0.37880;3.43965;2
 -94.73293;27.02000;       0.37880;3.43966;2
 -94.69970;27.02333;       0.37884;3.43967;2
 -94.66641;27.02667;       0.37896;3.43967;2
 -94.63315;27.03000;       0.37895;3.43968;2
 -94.59993;27.03333;       0.37900;3.43969;2
 -94.56669;27.03667;       0.37903;3.43970;2
 -94.53339;27.04000;       0.37910;3.43971;2
 -94.50013;27.04333;       0.37920;3.43971;2
 -94.46689;27.04667;       0.37923;3.43972;2
 -94.43362;27.05000;       0.37921;3.43973;2
 -94.40039;27.05333;       0.37921;3.43974;2
 -94.36715;27.05667;       0.37922;3.43974;2
 -94.33389;27.06000;       0.37919;3.43975;2
 -94.30059;27.06333;       0.37919;3.43976;2
 -94.26734;27.06667;       0.37932;3.43977;2
 -94.23407;27.07000;       0.37944;3.43978;2
 -94.20082;27.07333;       0.37942;3.43978;2
 -94.16751;27.07667;       0.37935;3.43979;2
 -94.13421;27.08000;       0.37932;3.43980;2
 -94.10093;27.08333;       0.37933;3.43981;2
 -94.06769;27.08667;       0.37939;3.43981;2
 -94.03444;27.09000;       0.37945;3.43982;2
 -94.00115;27.09333;       0.37955;3.43983;2
 -93.96787;27.09667;       0.37956;3.43984;2
 -93.93461;27.10000;       0.37957;3.43985;2
 -93.90133;27.10333;       0.37960;3.43985;2
 -93.86800;27.10667;       0.37965;3.43986;2
 -93.83477;27.11000;       0.37972;3.43987;2
 -93.80151;27.11333;       0.37982;3.43988;2
 -93.76825;27.11667;       0.37982;3.43988;2
 -93.73492;27.12000;       0.37982;3.43989;2
 -93.70166;27.12333;       0.37989;3.43990;2
 -93.66836;27.12667;       0.37987;3.43991;2
 -93.63508;27.13000;       0.37986;3.43992;2
 -93.60179;27.13333;       0.37986;3.43992;2
 -93.56854;27.13667;       0.37983;3.43993;2
 -93.53525;27.14000;       0.37982;3.43994;2
 -93.50195;27.14333;       0.37984;3.43995;2
 -93.46869;27.14667;       0.38000;3.43995;2
 -93.43536;27.15000;       0.38005;3.43996;2
 -93.40203;27.15333;       0.38013;3.43997;2
 -93.36870;27.15667;       0.38015;3.43998;2
 -93.33534;27.16000;       0.38025;3.43998;2
 -93.30198;27.16333;       0.38030;3.43999;2
 -93.26862;27.16667;       0.38034;3.44000;2
 -93.23526;27.17000;       0.38032;3.44001;2
 -93.20192;27.17333;       0.38035;3.44001;2
 -93.16859;27.17667;       0.38041;3.44002;2
 -93.13526;27.18000;       0.38035;3.44003;2
 -93.10193;27.18333;       0.38032;3.44004;2
 -93.06857;27.18667;       0.38035;3.44005;2
 -93.03523;27.19000;       0.38038;3.44005;2
 -93.00190;27.19333;       0.38045;3.44006;2
 -92.96857;27.19667;       0.38052;3.44007;2
 -92.93520;27.20000;       0.38064;3.44008;2
 -92.90184;27.20333;       0.38074;3.44008;2
 -92.86849;27.20667;       0.38081;3.44009;2
 -92.83510;27.21000;       0.38078;3.44010;2
 -92.80175;27.21333;       0.38073;3.44011;2
 -92.76839;27.21667;       0.38075;3.44011;2
 -92.73503;27.22000;       0.38078;3.44012;2
 -92.70169;27.22333;       0.38082;3.44013;2
 -92.66830;27.22667;       0.38095;3.44014;2
 -92.63497;27.23000;       0.38099;3.44014;2
 -92.60159;27.23333;       0.38096;3.44015;2
 -92.56821;27.23667;       0.38097;3.44016;2
 -92.53484;27.24000;       0.38115;3.44017;2
 -92.50148;27.24333;       0.38129;3.44017;2
 -92.46810;27.24667;       0.38138;3.44018;2
 -92.43469;27.25000;       0.38144;3.44019;2
 -92.40128;27.25333;       0.38143;3.44020;2
 -92.36790;27.25667;       0.38135;3.44020;2
 -92.33451;27.26000;       0.38137;3.44021;2
 -92.30116;27.26333;       0.38140;3.44022;2
 -92.26780;27.26667;       0.38145;3.44023;2
 -92.23443;27.27000;       0.38149;3.44023;2
 -92.20107;27.27333;       0.38156;3.44024;2
 -92.16769;27.27667;       0.38168;3.44025;2
 -92.13429;27.28000;       0.38172;3.44026;2
 -92.10090;27.28333;       0.38180;3.44026;2
 -92.06754;27.28667;       0.38186;3.44027;2
 -92.03416;27.29000;       0.38193;3.44028;2
 -92.00082;27.29333;       0.38192;3.44028;2
 -91.96744;27.29667;       0.38192;3.44029;2
 -91.93405;27.30000;       0.38195;3.44030;2
 -91.90064;27.30333;       0.38196;3.44031;2
 -91.86728;27.30667;       0.38199;3.44031;2
 -91.83393;27.31000;       0.38201;3.44032;2
 -91.80051;27.31333;       0.38206;3.44033;2
 -91.76707;27.31667;       0.38209;3.44034;2
 -91.73367;27.32000;       0.38217;3.44034;2
 -91.70031;27.32333;       0.38223;3.44035;2
 -91.66690;27.32667;       0.38231;3.44036;2
 -91.63351;27.33000;       0.38240;3.44037;2
 -91.60008;27.33333;       0.38246;3.44037;2
 -91.56667;27.33667;       0.38250;3.44038;2
 -91.53321;27.34000;       0.38251;3.44039;2
 -91.49982;27.34333;       0.38256;3.44039;2
 -91.46643;27.34667;       0.38260;3.44040;2
 -91.43302;27.35000;       0.38261;3.44041;2
 -91.39962;27.35333;       0.38261;3.44042;2
 -91.36621;27.35667;       0.38263;3.44042;2
 -91.33284;27.36000;       0.38263;3.44043;2
 -91.29948;27.36333;       0.38258;3.44044;2
 -91.26611;27.36667;       0.38277;3.44045;2
 -91.23274;27.37000;       0.38290;3.44045;2
 -91.19933;27.37333;       0.38291;3.44046;2
 -91.16595;27.37667;       0.38293;3.44047;2
 -91.13257;27.38000;       0.38294;3.44047;2
 -91.09913;27.38333;       0.38297;3.44048;2
 -91.06567;27.38667;       0.38305;3.44049;2
 -91.03225;27.39000;       0.38313;3.44050;2
 -90.99882;27.39333;       0.38315;3.44050;2
 -90.96538;27.39667;       0.38318;3.44051;2
 -90.93197;27.40000;       0.38320;3.44052;2
 -90.89859;27.40333;       0.38324;3.44052;2
 -90.86518;27.40667;       0.38330;3.44053;2
 -90.83174;27.41000;       0.38332;3.44054;2
 -90.79836;27.41333;       0.38337;3.44055;2
 -90.76493;27.41667;       0.38340;3.44055;2
 -90.73149;27.42000;       0.38344;3.44056;2
 -90.69805;27.42333;       0.38347;3.44057;2
 -90.66459;27.42667;       0.38348;3.44058;2
 -90.63115;27.43000;       0.38352;3.44058;2
 -90.59767;27.43333;       0.38356;3.44059;2
 -90.56423;27.43667;       0.38359;3.44060;2
 -90.53077;27.44000;       0.38369;3.44060;2
 -90.49731;27.44333;       0.38378;3.44061;2
 -90.46385;27.44667;       0.38384;3.44062;2
 -90.43034;27.45000;       0.38389;3.44062;2
 -90.39692;27.45333;       0.38385;3.44063;2
 -90.36348;27.45667;       0.38381;3.44064;2
 -90.33000;27.46000;       0.38385;3.44065;2
 -90.29656;27.46333;       0.38399;3.44065;2
 -90.26307;27.46667;       0.38408;3.44066;2
 -90.22961;27.47000;       0.38412;3.44067;2
 -90.19616;27.47333;       0.38414;3.44067;2
 -90.16270;27.47667;       0.38419;3.44068;2
 -90.12925;27.48000;       0.38421;3.44069;2
 -90.09584;27.48333;       0.38423;3.44070;2
 -90.06239;27.48667;       0.38436;3.44070;2
 -90.02893;27.49000;       0.38442;3.44071;2
 -89.99546;27.49333;       0.38452;3.44072;2
 -89.96198;27.49667;       0.38462;3.44072;2
 -89.92856;27.50000;       0.38469;3.44073;2
 -89.89510;27.50333;       0.38475;3.44074;2
 -89.86164;27.50667;       0.38482;3.44074;2
 -89.82813;27.51000;       0.38478;3.44075;2
 -89.79464;27.51333;       0.38478;3.44076;2
 -89.76120;27.51667;       0.38478;3.44077;2
 -89.72779;27.52000;       0.38481;3.44077;2
 -89.69434;27.52333;       0.38492;3.44078;2
 -89.66090;27.52667;       0.38498;3.44079;2
 -89.62748;27.53000;       0.38502;3.44079;2
 -89.59405;27.53333;       0.38508;3.44080;2
 -89.56064;27.53667;       0.38512;3.44081;2
 -89.52725;27.54000;       0.38519;3.44081;2
 -89.49389;27.54333;       0.38522;3.44082;2
 -89.46048;27.54667;       0.38526;3.44083;2
 -89.42705;27.55000;       0.38535;3.44083;2
 -89.39364;27.55333;       0.38544;3.44084;2
 -89.36018;27.55667;       0.38544;3.44085;2
 -89.32674;27.56000;       0.38542;3.44086;2
 -89.29333;27.56333;       0.38543;3.44086;2
 -89.25993;27.56667;       0.38546;3.44087;2
 -89.22651;27.57000;       0.38548;3.44088;2
 -89.19315;27.57333;       0.38555;3.44088;2
 -89.15982;27.57667;       0.38566;3.44089;2
 -89.12644;27.58000;       0.38572;3.44090;2
 -89.09308;27.58333;       0.38572;3.44090;2
 -89.05974;27.58667;       0.38572;3.44091;2
 -89.02644;27.59000;       0.38573;3.44092;2
 -88.99310;27.59333;       0.38570;3.44092;2
 -88.95979;27.59667;       0.38573;3.44093;2
 -88.92648;27.60000;       0.38577;3.44094;2
 -88.89311;27.60333;       0.38580;3.44094;2
 -88.85977;27.60667;       0.38586;3.44095;2
 -88.82646;27.61000;       0.38589;3.44096;2
 -88.79316;27.61333;       0.38590;3.44096;2
 -88.75982;27.61667;       0.38594;3.44097;2
 -88.72651;27.62000;       0.38599;3.44098;2
 -88.69321;27.62333;       0.38601;3.44098;2
 -88.65993;27.62667;       0.38604;3.44099;2
 -88.62669;27.63000;       0.38610;3.44100;2
 -88.59341;27.63333;       0.38613;3.44100;2
 -88.56016;27.63667;       0.38617;3.44101;2
 -88.52693;27.64000;       0.38618;3.44102;2
 -88.49370;27.64333;       0.38617;3.44102;2
 -88.46048;27.64667;       0.38620;3.44103;2
 -88.42721;27.65000;       0.38621;3.44104;2
 -88.39400;27.65333;       0.38620;3.44104;2
 -88.36077;27.65667;       0.38622;3.44105;2
 -88.32754;27.66000;       0.38622;3.44106;2
 -88.29436;27.66333;       0.38624;3.44106;2
 -88.26111;27.66667;       0.38622;3.44107;2
 -88.22790;27.67000;       0.38621;3.44108;2
 -88.19470;27.67333;       0.38618;3.44108;2
 -88.16148;27.67667;       0.38616;3.44109;2
 -88.12828;27.68000;       0.38615;3.44110;2
 -88.09505;27.68333;       0.38609;3.44110;2
 -88.06184;27.68667;       0.38613;3.44111;2
 -88.02866;27.69000;       0.38613;3.44112;2
 -87.99549;27.69333;       0.38609;3.44112;2
 -87.96234;27.69667;       0.38603;3.44113;2
 -87.92918;27.70000;       0.38597;3.44114;2
 -87.89597;27.70333;       0.38597;3.44114;2
 -87.86282;27.70667;       0.38595;3.44115;2
 -87.82967;27.71000;       0.38595;3.44116;2
 -87.79654;27.71333;       0.38596;3.44116;2
 -87.76339;27.71667;       0.38594;3.44117;2
 -87.73020;27.72000;       0.38591;3.44118;2
 -87.69703;27.72333;       0.38590;3.44118;2
 -87.66385;27.72667;       0.38592;3.44119;2
 -87.63067;27.73000;       0.38590;3.44120;2
 -87.59752;27.73333;       0.38590;3.44120;2
 -87.56436;27.73667;       0.38592;3.44121;2
 -87.53121;27.74000;       0.38590;3.44121;2
 -87.49803;27.74333;       0.38589;3.44122;2
 -87.46484;27.74667;       0.38586;3.44123;2
 -87.43166;27.75000;       0.38587;3.44123;2
 -87.39849;27.75333;       0.38587;3.44124;2
 -87.36533;27.75667;       0.38588;3.44125;2
 -87.33223;27.76000;       0.38591;3.44125;2
 -87.29911;27.76333;       0.38592;3.44126;2
 -87.26593;27.76667;       0.38592;3.44127;2
 -87.23275;27.77000;       0.38591;3.44127;2
 -87.19957;27.77333;       0.38586;3.44128;2
 -87.16634;27.77667;       0.38583;3.44129;2
 -87.13318;27.78000;       0.38582;3.44129;2
 -87.10000;27.78333;       0.38582;3.44130;2
 -87.06682;27.78667;       0.38585;3.44130;2
 -87.03362;27.79000;       0.38585;3.44131;2
 -87.00044;27.79333;       0.38586;3.44132;2
 -86.96728;27.79667;       0.38583;3.44132;2
 -86.93410;27.80000;       0.38581;3.44133;2
 -86.90090;27.80333;       0.38580;3.44134;2
 -86.86775;27.80667;       0.38583;3.44134;2
 -86.83459;27.81000;       0.38583;3.44135;2
 -86.80136;27.81333;       0.38581;3.44136;2
 -86.76816;27.81667;       0.38581;3.44136;2
 -86.73495;27.82000;       0.38584;3.44137;2
 -86.70174;27.82333;       0.38584;3.44137;2
 -86.66851;27.82667;       0.38582;3.44138;2
 -86.63530;27.83000;       0.38584;3.44139;2
 -86.60205;27.83333;       0.38585;3.44139;2
 -86.56887;27.83667;       0.38588;3.44140;2
 -86.53564;27.84000;       0.38589;3.44141;2
 -86.50241;27.84333;       0.38592;3.44141;2
 -86.46913;27.84667;       0.38594;3.44142;2
 -86.43585;27.85000;       0.38595;3.44142;2
 -86.40262;27.85333;       0.38596;3.44143;2
 -86.36939;27.85667;       0.38598;3.44144;2
 -86.33611;27.86000;       0.38598;3.44144;2
 -86.30284;27.86333;       0.38597;3.44145;2
 -86.26949;27.86667;       0.38596;3.44146;2
 -86.23621;27.87000;       0.38600;3.44146;2
 -86.20290;27.87333;       0.38607;3.44147;2
 -86.16961;27.87667;       0.38620;3.44147;2
 -86.13631;27.88000;       0.38629;3.44148;2
 -86.10300;27.88333;       0.38633;3.44149;2
 -86.06970;27.88667;       0.38638;3.44149;2
 -86.03638;27.89000;       0.38639;3.44150;2
 -86.00303;27.89333;       0.38643;3.44151;2
 -85.96967;27.89667;       0.38643;3.44151;2
 -85.93629;27.90000;       0.38642;3.44152;2
 -85.90289;27.90333;       0.38642;3.44152;2
 -85.86951;27.90667;       0.38644;3.44153;2
 -85.83611;27.91000;       0.38647;3.44154;2
 -85.80272;27.91333;       0.38652;3.44154;2
 -85.76929;27.91667;       0.38660;3.44155;2
 -85.73587;27.92000;       0.38664;3.44156;2
 -85.70249;27.92333;       0.38672;3.44156;2
 -85.66908;27.92667;       0.38677;3.44157;2
 -85.63569;27.93000;       0.38684;3.44157;2
 -85.60233;27.93333;       0.38699;3.44158;2
 -85.56893;27.93667;       0.38706;3.44159;2
 -85.53554;27.94000;       0.38712;3.44159;2
 -85.50211;27.94333;       0.38716;3.44160;2
 -85.46867;27.94667;       0.38722;3.44160;2
 -85.43523;27.95000;       0.38725;3.44161;2
 -85.40177;27.95333;       0.38732;3.44162;2
 -85.36833;27.95667;       0.38738;3.44162;2
 -85.33490;27.96000;       0.38743;3.44163;2
 -85.30141;27.96333;       0.38748;3.44163;2
 -85.26792;27.96667;       0.38752;3.44164;2
 -85.23448;27.97000;       0.38759;3.44165;2
 -85.20102;27.97333;       0.38765;3.44165;2
 -85.16762;27.97667;       0.38768;3.44166;2
 -85.13420;27.98000;       0.38773;3.44167;2
 -85.10070;27.98333;       0.38779;3.44167;2
 -85.06725;27.98667;       0.38783;3.44168;2
 -85.03379;27.99000;       0.38786;3.44168;2
 -85.00036;27.99333;       0.38790;3.44169;2
 -84.96687;27.99667;       0.38796;3.44170;2
 -84.93339;28.00000;       0.38802;3.44170;2
 -84.89989;28.00333;       0.38809;3.44171;2
 -84.86643;28.00667;       0.38816;3.44171;2
 -84.83293;28.01000;       0.38821;3.44172;2
 -84.79939;28.01333;       0.38819;3.44173;2
 -84.76593;28.01667;       0.38828;3.44173;2
 -84.73244;28.02000;       0.38838;3.44174;2
 -84.69898;28.02333;       0.38849;3.44174;2
 -84.66551;28.02667;       0.38855;3.44175;2
 -84.63203;28.03000;       0.38858;3.44176;2
 -84.59856;28.03333;       0.38864;3.44176;2
 -84.56508;28.03667;       0.38872;3.44177;2
 -84.53157;28.04000;       0.38879;3.44177;2
 -84.49808;28.04333;       0.38888;3.44178;2
 -84.46456;28.04667;       0.38895;3.44178;2
 -84.43111;28.05000;       0.38901;3.44179;2
 -84.39764;28.05333;       0.38905;3.44180;2
 -84.36415;28.05667;       0.38911;3.44180;2
 -84.33066;28.06000;       0.38918;3.44181;2
 -84.29720;28.06333;       0.38924;3.44181;2
 -84.26374;28.06667;       0.38937;3.44182;2
 -84.23033;28.07000;       0.38943;3.44183;2
 -84.19687;28.07333;       0.38950;3.44183;2
 -84.16346;28.07667;       0.38953;3.44184;2
 -84.13000;28.08000;       0.38957;3.44184;2
 -84.09651;28.08333;       0.38961;3.44185;2
 -84.06300;28.08667;       0.38964;3.44186;2
 -84.02956;28.09000;       0.38962;3.44186;2
 -83.99611;28.09333;       0.38964;3.44187;2
 -83.96269;28.09667;       0.38967;3.44187;2
 -83.92923;28.10000;       0.38971;3.44188;2
 -83.89579;28.10333;       0.38982;3.44188;2
 -83.86241;28.10667;       0.38988;3.44189;2
 -83.82900;28.11000;       0.38994;3.44190;2
 -83.79559;28.11333;       0.39000;3.44190;2
 -83.76215;28.11667;       0.39005;3.44191;2
 -83.72877;28.12000;       0.39011;3.44191;2
 -83.69541;28.12333;       0.39017;3.44192;2
 -83.66203;28.12667;       0.39015;3.44192;2
 -83.62864;28.13000;       0.39024;3.44193;2
 -83.59528;28.13333;       0.39028;3.44194;2
 -83.56187;28.13667;       0.39031;3.44194;2
 -83.52848;28.14000;       0.39040;3.44195;2
 -83.49510;28.14333;       0.39043;3.44195;2
 -83.46175;28.14667;       0.39040;3.44196;2
 -83.42846;28.15000;       0.39040;3.44196;2
 -83.39513;28.15333;       0.39045;3.44197;2
 -83.36182;28.15667;       0.39051;3.44198;2
 -83.32848;28.16000;       0.39055;3.44198;2
 -83.29511;28.16333;       0.39060;3.44199;2
 -83.26179;28.16667;       0.39061;3.44199;2
 -83.22849;28.17000;       0.39059;3.44200;2
 -83.19518;28.17333;       0.39062;3.44200;2
 -83.16187;28.17667;       0.39062;3.44201;2
 -83.12852;28.18000;       0.39065;3.44202;2
 -83.09521;28.18333;       0.39065;3.44202;2
 -83.06190;28.18667;       0.39066;3.44203;2
 -83.02862;28.19000;       0.39068;3.44203;2
 -82.99531;28.19333;       0.39068;3.44204;2
 -82.96197;28.19667;       0.39068;3.44204;2
 -82.92866;28.20000;       0.39066;3.44205;2
 -82.89538;28.20333;       0.39066;3.44205;2
 -82.86211;28.20667;       0.39069;3.44206;2
 -82.82880;28.21000;       0.39073;3.44207;2
 -82.79551;28.21333;       0.39075;3.44207;2
 -82.76226;28.21667;       0.39073;3.44208;2
 -82.72898;28.22000;       0.39073;3.44208;2
 -82.69570;28.22333;       0.39073;3.44209;2
 -82.66243;28.22667;       0.39073;3.44209;2
 -82.62918;28.23000;       0.39070;3.44210;2
 -82.59595;28.23333;       0.39067;3.44210;2
 -82.56270;28.23667;       0.39068;3.44211;2
 -82.52944;28.24000;       0.39068;3.44212;2
 -82.49616;28.24333;       0.39068;3.44212;2
 -82.46293;28.24667;       0.39068;3.44213;2
 -82.42972;28.25000;       0.39067;3.44213;2
 -82.39646;28.25333;       0.39065;3.44214;2
 -82.36321;28.25667;       0.39066;3.44214;2
 -82.32998;28.26000;       0.39065;3.44215;2
 -82.29674;28.26333;       0.39061;3.44215;2
 -82.26349;28.26667;       0.39058;3.44216;2
 -82.23026;28.27000;       0.39050;3.44217;2
 -82.19698;28.27333;       0.39047;3.44217;2
 -82.16375;28.27667;       0.39047;3.44218;2
 -82.13051;28.28000;       0.39046;3.44218;2
 -82.09726;28.28333;       0.39044;3.44219;2
 -82.06408;28.28667;       0.39043;3.44219;2
 -82.03092;28.29000;       0.39040;3.44220;2
 -81.99769;28.29333;       0.39035;3.44220;2
 -81.96448;28.29667;       0.39032;3.44221;2
 -81.93125;28.30000;       0.39029;3.44221;2
 -81.89805;28.30333;       0.39025;3.44222;2
 -81.86484;28.30667;       0.39026;3.44222;2
 -81.83156;28.31000;       0.39026;3.44223;2
 -81.79833;28.31333;       0.39025;3.44224;2
 -81.76508;28.31667;       0.39022;3.44224;2
 -81.73187;28.32000;       0.39020;3.44225;2
 -81.69862;28.32333;       0.39017;3.44225;2
 -81.66538;28.32667;       0.39014;3.44226;2
 -81.63213;28.33000;       0.39014;3.44226;2
 -81.59890;28.33333;       0.39014;3.44227;2
 -81.56567;28.33667;       0.39014;3.44227;2
 -81.53243;28.34000;       0.39013;3.44228;2
 -81.49911;28.34333;       0.39013;3.44228;2
 -81.46584;28.34667;       0.39013;3.44229;2
 -81.43252;28.35000;       0.39014;3.44229;2
 -81.39920;28.35333;       0.39014;3.44230;2
 -81.36590;28.35667;       0.39014;3.44230;2
 -81.33262;28.36000;       0.39014;3.44231;2
 -81.29934;28.36333;       0.39011;3.44231;2
 -81.26607;28.36667;       0.39009;3.44232;2
 -81.23280;28.37000;       0.39008;3.44233;2
 -81.19949;28.37333;       0.39005;3.44233;2
 -81.16620;28.37667;       0.39002;3.44234;2
 -81.13292;28.38000;       0.39000;3.44234;2
 -81.09966;28.38333;       0.39000;3.44235;2
 -81.06638;28.38667;       0.38997;3.44235;2
 -81.03311;28.39000;       0.38993;3.44236;2
 -80.99982;28.39333;       0.38987;3.44236;2
 -80.96651;28.39667;       0.38983;3.44237;2
 -80.93323;28.40000;       0.38981;3.44237;2
 -80.89993;28.40333;       0.38980;3.44238;2
 -80.86662;28.40667;       0.38983;3.44238;2
 -80.83333;28.41000;       0.38984;3.44239;2
 -80.80002;28.41333;       0.38978;3.44239;2
 -80.76671;28.41667;       0.38979;3.44240;2
 -80.73336;28.42000;       0.38977;3.44240;2
 -80.70002;28.42333;       0.38972;3.44241;2
 -80.66669;28.42667;       0.38969;3.44241;2
 -80.63338;28.43000;       0.38968;3.44242;2
 -80.60003;28.43333;       0.38970;3.44242;2
 -80.56666;28.43667;       0.38972;3.44243;2
 -80.53331;28.44000;       0.38969;3.44243;2
 -80.50000;28.44333;       0.38967;3.44244;2
 -80.46669;28.44667;       0.38962;3.44244;2
 -80.43334;28.45000;       0.38960;3.44245;2
 -80.39997;28.45333;       0.38957;3.44245;2
 -80.36662;28.45667;       0.38956;3.44246;2
 -80.33331;28.46000;       0.38957;3.44246;2
 -80.30000;28.46333;       0.38960;3.44247;2
 -80.26669;28.46667;       0.38958;3.44248;2
 -80.23334;28.47000;       0.38958;3.44248;2
 -80.19998;28.47333;       0.38957;3.44249;2
 -80.16669;28.47667;       0.38958;3.44249;2
 -80.13336;28.48000;       0.38955;3.44249;2
 -80.10000;28.48333;       0.38952;3.44250;2
 -80.06667;28.48667;       0.38951;3.44251;2
 -80.03331;28.49000;       0.38949;3.44251;2
 -79.99997;28.49333;       0.38945;3.44252;2
 -79.96662;28.49667;       0.38940;3.44252;2
 -79.93326;28.50000;       0.38939;3.44253;2
 -79.89989;28.50333;       0.38936;3.44253;2
 -79.86651;28.50667;       0.38932;3.44254;2
 -79.83315;28.51000;       0.38932;3.44254;2
 -79.79984;28.51333;       0.38929;3.44255;2
 -79.76648;28.51667;       0.38929;3.44255;2
 -79.73313;28.52000;       0.38927;3.44256;2
 -79.69979;28.52333;       0.38917;3.44256;2
 -79.66646;28.52667;       0.38908;3.44257;2
 -79.63313;28.53000;       0.38899;3.44257;2
 -79.59977;28.53333;       0.38906;3.44258;2
 -79.56643;28.53667;       0.38904;3.44258;2
 -79.53303;28.54000;       0.38898;3.44259;2
 -79.49972;28.54333;       0.38896;3.44259;2
 -79.46644;28.54667;       0.38895;3.44259;2
 -79.43310;28.55000;       0.38893;3.44260;2
 -79.39977;28.55333;       0.38890;3.44260;2
 -79.36643;28.55667;       0.38884;3.44261;2
 -79.33310;28.56000;       0.38880;3.44261;2
 -79.29975;28.56333;       0.38880;3.44262;2
 -79.26639;28.56667;       0.38877;3.44262;2
 -79.23305;28.57000;       0.38871;3.44263;2
 -79.19974;28.57333;       0.38865;3.44263;2
 -79.16644;28.57667;       0.38859;3.44264;2
 -79.13312;28.58000;       0.38855;3.44264;2
 -79.09980;28.58333;       0.38853;3.44265;2
 -79.06641;28.58667;       0.38853;3.44265;2
 -79.03303;28.59000;       0.38853;3.44266;2
 -78.99966;28.59333;       0.38853;3.44266;2
 -78.96628;28.59667;       0.38850;3.44267;2
 -78.93290;28.60000;       0.38849;3.44267;2
 -78.89954;28.60333;       0.38849;3.44268;2
 -78.86621;28.60667;       0.38844;3.44268;2
 -78.83285;28.61000;       0.38839;3.44269;2
 -78.79951;28.61333;       0.38828;3.44269;2
 -78.76621;28.61667;       0.38823;3.44270;2
 -78.73285;28.62000;       0.38821;3.44270;2
 -78.69951;28.62333;       0.38820;3.44271;2
 -78.66618;28.62667;       0.38812;3.44271;2
 -78.63282;28.63000;       0.38806;3.44272;2
 -78.59941;28.63333;       0.38803;3.44272;2
 -78.56607;28.63667;       0.38802;3.44272;2
 -78.53270;28.64000;       0.38795;3.44273;2
 -78.49934;28.64333;       0.38786;3.44273;2
 -78.46597;28.64667;       0.38779;3.44274;2
 -78.43261;28.65000;       0.38774;3.44274;2
 -78.39925;28.65333;       0.38767;3.44275;2
 -78.36592;28.65667;       0.38758;3.44275;2
 -78.33257;28.66000;       0.38754;3.44276;2
 -78.29920;28.66333;       0.38749;3.44276;2
 -78.26585;28.66667;       0.38744;3.44277;2
 -78.23249;28.67000;       0.38736;3.44277;2
 -78.19911;28.67333;       0.38726;3.44278;2
 -78.16574;28.67667;       0.38720;3.44278;2
 -78.13238;28.68000;       0.38716;3.44279;2
 -78.09900;28.68333;       0.38710;3.44279;2
 -78.06566;28.68667;       0.38703;3.44280;2
 -78.03230;28.69000;       0.38694;3.44280;2
 -77.99893;28.69333;       0.38692;3.44280;2
 -77.96556;28.69667;       0.38689;3.44281;2
 -77.93218;28.70000;       0.38682;3.44281;2
 -77.89880;28.70333;       0.38673;3.44282;2
 -77.86548;28.70667;       0.38663;3.44282;2
 -77.83215;28.71000;       0.38652;3.44283;2
 -77.79882;28.71333;       0.38638;3.44283;2
 -77.76544;28.71667;       0.38628;3.44284;2
 -77.73210;28.72000;       0.38621;3.44284;2
 -77.69874;28.72333;       0.38618;3.44285;2
 -77.66539;28.72667;       0.38611;3.44285;2
 -77.63200;28.73000;       0.38605;3.44285;2
 -77.59859;28.73333;       0.38598;3.44286;2
 -77.56525;28.73667;       0.38588;3.44286;2
 -77.53187;28.74000;       0.38579;3.44287;2
 -77.49854;28.74333;       0.38570;3.44287;2
 -77.46518;28.74667;       0.38558;3.44288;2
 -77.43184;28.75000;       0.38548;3.44288;2
 -77.39852;28.75333;       0.38539;3.44289;2
 -77.36521;28.75667;       0.38534;3.44289;2
 -77.33190;28.76000;       0.38526;3.44290;2
 -77.29856;28.76333;       0.38518;3.44290;2
 -77.26518;28.76667;       0.38513;3.44290;2
 -77.23187;28.77000;       0.38507;3.44291;2
 -77.19856;28.77333;       0.38500;3.44291;2
 -77.16523;28.77667;       0.38490;3.44292;2
 -77.13185;28.78000;       0.38481;3.44292;2
 -77.09852;28.78333;       0.38472;3.44293;2
 -77.06516;28.78667;       0.38464;3.44293;2
 -77.03190;28.79000;       0.38455;3.44294;2
 -76.99861;28.79333;       0.38446;3.44294;2
 -76.96534;28.79667;       0.38436;3.44294;2
 -76.93208;28.80000;       0.38433;3.44295;2
 -76.89884;28.80333;       0.38423;3.44295;2
 -76.86556;28.80667;       0.38408;3.44296;2
 -76.83226;28.81000;       0.38392;3.44296;2
 -76.79897;28.81333;       0.38385;3.44297;2
 -76.76566;28.81667;       0.38381;3.44297;2
 -76.73231;28.82000;       0.38369;3.44298;2
 -76.69903;28.82333;       0.38356;3.44298;2
 -76.66575;28.82667;       0.38343;3.44298;2
 -76.63244;28.83000;       0.38330;3.44299;2
 -76.59918;28.83333;       0.38320;3.44299;2
 -76.56595;28.83667;       0.38311;3.44300;2
 -76.53267;28.84000;       0.38299;3.44300;2
 -76.49944;28.84333;       0.38288;3.44301;2
 -76.46620;28.84667;       0.38274;3.44301;2
 -76.43290;28.85000;       0.38263;3.44301;2
 -76.39959;28.85333;       0.38247;3.44302;2
 -76.36630;28.85667;       0.38235;3.44302;2
 -76.33297;28.86000;       0.38229;3.44303;2
 -76.29964;28.86333;       0.38221;3.44303;2
 -76.26631;28.86667;       0.38202;3.44304;2
 -76.23297;28.87000;       0.38187;3.44304;2
 -76.19964;28.87333;       0.38170;3.44304;2
 -76.16633;28.87667;       0.38154;3.44305;2
 -76.13305;28.88000;       0.38142;3.44305;2
 -76.09967;28.88333;       0.38131;3.44306;2
 -76.06636;28.88667;       0.38120;3.44306;2
 -76.03302;28.89000;       0.38112;3.44307;2
 -75.99967;28.89333;       0.38101;3.44307;2
 -75.96633;28.89667;       0.38090;3.44307;2
 -75.93298;28.90000;       0.38078;3.44308;2
 -75.89966;28.90333;       0.38077;3.44308;2
 -75.86634;28.90667;       0.38071;3.44309;2
 -75.83303;28.91000;       0.38062;3.44309;2
 -75.79969;28.91333;       0.38050;3.44310;2
 -75.76634;28.91667;       0.38034;3.44310;2
 -75.73302;28.92000;       0.38021;3.44310;2
 -75.69970;28.92333;       0.38003;3.44311;2
 -75.66634;28.92667;       0.37981;3.44311;2
 -75.63302;28.93000;       0.37963;3.44312;2
 -75.59971;28.93333;       0.37947;3.44312;2
 -75.56641;28.93667;       0.37936;3.44312;2
 -75.53305;28.94000;       0.37923;3.44313;2
 -75.49971;28.94333;       0.37908;3.44313;2
 -75.46633;28.94667;       0.37896;3.44314;2
 -75.43295;28.95000;       0.37885;3.44314;2
 -75.39954;28.95333;       0.37870;3.44314;2
 -75.36615;28.95667;       0.37853;3.44315;2
 -75.33277;28.96000;       0.37838;3.44315;2
 -75.29938;28.96333;       0.37828;3.44316;2
 -75.26602;28.96667;       0.37819;3.44316;2
 -75.23262;28.97000;       0.37809;3.44317;2
 -75.19921;28.97333;       0.37798;3.44317;2
 -75.16582;28.97667;       0.37787;3.44317;2
 -75.13238;28.98000;       0.37776;3.44318;2
 -75.09900;28.98333;       0.37767;3.44318;2
 -75.06557;28.98667;       0.37758;3.44319;2
 -75.03216;28.99000;       0.37753;3.44319;2
 -74.99867;28.99333;       0.37744;3.44319;2
 -74.96525;28.99667;       0.37734;3.44320;2
 -74.93180;29.00000;       0.37723;3.44320;2
 -74.89838;29.00333;       0.37712;3.44321;2
 -74.86497;29.00667;       0.37700;3.44321;2
 -74.83156;29.01000;       0.37691;3.44321;2
 -74.79810;29.01333;       0.37683;3.44322;2
 -74.76466;29.01667;       0.37674;3.44322;2
 -74.73121;29.02000;       0.37661;3.44323;2
 -74.69779;29.02333;       0.37645;3.44323;2
 -74.66433;29.02667;       0.37630;3.44323;2
 -74.63090;29.03000;       0.37616;3.44324;2
 -74.59748;29.03333;       0.37601;3.44324;2
 -74.56405;29.03667;       0.37590;3.44325;2
 -74.53061;29.04000;       0.37577;3.44325;2
 -74.49716;29.04333;       0.37562;3.44325;2
 -74.46372;29.04667;       0.37548;3.44326;2
 -74.43033;29.05000;       0.37533;3.44326;2
 -74.39692;29.05333;       0.37520;3.44327;2
 -74.36354;29.05667;       0.37507;3.44327;2
 -74.33010;29.06000;       0.37494;3.44327;2
 -74.29670;29.06333;       0.37484;3.44328;2
 -74.26333;29.06667;       0.37474;3.44328;2
 -74.22995;29.07000;       0.37461;3.44328;2
 -74.19657;29.07333;       0.37447;3.44329;2
 -74.16318;29.07667;       0.37436;3.44329;2
 -74.12980;29.08000;       0.37423;3.44330;2
 -74.09641;29.08333;       0.37410;3.44330;2
 -74.06305;29.08667;       0.37395;3.44330;2
 -74.02966;29.09000;       0.37383;3.44331;2
 -73.99628;29.09333;       0.37368;3.44331;2
 -73.96292;29.09667;       0.37353;3.44332;2
 -73.92956;29.10000;       0.37338;3.44332;2
 -73.89620;29.10333;       0.37322;3.44332;2
 -73.86284;29.10667;       0.37306;3.44333;2
 -73.82944;29.11000;       0.37286;3.44333;2
 -73.79605;29.11333;       0.37270;3.44333;2
 -73.76269;29.11667;       0.37256;3.44334;2
 -73.72929;29.12000;       0.37237;3.44334;2
 -73.69597;29.12333;       0.37217;3.44335;2
 -73.66259;29.12667;       0.37201;3.44335;2
 -73.62926;29.13000;       0.37186;3.44335;2
 -73.59590;29.13333;       0.37172;3.44336;2
 -73.56254;29.13667;       0.37154;3.44336;2
 -73.52916;29.14000;       0.37134;3.44336;2
 -73.49584;29.14333;       0.37103;3.44337;2
 -73.46252;29.14667;       0.37077;3.44337;2
 -73.42921;29.15000;       0.37057;3.44338;2
 -73.39588;29.15333;       0.37040;3.44338;2
 -73.36256;29.15667;       0.37031;3.44338;2
 -73.32921;29.16000;       0.37009;3.44339;2
 -73.29585;29.16333;       0.36984;3.44339;2
 -73.26251;29.16667;       0.36963;3.44339;2
 -73.22916;29.17000;       0.36944;3.44340;2
 -73.19588;29.17333;       0.36926;3.44340;2
 -73.16257;29.17667;       0.36910;3.44341;2
 -73.12923;29.18000;       0.36891;3.44341;2
 -73.09592;29.18333;       0.36871;3.44341;2
 -73.06259;29.18667;       0.36845;3.44342;2
 -73.02929;29.19000;       0.36823;3.44342;2
 -72.99598;29.19333;       0.36803;3.44342;2
 -72.96274;29.19667;       0.36778;3.44343;2
 -72.92946;29.20000;       0.36757;3.44343;2
 -72.89618;29.20333;       0.36730;3.44343;2
 -72.86287;29.20667;       0.36707;3.44344;2
 -72.82956;29.21000;       0.36683;3.44344;2
 -72.79623;29.21333;       0.36652;3.44345;2
 -72.76298;29.21667;       0.36626;3.44345;2
 -72.72970;29.22000;       0.36606;3.44345;2
 -72.69646;29.22333;       0.36584;3.44346;2
 -72.66320;29.22667;       0.36564;3.44346;2
 -72.62993;29.23000;       0.36540;3.44346;2
 -72.59669;29.23333;       0.36520;3.44347;2
 -72.56344;29.23667;       0.36500;3.44347;2
 -72.53018;29.24000;       0.36475;3.44347;2
 -72.49690;29.24333;       0.36450;3.44348;2
 -72.46366;29.24667;       0.36427;3.44348;2
 -72.43041;29.25000;       0.36404;3.44348;2
 -72.39708;29.25333;       0.36379;3.44349;2
 -72.36382;29.25667;       0.36356;3.44349;2
 -72.33056;29.26000;       0.36330;3.44350;2
 -72.29733;29.26333;       0.36304;3.44350;2
 -72.26410;29.26667;       0.36275;3.44350;2
 -72.23080;29.27000;       0.36246;3.44351;2
 -72.19756;29.27333;       0.36223;3.44351;2
 -72.16433;29.27667;       0.36200;3.44351;2
 -72.13108;29.28000;       0.36178;3.44352;2
 -72.09784;29.28333;       0.36152;3.44352;2
 -72.06459;29.28667;       0.36126;3.44352;2
 -72.03136;29.29000;       0.36097;3.44353;2
 -71.99810;29.29333;       0.36071;3.44353;2
 -71.96489;29.29667;       0.36046;3.44353;2
 -71.93164;29.30000;       0.36020;3.44354;2
 -71.89843;29.30333;       0.35992;3.44354;2
 -71.86520;29.30667;       0.35968;3.44354;2
 -71.83195;29.31000;       0.35941;3.44355;2
 -71.79872;29.31333;       0.35912;3.44355;2
 -71.76548;29.31667;       0.35888;3.44355;2
 -71.73223;29.32000;       0.35862;3.44356;2
 -71.69900;29.32333;       0.35836;3.44356;2
 -71.66575;29.32667;       0.35809;3.44356;2
 -71.63251;29.33000;       0.35785;3.44357;2
 -71.59928;29.33333;       0.35756;3.44357;2
 -71.56603;29.33667;       0.35722;3.44357;2
 -71.53279;29.34000;       0.35692;3.44358;2
 -71.49952;29.34333;       0.35663;3.44358;2
 -71.46626;29.34667;       0.35637;3.44358;2
 -71.43300;29.35000;       0.35609;3.44359;2
 -71.39977;29.35333;       0.35579;3.44359;2
 -71.36654;29.35667;       0.35549;3.44359;2
 -71.33331;29.36000;       0.35517;3.44360;2
 -71.30010;29.36333;       0.35489;3.44360;2
 -71.26689;29.36667;       0.35460;3.44360;2
 -71.23366;29.37000;       0.35433;3.44361;2
 -71.20043;29.37333;       0.35402;3.44361;2
 -71.16718;29.37667;       0.35377;3.44361;2
 -71.13397;29.38000;       0.35347;3.44362;2
 -71.10079;29.38333;       0.35318;3.44362;2
 -71.06759;29.38667;       0.35286;3.44362;2
 -71.03436;29.39000;       0.35257;3.44363;2
 -71.00110;29.39333;       0.35227;3.44363;2
 -70.96785;29.39667;       0.35196;3.44363;2
 -70.93461;29.40000;       0.35166;3.44364;2
 -70.90133;29.40333;       0.35134;3.44364;2
 -70.86805;29.40667;       0.35105;3.44364;2
 -70.83479;29.41000;       0.35077;3.44365;2
 -70.80156;29.41333;       0.35051;3.44365;2
 -70.76834;29.41667;       0.35022;3.44365;2
 -70.73508;29.42000;       0.34992;3.44366;2
 -70.70182;29.42333;       0.34964;3.44366;2
 -70.66854;29.42667;       0.34935;3.44366;2
 -70.63526;29.43000;       0.34903;3.44366;2
 -70.60200;29.43333;       0.34866;3.44367;2
 -70.56871;29.43667;       0.34831;3.44367;2
 -70.53544;29.44000;       0.34800;3.44367;2
 -70.50218;29.44333;       0.34770;3.44368;2
 -70.46897;29.44667;       0.34742;3.44368;2
 -70.43566;29.45000;       0.34712;3.44368;2
 -70.40234;29.45333;       0.34680;3.44369;2
 -70.36907;29.45667;       0.34648;3.44369;2
 -70.33577;29.46000;       0.34616;3.44369;2
 -70.30248;29.46333;       0.34586;3.44370;2
 -70.26920;29.46667;       0.34557;3.44370;2
 -70.23589;29.47000;       0.34528;3.44370;2
 -70.20259;29.47333;       0.34499;3.44371;2
 -70.16928;29.47667;       0.34467;3.44371;2
 -70.13592;29.48000;       0.34438;3.44371;2
 -70.10259;29.48333;       0.34408;3.44371;2
 -70.06926;29.48667;       0.34379;3.44372;2
 -70.03595;29.49000;       0.34350;3.44372;2
 -70.00259;29.49333;       0.34318;3.44372;2
 -69.96926;29.49667;       0.34286;3.44373;2
 -69.93592;29.50000;       0.34257;3.44373;2
 -69.90256;29.50333;       0.34228;3.44373;2
 -69.86921;29.50667;       0.34196;3.44374;2
 -69.83585;29.51000;       0.34163;3.44374;2
 -69.80251;29.51333;       0.34131;3.44374;2
 -69.76918;29.51667;       0.34100;3.44374;2
 -69.73584;29.52000;       0.34068;3.44375;2
 -69.70252;29.52333;       0.34040;3.44375;2
 -69.66918;29.52667;       0.34012;3.44375;2
 -69.63580;29.53000;       0.33982;3.44376;2
 -69.60246;29.53333;       0.33953;3.44376;2
 -69.56907;29.53667;       0.33922;3.44376;2
 -69.53572;29.54000;       0.33895;3.44377;2
 -69.50238;29.54333;       0.33867;3.44377;2
 -69.46903;29.54667;       0.33842;3.44377;2
 -69.43566;29.55000;       0.33813;3.44377;2
 -69.40225;29.55333;       0.33787;3.44378;2
 -69.36884;29.55667;       0.33755;3.44378;2
 -69.33543;29.56000;       0.33709;3.44378;2
 -69.30202;29.56333;       0.33679;3.44379;2
 -69.26859;29.56667;       0.33647;3.44379;2
 -69.23518;29.57000;       0.33615;3.44379;2
 -69.20179;29.57333;       0.33583;3.44379;2
 -69.16839;29.57667;       0.33548;3.44380;2
 -69.13498;29.58000;       0.33518;3.44380;2
 -69.10156;29.58333;       0.33487;3.44380;2
 -69.06811;29.58667;       0.33455;3.44381;2
 -69.03466;29.59000;       0.33432;3.44381;2
 -69.00125;29.59333;       0.33400;3.44381;2
 -68.96785;29.59667;       0.33368;3.44381;2
 -68.93443;29.60000;       0.33338;3.44382;2
 -68.90097;29.60333;       0.33306;3.44382;2
 -68.86756;29.60667;       0.33273;3.44382;2
 -68.83413;29.61000;       0.33244;3.44383;2
 -68.80069;29.61333;       0.33215;3.44383;2
 -68.76721;29.61667;       0.33184;3.44383;2
 -68.73374;29.62000;       0.33153;3.44383;2
 -68.70031;29.62333;       0.33124;3.44384;2
 -68.66689;29.62667;       0.33097;3.44384;2
 -68.63346;29.63000;       0.33068;3.44384;2
 -68.60003;29.63333;       0.33038;3.44385;2
 -68.56664;29.63667;       0.33008;3.44385;2
 -68.53326;29.64000;       0.32976;3.44385;2
 -68.49985;29.64333;       0.32945;3.44385;2
 -68.46643;29.64667;       0.32918;3.44386;2
 -68.43300;29.65000;       0.32887;3.44386;2
 -68.39962;29.65333;       0.32858;3.44386;2
 -68.36625;29.65667;       0.32828;3.44387;2
 -68.33289;29.66000;       0.32802;3.44387;2
 -68.29954;29.66333;       0.32777;3.44387;2
 -68.26616;29.66667;       0.32750;3.44387;2
 -68.23274;29.67000;       0.32719;3.44388;2
 -68.19938;29.67333;       0.32689;3.44388;2
 -68.16605;29.67667;       0.32658;3.44388;2
 -68.13269;29.68000;       0.32628;3.44388;2
 -68.09934;29.68333;       0.32596;3.44389;2
 -68.06598;29.68667;       0.32561;3.44389;2
 -68.03264;29.69000;       0.32531;3.44389;2
 -67.99928;29.69333;       0.32502;3.44389;2
 -67.96593;29.69667;       0.32473;3.44390;2
 -67.93262;29.70000;       0.32441;3.44390;2
 -67.89928;29.70333;       0.32411;3.44390;2
 -67.86595;29.70667;       0.32383;3.44391;2
 -67.83259;29.71000;       0.32354;3.44391;2
 -67.79928;29.71333;       0.32324;3.44391;2
 -67.76597;29.71667;       0.32298;3.44391;2
 -67.73266;29.72000;       0.32264;3.44392;2
 -67.69933;29.72333;       0.32229;3.44392;2
 -67.66595;29.72667;       0.32196;3.44392;2
 -67.63264;29.73000;       0.32166;3.44392;2
 -67.59929;29.73333;       0.32132;3.44393;2
 -67.56593;29.73667;       0.32098;3.44393;2
 -67.53262;29.74000;       0.32064;3.44393;2
 -67.49929;29.74333;       0.32032;3.44393;2
 -67.46597;29.74667;       0.32008;3.44394;2
 -67.43266;29.75000;       0.31983;3.44394;2
 -67.39933;29.75333;       0.31954;3.44394;2
 -67.36603;29.75667;       0.31922;3.44394;2
 -67.33270;29.76000;       0.31893;3.44395;2
 -67.29941;29.76333;       0.31863;3.44395;2
 -67.26611;29.76667;       0.31832;3.44395;2
 -67.23284;29.77000;       0.31796;3.44395;2
 -67.19956;29.77333;       0.31757;3.44396;2
 -67.16628;29.77667;       0.31715;3.44396;2
 -67.13297;29.78000;       0.31677;3.44396;2
 -67.09967;29.78333;       0.31643;3.44396;2
 -67.06639;29.78667;       0.31612;3.44397;2
 -67.03311;29.79000;       0.31582;3.44397;2
 -66.99985;29.79333;       0.31557;3.44397;2
 -66.96657;29.79667;       0.31532;3.44397;2
 -66.93326;29.80000;       0.31506;3.44398;2
 -66.90002;29.80333;       0.31482;3.44398;2
 -66.86677;29.80667;       0.31454;3.44398;2
 -66.83349;29.81000;       0.31427;3.44398;2
 -66.80020;29.81333;       0.31392;3.44399;2
 -66.76695;29.81667;       0.31353;3.44399;2
 -66.73369;29.82000;       0.31318;3.44399;2
 -66.70046;29.82333;       0.31285;3.44399;2
 -66.66720;29.82667;       0.31250;3.44400;2
 -66.63397;29.83000;       0.31221;3.44400;2
 -66.60070;29.83333;       0.31191;3.44400;2
 -66.56746;29.83667;       0.31159;3.44400;2
 -66.53420;29.84000;       0.31128;3.44400;2
 -66.50092;29.84333;       0.31101;3.44401;2
 -66.46764;29.84667;       0.31069;3.44401;2
 -66.43436;29.85000;       0.31038;3.44401;2
 -66.40110;29.85333;       0.31007;3.44401;2
 -66.36785;29.85667;       0.30979;3.44402;2
 -66.33462;29.86000;       0.30949;3.44402;2
 -66.30131;29.86333;       0.30918;3.44402;2
 -66.26802;29.86667;       0.30888;3.44402;2
 -66.23475;29.87000;       0.30859;3.44403;2
 -66.20149;29.87333;       0.30827;3.44403;2
 -66.16820;29.87667;       0.30795;3.44403;2
 -66.13492;29.88000;       0.30763;3.44403;2
 -66.10161;29.88333;       0.30733;3.44403;2
 -66.06828;29.88667;       0.30702;3.44404;2
 -66.03500;29.89000;       0.30672;3.44404;2
 -66.00174;29.89333;       0.30640;3.44404;2
 -65.96846;29.89667;       0.30614;3.44404;2
 -65.93520;29.90000;       0.30591;3.44405;2
 -65.90192;29.90333;       0.30565;3.44405;2
 -65.86864;29.90667;       0.30531;3.44405;2
 -65.83536;29.91000;       0.30494;3.44405;2
 -65.80211;29.91333;       0.30463;3.44405;2
 -65.76882;29.91667;       0.30428;3.44406;2
 -65.73551;29.92000;       0.30395;3.44406;2
 -65.70220;29.92333;       0.30357;3.44406;2
 -65.66890;29.92667;       0.30324;3.44406;2
 -65.63564;29.93000;       0.30292;3.44407;2
 -65.60234;29.93333;       0.30263;3.44407;2
 -65.56910;29.93667;       0.30236;3.44407;2
 -65.53584;29.94000;       0.30211;3.44407;2
 -65.50259;29.94333;       0.30181;3.44407;2
 -65.46931;29.94667;       0.30153;3.44408;2
 -65.43605;29.95000;       0.30124;3.44408;2
 -65.40280;29.95333;       0.30097;3.44408;2
 -65.36954;29.95667;       0.30072;3.44408;2
 -65.33626;29.96000;       0.30044;3.44408;2
 -65.30300;29.96333;       0.30017;3.44409;2
 -65.26972;29.96667;       0.29989;3.44409;2
 -65.23646;29.97000;       0.29963;3.44409;2
 -65.20316;29.97333;       0.29937;3.44409;2
 -65.16992;29.97667;       0.29913;3.44410;2
 -65.13664;29.98000;       0.29888;3.44410;2
 -65.10338;29.98333;       0.29866;3.44410;2
 -65.07012;29.98667;       0.29843;3.44410;2
 -65.03682;29.99000;       0.29816;3.44410;2
 -65.00354;29.99333;       0.29788;3.44411;2
 -64.97025;29.99667;       0.29758;3.44411;2
 -64.93695;30.00000;       0.29726;3.44411;2
 -64.90366;30.00333;       0.29695;3.44411;2
 -64.87036;30.00667;       0.29665;3.44411;2
 -64.83708;30.01000;       0.29634;3.44412;2
 -64.80377;30.01333;       0.29611;3.44412;2
 -64.77049;30.01667;       0.29582;3.44412;2
 -64.73720;30.02000;       0.29556;3.44412;2
 -64.70392;30.02333;       0.29530;3.44412;2
 -64.67061;30.02667;       0.29504;3.44413;2
 -64.63728;30.03000;       0.29479;3.44413;2
 -64.60397;30.03333;       0.29455;3.44413;2
 -64.57062;30.03667;       0.29429;3.44413;2
 -64.53730;30.04000;       0.29404;3.44413;2
 -64.50397;30.04333;       0.29382;3.44414;2
 -64.47064;30.04667;       0.29359;3.44414;2
 -64.43733;30.05000;       0.29336;3.44414;2
 -64.40400;30.05333;       0.29313;3.44414;2
 -64.37067;30.05667;       0.29292;3.44414;2
 -64.33733;30.06000;       0.29272;3.44415;2
 -64.30392;30.06333;       0.29252;3.44415;2
 -64.27057;30.06667;       0.29230;3.44415;2
 -64.23720;30.07000;       0.29210;3.44415;2
 -64.20380;30.07333;       0.29187;3.44415;2
 -64.17049;30.07667;       0.29159;3.44416;2
 -64.13716;30.08000;       0.29137;3.44416;2
 -64.10374;30.08333;       0.29116;3.44416;2
 -64.07038;30.08667;       0.29095;3.44416;2
 -64.03700;30.09000;       0.29077;3.44416;2
 -64.00362;30.09333;       0.29056;3.44416;2
 -63.97021;30.09667;       0.29038;3.44417;2
 -63.93684;30.10000;       0.29017;3.44417;2
 -63.90344;30.10333;       0.28997;3.44417;2
 -63.87005;30.10667;       0.28978;3.44417;2
 -63.83666;30.11000;       0.28965;3.44417;2
 -63.80328;30.11333;       0.28952;3.44418;2
 -63.76985;30.11667;       0.28940;3.44418;2
 -63.73646;30.12000;       0.28930;3.44418;2
 -63.70307;30.12333;       0.28920;3.44418;2
 -63.66966;30.12667;       0.28907;3.44418;2
 -63.63626;30.13000;       0.28893;3.44419;2
 -63.60287;30.13333;       0.28877;3.44419;2
 -63.56944;30.13667;       0.28864;3.44419;2
 -63.53598;30.14000;       0.28859;3.44419;2
 -63.50259;30.14333;       0.28849;3.44419;2
 -63.46912;30.14667;       0.28836;3.44419;2
 -63.43566;30.15000;       0.28820;3.44420;2
 -63.40216;30.15333;       0.28803;3.44420;2
 -63.36867;30.15667;       0.28781;3.44420;2
 -63.33520;30.16000;       0.28762;3.44420;2
 -63.30174;30.16333;       0.28746;3.44420;2
 -63.26830;30.16667;       0.28730;3.44420;2
 -63.23484;30.17000;       0.28710;3.44421;2
 -63.20139;30.17333;       0.28693;3.44421;2
 -63.16795;30.17667;       0.28674;3.44421;2
 -63.13444;30.18000;       0.28659;3.44421;2
 -63.10098;30.18333;       0.28643;3.44421;2
 -63.06749;30.18667;       0.28639;3.44421;2
 -63.03403;30.19000;       0.28629;3.44422;2
 -63.00057;30.19333;       0.28617;3.44422;2
 -62.96711;30.19667;       0.28607;3.44422;2
 -62.93364;30.20000;       0.28595;3.44422;2
 -62.90015;30.20333;       0.28584;3.44422;2
 -62.86672;30.20667;       0.28571;3.44422;2
 -62.83323;30.21000;       0.28556;3.44423;2
 -62.79974;30.21333;       0.28546;3.44423;2
 -62.76628;30.21667;       0.28536;3.44423;2
 -62.73282;30.22000;       0.28523;3.44423;2
 -62.69936;30.22333;       0.28513;3.44423;2
 -62.66587;30.22667;       0.28504;3.44423;2
 -62.63246;30.23000;       0.28500;3.44424;2
 -62.59905;30.23333;       0.28493;3.44424;2
 -62.56562;30.23667;       0.28482;3.44424;2
 -62.53220;30.24000;       0.28468;3.44424;2
 -62.49877;30.24333;       0.28453;3.44424;2
 -62.46533;30.24667;       0.28440;3.44424;2
 -62.43189;30.25000;       0.28430;3.44425;2
 -62.39839;30.25333;       0.28422;3.44425;2
 -62.36492;30.25667;       0.28413;3.44425;2
 -62.33141;30.26000;       0.28407;3.44425;2
 -62.29790;30.26333;       0.28398;3.44425;2
 -62.26444;30.26667;       0.28391;3.44425;2
 -62.23097;30.27000;       0.28385;3.44425;2
 -62.19752;30.27333;       0.28382;3.44426;2
 -62.16407;30.27667;       0.28381;3.44426;2
 -62.13052;30.28000;       0.28381;3.44426;2
 -62.09700;30.28333;       0.28378;3.44426;2
 -62.06354;30.28667;       0.28372;3.44426;2
 -62.03010;30.29000;       0.28371;3.44426;2
 -61.99667;30.29333;       0.28365;3.44426;2
 -61.96321;30.29667;       0.28356;3.44427;2
 -61.92974;30.30000;       0.28349;3.44427;2
 -61.89625;30.30333;       0.28342;3.44427;2
 -61.86280;30.30667;       0.28339;3.44427;2
 -61.82930;30.31000;       0.28335;3.44427;2
 -61.79584;30.31333;       0.28329;3.44427;2
 -61.76239;30.31667;       0.28324;3.44427;2
 -61.72893;30.32000;       0.28319;3.44428;2
 -61.69546;30.32333;       0.28316;3.44428;2
 -61.66200;30.32667;       0.28314;3.44428;2
 -61.62852;30.33000;       0.28313;3.44428;2
 -61.59508;30.33333;       0.28313;3.44428;2
 -61.56159;30.33667;       0.28308;3.44428;2
 -61.52813;30.34000;       0.28305;3.44428;2
 -61.49470;30.34333;       0.28298;3.44429;2
 -61.46123;30.34667;       0.28295;3.44429;2
 -61.42784;30.35000;       0.28292;3.44429;2
 -61.39444;30.35333;       0.28291;3.44429;2
 -61.36105;30.35667;       0.28291;3.44429;2
 -61.32764;30.36000;       0.28294;3.44429;2
 -61.29425;30.36333;       0.28295;3.44429;2
 -61.26089;30.36667;       0.28294;3.44430;2
 -61.22748;30.37000;       0.28294;3.44430;2
 -61.19405;30.37333;       0.28292;3.44430;2
 -61.16064;30.37667;       0.28287;3.44430;2
 -61.12721;30.38000;       0.28284;3.44430;2
 -61.09384;30.38333;       0.28278;3.44430;2
 -61.06043;30.38667;       0.28278;3.44430;2
 -61.02708;30.39000;       0.28278;3.44430;2
 -60.99369;30.39333;       0.28278;3.44431;2
 -60.96031;30.39667;       0.28282;3.44431;2
 -60.92689;30.40000;       0.28287;3.44431;2
 -60.89354;30.40333;       0.28289;3.44431;2
 -60.86021;30.40667;       0.28291;3.44431;2
 -60.82685;30.41000;       0.28294;3.44431;2
 -60.79352;30.41333;       0.28295;3.44431;2
 -60.76020;30.41667;       0.28297;3.44431;2
 -60.72687;30.42000;       0.28299;3.44432;2
 -60.69352;30.42333;       0.28304;3.44432;2
 -60.66015;30.42667;       0.28308;3.44432;2
 -60.62680;30.43000;       0.28312;3.44432;2
 -60.59339;30.43333;       0.28317;3.44432;2
 -60.56000;30.43667;       0.28321;3.44432;2
 -60.52661;30.44000;       0.28327;3.44432;2
 -60.49325;30.44333;       0.28334;3.44432;2
 -60.45987;30.44667;       0.28340;3.44433;2
 -60.42652;30.45000;       0.28346;3.44433;2
 -60.39318;30.45333;       0.28351;3.44433;2
 -60.35987;30.45667;       0.28359;3.44433;2
 -60.32657;30.46000;       0.28366;3.44433;2
 -60.29328;30.46333;       0.28369;3.44433;2
 -60.25997;30.46667;       0.28376;3.44433;2
 -60.22669;30.47000;       0.28382;3.44433;2
 -60.19344;30.47333;       0.28386;3.44433;2
 -60.16013;30.47667;       0.28401;3.44434;2
 -60.12687;30.48000;       0.28415;3.44434;2
 -60.09366;30.48333;       0.28422;3.44434;2
 -60.06043;30.48667;       0.28430;3.44434;2
 -60.02720;30.49000;       0.28434;3.44434;2
 -59.99390;30.49333;       0.28432;3.44434;2
 -59.96064;30.49667;       0.28434;3.44434;2
 -59.92736;30.50000;       0.28441;3.44434;2
 -59.89413;30.50333;       0.28447;3.44434;2
 -59.86090;30.50667;       0.28453;3.44435;2
 -59.82764;30.51000;       0.28463;3.44435;2
 -59.79443;30.51333;       0.28479;3.44435;2
 -59.76120;30.51667;       0.28490;3.44435;2
 -59.72789;30.52000;       0.28502;3.44435;2
 -59.69462;30.52333;       0.28513;3.44435;2
 -59.66138;30.52667;       0.28524;3.44435;2
 -59.62815;30.53000;       0.28531;3.44435;2
 -59.59493;30.53333;       0.28539;3.44435;2
 -59.56167;30.53667;       0.28551;3.44435;2
 -59.52843;30.54000;       0.28568;3.44436;2
 -59.49520;30.54333;       0.28594;3.44436;2
 -59.46195;30.54667;       0.28612;3.44436;2
 -59.42869;30.55000;       0.28623;3.44436;2
 -59.39541;30.55333;       0.28636;3.44436;2
 -59.36213;30.55667;       0.28649;3.44436;2
 -59.32887;30.56000;       0.28665;3.44436;2
 -59.29564;30.56333;       0.28680;3.44436;2
 -59.26239;30.56667;       0.28691;3.44436;2
 -59.22911;30.57000;       0.28706;3.44436;2
 -59.19584;30.57333;       0.28723;3.44436;2
 -59.16261;30.57667;       0.28742;3.44437;2
 -59.12934;30.58000;       0.28756;3.44437;2
 -59.09610;30.58333;       0.28774;3.44437;2
 -59.06280;30.58667;       0.28791;3.44437;2
 -59.02954;30.59000;       0.28809;3.44437;2
 -58.99625;30.59333;       0.28829;3.44437;2
 -58.96297;30.59667;       0.28855;3.44437;2
 -58.92969;30.60000;       0.28881;3.44437;2
 -58.89641;30.60333;       0.28903;3.44437;2
 -58.86311;30.60667;       0.28924;3.44437;2
 -58.82980;30.61000;       0.28945;3.44437;2
 -58.79651;30.61333;       0.28966;3.44437;2
 -58.76318;30.61667;       0.28988;3.44438;2
 -58.72985;30.62000;       0.29008;3.44438;2
 -58.69651;30.62333;       0.29031;3.44438;2
 -58.66320;30.62667;       0.29055;3.44438;2
 -58.62990;30.63000;       0.29082;3.44438;2
 -58.59657;30.63333;       0.29111;3.44438;2
 -58.56328;30.63667;       0.29149;3.44438;2
 -58.52997;30.64000;       0.29189;3.44438;2
 -58.49664;30.64333;       0.29220;3.44438;2
 -58.46334;30.64667;       0.29251;3.44438;2
 -58.43002;30.65000;       0.29283;3.44438;2
 -58.39667;30.65333;       0.29315;3.44438;2
 -58.36333;30.65667;       0.29346;3.44439;2
 -58.32998;30.66000;       0.29373;3.44439;2
 -58.29666;30.66333;       0.29403;3.44439;2
 -58.26326;30.66667;       0.29434;3.44439;2
 -58.22992;30.67000;       0.29467;3.44439;2
 -58.19654;30.67333;       0.29500;3.44439;2
 -58.16315;30.67667;       0.29544;3.44439;2
 -58.12977;30.68000;       0.29583;3.44439;2
 -58.09636;30.68333;       0.29623;3.44439;2
 -58.06293;30.68667;       0.29660;3.44439;2
 -58.02951;30.69000;       0.29697;3.44439;2
 -57.99610;30.69333;       0.29736;3.44439;2
 -57.96272;30.69667;       0.29775;3.44439;2
 -57.92934;30.70000;       0.29813;3.44439;2
 -57.89598;30.70333;       0.29851;3.44440;2
 -57.86259;30.70667;       0.29888;3.44440;2
 -57.82918;30.71000;       0.29932;3.44440;2
 -57.79577;30.71333;       0.29975;3.44440;2
 -57.76234;30.71667;       0.30017;3.44440;2
 -57.72889;30.72000;       0.30056;3.44440;2
 -57.69549;30.72333;       0.30104;3.44440;2
 -57.66208;30.72667;       0.30150;3.44440;2
 -57.62867;30.73000;       0.30197;3.44440;2
 -57.59525;30.73333;       0.30240;3.44440;2
 -57.56184;30.73667;       0.30285;3.44440;2
 -57.52843;30.74000;       0.30333;3.44440;2
 -57.49505;30.74333;       0.30388;3.44440;2
 -57.46161;30.74667;       0.30443;3.44440;2
 -57.42820;30.75000;       0.30493;3.44440;2
 -57.39480;30.75333;       0.30538;3.44440;2
 -57.36141;30.75667;       0.30582;3.44440;2
 -57.32798;30.76000;       0.30627;3.44441;2
 -57.29459;30.76333;       0.30671;3.44441;2
 -57.26115;30.76667;       0.30716;3.44441;2
 -57.22775;30.77000;       0.30764;3.44441;2
 -57.19436;30.77333;       0.30815;3.44441;2
 -57.16098;30.77667;       0.30865;3.44441;2
 -57.12756;30.78000;       0.30913;3.44441;2
 -57.09416;30.78333;       0.30960;3.44441;2
 -57.06075;30.78667;       0.31007;3.44441;2
 -57.02736;30.79000;       0.31064;3.44441;2
 -56.99395;30.79333;       0.31117;3.44441;2
 -56.96054;30.79667;       0.31174;3.44441;2
 -56.92715;30.80000;       0.31230;3.44441;2
 -56.89375;30.80333;       0.31290;3.44441;2
 -56.86039;30.80667;       0.31346;3.44441;2
 -56.82702;30.81000;       0.31403;3.44441;2
 -56.79364;30.81333;       0.31458;3.44441;2
 -56.76023;30.81667;       0.31513;3.44441;2
 -56.72684;30.82000;       0.31569;3.44441;2
 -56.69348;30.82333;       0.31627;3.44441;2
 -56.66013;30.82667;       0.31682;3.44441;2
 -56.62677;30.83000;       0.31740;3.44442;2
 -56.59343;30.83333;       0.31795;3.44442;2
 -56.56010;30.83667;       0.31853;3.44442;2
 -56.52675;30.84000;       0.31909;3.44442;2
 -56.49343;30.84333;       0.31964;3.44442;2
 -56.46010;30.84667;       0.32025;3.44442;2
 -56.42674;30.85000;       0.32084;3.44442;2
 -56.39344;30.85333;       0.32138;3.44442;2
 -56.36013;30.85667;       0.32196;3.44442;2
 -56.32679;30.86000;       0.32257;3.44442;2
 -56.29351;30.86333;       0.32320;3.44442;2
 -56.26021;30.86667;       0.32383;3.44442;2
 -56.22697;30.87000;       0.32445;3.44442;2
 -56.19369;30.87333;       0.32506;3.44442;2
 -56.16044;30.87667;       0.32568;3.44442;2
 -56.12716;30.88000;       0.32636;3.44442;2
 -56.09389;30.88333;       0.32703;3.44442;2
 -56.06064;30.88667;       0.32768;3.44442;2
 -56.02739;30.89000;       0.32830;3.44442;2
 -55.99413;30.89333;       0.32892;3.44442;2
 -55.96090;30.89667;       0.32954;3.44442;2
 -55.92767;30.90000;       0.33018;3.44442;2
 -55.89443;30.90333;       0.33082;3.44442;2
 -55.86120;30.90667;       0.33146;3.44442;2
 -55.82793;30.91000;       0.33205;3.44442;2
 -55.79470;30.91333;       0.33270;3.44442;2
 -55.76149;30.91667;       0.33334;3.44442;2
 -55.72833;30.92000;       0.33396;3.44442;2
 -55.69516;30.92333;       0.33461;3.44442;2
 -55.66200;30.92667;       0.33526;3.44442;2
 -55.62884;30.93000;       0.33591;3.44442;2
 -55.59566;30.93333;       0.33656;3.44442;2
 -55.56248;30.93667;       0.33720;3.44442;2
 -55.52928;30.94000;       0.33787;3.44443;2
 -55.49611;30.94333;       0.33856;3.44443;2
 -55.46293;30.94667;       0.33927;3.44443;2
 -55.42977;30.95000;       0.33997;3.44443;2
 -55.39657;30.95333;       0.34063;3.44443;2
 -55.36338;30.95667;       0.34126;3.44443;2
 -55.33020;30.96000;       0.34191;3.44443;2
 -55.29707;30.96333;       0.34256;3.44443;2
 -55.26390;30.96667;       0.34317;3.44443;2
 -55.23075;30.97000;       0.34382;3.44443;2
 -55.19756;30.97333;       0.34460;3.44443;2
 -55.16438;30.97667;       0.34532;3.44443;2
 -55.13123;30.98000;       0.34599;3.44443;2
 -55.09808;30.98333;       0.34664;3.44443;2
 -55.06490;30.98667;       0.34729;3.44443;2
 -55.03177;30.99000;       0.34794;3.44443;2
 -54.99862;30.99333;       0.34865;3.44443;2
 -54.96549;30.99667;       0.34939;3.44443;2
 -54.93234;31.00000;       0.35013;3.44443;2
 -54.89921;31.00333;       0.35082;3.44443;2
 -54.86610;31.00667;       0.35153;3.44443;2
 -54.83298;31.01000;       0.35229;3.44443;2
 -54.79984;31.01333;       0.35298;3.44443;2
 -54.76672;31.01667;       0.35368;3.44443;2
 -54.73361;31.02000;       0.35440;3.44443;2
 -54.70051;31.02333;       0.35515;3.44443;2
 -54.66738;31.02667;       0.35595;3.44443;2
 -54.63425;31.03000;       0.35672;3.44443;2
 -54.60113;31.03333;       0.35738;3.44443;2
 -54.56800;31.03667;       0.35806;3.44443;2
 -54.53485;31.04000;       0.35874;3.44443;2
 -54.50169;31.04333;       0.35947;3.44443;2
 -54.46854;31.04667;       0.36019;3.44443;2
 -54.43539;31.05000;       0.36102;3.44443;2
 -54.40225;31.05333;       0.36186;3.44443;2
 -54.36907;31.05667;       0.36264;3.44443;2
 -54.33590;31.06000;       0.36343;3.44443;2
 -54.30277;31.06333;       0.36424;3.44443;2
 -54.26959;31.06667;       0.36501;3.44443;2
 -54.23638;31.07000;       0.36576;3.44443;2
 -54.20318;31.07333;       0.36655;3.44443;2
 -54.16997;31.07667;       0.36734;3.44443;2
 -54.13672;31.08000;       0.36814;3.44443;2
 -54.10352;31.08333;       0.36898;3.44443;2
 -54.07033;31.08667;       0.36983;3.44443;2
 -54.03713;31.09000;       0.37067;3.44443;2
 -54.00390;31.09333;       0.37150;3.44443;2
 -53.97072;31.09667;       0.37231;3.44443;2
 -53.93751;31.10000;       0.37312;3.44443;2
 -53.90428;31.10333;       0.37394;3.44443;2
 -53.87102;31.10667;       0.37477;3.44443;2
 -53.83774;31.11000;       0.37562;3.44443;2
 -53.80449;31.11333;       0.37648;3.44443;2
 -53.77123;31.11667;       0.37732;3.44443;2
 -53.73793;31.12000;       0.37817;3.44443;2
 -53.70462;31.12333;       0.37902;3.44443;2
 -53.67133;31.12667;       0.37988;3.44443;2
 -53.63802;31.13000;       0.38075;3.44443;2
 -53.60469;31.13333;       0.38162;3.44442;2
 -53.57136;31.13667;       0.38246;3.44442;2
 -53.53805;31.14000;       0.38327;3.44442;2
 -53.50479;31.14333;       0.38411;3.44442;2
 -53.47144;31.14667;       0.38495;3.44442;2
 -53.43808;31.15000;       0.38592;3.44442;2
 -53.40474;31.15333;       0.38689;3.44442;2
 -53.37139;31.15667;       0.38780;3.44442;2
 -53.33808;31.16000;       0.38870;3.44442;2
 -53.30474;31.16333;       0.38958;3.44442;2
 -53.27138;31.16667;       0.39048;3.44442;2
 -53.23802;31.17000;       0.39135;3.44442;2
 -53.20462;31.17333;       0.39226;3.44442;2
 -53.17128;31.17667;       0.39316;3.44442;2
 -53.13789;31.18000;       0.39404;3.44442;2
 -53.10448;31.18333;       0.39492;3.44442;2
 -53.07108;31.18667;       0.39586;3.44442;2
 -53.03766;31.19000;       0.39686;3.44442;2
 -53.00421;31.19333;       0.39785;3.44442;2
 -52.97080;31.19667;       0.39883;3.44442;2
 -52.93739;31.20000;       0.39983;3.44442;2
 -52.90397;31.20333;       0.40080;3.44442;2
 -52.87054;31.20667;       0.40173;3.44442;2
 -52.83710;31.21000;       0.40270;3.44442;2
 -52.80362;31.21333;       0.40367;3.44442;2
 -52.77015;31.21667;       0.40464;3.44442;2
 -52.73666;31.22000;       0.40561;3.44442;2
 -52.70320;31.22333;       0.40655;3.44442;2
 -52.66972;31.22667;       0.40753;3.44442;2
 -52.63625;31.23000;       0.40852;3.44442;2
 -52.60277;31.23333;       0.40949;3.44442;2
 -52.56923;31.23667;       0.41046;3.44442;2
 -52.53574;31.24000;       0.41141;3.44442;2
 -52.50225;31.24333;       0.41242;3.44442;2
 -52.46875;31.24667;       0.41341;3.44441;2
 -52.43521;31.25000;       0.41442;3.44441;2
 -52.40170;31.25333;       0.41542;3.44441;2
 -52.36820;31.25667;       0.41646;3.44441;2
 -52.33467;31.26000;       0.41749;3.44441;2
 -52.30113;31.26333;       0.41846;3.44441;2
 -52.26757;31.26667;       0.41948;3.44441;2
 -52.23402;31.27000;       0.42047;3.44441;2
 -52.20049;31.27333;       0.42153;3.44441;2
 -52.16695;31.27667;       0.42257;3.44441;2
 -52.13344;31.28000;       0.42363;3.44441;2
 -52.09995;31.28333;       0.42466;3.44441;2
 -52.06641;31.28667;       0.42570;3.44441;2
 -52.03290;31.29000;       0.42669;3.44441;2
 -51.99934;31.29333;       0.42766;3.44441;2
 -51.96580;31.29667;       0.42866;3.44441;2
 -51.93225;31.30000;       0.42970;3.44441;2
 -51.89870;31.30333;       0.43070;3.44441;2
 -51.86518;31.30667;       0.43172;3.44441;2
 -51.83166;31.31000;       0.43277;3.44441;2
 -51.79816;31.31333;       0.43381;3.44440;2
 -51.76466;31.31667;       0.43487;3.44440;2
 -51.73113;31.32000;       0.43594;3.44440;2
 -51.69764;31.32333;       0.43704;3.44440;2
 -51.66411;31.32667;       0.43812;3.44440;2
 -51.63061;31.33000;       0.43917;3.44440;2
 -51.59707;31.33333;       0.44017;3.44440;2
 -51.56356;31.33667;       0.44118;3.44440;2
 -51.53005;31.34000;       0.44215;3.44440;2
 -51.49654;31.34333;       0.44312;3.44440;2
 -51.46297;31.34667;       0.44416;3.44440;2
 -51.42944;31.35000;       0.44520;3.44440;2
 -51.39595;31.35333;       0.44622;3.44440;2
 -51.36249;31.35667;       0.44723;3.44440;2
 -51.32902;31.36000;       0.44826;3.44440;2
 -51.29551;31.36333;       0.44929;3.44440;2
 -51.26202;31.36667;       0.45033;3.44440;2
 -51.22852;31.37000;       0.45136;3.44439;2
 -51.19508;31.37333;       0.45242;3.44439;2
 -51.16164;31.37667;       0.45346;3.44439;2
 -51.12815;31.38000;       0.45447;3.44439;2
 -51.09470;31.38333;       0.45548;3.44439;2
 -51.06125;31.38667;       0.45650;3.44439;2
 -51.02779;31.39000;       0.45750;3.44439;2
 -50.99438;31.39333;       0.45853;3.44439;2
 -50.96095;31.39667;       0.45955;3.44439;2
 -50.92752;31.40000;       0.46058;3.44439;2
 -50.89408;31.40333;       0.46161;3.44439;2
 -50.86066;31.40667;       0.46262;3.44439;2
 -50.82723;31.41000;       0.46353;3.44439;2
 -50.79379;31.41333;       0.46449;3.44439;2
 -50.76038;31.41667;       0.46549;3.44438;2
 -50.72700;31.42000;       0.46646;3.44438;2
 -50.69361;31.42333;       0.46744;3.44438;2
 -50.66020;31.42667;       0.46843;3.44438;2
 -50.62682;31.43000;       0.46943;3.44438;2
 -50.59343;31.43333;       0.47043;3.44438;2
 -50.56005;31.43667;       0.47141;3.44438;2
 -50.52667;31.44000;       0.47245;3.44438;2
 -50.49328;31.44333;       0.47348;3.44438;2
 -50.45993;31.44667;       0.47448;3.44438;2
 -50.42656;31.45000;       0.47549;3.44438;2
 -50.39323;31.45333;       0.47648;3.44438;2
 -50.35987;31.45667;       0.47745;3.44437;2
 -50.32654;31.46000;       0.47838;3.44437;2
 -50.29323;31.46333;       0.47933;3.44437;2
 -50.25992;31.46667;       0.48032;3.44437;2
 -50.22662;31.47000;       0.48133;3.44437;2
 -50.19333;31.47333;       0.48231;3.44437;2
 -50.16000;31.47667;       0.48328;3.44437;2
 -50.12670;31.48000;       0.48423;3.44437;2
 -50.09339;31.48333;       0.48519;3.44437;2
 -50.06007;31.48667;       0.48614;3.44437;2
 -50.02677;31.49000;       0.48712;3.44437;2
 -49.99348;31.49333;       0.48811;3.44437;2
 -49.96018;31.49667;       0.48910;3.44436;2
 -49.92690;31.50000;       0.49007;3.44436;2
 -49.89361;31.50333;       0.49104;3.44436;2
 -49.86028;31.50667;       0.49199;3.44436;2
 -49.82695;31.51000;       0.49296;3.44436;2
 -49.79366;31.51333;       0.49394;3.44436;2
 -49.76033;31.51667;       0.49494;3.44436;2
 -49.72702;31.52000;       0.49590;3.44436;2
 -49.69374;31.52333;       0.49689;3.44436;2
 -49.66044;31.52667;       0.49786;3.44436;2
 -49.62716;31.53000;       0.49882;3.44436;2
 -49.59387;31.53333;       0.49976;3.44435;2
 -49.56064;31.53667;       0.50076;3.44435;2
 -49.52739;31.54000;       0.50175;3.44435;2
 -49.49415;31.54333;       0.50274;3.44435;2
 -49.46089;31.54667;       0.50373;3.44435;2
 -49.42762;31.55000;       0.50471;3.44435;2
 -49.39439;31.55333;       0.50568;3.44435;2
 -49.36115;31.55667;       0.50667;3.44435;2
 -49.32787;31.56000;       0.50762;3.44435;2
 -49.29462;31.56333;       0.50856;3.44435;2
 -49.26138;31.56667;       0.50955;3.44434;2
 -49.22813;31.57000;       0.51050;3.44434;2
 -49.19487;31.57333;       0.51146;3.44434;2
 -49.16157;31.57667;       0.51240;3.44434;2
 -49.12826;31.58000;       0.51333;3.44434;2
 -49.09498;31.58333;       0.51423;3.44434;2
 -49.06170;31.58667;       0.51515;3.44434;2
 -49.02846;31.59000;       0.51608;3.44434;2
 -48.99520;31.59333;       0.51704;3.44434;2
 -48.96192;31.59667;       0.51799;3.44433;2
 -48.92866;31.60000;       0.51893;3.44433;2
 -48.89536;31.60333;       0.51986;3.44433;2
 -48.86210;31.60667;       0.52077;3.44433;2
 -48.82884;31.61000;       0.52170;3.44433;2
 -48.79554;31.61333;       0.52262;3.44433;2
 -48.76228;31.61667;       0.52358;3.44433;2
 -48.72900;31.62000;       0.52451;3.44433;2
 -48.69569;31.62333;       0.52549;3.44433;2
 -48.66241;31.62667;       0.52651;3.44432;2
 -48.62915;31.63000;       0.52753;3.44432;2
 -48.59580;31.63333;       0.52847;3.44432;2
 -48.56252;31.63667;       0.52936;3.44432;2
 -48.52925;31.64000;       0.53026;3.44432;2
 -48.49600;31.64333;       0.53118;3.44432;2
 -48.46271;31.64667;       0.53212;3.44432;2
 -48.42939;31.65000;       0.53305;3.44432;2
 -48.39611;31.65333;       0.53398;3.44431;2
 -48.36282;31.65667;       0.53492;3.44431;2
 -48.32954;31.66000;       0.53586;3.44431;2
 -48.29621;31.66333;       0.53677;3.44431;2
 -48.26290;31.66667;       0.53770;3.44431;2
 -48.22962;31.67000;       0.53865;3.44431;2
 -48.19633;31.67333;       0.53960;3.44431;2
 -48.16302;31.67667;       0.54057;3.44431;2
 -48.12971;31.68000;       0.54146;3.44430;2
 -48.09639;31.68333;       0.54239;3.44430;2
 -48.06311;31.68667;       0.54335;3.44430;2
 -48.02980;31.69000;       0.54426;3.44430;2
 -47.99649;31.69333;       0.54519;3.44430;2
 -47.96318;31.69667;       0.54613;3.44430;2
 -47.92987;31.70000;       0.54708;3.44430;2
 -47.89657;31.70333;       0.54801;3.44430;2
 -47.86328;31.70667;       0.54894;3.44429;2
 -47.83000;31.71000;       0.54992;3.44429;2
 -47.79672;31.71333;       0.55091;3.44429;2
 -47.76344;31.71667;       0.55183;3.44429;2
 -47.73015;31.72000;       0.55276;3.44429;2
 -47.69689;31.72333;       0.55357;3.44429;2
 -47.66357;31.72667;       0.55442;3.44429;2
 -47.63028;31.73000;       0.55535;3.44429;2
 -47.59698;31.73333;       0.55628;3.44428;2
 -47.56369;31.73667;       0.55723;3.44428;2
 -47.53038;31.74000;       0.55822;3.44428;2
 -47.49705;31.74333;       0.55916;3.44428;2
 -47.46375;31.74667;       0.56004;3.44428;2
 -47.43041;31.75000;       0.56096;3.44428;2
 -47.39708;31.75333;       0.56188;3.44428;2
 -47.36377;31.75667;       0.56282;3.44427;2
 -47.33046;31.76000;       0.56375;3.44427;2
 -47.29716;31.76333;       0.56468;3.44427;2
 -47.26382;31.76667;       0.56556;3.44427;2
 -47.23048;31.77000;       0.56643;3.44427;2
 -47.19715;31.77333;       0.56728;3.44427;2
 -47.16384;31.77667;       0.56820;3.44427;2
 -47.13054;31.78000;       0.56911;3.44426;2
 -47.09728;31.78333;       0.56998;3.44426;2
 -47.06400;31.78667;       0.57089;3.44426;2
 -47.03069;31.79000;       0.57182;3.44426;2
 -46.99736;31.79333;       0.57276;3.44426;2
 -46.96403;31.79667;       0.57368;3.44426;2
 -46.93072;31.80000;       0.57458;3.44425;2
 -46.89741;31.80333;       0.57550;3.44425;2
 -46.86411;31.80667;       0.57644;3.44425;2
 -46.83080;31.81000;       0.57736;3.44425;2
 -46.79748;31.81333;       0.57829;3.44425;2
 -46.76418;31.81667;       0.57922;3.44425;2
 -46.73085;31.82000;       0.58016;3.44425;2
 -46.69754;31.82333;       0.58107;3.44424;2
 -46.66425;31.82667;       0.58192;3.44424;2
 -46.63095;31.83000;       0.58279;3.44424;2
 -46.59764;31.83333;       0.58368;3.44424;2
 -46.56436;31.83667;       0.58458;3.44424;2
 -46.53103;31.84000;       0.58546;3.44424;2
 -46.49769;31.84333;       0.58634;3.44423;2
 -46.46433;31.84667;       0.58724;3.44423;2
 -46.43102;31.85000;       0.58814;3.44423;2
 -46.39772;31.85333;       0.58904;3.44423;2
 -46.36441;31.85667;       0.58990;3.44423;2
 -46.33110;31.86000;       0.59079;3.44423;2
 -46.29779;31.86333;       0.59167;3.44422;2
 -46.26449;31.86667;       0.59257;3.44422;2
 -46.23116;31.87000;       0.59345;3.44422;2
 -46.19782;31.87333;       0.59434;3.44422;2
 -46.16449;31.87667;       0.59523;3.44422;2
 -46.13115;31.88000;       0.59615;3.44422;2
 -46.09787;31.88333;       0.59702;3.44421;2
 -46.06456;31.88667;       0.59793;3.44421;2
 -46.03125;31.89000;       0.59880;3.44421;2
 -45.99793;31.89333;       0.59968;3.44421;2
 -45.96462;31.89667;       0.60055;3.44421;2
 -45.93131;31.90000;       0.60138;3.44421;2
 -45.89802;31.90333;       0.60220;3.44420;2
 -45.86471;31.90667;       0.60305;3.44420;2
 -45.83139;31.91000;       0.60391;3.44420;2
 -45.79807;31.91333;       0.60482;3.44420;2
 -45.76474;31.91667;       0.60572;3.44420;2
 -45.73139;31.92000;       0.60660;3.44420;2
 -45.69808;31.92333;       0.60749;3.44419;2
 -45.66474;31.92667;       0.60834;3.44419;2
 -45.63139;31.93000;       0.60921;3.44419;2
 -45.59808;31.93333;       0.61005;3.44419;2
 -45.56475;31.93667;       0.61093;3.44419;2
 -45.53139;31.94000;       0.61183;3.44419;2
 -45.49803;31.94333;       0.61273;3.44418;2
 -45.46472;31.94667;       0.61358;3.44418;2
 -45.43136;31.95000;       0.61445;3.44418;2
 -45.39805;31.95333;       0.61531;3.44418;2
 -45.36475;31.95667;       0.61618;3.44418;2
 -45.33143;31.96000;       0.61706;3.44417;2
 -45.29810;31.96333;       0.61794;3.44417;2
 -45.26477;31.96667;       0.61881;3.44417;2
 -45.23149;31.97000;       0.61970;3.44417;2
 -45.19820;31.97333;       0.62058;3.44417;2
 -45.16489;31.97667;       0.62146;3.44417;2
 -45.13154;31.98000;       0.62232;3.44416;2
 -45.09818;31.98333;       0.62313;3.44416;2
 -45.06485;31.98667;       0.62395;3.44416;2
 -45.03154;31.99000;       0.62479;3.44416;2
 -44.99823;31.99333;       0.62561;3.44416;2
 -44.96493;31.99667;       0.62642;3.44415;2
 -44.93162;32.00000;       0.62727;3.44415;2
 -44.89833;32.00333;       0.62813;3.44415;2
 -44.86505;32.00667;       0.62895;3.44415;2
 -44.83177;32.01000;       0.62978;3.44415;2
 -44.79846;32.01333;       0.63063;3.44414;2
 -44.76518;32.01667;       0.63147;3.44414;2
 -44.73190;32.02000;       0.63234;3.44414;2
 -44.69862;32.02333;       0.63314;3.44414;2
 -44.66533;32.02667;       0.63396;3.44414;2
 -44.63205;32.03000;       0.63476;3.44413;2
 -44.59877;32.03333;       0.63556;3.44413;2
 -44.56544;32.03667;       0.63640;3.44413;2
 -44.53216;32.04000;       0.63724;3.44413;2
 -44.49889;32.04333;       0.63808;3.44413;2
 -44.46562;32.04667;       0.63890;3.44413;2
 -44.43236;32.05000;       0.63971;3.44412;2
 -44.39907;32.05333;       0.64052;3.44412;2
 -44.36577;32.05667;       0.64135;3.44412;2
 -44.33248;32.06000;       0.64215;3.44412;2
 -44.29920;32.06333;       0.64296;3.44412;2
 -44.26590;32.06667;       0.64378;3.44411;2
 -44.23261;32.07000;       0.64461;3.44411;2
 -44.19933;32.07333;       0.64542;3.44411;2
 -44.16603;32.07667;       0.64622;3.44411;2
 -44.13269;32.08000;       0.64703;3.44410;2
 -44.09941;32.08333;       0.64783;3.44410;2
 -44.06611;32.08667;       0.64862;3.44410;2
 -44.03284;32.09000;       0.64942;3.44410;2
 -43.99954;32.09333;       0.65023;3.44410;2
 -43.96626;32.09667;       0.65104;3.44409;2
 -43.93298;32.10000;       0.65184;3.44409;2
 -43.89969;32.10333;       0.65265;3.44409;2
 -43.86644;32.10667;       0.65343;3.44409;2
 -43.83315;32.11000;       0.65421;3.44409;2
 -43.79989;32.11333;       0.65498;3.44408;2
 -43.76661;32.11667;       0.65572;3.44408;2
 -43.73333;32.12000;       0.65647;3.44408;2
 -43.70008;32.12333;       0.65723;3.44408;2
 -43.66680;32.12667;       0.65801;3.44408;2
 -43.63351;32.13000;       0.65878;3.44407;2
 -43.60023;32.13333;       0.65950;3.44407;2
 -43.56693;32.13667;       0.66020;3.44407;2
 -43.53367;32.14000;       0.66095;3.44407;2
 -43.50041;32.14333;       0.66175;3.44406;2
 -43.46718;32.14667;       0.66260;3.44406;2
 -43.43387;32.15000;       0.66346;3.44406;2
 -43.40061;32.15333;       0.66427;3.44406;2
 -43.36733;32.15667;       0.66502;3.44406;2
 -43.33405;32.16000;       0.66574;3.44405;2
 -43.30075;32.16333;       0.66653;3.44405;2
 -43.26748;32.16667;       0.66732;3.44405;2
 -43.23420;32.17000;       0.66815;3.44405;2
 -43.20092;32.17333;       0.66895;3.44404;2
 -43.16764;32.17667;       0.66971;3.44404;2
 -43.13434;32.18000;       0.67045;3.44404;2
 -43.10108;32.18333;       0.67118;3.44404;2
 -43.06780;32.18667;       0.67192;3.44404;2
 -43.03451;32.19000;       0.67264;3.44403;2
 -43.00121;32.19333;       0.67339;3.44403;2
 -42.96793;32.19667;       0.67416;3.44403;2
 -42.93464;32.20000;       0.67493;3.44403;2
 -42.90139;32.20333;       0.67564;3.44402;2
 -42.86811;32.20667;       0.67638;3.44402;2
 -42.83480;32.21000;       0.67716;3.44402;2
 -42.80149;32.21333;       0.67793;3.44402;2
 -42.76821;32.21667;       0.67868;3.44402;2
 -42.73490;32.22000;       0.67943;3.44401;2
 -42.70159;32.22333;       0.68022;3.44401;2
 -42.66828;32.22667;       0.68100;3.44401;2
 -42.63498;32.23000;       0.68175;3.44401;2
 -42.60167;32.23333;       0.68249;3.44400;2
 -42.56833;32.23667;       0.68319;3.44400;2
 -42.53507;32.24000;       0.68388;3.44400;2
 -42.50175;32.24333;       0.68461;3.44400;2
 -42.46844;32.24667;       0.68536;3.44399;2
 -42.43513;32.25000;       0.68608;3.44399;2
 -42.40182;32.25333;       0.68684;3.44399;2
 -42.36854;32.25667;       0.68756;3.44399;2
 -42.33523;32.26000;       0.68827;3.44398;2
 -42.30192;32.26333;       0.68897;3.44398;2
 -42.26859;32.26667;       0.68969;3.44398;2
 -42.23529;32.27000;       0.69043;3.44398;2
 -42.20200;32.27333;       0.69118;3.44397;2
 -42.16872;32.27667;       0.69191;3.44397;2
 -42.13544;32.28000;       0.69263;3.44397;2
 -42.10216;32.28333;       0.69337;3.44397;2
 -42.06885;32.28667;       0.69413;3.44396;2
 -42.03552;32.29000;       0.69485;3.44396;2
 -42.00220;32.29333;       0.69556;3.44396;2
 -41.96887;32.29667;       0.69627;3.44396;2
 -41.93557;32.30000;       0.69697;3.44395;2
 -41.90225;32.30333;       0.69768;3.44395;2
 -41.86893;32.30667;       0.69837;3.44395;2
 -41.83557;32.31000;       0.69907;3.44395;2
 -41.80226;32.31333;       0.69978;3.44394;2
 -41.76892;32.31667;       0.70047;3.44394;2
 -41.73559;32.32000;       0.70117;3.44394;2
 -41.70229;32.32333;       0.70183;3.44394;2
 -41.66893;32.32667;       0.70252;3.44393;2
 -41.63562;32.33000;       0.70327;3.44393;2
 -41.60231;32.33333;       0.70395;3.44393;2
 -41.56900;32.33667;       0.70463;3.44393;2
 -41.53567;32.34000;       0.70530;3.44392;2
 -41.50233;32.34333;       0.70594;3.44392;2
 -41.46902;32.34667;       0.70660;3.44392;2
 -41.43569;32.35000;       0.70728;3.44392;2
 -41.40238;32.35333;       0.70795;3.44391;2
 -41.36905;32.35667;       0.70863;3.44391;2
 -41.33574;32.36000;       0.70928;3.44391;2
 -41.30243;32.36333;       0.70993;3.44391;2
 -41.26913;32.36667;       0.71054;3.44390;2
 -41.23579;32.37000;       0.71121;3.44390;2
 -41.20244;32.37333;       0.71189;3.44390;2
 -41.16911;32.37667;       0.71257;3.44390;2
 -41.13579;32.38000;       0.71321;3.44389;2
 -41.10246;32.38333;       0.71386;3.44389;2
 -41.06910;32.38667;       0.71443;3.44389;2
 -41.03575;32.39000;       0.71502;3.44388;2
 -41.00239;32.39333;       0.71563;3.44388;2
 -40.96903;32.39667;       0.71622;3.44388;2
 -40.93569;32.40000;       0.71685;3.44388;2
 -40.90230;32.40333;       0.71744;3.44387;2
 -40.86892;32.40667;       0.71808;3.44387;2
 -40.83554;32.41000;       0.71869;3.44387;2
 -40.80216;32.41333;       0.71927;3.44387;2
 -40.76877;32.41667;       0.71988;3.44386;2
 -40.73538;32.42000;       0.72049;3.44386;2
 -40.70202;32.42333;       0.72109;3.44386;2
 -40.66859;32.42667;       0.72167;3.44385;2
 -40.63523;32.43000;       0.72225;3.44385;2
 -40.60185;32.43333;       0.72283;3.44385;2
 -40.56846;32.43667;       0.72335;3.44385;2
 -40.53508;32.44000;       0.72376;3.44384;2
 -40.50169;32.44333;       0.72418;3.44384;2
 -40.46831;32.44667;       0.72465;3.44384;2
 -40.43493;32.45000;       0.72515;3.44384;2
 -40.40156;32.45333;       0.72565;3.44383;2
 -40.36816;32.45667;       0.72615;3.44383;2
 -40.33475;32.46000;       0.72665;3.44383;2
 -40.30138;32.46333;       0.72708;3.44382;2
 -40.26802;32.46667;       0.72752;3.44382;2
 -40.23464;32.47000;       0.72794;3.44382;2
 -40.20120;32.47333;       0.72833;3.44382;2
 -40.16779;32.47667;       0.72870;3.44381;2
 -40.13436;32.48000;       0.72908;3.44381;2
 -40.10095;32.48333;       0.72937;3.44381;2
 -40.06757;32.48667;       0.72975;3.44380;2
 -40.03418;32.49000;       0.73008;3.44380;2
 -40.00080;32.49333;       0.73037;3.44380;2
 -39.96739;32.49667;       0.73062;3.44380;2
 -39.93398;32.50000;       0.73090;3.44379;2
 -39.90057;32.50333;       0.73116;3.44379;2
 -39.86720;32.50667;       0.73126;3.44379;2
 -39.83375;32.51000;       0.73146;3.44378;2
 -39.80034;32.51333;       0.73161;3.44378;2
 -39.76693;32.51667;       0.73171;3.44378;2
 -39.73352;32.52000;       0.73175;3.44378;2
 -39.70010;32.52333;       0.73190;3.44377;2
 -39.66666;32.52667;       0.73200;3.44377;2
 -39.63325;32.53000;       0.73196;3.44377;2
 -39.59984;32.53333;       0.73194;3.44376;2
 -39.56641;32.53667;       0.73196;3.44376;2
 -39.53303;32.54000;       0.73186;3.44376;2
 -39.49966;32.54333;       0.73172;3.44375;2
 -39.46625;32.54667;       0.73150;3.44375;2
 -39.43282;32.55000;       0.73133;3.44375;2
 -39.39938;32.55333;       0.73108;3.44375;2
 -39.36598;32.55667;       0.73076;3.44374;2
 -39.33259;32.56000;       0.73030;3.44374;2
 -39.29918;32.56333;       0.72982;3.44374;2
 -39.26574;32.56667;       0.72936;3.44373;2
 -39.23230;32.57000;       0.72893;3.44373;2
 -39.19892;32.57333;       0.72845;3.44373;2
 -39.16552;32.57667;       0.72787;3.44372;2
 -39.13210;32.58000;       0.72722;3.44372;2
 -39.09867;32.58333;       0.72655;3.44372;2
 -39.06528;32.58667;       0.72574;3.44372;2
 -39.03190;32.59000;       0.72495;3.44371;2
 -38.99852;32.59333;       0.72411;3.44371;2
 -38.96515;32.59667;       0.72317;3.44371;2
 -38.93174;32.60000;       0.72215;3.44370;2
 -38.89831;32.60333;       0.72108;3.44370;2
 -38.86495;32.60667;       0.72004;3.44370;2
 -38.83157;32.61000;       0.71888;3.44369;2
 -38.79816;32.61333;       0.71768;3.44369;2
 -38.76479;32.61667;       0.71640;3.44369;2
 -38.73143;32.62000;       0.71509;3.44368;2
 -38.69808;32.62333;       0.71369;3.44368;2
 -38.66472;32.62667;       0.71227;3.44368;2
 -38.63139;32.63000;       0.71076;3.44367;2
 -38.59800;32.63333;       0.70927;3.44367;2
 -38.56462;32.63667;       0.70761;3.44367;2
 -38.53130;32.64000;       0.70597;3.44367;2
 -38.49795;32.64333;       0.70432;3.44366;2
 -38.46459;32.64667;       0.70259;3.44366;2
 -38.43126;32.65000;       0.70084;3.44366;2
 -38.39789;32.65333;       0.69900;3.44365;2
 -38.36454;32.65667;       0.69713;3.44365;2
 -38.33123;32.66000;       0.69531;3.44365;2
 -38.29792;32.66333;       0.69345;3.44364;2
 -38.26457;32.66667;       0.69154;3.44364;2
 -38.23121;32.67000;       0.68963;3.44364;2
 -38.19789;32.67333;       0.68766;3.44363;2
 -38.16461;32.67667;       0.68569;3.44363;2
 -38.13128;32.68000;       0.68367;3.44363;2
 -38.09793;32.68333;       0.68161;3.44362;2
 -38.06461;32.68667;       0.67953;3.44362;2
 -38.03130;32.69000;       0.67747;3.44362;2
 -37.99797;32.69333;       0.67536;3.44361;2
 -37.96462;32.69667;       0.67324;3.44361;2
 -37.93133;32.70000;       0.67116;3.44361;2
 -37.89802;32.70333;       0.66913;3.44360;2
 -37.86472;32.70667;       0.66703;3.44360;2
 -37.83138;32.71000;       0.66494;3.44360;2
 -37.79808;32.71333;       0.66284;3.44359;2
 -37.76477;32.71667;       0.66075;3.44359;2
 -37.73149;32.72000;       0.65862;3.44359;2
 -37.69820;32.72333;       0.65650;3.44358;2
 -37.66490;32.72667;       0.65437;3.44358;2
 -37.63159;32.73000;       0.65223;3.44358;2
 -37.59831;32.73333;       0.64998;3.44357;2
 -37.56500;32.73667;       0.64782;3.44357;2
 -37.53171;32.74000;       0.64573;3.44357;2
 -37.49839;32.74333;       0.64357;3.44356;2
 -37.46510;32.74667;       0.64143;3.44356;2
 -37.43184;32.75000;       0.63925;3.44356;2
 -37.39857;32.75333;       0.63704;3.44355;2
 -37.36531;32.75667;       0.63484;3.44355;2
 -37.33203;32.76000;       0.63270;3.44355;2
 -37.29875;32.76333;       0.63061;3.44354;2
 -37.26549;32.76667;       0.62850;3.44354;2
 -37.23226;32.77000;       0.62637;3.44354;2
 -37.19902;32.77333;       0.62426;3.44353;2
 -37.16572;32.77667;       0.62216;3.44353;2
 -37.13246;32.78000;       0.62006;3.44353;2
 -37.09918;32.78333;       0.61796;3.44352;2
 -37.06589;32.78667;       0.61586;3.44352;2
 -37.03259;32.79000;       0.61377;3.44352;2
 -36.99931;32.79333;       0.61169;3.44351;2
 -36.96603;32.79667;       0.60961;3.44351;2
 -36.93277;32.80000;       0.60755;3.44351;2
 -36.89954;32.80333;       0.60548;3.44350;2
 -36.86631;32.80667;       0.60355;3.44350;2
 -36.83305;32.81000;       0.60164;3.44350;2
 -36.79977;32.81333;       0.59972;3.44349;2
 -36.76656;32.81667;       0.59773;3.44349;2
 -36.73330;32.82000;       0.59582;3.44349;2
 -36.70003;32.82333;       0.59391;3.44348;2
 -36.66675;32.82667;       0.59196;3.44348;2
 -36.63348;32.83000;       0.59002;3.44347;2
 -36.60023;32.83333;       0.58818;3.44347;2
 -36.56698;32.83667;       0.58637;3.44347;2
 -36.53375;32.84000;       0.58458;3.44346;2
 -36.50049;32.84333;       0.58282;3.44346;2
 -36.46723;32.84667;       0.58112;3.44346;2
 -36.43398;32.85000;       0.57939;3.44345;2
 -36.40069;32.85333;       0.57766;3.44345;2
 -36.36746;32.85667;       0.57595;3.44345;2
 -36.33418;32.86000;       0.57427;3.44344;2
 -36.30093;32.86333;       0.57266;3.44344;2
 -36.26767;32.86667;       0.57103;3.44344;2
 -36.23438;32.87000;       0.56942;3.44343;2
 -36.20113;32.87333;       0.56778;3.44343;2
 -36.16785;32.87667;       0.56621;3.44342;2
 -36.13457;32.88000;       0.56467;3.44342;2
 -36.10131;32.88333;       0.56312;3.44342;2
 -36.06807;32.88667;       0.56156;3.44341;2
 -36.03482;32.89000;       0.56007;3.44341;2
 -36.00154;32.89333;       0.55862;3.44341;2
 -35.96828;32.89667;       0.55719;3.44340;2
 -35.93505;32.90000;       0.55578;3.44340;2
 -35.90182;32.90333;       0.55448;3.44340;2
 -35.86859;32.90667;       0.55313;3.44339;2
 -35.83526;32.91000;       0.55177;3.44339;2
 -35.80203;32.91333;       0.55038;3.44338;2
 -35.76880;32.91667;       0.54904;3.44338;2
 -35.73557;32.92000;       0.54775;3.44338;2
 -35.70231;32.92333;       0.54646;3.44337;2
 -35.66905;32.92667;       0.54516;3.44337;2
 -35.63582;32.93000;       0.54390;3.44337;2
 -35.60257;32.93333;       0.54271;3.44336;2
 -35.56931;32.93667;       0.54155;3.44336;2
 -35.53608;32.94000;       0.54045;3.44335;2
 -35.50285;32.94333;       0.53932;3.44335;2
 -35.46962;32.94667;       0.53818;3.44335;2
 -35.43636;32.95000;       0.53710;3.44334;2
 -35.40308;32.95333;       0.53607;3.44334;2
 -35.36982;32.95667;       0.53501;3.44334;2
 -35.33656;32.96000;       0.53393;3.44333;2
 -35.30331;32.96333;       0.53290;3.44333;2
 -35.27005;32.96667;       0.53191;3.44332;2
 -35.23677;32.97000;       0.53089;3.44332;2
 -35.20348;32.97333;       0.52993;3.44332;2
 -35.17021;32.97667;       0.52896;3.44331;2
 -35.13697;32.98000;       0.52798;3.44331;2
 -35.10369;32.98333;       0.52717;3.44331;2
 -35.07041;32.98667;       0.52630;3.44330;2
 -35.03718;32.99000;       0.52539;3.44330;2
 -35.00393;32.99333;       0.52452;3.44329;2
 -34.97069;32.99667;       0.52374;3.44329;2
 -34.93746;33.00000;       0.52297;3.44329;2
 -34.90420;33.00333;       0.52216;3.44328;2
 -34.87095;33.00667;       0.52135;3.44328;2
 -34.83772;33.01000;       0.52057;3.44327;2
 -34.80448;33.01333;       0.51983;3.44327;2
 -34.77123;33.01667;       0.51924;3.44327;2
 -34.73798;33.02000;       0.51850;3.44326;2
 -34.70479;33.02333;       0.51782;3.44326;2
 -34.67156;33.02667;       0.51708;3.44325;2
 -34.63833;33.03000;       0.51634;3.44325;2
 -34.60511;33.03333;       0.51562;3.44325;2
 -34.57187;33.03667;       0.51492;3.44324;2
 -34.53866;33.04000;       0.51436;3.44324;2
 -34.50541;33.04333;       0.51371;3.44324;2
 -34.47216;33.04667;       0.51309;3.44323;2
 -34.43892;33.05000;       0.51248;3.44323;2
 -34.40567;33.05333;       0.51190;3.44322;2
 -34.37244;33.05667;       0.51135;3.44322;2
 -34.33920;33.06000;       0.51080;3.44322;2
 -34.30595;33.06333;       0.51024;3.44321;2
 -34.27267;33.06667;       0.50967;3.44321;2
 -34.23944;33.07000;       0.50912;3.44320;2
 -34.20625;33.07333;       0.50859;3.44320;2
 -34.17302;33.07667;       0.50807;3.44320;2
 -34.13980;33.08000;       0.50755;3.44319;2
 -34.10659;33.08333;       0.50704;3.44319;2
 -34.07338;33.08667;       0.50652;3.44318;2
 -34.04015;33.09000;       0.50604;3.44318;2
 -34.00692;33.09333;       0.50559;3.44318;2
 -33.97370;33.09667;       0.50510;3.44317;2
 -33.94051;33.10000;       0.50457;3.44317;2
 -33.90725;33.10333;       0.50415;3.44316;2
 -33.87400;33.10667;       0.50374;3.44316;2
 -33.84077;33.11000;       0.50335;3.44316;2
 -33.80757;33.11333;       0.50298;3.44315;2
 -33.77436;33.11667;       0.50261;3.44315;2
 -33.74115;33.12000;       0.50222;3.44314;2
 -33.70789;33.12333;       0.50188;3.44314;2
 -33.67466;33.12667;       0.50153;3.44313;2
 -33.64143;33.13000;       0.50120;3.44313;2
 -33.60818;33.13333;       0.50081;3.44313;2
 -33.57495;33.13667;       0.50039;3.44312;2
 -33.54172;33.14000;       0.50000;3.44312;2
 -33.50846;33.14333;       0.49963;3.44311;2
 -33.47520;33.14667;       0.49927;3.44311;2
 -33.44193;33.15000;       0.49893;3.44311;2
 -33.40869;33.15333;       0.49864;3.44310;2
 -33.37541;33.15667;       0.49832;3.44310;2
 -33.34213;33.16000;       0.49803;3.44309;2
 -33.30885;33.16333;       0.49773;3.44309;2
 -33.27556;33.16667;       0.49751;3.44308;2
 -33.24226;33.17000;       0.49724;3.44308;2
 -33.20902;33.17333;       0.49696;3.44308;2
 -33.17580;33.17667;       0.49673;3.44307;2
 -33.14257;33.18000;       0.49647;3.44307;2
 -33.10931;33.18333;       0.49612;3.44306;2
 -33.07607;33.18667;       0.49585;3.44306;2
 -33.04284;33.19000;       0.49560;3.44306;2
 -33.00961;33.19333;       0.49540;3.44305;2
 -32.97636;33.19667;       0.49524;3.44305;2
 -32.94310;33.20000;       0.49507;3.44304;2
 -32.90980;33.20333;       0.49487;3.44304;2
 -32.87652;33.20667;       0.49461;3.44303;2
 -32.84323;33.21000;       0.49442;3.44303;2
 -32.80990;33.21333;       0.49422;3.44303;2
 -32.77659;33.21667;       0.49404;3.44302;2
 -32.74326;33.22000;       0.49387;3.44302;2
 -32.70992;33.22333;       0.49370;3.44301;2
 -32.67654;33.22667;       0.49352;3.44301;2
 -32.64318;33.23000;       0.49337;3.44300;2
 -32.60984;33.23333;       0.49319;3.44300;2
 -32.57651;33.23667;       0.49316;3.44300;2
 -32.54315;33.24000;       0.49312;3.44299;2
 -32.50980;33.24333;       0.49301;3.44299;2
 -32.47643;33.24667;       0.49285;3.44298;2
 -32.44307;33.25000;       0.49267;3.44298;2
 -32.40974;33.25333;       0.49246;3.44297;2
 -32.37639;33.25667;       0.49230;3.44297;2
 -32.34305;33.26000;       0.49211;3.44296;2
 -32.30970;33.26333;       0.49210;3.44296;2
 -32.27634;33.26667;       0.49205;3.44296;2
 -32.24293;33.27000;       0.49197;3.44295;2
 -32.20956;33.27333;       0.49182;3.44295;2
 -32.17620;33.27667;       0.49168;3.44294;2
 -32.14279;33.28000;       0.49162;3.44294;2
 -32.10936;33.28333;       0.49154;3.44293;2
 -32.07593;33.28667;       0.49142;3.44293;2
 -32.04252;33.29000;       0.49131;3.44292;2
 -32.00913;33.29333;       0.49125;3.44292;2
 -31.97572;33.29667;       0.49122;3.44292;2
 -31.94231;33.30000;       0.49116;3.44291;2
 -31.90889;33.30333;       0.49108;3.44291;2
 -31.87551;33.30667;       0.49098;3.44290;2
 -31.84207;33.31000;       0.49093;3.44290;2
 -31.80861;33.31333;       0.49088;3.44289;2
 -31.77516;33.31667;       0.49078;3.44289;2
 -31.74170;33.32000;       0.49069;3.44288;2
 -31.70823;33.32333;       0.49065;3.44288;2
 -31.67479;33.32667;       0.49065;3.44288;2
 -31.64130;33.33000;       0.49062;3.44287;2
 -31.60785;33.33333;       0.49059;3.44287;2
 -31.57439;33.33667;       0.49055;3.44286;2
 -31.54095;33.34000;       0.49046;3.44286;2
 -31.50749;33.34333;       0.49042;3.44285;2
 -31.47405;33.34667;       0.49038;3.44285;2
 -31.44062;33.35000;       0.49033;3.44284;2
 -31.40715;33.35333;       0.49030;3.44284;2
 -31.37367;33.35667;       0.49030;3.44283;2
 -31.34025;33.36000;       0.49031;3.44283;2
 -31.30682;33.36333;       0.49031;3.44283;2
 -31.27338;33.36667;       0.49031;3.44282;2
 -31.23993;33.37000;       0.49031;3.44282;2
 -31.20649;33.37333;       0.49034;3.44281;2
 -31.17302;33.37667;       0.49037;3.44281;2
 -31.13951;33.38000;       0.49037;3.44280;2
 -31.10597;33.38333;       0.49038;3.44280;2
 -31.07248;33.38667;       0.49041;3.44279;2
 -31.03900;33.39000;       0.49043;3.44279;2
 -31.00549;33.39333;       0.49044;3.44278;2
 -30.97195;33.39667;       0.49043;3.44278;2
 -30.93843;33.40000;       0.49042;3.44277;2
 -30.90492;33.40333;       0.49040;3.44277;2
 -30.87144;33.40667;       0.49040;3.44276;2
 -30.83800;33.41000;       0.49042;3.44276;2
 -30.80451;33.41333;       0.49045;3.44276;2
 -30.77103;33.41667;       0.49048;3.44275;2
 -30.73756;33.42000;       0.49048;3.44275;2
 -30.70410;33.42333;       0.49049;3.44274;2
 -30.67064;33.42667;       0.49052;3.44274;2
 -30.63718;33.43000;       0.49058;3.44273;2
 -30.60374;33.43333;       0.49065;3.44273;2
 -30.57025;33.43667;       0.49068;3.44272;2
 -30.53674;33.44000;       0.49071;3.44272;2
 -30.50330;33.44333;       0.49074;3.44271;2
 -30.46979;33.44667;       0.49077;3.44271;2
 -30.43631;33.45000;       0.49079;3.44270;2
 -30.40284;33.45333;       0.49080;3.44270;2
 -30.36938;33.45667;       0.49080;3.44269;2
 -30.33589;33.46000;       0.49083;3.44269;2
 -30.30238;33.46333;       0.49086;3.44268;2
 -30.26887;33.46667;       0.49091;3.44268;2
 -30.23538;33.47000;       0.49094;3.44267;2
 -30.20195;33.47333;       0.49104;3.44267;2
 -30.16844;33.47667;       0.49113;3.44266;2
 -30.13493;33.48000;       0.49119;3.44266;2
 -30.10148;33.48333;       0.49120;3.44265;2
 -30.06803;33.48667;       0.49122;3.44265;2
 -30.03456;33.49000;       0.49125;3.44265;2
 -30.00107;33.49333;       0.49128;3.44264;2
 -29.96759;33.49667;       0.49130;3.44264;2
 -29.93411;33.50000;       0.49131;3.44263;2
 -29.90064;33.50333;       0.49131;3.44263;2
 -29.86718;33.50667;       0.49129;3.44262;2
 -29.83370;33.51000;       0.49128;3.44262;2
 -29.80025;33.51333;       0.49128;3.44261;2
 -29.76680;33.51667;       0.49129;3.44261;2
 -29.73336;33.52000;       0.49130;3.44260;2
 -29.69992;33.52333;       0.49130;3.44260;2
 -29.66649;33.52667;       0.49138;3.44259;2
 -29.63305;33.53000;       0.49150;3.44259;2
 -29.59962;33.53333;       0.49162;3.44258;2
 -29.56616;33.53667;       0.49165;3.44258;2
 -29.53274;33.54000;       0.49172;3.44257;2
 -29.49930;33.54333;       0.49179;3.44257;2
 -29.46585;33.54667;       0.49182;3.44256;2
 -29.43239;33.55000;       0.49187;3.44256;2
 -29.39895;33.55333;       0.49190;3.44255;2
 -29.36552;33.55667;       0.49188;3.44255;2
 -29.33210;33.56000;       0.49191;3.44254;2
 -29.29867;33.56333;       0.49194;3.44254;2
 -29.26525;33.56667;       0.49194;3.44253;2
 -29.23180;33.57000;       0.49194;3.44253;2
 -29.19836;33.57333;       0.49197;3.44252;2
 -29.16493;33.57667;       0.49200;3.44252;2
 -29.13152;33.58000;       0.49203;3.44251;2
 -29.09813;33.58333;       0.49202;3.44251;2
 -29.06475;33.58667;       0.49205;3.44250;2
 -29.03134;33.59000;       0.49208;3.44250;2
 -28.99792;33.59333;       0.49211;3.44249;2
 -28.96454;33.59667;       0.49212;3.44249;2
 -28.93116;33.60000;       0.49214;3.44248;2
 -28.89779;33.60333;       0.49218;3.44248;2
 -28.86438;33.60667;       0.49236;3.44247;2
 -28.83097;33.61000;       0.49240;3.44247;2
 -28.79751;33.61333;       0.49246;3.44246;2
 -28.76410;33.61667;       0.49250;3.44246;2
 -28.73067;33.62000;       0.49252;3.44245;2
 -28.69728;33.62333;       0.49245;3.44245;2
 -28.66387;33.62667;       0.49245;3.44244;2
 -28.63044;33.63000;       0.49246;3.44244;2
 -28.59702;33.63333;       0.49251;3.44243;2
 -28.56359;33.63667;       0.49254;3.44243;2
 -28.53021;33.64000;       0.49250;3.44242;2
 -28.49684;33.64333;       0.49247;3.44241;2
 -28.46343;33.64667;       0.49253;3.44241;2
 -28.43005;33.65000;       0.49260;3.44240;2
 -28.39666;33.65333;       0.49263;3.44240;2
 -28.36328;33.65667;       0.49267;3.44239;2
 -28.32985;33.66000;       0.49269;3.44239;2
 -28.29648;33.66333;       0.49267;3.44238;2
 -28.26313;33.66667;       0.49267;3.44238;2
 -28.22979;33.67000;       0.49276;3.44237;2
 -28.19644;33.67333;       0.49285;3.44237;2
 -28.16308;33.67667;       0.49289;3.44236;2
 -28.12977;33.68000;       0.49292;3.44236;2
 -28.09643;33.68333;       0.49294;3.44235;2
 -28.06305;33.68667;       0.49293;3.44235;2
 -28.02966;33.69000;       0.49290;3.44234;2
 -27.99631;33.69333;       0.49288;3.44234;2
 -27.96298;33.69667;       0.49297;3.44233;2
 -27.92962;33.70000;       0.49299;3.44233;2
 -27.89626;33.70333;       0.49302;3.44232;2
 -27.86293;33.70667;       0.49305;3.44232;2
 -27.82964;33.71000;       0.49306;3.44231;2
 -27.79631;33.71333;       0.49308;3.44231;2
 -27.76303;33.71667;       0.49314;3.44230;2
 -27.72972;33.72000;       0.49317;3.44229;2
 -27.69644;33.72333;       0.49317;3.44229;2
 -27.66313;33.72667;       0.49318;3.44228;2
 -27.62982;33.73000;       0.49321;3.44228;2
 -27.59649;33.73333;       0.49323;3.44227;2
 -27.56321;33.73667;       0.49323;3.44227;2
 -27.52992;33.74000;       0.49326;3.44226;2
 -27.49666;33.74333;       0.49327;3.44226;2
 -27.46336;33.74667;       0.49333;3.44225;2
 -27.43008;33.75000;       0.49337;3.44225;2
 -27.39680;33.75333;       0.49338;3.44224;2
 -27.36351;33.75667;       0.49339;3.44224;2
 -27.33023;33.76000;       0.49342;3.44223;2
 -27.29695;33.76333;       0.49346;3.44223;2
 -27.26369;33.76667;       0.49354;3.44222;2
 -27.23038;33.77000;       0.49361;3.44221;2
 -27.19711;33.77333;       0.49365;3.44221;2
 -27.16385;33.77667;       0.49367;3.44220;2
 -27.13059;33.78000;       0.49367;3.44220;2
 -27.09728;33.78333;       0.49367;3.44219;2
 -27.06398;33.78667;       0.49366;3.44219;2
 -27.03069;33.79000;       0.49369;3.44218;2
 -26.99741;33.79333;       0.49373;3.44218;2
 -26.96413;33.79667;       0.49383;3.44217;2
 -26.93082;33.80000;       0.49394;3.44217;2
 -26.89752;33.80333;       0.49397;3.44216;2
 -26.86423;33.80667;       0.49397;3.44215;2
 -26.83098;33.81000;       0.49395;3.44215;2
 -26.79769;33.81333;       0.49395;3.44214;2
 -26.76444;33.81667;       0.49395;3.44214;2
 -26.73121;33.82000;       0.49397;3.44213;2
 -26.69797;33.82333;       0.49400;3.44213;2
 -26.66474;33.82667;       0.49401;3.44212;2
 -26.63151;33.83000;       0.49402;3.44212;2
 -26.59826;33.83333;       0.49405;3.44211;2
 -26.56502;33.83667;       0.49406;3.44211;2
 -26.53179;33.84000;       0.49406;3.44210;2
 -26.49854;33.84333;       0.49409;3.44209;2
 -26.46528;33.84667;       0.49414;3.44209;2
 -26.43202;33.85000;       0.49418;3.44208;2
 -26.39872;33.85333;       0.49419;3.44208;2
 -26.36551;33.85667;       0.49424;3.44207;2
 -26.33223;33.86000;       0.49428;3.44207;2
 -26.29898;33.86333;       0.49430;3.44206;2
 -26.26572;33.86667;       0.49433;3.44206;2
 -26.23243;33.87000;       0.49437;3.44205;2
 -26.19913;33.87333;       0.49449;3.44204;2
 -26.16585;33.87667;       0.49453;3.44204;2
 -26.13254;33.88000;       0.49455;3.44203;2
 -26.09918;33.88333;       0.49461;3.44203;2
 -26.06587;33.88667;       0.49467;3.44202;2
 -26.03259;33.89000;       0.49468;3.44202;2
 -25.99934;33.89333;       0.49468;3.44201;2
 -25.96607;33.89667;       0.49478;3.44201;2
 -25.93277;33.90000;       0.49486;3.44200;2
 -25.89949;33.90333;       0.49492;3.44199;2
 -25.86620;33.90667;       0.49492;3.44199;2
 -25.83290;33.91000;       0.49495;3.44198;2
 -25.79956;33.91333;       0.49499;3.44198;2
 -25.76625;33.91667;       0.49499;3.44197;2
 -25.73289;33.92000;       0.49501;3.44197;2
 -25.69956;33.92333;       0.49504;3.44196;2
 -25.66620;33.92667;       0.49507;3.44195;2
 -25.63284;33.93000;       0.49513;3.44195;2
 -25.59949;33.93333;       0.49523;3.44194;2
 -25.56620;33.93667;       0.49535;3.44194;2
 -25.53285;33.94000;       0.49543;3.44193;2
 -25.49952;33.94333;       0.49549;3.44193;2
 -25.46616;33.94667;       0.49564;3.44192;2
 -25.43280;33.95000;       0.49573;3.44191;2
 -25.39944;33.95333;       0.49577;3.44191;2
 -25.36610;33.95667;       0.49581;3.44190;2
 -25.33275;33.96000;       0.49592;3.44190;2
 -25.29941;33.96333;       0.49599;3.44189;2
 -25.26607;33.96667;       0.49600;3.44189;2
 -25.23271;33.97000;       0.49601;3.44188;2
 -25.19941;33.97333;       0.49605;3.44187;2
 -25.16608;33.97667;       0.49614;3.44187;2
 -25.13274;33.98000;       0.49620;3.44186;2
 -25.09939;33.98333;       0.49624;3.44186;2
 -25.06607;33.98667;       0.49630;3.44185;2
 -25.03272;33.99000;       0.49633;3.44184;2
 -24.99938;33.99333;       0.49637;3.44184;2
 -24.96602;33.99667;       0.49640;3.44183;2
 -24.93267;34.00000;       0.49648;3.44183;2
 -24.89933;34.00333;       0.49655;3.44182;2
 -24.86602;34.00667;       0.49664;3.44182;2
 -24.83269;34.01000;       0.49673;3.44181;2
 -24.79931;34.01333;       0.49677;3.44180;2
 -24.76595;34.01667;       0.49687;3.44180;2
 -24.73257;34.02000;       0.49695;3.44179;2
 -24.69920;34.02333;       0.49700;3.44179;2
 -24.66584;34.02667;       0.49706;3.44178;2
 -24.63243;34.03000;       0.49712;3.44177;2
 -24.59903;34.03333;       0.49717;3.44177;2
 -24.56564;34.03667;       0.49724;3.44176;2
 -24.53230;34.04000;       0.49730;3.44176;2
 -24.49893;34.04333;       0.49736;3.44175;2
 -24.46556;34.04667;       0.49742;3.44174;2
 -24.43218;34.05000;       0.49748;3.44174;2
 -24.39879;34.05333;       0.49750;3.44173;2
 -24.36544;34.05667;       0.49759;3.44173;2
 -24.33203;34.06000;       0.49769;3.44172;2
 -24.29867;34.06333;       0.49778;3.44171;2
 -24.26528;34.06667;       0.49787;3.44171;2
 -24.23190;34.07000;       0.49793;3.44170;2
 -24.19856;34.07333;       0.49799;3.44170;2
 -24.16521;34.07667;       0.49806;3.44169;2
 -24.13187;34.08000;       0.49809;3.44168;2
 -24.09852;34.08333;       0.49809;3.44168;2
 -24.06520;34.08667;       0.49828;3.44167;2
 -24.03189;34.09000;       0.49841;3.44167;2
 -23.99856;34.09333;       0.49849;3.44166;2
 -23.96520;34.09667;       0.49853;3.44165;2
 -23.93184;34.10000;       0.49859;3.44165;2
 -23.89849;34.10333;       0.49862;3.44164;2
 -23.86513;34.10667;       0.49861;3.44164;2
 -23.83179;34.11000;       0.49862;3.44163;2
 -23.79843;34.11333;       0.49864;3.44162;2
 -23.76507;34.11667;       0.49871;3.44162;2
 -23.73172;34.12000;       0.49884;3.44161;2
 -23.69839;34.12333;       0.49894;3.44161;2
 -23.66507;34.12667;       0.49905;3.44160;2
 -23.63175;34.13000;       0.49912;3.44159;2
 -23.59841;34.13333;       0.49919;3.44159;2
 -23.56510;34.13667;       0.49924;3.44158;2
 -23.53175;34.14000;       0.49930;3.44158;2
 -23.49841;34.14333;       0.49932;3.44157;2
 -23.46507;34.14667;       0.49937;3.44156;2
 -23.43169;34.15000;       0.49944;3.44156;2
 -23.39834;34.15333;       0.49952;3.44155;2
 -23.36502;34.15667;       0.49952;3.44155;2
 -23.33167;34.16000;       0.49955;3.44154;2
 -23.29834;34.16333;       0.49968;3.44153;2
 -23.26500;34.16667;       0.49974;3.44153;2
 -23.23164;34.17000;       0.49980;3.44152;2
 -23.19828;34.17333;       0.49985;3.44151;2
 -23.16490;34.17667;       0.49991;3.44151;2
 -23.13154;34.18000;       0.49997;3.44150;2
 -23.09821;34.18333;       0.50003;3.44150;2
 -23.06484;34.18667;       0.50009;3.44149;2
 -23.03151;34.19000;       0.50018;3.44148;2
 -22.99816;34.19333;       0.50027;3.44148;2
 -22.96484;34.19667;       0.50032;3.44147;2
 -22.93152;34.20000;       0.50041;3.44146;2
 -22.89820;34.20333;       0.50050;3.44146;2
 -22.86489;34.20667;       0.50060;3.44145;2
 -22.83154;34.21000;       0.50071;3.44145;2
 -22.79820;34.21333;       0.50075;3.44144;2
 -22.76489;34.21667;       0.50075;3.44143;2
 -22.73159;34.22000;       0.50078;3.44143;2
 -22.69831;34.22333;       0.50082;3.44142;2
 -22.66502;34.22667;       0.50084;3.44141;2
 -22.63174;34.23000;       0.50083;3.44141;2
 -22.59846;34.23333;       0.50084;3.44140;2
 -22.56518;34.23667;       0.50086;3.44140;2
 -22.53192;34.24000;       0.50087;3.44139;2
 -22.49862;34.24333;       0.50092;3.44138;2
 -22.46531;34.24667;       0.50098;3.44138;2
 -22.43202;34.25000;       0.50104;3.44137;2
 -22.39874;34.25333;       0.50111;3.44136;2
 -22.36548;34.25667;       0.50118;3.44136;2
 -22.33221;34.26000;       0.50127;3.44135;2
 -22.29897;34.26333;       0.50139;3.44135;2
 -22.26570;34.26667;       0.50142;3.44134;2
 -22.23243;34.27000;       0.50142;3.44133;2
 -22.19913;34.27333;       0.50146;3.44133;2
 -22.16584;34.27667;       0.50151;3.44132;2
 -22.13254;34.28000;       0.50155;3.44131;2
 -22.09923;34.28333;       0.50159;3.44131;2
 -22.06593;34.28667;       0.50165;3.44130;2
 -22.03267;34.29000;       0.50170;3.44129;2
 -21.99936;34.29333;       0.50174;3.44129;2
 -21.96607;34.29667;       0.50176;3.44128;2
 -21.93277;34.30000;       0.50179;3.44127;2
 -21.89948;34.30333;       0.50182;3.44127;2
 -21.86618;34.30667;       0.50189;3.44126;2
 -21.83290;34.31000;       0.50195;3.44126;2
 -21.79964;34.31333;       0.50198;3.44125;2
 -21.76633;34.31667;       0.50202;3.44124;2
 -21.73303;34.32000;       0.50210;3.44124;2
 -21.69970;34.32333;       0.50214;3.44123;2
 -21.66639;34.32667;       0.50217;3.44122;2
 -21.63307;34.33000;       0.50222;3.44122;2
 -21.59974;34.33333;       0.50227;3.44121;2
 -21.56641;34.33667;       0.50232;3.44120;2
 -21.53307;34.34000;       0.50236;3.44120;2
 -21.49972;34.34333;       0.50241;3.44119;2
 -21.46641;34.34667;       0.50244;3.44118;2
 -21.43310;34.35000;       0.50245;3.44118;2
 -21.39980;34.35333;       0.50248;3.44117;2
 -21.36651;34.35667;       0.50254;3.44116;2
 -21.33318;34.36000;       0.50257;3.44116;2
 -21.29987;34.36333;       0.50260;3.44115;2
 -21.26652;34.36667;       0.50266;3.44114;2
 -21.23320;34.37000;       0.50271;3.44114;2
 -21.19987;34.37333;       0.50276;3.44113;2
 -21.16654;34.37667;       0.50284;3.44112;2
 -21.13321;34.38000;       0.50291;3.44112;2
 -21.09987;34.38333;       0.50304;3.44111;2
 -21.06651;34.38667;       0.50315;3.44111;2
 -21.03318;34.39000;       0.50319;3.44110;2
 -20.99982;34.39333;       0.50322;3.44109;2
 -20.96646;34.39667;       0.50323;3.44109;2
 -20.93308;34.40000;       0.50324;3.44108;2
 -20.89972;34.40333;       0.50325;3.44107;2
 -20.86636;34.40667;       0.50331;3.44107;2
 -20.83303;34.41000;       0.50341;3.44106;2
 -20.79967;34.41333;       0.50350;3.44105;2
 -20.76631;34.41667;       0.50360;3.44105;2
 -20.73295;34.42000;       0.50366;3.44104;2
 -20.69959;34.42333;       0.50374;3.44103;2
 -20.66620;34.42667;       0.50381;3.44103;2
 -20.63279;34.43000;       0.50394;3.44102;2
 -20.59938;34.43333;       0.50404;3.44101;2
 -20.56598;34.43667;       0.50413;3.44101;2
 -20.53259;34.44000;       0.50419;3.44100;2
 -20.49921;34.44333;       0.50425;3.44099;2
 -20.46580;34.44667;       0.50431;3.44099;2
 -20.43243;34.45000;       0.50438;3.44098;2
 -20.39905;34.45333;       0.50444;3.44097;2
 -20.36566;34.45667;       0.50443;3.44096;2
 -20.33228;34.46000;       0.50453;3.44096;2
 -20.29885;34.46333;       0.50463;3.44095;2
 -20.26543;34.46667;       0.50472;3.44094;2
 -20.23203;34.47000;       0.50481;3.44094;2
 -20.19867;34.47333;       0.50491;3.44093;2
 -20.16530;34.47667;       0.50498;3.44092;2
 -20.13192;34.48000;       0.50507;3.44092;2
 -20.09852;34.48333;       0.50514;3.44091;2
 -20.06513;34.48667;       0.50525;3.44090;2
 -20.03175;34.49000;       0.50532;3.44090;2
 -19.99834;34.49333;       0.50539;3.44089;2
 -19.96493;34.49667;       0.50547;3.44088;2
 -19.93152;34.50000;       0.50554;3.44088;2
 -19.89813;34.50333;       0.50557;3.44087;2
 -19.86477;34.50667;       0.50559;3.44086;2
 -19.83136;34.51000;       0.50557;3.44086;2
 -19.79795;34.51333;       0.50563;3.44085;2
 -19.76454;34.51667;       0.50576;3.44084;2
 -19.73120;34.52000;       0.50584;3.44084;2
 -19.69784;34.52333;       0.50588;3.44083;2
 -19.66446;34.52667;       0.50600;3.44082;2
 -19.63108;34.53000;       0.50613;3.44081;2
 -19.59769;34.53333;       0.50623;3.44081;2
 -19.56430;34.53667;       0.50634;3.44080;2
 -19.53095;34.54000;       0.50642;3.44079;2
 -19.49759;34.54333;       0.50644;3.44079;2
 -19.46423;34.54667;       0.50647;3.44078;2
 -19.43087;34.55000;       0.50651;3.44077;2
 -19.39751;34.55333;       0.50650;3.44077;2
 -19.36415;34.55667;       0.50654;3.44076;2
 -19.33077;34.56000;       0.50662;3.44075;2
 -19.29739;34.56333;       0.50665;3.44075;2
 -19.26403;34.56667;       0.50674;3.44074;2
 -19.23069;34.57000;       0.50679;3.44073;2
 -19.19733;34.57333;       0.50688;3.44072;2
 -19.16400;34.57667;       0.50700;3.44072;2
 -19.13066;34.58000;       0.50709;3.44071;2
 -19.09728;34.58333;       0.50718;3.44070;2
 -19.06392;34.58667;       0.50726;3.44070;2
 -19.03056;34.59000;       0.50732;3.44069;2
 -18.99718;34.59333;       0.50738;3.44068;2
 -18.96382;34.59667;       0.50734;3.44068;2
 -18.93049;34.60000;       0.50735;3.44067;2
 -18.89716;34.60333;       0.50737;3.44066;2
 -18.86380;34.60667;       0.50739;3.44065;2
 -18.83044;34.61000;       0.50744;3.44065;2
 -18.79707;34.61333;       0.50755;3.44064;2
 -18.76367;34.61667;       0.50761;3.44063;2
 -18.73033;34.62000;       0.50764;3.44063;2
 -18.69698;34.62333;       0.50768;3.44062;2
 -18.66362;34.62667;       0.50774;3.44061;2
 -18.63028;34.63000;       0.50781;3.44060;2
 -18.59693;34.63333;       0.50787;3.44060;2
 -18.56359;34.63667;       0.50795;3.44059;2
 -18.53023;34.64000;       0.50802;3.44058;2
 -18.49692;34.64333;       0.50814;3.44058;2
 -18.46356;34.64667;       0.50817;3.44057;2
 -18.43025;34.65000;       0.50820;3.44056;2
 -18.39692;34.65333;       0.50820;3.44055;2
 -18.36357;34.65667;       0.50823;3.44055;2
 -18.33025;34.66000;       0.50826;3.44054;2
 -18.29692;34.66333;       0.50826;3.44053;2
 -18.26361;34.66667;       0.50830;3.44053;2
 -18.23028;34.67000;       0.50835;3.44052;2
 -18.19693;34.67333;       0.50841;3.44051;2
 -18.16362;34.67667;       0.50844;3.44050;2
 -18.13031;34.68000;       0.50845;3.44050;2
 -18.09697;34.68333;       0.50845;3.44049;2
 -18.06366;34.68667;       0.50844;3.44048;2
 -18.03038;34.69000;       0.50846;3.44048;2
 -17.99705;34.69333;       0.50849;3.44047;2
 -17.96372;34.69667;       0.50854;3.44046;2
 -17.93041;34.70000;       0.50860;3.44045;2
 -17.89710;34.70333;       0.50865;3.44045;2
 -17.86379;34.70667;       0.50869;3.44044;2
 -17.83044;34.71000;       0.50887;3.44043;2
 -17.79715;34.71333;       0.50893;3.44043;2
 -17.76384;34.71667;       0.50902;3.44042;2
 -17.73052;34.72000;       0.50905;3.44041;2
 -17.69718;34.72333;       0.50912;3.44040;2
 -17.66387;34.72667;       0.50919;3.44040;2
 -17.63059;34.73000;       0.50922;3.44039;2
 -17.59728;34.73333;       0.50927;3.44038;2
 -17.56398;34.73667;       0.50933;3.44037;2
 -17.53069;34.74000;       0.50938;3.44037;2
 -17.49736;34.74333;       0.50937;3.44036;2
 -17.46407;34.74667;       0.50937;3.44035;2
 -17.43079;34.75000;       0.50939;3.44035;2
 -17.39746;34.75333;       0.50942;3.44034;2
 -17.36413;34.75667;       0.50942;3.44033;2
 -17.33080;34.76000;       0.50946;3.44032;2
 -17.29749;34.76333;       0.50952;3.44032;2
 -17.26420;34.76667;       0.50957;3.44031;2
 -17.23089;34.77000;       0.50960;3.44030;2
 -17.19756;34.77333;       0.50958;3.44029;2
 -17.16430;34.77667;       0.50957;3.44029;2
 -17.13100;34.78000;       0.50960;3.44028;2
 -17.09769;34.78333;       0.50982;3.44027;2
 -17.06439;34.78667;       0.50994;3.44026;2
 -17.03110;34.79000;       0.51005;3.44026;2
 -16.99779;34.79333;       0.51011;3.44025;2
 -16.96451;34.79667;       0.51013;3.44024;2
 -16.93120;34.80000;       0.51011;3.44024;2
 -16.89789;34.80333;       0.51000;3.44023;2
 -16.86461;34.80667;       0.50996;3.44022;2
 -16.83131;34.81000;       0.50999;3.44021;2
 -16.79802;34.81333;       0.51005;3.44021;2
 -16.76472;34.81667;       0.51018;3.44020;2
 -16.73144;34.82000;       0.51028;3.44019;2
 -16.69815;34.82333;       0.51037;3.44018;2
 -16.66484;34.82667;       0.51050;3.44018;2
 -16.63152;34.83000;       0.51050;3.44017;2
 -16.59821;34.83333;       0.51055;3.44016;2
 -16.56493;34.83667;       0.51062;3.44015;2
 -16.53167;34.84000;       0.51075;3.44015;2
 -16.49843;34.84333;       0.51085;3.44014;2
 -16.46510;34.84667;       0.51087;3.44013;2
 -16.43182;34.85000;       0.51086;3.44012;2
 -16.39849;34.85333;       0.51089;3.44012;2
 -16.36520;34.85667;       0.51092;3.44011;2
 -16.33190;34.86000;       0.51093;3.44010;2
 -16.29859;34.86333;       0.51099;3.44009;2
 -16.26528;34.86667;       0.51109;3.44009;2
 -16.23198;34.87000;       0.51111;3.44008;2
 -16.19869;34.87333;       0.51111;3.44007;2
 -16.16538;34.87667;       0.51114;3.44006;2
 -16.13203;34.88000;       0.51120;3.44006;2
 -16.09869;34.88333;       0.51121;3.44005;2
 -16.06539;34.88667;       0.51123;3.44004;2
 -16.03208;34.89000;       0.51129;3.44003;2
 -15.99877;34.89333;       0.51133;3.44002;2
 -15.96551;34.89667;       0.51139;3.44002;2
 -15.93223;34.90000;       0.51144;3.44001;2
 -15.89893;34.90333;       0.51151;3.44000;2
 -15.86562;34.90667;       0.51158;3.43999;2
 -15.83233;34.91000;       0.51166;3.43999;2
 -15.79905;34.91333;       0.51172;3.43998;2
 -15.76574;34.91667;       0.51179;3.43997;2
 -15.73243;34.92000;       0.51187;3.43996;2
 -15.69908;34.92333;       0.51192;3.43996;2
 -15.66579;34.92667;       0.51195;3.43995;2
 -15.63244;34.93000;       0.51204;3.43994;2
 -15.59910;34.93333;       0.51210;3.43993;2
 -15.56579;34.93667;       0.51219;3.43993;2
 -15.53248;34.94000;       0.51228;3.43992;2
 -15.49915;34.94333;       0.51234;3.43991;2
 -15.46585;34.94667;       0.51238;3.43990;2
 -15.43252;34.95000;       0.51248;3.43989;2
 -15.39916;34.95333;       0.51253;3.43989;2
 -15.36589;34.95667;       0.51257;3.43988;2
 -15.33257;34.96000;       0.51263;3.43987;2
 -15.29928;34.96333;       0.51271;3.43986;2
 -15.26595;34.96667;       0.51278;3.43986;2
 -15.23266;34.97000;       0.51278;3.43985;2
 -15.19934;34.97333;       0.51275;3.43984;2
 -15.16603;34.97667;       0.51274;3.43983;2
 -15.13266;34.98000;       0.51277;3.43983;2
 -15.09933;34.98333;       0.51280;3.43982;2
 -15.06603;34.98667;       0.51293;3.43981;2
 -15.03272;34.99000;       0.51302;3.43980;2
 -14.99943;34.99333;       0.51311;3.43979;2
 -14.96613;34.99667;       0.51318;3.43979;2
 -14.93284;35.00000;       0.51330;3.43978;2
 -14.89951;35.00333;       0.51342;3.43977;2
 -14.86618;35.00667;       0.51349;3.43976;2
 -14.83282;35.01000;       0.51358;3.43976;2
 -14.79952;35.01333;       0.51364;3.43975;2
 -14.76620;35.01667;       0.51373;3.43974;2
 -14.73289;35.02000;       0.51377;3.43973;2
 -14.69957;35.02333;       0.51373;3.43972;2
 -14.66625;35.02667;       0.51373;3.43972;2
 -14.63293;35.03000;       0.51374;3.43971;2
 -14.59961;35.03333;       0.51377;3.43970;2
 -14.56630;35.03667;       0.51382;3.43969;2
 -14.53297;35.04000;       0.51392;3.43968;2
 -14.49964;35.04333;       0.51401;3.43968;2
 -14.46633;35.04667;       0.51411;3.43967;2
 -14.43300;35.05000;       0.51417;3.43966;2
 -14.39967;35.05333;       0.51423;3.43965;2
 -14.36639;35.05667;       0.51428;3.43964;2
 -14.33307;35.06000;       0.51432;3.43964;2
 -14.29975;35.06333;       0.51438;3.43963;2
 -14.26644;35.06667;       0.51445;3.43962;2
 -14.23311;35.07000;       0.51453;3.43961;2
 -14.19979;35.07333;       0.51460;3.43960;2
 -14.16648;35.07667;       0.51467;3.43960;2
 -14.13316;35.08000;       0.51472;3.43959;2
 -14.09985;35.08333;       0.51475;3.43958;2
 -14.06656;35.08667;       0.51479;3.43957;2
 -14.03325;35.09000;       0.51485;3.43957;2
 -13.99992;35.09333;       0.51490;3.43956;2
 -13.96659;35.09667;       0.51493;3.43955;2
 -13.93323;35.10000;       0.51496;3.43954;2
 -13.89990;35.10333;       0.51499;3.43953;2
 -13.86659;35.10667;       0.51503;3.43953;2
 -13.83326;35.11000;       0.51508;3.43952;2
 -13.79993;35.11333;       0.51511;3.43951;2
 -13.76661;35.11667;       0.51517;3.43950;2
 -13.73328;35.12000;       0.51524;3.43949;2
 -13.69997;35.12333;       0.51540;3.43948;2
 -13.66667;35.12667;       0.51549;3.43948;2
 -13.63338;35.13000;       0.51553;3.43947;2
 -13.60007;35.13333;       0.51559;3.43946;2
 -13.56674;35.13667;       0.51568;3.43945;2
 -13.53341;35.14000;       0.51573;3.43944;2
 -13.50008;35.14333;       0.51574;3.43944;2
 -13.46677;35.14667;       0.51577;3.43943;2
 -13.43346;35.15000;       0.51580;3.43942;2
 -13.40015;35.15333;       0.51588;3.43941;2
 -13.36685;35.15667;       0.51595;3.43940;2
 -13.33351;35.16000;       0.51599;3.43940;2
 -13.30018;35.16333;       0.51602;3.43939;2
 -13.26684;35.16667;       0.51604;3.43938;2
 -13.23351;35.17000;       0.51607;3.43937;2
 -13.20016;35.17333;       0.51613;3.43936;2
 -13.16682;35.17667;       0.51617;3.43936;2
 -13.13346;35.18000;       0.51623;3.43935;2
 -13.10011;35.18333;       0.51629;3.43934;2
 -13.06675;35.18667;       0.51635;3.43933;2
 -13.03338;35.19000;       0.51643;3.43932;2
 -13.00002;35.19333;       0.51648;3.43931;2
 -12.96664;35.19667;       0.51657;3.43931;2
 -12.93326;35.20000;       0.51663;3.43930;2
 -12.89989;35.20333;       0.51675;3.43929;2
 -12.86659;35.20667;       0.51681;3.43928;2
 -12.83328;35.21000;       0.51687;3.43927;2
 -12.79997;35.21333;       0.51691;3.43926;2
 -12.76662;35.21667;       0.51694;3.43926;2
 -12.73328;35.22000;       0.51699;3.43925;2
 -12.69993;35.22333;       0.51708;3.43924;2
 -12.66661;35.22667;       0.51711;3.43923;2
 -12.63330;35.23000;       0.51716;3.43922;2
 -12.59995;35.23333;       0.51721;3.43922;2
 -12.56664;35.23667;       0.51727;3.43921;2
 -12.53331;35.24000;       0.51733;3.43920;2
 -12.49998;35.24333;       0.51739;3.43919;2
 -12.46662;35.24667;       0.51745;3.43918;2
 -12.43325;35.25000;       0.51752;3.43917;2
 -12.39992;35.25333;       0.51761;3.43917;2
 -12.36657;35.25667;       0.51768;3.43916;2
 -12.33321;35.26000;       0.51776;3.43915;2
 -12.29984;35.26333;       0.51783;3.43914;2
 -12.26646;35.26667;       0.51790;3.43913;2
 -12.23311;35.27000;       0.51792;3.43912;2
 -12.19975;35.27333;       0.51795;3.43912;2
 -12.16639;35.27667;       0.51799;3.43911;2
 -12.13305;35.28000;       0.51805;3.43910;2
 -12.09972;35.28333;       0.51820;3.43909;2
 -12.06636;35.28667;       0.51829;3.43908;2
 -12.03302;35.29000;       0.51838;3.43907;2
 -11.99964;35.29333;       0.51849;3.43907;2
 -11.96630;35.29667;       0.51857;3.43906;2
 -11.93292;35.30000;       0.51860;3.43905;2
 -11.89954;35.30333;       0.51859;3.43904;2
 -11.86616;35.30667;       0.51863;3.43903;2
 -11.83279;35.31000;       0.51870;3.43902;2
 -11.79943;35.31333;       0.51875;3.43902;2
 -11.76607;35.31667;       0.51878;3.43901;2
 -11.73269;35.32000;       0.51885;3.43900;2
 -11.69934;35.32333;       0.51894;3.43899;2
 -11.66600;35.32667;       0.51901;3.43898;2
 -11.63267;35.33000;       0.51910;3.43897;2
 -11.59928;35.33333;       0.51918;3.43896;2
 -11.56595;35.33667;       0.51924;3.43896;2
 -11.53264;35.34000;       0.51931;3.43895;2
 -11.49928;35.34333;       0.51935;3.43894;2
 -11.46593;35.34667;       0.51940;3.43893;2
 -11.43257;35.35000;       0.51946;3.43892;2
 -11.39920;35.35333;       0.51950;3.43891;2
 -11.36587;35.35667;       0.51959;3.43890;2
 -11.33251;35.36000;       0.51964;3.43890;2
 -11.29915;35.36333;       0.51968;3.43889;2
 -11.26582;35.36667;       0.51971;3.43888;2
 -11.23249;35.37000;       0.51970;3.43887;2
 -11.19918;35.37333;       0.51973;3.43886;2
 -11.16582;35.37667;       0.51974;3.43885;2
 -11.13248;35.38000;       0.51982;3.43884;2
 -11.09916;35.38333;       0.51988;3.43884;2
 -11.06585;35.38667;       0.51995;3.43883;2
 -11.03252;35.39000;       0.52004;3.43882;2
 -10.99920;35.39333;       0.52013;3.43881;2
 -10.96587;35.39667;       0.52022;3.43880;2
 -10.93254;35.40000;       0.52030;3.43879;2
 -10.89925;35.40333;       0.52038;3.43878;2
 -10.86593;35.40667;       0.52045;3.43878;2
 -10.83256;35.41000;       0.52050;3.43877;2
 -10.79918;35.41333;       0.52050;3.43876;2
 -10.76582;35.41667;       0.52053;3.43875;2
 -10.73248;35.42000;       0.52056;3.43874;2
 -10.69913;35.42333;       0.52062;3.43873;2
 -10.66579;35.42667;       0.52071;3.43872;2
 -10.63244;35.43000;       0.52082;3.43872;2
 -10.59905;35.43333;       0.52093;3.43871;2
 -10.56570;35.43667;       0.52101;3.43870;2
 -10.53238;35.44000;       0.52103;3.43869;2
 -10.49907;35.44333;       0.52100;3.43868;2
 -10.46572;35.44667;       0.52103;3.43867;2
 -10.43239;35.45000;       0.52103;3.43866;2
 -10.39907;35.45333;       0.52108;3.43866;2
 -10.36574;35.45667;       0.52118;3.43865;2
 -10.33243;35.46000;       0.52126;3.43864;2
 -10.29911;35.46333;       0.52134;3.43863;2
 -10.26582;35.46667;       0.52145;3.43862;2
 -10.23252;35.47000;       0.52154;3.43861;2
 -10.19920;35.47333;       0.52158;3.43860;2
 -10.16589;35.47667;       0.52163;3.43859;2
 -10.13257;35.48000;       0.52167;3.43859;2
 -10.09925;35.48333;       0.52176;3.43858;2
 -10.06590;35.48667;       0.52185;3.43857;2
 -10.03257;35.49000;       0.52191;3.43856;2
  -9.99928;35.49333;       0.52194;3.43855;2
  -9.96595;35.49667;       0.52194;3.43854;2
  -9.93261;35.50000;       0.52194;3.43853;2
  -9.89928;35.50333;       0.52194;3.43852;2
  -9.86597;35.50667;       0.52197;3.43851;2
  -9.83264;35.51000;       0.52202;3.43851;2
  -9.79931;35.51333;       0.52208;3.43850;2
  -9.76600;35.51667;       0.52212;3.43849;2
  -9.73266;35.52000;       0.52219;3.43848;2
  -9.69933;35.52333;       0.52227;3.43847;2
  -9.66600;35.52667;       0.52234;3.43846;2
  -9.63267;35.53000;       0.52243;3.43845;2
  -9.59931;35.53333;       0.52249;3.43844;2
  -9.56598;35.53667;       0.52251;3.43844;2
  -9.53266;35.54000;       0.52255;3.43843;2
  -9.49930;35.54333;       0.52261;3.43842;2
  -9.46595;35.54667;       0.52268;3.43841;2
  -9.43262;35.55000;       0.52274;3.43840;2
  -9.39931;35.55333;       0.52282;3.43839;2
  -9.36603;35.55667;       0.52289;3.43838;2
  -9.33270;35.56000;       0.52298;3.43837;2
  -9.29941;35.56333;       0.52307;3.43836;2
  -9.26611;35.56667;       0.52311;3.43836;2
  -9.23277;35.57000;       0.52316;3.43835;2
  -9.19946;35.57333;       0.52323;3.43834;2
  -9.16613;35.57667;       0.52328;3.43833;2
  -9.13284;35.58000;       0.52331;3.43832;2
  -9.09954;35.58333;       0.52335;3.43831;2
  -9.06623;35.58667;       0.52344;3.43830;2
  -9.03290;35.59000;       0.52346;3.43829;2
  -8.99961;35.59333;       0.52341;3.43828;2
  -8.96631;35.59667;       0.52339;3.43828;2
  -8.93305;35.60000;       0.52337;3.43827;2
  -8.89977;35.60333;       0.52343;3.43826;2
  -8.86648;35.60667;       0.52356;3.43825;2
  -8.83316;35.61000;       0.52367;3.43824;2
  -8.79990;35.61333;       0.52371;3.43823;2
  -8.76664;35.61667;       0.52377;3.43822;2
  -8.73334;35.62000;       0.52380;3.43821;2
  -8.70002;35.62333;       0.52385;3.43820;2
  -8.66675;35.62667;       0.52388;3.43819;2
  -8.63344;35.63000;       0.52392;3.43818;2
  -8.60013;35.63333;       0.52392;3.43818;2
  -8.56684;35.63667;       0.52397;3.43817;2
  -8.53354;35.64000;       0.52400;3.43816;2
  -8.50021;35.64333;       0.52409;3.43815;2
  -8.46689;35.64667;       0.52409;3.43814;2
  -8.43357;35.65000;       0.52410;3.43813;2
  -8.40026;35.65333;       0.52413;3.43812;2
  -8.36693;35.65667;       0.52415;3.43811;2
  -8.33357;35.66000;       0.52417;3.43810;2
  -8.30021;35.66333;       0.52421;3.43809;2
  -8.26685;35.66667;       0.52428;3.43808;2
  -8.23352;35.67000;       0.52436;3.43808;2
  -8.20023;35.67333;       0.52439;3.43807;2
  -8.16692;35.67667;       0.52448;3.43806;2
  -8.13362;35.68000;       0.52455;3.43805;2
  -8.10031;35.68333;       0.52461;3.43804;2
  -8.06697;35.68667;       0.52468;3.43803;2
  -8.03364;35.69000;       0.52471;3.43802;2
  -8.00033;35.69333;       0.52476;3.43801;2
  -7.96697;35.69667;       0.52479;3.43800;2
  -7.93367;35.70000;       0.52486;3.43799;2
  -7.90036;35.70333;       0.52494;3.43798;2
  -7.86707;35.70667;       0.52500;3.43798;2
  -7.83375;35.71000;       0.52500;3.43797;2
  -7.80046;35.71333;       0.52507;3.43796;2
  -7.76715;35.71667;       0.52516;3.43795;2
  -7.73384;35.72000;       0.52525;3.43794;2
  -7.70054;35.72333;       0.52531;3.43793;2
  -7.66725;35.72667;       0.52532;3.43792;2
  -7.63395;35.73000;       0.52533;3.43791;2
  -7.60059;35.73333;       0.52541;3.43790;2
  -7.56726;35.73667;       0.52559;3.43789;2
  -7.53397;35.74000;       0.52569;3.43788;2
  -7.50061;35.74333;       0.52582;3.43787;2
  -7.46728;35.74667;       0.52593;3.43786;2
  -7.43397;35.75000;       0.52605;3.43786;2
  -7.40061;35.75333;       0.52612;3.43785;2
  -7.36725;35.75667;       0.52608;3.43784;2
  -7.33387;35.76000;       0.52602;3.43783;2
  -7.30049;35.76333;       0.52599;3.43782;2
  -7.26715;35.76667;       0.52599;3.43781;2
  -7.23377;35.77000;       0.52605;3.43780;2
  -7.20041;35.77333;       0.52613;3.43779;2
  -7.16703;35.77667;       0.52617;3.43778;2
  -7.13369;35.78000;       0.52626;3.43777;2
  -7.10033;35.78333;       0.52632;3.43776;2
  -7.06695;35.78667;       0.52637;3.43775;2
  -7.03359;35.79000;       0.52644;3.43774;2
  -7.00025;35.79333;       0.52651;3.43773;2
  -6.96687;35.79667;       0.52659;3.43772;2
  -6.93349;35.80000;       0.52669;3.43771;2
  -6.90008;35.80333;       0.52678;3.43771;2
  -6.86669;35.80667;       0.52687;3.43770;2
  -6.83330;35.81000;       0.52694;3.43769;2
  -6.79992;35.81333;       0.52699;3.43768;2
  -6.76651;35.81667;       0.52710;3.43767;2
  -6.73310;35.82000;       0.52719;3.43766;2
  -6.69975;35.82333;       0.52730;3.43765;2
  -6.66641;35.82667;       0.52738;3.43764;2
  -6.63303;35.83000;       0.52747;3.43763;2
  -6.59967;35.83333;       0.52758;3.43762;2
  -6.56633;35.83667;       0.52762;3.43761;2
  -6.53300;35.84000;       0.52768;3.43760;2
  -6.49964;35.84333;       0.52771;3.43759;2
  -6.46631;35.84667;       0.52776;3.43758;2
  -6.43295;35.85000;       0.52780;3.43757;2
  -6.39961;35.85333;       0.52789;3.43756;2
  -6.36626;35.85667;       0.52798;3.43755;2
  -6.33290;35.86000;       0.52807;3.43754;2
  -6.29956;35.86333;       0.52814;3.43754;2
  -6.26625;35.86667;       0.52817;3.43753;2
  -6.23292;35.87000;       0.52823;3.43752;2
  -6.19956;35.87333;       0.52830;3.43751;2
  -6.16616;35.87667;       0.52836;3.43750;2
  -6.13282;35.88000;       0.52842;3.43749;2
  -6.09946;35.88333;       0.52848;3.43748;2
  -6.06608;35.88667;       0.52854;3.43747;2
  -6.03277;35.89000;       0.52859;3.43746;2
  -5.99944;35.89333;       0.52863;3.43745;2
  -5.96613;35.89667;       0.52866;3.43744;2
  -5.93279;35.90000;       0.52871;3.43743;2
  -5.89946;35.90333;       0.52877;3.43742;2
  -5.86613;35.90667;       0.52880;3.43741;2
  -5.83277;35.91000;       0.52881;3.43740;2
  -5.79944;35.91333;       0.52883;3.43739;2
  -5.76608;35.91667;       0.52886;3.43738;2
  -5.73272;35.92000;       0.52890;3.43737;2
  -5.69938;35.92333;       0.52894;3.43736;2
  -5.66607;35.92667;       0.52899;3.43735;2
  -5.63270;35.93000;       0.52904;3.43734;2
  -5.59934;35.93333;       0.52911;3.43733;2
  -5.56607;35.93667;       0.52917;3.43732;2
  -5.53275;35.94000;       0.52923;3.43731;2
  -5.49944;35.94333;       0.52931;3.43731;2
  -5.46615;35.94667;       0.52932;3.43730;2
  -5.43284;35.95000;       0.52938;3.43729;2
  -5.39954;35.95333;       0.52944;3.43728;2
  -5.36626;35.95667;       0.52956;3.43727;2
  -5.33297;35.96000;       0.52969;3.43726;2
  -5.29969;35.96333;       0.52977;3.43725;2
  -5.26639;35.96667;       0.52977;3.43724;2
  -5.23307;35.97000;       0.52978;3.43723;2
  -5.19975;35.97333;       0.52986;3.43722;2
  -5.16651;35.97667;       0.52992;3.43721;2
  -5.13325;35.98000;       0.52996;3.43720;2
  -5.09997;35.98333;       0.53002;3.43719;2
  -5.06666;35.98667;       0.53007;3.43718;2
  -5.03336;35.99000;       0.53013;3.43717;2
  -5.00008;35.99333;       0.53014;3.43716;2
  -4.96680;35.99667;       0.53017;3.43715;2
  -4.93349;36.00000;       0.53019;3.43714;2
  -4.90020;36.00333;       0.53032;3.43713;2
  -4.86695;36.00667;       0.53042;3.43712;2
  -4.83367;36.01000;       0.53048;3.43711;2
  -4.80041;36.01333;       0.53054;3.43710;2
  -4.76716;36.01667;       0.53056;3.43709;2
  -4.73392;36.02000;       0.53059;3.43708;2
  -4.70067;36.02333;       0.53060;3.43707;2
  -4.66736;36.02667;       0.53064;3.43706;2
  -4.63408;36.03000;       0.53062;3.43705;2
  -4.60079;36.03333;       0.53064;3.43704;2
  -4.56749;36.03667;       0.53067;3.43703;2
  -4.53421;36.04000;       0.53073;3.43702;2
  -4.50093;36.04333;       0.53076;3.43701;2
  -4.46766;36.04667;       0.53085;3.43700;2
  -4.43433;36.05000;       0.53102;3.43699;2
  -4.40103;36.05333;       0.53110;3.43698;2
  -4.36772;36.05667;       0.53116;3.43697;2
  -4.33439;36.06000;       0.53119;3.43696;2
  -4.30110;36.06333;       0.53123;3.43695;2
  -4.26782;36.06667;       0.53128;3.43694;2
  -4.23451;36.07000;       0.53128;3.43693;2
  -4.20123;36.07333;       0.53131;3.43692;2
  -4.16797;36.07667;       0.53137;3.43691;2
  -4.13469;36.08000;       0.53144;3.43690;2
  -4.10138;36.08333;       0.53150;3.43689;2
  -4.06807;36.08667;       0.53155;3.43688;2
  -4.03480;36.09000;       0.53159;3.43687;2
  -4.00149;36.09333;       0.53164;3.43686;2
  -3.96820;36.09667;       0.53167;3.43685;2
  -3.93489;36.10000;       0.53173;3.43684;2
  -3.90159;36.10333;       0.53180;3.43683;2
  -3.86826;36.10667;       0.53188;3.43682;2
  -3.83493;36.11000;       0.53192;3.43681;2
  -3.80162;36.11333;       0.53192;3.43680;2
  -3.76828;36.11667;       0.53191;3.43679;2
  -3.73497;36.12000;       0.53194;3.43678;2
  -3.70169;36.12333;       0.53197;3.43677;2
  -3.66839;36.12667;       0.53204;3.43676;2
  -3.63505;36.13000;       0.53221;3.43675;2
  -3.60175;36.13333;       0.53229;3.43674;2
  -3.56844;36.13667;       0.53234;3.43673;2
  -3.53513;36.14000;       0.53240;3.43672;2
  -3.50182;36.14333;       0.53243;3.43671;2
  -3.46848;36.14667;       0.53245;3.43670;2
  -3.43515;36.15000;       0.53249;3.43669;2
  -3.40184;36.15333;       0.53252;3.43668;2
  -3.36852;36.15667;       0.53255;3.43667;2
  -3.33521;36.16000;       0.53260;3.43666;2
  -3.30190;36.16333;       0.53263;3.43665;2
  -3.26856;36.16667;       0.53267;3.43664;2
  -3.23523;36.17000;       0.53270;3.43663;2
  -3.20195;36.17333;       0.53278;3.43662;2
  -3.16867;36.17667;       0.53288;3.43661;2
  -3.13531;36.18000;       0.53297;3.43660;2
  -3.10197;36.18333;       0.53306;3.43659;2
  -3.06861;36.18667;       0.53315;3.43658;2
  -3.03530;36.19000;       0.53325;3.43657;2
  -3.00200;36.19333;       0.53332;3.43656;2
  -2.96870;36.19667;       0.53347;3.43655;2
  -2.93539;36.20000;       0.53356;3.43654;2
  -2.90208;36.20333;       0.53365;3.43653;2
  -2.86877;36.20667;       0.53375;3.43652;2
  -2.83543;36.21000;       0.53377;3.43651;2
  -2.80210;36.21333;       0.53377;3.43650;2
  -2.76877;36.21667;       0.53379;3.43649;2
  -2.73543;36.22000;       0.53380;3.43648;2
  -2.70210;36.22333;       0.53390;3.43647;2
  -2.66874;36.22667;       0.53401;3.43646;2
  -2.63543;36.23000;       0.53411;3.43645;2
  -2.60210;36.23333;       0.53420;3.43644;2
  -2.56877;36.23667;       0.53429;3.43643;2
  -2.53548;36.24000;       0.53436;3.43642;2
  -2.50213;36.24333;       0.53442;3.43641;2
  -2.46879;36.24667;       0.53450;3.43640;2
  -2.43546;36.25000;       0.53448;3.43639;2
  -2.40213;36.25333;       0.53446;3.43638;2
  -2.36880;36.25667;       0.53447;3.43637;2
  -2.33549;36.26000;       0.53450;3.43636;2
  -2.30220;36.26333;       0.53455;3.43635;2
  -2.26889;36.26667;       0.53462;3.43634;2
  -2.23557;36.27000;       0.53470;3.43633;2
  -2.20226;36.27333;       0.53476;3.43632;2
  -2.16890;36.27667;       0.53479;3.43631;2
  -2.13554;36.28000;       0.53485;3.43630;2
  -2.10216;36.28333;       0.53495;3.43629;2
  -2.06882;36.28667;       0.53504;3.43628;2
  -2.03548;36.29000;       0.53508;3.43627;2
  -2.00213;36.29333;       0.53511;3.43625;2
  -1.96877;36.29667;       0.53513;3.43624;2
  -1.93539;36.30000;       0.53513;3.43623;2
  -1.90200;36.30333;       0.53521;3.43622;2
  -1.86864;36.30667;       0.53525;3.43621;2
  -1.83526;36.31000;       0.53538;3.43620;2
  -1.80190;36.31333;       0.53543;3.43619;2
  -1.76851;36.31667;       0.53546;3.43618;2
  -1.73513;36.32000;       0.53549;3.43617;2
  -1.70174;36.32333;       0.53552;3.43616;2
  -1.66834;36.32667;       0.53557;3.43615;2
  -1.63490;36.33000;       0.53564;3.43614;2
  -1.60149;36.33333;       0.53568;3.43613;2
  -1.56808;36.33667;       0.53574;3.43612;2
  -1.53470;36.34000;       0.53576;3.43611;2
  -1.50130;36.34333;       0.53578;3.43610;2
  -1.46790;36.34667;       0.53579;3.43609;2
  -1.43448;36.35000;       0.53584;3.43608;2
  -1.40107;36.35333;       0.53587;3.43607;2
  -1.36764;36.35667;       0.53593;3.43606;2
  -1.33420;36.36000;       0.53597;3.43605;2
  -1.30077;36.36333;       0.53599;3.43604;2
  -1.26733;36.36667;       0.53611;3.43603;2
  -1.23389;36.37000;       0.53609;3.43601;2
  -1.20044;36.37333;       0.53621;3.43600;2
  -1.16698;36.37667;       0.53639;3.43599;2
  -1.13352;36.38000;       0.53653;3.43598;2
  -1.10008;36.38333;       0.53659;3.43597;2
  -1.06662;36.38667;       0.53662;3.43596;2
  -1.03320;36.39000;       0.53670;3.43595;2
  -0.99979;36.39333;       0.53679;3.43594;2
  -0.96633;36.39667;       0.53691;3.43593;2
  -0.93287;36.40000;       0.53699;3.43592;2
  -0.89941;36.40333;       0.53710;3.43591;2
  -0.86597;36.40667;       0.53720;3.43590;2
  -0.83249;36.41000;       0.53732;3.43589;2
  -0.79902;36.41333;       0.53744;3.43588;2
  -0.76557;36.41667;       0.53754;3.43587;2
  -0.73208;36.42000;       0.53764;3.43586;2
  -0.69864;36.42333;       0.53775;3.43585;2
  -0.66516;36.42667;       0.53786;3.43583;2
  -0.63170;36.43000;       0.53797;3.43582;2
  -0.59823;36.43333;       0.53807;3.43581;2
  -0.56477;36.43667;       0.53822;3.43580;2
  -0.53131;36.44000;       0.53835;3.43579;2
  -0.49784;36.44333;       0.53848;3.43578;2
  -0.46438;36.44667;       0.53863;3.43577;2
  -0.43093;36.45000;       0.53875;3.43576;2
  -0.39748;36.45333;       0.53884;3.43575;2
  -0.36407;36.45667;       0.53892;3.43574;2
  -0.33059;36.46000;       0.53900;3.43573;2
  -0.29713;36.46333;       0.53910;3.43572;2
  -0.26364;36.46667;       0.53922;3.43571;2
  -0.23016;36.47000;       0.53931;3.43570;2
  -0.19667;36.47333;       0.53940;3.43568;2
  -0.16320;36.47667;       0.53949;3.43567;2
  -0.12974;36.48000;       0.53960;3.43566;2
  -0.09628;36.48333;       0.53974;3.43565;2
  -0.06284;36.48667;       0.53988;3.43564;2
  -0.02938;36.49000;       0.53999;3.43563;2
   0.00407;36.49333;       0.54008;3.43562;2
   0.03752;36.49667;       0.54018;3.43561;2
   0.07098;36.50000;       0.54033;3.43560;2
   0.10443;36.50333;       0.54041;3.43559;2
   0.13785;36.50667;       0.54044;3.43558;2
   0.17131;36.51000;       0.54046;3.43557;2
   0.20472;36.51333;       0.54033;3.43556;2
   0.23813;36.51667;       0.54032;3.43554;2
   0.27151;36.52000;       0.54039;3.43553;2
   0.30489;36.52333;       0.54041;3.43552;2
   0.33825;36.52667;       0.54047;3.43551;2
   0.37164;36.53000;       0.54050;3.43550;2
   0.40498;36.53333;       0.54055;3.43549;2
   0.43836;36.53667;       0.54062;3.43548;2
   0.47174;36.54000;       0.54072;3.43547;2
   0.50515;36.54333;       0.54081;3.43546;2
   0.53851;36.54667;       0.54083;3.43545;2
   0.57189;36.55000;       0.54084;3.43544;2
   0.60523;36.55333;       0.54087;3.43543;2
   0.63857;36.55667;       0.54092;3.43541;2
   0.67192;36.56000;       0.54098;3.43540;2
   0.70525;36.56333;       0.54105;3.43539;2
   0.73856;36.56667;       0.54114;3.43538;2
   0.77187;36.57000;       0.54128;3.43537;2
   0.80516;36.57333;       0.54141;3.43536;2
   0.83846;36.57667;       0.54147;3.43535;2
   0.87179;36.58000;       0.54150;3.43534;2
   0.90511;36.58333;       0.54153;3.43533;2
   0.93843;36.58667;       0.54157;3.43532;2
   0.97172;36.59000;       0.54159;3.43531;2
   1.00503;36.59333;       0.54162;3.43529;2
   1.03838;36.59667;       0.54164;3.43528;2
   1.07169;36.60000;       0.54170;3.43527;2
   1.10502;36.60333;       0.54173;3.43526;2
   1.13831;36.60667;       0.54173;3.43525;2
   1.17162;36.61000;       0.54176;3.43524;2
   1.20489;36.61333;       0.54178;3.43523;2
   1.23816;36.61667;       0.54182;3.43522;2
   1.27148;36.62000;       0.54182;3.43521;2
   1.30475;36.62333;       0.54183;3.43520;2
   1.33805;36.62667;       0.54184;3.43518;2
   1.37133;36.63000;       0.54186;3.43517;2
   1.40459;36.63333;       0.54189;3.43516;2
   1.43785;36.63667;       0.54189;3.43515;2
   1.47113;36.64000;       0.54194;3.43514;2
   1.50441;36.64333;       0.54198;3.43513;2
   1.53767;36.64667;       0.54200;3.43512;2
   1.57092;36.65000;       0.54200;3.43511;2
   1.60423;36.65333;       0.54199;3.43510;2
   1.63749;36.65667;       0.54191;3.43509;2
   1.67077;36.66000;       0.54187;3.43507;2
   1.70402;36.66333;       0.54180;3.43506;2
   1.73730;36.66667;       0.54188;3.43505;2
   1.77054;36.67000;       0.54188;3.43504;2
   1.80379;36.67333;       0.54189;3.43503;2
   1.83702;36.67667;       0.54190;3.43502;2
   1.87026;36.68000;       0.54193;3.43501;2
   1.90348;36.68333;       0.54194;3.43500;2
   1.93670;36.68667;       0.54199;3.43499;2
   1.96992;36.69000;       0.54201;3.43498;2
   2.00313;36.69333;       0.54202;3.43496;2
   2.03636;36.69667;       0.54205;3.43495;2
   2.06959;36.70000;       0.54211;3.43494;2
   2.10282;36.70333;       0.54217;3.43493;2
   2.13603;36.70667;       0.54223;3.43492;2
   2.16923;36.71000;       0.54228;3.43491;2
   2.20244;36.71333;       0.54237;3.43490;2
   2.23566;36.71667;       0.54245;3.43489;2
   2.26889;36.72000;       0.54254;3.43488;2
   2.30213;36.72333;       0.54257;3.43486;2
   2.33538;36.72667;       0.54259;3.43485;2
   2.36862;36.73000;       0.54262;3.43484;2
   2.40189;36.73333;       0.54268;3.43483;2
   2.43515;36.73667;       0.54268;3.43482;2
   2.46839;36.74000;       0.54270;3.43481;2
   2.50164;36.74333;       0.54273;3.43480;2
   2.53489;36.74667;       0.54275;3.43479;2
   2.56815;36.75000;       0.54281;3.43477;2
   2.60141;36.75333;       0.54287;3.43476;2
   2.63469;36.75667;       0.54290;3.43475;2
   2.66795;36.76000;       0.54293;3.43474;2
   2.70120;36.76333;       0.54300;3.43473;2
   2.73446;36.76667;       0.54303;3.43472;2
   2.76775;36.77000;       0.54305;3.43471;2
   2.80103;36.77333;       0.54309;3.43470;2
   2.83430;36.77667;       0.54314;3.43468;2
   2.86756;36.78000;       0.54319;3.43467;2
   2.90082;36.78333;       0.54324;3.43466;2
   2.93408;36.78667;       0.54329;3.43465;2
   2.96734;36.79000;       0.54331;3.43464;2
   3.00062;36.79333;       0.54335;3.43463;2
   3.03390;36.79667;       0.54334;3.43462;2
   3.06715;36.80000;       0.54336;3.43461;2
   3.10041;36.80333;       0.54337;3.43459;2
   3.13366;36.80667;       0.54345;3.43458;2
   3.16695;36.81000;       0.54345;3.43457;2
   3.20021;36.81333;       0.54348;3.43456;2
   3.23352;36.81667;       0.54354;3.43455;2
   3.26682;36.82000;       0.54357;3.43454;2
   3.30008;36.82333;       0.54359;3.43453;2
   3.33333;36.82667;       0.54366;3.43451;2
   3.36661;36.83000;       0.54376;3.43450;2
   3.39990;36.83333;       0.54385;3.43449;2
   3.43318;36.83667;       0.54394;3.43448;2
   3.46646;36.84000;       0.54403;3.43447;2
   3.49972;36.84333;       0.54412;3.43446;2
   3.53298;36.84667;       0.54419;3.43445;2
   3.56628;36.85000;       0.54430;3.43443;2
   3.59959;36.85333;       0.54440;3.43442;2
   3.63282;36.85667;       0.54446;3.43441;2
   3.66613;36.86000;       0.54453;3.43440;2
   3.69944;36.86333;       0.54464;3.43439;2
   3.73274;36.86667;       0.54471;3.43438;2
   3.76603;36.87000;       0.54477;3.43437;2
   3.79931;36.87333;       0.54485;3.43435;2
   3.83262;36.87667;       0.54491;3.43434;2
   3.86597;36.88000;       0.54497;3.43433;2
   3.89928;36.88333;       0.54503;3.43432;2
   3.93262;36.88667;       0.54509;3.43431;2
   3.96595;36.89000;       0.54512;3.43430;2
   3.99928;36.89333;       0.54518;3.43429;2
   4.03264;36.89667;       0.54519;3.43427;2
   4.06597;36.90000;       0.54521;3.43426;2
   4.09931;36.90333;       0.54526;3.43425;2
   4.13264;36.90667;       0.54532;3.43424;2
   4.16598;36.91000;       0.54540;3.43423;2
   4.19934;36.91333;       0.54549;3.43422;2
   4.23269;36.91667;       0.54560;3.43420;2
   4.26603;36.92000;       0.54566;3.43419;2
   4.29936;36.92333;       0.54573;3.43418;2
   4.33269;36.92667;       0.54581;3.43417;2
   4.36602;36.93000;       0.54585;3.43416;2
   4.39938;36.93333;       0.54593;3.43415;2
   4.43272;36.93667;       0.54599;3.43414;2
   4.46603;36.94000;       0.54606;3.43412;2
   4.49936;36.94333;       0.54615;3.43411;2
   4.53272;36.94667;       0.54622;3.43410;2
   4.56607;36.95000;       0.54630;3.43409;2
   4.59941;36.95333;       0.54640;3.43408;2
   4.63274;36.95667;       0.54650;3.43407;2
   4.66605;36.96000;       0.54659;3.43405;2
   4.69941;36.96333;       0.54667;3.43404;2
   4.73274;36.96667;       0.54676;3.43403;2
   4.76608;36.97000;       0.54685;3.43402;2
   4.79939;36.97333;       0.54696;3.43401;2
   4.83272;36.97667;       0.54705;3.43400;2
   4.86605;36.98000;       0.54714;3.43398;2
   4.89941;36.98333;       0.54723;3.43397;2
   4.93275;36.98667;       0.54732;3.43396;2
   4.96607;36.99000;       0.54742;3.43395;2
   4.99941;36.99333;       0.54748;3.43394;2
   5.03272;36.99667;       0.54754;3.43393;2
   5.06605;37.00000;       0.54756;3.43391;2
   5.09941;37.00333;       0.54762;3.43390;2
   5.13275;37.00667;       0.54767;3.43389;2
   5.16613;37.01000;       0.54771;3.43388;2
   5.19946;37.01333;       0.54784;3.43387;2
   5.23280;37.01667;       0.54795;3.43385;2
   5.26611;37.02000;       0.54801;3.43384;2
   5.29943;37.02333;       0.54807;3.43383;2
   5.33274;37.02667;       0.54816;3.43382;2
   5.36610;37.03000;       0.54829;3.43381;2
   5.39944;37.03333;       0.54844;3.43380;2
   5.43275;37.03667;       0.54851;3.43378;2
   5.46608;37.04000;       0.54864;3.43377;2
   5.49943;37.04333;       0.54872;3.43376;2
   5.53279;37.04667;       0.54879;3.43375;2
   5.56615;37.05000;       0.54887;3.43374;2
   5.59949;37.05333;       0.54891;3.43372;2
   5.63279;37.05667;       0.54887;3.43371;2
   5.66615;37.06000;       0.54884;3.43370;2
   5.69946;37.06333;       0.54886;3.43369;2
   5.73279;37.06667;       0.54889;3.43368;2
   5.76613;37.07000;       0.54892;3.43367;2
   5.79948;37.07333;       0.54905;3.43365;2
   5.83284;37.07667;       0.54919;3.43364;2
   5.86616;37.08000;       0.54928;3.43363;2
   5.89946;37.08333;       0.54929;3.43362;2
   5.93279;37.08667;       0.54938;3.43361;2
   5.96611;37.09000;       0.54946;3.43359;2
   5.99944;37.09333;       0.54952;3.43358;2
   6.03277;37.09667;       0.54959;3.43357;2
   6.06605;37.10000;       0.54966;3.43356;2
   6.09936;37.10333;       0.54972;3.43355;2
   6.13264;37.10667;       0.54980;3.43353;2
   6.16592;37.11000;       0.54989;3.43352;2
   6.19925;37.11333;       0.55002;3.43351;2
   6.23256;37.11667;       0.55012;3.43350;2
   6.26587;37.12000;       0.55020;3.43349;2
   6.29916;37.12333;       0.55030;3.43348;2
   6.33249;37.12667;       0.55038;3.43346;2
   6.36582;37.13000;       0.55045;3.43345;2
   6.39915;37.13333;       0.55053;3.43344;2
   6.43246;37.13667;       0.55057;3.43343;2
   6.46575;37.14000;       0.55065;3.43342;2
   6.49907;37.14333;       0.55069;3.43340;2
   6.53234;37.14667;       0.55072;3.43339;2
   6.56559;37.15000;       0.55075;3.43338;2
   6.59884;37.15333;       0.55078;3.43337;2
   6.63211;37.15667;       0.55086;3.43335;2
   6.66543;37.16000;       0.55090;3.43334;2
   6.69872;37.16333;       0.55098;3.43333;2
   6.73197;37.16667;       0.55107;3.43332;2
   6.76528;37.17000;       0.55113;3.43331;2
   6.79857;37.17333;       0.55122;3.43329;2
   6.83192;37.17667;       0.55128;3.43328;2
   6.86525;37.18000;       0.55134;3.43327;2
   6.89859;37.18333;       0.55141;3.43326;2
   6.93190;37.18667;       0.55149;3.43325;2
   6.96521;37.19000;       0.55153;3.43323;2
   6.99852;37.19333;       0.55158;3.43322;2
   7.03182;37.19667;       0.55156;3.43321;2
   7.06515;37.20000;       0.55160;3.43320;2
   7.09849;37.20333;       0.55166;3.43319;2
   7.13182;37.20667;       0.55170;3.43317;2
   7.16515;37.21000;       0.55173;3.43316;2
   7.19843;37.21333;       0.55184;3.43315;2
   7.23174;37.21667;       0.55190;3.43314;2
   7.26505;37.22000;       0.55196;3.43313;2
   7.29836;37.22333;       0.55206;3.43311;2
   7.33167;37.22667;       0.55213;3.43310;2
   7.36502;37.23000;       0.55218;3.43309;2
   7.39834;37.23333;       0.55223;3.43308;2
   7.43169;37.23667;       0.55227;3.43306;2
   7.46503;37.24000;       0.55235;3.43305;2
   7.49836;37.24333;       0.55245;3.43304;2
   7.53166;37.24667;       0.55249;3.43303;2
   7.56498;37.25000;       0.55248;3.43302;2
   7.59833;37.25333;       0.55259;3.43300;2
   7.63167;37.25667;       0.55267;3.43299;2
   7.66505;37.26000;       0.55275;3.43298;2
   7.69841;37.26333;       0.55277;3.43297;2
   7.73177;37.26667;       0.55281;3.43295;2
   7.76513;37.27000;       0.55286;3.43294;2
   7.79846;37.27333;       0.55298;3.43293;2
   7.83179;37.27667;       0.55306;3.43292;2
   7.86511;37.28000;       0.55317;3.43291;2
   7.89844;37.28333;       0.55324;3.43289;2
   7.93177;37.28667;       0.55335;3.43288;2
   7.96510;37.29000;       0.55345;3.43287;2
   7.99843;37.29333;       0.55352;3.43286;2
   8.03179;37.29667;       0.55361;3.43284;2
   8.06513;37.30000;       0.55369;3.43283;2
   8.09849;37.30333;       0.55375;3.43282;2
   8.13180;37.30667;       0.55376;3.43281;2
   8.16515;37.31000;       0.55380;3.43279;2
   8.19851;37.31333;       0.55383;3.43278;2
   8.23182;37.31667;       0.55392;3.43277;2
   8.26516;37.32000;       0.55402;3.43276;2
   8.29848;37.32333;       0.55411;3.43274;2
   8.33182;37.32667;       0.55421;3.43273;2
   8.36516;37.33000;       0.55430;3.43272;2
   8.39848;37.33333;       0.55439;3.43271;2
   8.43179;37.33667;       0.55445;3.43270;2
   8.46511;37.34000;       0.55451;3.43268;2
   8.49843;37.34333;       0.55459;3.43267;2
   8.53177;37.34667;       0.55463;3.43266;2
   8.56515;37.35000;       0.55471;3.43265;2
   8.59852;37.35333;       0.55481;3.43263;2
   8.63192;37.35667;       0.55491;3.43262;2
   8.66531;37.36000;       0.55500;3.43261;2
   8.69866;37.36333;       0.55509;3.43260;2
   8.73203;37.36667;       0.55517;3.43258;2
   8.76544;37.37000;       0.55523;3.43257;2
   8.79879;37.37333;       0.55533;3.43256;2
   8.83216;37.37667;       0.55542;3.43255;2
   8.86551;37.38000;       0.55544;3.43253;2
   8.89884;37.38333;       0.55544;3.43252;2
   8.93218;37.38667;       0.55545;3.43251;2
   8.96552;37.39000;       0.55551;3.43250;2
   8.99887;37.39333;       0.55566;3.43248;2
   9.03221;37.39667;       0.55577;3.43247;2
   9.06554;37.40000;       0.55588;3.43246;2
   9.09887;37.40333;       0.55599;3.43245;2
   9.13218;37.40667;       0.55611;3.43243;2
   9.16549;37.41000;       0.55625;3.43242;2
   9.19882;37.41333;       0.55636;3.43241;2
   9.23220;37.41667;       0.55636;3.43240;2
   9.26556;37.42000;       0.55638;3.43238;2
   9.29889;37.42333;       0.55644;3.43237;2
   9.33220;37.42667;       0.55650;3.43236;2
   9.36551;37.43000;       0.55654;3.43235;2
   9.39882;37.43333;       0.55660;3.43233;2
   9.43213;37.43667;       0.55671;3.43232;2
   9.46541;37.44000;       0.55674;3.43231;2
   9.49872;37.44333;       0.55678;3.43230;2
   9.53208;37.44667;       0.55684;3.43228;2
   9.56543;37.45000;       0.55695;3.43227;2
   9.59877;37.45333;       0.55704;3.43226;2
   9.63208;37.45667;       0.55711;3.43225;2
   9.66539;37.46000;       0.55717;3.43223;2
   9.69869;37.46333;       0.55724;3.43222;2
   9.73198;37.46667;       0.55729;3.43221;2
   9.76528;37.47000;       0.55738;3.43219;2
   9.79854;37.47333;       0.55747;3.43218;2
   9.83184;37.47667;       0.55753;3.43217;2
   9.86513;37.48000;       0.55756;3.43216;2
   9.89844;37.48333;       0.55759;3.43214;2
   9.93175;37.48667;       0.55764;3.43213;2
   9.96505;37.49000;       0.55773;3.43212;2
   9.99836;37.49333;       0.55779;3.43211;2
  10.03166;37.49667;       0.55783;3.43209;2
  10.06490;37.50000;       0.55791;3.43208;2
  10.09820;37.50333;       0.55797;3.43207;2
  10.13149;37.50667;       0.55803;3.43205;2
  10.16484;37.51000;       0.55809;3.43204;2
  10.19818;37.51333;       0.55812;3.43203;2
  10.23149;37.51667;       0.55812;3.43202;2
  10.26479;37.52000;       0.55812;3.43200;2
  10.29808;37.52333;       0.55818;3.43199;2
  10.33144;37.52667;       0.55821;3.43198;2
  10.36480;37.53000;       0.55830;3.43197;2
  10.39811;37.53333;       0.55835;3.43195;2
  10.43148;37.53667;       0.55842;3.43194;2
  10.46480;37.54000;       0.55848;3.43193;2
  10.49811;37.54333;       0.55854;3.43191;2
  10.53144;37.54667;       0.55855;3.43190;2
  10.56477;37.55000;       0.55858;3.43189;2
  10.59807;37.55333;       0.55861;3.43188;2
  10.63136;37.55667;       0.55867;3.43186;2
  10.66466;37.56000;       0.55874;3.43185;2
  10.69793;37.56333;       0.55883;3.43184;2
  10.73123;37.56667;       0.55889;3.43182;2
  10.76454;37.57000;       0.55907;3.43181;2
  10.79785;37.57333;       0.55916;3.43180;2
  10.83118;37.57667;       0.55923;3.43179;2
  10.86448;37.58000;       0.55928;3.43177;2
  10.89777;37.58333;       0.55934;3.43176;2
  10.93111;37.58667;       0.55943;3.43175;2
  10.96441;37.59000;       0.55947;3.43174;2
  10.99770;37.59333;       0.55955;3.43172;2
  11.03098;37.59667;       0.55959;3.43171;2
  11.06433;37.60000;       0.55964;3.43170;2
  11.09766;37.60333;       0.55973;3.43168;2
  11.13098;37.60667;       0.55980;3.43167;2
  11.16430;37.61000;       0.55988;3.43166;2
  11.19762;37.61333;       0.55992;3.43164;2
  11.23093;37.61667;       0.55999;3.43163;2
  11.26423;37.62000;       0.56005;3.43162;2
  11.29752;37.62333;       0.56012;3.43161;2
  11.33085;37.62667;       0.56017;3.43159;2
  11.36423;37.63000;       0.56023;3.43158;2
  11.39757;37.63333;       0.56027;3.43157;2
  11.43093;37.63667;       0.56035;3.43155;2
  11.46430;37.64000;       0.56042;3.43154;2
  11.49767;37.64333;       0.56053;3.43153;2
  11.53100;37.64667;       0.56067;3.43152;2
  11.56431;37.65000;       0.56076;3.43150;2
  11.59769;37.65333;       0.56082;3.43149;2
  11.63103;37.65667;       0.56091;3.43148;2
  11.66436;37.66000;       0.56099;3.43146;2
  11.69772;37.66333;       0.56105;3.43145;2
  11.73111;37.66667;       0.56111;3.43144;2
  11.76449;37.67000;       0.56118;3.43142;2
  11.79785;37.67333;       0.56120;3.43141;2
  11.83123;37.67667;       0.56120;3.43140;2
  11.86461;37.68000;       0.56122;3.43138;2
  11.89797;37.68333;       0.56132;3.43137;2
  11.93131;37.68667;       0.56141;3.43136;2
  11.96467;37.69000;       0.56148;3.43135;2
  11.99803;37.69333;       0.56160;3.43133;2
  12.03138;37.69667;       0.56171;3.43132;2
  12.06475;37.70000;       0.56180;3.43131;2
  12.09816;37.70333;       0.56187;3.43129;2
  12.13157;37.70667;       0.56195;3.43128;2
  12.16498;37.71000;       0.56205;3.43127;2
  12.19836;37.71333;       0.56217;3.43125;2
  12.23172;37.71667;       0.56227;3.43124;2
  12.26510;37.72000;       0.56235;3.43123;2
  12.29846;37.72333;       0.56244;3.43121;2
  12.33180;37.72667;       0.56250;3.43120;2
  12.36513;37.73000;       0.56254;3.43119;2
  12.39846;37.73333;       0.56262;3.43117;2
  12.43180;37.73667;       0.56271;3.43116;2
  12.46513;37.74000;       0.56281;3.43115;2
  12.49851;37.74333;       0.56289;3.43114;2
  12.53189;37.74667;       0.56299;3.43112;2
  12.56526;37.75000;       0.56308;3.43111;2
  12.59859;37.75333;       0.56315;3.43110;2
  12.63195;37.75667;       0.56324;3.43108;2
  12.66533;37.76000;       0.56332;3.43107;2
  12.69869;37.76333;       0.56342;3.43106;2
  12.73208;37.76667;       0.56351;3.43104;2
  12.76546;37.77000;       0.56362;3.43103;2
  12.79880;37.77333;       0.56370;3.43102;2
  12.83213;37.77667;       0.56378;3.43100;2
  12.86551;37.78000;       0.56387;3.43099;2
  12.89889;37.78333;       0.56399;3.43098;2
  12.93226;37.78667;       0.56408;3.43096;2
  12.96559;37.79000;       0.56415;3.43095;2
  12.99895;37.79333;       0.56424;3.43094;2
  13.03231;37.79667;       0.56423;3.43092;2
  13.06569;37.80000;       0.56426;3.43091;2
  13.09902;37.80333;       0.56436;3.43090;2
  13.13239;37.80667;       0.56442;3.43088;2
  13.16575;37.81000;       0.56450;3.43087;2
  13.19911;37.81333;       0.56457;3.43086;2
  13.23244;37.81667;       0.56461;3.43084;2
  13.26582;37.82000;       0.56468;3.43083;2
  13.29920;37.82333;       0.56471;3.43082;2
  13.33256;37.82667;       0.56474;3.43080;2
  13.36590;37.83000;       0.56476;3.43079;2
  13.39925;37.83333;       0.56483;3.43078;2
  13.43262;37.83667;       0.56491;3.43076;2
  13.46595;37.84000;       0.56500;3.43075;2
  13.49930;37.84333;       0.56509;3.43074;2
  13.53262;37.84667;       0.56518;3.43072;2
  13.56600;37.85000;       0.56527;3.43071;2
  13.59936;37.85333;       0.56537;3.43070;2
  13.63270;37.85667;       0.56544;3.43068;2
  13.66607;37.86000;       0.56553;3.43067;2
  13.69944;37.86333;       0.56559;3.43066;2
  13.73279;37.86667;       0.56566;3.43064;2
  13.76611;37.87000;       0.56573;3.43063;2
  13.79946;37.87333;       0.56579;3.43062;2
  13.83282;37.87667;       0.56588;3.43060;2
  13.86618;37.88000;       0.56596;3.43059;2
  13.89954;37.88333;       0.56603;3.43058;2
  13.93290;37.88667;       0.56610;3.43056;2
  13.96628;37.89000;       0.56618;3.43055;2
  13.99962;37.89333;       0.56627;3.43053;2
  14.03300;37.89667;       0.56630;3.43052;2
  14.06639;37.90000;       0.56630;3.43051;2
  14.09977;37.90333;       0.56638;3.43049;2
  14.13310;37.90667;       0.56647;3.43048;2
  14.16641;37.91000;       0.56651;3.43047;2
  14.19975;37.91333;       0.56656;3.43045;2
  14.23310;37.91667;       0.56660;3.43044;2
  14.26644;37.92000;       0.56672;3.43043;2
  14.29979;37.92333;       0.56681;3.43041;2
  14.33316;37.92667;       0.56689;3.43040;2
  14.36652;37.93000;       0.56692;3.43039;2
  14.39989;37.93333;       0.56694;3.43037;2
  14.43325;37.93667;       0.56702;3.43036;2
  14.46659;37.94000;       0.56714;3.43035;2
  14.49992;37.94333;       0.56728;3.43033;2
  14.53325;37.94667;       0.56738;3.43032;2
  14.56661;37.95000;       0.56750;3.43030;2
  14.59995;37.95333;       0.56759;3.43029;2
  14.63333;37.95667;       0.56759;3.43028;2
  14.66672;37.96000;       0.56769;3.43026;2
  14.70010;37.96333;       0.56776;3.43025;2
  14.73348;37.96667;       0.56777;3.43024;2
  14.76682;37.97000;       0.56785;3.43022;2
  14.80016;37.97333;       0.56794;3.43021;2
  14.83354;37.97667;       0.56804;3.43020;2
  14.86690;37.98000;       0.56816;3.43018;2
  14.90026;37.98333;       0.56834;3.43017;2
  14.93362;37.98667;       0.56843;3.43015;2
  14.96697;37.99000;       0.56849;3.43014;2
  15.00033;37.99333;       0.56852;3.43013;2
  15.03369;37.99667;       0.56859;3.43011;2
  15.06708;38.00000;       0.56865;3.43010;2
  15.10049;38.00333;       0.56871;3.43009;2
  15.13387;38.00667;       0.56882;3.43007;2
  15.16721;38.01000;       0.56898;3.43006;2
  15.20056;38.01333;       0.56911;3.43004;2
  15.23389;38.01667;       0.56922;3.43003;2
  15.26726;38.02000;       0.56932;3.43002;2
  15.30061;38.02333;       0.56942;3.43000;2
  15.33395;38.02667;       0.56941;3.42999;2
  15.36733;38.03000;       0.56940;3.42998;2
  15.40070;38.03333;       0.56939;3.42996;2
  15.43405;38.03667;       0.56949;3.42995;2
  15.46741;38.04000;       0.56957;3.42993;2
  15.50077;38.04333;       0.56970;3.42992;2
  15.53411;38.04667;       0.56980;3.42991;2
  15.56751;38.05000;       0.56989;3.42989;2
  15.60085;38.05333;       0.56997;3.42988;2
  15.63420;38.05667;       0.57007;3.42987;2
  15.66754;38.06000;       0.57012;3.42985;2
  15.70087;38.06333;       0.57015;3.42984;2
  15.73423;38.06667;       0.57021;3.42982;2
  15.76757;38.07000;       0.57027;3.42981;2
  15.80089;38.07333;       0.57032;3.42980;2
  15.83421;38.07667;       0.57039;3.42978;2
  15.86756;38.08000;       0.57045;3.42977;2
  15.90089;38.08333;       0.57056;3.42976;2
  15.93421;38.08667;       0.57065;3.42974;2
  15.96754;38.09000;       0.57072;3.42973;2
  16.00087;38.09333;       0.57081;3.42971;2
  16.03423;38.09667;       0.57093;3.42970;2
  16.06757;38.10000;       0.57106;3.42969;2
  16.10092;38.10333;       0.57114;3.42967;2
  16.13425;38.10667;       0.57120;3.42966;2
  16.16761;38.11000;       0.57130;3.42964;2
  16.20095;38.11333;       0.57141;3.42963;2
  16.23426;38.11667;       0.57152;3.42962;2
  16.26761;38.12000;       0.57167;3.42960;2
  16.30093;38.12333;       0.57178;3.42959;2
  16.33430;38.12667;       0.57185;3.42957;2
  16.36764;38.13000;       0.57181;3.42956;2
  16.40102;38.13333;       0.57184;3.42955;2
  16.43436;38.13667;       0.57189;3.42953;2
  16.46770;38.14000;       0.57192;3.42952;2
  16.50108;38.14333;       0.57195;3.42950;2
  16.53446;38.14667;       0.57201;3.42949;2
  16.56780;38.15000;       0.57209;3.42948;2
  16.60110;38.15333;       0.57220;3.42946;2
  16.63443;38.15667;       0.57229;3.42945;2
  16.66774;38.16000;       0.57235;3.42943;2
  16.70102;38.16333;       0.57243;3.42942;2
  16.73434;38.16667;       0.57250;3.42941;2
  16.76767;38.17000;       0.57261;3.42939;2
  16.80100;38.17333;       0.57268;3.42938;2
  16.83434;38.17667;       0.57276;3.42936;2
  16.86764;38.18000;       0.57288;3.42935;2
  16.90097;38.18333;       0.57297;3.42934;2
  16.93428;38.18667;       0.57303;3.42932;2
  16.96757;38.19000;       0.57309;3.42931;2
  17.00090;38.19333;       0.57318;3.42929;2
  17.03421;38.19667;       0.57324;3.42928;2
  17.06756;38.20000;       0.57331;3.42927;2
  17.10085;38.20333;       0.57342;3.42925;2
  17.13410;38.20667;       0.57351;3.42924;2
  17.16741;38.21000;       0.57358;3.42922;2
  17.20072;38.21333;       0.57367;3.42921;2
  17.23403;38.21667;       0.57375;3.42920;2
  17.26738;38.22000;       0.57385;3.42918;2
  17.30070;38.22333;       0.57395;3.42917;2
  17.33402;38.22667;       0.57402;3.42915;2
  17.36734;38.23000;       0.57408;3.42914;2
  17.40066;38.23333;       0.57417;3.42913;2
  17.43395;38.23667;       0.57424;3.42911;2
  17.46728;38.24000;       0.57429;3.42910;2
  17.50059;38.24333;       0.57436;3.42908;2
  17.53392;38.24667;       0.57444;3.42907;2
  17.56726;38.25000;       0.57450;3.42906;2
  17.60056;38.25333;       0.57459;3.42904;2
  17.63387;38.25667;       0.57466;3.42903;2
  17.66720;38.26000;       0.57474;3.42901;2
  17.70051;38.26333;       0.57481;3.42900;2
  17.73384;38.26667;       0.57489;3.42898;2
  17.76713;38.27000;       0.57501;3.42897;2
  17.80043;38.27333;       0.57508;3.42896;2
  17.83377;38.27667;       0.57517;3.42894;2
  17.86708;38.28000;       0.57525;3.42893;2
  17.90039;38.28333;       0.57534;3.42891;2
  17.93372;38.28667;       0.57541;3.42890;2
  17.96703;38.29000;       0.57546;3.42888;2
  18.00034;38.29333;       0.57553;3.42887;2
  18.03367;38.29667;       0.57562;3.42886;2
  18.06700;38.30000;       0.57577;3.42884;2
  18.10031;38.30333;       0.57587;3.42883;2
  18.13361;38.30667;       0.57592;3.42881;2
  18.16692;38.31000;       0.57598;3.42880;2
  18.20020;38.31333;       0.57598;3.42878;2
  18.23352;38.31667;       0.57601;3.42877;2
  18.26685;38.32000;       0.57615;3.42876;2
  18.30016;38.32333;       0.57624;3.42874;2
  18.33349;38.32667;       0.57634;3.42873;2
  18.36679;38.33000;       0.57640;3.42871;2
  18.40007;38.33333;       0.57643;3.42870;2
  18.43339;38.33667;       0.57649;3.42868;2
  18.46670;38.34000;       0.57658;3.42867;2
  18.50002;38.34333;       0.57667;3.42866;2
  18.53331;38.34667;       0.57675;3.42864;2
  18.56662;38.35000;       0.57682;3.42863;2
  18.59992;38.35333;       0.57693;3.42861;2
  18.63326;38.35667;       0.57700;3.42860;2
  18.66659;38.36000;       0.57708;3.42858;2
  18.69995;38.36333;       0.57717;3.42857;2
  18.73330;38.36667;       0.57724;3.42856;2
  18.76657;38.37000;       0.57732;3.42854;2
  18.79987;38.37333;       0.57739;3.42853;2
  18.83318;38.37667;       0.57745;3.42851;2
  18.86649;38.38000;       0.57754;3.42850;2
  18.89984;38.38333;       0.57762;3.42848;2
  18.93316;38.38667;       0.57774;3.42847;2
  18.96648;38.39000;       0.57784;3.42845;2
  18.99982;38.39333;       0.57796;3.42844;2
  19.03315;38.39667;       0.57808;3.42843;2
  19.06651;38.40000;       0.57812;3.42841;2
  19.09982;38.40333;       0.57820;3.42840;2
  19.13315;38.40667;       0.57832;3.42838;2
  19.16651;38.41000;       0.57847;3.42837;2
  19.19985;38.41333;       0.57856;3.42835;2
  19.23320;38.41667;       0.57869;3.42834;2
  19.26656;38.42000;       0.57879;3.42832;2
  19.29989;38.42333;       0.57887;3.42831;2
  19.33325;38.42667;       0.57896;3.42829;2
  19.36659;38.43000;       0.57902;3.42828;2
  19.39992;38.43333;       0.57909;3.42827;2
  19.43323;38.43667;       0.57921;3.42825;2
  19.46657;38.44000;       0.57933;3.42824;2
  19.49987;38.44333;       0.57945;3.42822;2
  19.53318;38.44667;       0.57956;3.42821;2
  19.56652;38.45000;       0.57965;3.42819;2
  19.59984;38.45333;       0.57972;3.42818;2
  19.63313;38.45667;       0.57982;3.42816;2
  19.66644;38.46000;       0.57991;3.42815;2
  19.69975;38.46333;       0.58000;3.42814;2
  19.73308;38.46667;       0.58009;3.42812;2
  19.76641;38.47000;       0.58013;3.42811;2
  19.79970;38.47333;       0.58013;3.42809;2
  19.83302;38.47667;       0.58014;3.42808;2
  19.86631;38.48000;       0.58022;3.42806;2
  19.89964;38.48333;       0.58037;3.42805;2
  19.93293;38.48667;       0.58046;3.42803;2
  19.96623;38.49000;       0.58053;3.42802;2
  19.99954;38.49333;       0.58067;3.42800;2
  20.03285;38.49667;       0.58077;3.42799;2
  20.06615;38.50000;       0.58089;3.42797;2
  20.09943;38.50333;       0.58096;3.42796;2
  20.13274;38.50667;       0.58101;3.42794;2
  20.16605;38.51000;       0.58110;3.42793;2
  20.19936;38.51333;       0.58119;3.42792;2
  20.23272;38.51667;       0.58129;3.42790;2
  20.26603;38.52000;       0.58138;3.42789;2
  20.29933;38.52333;       0.58147;3.42787;2
  20.33264;38.52667;       0.58156;3.42786;2
  20.36595;38.53000;       0.58165;3.42784;2
  20.39928;38.53333;       0.58171;3.42783;2
  20.43262;38.53667;       0.58179;3.42781;2
  20.46589;38.54000;       0.58184;3.42780;2
  20.49920;38.54333;       0.58191;3.42778;2
  20.53249;38.54667;       0.58202;3.42777;2
  20.56580;38.55000;       0.58211;3.42775;2
  20.59910;38.55333;       0.58220;3.42774;2
  20.63241;38.55667;       0.58228;3.42772;2
  20.66570;38.56000;       0.58237;3.42771;2
  20.69900;38.56333;       0.58242;3.42769;2
  20.73230;38.56667;       0.58242;3.42768;2
  20.76559;38.57000;       0.58253;3.42767;2
  20.79890;38.57333;       0.58266;3.42765;2
  20.83221;38.57667;       0.58275;3.42764;2
  20.86552;38.58000;       0.58280;3.42762;2
  20.89880;38.58333;       0.58287;3.42761;2
  20.93208;38.58667;       0.58295;3.42759;2
  20.96536;38.59000;       0.58305;3.42758;2
  20.99866;38.59333;       0.58314;3.42756;2
  21.03197;38.59667;       0.58323;3.42755;2
  21.06528;38.60000;       0.58329;3.42753;2
  21.09856;38.60333;       0.58338;3.42752;2
  21.13185;38.60667;       0.58343;3.42750;2
  21.16516;38.61000;       0.58349;3.42749;2
  21.19846;38.61333;       0.58356;3.42747;2
  21.23174;38.61667;       0.58368;3.42746;2
  21.26505;38.62000;       0.58374;3.42744;2
  21.29833;38.62333;       0.58382;3.42743;2
  21.33162;38.62667;       0.58389;3.42741;2
  21.36489;38.63000;       0.58397;3.42740;2
  21.39818;38.63333;       0.58405;3.42738;2
  21.43148;38.63667;       0.58411;3.42737;2
  21.46477;38.64000;       0.58417;3.42735;2
  21.49807;38.64333;       0.58424;3.42734;2
  21.53139;38.64667;       0.58433;3.42732;2
  21.56474;38.65000;       0.58441;3.42731;2
  21.59805;38.65333;       0.58448;3.42729;2
  21.63131;38.65667;       0.58456;3.42728;2
  21.66466;38.66000;       0.58463;3.42726;2
  21.69797;38.66333;       0.58471;3.42725;2
  21.73128;38.66667;       0.58480;3.42723;2
  21.76457;38.67000;       0.58484;3.42722;2
  21.79787;38.67333;       0.58502;3.42720;2
  21.83118;38.67667;       0.58510;3.42719;2
  21.86452;38.68000;       0.58514;3.42717;2
  21.89787;38.68333;       0.58519;3.42716;2
  21.93120;38.68667;       0.58528;3.42714;2
  21.96454;38.69000;       0.58535;3.42713;2
  21.99787;38.69333;       0.58550;3.42711;2
  22.03118;38.69667;       0.58564;3.42710;2
  22.06452;38.70000;       0.58577;3.42708;2
  22.09785;38.70333;       0.58584;3.42707;2
  22.13120;38.70667;       0.58588;3.42705;2
  22.16452;38.71000;       0.58591;3.42704;2
  22.19784;38.71333;       0.58595;3.42702;2
  22.23113;38.71667;       0.58606;3.42701;2
  22.26441;38.72000;       0.58616;3.42699;2
  22.29771;38.72333;       0.58627;3.42698;2
  22.33102;38.72667;       0.58639;3.42696;2
  22.36433;38.73000;       0.58648;3.42695;2
  22.39766;38.73333;       0.58654;3.42693;2
  22.43095;38.73667;       0.58663;3.42692;2
  22.46428;38.74000;       0.58675;3.42690;2
  22.49762;38.74333;       0.58686;3.42689;2
  22.53095;38.74667;       0.58697;3.42687;2
  22.56430;38.75000;       0.58710;3.42686;2
  22.59762;38.75333;       0.58722;3.42684;2
  22.63095;38.75667;       0.58731;3.42683;2
  22.66430;38.76000;       0.58745;3.42681;2
  22.69762;38.76333;       0.58758;3.42680;2
  22.73095;38.76667;       0.58767;3.42678;2
  22.76426;38.77000;       0.58777;3.42677;2
  22.79757;38.77333;       0.58786;3.42675;2
  22.83089;38.77667;       0.58800;3.42674;2
  22.86421;38.78000;       0.58809;3.42672;2
  22.89752;38.78333;       0.58818;3.42671;2
  22.93089;38.78667;       0.58830;3.42669;2
  22.96421;38.79000;       0.58839;3.42668;2
  22.99756;38.79333;       0.58846;3.42666;2
  23.03089;38.79667;       0.58854;3.42664;2
  23.06418;38.80000;       0.58860;3.42663;2
  23.09751;38.80333;       0.58870;3.42661;2
  23.13082;38.80667;       0.58881;3.42660;2
  23.16416;38.81000;       0.58891;3.42658;2
  23.19749;38.81333;       0.58904;3.42657;2
  23.23084;38.81667;       0.58916;3.42655;2
  23.26416;38.82000;       0.58927;3.42654;2
  23.29748;38.82333;       0.58936;3.42652;2
  23.33082;38.82667;       0.58948;3.42651;2
  23.36415;38.83000;       0.58957;3.42649;2
  23.39746;38.83333;       0.58969;3.42648;2
  23.43079;38.83667;       0.58979;3.42646;2
  23.46408;38.84000;       0.58987;3.42645;2
  23.49743;38.84333;       0.58996;3.42643;2
  23.53074;38.84667;       0.59003;3.42642;2
  23.56405;38.85000;       0.59014;3.42640;2
  23.59734;38.85333;       0.59024;3.42638;2
  23.63064;38.85667;       0.59032;3.42637;2
  23.66402;38.86000;       0.59043;3.42635;2
  23.69734;38.86333;       0.59051;3.42634;2
  23.73067;38.86667;       0.59059;3.42632;2
  23.76398;38.87000;       0.59078;3.42631;2
  23.79731;38.87333;       0.59095;3.42629;2
  23.83062;38.87667;       0.59106;3.42628;2
  23.86397;38.88000;       0.59113;3.42626;2
  23.89730;38.88333;       0.59121;3.42625;2
  23.93062;38.88667;       0.59133;3.42623;2
  23.96393;38.89000;       0.59146;3.42622;2
  23.99725;38.89333;       0.59155;3.42620;2
  24.03061;38.89667;       0.59163;3.42618;2
  24.06395;38.90000;       0.59172;3.42617;2
  24.09726;38.90333;       0.59182;3.42615;2
  24.13057;38.90667;       0.59191;3.42614;2
  24.16389;38.91000;       0.59206;3.42612;2
  24.19720;38.91333;       0.59218;3.42611;2
  24.23054;38.91667;       0.59228;3.42609;2
  24.26389;38.92000;       0.59237;3.42608;2
  24.29723;38.92333;       0.59249;3.42606;2
  24.33056;38.92667;       0.59258;3.42605;2
  24.36392;38.93000;       0.59269;3.42603;2
  24.39723;38.93333;       0.59279;3.42601;2
  24.43056;38.93667;       0.59287;3.42600;2
  24.46390;38.94000;       0.59302;3.42598;2
  24.49721;38.94333;       0.59315;3.42597;2
  24.53052;38.94667;       0.59324;3.42595;2
  24.56384;38.95000;       0.59333;3.42594;2
  24.59715;38.95333;       0.59341;3.42592;2
  24.63044;38.95667;       0.59350;3.42591;2
  24.66377;38.96000;       0.59359;3.42589;2
  24.69710;38.96333;       0.59370;3.42588;2
  24.73043;38.96667;       0.59381;3.42586;2
  24.76377;38.97000;       0.59390;3.42584;2
  24.79710;38.97333;       0.59399;3.42583;2
  24.83048;38.97667;       0.59409;3.42581;2
  24.86384;38.98000;       0.59417;3.42580;2
  24.89718;38.98333;       0.59427;3.42578;2
  24.93052;38.98667;       0.59438;3.42577;2
  24.96385;38.99000;       0.59450;3.42575;2
  24.99723;38.99333;       0.59460;3.42573;2
  25.03059;38.99667;       0.59475;3.42572;2
  25.06393;39.00000;       0.59487;3.42570;2
  25.09730;39.00333;       0.59497;3.42569;2
  25.13062;39.00667;       0.59509;3.42567;2
  25.16397;39.01000;       0.59521;3.42566;2
  25.19730;39.01333;       0.59535;3.42564;2
  25.23066;39.01667;       0.59547;3.42563;2
  25.26402;39.02000;       0.59557;3.42561;2
  25.29739;39.02333;       0.59563;3.42559;2
  25.33075;39.02667;       0.59574;3.42558;2
  25.36411;39.03000;       0.59584;3.42556;2
  25.39748;39.03333;       0.59596;3.42555;2
  25.43085;39.03667;       0.59608;3.42553;2
  25.46418;39.04000;       0.59621;3.42552;2
  25.49756;39.04333;       0.59633;3.42550;2
  25.53092;39.04667;       0.59645;3.42548;2
  25.56431;39.05000;       0.59656;3.42547;2
  25.59769;39.05333;       0.59669;3.42545;2
  25.63105;39.05667;       0.59684;3.42544;2
  25.66441;39.06000;       0.59697;3.42542;2
  25.69775;39.06333;       0.59713;3.42540;2
  25.73115;39.06667;       0.59724;3.42539;2
  25.76452;39.07000;       0.59727;3.42537;2
  25.79790;39.07333;       0.59738;3.42536;2
  25.83126;39.07667;       0.59748;3.42534;2
  25.86466;39.08000;       0.59758;3.42533;2
  25.89802;39.08333;       0.59769;3.42531;2
  25.93138;39.08667;       0.59778;3.42529;2
  25.96475;39.09000;       0.59787;3.42528;2
  25.99811;39.09333;       0.59796;3.42526;2
  26.03149;39.09667;       0.59806;3.42525;2
  26.06485;39.10000;       0.59818;3.42523;2
  26.09821;39.10333;       0.59833;3.42522;2
  26.13156;39.10667;       0.59848;3.42520;2
  26.16493;39.11000;       0.59861;3.42518;2
  26.19830;39.11333;       0.59876;3.42517;2
  26.23169;39.11667;       0.59891;3.42515;2
  26.26505;39.12000;       0.59902;3.42514;2
  26.29841;39.12333;       0.59914;3.42512;2
  26.33177;39.12667;       0.59925;3.42510;2
  26.36515;39.13000;       0.59936;3.42509;2
  26.39849;39.13333;       0.59943;3.42507;2
  26.43190;39.13667;       0.59954;3.42506;2
  26.46526;39.14000;       0.59964;3.42504;2
  26.49862;39.14333;       0.59975;3.42502;2
  26.53198;39.14667;       0.59985;3.42501;2
  26.56536;39.15000;       0.59993;3.42499;2
  26.59872;39.15333;       0.60002;3.42498;2
  26.63208;39.15667;       0.60014;3.42496;2
  26.66549;39.16000;       0.60027;3.42494;2
  26.69887;39.16333;       0.60038;3.42493;2
  26.73223;39.16667;       0.60047;3.42491;2
  26.76561;39.17000;       0.60056;3.42490;2
  26.79895;39.17333;       0.60065;3.42488;2
  26.83233;39.17667;       0.60077;3.42486;2
  26.86567;39.18000;       0.60087;3.42485;2
  26.89905;39.18333;       0.60096;3.42483;2
  26.93244;39.18667;       0.60107;3.42482;2
  26.96582;39.19000;       0.60119;3.42480;2
  26.99918;39.19333;       0.60132;3.42478;2
  27.03254;39.19667;       0.60147;3.42477;2
  27.06590;39.20000;       0.60159;3.42475;2
  27.09928;39.20333;       0.60162;3.42474;2
  27.13264;39.20667;       0.60171;3.42472;2
  27.16600;39.21000;       0.60190;3.42470;2
  27.19936;39.21333;       0.60209;3.42469;2
  27.23270;39.21667;       0.60221;3.42467;2
  27.26603;39.22000;       0.60233;3.42466;2
  27.29936;39.22333;       0.60238;3.42464;2
  27.33270;39.22667;       0.60244;3.42462;2
  27.36608;39.23000;       0.60254;3.42461;2
  27.39944;39.23333;       0.60263;3.42459;2
  27.43282;39.23667;       0.60277;3.42458;2
  27.46616;39.24000;       0.60293;3.42456;2
  27.49951;39.24333;       0.60314;3.42454;2
  27.53287;39.24667;       0.60327;3.42453;2
  27.56621;39.25000;       0.60338;3.42451;2
  27.59957;39.25333;       0.60350;3.42450;2
  27.63293;39.25667;       0.60362;3.42448;2
  27.66631;39.26000;       0.60365;3.42446;2
  27.69969;39.26333;       0.60371;3.42445;2
  27.73305;39.26667;       0.60389;3.42443;2
  27.76638;39.27000;       0.60398;3.42442;2
  27.79974;39.27333;       0.60408;3.42440;2
  27.83310;39.27667;       0.60420;3.42438;2
  27.86646;39.28000;       0.60433;3.42437;2
  27.89980;39.28333;       0.60448;3.42435;2
  27.93320;39.28667;       0.60462;3.42433;2
  27.96652;39.29000;       0.60471;3.42432;2
  27.99985;39.29333;       0.60483;3.42430;2
  28.03321;39.29667;       0.60496;3.42429;2
  28.06654;39.30000;       0.60505;3.42427;2
  28.09987;39.30333;       0.60514;3.42425;2
  28.13323;39.30667;       0.60529;3.42424;2
  28.16659;39.31000;       0.60542;3.42422;2
  28.19993;39.31333;       0.60551;3.42420;2
  28.23330;39.31667;       0.60556;3.42419;2
  28.26662;39.32000;       0.60562;3.42417;2
  28.29995;39.32333;       0.60567;3.42416;2
  28.33330;39.32667;       0.60573;3.42414;2
  28.36666;39.33000;       0.60581;3.42412;2
  28.40002;39.33333;       0.60588;3.42411;2
  28.43339;39.33667;       0.60597;3.42409;2
  28.46670;39.34000;       0.60602;3.42407;2
  28.50005;39.34333;       0.60608;3.42406;2
  28.53338;39.34667;       0.60620;3.42404;2
  28.56674;39.35000;       0.60640;3.42403;2
  28.60008;39.35333;       0.60660;3.42401;2
  28.63343;39.35667;       0.60670;3.42399;2
  28.66679;39.36000;       0.60681;3.42398;2
  28.70011;39.36333;       0.60691;3.42396;2
  28.73346;39.36667;       0.60702;3.42394;2
  28.76682;39.37000;       0.60711;3.42393;2
  28.80016;39.37333;       0.60721;3.42391;2
  28.83354;39.37667;       0.60733;3.42389;2
  28.86689;39.38000;       0.60744;3.42388;2
  28.90023;39.38333;       0.60753;3.42386;2
  28.93357;39.38667;       0.60763;3.42385;2
  28.96690;39.39000;       0.60771;3.42383;2
  29.00025;39.39333;       0.60775;3.42381;2
  29.03362;39.39667;       0.60783;3.42380;2
  29.06697;39.40000;       0.60801;3.42378;2
  29.10033;39.40333;       0.60813;3.42376;2
  29.13369;39.40667;       0.60825;3.42375;2
  29.16707;39.41000;       0.60836;3.42373;2
  29.20044;39.41333;       0.60846;3.42371;2
  29.23380;39.41667;       0.60857;3.42370;2
  29.26720;39.42000;       0.60868;3.42368;2
  29.30057;39.42333;       0.60878;3.42366;2
  29.33397;39.42667;       0.60886;3.42365;2
  29.36734;39.43000;       0.60895;3.42363;2
  29.40069;39.43333;       0.60906;3.42361;2
  29.43405;39.43667;       0.60916;3.42360;2
  29.46739;39.44000;       0.60928;3.42358;2
  29.50077;39.44333;       0.60941;3.42357;2
  29.53418;39.44667;       0.60952;3.42355;2
  29.56757;39.45000;       0.60968;3.42353;2
  29.60097;39.45333;       0.60983;3.42352;2
  29.63433;39.45667;       0.60996;3.42350;2
  29.66769;39.46000;       0.61010;3.42348;2
  29.70102;39.46333;       0.61009;3.42347;2
  29.73438;39.46667;       0.61024;3.42345;2
  29.76774;39.47000;       0.61034;3.42343;2
  29.80107;39.47333;       0.61049;3.42342;2
  29.83441;39.47667;       0.61065;3.42340;2
  29.86774;39.48000;       0.61079;3.42338;2
  29.90108;39.48333;       0.61091;3.42337;2
  29.93441;39.48667;       0.61107;3.42335;2
  29.96772;39.49000;       0.61120;3.42333;2
  30.00110;39.49333;       0.61132;3.42332;2
  30.03448;39.49667;       0.61144;3.42330;2
  30.06784;39.50000;       0.61158;3.42328;2
  30.10123;39.50333;       0.61170;3.42327;2
  30.13459;39.50667;       0.61180;3.42325;2
  30.16795;39.51000;       0.61192;3.42323;2
  30.20134;39.51333;       0.61205;3.42322;2
  30.23472;39.51667;       0.61216;3.42320;2
  30.26808;39.52000;       0.61229;3.42318;2
  30.30144;39.52333;       0.61243;3.42317;2
  30.33482;39.52667;       0.61255;3.42315;2
  30.36818;39.53000;       0.61268;3.42313;2
  30.40154;39.53333;       0.61279;3.42312;2
  30.43492;39.53667;       0.61295;3.42310;2
  30.46825;39.54000;       0.61314;3.42308;2
  30.50162;39.54333;       0.61330;3.42307;2
  30.53497;39.54667;       0.61341;3.42305;2
  30.56831;39.55000;       0.61356;3.42303;2
  30.60167;39.55333;       0.61371;3.42302;2
  30.63502;39.55667;       0.61387;3.42300;2
  30.66836;39.56000;       0.61398;3.42298;2
  30.70170;39.56333;       0.61409;3.42297;2
  30.73507;39.56667;       0.61423;3.42295;2
  30.76843;39.57000;       0.61436;3.42293;2
  30.80177;39.57333;       0.61450;3.42292;2
  30.83511;39.57667;       0.61457;3.42290;2
  30.86844;39.58000;       0.61460;3.42288;2
  30.90179;39.58333;       0.61470;3.42287;2
  30.93513;39.58667;       0.61482;3.42285;2
  30.96849;39.59000;       0.61489;3.42283;2
  31.00182;39.59333;       0.61504;3.42282;2
  31.03515;39.59667;       0.61513;3.42280;2
  31.06849;39.60000;       0.61523;3.42278;2
  31.10182;39.60333;       0.61543;3.42277;2
  31.13515;39.60667;       0.61556;3.42275;2
  31.16844;39.61000;       0.61568;3.42273;2
  31.20175;39.61333;       0.61579;3.42272;2
  31.23508;39.61667;       0.61589;3.42270;2
  31.26844;39.62000;       0.61603;3.42268;2
  31.30177;39.62333;       0.61616;3.42267;2
  31.33508;39.62667;       0.61626;3.42265;2
  31.36838;39.63000;       0.61638;3.42263;2
  31.40169;39.63333;       0.61649;3.42261;2
  31.43502;39.63667;       0.61661;3.42260;2
  31.46831;39.64000;       0.61677;3.42258;2
  31.50164;39.64333;       0.61689;3.42256;2
  31.53495;39.64667;       0.61704;3.42255;2
  31.56825;39.65000;       0.61710;3.42253;2
  31.60154;39.65333;       0.61716;3.42251;2
  31.63484;39.65667;       0.61721;3.42250;2
  31.66815;39.66000;       0.61731;3.42248;2
  31.70146;39.66333;       0.61742;3.42246;2
  31.73480;39.66667;       0.61752;3.42245;2
  31.76808;39.67000;       0.61763;3.42243;2
  31.80138;39.67333;       0.61775;3.42241;2
  31.83470;39.67667;       0.61788;3.42239;2
  31.86800;39.68000;       0.61803;3.42238;2
  31.90133;39.68333;       0.61815;3.42236;2
  31.93467;39.68667;       0.61826;3.42234;2
  31.96798;39.69000;       0.61836;3.42233;2
  32.00128;39.69333;       0.61845;3.42231;2
  32.03457;39.69667;       0.61863;3.42229;2
  32.06785;39.70000;       0.61875;3.42228;2
  32.10115;39.70333;       0.61888;3.42226;2
  32.13444;39.70667;       0.61902;3.42224;2
  32.16774;39.71000;       0.61915;3.42223;2
  32.20102;39.71333;       0.61929;3.42221;2
  32.23428;39.71667;       0.61936;3.42219;2
  32.26757;39.72000;       0.61945;3.42217;2
  32.30084;39.72333;       0.61949;3.42216;2
  32.33413;39.72667;       0.61950;3.42214;2
  32.36744;39.73000;       0.61952;3.42212;2
  32.40075;39.73333;       0.61963;3.42211;2
  32.43408;39.73667;       0.61979;3.42209;2
  32.46736;39.74000;       0.61991;3.42207;2
  32.50066;39.74333;       0.62009;3.42205;2
  32.53393;39.74667;       0.62018;3.42204;2
  32.56723;39.75000;       0.62024;3.42202;2
  32.60056;39.75333;       0.62030;3.42200;2
  32.63384;39.75667;       0.62038;3.42199;2
  32.66715;39.76000;       0.62053;3.42197;2
  32.70048;39.76333;       0.62066;3.42195;2
  32.73377;39.76667;       0.62084;3.42194;2
  32.76707;39.77000;       0.62100;3.42192;2
  32.80034;39.77333;       0.62115;3.42190;2
  32.83362;39.77667;       0.62125;3.42188;2
  32.86692;39.78000;       0.62134;3.42187;2
  32.90020;39.78333;       0.62145;3.42185;2
  32.93351;39.78667;       0.62154;3.42183;2
  32.96684;39.79000;       0.62165;3.42182;2
  33.00011;39.79333;       0.62178;3.42180;2
  33.03343;39.79667;       0.62189;3.42178;2
  33.06674;39.80000;       0.62199;3.42176;2
  33.10003;39.80333;       0.62212;3.42175;2
  33.13333;39.80667;       0.62224;3.42173;2
  33.16661;39.81000;       0.62236;3.42171;2
  33.19992;39.81333;       0.62247;3.42170;2
  33.23321;39.81667;       0.62260;3.42168;2
  33.26649;39.82000;       0.62274;3.42166;2
  33.29977;39.82333;       0.62289;3.42164;2
  33.33305;39.82667;       0.62304;3.42163;2
  33.36634;39.83000;       0.62317;3.42161;2
  33.39966;39.83333;       0.62330;3.42159;2
  33.43297;39.83667;       0.62345;3.42158;2
  33.46626;39.84000;       0.62360;3.42156;2
  33.49957;39.84333;       0.62374;3.42154;2
  33.53287;39.84667;       0.62383;3.42152;2
  33.56616;39.85000;       0.62396;3.42151;2
  33.59949;39.85333;       0.62410;3.42149;2
  33.63280;39.85667;       0.62420;3.42147;2
  33.66611;39.86000;       0.62428;3.42145;2
  33.69941;39.86333;       0.62438;3.42144;2
  33.73274;39.86667;       0.62450;3.42142;2
  33.76605;39.87000;       0.62461;3.42140;2
  33.79938;39.87333;       0.62474;3.42138;2
  33.83270;39.87667;       0.62488;3.42137;2
  33.86605;39.88000;       0.62505;3.42135;2
  33.89941;39.88333;       0.62523;3.42133;2
  33.93275;39.88667;       0.62526;3.42132;2
  33.96610;39.89000;       0.62524;3.42130;2
  33.99948;39.89333;       0.62528;3.42128;2
  34.03284;39.89667;       0.62533;3.42126;2
  34.06620;39.90000;       0.62544;3.42125;2
  34.09954;39.90333;       0.62556;3.42123;2
  34.13290;39.90667;       0.62565;3.42121;2
  34.16625;39.91000;       0.62580;3.42119;2
  34.19962;39.91333;       0.62597;3.42118;2
  34.23300;39.91667;       0.62618;3.42116;2
  34.26638;39.92000;       0.62639;3.42114;2
  34.29970;39.92333;       0.62654;3.42112;2
  34.33307;39.92667;       0.62667;3.42111;2
  34.36643;39.93000;       0.62684;3.42109;2
  34.39977;39.93333;       0.62703;3.42107;2
  34.43310;39.93667;       0.62721;3.42105;2
  34.46639;39.94000;       0.62731;3.42104;2
  34.49972;39.94333;       0.62749;3.42102;2
  34.53308;39.94667;       0.62759;3.42100;2
  34.56644;39.95000;       0.62773;3.42098;2
  34.59982;39.95333;       0.62785;3.42097;2
  34.63316;39.95667;       0.62785;3.42095;2
  34.66654;39.96000;       0.62780;3.42093;2
  34.69990;39.96333;       0.62784;3.42091;2
  34.73325;39.96667;       0.62796;3.42090;2
  34.76662;39.97000;       0.62808;3.42088;2
  34.80000;39.97333;       0.62822;3.42086;2
  34.83334;39.97667;       0.62837;3.42084;2
  34.86672;39.98000;       0.62853;3.42083;2
  34.90010;39.98333;       0.62878;3.42081;2
  34.93349;39.98667;       0.62897;3.42079;2
  34.96682;39.99000;       0.62915;3.42077;2
  35.00013;39.99333;       0.62933;3.42076;2
  35.03349;39.99667;       0.62949;3.42074;2
  35.06684;40.00000;       0.62966;3.42072;2
  35.10021;40.00333;       0.62982;3.42070;2
  35.13354;40.00667;       0.62999;3.42069;2
  35.16689;40.01000;       0.63013;3.42067;2
  35.20026;40.01333;       0.63031;3.42065;2
  35.23362;40.01667;       0.63048;3.42063;2
  35.26700;40.02000;       0.63064;3.42062;2
  35.30034;40.02333;       0.63080;3.42060;2
  35.33371;40.02667;       0.63097;3.42058;2
  35.36705;40.03000;       0.63112;3.42056;2
  35.40039;40.03333;       0.63125;3.42055;2
  35.43374;40.03667;       0.63134;3.42053;2
  35.46705;40.04000;       0.63145;3.42051;2
  35.50038;40.04333;       0.63157;3.42049;2
  35.53374;40.04667;       0.63169;3.42047;2
  35.56710;40.05000;       0.63186;3.42046;2
  35.60044;40.05333;       0.63206;3.42044;2
  35.63377;40.05667;       0.63219;3.42042;2
  35.66708;40.06000;       0.63230;3.42040;2
  35.70041;40.06333;       0.63245;3.42039;2
  35.73375;40.06667;       0.63257;3.42037;2
  35.76707;40.07000;       0.63270;3.42035;2
  35.80034;40.07333;       0.63284;3.42033;2
  35.83366;40.07667;       0.63296;3.42032;2
  35.86695;40.08000;       0.63306;3.42030;2
  35.90021;40.08333;       0.63318;3.42028;2
  35.93349;40.08667;       0.63330;3.42026;2
  35.96677;40.09000;       0.63341;3.42024;2
  36.00002;40.09333;       0.63354;3.42023;2
  36.03330;40.09667;       0.63369;3.42021;2
  36.06659;40.10000;       0.63382;3.42019;2
  36.09987;40.10333;       0.63400;3.42017;2
  36.13315;40.10667;       0.63415;3.42016;2
  36.16643;40.11000;       0.63427;3.42014;2
  36.19972;40.11333;       0.63438;3.42012;2
  36.23298;40.11667;       0.63454;3.42010;2
  36.26626;40.12000;       0.63469;3.42009;2
  36.29952;40.12333;       0.63484;3.42007;2
  36.33280;40.12667;       0.63497;3.42005;2
  36.36612;40.13000;       0.63509;3.42003;2
  36.39938;40.13333;       0.63515;3.42001;2
  36.43267;40.13667;       0.63520;3.42000;2
  36.46597;40.14000;       0.63531;3.41998;2
  36.49930;40.14333;       0.63541;3.41996;2
  36.53259;40.14667;       0.63556;3.41994;2
  36.56589;40.15000;       0.63572;3.41992;2
  36.59920;40.15333;       0.63589;3.41991;2
  36.63248;40.15667;       0.63604;3.41989;2
  36.66577;40.16000;       0.63617;3.41987;2
  36.69902;40.16333;       0.63629;3.41985;2
  36.73228;40.16667;       0.63643;3.41984;2
  36.76554;40.17000;       0.63662;3.41982;2
  36.79882;40.17333;       0.63681;3.41980;2
  36.83208;40.17667;       0.63698;3.41978;2
  36.86539;40.18000;       0.63702;3.41976;2
  36.89867;40.18333;       0.63704;3.41975;2
  36.93193;40.18667;       0.63707;3.41973;2
  36.96521;40.19000;       0.63715;3.41971;2
  36.99851;40.19333;       0.63733;3.41969;2
  37.03182;40.19667;       0.63758;3.41967;2
  37.06511;40.20000;       0.63776;3.41966;2
  37.09841;40.20333;       0.63789;3.41964;2
  37.13167;40.20667;       0.63806;3.41962;2
  37.16498;40.21000;       0.63820;3.41960;2
  37.19831;40.21333;       0.63832;3.41959;2
  37.23162;40.21667;       0.63843;3.41957;2
  37.26493;40.22000;       0.63855;3.41955;2
  37.29821;40.22333;       0.63870;3.41953;2
  37.33154;40.22667;       0.63886;3.41951;2
  37.36487;40.23000;       0.63906;3.41950;2
  37.39820;40.23333;       0.63922;3.41948;2
  37.43151;40.23667;       0.63937;3.41946;2
  37.46480;40.24000;       0.63952;3.41944;2
  37.49816;40.24333;       0.63964;3.41942;2
  37.53151;40.24667;       0.63977;3.41940;2
  37.56482;40.25000;       0.63992;3.41939;2
  37.59815;40.25333;       0.64009;3.41937;2
  37.63144;40.25667;       0.64028;3.41935;2
  37.66475;40.26000;       0.64044;3.41933;2
  37.69810;40.26333;       0.64064;3.41931;2
  37.73143;40.26667;       0.64080;3.41930;2
  37.76474;40.27000;       0.64095;3.41928;2
  37.79805;40.27333;       0.64111;3.41926;2
  37.83139;40.27667;       0.64128;3.41924;2
  37.86474;40.28000;       0.64146;3.41922;2
  37.89807;40.28333;       0.64162;3.41921;2
  37.93141;40.28667;       0.64169;3.41919;2
  37.96471;40.29000;       0.64179;3.41917;2
  37.99803;40.29333;       0.64193;3.41915;2
  38.03138;40.29667;       0.64210;3.41913;2
  38.06469;40.30000;       0.64234;3.41912;2
  38.09803;40.30333;       0.64256;3.41910;2
  38.13138;40.30667;       0.64271;3.41908;2
  38.16471;40.31000;       0.64284;3.41906;2
  38.19805;40.31333;       0.64306;3.41904;2
  38.23138;40.31667;       0.64327;3.41902;2
  38.26471;40.32000;       0.64344;3.41901;2
  38.29803;40.32333;       0.64360;3.41899;2
  38.33138;40.32667;       0.64376;3.41897;2
  38.36474;40.33000;       0.64397;3.41895;2
  38.39807;40.33333;       0.64419;3.41893;2
  38.43141;40.33667;       0.64439;3.41892;2
  38.46472;40.34000;       0.64458;3.41890;2
  38.49807;40.34333;       0.64467;3.41888;2
  38.53136;40.34667;       0.64467;3.41886;2
  38.56469;40.35000;       0.64475;3.41884;2
  38.59802;40.35333;       0.64486;3.41882;2
  38.63133;40.35667;       0.64499;3.41881;2
  38.66464;40.36000;       0.64517;3.41879;2
  38.69795;40.36333;       0.64538;3.41877;2
  38.73133;40.36667;       0.64554;3.41875;2
  38.76469;40.37000;       0.64572;3.41873;2
  38.79807;40.37333;       0.64588;3.41871;2
  38.83139;40.37667;       0.64608;3.41870;2
  38.86474;40.38000;       0.64625;3.41868;2
  38.89810;40.38333;       0.64645;3.41866;2
  38.93144;40.38667;       0.64663;3.41864;2
  38.96479;40.39000;       0.64683;3.41862;2
  38.99813;40.39333;       0.64713;3.41861;2
  39.03151;40.39667;       0.64731;3.41859;2
  39.06485;40.40000;       0.64746;3.41857;2
  39.09819;40.40333;       0.64759;3.41855;2
  39.13151;40.40667;       0.64777;3.41853;2
  39.16481;40.41000;       0.64793;3.41851;2
  39.19814;40.41333;       0.64808;3.41849;2
  39.23141;40.41667;       0.64819;3.41848;2
  39.26477;40.42000;       0.64831;3.41846;2
  39.29802;40.42333;       0.64846;3.41844;2
  39.33128;40.42667;       0.64864;3.41842;2
  39.36463;40.43000;       0.64883;3.41840;2
  39.39792;40.43333;       0.64905;3.41838;2
  39.43124;40.43667;       0.64922;3.41837;2
  39.46457;40.44000;       0.64937;3.41835;2
  39.49794;40.44333;       0.64940;3.41833;2
  39.53139;40.44667;       0.64955;3.41831;2
  39.56476;40.45000;       0.64977;3.41829;2
  39.59804;40.45333;       0.65001;3.41827;2
  39.63140;40.45667;       0.65017;3.41826;2
  39.66474;40.46000;       0.65033;3.41824;2
  39.69810;40.46333;       0.65054;3.41822;2
  39.73142;40.46667;       0.65074;3.41820;2
  39.76482;40.47000;       0.65091;3.41818;2
  39.79827;40.47333;       0.65112;3.41816;2
  39.83169;40.47667;       0.65130;3.41814;2
  39.86527;40.48000;       0.65149;3.41813;2
  39.89878;40.48333;       0.65167;3.41811;2
  39.93214;40.48667;       0.65184;3.41809;2
  39.96580;40.49000;       0.65199;3.41807;2
  39.99900;40.49333;       0.65216;3.41805;2
  40.03300;40.49667;       0.65237;3.41803;2

