#EXPORTTYPE:DATA SINGLE
#FILE:H20_miliQ_2.ngb-ddg
#FORMAT:NETZSCH5
#FTYPE:ANSI
#IDENTITY:H20_miliQ_2
#DECIMAL:POINT
#SEPARATOR:SEMICOLON
#MTYPE:DSC
#INSTRUMENT:NETZSCH DSC 214
#PROJECT:
#DATE/TIME:25.05.2026 16:46
#CORR. FILE:correction_2.ngb-bdg
#TEMPCAL:applied
#SENSITIVITY:applied
#LABORATORY:Proc. de Nanocerâmicas
#OPERATOR:Danilo Janes
#REMARK:
#SAMPLE:H20_miliQ_2
#SAMPLE MASS /mg:15.5
#MATERIAL:
#REFERENCE:
#REFERENCE MASS /mg:0
#TYPE OF CRUCIBLE:Concavus Pan Al, pierced lid
#SAMPLE CRUCIBLE MASS /mg:0
#REFERENCE CRUCIBLE MASS /mg:0
#M.RANGE /µV:5000
#TAU-R:---
#CORR. CODE:020
#EXO:-1
#RANGE:25°C/10,0(K/min)/-170°C/10,0(K/min)/40°C/
#SEGMENT:S1-2/2
#SEG. 1:25°C/10,0(K/min)/-170°C
#SEG. 2:-170°C/10,0(K/min)/40°C

##Temp./°C;Time/min;DSC/(mW/mg);Sensit./(uV/mW);Segment
  24.99600; 0.00000;       0.10759;3.42574;1
  24.99600; 0.00333;       0.10756;3.42574;1
  24.99640; 0.00667;       0.10755;3.42573;1
  24.99629; 0.01000;       0.10752;3.42573;1
  24.99633; 0.01333;       0.10750;3.42573;1
  24.99627; 0.01667;       0.10749;3.42573;1
  24.99615; 0.02000;       0.10745;3.42573;1
  24.99573; 0.02333;       0.10740;3.42574;1
  24.99529; 0.02667;       0.10737;3.42574;1
  24.99479; 0.03000;       0.10739;3.42574;1
  24.99419; 0.03333;       0.10739;3.42574;1
  24.99335; 0.03666;       0.10736;3.42574;1
  24.99240; 0.04000;       0.10724;3.42574;1
  24.99133; 0.04333;       0.10713;3.42574;1
  24.99014; 0.04666;       0.10700;3.42574;1
  24.98878; 0.05000;       0.10686;3.42574;1
  24.98733; 0.05333;       0.10664;3.42574;1
  24.98572; 0.05666;       0.10643;3.42574;1
  24.98400; 0.06000;       0.10620;3.42574;1
  24.98218; 0.06333;       0.10588;3.42574;1
  24.98025; 0.06666;       0.10556;3.42574;1
  24.97817; 0.07000;       0.10525;3.42574;1
  24.97596; 0.07333;       0.10490;3.42574;1
  24.97356; 0.07666;       0.10459;3.42575;1
  24.97100; 0.08000;       0.10421;3.42575;1
  24.96824; 0.08333;       0.10374;3.42575;1
  24.96534; 0.08666;       0.10324;3.42575;1
  24.96224; 0.08999;       0.10276;3.42575;1
  24.95890; 0.09333;       0.10227;3.42575;1
  24.95535; 0.09666;       0.10164;3.42575;1
  24.95160; 0.09999;       0.10107;3.42576;1
  24.94886; 0.10333;       0.10049;3.42576;1
  24.94602; 0.10666; 9.983133e-002;3.42576;1
  24.94304; 0.10999; 9.914151e-002;3.42576;1
  24.93992; 0.11333; 9.846605e-002;3.42576;1
  24.93668; 0.11666; 9.779087e-002;3.42576;1
  24.93334; 0.11999; 9.713020e-002;3.42576;1
  24.92984; 0.12333; 9.645481e-002;3.42577;1
  24.92617; 0.12666; 9.575085e-002;3.42577;1
  24.92237; 0.12999; 9.500393e-002;3.42577;1
  24.91844; 0.13333; 9.422798e-002;3.42577;1
  24.91431; 0.13666; 9.342354e-002;3.42577;1
  24.91008; 0.13999; 9.260480e-002;3.42578;1
  24.90568; 0.14332; 9.174286e-002;3.42578;1
  24.90114; 0.14666; 9.090937e-002;3.42578;1
  24.89642; 0.14999; 9.001873e-002;3.42578;1
  24.89156; 0.15332; 8.909897e-002;3.42578;1
  24.88654; 0.15666; 8.822247e-002;3.42579;1
  24.88136; 0.15999; 8.730314e-002;3.42579;1
  24.87598; 0.16332; 8.634004e-002;3.42579;1
  24.87043; 0.16666; 8.522184e-002;3.42579;1
  24.86474; 0.16999; 8.329655e-002;3.42580;1
  24.85889; 0.17332; 8.208786e-002;3.42580;1
  24.85287; 0.17666; 8.089595e-002;3.42580;1
  24.84668; 0.17999; 7.963173e-002;3.42581;1
  24.84028; 0.18332; 7.838118e-002;3.42581;1
  24.83373; 0.18666; 7.711728e-002;3.42581;1
  24.82699; 0.18999; 7.563801e-002;3.42581;1
  24.82007; 0.19332; 7.411465e-002;3.42582;1
  24.81298; 0.19665; 7.269198e-002;3.42582;1
  24.80567; 0.19999; 7.129819e-002;3.42582;1
  24.79818; 0.20332; 6.986191e-002;3.42583;1
  24.79051; 0.20665; 6.810997e-002;3.42583;1
  24.78262; 0.20999; 6.642842e-002;3.42583;1
  24.77454; 0.21332; 6.464760e-002;3.42584;1
  24.76630; 0.21665; 6.287994e-002;3.42584;1
  24.75785; 0.21999; 6.111305e-002;3.42585;1
  24.74920; 0.22332; 5.928829e-002;3.42585;1
  24.74035; 0.22665; 5.739216e-002;3.42585;1
  24.73128; 0.22999; 5.530935e-002;3.42586;1
  24.72201; 0.23332; 5.322608e-002;3.42586;1
  24.71253; 0.23665; 5.115685e-002;3.42587;1
  24.70283; 0.23999; 4.910287e-002;3.42587;1
  24.69291; 0.24332; 4.703400e-002;3.42588;1
  24.68278; 0.24665; 4.490774e-002;3.42588;1
  24.67247; 0.24998; 4.268123e-002;3.42589;1
  24.66194; 0.25332; 4.035399e-002;3.42589;1
  24.65120; 0.25665; 3.804073e-002;3.42590;1
  24.64023; 0.25998; 3.574258e-002;3.42590;1
  24.62904; 0.26332; 3.324299e-002;3.42591;1
  24.61763; 0.26665; 3.071439e-002;3.42591;1
  24.60601; 0.26998; 2.815788e-002;3.42592;1
  24.59418; 0.27332; 2.555749e-002;3.42592;1
  24.58211; 0.27665; 2.292833e-002;3.42593;1
  24.56982; 0.27998; 2.022775e-002;3.42593;1
  24.55728; 0.28332; 1.748375e-002;3.42594;1
  24.54456; 0.28665; 1.473985e-002;3.42595;1
  24.53161; 0.28998; 1.193869e-002;3.42595;1
  24.51843; 0.29332; 9.108431e-003;3.42596;1
  24.50504; 0.29665; 6.292546e-003;3.42596;1
  24.49137; 0.29998; 3.433491e-003;3.42597;1
  24.47749; 0.30331; 5.605799e-004;3.42598;1
  24.46339; 0.30665;-2.384020e-003;3.42598;1
  24.44902; 0.30998;-5.372059e-003;3.42599;1
  24.43445; 0.31331;-8.417371e-003;3.42600;1
  24.41963; 0.31665;-1.147703e-002;3.42600;1
  24.40458; 0.31998;-1.459422e-002;3.42601;1
  24.38924; 0.32331;-1.772585e-002;3.42602;1
  24.37370; 0.32665;-2.087187e-002;3.42603;1
  24.35795; 0.32998;-2.404652e-002;3.42603;1
  24.34194; 0.33331;-2.726419e-002;3.42604;1
  24.32568; 0.33665;-3.053884e-002;3.42605;1
  24.30920; 0.33998;-3.390021e-002;3.42606;1
  24.29244; 0.34331;-3.731899e-002;3.42606;1
  24.27542; 0.34665;-4.076635e-002;3.42607;1
  24.25818; 0.34998;-4.422803e-002;3.42608;1
  24.24069; 0.35331;-4.771866e-002;3.42609;1
  24.22294; 0.35664;-5.123778e-002;3.42610;1
  24.20491; 0.35998;-5.480020e-002;3.42610;1
  24.18658; 0.36331;-5.837703e-002;3.42611;1
  24.16809; 0.36664;-6.198235e-002;3.42612;1
  24.14929; 0.36998;-6.560226e-002;3.42613;1
  24.13020; 0.37331;-6.929191e-002;3.42614;1
  24.11086; 0.37664;-7.324215e-002;3.42615;1
  24.09127; 0.37998;-7.713196e-002;3.42616;1
  24.07137; 0.38331;-8.167114e-002;3.42617;1
  24.05119; 0.38664;-8.553912e-002;3.42618;1
  24.03074; 0.38998;-8.934472e-002;3.42618;1
  24.01002; 0.39331;-9.313713e-002;3.42619;1
  23.98901; 0.39664;-9.695723e-002;3.42620;1
  23.96770; 0.39998;      -0.10093;3.42621;1
  23.94615; 0.40331;      -0.10499;3.42622;1
  23.92428; 0.40664;      -0.10899;3.42623;1
  23.90210; 0.40997;      -0.11300;3.42624;1
  23.87963; 0.41331;      -0.11706;3.42625;1
  23.85687; 0.41664;      -0.12113;3.42627;1
  23.83377; 0.41997;      -0.12521;3.42628;1
  23.81037; 0.42331;      -0.12933;3.42629;1
  23.78663; 0.42664;      -0.13344;3.42630;1
  23.76255; 0.42997;      -0.13759;3.42631;1
  23.73815; 0.43331;      -0.14192;3.42632;1
  23.71343; 0.43664;      -0.14632;3.42633;1
  23.68835; 0.43997;      -0.15077;3.42634;1
  23.66295; 0.44331;      -0.15522;3.42635;1
  23.63720; 0.44664;      -0.15970;3.42637;1
  23.61107; 0.44997;      -0.16431;3.42638;1
  23.58458; 0.45331;      -0.16899;3.42639;1
  23.55777; 0.45664;      -0.17368;3.42640;1
  23.53059; 0.45997;      -0.17836;3.42642;1
  23.50306; 0.46330;      -0.18305;3.42643;1
  23.47513; 0.46664;      -0.18781;3.42644;1
  23.44684; 0.46997;      -0.19256;3.42645;1
  23.41811; 0.47330;      -0.19737;3.42647;1
  23.38896; 0.47664;      -0.20227;3.42648;1
  23.35943; 0.47997;      -0.20720;3.42649;1
  23.32948; 0.48330;      -0.21219;3.42651;1
  23.29916; 0.48664;      -0.21728;3.42652;1
  23.26838; 0.48997;      -0.22258;3.42654;1
  23.23716; 0.49330;      -0.22797;3.42655;1
  23.20549; 0.49664;      -0.23334;3.42656;1
  23.17338; 0.49997;      -0.23870;3.42658;1
  23.14083; 0.50330;      -0.24475;3.42659;1
  23.10780; 0.50664;      -0.25032;3.42661;1
  23.07430; 0.50997;      -0.25591;3.42662;1
  23.04034; 0.51330;      -0.26148;3.42664;1
  23.00587; 0.51663;      -0.26709;3.42666;1
  22.97090; 0.51997;      -0.27278;3.42667;1
  22.93540; 0.52330;      -0.27863;3.42669;1
  22.89940; 0.52663;      -0.28451;3.42670;1
  22.86285; 0.52997;      -0.29041;3.42672;1
  22.82576; 0.53330;      -0.29635;3.42674;1
  22.78813; 0.53663;      -0.30244;3.42676;1
  22.74993; 0.53997;      -0.30881;3.42677;1
  22.71118; 0.54330;      -0.31524;3.42679;1
  22.67183; 0.54663;      -0.32169;3.42681;1
  22.63192; 0.54997;      -0.32813;3.42683;1
  22.59142; 0.55330;      -0.33465;3.42684;1
  22.55030; 0.55663;      -0.34119;3.42686;1
  22.50853; 0.55997;      -0.34790;3.42688;1
  22.46618; 0.56330;      -0.35471;3.42690;1
  22.42321; 0.56663;      -0.36163;3.42692;1
  22.37955; 0.56996;      -0.36861;3.42694;1
  22.33529; 0.57330;      -0.37577;3.42696;1
  22.29037; 0.57663;      -0.38295;3.42698;1
  22.24476; 0.57996;      -0.39035;3.42700;1
  22.19844; 0.58330;      -0.39792;3.42702;1
  22.15146; 0.58663;      -0.40548;3.42704;1
  22.10379; 0.58996;      -0.41309;3.42707;1
  22.05540; 0.59330;      -0.42079;3.42709;1
  22.00628; 0.59663;      -0.42870;3.42711;1
  21.95646; 0.59996;      -0.43677;3.42713;1
  21.90588; 0.60330;      -0.44506;3.42716;1
  21.85456; 0.60663;      -0.45340;3.42718;1
  21.80248; 0.60996;      -0.46181;3.42720;1
  21.74964; 0.61330;      -0.47041;3.42723;1
  21.69604; 0.61663;      -0.47904;3.42725;1
  21.64169; 0.61996;      -0.48784;3.42727;1
  21.58654; 0.62329;      -0.49678;3.42730;1
  21.53059; 0.62663;      -0.50579;3.42732;1
  21.47385; 0.62996;      -0.51490;3.42735;1
  21.41629; 0.63329;      -0.52425;3.42738;1
  21.35795; 0.63663;      -0.53367;3.42740;1
  21.29880; 0.63996;      -0.54337;3.42743;1
  21.23885; 0.64329;      -0.55324;3.42745;1
  21.17806; 0.64663;      -0.56317;3.42748;1
  21.11644; 0.64996;      -0.57332;3.42751;1
  21.05397; 0.65329;      -0.58353;3.42754;1
  20.99063; 0.65663;      -0.59384;3.42756;1
  20.92643; 0.65996;      -0.60425;3.42759;1
  20.86135; 0.66329;      -0.61481;3.42762;1
  20.79543; 0.66663;      -0.62553;3.42765;1
  20.72865; 0.66996;      -0.63645;3.42768;1
  20.66103; 0.67329;      -0.64758;3.42771;1
  20.59258; 0.67662;      -0.65890;3.42774;1
  20.52324; 0.67996;      -0.67029;3.42777;1
  20.45299; 0.68329;      -0.68177;3.42780;1
  20.38188; 0.68662;      -0.69339;3.42783;1
  20.30988; 0.68996;      -0.70514;3.42787;1
  20.23701; 0.69329;      -0.71710;3.42790;1
  20.16324; 0.69662;      -0.72921;3.42793;1
  20.08861; 0.69996;      -0.74160;3.42796;1
  20.01310; 0.70329;      -0.75403;3.42800;1
  19.93674; 0.70662;      -0.76652;3.42803;1
  19.85950; 0.70996;      -0.77912;3.42806;1
  19.78137; 0.71329;      -0.79184;3.42810;1
  19.70235; 0.71662;      -0.80472;3.42813;1
  19.62246; 0.71996;      -0.81777;3.42817;1
  19.54169; 0.72329;      -0.83096;3.42820;1
  19.46006; 0.72662;      -0.84435;3.42824;1
  19.37756; 0.72995;      -0.85788;3.42828;1
  19.29419; 0.73329;      -0.87146;3.42831;1
  19.20993; 0.73662;      -0.88509;3.42835;1
  19.12483; 0.73995;      -0.89876;3.42839;1
  19.03886; 0.74329;      -0.91264;3.42842;1
  18.95201; 0.74662;      -0.92672;3.42846;1
  18.86434; 0.74995;      -0.94092;3.42850;1
  18.77582; 0.75329;      -0.95516;3.42854;1
  18.68642; 0.75662;      -0.96956;3.42858;1
  18.59623; 0.75995;      -0.98405;3.42861;1
  18.50523; 0.76329;      -0.99860;3.42865;1
  18.41336; 0.76662;      -1.01320;3.42869;1
  18.32067; 0.76995;      -1.02791;3.42873;1
  18.22715; 0.77329;      -1.04269;3.42877;1
  18.13281; 0.77662;      -1.05750;3.42881;1
  18.03766; 0.77995;      -1.07250;3.42885;1
  17.94171; 0.78328;      -1.08758;3.42890;1
  17.84497; 0.78662;      -1.10286;3.42894;1
  17.74745; 0.78995;      -1.11805;3.42898;1
  17.64914; 0.79328;      -1.13329;3.42902;1
  17.55003; 0.79662;      -1.14859;3.42906;1
  17.45014; 0.79995;      -1.16386;3.42910;1
  17.34950; 0.80328;      -1.17917;3.42915;1
  17.24809; 0.80662;      -1.19467;3.42919;1
  17.14592; 0.80995;      -1.21035;3.42923;1
  17.04301; 0.81328;      -1.22606;3.42928;1
  16.93938; 0.81662;      -1.24176;3.42932;1
  16.83495; 0.81995;      -1.25749;3.42936;1
  16.72979; 0.82328;      -1.27321;3.42941;1
  16.62397; 0.82662;      -1.28897;3.42945;1
  16.51740; 0.82995;      -1.30476;3.42950;1
  16.41010; 0.83328;      -1.32060;3.42954;1
  16.30212; 0.83662;      -1.33646;3.42959;1
  16.19342; 0.83995;      -1.35232;3.42963;1
  16.08404; 0.84328;      -1.36815;3.42968;1
  15.97398; 0.84661;      -1.38400;3.42972;1
  15.86327; 0.84995;      -1.39988;3.42977;1
  15.75188; 0.85328;      -1.41580;3.42982;1
  15.63983; 0.85661;      -1.43173;3.42986;1
  15.52716; 0.85995;      -1.44773;3.42991;1
  15.41383; 0.86328;      -1.46372;3.42996;1
  15.29985; 0.86661;      -1.47975;3.43000;1
  15.18526; 0.86995;      -1.49578;3.43005;1
  15.07003; 0.87328;      -1.51181;3.43010;1
  14.95417; 0.87661;      -1.52787;3.43015;1
  14.83767; 0.87995;      -1.54392;3.43019;1
  14.72061; 0.88328;      -1.55988;3.43024;1
  14.60295; 0.88661;      -1.57583;3.43029;1
  14.48472; 0.88995;      -1.59180;3.43034;1
  14.36594; 0.89328;      -1.60777;3.43039;1
  14.24658; 0.89661;      -1.62375;3.43043;1
  14.12669; 0.89994;      -1.63975;3.43048;1
  14.00618; 0.90328;      -1.65572;3.43053;1
  13.88512; 0.90661;      -1.67171;3.43058;1
  13.76351; 0.90994;      -1.68761;3.43063;1
  13.64140; 0.91328;      -1.70348;3.43068;1
  13.51876; 0.91661;      -1.71931;3.43073;1
  13.39563; 0.91994;      -1.73502;3.43078;1
  13.27199; 0.92328;      -1.75067;3.43083;1
  13.14786; 0.92661;      -1.76633;3.43088;1
  13.02323; 0.92994;      -1.78198;3.43093;1
  12.89807; 0.93328;      -1.79751;3.43098;1
  12.77245; 0.93661;      -1.81297;3.43103;1
  12.64640; 0.93994;      -1.82832;3.43108;1
  12.51985; 0.94328;      -1.84360;3.43113;1
  12.39288; 0.94661;      -1.85879;3.43118;1
  12.26559; 0.94994;      -1.87386;3.43123;1
  12.13790; 0.95327;      -1.88880;3.43128;1
  12.00986; 0.95661;      -1.90388;3.43133;1
  11.88159; 0.95994;      -1.91901;3.43138;1
  11.75310; 0.96327;      -1.93414;3.43143;1
  11.62448; 0.96661;      -1.94930;3.43148;1
  11.49580; 0.96994;      -1.96447;3.43153;1
  11.36715; 0.97327;      -1.97952;3.43158;1
  11.23862; 0.97661;      -1.99430;3.43163;1
  11.11021; 0.97994;      -2.00873;3.43168;1
  10.98207; 0.98327;      -2.02288;3.43173;1
  10.85431; 0.98661;      -2.03666;3.43178;1
  10.72699; 0.98994;      -2.05012;3.43183;1
  10.60023; 0.99327;      -2.06297;3.43188;1
  10.47412; 0.99661;      -2.07535;3.43192;1
  10.34880; 0.99994;      -2.08732;3.43197;1
  10.22435; 1.00327;      -2.09871;3.43202;1
  10.10080; 1.00660;      -2.10971;3.43207;1
   9.97838; 1.00994;      -2.12026;3.43211;1
   9.85715; 1.01327;      -2.13022;3.43216;1
   9.73718; 1.01660;      -2.13942;3.43221;1
   9.61860; 1.01994;      -2.14821;3.43225;1
   9.50156; 1.02327;      -2.15671;3.43229;1
   9.38610; 1.02660;      -2.16495;3.43234;1
   9.27233; 1.02994;      -2.17271;3.43238;1
   9.16040; 1.03327;      -2.17996;3.43242;1
   9.05040; 1.03660;      -2.18681;3.43246;1
   8.94245; 1.03994;      -2.19320;3.43250;1
   8.83661; 1.04327;      -2.19905;3.43254;1
   8.73294; 1.04660;      -2.20473;3.43258;1
   8.63156; 1.04994;      -2.21011;3.43262;1
   8.53255; 1.05327;      -2.21514;3.43266;1
   8.43606; 1.05660;      -2.21994;3.43269;1
   8.34218; 1.05993;      -2.22454;3.43273;1
   8.25095; 1.06327;      -2.22872;3.43276;1
   8.16249; 1.06660;      -2.23259;3.43280;1
   8.07690; 1.06993;      -2.23615;3.43283;1
   7.99417; 1.07327;      -2.23934;3.43286;1
   7.91443; 1.07660;      -2.24213;3.43289;1
   7.83775; 1.07993;      -2.24446;3.43292;1
   7.76421; 1.08327;      -2.24628;3.43294;1
   7.69389; 1.08660;      -2.24762;3.43297;1
   7.62680; 1.08993;      -2.24836;3.43299;1
   7.56308; 1.09327;      -2.24839;3.43302;1
   7.50273; 1.09660;      -2.24779;3.43304;1
   7.44584; 1.09993;      -2.24639;3.43306;1
   7.39245; 1.10327;      -2.24400;3.43308;1
   7.34264; 1.10660;      -2.24079;3.43310;1
   7.29648; 1.10993;      -2.23667;3.43311;1
   7.25397; 1.11326;      -2.23151;3.43313;1
   7.21514; 1.11660;      -2.22517;3.43314;1
   7.18008; 1.11993;      -2.21768;3.43316;1
   7.14879; 1.12326;      -2.20902;3.43317;1
   7.12130; 1.12660;      -2.19914;3.43318;1
   7.09765; 1.12993;      -2.18797;3.43319;1
   7.07788; 1.13326;      -2.17576;3.43319;1
   7.06208; 1.13660;      -2.16200;3.43320;1
   7.05019; 1.13993;      -2.14705;3.43320;1
   7.04222; 1.14326;      -2.13089;3.43321;1
   7.03825; 1.14660;      -2.11318;3.43321;1
   7.03825; 1.14993;      -2.09442;3.43321;1
   7.04212; 1.15326;      -2.07429;3.43321;1
   7.04992; 1.15660;      -2.05274;3.43320;1
   7.06166; 1.15993;      -2.02997;3.43320;1
   7.07723; 1.16326;      -2.00594;3.43319;1
   7.09661; 1.16659;      -1.98060;3.43319;1
   7.11970; 1.16993;      -1.95412;3.43318;1
   7.14648; 1.17326;      -1.92657;3.43317;1
   7.17686; 1.17659;      -1.89785;3.43316;1
   7.21071; 1.17993;      -1.86780;3.43314;1
   7.24805; 1.18326;      -1.83677;3.43313;1
   7.28868; 1.18659;      -1.80469;3.43312;1
   7.33254; 1.18993;      -1.77159;3.43310;1
   7.37953; 1.19326;      -1.73739;3.43308;1
   7.42950; 1.19659;      -1.70227;3.43307;1
   7.48241; 1.19993;      -1.66620;3.43305;1
   7.53807; 1.20326;      -1.62938;3.43303;1
   7.59637; 1.20659;      -1.59188;3.43300;1
   7.65728; 1.20993;      -1.55346;3.43298;1
   7.72055; 1.21326;      -1.51430;3.43296;1
   7.78612; 1.21659;      -1.47440;3.43293;1
   7.85386; 1.21992;      -1.43386;3.43291;1
   7.92359; 1.22326;      -1.39282;3.43288;1
   7.99520; 1.22659;      -1.35124;3.43286;1
   8.06859; 1.22992;      -1.30919;3.43283;1
   8.14355; 1.23326;      -1.26674;3.43280;1
   8.22000; 1.23659;      -1.22387;3.43277;1
   8.29782; 1.23992;      -1.18067;3.43275;1
   8.37682; 1.24326;      -1.13727;3.43272;1
   8.45689; 1.24659;      -1.09356;3.43269;1
   8.53795; 1.24992;      -1.04959;3.43266;1
   8.61983; 1.25326;      -1.00559;3.43263;1
   8.70241; 1.25659;      -0.96156;3.43259;1
   8.78555; 1.25992;      -0.91742;3.43256;1
   8.86911; 1.26326;      -0.87328;3.43253;1
   8.95298; 1.26659;      -0.82934;3.43250;1
   9.03702; 1.26992;      -0.78562;3.43247;1
   9.12113; 1.27325;      -0.74201;3.43244;1
   9.20519; 1.27659;      -0.69858;3.43241;1
   9.28913; 1.27992;      -0.65553;3.43237;1
   9.37279; 1.28325;      -0.61272;3.43234;1
   9.45607; 1.28659;      -0.57021;3.43231;1
   9.53882; 1.28992;      -0.52815;3.43228;1
   9.62101; 1.29325;      -0.48658;3.43225;1
   9.70245; 1.29659;      -0.44551;3.43222;1
   9.78305; 1.29992;      -0.40507;3.43219;1
   9.86276; 1.30325;      -0.36549;3.43216;1
   9.94147; 1.30659;      -0.32637;3.43213;1
  10.01913; 1.30992;      -0.28790;3.43210;1
  10.09557; 1.31325;      -0.25008;3.43207;1
  10.17076; 1.31659;      -0.21304;3.43204;1
  10.24462; 1.31992;      -0.17676;3.43201;1
  10.31701; 1.32325;      -0.14112;3.43198;1
  10.38792; 1.32658;      -0.10633;3.43196;1
  10.45725; 1.32992;-7.251814e-002;3.43193;1
  10.52496; 1.33325;-3.964658e-002;3.43190;1
  10.59096; 1.33658;-7.534598e-003;3.43188;1
  10.65517; 1.33992; 2.365060e-002;3.43185;1
  10.71754; 1.34325; 5.383222e-002;3.43183;1
  10.77806; 1.34658; 8.304943e-002;3.43181;1
  10.83661; 1.34992;       0.11147;3.43178;1
  10.89320; 1.35325;       0.13881;3.43176;1
  10.94779; 1.35658;       0.16515;3.43174;1
  11.00033; 1.35992;       0.19040;3.43172;1
  11.05075; 1.36325;       0.21469;3.43170;1
  11.09902; 1.36658;       0.23802;3.43168;1
  11.14514; 1.36992;       0.26022;3.43167;1
  11.18904; 1.37325;       0.28134;3.43165;1
  11.23077; 1.37658;       0.30140;3.43163;1
  11.27022; 1.37991;       0.32038;3.43162;1
  11.30741; 1.38325;       0.33819;3.43160;1
  11.34230; 1.38658;       0.35507;3.43159;1
  11.37493; 1.38991;       0.37078;3.43158;1
  11.40523; 1.39325;       0.38546;3.43156;1
  11.43326; 1.39658;       0.39920;3.43155;1
  11.45900; 1.39991;       0.41177;3.43154;1
  11.48242; 1.40325;       0.42330;3.43153;1
  11.50356; 1.40658;       0.43377;3.43153;1
  11.52242; 1.40991;       0.44321;3.43152;1
  11.53894; 1.41325;       0.45154;3.43151;1
  11.55321; 1.41658;       0.45903;3.43151;1
  11.56518; 1.41991;       0.46540;3.43150;1
  11.57487; 1.42325;       0.47081;3.43150;1
  11.58229; 1.42658;       0.47527;3.43150;1
  11.58755; 1.42991;       0.47862;3.43149;1
  11.59062; 1.43324;       0.48114;3.43149;1
  11.59150; 1.43658;       0.48281;3.43149;1
  11.59023; 1.43991;       0.48350;3.43149;1
  11.58679; 1.44324;       0.48330;3.43149;1
  11.58129; 1.44658;       0.48221;3.43150;1
  11.57372; 1.44991;       0.48013;3.43150;1
  11.56411; 1.45324;       0.47757;3.43150;1
  11.55250; 1.45658;       0.47403;3.43151;1
  11.53892; 1.45991;       0.46945;3.43151;1
  11.52338; 1.46324;       0.46423;3.43152;1
  11.50593; 1.46658;       0.45822;3.43152;1
  11.48663; 1.46991;       0.45159;3.43153;1
  11.46552; 1.47324;       0.44426;3.43154;1
  11.44263; 1.47658;       0.43609;3.43155;1
  11.41796; 1.47991;       0.42726;3.43156;1
  11.39160; 1.48324;       0.41774;3.43157;1
  11.36361; 1.48657;       0.40760;3.43158;1
  11.33399; 1.48991;       0.39699;3.43159;1
  11.30280; 1.49324;       0.38571;3.43160;1
  11.27012; 1.49657;       0.37375;3.43162;1
  11.23594; 1.49991;       0.36143;3.43163;1
  11.20034; 1.50324;       0.34868;3.43164;1
  11.16333; 1.50657;       0.33541;3.43166;1
  11.12499; 1.50991;       0.32175;3.43167;1
  11.08531; 1.51324;       0.30758;3.43169;1
  11.04440; 1.51657;       0.29288;3.43170;1
  11.00227; 1.51991;       0.27769;3.43172;1
  10.95899; 1.52324;       0.26217;3.43174;1
  10.91461; 1.52657;       0.24634;3.43175;1
  10.86917; 1.52991;       0.23024;3.43177;1
  10.82271; 1.53324;       0.21397;3.43179;1
  10.77530; 1.53657;       0.19737;3.43181;1
  10.72692; 1.53990;       0.18049;3.43183;1
  10.67768; 1.54324;       0.16330;3.43185;1
  10.62763; 1.54657;       0.14595;3.43186;1
  10.57677; 1.54990;       0.12839;3.43188;1
  10.52518; 1.55324;       0.11071;3.43190;1
  10.47288; 1.55657; 9.288817e-002;3.43192;1
  10.41993; 1.55990; 7.476767e-002;3.43194;1
  10.36636; 1.56324; 5.648127e-002;3.43197;1
  10.31220; 1.56657; 3.827854e-002;3.43199;1
  10.25752; 1.56990; 2.006651e-002;3.43201;1
  10.20234; 1.57324; 1.780741e-003;3.43203;1
  10.14670; 1.57657;-1.647654e-002;3.43205;1
  10.09061; 1.57990;-3.478898e-002;3.43207;1
  10.03420; 1.58324;-5.314662e-002;3.43209;1
   9.97748; 1.58657;-7.146160e-002;3.43211;1
   9.92045; 1.58990;-8.977490e-002;3.43214;1
   9.86322; 1.59323;      -0.10810;3.43216;1
   9.80577; 1.59657;      -0.12635;3.43218;1
   9.74815; 1.59990;      -0.14454;3.43220;1
   9.69039; 1.60323;      -0.16264;3.43222;1
   9.63248; 1.60657;      -0.18064;3.43224;1
   9.57450; 1.60990;      -0.19837;3.43227;1
   9.51647; 1.61323;      -0.21601;3.43229;1
   9.45844; 1.61657;      -0.23350;3.43231;1
   9.40043; 1.61990;      -0.25049;3.43233;1
   9.34245; 1.62323;      -0.26747;3.43235;1
   9.28456; 1.62657;      -0.28441;3.43238;1
   9.22681; 1.62990;      -0.30117;3.43240;1
   9.16915; 1.63323;      -0.31752;3.43242;1
   9.11161; 1.63657;      -0.33368;3.43244;1
   9.05428; 1.63990;      -0.34961;3.43246;1
   8.99716; 1.64323;      -0.36543;3.43248;1
   8.94029; 1.64657;      -0.38105;3.43251;1
   8.88368; 1.64990;      -0.39645;3.43253;1
   8.82733; 1.65323;      -0.41129;3.43255;1
   8.77129; 1.65656;      -0.42591;3.43257;1
   8.71554; 1.65990;      -0.44021;3.43259;1
   8.66016; 1.66323;      -0.45428;3.43261;1
   8.60514; 1.66656;      -0.46798;3.43263;1
   8.55049; 1.66990;      -0.48148;3.43265;1
   8.49622; 1.67323;      -0.49470;3.43267;1
   8.44235; 1.67656;      -0.50769;3.43269;1
   8.38890; 1.67990;      -0.52029;3.43271;1
   8.33589; 1.68323;      -0.53256;3.43273;1
   8.28332; 1.68656;      -0.54457;3.43275;1
   8.23115; 1.68990;      -0.55614;3.43277;1
   8.17947; 1.69323;      -0.56741;3.43279;1
   8.12826; 1.69656;      -0.57839;3.43281;1
   8.07749; 1.69990;      -0.58912;3.43283;1
   8.02723; 1.70323;      -0.59951;3.43285;1
   7.97748; 1.70656;      -0.60971;3.43286;1
   7.92824; 1.70989;      -0.61967;3.43288;1
   7.87947; 1.71323;      -0.62921;3.43290;1
   7.83121; 1.71656;      -0.63849;3.43292;1
   7.78348; 1.71989;      -0.64729;3.43294;1
   7.73625; 1.72323;      -0.65584;3.43295;1
   7.68949; 1.72656;      -0.66415;3.43297;1
   7.64328; 1.72989;      -0.67199;3.43299;1
   7.59756; 1.73323;      -0.67952;3.43300;1
   7.55235; 1.73656;      -0.68674;3.43302;1
   7.50764; 1.73989;      -0.69373;3.43304;1
   7.46350; 1.74323;      -0.70042;3.43305;1
   7.41986; 1.74656;      -0.70681;3.43307;1
   7.37672; 1.74989;      -0.71290;3.43308;1
   7.33407; 1.75323;      -0.71870;3.43310;1
   7.29190; 1.75656;      -0.72417;3.43312;1
   7.25027; 1.75989;      -0.72936;3.43313;1
   7.20912; 1.76322;      -0.73426;3.43315;1
   7.16848; 1.76656;      -0.73883;3.43316;1
   7.12836; 1.76989;      -0.74315;3.43318;1
   7.08872; 1.77322;      -0.74726;3.43319;1
   7.04956; 1.77656;      -0.75113;3.43320;1
   7.01089; 1.77989;      -0.75474;3.43322;1
   6.97268; 1.78322;      -0.75814;3.43323;1
   6.93491; 1.78656;      -0.76119;3.43325;1
   6.89761; 1.78989;      -0.76398;3.43326;1
   6.86077; 1.79322;      -0.76651;3.43327;1
   6.82440; 1.79656;      -0.76893;3.43329;1
   6.78842; 1.79989;      -0.77119;3.43330;1
   6.75285; 1.80322;      -0.77313;3.43331;1
   6.71768; 1.80656;      -0.77483;3.43332;1
   6.68293; 1.80989;      -0.77632;3.43334;1
   6.64856; 1.81322;      -0.77759;3.43335;1
   6.61456; 1.81655;      -0.77874;3.43336;1
   6.58095; 1.81989;      -0.77972;3.43337;1
   6.54767; 1.82322;      -0.78051;3.43339;1
   6.51478; 1.82655;      -0.78109;3.43340;1
   6.48220; 1.82989;      -0.78141;3.43341;1
   6.44997; 1.83322;      -0.78160;3.43342;1
   6.41806; 1.83655;      -0.78145;3.43343;1
   6.38648; 1.83989;      -0.78115;3.43344;1
   6.35521; 1.84322;      -0.78085;3.43345;1
   6.32422; 1.84655;      -0.78056;3.43347;1
   6.29352; 1.84989;      -0.78020;3.43348;1
   6.26306; 1.85322;      -0.77952;3.43349;1
   6.23290; 1.85655;      -0.77880;3.43350;1
   6.20295; 1.85989;      -0.77793;3.43351;1
   6.17322; 1.86322;      -0.77693;3.43352;1
   6.14371; 1.86655;      -0.77576;3.43353;1
   6.11440; 1.86988;      -0.77432;3.43354;1
   6.08530; 1.87322;      -0.77274;3.43355;1
   6.05638; 1.87655;      -0.77131;3.43356;1
   6.02762; 1.87988;      -0.76996;3.43357;1
   5.99904; 1.88322;      -0.76854;3.43358;1
   5.97066; 1.88655;      -0.76705;3.43359;1
   5.94240; 1.88988;      -0.76507;3.43360;1
   5.91428; 1.89322;      -0.76326;3.43361;1
   5.88629; 1.89655;      -0.76145;3.43362;1
   5.85842; 1.89988;      -0.75959;3.43363;1
   5.83068; 1.90322;      -0.75767;3.43364;1
   5.80303; 1.90655;      -0.75569;3.43365;1
   5.77542; 1.90988;      -0.75408;3.43366;1
   5.74791; 1.91322;      -0.75228;3.43367;1
   5.72046; 1.91655;      -0.75029;3.43368;1
   5.69309; 1.91988;      -0.74817;3.43369;1
   5.66576; 1.92321;      -0.74592;3.43370;1
   5.63845; 1.92655;      -0.74367;3.43371;1
   5.61122; 1.92988;      -0.74139;3.43372;1
   5.58396; 1.93321;      -0.73912;3.43373;1
   5.55673; 1.93655;      -0.73692;3.43374;1
   5.52955; 1.93988;      -0.73474;3.43375;1
   5.50237; 1.94321;      -0.73255;3.43376;1
   5.47518; 1.94655;      -0.73036;3.43377;1
   5.44795; 1.94988;      -0.72818;3.43378;1
   5.42074; 1.95321;      -0.72601;3.43379;1
   5.39348; 1.95655;      -0.72397;3.43380;1
   5.36620; 1.95988;      -0.72195;3.43381;1
   5.33890; 1.96321;      -0.71988;3.43382;1
   5.31152; 1.96655;      -0.71782;3.43383;1
   5.28408; 1.96988;      -0.71571;3.43384;1
   5.25656; 1.97321;      -0.71364;3.43385;1
   5.22900; 1.97654;      -0.71171;3.43386;1
   5.20131; 1.97988;      -0.70986;3.43387;1
   5.17359; 1.98321;      -0.70799;3.43388;1
   5.14581; 1.98654;      -0.70615;3.43389;1
   5.11793; 1.98988;      -0.70437;3.43389;1
   5.08997; 1.99321;      -0.70283;3.43391;1
   5.06191; 1.99654;      -0.70125;3.43392;1
   5.03367; 1.99988;      -0.69962;3.43392;1
   5.00538; 2.00321;      -0.69795;3.43393;1
   4.97698; 2.00654;      -0.69634;3.43394;1
   4.94849; 2.00988;      -0.69494;3.43395;1
   4.91990; 2.01321;      -0.69364;3.43396;1
   4.89122; 2.01654;      -0.69223;3.43398;1
   4.86238; 2.01988;      -0.69086;3.43398;1
   4.83343; 2.02321;      -0.68957;3.43400;1
   4.80434; 2.02654;      -0.68845;3.43401;1
   4.77515; 2.02987;      -0.68734;3.43402;1
   4.74586; 2.03321;      -0.68628;3.43403;1
   4.71641; 2.03654;      -0.68527;3.43404;1
   4.68682; 2.03987;      -0.68433;3.43405;1
   4.65713; 2.04321;      -0.68359;3.43406;1
   4.62728; 2.04654;      -0.68290;3.43407;1
   4.59729; 2.04987;      -0.68234;3.43408;1
   4.56716; 2.05321;      -0.68164;3.43409;1
   4.53691; 2.05654;      -0.68099;3.43410;1
   4.50649; 2.05987;      -0.68033;3.43411;1
   4.47599; 2.06321;      -0.67965;3.43412;1
   4.44536; 2.06654;      -0.67900;3.43413;1
   4.41458; 2.06987;      -0.67864;3.43414;1
   4.38366; 2.07321;      -0.67845;3.43415;1
   4.35262; 2.07654;      -0.67826;3.43416;1
   4.32145; 2.07987;      -0.67802;3.43417;1
   4.29018; 2.08320;      -0.67770;3.43418;1
   4.25873; 2.08654;      -0.67745;3.43420;1
   4.22714; 2.08987;      -0.67738;3.43421;1
   4.19546; 2.09320;      -0.67742;3.43422;1
   4.16366; 2.09654;      -0.67749;3.43423;1
   4.13170; 2.09987;      -0.67754;3.43424;1
   4.09961; 2.10320;      -0.67761;3.43425;1
   4.06739; 2.10654;      -0.67768;3.43426;1
   4.03504; 2.10987;      -0.67779;3.43427;1
   4.00258; 2.11320;      -0.67796;3.43428;1
   3.97000; 2.11654;      -0.67827;3.43430;1
   3.93735; 2.11987;      -0.67858;3.43431;1
   3.90459; 2.12320;      -0.67903;3.43432;1
   3.87169; 2.12654;      -0.67945;3.43433;1
   3.83874; 2.12987;      -0.67984;3.43434;1
   3.80567; 2.13320;      -0.68031;3.43435;1
   3.77251; 2.13653;      -0.68084;3.43436;1
   3.73925; 2.13987;      -0.68142;3.43438;1
   3.70588; 2.14320;      -0.68214;3.43439;1
   3.67240; 2.14653;      -0.68291;3.43440;1
   3.63883; 2.14987;      -0.68368;3.43441;1
   3.60518; 2.15320;      -0.68444;3.43442;1
   3.57143; 2.15653;      -0.68524;3.43443;1
   3.53760; 2.15987;      -0.68605;3.43444;1
   3.50369; 2.16320;      -0.68699;3.43446;1
   3.46968; 2.16653;      -0.68784;3.43447;1
   3.43559; 2.16987;      -0.68871;3.43448;1
   3.40141; 2.17320;      -0.68953;3.43449;1
   3.36718; 2.17653;      -0.69041;3.43450;1
   3.33289; 2.17987;      -0.69131;3.43451;1
   3.29857; 2.18320;      -0.69225;3.43453;1
   3.26415; 2.18653;      -0.69332;3.43454;1
   3.22966; 2.18986;      -0.69439;3.43455;1
   3.19514; 2.19320;      -0.69550;3.43456;1
   3.16052; 2.19653;      -0.69662;3.43457;1
   3.12587; 2.19986;      -0.69769;3.43459;1
   3.09120; 2.20320;      -0.69875;3.43460;1
   3.05647; 2.20653;      -0.69981;3.43461;1
   3.02169; 2.20986;      -0.70088;3.43462;1
   2.98686; 2.21320;      -0.70197;3.43463;1
   2.95197; 2.21653;      -0.70303;3.43464;1
   2.91704; 2.21986;      -0.70411;3.43466;1
   2.88213; 2.22320;      -0.70523;3.43467;1
   2.84715; 2.22653;      -0.70641;3.43468;1
   2.81217; 2.22986;      -0.70760;3.43469;1
   2.77711; 2.23320;      -0.70876;3.43470;1
   2.74203; 2.23653;      -0.70985;3.43472;1
   2.70695; 2.23986;      -0.71084;3.43473;1
   2.67184; 2.24319;      -0.71184;3.43474;1
   2.63669; 2.24653;      -0.71291;3.43475;1
   2.60151; 2.24986;      -0.71397;3.43476;1
   2.56637; 2.25319;      -0.71505;3.43478;1
   2.53119; 2.25653;      -0.71619;3.43479;1
   2.49600; 2.25986;      -0.71738;3.43480;1
   2.46082; 2.26319;      -0.71850;3.43481;1
   2.42559; 2.26653;      -0.71957;3.43482;1
   2.39038; 2.26986;      -0.72062;3.43483;1
   2.35516; 2.27319;      -0.72174;3.43485;1
   2.31991; 2.27653;      -0.72293;3.43486;1
   2.28470; 2.27986;      -0.72409;3.43487;1
   2.24949; 2.28319;      -0.72526;3.43488;1
   2.21426; 2.28653;      -0.72638;3.43489;1
   2.17907; 2.28986;      -0.72745;3.43491;1
   2.14384; 2.29319;      -0.72851;3.43492;1
   2.10864; 2.29652;      -0.72951;3.43493;1
   2.07345; 2.29986;      -0.73046;3.43494;1
   2.03827; 2.30319;      -0.73141;3.43495;1
   2.00312; 2.30652;      -0.73237;3.43496;1
   1.96799; 2.30986;      -0.73334;3.43498;1
   1.93290; 2.31319;      -0.73432;3.43499;1
   1.89780; 2.31652;      -0.73526;3.43500;1
   1.86272; 2.31986;      -0.73618;3.43501;1
   1.82766; 2.32319;      -0.73708;3.43502;1
   1.79259; 2.32652;      -0.73783;3.43503;1
   1.75755; 2.32986;      -0.73861;3.43505;1
   1.72248; 2.33319;      -0.73933;3.43506;1
   1.68745; 2.33652;      -0.74003;3.43507;1
   1.65243; 2.33986;      -0.74075;3.43508;1
   1.61745; 2.34319;      -0.74157;3.43509;1
   1.58250; 2.34652;      -0.74234;3.43510;1
   1.54759; 2.34985;      -0.74312;3.43512;1
   1.51267; 2.35319;      -0.74392;3.43513;1
   1.47780; 2.35652;      -0.74468;3.43514;1
   1.44295; 2.35985;      -0.74543;3.43515;1
   1.40816; 2.36319;      -0.74613;3.43516;1
   1.37336; 2.36652;      -0.74672;3.43517;1
   1.33859; 2.36985;      -0.74733;3.43518;1
   1.30385; 2.37319;      -0.74797;3.43520;1
   1.26917; 2.37652;      -0.74860;3.43521;1
   1.23450; 2.37985;      -0.74916;3.43522;1
   1.19984; 2.38319;      -0.74973;3.43523;1
   1.16523; 2.38652;      -0.75030;3.43524;1
   1.13066; 2.38985;      -0.75084;3.43525;1
   1.09611; 2.39319;      -0.75137;3.43526;1
   1.06157; 2.39652;      -0.75189;3.43528;1
   1.02707; 2.39985;      -0.75237;3.43529;1
   0.99263; 2.40318;      -0.75286;3.43530;1
   0.95819; 2.40652;      -0.75334;3.43531;1
   0.92377; 2.40985;      -0.75380;3.43532;1
   0.88939; 2.41318;      -0.75423;3.43533;1
   0.85504; 2.41652;      -0.75468;3.43534;1
   0.82073; 2.41985;      -0.75514;3.43536;1
   0.78646; 2.42318;      -0.75553;3.43537;1
   0.75218; 2.42652;      -0.75591;3.43538;1
   0.71793; 2.42985;      -0.75627;3.43539;1
   0.68372; 2.43318;      -0.75665;3.43540;1
   0.64957; 2.43652;      -0.75693;3.43541;1
   0.61544; 2.43985;      -0.75721;3.43542;1
   0.58135; 2.44318;      -0.75748;3.43543;1
   0.54725; 2.44652;      -0.75779;3.43544;1
   0.51322; 2.44985;      -0.75811;3.43546;1
   0.47922; 2.45318;      -0.75836;3.43547;1
   0.44520; 2.45652;      -0.75862;3.43548;1
   0.41122; 2.45985;      -0.75887;3.43549;1
   0.37729; 2.46318;      -0.75910;3.43550;1
   0.34337; 2.46651;      -0.75932;3.43551;1
   0.30948; 2.46985;      -0.75938;3.43552;1
   0.27562; 2.47318;      -0.75929;3.43553;1
   0.24181; 2.47651;      -0.75931;3.43554;1
   0.20806; 2.47985;      -0.75938;3.43555;1
   0.17429; 2.48318;      -0.75949;3.43557;1
   0.14055; 2.48651;      -0.75971;3.43558;1
   0.10682; 2.48985;      -0.75990;3.43559;1
   0.07313; 2.49318;      -0.76006;3.43560;1
   0.03949; 2.49651;      -0.76024;3.43561;1
   0.00581; 2.49985;      -0.76041;3.43562;1
  -0.02785; 2.50318;      -0.76049;3.43563;1
  -0.06147; 2.50651;      -0.76046;3.43564;1
  -0.09508; 2.50985;      -0.76045;3.43565;1
  -0.12867; 2.51318;      -0.76048;3.43566;1
  -0.16224; 2.51651;      -0.76048;3.43567;1
  -0.19576; 2.51984;      -0.76047;3.43568;1
  -0.22927; 2.52318;      -0.76049;3.43570;1
  -0.26275; 2.52651;      -0.76047;3.43571;1
  -0.29619; 2.52984;      -0.76046;3.43572;1
  -0.32963; 2.53318;      -0.76042;3.43573;1
  -0.36308; 2.53651;      -0.76039;3.43574;1
  -0.39651; 2.53984;      -0.76038;3.43575;1
  -0.42990; 2.54318;      -0.76036;3.43576;1
  -0.46329; 2.54651;      -0.76036;3.43577;1
  -0.49670; 2.54984;      -0.76033;3.43578;1
  -0.53009; 2.55318;      -0.76034;3.43579;1
  -0.56344; 2.55651;      -0.76033;3.43580;1
  -0.59676; 2.55984;      -0.76032;3.43581;1
  -0.63007; 2.56318;      -0.76019;3.43582;1
  -0.66342; 2.56651;      -0.76003;3.43583;1
  -0.69671; 2.56984;      -0.75989;3.43584;1
  -0.73000; 2.57317;      -0.75980;3.43586;1
  -0.76331; 2.57651;      -0.75976;3.43587;1
  -0.79661; 2.57984;      -0.75983;3.43588;1
  -0.82984; 2.58317;      -0.75982;3.43589;1
  -0.86306; 2.58651;      -0.75969;3.43590;1
  -0.89629; 2.58984;      -0.75957;3.43591;1
  -0.92953; 2.59317;      -0.75954;3.43592;1
  -0.96279; 2.59651;      -0.75952;3.43593;1
  -0.99602; 2.59984;      -0.75952;3.43594;1
  -1.02922; 2.60317;      -0.75943;3.43595;1
  -1.06246; 2.60651;      -0.75929;3.43596;1
  -1.09566; 2.60984;      -0.75912;3.43597;1
  -1.12885; 2.61317;      -0.75891;3.43598;1
  -1.16205; 2.61651;      -0.75872;3.43599;1
  -1.19521; 2.61984;      -0.75859;3.43600;1
  -1.22839; 2.62317;      -0.75854;3.43601;1
  -1.26157; 2.62650;      -0.75844;3.43602;1
  -1.29473; 2.62984;      -0.75842;3.43603;1
  -1.32786; 2.63317;      -0.75839;3.43604;1
  -1.36099; 2.63650;      -0.75833;3.43605;1
  -1.39412; 2.63984;      -0.75826;3.43607;1
  -1.42725; 2.64317;      -0.75822;3.43608;1
  -1.46039; 2.64650;      -0.75796;3.43609;1
  -1.49349; 2.64984;      -0.75774;3.43610;1
  -1.52662; 2.65317;      -0.75754;3.43611;1
  -1.55975; 2.65650;      -0.75736;3.43612;1
  -1.59283; 2.65984;      -0.75724;3.43613;1
  -1.62591; 2.66317;      -0.75719;3.43614;1
  -1.65900; 2.66650;      -0.75714;3.43615;1
  -1.69212; 2.66984;      -0.75702;3.43616;1
  -1.72521; 2.67317;      -0.75692;3.43617;1
  -1.75832; 2.67650;      -0.75684;3.43618;1
  -1.79145; 2.67983;      -0.75678;3.43619;1
  -1.82455; 2.68317;      -0.75667;3.43620;1
  -1.85765; 2.68650;      -0.75654;3.43621;1
  -1.89075; 2.68983;      -0.75642;3.43622;1
  -1.92383; 2.69317;      -0.75633;3.43623;1
  -1.95692; 2.69650;      -0.75622;3.43624;1
  -1.99002; 2.69983;      -0.75609;3.43625;1
  -2.02310; 2.70317;      -0.75593;3.43626;1
  -2.05618; 2.70650;      -0.75581;3.43627;1
  -2.08924; 2.70983;      -0.75568;3.43628;1
  -2.12232; 2.71317;      -0.75559;3.43629;1
  -2.15542; 2.71650;      -0.75550;3.43630;1
  -2.18847; 2.71983;      -0.75538;3.43631;1
  -2.22154; 2.72317;      -0.75528;3.43632;1
  -2.25461; 2.72650;      -0.75515;3.43633;1
  -2.28772; 2.72983;      -0.75505;3.43634;1
  -2.32082; 2.73316;      -0.75485;3.43635;1
  -2.35390; 2.73650;      -0.75470;3.43636;1
  -2.38695; 2.73983;      -0.75461;3.43637;1
  -2.42002; 2.74316;      -0.75450;3.43638;1
  -2.45310; 2.74650;      -0.75431;3.43639;1
  -2.48617; 2.74983;      -0.75423;3.43640;1
  -2.51923; 2.75316;      -0.75416;3.43641;1
  -2.55230; 2.75650;      -0.75407;3.43642;1
  -2.58534; 2.75983;      -0.75399;3.43644;1
  -2.61844; 2.76316;      -0.75387;3.43645;1
  -2.65153; 2.76650;      -0.75369;3.43646;1
  -2.68460; 2.76983;      -0.75359;3.43647;1
  -2.71763; 2.77316;      -0.75346;3.43648;1
  -2.75068; 2.77650;      -0.75337;3.43649;1
  -2.78371; 2.77983;      -0.75331;3.43650;1
  -2.81675; 2.78316;      -0.75323;3.43651;1
  -2.84985; 2.78649;      -0.75313;3.43652;1
  -2.88295; 2.78983;      -0.75303;3.43653;1
  -2.91601; 2.79316;      -0.75294;3.43654;1
  -2.94907; 2.79649;      -0.75285;3.43655;1
  -2.98212; 2.79983;      -0.75286;3.43656;1
  -3.01518; 2.80316;      -0.75286;3.43657;1
  -3.04826; 2.80649;      -0.75284;3.43658;1
  -3.08134; 2.80983;      -0.75282;3.43659;1
  -3.11447; 2.81316;      -0.75279;3.43660;1
  -3.14754; 2.81649;      -0.75275;3.43661;1
  -3.18060; 2.81983;      -0.75268;3.43662;1
  -3.21374; 2.82316;      -0.75262;3.43663;1
  -3.24686; 2.82649;      -0.75257;3.43664;1
  -3.27999; 2.82983;      -0.75250;3.43665;1
  -3.31308; 2.83316;      -0.75244;3.43666;1
  -3.34623; 2.83649;      -0.75238;3.43667;1
  -3.37936; 2.83982;      -0.75233;3.43668;1
  -3.41250; 2.84316;      -0.75233;3.43669;1
  -3.44565; 2.84649;      -0.75230;3.43670;1
  -3.47876; 2.84982;      -0.75227;3.43671;1
  -3.51190; 2.85316;      -0.75224;3.43672;1
  -3.54503; 2.85649;      -0.75226;3.43673;1
  -3.57816; 2.85982;      -0.75230;3.43674;1
  -3.61132; 2.86316;      -0.75237;3.43675;1
  -3.64449; 2.86649;      -0.75244;3.43676;1
  -3.67765; 2.86982;      -0.75243;3.43677;1
  -3.71079; 2.87316;      -0.75238;3.43678;1
  -3.74395; 2.87649;      -0.75236;3.43679;1
  -3.77712; 2.87982;      -0.75239;3.43680;1
  -3.81029; 2.88316;      -0.75239;3.43681;1
  -3.84350; 2.88649;      -0.75237;3.43682;1
  -3.87671; 2.88982;      -0.75240;3.43683;1
  -3.90991; 2.89315;      -0.75241;3.43684;1
  -3.94310; 2.89649;      -0.75245;3.43685;1
  -3.97630; 2.89982;      -0.75246;3.43686;1
  -4.00951; 2.90315;      -0.75246;3.43687;1
  -4.04271; 2.90649;      -0.75246;3.43688;1
  -4.07590; 2.90982;      -0.75247;3.43689;1
  -4.10912; 2.91315;      -0.75247;3.43690;1
  -4.14234; 2.91649;      -0.75251;3.43691;1
  -4.17552; 2.91982;      -0.75254;3.43692;1
  -4.20876; 2.92315;      -0.75259;3.43693;1
  -4.24197; 2.92649;      -0.75267;3.43694;1
  -4.27521; 2.92982;      -0.75273;3.43695;1
  -4.30844; 2.93315;      -0.75277;3.43696;1
  -4.34167; 2.93649;      -0.75280;3.43697;1
  -4.37490; 2.93982;      -0.75282;3.43698;1
  -4.40812; 2.94315;      -0.75285;3.43698;1
  -4.44135; 2.94648;      -0.75288;3.43700;1
  -4.47458; 2.94982;      -0.75290;3.43700;1
  -4.50781; 2.95315;      -0.75294;3.43701;1
  -4.54103; 2.95648;      -0.75301;3.43702;1
  -4.57424; 2.95982;      -0.75307;3.43703;1
  -4.60753; 2.96315;      -0.75315;3.43704;1
  -4.64079; 2.96648;      -0.75326;3.43705;1
  -4.67409; 2.96982;      -0.75332;3.43706;1
  -4.70735; 2.97315;      -0.75333;3.43707;1
  -4.74065; 2.97648;      -0.75335;3.43708;1
  -4.77397; 2.97982;      -0.75337;3.43709;1
  -4.80726; 2.98315;      -0.75341;3.43710;1
  -4.84057; 2.98648;      -0.75344;3.43711;1
  -4.87389; 2.98982;      -0.75352;3.43712;1
  -4.90722; 2.99315;      -0.75371;3.43713;1
  -4.94058; 2.99648;      -0.75384;3.43714;1
  -4.97390; 2.99981;      -0.75394;3.43715;1
  -5.00723; 3.00315;      -0.75401;3.43716;1
  -5.04058; 3.00648;      -0.75405;3.43717;1
  -5.07396; 3.00981;      -0.75414;3.43718;1
  -5.10732; 3.01315;      -0.75422;3.43719;1
  -5.14061; 3.01648;      -0.75432;3.43720;1
  -5.17398; 3.01981;      -0.75442;3.43721;1
  -5.20736; 3.02315;      -0.75449;3.43722;1
  -5.24072; 3.02648;      -0.75457;3.43723;1
  -5.27411; 3.02981;      -0.75463;3.43724;1
  -5.30747; 3.03315;      -0.75471;3.43725;1
  -5.34084; 3.03648;      -0.75483;3.43726;1
  -5.37422; 3.03981;      -0.75496;3.43727;1
  -5.40761; 3.04315;      -0.75511;3.43728;1
  -5.44100; 3.04648;      -0.75523;3.43729;1
  -5.47438; 3.04981;      -0.75529;3.43730;1
  -5.50777; 3.05314;      -0.75534;3.43731;1
  -5.54113; 3.05648;      -0.75541;3.43732;1
  -5.57452; 3.05981;      -0.75548;3.43733;1
  -5.60792; 3.06314;      -0.75556;3.43734;1
  -5.64132; 3.06648;      -0.75566;3.43735;1
  -5.67472; 3.06981;      -0.75576;3.43736;1
  -5.70813; 3.07314;      -0.75584;3.43737;1
  -5.74155; 3.07648;      -0.75594;3.43738;1
  -5.77498; 3.07981;      -0.75601;3.43738;1
  -5.80839; 3.08314;      -0.75611;3.43739;1
  -5.84179; 3.08648;      -0.75622;3.43740;1
  -5.87522; 3.08981;      -0.75632;3.43741;1
  -5.90861; 3.09314;      -0.75640;3.43742;1
  -5.94203; 3.09648;      -0.75650;3.43743;1
  -5.97549; 3.09981;      -0.75660;3.43744;1
  -6.00893; 3.10314;      -0.75668;3.43745;1
  -6.04235; 3.10647;      -0.75677;3.43746;1
  -6.07581; 3.10981;      -0.75685;3.43747;1
  -6.10928; 3.11314;      -0.75695;3.43748;1
  -6.14274; 3.11647;      -0.75703;3.43749;1
  -6.17621; 3.11981;      -0.75712;3.43750;1
  -6.20970; 3.12314;      -0.75722;3.43751;1
  -6.24318; 3.12647;      -0.75728;3.43752;1
  -6.27663; 3.12981;      -0.75747;3.43753;1
  -6.31012; 3.13314;      -0.75771;3.43754;1
  -6.34361; 3.13647;      -0.75797;3.43755;1
  -6.37710; 3.13981;      -0.75820;3.43756;1
  -6.41059; 3.14314;      -0.75837;3.43757;1
  -6.44407; 3.14647;      -0.75855;3.43758;1
  -6.47754; 3.14981;      -0.75878;3.43759;1
  -6.51103; 3.15314;      -0.75896;3.43760;1
  -6.54453; 3.15647;      -0.75892;3.43761;1
  -6.57801; 3.15980;      -0.75891;3.43761;1
  -6.61153; 3.16314;      -0.75899;3.43762;1
  -6.64502; 3.16647;      -0.75913;3.43763;1
  -6.67849; 3.16980;      -0.75926;3.43764;1
  -6.71200; 3.17314;      -0.75940;3.43765;1
  -6.74554; 3.17647;      -0.75954;3.43766;1
  -6.77904; 3.17980;      -0.75968;3.43767;1
  -6.81256; 3.18314;      -0.75982;3.43768;1
  -6.84609; 3.18647;      -0.76000;3.43769;1
  -6.87959; 3.18980;      -0.76016;3.43770;1
  -6.91310; 3.19314;      -0.76028;3.43771;1
  -6.94659; 3.19647;      -0.76032;3.43772;1
  -6.98008; 3.19980;      -0.76029;3.43773;1
  -7.01362; 3.20314;      -0.76030;3.43774;1
  -7.04714; 3.20647;      -0.76036;3.43775;1
  -7.08065; 3.20980;      -0.76045;3.43776;1
  -7.11411; 3.21313;      -0.76055;3.43777;1
  -7.14761; 3.21647;      -0.76068;3.43777;1
  -7.18113; 3.21980;      -0.76075;3.43778;1
  -7.21461; 3.22313;      -0.76085;3.43779;1
  -7.24811; 3.22647;      -0.76092;3.43780;1
  -7.28159; 3.22980;      -0.76101;3.43781;1
  -7.31506; 3.23313;      -0.76112;3.43782;1
  -7.34855; 3.23647;      -0.76126;3.43783;1
  -7.38207; 3.23980;      -0.76139;3.43784;1
  -7.41555; 3.24313;      -0.76149;3.43785;1
  -7.44904; 3.24647;      -0.76159;3.43786;1
  -7.48251; 3.24980;      -0.76167;3.43787;1
  -7.51600; 3.25313;      -0.76178;3.43788;1
  -7.54950; 3.25647;      -0.76192;3.43789;1
  -7.58301; 3.25980;      -0.76205;3.43790;1
  -7.61650; 3.26313;      -0.76217;3.43791;1
  -7.64997; 3.26647;      -0.76227;3.43791;1
  -7.68346; 3.26980;      -0.76235;3.43792;1
  -7.71695; 3.27313;      -0.76243;3.43793;1
  -7.75046; 3.27646;      -0.76254;3.43794;1
  -7.78395; 3.27980;      -0.76264;3.43795;1
  -7.81741; 3.28313;      -0.76276;3.43796;1
  -7.85090; 3.28646;      -0.76276;3.43797;1
  -7.88437; 3.28980;      -0.76278;3.43798;1
  -7.91783; 3.29313;      -0.76285;3.43799;1
  -7.95133; 3.29646;      -0.76297;3.43800;1
  -7.98481; 3.29980;      -0.76314;3.43801;1
  -8.01826; 3.30313;      -0.76326;3.43802;1
  -8.05172; 3.30646;      -0.76337;3.43803;1
  -8.08521; 3.30980;      -0.76350;3.43804;1
  -8.11867; 3.31313;      -0.76359;3.43804;1
  -8.15208; 3.31646;      -0.76375;3.43805;1
  -8.18549; 3.31980;      -0.76389;3.43806;1
  -8.21891; 3.32313;      -0.76398;3.43807;1
  -8.25232; 3.32646;      -0.76408;3.43808;1
  -8.28574; 3.32979;      -0.76413;3.43809;1
  -8.31921; 3.33313;      -0.76415;3.43810;1
  -8.35266; 3.33646;      -0.76421;3.43811;1
  -8.38608; 3.33979;      -0.76435;3.43812;1
  -8.41952; 3.34313;      -0.76451;3.43813;1
  -8.45293; 3.34646;      -0.76463;3.43814;1
  -8.48638; 3.34979;      -0.76472;3.43815;1
  -8.51981; 3.35313;      -0.76475;3.43815;1
  -8.55320; 3.35646;      -0.76482;3.43816;1
  -8.58662; 3.35979;      -0.76489;3.43817;1
  -8.62006; 3.36313;      -0.76497;3.43818;1
  -8.65351; 3.36646;      -0.76503;3.43819;1
  -8.68691; 3.36979;      -0.76508;3.43820;1
  -8.72035; 3.37313;      -0.76519;3.43821;1
  -8.75373; 3.37646;      -0.76528;3.43822;1
  -8.78711; 3.37979;      -0.76540;3.43823;1
  -8.82051; 3.38312;      -0.76551;3.43824;1
  -8.85389; 3.38646;      -0.76564;3.43824;1
  -8.88728; 3.38979;      -0.76571;3.43825;1
  -8.92067; 3.39312;      -0.76577;3.43826;1
  -8.95405; 3.39646;      -0.76585;3.43827;1
  -8.98747; 3.39979;      -0.76591;3.43828;1
  -9.02086; 3.40312;      -0.76598;3.43829;1
  -9.05427; 3.40646;      -0.76603;3.43830;1
  -9.08768; 3.40979;      -0.76610;3.43831;1
  -9.12107; 3.41312;      -0.76615;3.43832;1
  -9.15451; 3.41646;      -0.76616;3.43833;1
  -9.18793; 3.41979;      -0.76617;3.43833;1
  -9.22136; 3.42312;      -0.76612;3.43834;1
  -9.25480; 3.42646;      -0.76610;3.43835;1
  -9.28824; 3.42979;      -0.76612;3.43836;1
  -9.32169; 3.43312;      -0.76621;3.43837;1
  -9.35512; 3.43645;      -0.76630;3.43838;1
  -9.38857; 3.43979;      -0.76632;3.43839;1
  -9.42201; 3.44312;      -0.76631;3.43840;1
  -9.45547; 3.44645;      -0.76633;3.43841;1
  -9.48891; 3.44979;      -0.76631;3.43841;1
  -9.52238; 3.45312;      -0.76629;3.43842;1
  -9.55586; 3.45645;      -0.76633;3.43843;1
  -9.58933; 3.45979;      -0.76637;3.43844;1
  -9.62283; 3.46312;      -0.76641;3.43845;1
  -9.65634; 3.46645;      -0.76648;3.43846;1
  -9.68978; 3.46979;      -0.76650;3.43847;1
  -9.72326; 3.47312;      -0.76652;3.43848;1
  -9.75673; 3.47645;      -0.76659;3.43849;1
  -9.79020; 3.47979;      -0.76665;3.43849;1
  -9.82371; 3.48312;      -0.76670;3.43850;1
  -9.85723; 3.48645;      -0.76679;3.43851;1
  -9.89074; 3.48978;      -0.76684;3.43852;1
  -9.92424; 3.49312;      -0.76691;3.43853;1
  -9.95773; 3.49645;      -0.76697;3.43854;1
  -9.99121; 3.49978;      -0.76702;3.43855;1
 -10.02473; 3.50312;      -0.76709;3.43856;1
 -10.05826; 3.50645;      -0.76721;3.43857;1
 -10.09182; 3.50978;      -0.76736;3.43857;1
 -10.12537; 3.51312;      -0.76744;3.43858;1
 -10.15891; 3.51645;      -0.76753;3.43859;1
 -10.19250; 3.51978;      -0.76761;3.43860;1
 -10.22610; 3.52312;      -0.76769;3.43861;1
 -10.25966; 3.52645;      -0.76779;3.43862;1
 -10.29328; 3.52978;      -0.76796;3.43863;1
 -10.32685; 3.53312;      -0.76810;3.43864;1
 -10.36042; 3.53645;      -0.76829;3.43864;1
 -10.39401; 3.53978;      -0.76841;3.43865;1
 -10.42762; 3.54311;      -0.76852;3.43866;1
 -10.46119; 3.54645;      -0.76865;3.43867;1
 -10.49481; 3.54978;      -0.76874;3.43868;1
 -10.52840; 3.55311;      -0.76871;3.43869;1
 -10.56201; 3.55645;      -0.76876;3.43870;1
 -10.59568; 3.55978;      -0.76883;3.43871;1
 -10.62934; 3.56311;      -0.76898;3.43872;1
 -10.66299; 3.56645;      -0.76913;3.43872;1
 -10.69666; 3.56978;      -0.76924;3.43873;1
 -10.73036; 3.57311;      -0.76936;3.43874;1
 -10.76405; 3.57645;      -0.76948;3.43875;1
 -10.79775; 3.57978;      -0.76965;3.43876;1
 -10.83147; 3.58311;      -0.76976;3.43877;1
 -10.86517; 3.58645;      -0.76988;3.43878;1
 -10.89887; 3.58978;      -0.77005;3.43878;1
 -10.93259; 3.59311;      -0.77021;3.43879;1
 -10.96631; 3.59644;      -0.77038;3.43880;1
 -11.00003; 3.59978;      -0.77052;3.43881;1
 -11.03372; 3.60311;      -0.77065;3.43882;1
 -11.06747; 3.60644;      -0.77078;3.43883;1
 -11.10117; 3.60978;      -0.77092;3.43884;1
 -11.13489; 3.61311;      -0.77105;3.43885;1
 -11.16861; 3.61644;      -0.77116;3.43885;1
 -11.20235; 3.61978;      -0.77127;3.43886;1
 -11.23603; 3.62311;      -0.77140;3.43887;1
 -11.26977; 3.62644;      -0.77152;3.43888;1
 -11.30349; 3.62978;      -0.77165;3.43889;1
 -11.33721; 3.63311;      -0.77181;3.43890;1
 -11.37089; 3.63644;      -0.77189;3.43891;1
 -11.40464; 3.63978;      -0.77200;3.43891;1
 -11.43838; 3.64311;      -0.77212;3.43892;1
 -11.47212; 3.64644;      -0.77223;3.43893;1
 -11.50585; 3.64977;      -0.77231;3.43894;1
 -11.53960; 3.65311;      -0.77242;3.43895;1
 -11.57334; 3.65644;      -0.77262;3.43896;1
 -11.60709; 3.65977;      -0.77280;3.43897;1
 -11.64083; 3.66311;      -0.77297;3.43897;1
 -11.67455; 3.66644;      -0.77316;3.43898;1
 -11.70828; 3.66977;      -0.77329;3.43899;1
 -11.74208; 3.67311;      -0.77342;3.43900;1
 -11.77585; 3.67644;      -0.77348;3.43901;1
 -11.80959; 3.67977;      -0.77350;3.43902;1
 -11.84329; 3.68311;      -0.77355;3.43903;1
 -11.87702; 3.68644;      -0.77373;3.43903;1
 -11.91078; 3.68977;      -0.77388;3.43904;1
 -11.94453; 3.69311;      -0.77404;3.43905;1
 -11.97828; 3.69644;      -0.77423;3.43906;1
 -12.01203; 3.69977;      -0.77440;3.43907;1
 -12.04578; 3.70310;      -0.77455;3.43908;1
 -12.07951; 3.70644;      -0.77472;3.43909;1
 -12.11319; 3.70977;      -0.77489;3.43909;1
 -12.14688; 3.71310;      -0.77506;3.43910;1
 -12.18055; 3.71644;      -0.77525;3.43911;1
 -12.21427; 3.71977;      -0.77539;3.43912;1
 -12.24797; 3.72310;      -0.77553;3.43913;1
 -12.28170; 3.72644;      -0.77567;3.43914;1
 -12.31544; 3.72977;      -0.77580;3.43914;1
 -12.34914; 3.73310;      -0.77594;3.43915;1
 -12.38285; 3.73644;      -0.77608;3.43916;1
 -12.41652; 3.73977;      -0.77622;3.43917;1
 -12.45021; 3.74310;      -0.77638;3.43918;1
 -12.48386; 3.74644;      -0.77652;3.43919;1
 -12.51758; 3.74977;      -0.77662;3.43919;1
 -12.55125; 3.75310;      -0.77668;3.43920;1
 -12.58492; 3.75643;      -0.77672;3.43921;1
 -12.61861; 3.75977;      -0.77688;3.43922;1
 -12.65226; 3.76310;      -0.77700;3.43923;1
 -12.68590; 3.76643;      -0.77710;3.43924;1
 -12.71954; 3.76977;      -0.77726;3.43925;1
 -12.75311; 3.77310;      -0.77748;3.43925;1
 -12.78672; 3.77643;      -0.77761;3.43926;1
 -12.82029; 3.77977;      -0.77771;3.43927;1
 -12.85388; 3.78310;      -0.77786;3.43928;1
 -12.88743; 3.78643;      -0.77798;3.43929;1
 -12.92102; 3.78977;      -0.77805;3.43929;1
 -12.95461; 3.79310;      -0.77812;3.43930;1
 -12.98820; 3.79643;      -0.77812;3.43931;1
 -13.02177; 3.79977;      -0.77810;3.43932;1
 -13.05532; 3.80310;      -0.77811;3.43933;1
 -13.08888; 3.80643;      -0.77817;3.43934;1
 -13.12242; 3.80976;      -0.77825;3.43934;1
 -13.15594; 3.81310;      -0.77837;3.43935;1
 -13.18947; 3.81643;      -0.77848;3.43936;1
 -13.22299; 3.81976;      -0.77855;3.43937;1
 -13.25651; 3.82310;      -0.77858;3.43938;1
 -13.29003; 3.82643;      -0.77860;3.43939;1
 -13.32354; 3.82976;      -0.77860;3.43939;1
 -13.35705; 3.83310;      -0.77861;3.43940;1
 -13.39055; 3.83643;      -0.77864;3.43941;1
 -13.42409; 3.83976;      -0.77867;3.43942;1
 -13.45757; 3.84310;      -0.77869;3.43943;1
 -13.49103; 3.84643;      -0.77872;3.43943;1
 -13.52448; 3.84976;      -0.77876;3.43944;1
 -13.55792; 3.85310;      -0.77882;3.43945;1
 -13.59138; 3.85643;      -0.77887;3.43946;1
 -13.62482; 3.85976;      -0.77889;3.43947;1
 -13.65825; 3.86309;      -0.77890;3.43947;1
 -13.69166; 3.86643;      -0.77894;3.43948;1
 -13.72510; 3.86976;      -0.77894;3.43949;1
 -13.75851; 3.87309;      -0.77892;3.43950;1
 -13.79191; 3.87643;      -0.77892;3.43951;1
 -13.82530; 3.87976;      -0.77897;3.43952;1
 -13.85873; 3.88309;      -0.77899;3.43952;1
 -13.89217; 3.88643;      -0.77903;3.43953;1
 -13.92553; 3.88976;      -0.77906;3.43954;1
 -13.95891; 3.89309;      -0.77907;3.43955;1
 -13.99225; 3.89643;      -0.77909;3.43956;1
 -14.02561; 3.89976;      -0.77911;3.43956;1
 -14.05900; 3.90309;      -0.77912;3.43957;1
 -14.09239; 3.90643;      -0.77913;3.43958;1
 -14.12578; 3.90976;      -0.77915;3.43959;1
 -14.15918; 3.91309;      -0.77917;3.43960;1
 -14.19255; 3.91642;      -0.77921;3.43960;1
 -14.22566; 3.91976;      -0.77924;3.43961;1
 -14.25847; 3.92309;      -0.77925;3.43962;1
 -14.29114; 3.92642;      -0.77928;3.43963;1
 -14.32361; 3.92976;      -0.77928;3.43963;1
 -14.35602; 3.93309;      -0.77933;3.43964;1
 -14.38835; 3.93642;      -0.77937;3.43965;1
 -14.42064; 3.93976;      -0.77939;3.43966;1
 -14.45292; 3.94309;      -0.77943;3.43967;1
 -14.48514; 3.94642;      -0.77947;3.43967;1
 -14.51737; 3.94976;      -0.77953;3.43968;1
 -14.54950; 3.95309;      -0.77961;3.43969;1
 -14.58164; 3.95642;      -0.77961;3.43970;1
 -14.61379; 3.95976;      -0.77963;3.43970;1
 -14.64586; 3.96309;      -0.77970;3.43971;1
 -14.67792; 3.96642;      -0.77973;3.43972;1
 -14.70994; 3.96975;      -0.77974;3.43973;1
 -14.74196; 3.97309;      -0.77973;3.43973;1
 -14.77397; 3.97642;      -0.77974;3.43974;1
 -14.80597; 3.97975;      -0.77975;3.43975;1
 -14.83798; 3.98309;      -0.77977;3.43976;1
 -14.87000; 3.98642;      -0.77976;3.43976;1
 -14.90203; 3.98975;      -0.77976;3.43977;1
 -14.93400; 3.99309;      -0.77976;3.43978;1
 -14.96599; 3.99642;      -0.77977;3.43979;1
 -14.99796; 3.99975;      -0.77971;3.43979;1
 -15.02994; 4.00309;      -0.77993;3.43980;1
 -15.06194; 4.00642;      -0.77920;3.43981;1
 -15.09395; 4.00975;      -0.78215;3.43982;1
 -15.12596; 4.01309;      -0.99830;3.43982;1
 -15.15802; 4.01642;      -2.62594;3.43983;1
 -15.19010; 4.01975;      -4.63824;3.43984;1
 -15.22220; 4.02308;      -6.23614;3.43985;1
 -15.25429; 4.02642;      -7.33152;3.43985;1
 -15.28644; 4.02975;      -8.03364;3.43986;1
 -15.31860; 4.03308;      -8.46898;3.43987;1
 -15.35077; 4.03642;      -8.73540;3.43988;1
 -15.38298; 4.03975;      -8.89878;3.43988;1
 -15.41519; 4.04308;      -9.00068;3.43989;1
 -15.44747; 4.04642;      -9.06638;3.43990;1
 -15.47974; 4.04975;      -9.11084;3.43991;1
 -15.51206; 4.05308;      -9.14277;3.43991;1
 -15.54442; 4.05642;      -9.16724;3.43992;1
 -15.57681; 4.05975;      -9.18751;3.43993;1
 -15.60923; 4.06308;      -9.20514;3.43994;1
 -15.64168; 4.06642;      -9.22113;3.43994;1
 -15.67422; 4.06975;      -9.23579;3.43995;1
 -15.70674; 4.07308;      -9.24969;3.43996;1
 -15.73931; 4.07641;      -9.26311;3.43997;1
 -15.77191; 4.07975;      -9.27614;3.43997;1
 -15.80459; 4.08308;      -9.28895;3.43998;1
 -15.83731; 4.08641;      -9.30150;3.43999;1
 -15.87009; 4.08975;      -9.31401;3.44000;1
 -15.90292; 4.09308;      -9.32650;3.44000;1
 -15.93578; 4.09641;      -9.33897;3.44001;1
 -15.96870; 4.09975;      -9.35145;3.44002;1
 -16.00161; 4.10308;      -9.36373;3.44003;1
 -16.03459; 4.10641;      -9.37589;3.44003;1
 -16.06760; 4.10975;      -9.38795;3.44004;1
 -16.10068; 4.11308;      -9.39996;3.44005;1
 -16.13377; 4.11641;      -9.41185;3.44006;1
 -16.16694; 4.11975;      -9.42362;3.44006;1
 -16.20038; 4.12308;      -9.43541;3.44007;1
 -16.23416; 4.12641;      -9.44716;3.44008;1
 -16.26816; 4.12975;      -9.45892;3.44009;1
 -16.30236; 4.13308;      -9.47065;3.44009;1
 -16.33666; 4.13641;      -9.48248;3.44010;1
 -16.37108; 4.13974;      -9.49408;3.44011;1
 -16.40561; 4.14308;      -9.50562;3.44012;1
 -16.44022; 4.14641;      -9.51700;3.44012;1
 -16.47489; 4.14974;      -9.52826;3.44013;1
 -16.50963; 4.15308;      -9.53931;3.44014;1
 -16.54448; 4.15641;      -9.55053;3.44015;1
 -16.57939; 4.15974;      -9.56181;3.44016;1
 -16.61434; 4.16308;      -9.57287;3.44016;1
 -16.64936; 4.16641;      -9.58383;3.44017;1
 -16.68447; 4.16974;      -9.59467;3.44018;1
 -16.71964; 4.17308;      -9.60540;3.44019;1
 -16.75485; 4.17641;      -9.61599;3.44020;1
 -16.79014; 4.17974;      -9.62648;3.44020;1
 -16.82541; 4.18308;      -9.63675;3.44021;1
 -16.86075; 4.18641;      -9.64686;3.44022;1
 -16.89609; 4.18974;      -9.65689;3.44023;1
 -16.93148; 4.19307;      -9.66680;3.44024;1
 -16.96693; 4.19641;      -9.67672;3.44024;1
 -17.00240; 4.19974;      -9.68636;3.44025;1
 -17.03794; 4.20307;      -9.69578;3.44026;1
 -17.07349; 4.20641;      -9.70516;3.44027;1
 -17.10906; 4.20974;      -9.71475;3.44027;1
 -17.14465; 4.21307;      -9.72453;3.44028;1
 -17.18022; 4.21641;      -9.73430;3.44029;1
 -17.21583; 4.21974;      -9.74376;3.44030;1
 -17.25140; 4.22307;      -9.75263;3.44031;1
 -17.28702; 4.22641;      -9.76115;3.44031;1
 -17.32261; 4.22974;      -9.76907;3.44032;1
 -17.35819; 4.23307;      -9.77656;3.44033;1
 -17.39380; 4.23641;      -9.78368;3.44034;1
 -17.42942; 4.23974;      -9.79063;3.44035;1
 -17.46499; 4.24307;      -9.79719;3.44035;1
 -17.50056; 4.24640;      -9.80329;3.44036;1
 -17.53609; 4.24974;      -9.80946;3.44037;1
 -17.57164; 4.25307;      -9.81558;3.44038;1
 -17.60715; 4.25640;      -9.82159;3.44038;1
 -17.64269; 4.25974;      -9.82725;3.44039;1
 -17.67815; 4.26307;      -9.83274;3.44040;1
 -17.71359; 4.26640;      -9.83791;3.44041;1
 -17.74902; 4.26974;      -9.84268;3.44042;1
 -17.78440; 4.27307;      -9.84718;3.44042;1
 -17.81977; 4.27640;      -9.85133;3.44043;1
 -17.85512; 4.27974;      -9.85522;3.44044;1
 -17.89042; 4.28307;      -9.85870;3.44045;1
 -17.92566; 4.28640;      -9.86188;3.44045;1
 -17.96086; 4.28974;      -9.86492;3.44046;1
 -17.99601; 4.29307;      -9.86773;3.44047;1
 -18.03113; 4.29640;      -9.87013;3.44048;1
 -18.06618; 4.29973;      -9.87210;3.44048;1
 -18.10116; 4.30307;      -9.87367;3.44049;1
 -18.13618; 4.30640;      -9.87472;3.44050;1
 -18.17110; 4.30973;      -9.87531;3.44051;1
 -18.20599; 4.31307;      -9.87545;3.44051;1
 -18.24081; 4.31640;      -9.87514;3.44052;1
 -18.27557; 4.31973;      -9.87462;3.44053;1
 -18.31027; 4.32307;      -9.87378;3.44054;1
 -18.34496; 4.32640;      -9.87249;3.44054;1
 -18.37957; 4.32973;      -9.87081;3.44055;1
 -18.41412; 4.33307;      -9.86850;3.44056;1
 -18.44859; 4.33640;      -9.86565;3.44057;1
 -18.48307; 4.33973;      -9.86227;3.44057;1
 -18.51748; 4.34307;      -9.86090;3.44058;1
 -18.55181; 4.34640;      -9.86405;3.44059;1
 -18.58608; 4.34973;      -9.86852;3.44060;1
 -18.62032; 4.35306;      -9.87150;3.44060;1
 -18.65449; 4.35640;      -9.87227;3.44061;1
 -18.68861; 4.35973;      -9.87047;3.44062;1
 -18.72266; 4.36306;      -9.86633;3.44062;1
 -18.75672; 4.36640;      -9.86022;3.44063;1
 -18.79071; 4.36973;      -9.85268;3.44064;1
 -18.82462; 4.37306;      -9.84387;3.44065;1
 -18.85852; 4.37640;      -9.83383;3.44065;1
 -18.89237; 4.37973;      -9.82287;3.44066;1
 -18.92616; 4.38306;      -9.81108;3.44067;1
 -18.95995; 4.38640;      -9.80177;3.44067;1
 -18.99367; 4.38973;      -9.79760;3.44068;1
 -19.02736; 4.39306;      -9.79437;3.44069;1
 -19.06100; 4.39640;      -9.78940;3.44070;1
 -19.09461; 4.39973;      -9.78164;3.44070;1
 -19.12815; 4.40306;      -9.77083;3.44071;1
 -19.16166; 4.40639;      -9.75690;3.44072;1
 -19.19513; 4.40973;      -9.74027;3.44072;1
 -19.22863; 4.41306;      -9.72109;3.44073;1
 -19.26205; 4.41639;      -9.69944;3.44074;1
 -19.29550; 4.41973;      -9.67536;3.44074;1
 -19.32884; 4.42306;      -9.64880;3.44075;1
 -19.36219; 4.42639;      -9.61945;3.44076;1
 -19.39547; 4.42973;      -9.58719;3.44077;1
 -19.42877; 4.43306;      -9.55177;3.44077;1
 -19.46206; 4.43639;      -9.51285;3.44078;1
 -19.49527; 4.43973;      -9.46971;3.44079;1
 -19.52848; 4.44306;      -9.42083;3.44079;1
 -19.56165; 4.44639;      -9.36428;3.44080;1
 -19.59482; 4.44973;      -9.29823;3.44081;1
 -19.62800; 4.45306;      -9.22108;3.44081;1
 -19.66114; 4.45639;      -9.13120;3.44082;1
 -19.69424; 4.45972;      -9.02802;3.44083;1
 -19.72728; 4.46306;      -8.91267;3.44083;1
 -19.76036; 4.46639;      -8.78800;3.44084;1
 -19.79341; 4.46972;      -8.65729;3.44085;1
 -19.82641; 4.47306;      -8.52313;3.44085;1
 -19.85943; 4.47639;      -8.38694;3.44086;1
 -19.89240; 4.47972;      -8.25029;3.44087;1
 -19.92535; 4.48306;      -8.11406;3.44087;1
 -19.95829; 4.48639;      -7.97847;3.44088;1
 -19.99124; 4.48972;      -7.84350;3.44089;1
 -20.02418; 4.49306;      -7.70923;3.44090;1
 -20.05705; 4.49639;      -7.57552;3.44090;1
 -20.08993; 4.49972;      -7.44245;3.44091;1
 -20.12281; 4.50306;      -7.30982;3.44092;1
 -20.15572; 4.50639;      -7.17745;3.44092;1
 -20.18854; 4.50972;      -7.04466;3.44093;1
 -20.22140; 4.51305;      -6.91139;3.44094;1
 -20.25428; 4.51639;      -6.77678;3.44094;1
 -20.28714; 4.51972;      -6.64068;3.44095;1
 -20.31995; 4.52305;      -6.50358;3.44096;1
 -20.35280; 4.52639;      -6.36665;3.44096;1
 -20.38566; 4.52972;      -6.23082;3.44097;1
 -20.41846; 4.53305;      -6.09685;3.44098;1
 -20.45123; 4.53639;      -5.96514;3.44098;1
 -20.48405; 4.53972;      -5.83609;3.44099;1
 -20.51680; 4.54305;      -5.70966;3.44100;1
 -20.54958; 4.54639;      -5.58606;3.44100;1
 -20.58238; 4.54972;      -5.46532;3.44101;1
 -20.61519; 4.55305;      -5.34738;3.44102;1
 -20.64796; 4.55639;      -5.23201;3.44102;1
 -20.68074; 4.55972;      -5.11927;3.44103;1
 -20.71352; 4.56305;      -5.00923;3.44103;1
 -20.74631; 4.56638;      -4.90158;3.44104;1
 -20.77900; 4.56972;      -4.79645;3.44105;1
 -20.81173; 4.57305;      -4.69379;3.44105;1
 -20.84447; 4.57638;      -4.59339;3.44106;1
 -20.87719; 4.57972;      -4.49552;3.44107;1
 -20.90991; 4.58305;      -4.39993;3.44107;1
 -20.94260; 4.58638;      -4.30654;3.44108;1
 -20.97527; 4.58972;      -4.21527;3.44109;1
 -21.00796; 4.59305;      -4.12612;3.44109;1
 -21.04063; 4.59638;      -4.03898;3.44110;1
 -21.07329; 4.59972;      -3.95389;3.44111;1
 -21.10589; 4.60305;      -3.87089;3.44111;1
 -21.13853; 4.60638;      -3.78958;3.44112;1
 -21.17110; 4.60972;      -3.71015;3.44113;1
 -21.20368; 4.61305;      -3.63269;3.44113;1
 -21.23622; 4.61638;      -3.55704;3.44114;1
 -21.26879; 4.61971;      -3.48320;3.44114;1
 -21.30133; 4.62305;      -3.41113;3.44115;1
 -21.33390; 4.62638;      -3.34068;3.44116;1
 -21.36642; 4.62971;      -3.27177;3.44116;1
 -21.39895; 4.63305;      -3.20468;3.44117;1
 -21.43144; 4.63638;      -3.13894;3.44118;1
 -21.46393; 4.63971;      -3.07483;3.44118;1
 -21.49642; 4.64305;      -3.01210;3.44119;1
 -21.52889; 4.64638;      -2.95089;3.44120;1
 -21.56138; 4.64971;      -2.89112;3.44120;1
 -21.59384; 4.65305;      -2.83266;3.44121;1
 -21.62628; 4.65638;      -2.77554;3.44122;1
 -21.65874; 4.65971;      -2.71981;3.44122;1
 -21.69121; 4.66305;      -2.66540;3.44123;1
 -21.72366; 4.66638;      -2.61219;3.44123;1
 -21.75608; 4.66971;      -2.56017;3.44124;1
 -21.78850; 4.67304;      -2.50923;3.44125;1
 -21.82096; 4.67638;      -2.45962;3.44125;1
 -21.85339; 4.67971;      -2.41125;3.44126;1
 -21.88582; 4.68304;      -2.36395;3.44127;1
 -21.91827; 4.68638;      -2.31775;3.44127;1
 -21.95069; 4.68971;      -2.27257;3.44128;1
 -21.98312; 4.69304;      -2.22848;3.44128;1
 -22.01554; 4.69638;      -2.18534;3.44129;1
 -22.04802; 4.69971;      -2.14326;3.44130;1
 -22.08051; 4.70304;      -2.10208;3.44130;1
 -22.11299; 4.70638;      -2.06193;3.44131;1
 -22.14547; 4.70971;      -2.02263;3.44132;1
 -22.17801; 4.71304;      -1.98442;3.44132;1
 -22.21051; 4.71638;      -1.94707;3.44133;1
 -22.24297; 4.71971;      -1.91036;3.44133;1
 -22.27545; 4.72304;      -1.87454;3.44134;1
 -22.30800; 4.72637;      -1.83966;3.44135;1
 -22.34054; 4.72971;      -1.80565;3.44135;1
 -22.37305; 4.73304;      -1.77243;3.44136;1
 -22.40560; 4.73637;      -1.73991;3.44137;1
 -22.43817; 4.73971;      -1.70807;3.44137;1
 -22.47074; 4.74304;      -1.67698;3.44138;1
 -22.50336; 4.74637;      -1.64660;3.44138;1
 -22.53594; 4.74971;      -1.61709;3.44139;1
 -22.56854; 4.75304;      -1.58820;3.44140;1
 -22.60114; 4.75637;      -1.55989;3.44140;1
 -22.63379; 4.75971;      -1.53226;3.44141;1
 -22.66645; 4.76304;      -1.50533;3.44141;1
 -22.69909; 4.76637;      -1.47898;3.44142;1
 -22.73172; 4.76971;      -1.45321;3.44143;1
 -22.76442; 4.77304;      -1.42807;3.44143;1
 -22.79714; 4.77637;      -1.40351;3.44144;1
 -22.82987; 4.77970;      -1.37957;3.44145;1
 -22.86261; 4.78304;      -1.35612;3.44145;1
 -22.89539; 4.78637;      -1.33317;3.44146;1
 -22.92820; 4.78970;      -1.31071;3.44146;1
 -22.96104; 4.79304;      -1.28886;3.44147;1
 -22.99387; 4.79637;      -1.26753;3.44148;1
 -23.02675; 4.79970;      -1.24668;3.44148;1
 -23.05965; 4.80304;      -1.22632;3.44149;1
 -23.09258; 4.80637;      -1.20649;3.44149;1
 -23.12551; 4.80970;      -1.18699;3.44150;1
 -23.15848; 4.81304;      -1.16796;3.44151;1
 -23.19151; 4.81637;      -1.14953;3.44151;1
 -23.22457; 4.81970;      -1.13147;3.44152;1
 -23.25761; 4.82304;      -1.11378;3.44153;1
 -23.29065; 4.82637;      -1.09661;3.44153;1
 -23.32371; 4.82970;      -1.07981;3.44154;1
 -23.35682; 4.83303;      -1.06327;3.44154;1
 -23.38997; 4.83637;      -1.04721;3.44155;1
 -23.42308; 4.83970;      -1.03155;3.44156;1
 -23.45624; 4.84303;      -1.01624;3.44156;1
 -23.48943; 4.84637;      -1.00135;3.44157;1
 -23.52264; 4.84970;      -0.98669;3.44157;1
 -23.55587; 4.85303;      -0.97238;3.44158;1
 -23.58908; 4.85637;      -0.95842;3.44159;1
 -23.62233; 4.85970;      -0.94479;3.44159;1
 -23.65558; 4.86303;      -0.93156;3.44160;1
 -23.68887; 4.86637;      -0.91866;3.44160;1
 -23.72219; 4.86970;      -0.90592;3.44161;1
 -23.75552; 4.87303;      -0.89353;3.44162;1
 -23.78886; 4.87637;      -0.88147;3.44162;1
 -23.82223; 4.87970;      -0.86969;3.44163;1
 -23.85559; 4.88303;      -0.85820;3.44163;1
 -23.88896; 4.88636;      -0.84689;3.44164;1
 -23.92237; 4.88970;      -0.83596;3.44165;1
 -23.95578; 4.89303;      -0.82529;3.44165;1
 -23.98920; 4.89636;      -0.81489;3.44166;1
 -24.02265; 4.89970;      -0.80474;3.44167;1
 -24.05610; 4.90303;      -0.79479;3.44167;1
 -24.08953; 4.90636;      -0.78513;3.44168;1
 -24.12301; 4.90970;      -0.77558;3.44168;1
 -24.15646; 4.91303;      -0.76623;3.44169;1
 -24.18992; 4.91636;      -0.75709;3.44170;1
 -24.22339; 4.91970;      -0.74820;3.44170;1
 -24.25687; 4.92303;      -0.73953;3.44171;1
 -24.29035; 4.92636;      -0.73104;3.44171;1
 -24.32386; 4.92970;      -0.72278;3.44172;1
 -24.35736; 4.93303;      -0.71470;3.44173;1
 -24.39090; 4.93636;      -0.70687;3.44173;1
 -24.42445; 4.93970;      -0.69910;3.44174;1
 -24.45802; 4.94303;      -0.69153;3.44174;1
 -24.49158; 4.94636;      -0.68410;3.44175;1
 -24.52512; 4.94969;      -0.67690;3.44176;1
 -24.55869; 4.95303;      -0.66989;3.44176;1
 -24.59225; 4.95636;      -0.66308;3.44177;1
 -24.62582; 4.95969;      -0.65653;3.44177;1
 -24.65936; 4.96303;      -0.65014;3.44178;1
 -24.69291; 4.96636;      -0.64391;3.44179;1
 -24.72648; 4.96969;      -0.63776;3.44179;1
 -24.76007; 4.97303;      -0.63177;3.44180;1
 -24.79364; 4.97636;      -0.62585;3.44180;1
 -24.82720; 4.97969;      -0.62013;3.44181;1
 -24.86077; 4.98303;      -0.61443;3.44181;1
 -24.89431; 4.98636;      -0.60878;3.44182;1
 -24.92782; 4.98969;      -0.60326;3.44183;1
 -24.96137; 4.99303;      -0.59792;3.44183;1
 -24.99491; 4.99636;      -0.59279;3.44184;1
 -25.02845; 4.99969;      -0.58763;3.44184;1
 -25.06196; 5.00302;      -0.58260;3.44185;1
 -25.09550; 5.00636;      -0.57780;3.44186;1
 -25.12902; 5.00969;      -0.57298;3.44186;1
 -25.16253; 5.01302;      -0.56826;3.44187;1
 -25.19605; 5.01636;      -0.56364;3.44187;1
 -25.22954; 5.01969;      -0.55906;3.44188;1
 -25.26302; 5.02302;      -0.55479;3.44188;1
 -25.29652; 5.02636;      -0.55054;3.44189;1
 -25.33001; 5.02969;      -0.54645;3.44190;1
 -25.36349; 5.03302;      -0.54242;3.44190;1
 -25.39697; 5.03636;      -0.53837;3.44191;1
 -25.43045; 5.03969;      -0.53438;3.44191;1
 -25.46392; 5.04302;      -0.53220;3.44192;1
 -25.49735; 5.04636;      -0.53710;3.44193;1
 -25.53081; 5.04969;      -0.54228;3.44193;1
 -25.56423; 5.05302;      -0.54467;3.44194;1
 -25.59767; 5.05635;      -0.54482;3.44194;1
 -25.63113; 5.05969;      -0.54316;3.44195;1
 -25.66454; 5.06302;      -0.54054;3.44195;1
 -25.69796; 5.06635;      -0.53737;3.44196;1
 -25.73136; 5.06969;      -0.53391;3.44197;1
 -25.76475; 5.07302;      -0.53032;3.44197;1
 -25.79814; 5.07635;      -0.52665;3.44198;1
 -25.83153; 5.07969;      -0.52306;3.44198;1
 -25.86491; 5.08302;      -0.51944;3.44199;1
 -25.89827; 5.08635;      -0.51593;3.44199;1
 -25.93164; 5.08969;      -0.51258;3.44200;1
 -25.96500; 5.09302;      -0.50919;3.44201;1
 -25.99839; 5.09635;      -0.50594;3.44201;1
 -26.03174; 5.09969;      -0.50278;3.44202;1
 -26.06506; 5.10302;      -0.49968;3.44202;1
 -26.09836; 5.10635;      -0.49666;3.44203;1
 -26.13167; 5.10968;      -0.49368;3.44203;1
 -26.16499; 5.11302;      -0.49077;3.44204;1
 -26.19833; 5.11635;      -0.48793;3.44204;1
 -26.23168; 5.11968;      -0.48515;3.44205;1
 -26.26497; 5.12302;      -0.48246;3.44206;1
 -26.29829; 5.12635;      -0.47985;3.44206;1
 -26.33161; 5.12968;      -0.47740;3.44207;1
 -26.36490; 5.13302;      -0.47490;3.44207;1
 -26.39822; 5.13635;      -0.47243;3.44208;1
 -26.43152; 5.13968;      -0.47001;3.44208;1
 -26.46480; 5.14302;      -0.46764;3.44209;1
 -26.49807; 5.14635;      -0.46524;3.44209;1
 -26.53134; 5.14968;      -0.46297;3.44210;1
 -26.56461; 5.15302;      -0.46077;3.44211;1
 -26.59789; 5.15635;      -0.45854;3.44211;1
 -26.63115; 5.15968;      -0.45634;3.44212;1
 -26.66442; 5.16301;      -0.45429;3.44212;1
 -26.69772; 5.16635;      -0.45219;3.44213;1
 -26.73099; 5.16968;      -0.45015;3.44213;1
 -26.76429; 5.17301;      -0.44816;3.44214;1
 -26.79756; 5.17635;      -0.44643;3.44214;1
 -26.83084; 5.17968;      -0.44461;3.44215;1
 -26.86412; 5.18301;      -0.44282;3.44215;1
 -26.89736; 5.18635;      -0.44108;3.44216;1
 -26.93064; 5.18968;      -0.43938;3.44217;1
 -26.96393; 5.19301;      -0.43781;3.44217;1
 -26.99716; 5.19635;      -0.43617;3.44218;1
 -27.03042; 5.19968;      -0.43449;3.44218;1
 -27.06371; 5.20301;      -0.43290;3.44219;1
 -27.09697; 5.20635;      -0.43133;3.44219;1
 -27.13023; 5.20968;      -0.42978;3.44220;1
 -27.16352; 5.21301;      -0.42823;3.44220;1
 -27.19685; 5.21634;      -0.42673;3.44221;1
 -27.23011; 5.21968;      -0.42537;3.44221;1
 -27.26339; 5.22301;      -0.42402;3.44222;1
 -27.29666; 5.22634;      -0.42272;3.44223;1
 -27.32993; 5.22968;      -0.42139;3.44223;1
 -27.36320; 5.23301;      -0.42002;3.44224;1
 -27.39649; 5.23634;      -0.41872;3.44224;1
 -27.42980; 5.23968;      -0.41750;3.44225;1
 -27.46309; 5.24301;      -0.41629;3.44225;1
 -27.49643; 5.24634;      -0.41508;3.44226;1
 -27.52976; 5.24968;      -0.41392;3.44226;1
 -27.56304; 5.25301;      -0.41280;3.44227;1
 -27.59635; 5.25634;      -0.41168;3.44227;1
 -27.62967; 5.25968;      -0.41063;3.44228;1
 -27.66300; 5.26301;      -0.40960;3.44228;1
 -27.69637; 5.26634;      -0.40854;3.44229;1
 -27.72975; 5.26967;      -0.40751;3.44229;1
 -27.76307; 5.27301;      -0.40647;3.44230;1
 -27.79644; 5.27634;      -0.40547;3.44231;1
 -27.82982; 5.27967;      -0.40455;3.44231;1
 -27.86319; 5.28301;      -0.40370;3.44232;1
 -27.89657; 5.28634;      -0.40282;3.44232;1
 -27.92997; 5.28967;      -0.40190;3.44233;1
 -27.96337; 5.29301;      -0.40096;3.44233;1
 -27.99676; 5.29634;      -0.40014;3.44234;1
 -28.03015; 5.29967;      -0.39932;3.44234;1
 -28.06357; 5.30301;      -0.39853;3.44235;1
 -28.09701; 5.30634;      -0.39777;3.44235;1
 -28.13048; 5.30967;      -0.39703;3.44236;1
 -28.16395; 5.31301;      -0.39630;3.44236;1
 -28.19739; 5.31634;      -0.39554;3.44237;1
 -28.23087; 5.31967;      -0.39484;3.44237;1
 -28.26432; 5.32300;      -0.39419;3.44238;1
 -28.29781; 5.32634;      -0.39349;3.44238;1
 -28.33130; 5.32967;      -0.39279;3.44239;1
 -28.36480; 5.33300;      -0.39210;3.44239;1
 -28.39836; 5.33634;      -0.39159;3.44240;1
 -28.43185; 5.33967;      -0.39102;3.44240;1
 -28.46540; 5.34300;      -0.39043;3.44241;1
 -28.49894; 5.34634;      -0.38988;3.44242;1
 -28.53249; 5.34967;      -0.38938;3.44242;1
 -28.56605; 5.35300;      -0.38881;3.44243;1
 -28.59961; 5.35634;      -0.38829;3.44243;1
 -28.63313; 5.35967;      -0.38777;3.44244;1
 -28.66670; 5.36300;      -0.38735;3.44244;1
 -28.70024; 5.36634;      -0.38692;3.44245;1
 -28.73379; 5.36967;      -0.38644;3.44245;1
 -28.76736; 5.37300;      -0.38602;3.44246;1
 -28.80092; 5.37633;      -0.38560;3.44246;1
 -28.83446; 5.37967;      -0.38516;3.44247;1
 -28.86806; 5.38300;      -0.38473;3.44247;1
 -28.90165; 5.38633;      -0.38431;3.44248;1
 -28.93524; 5.38967;      -0.38392;3.44248;1
 -28.96884; 5.39300;      -0.38361;3.44249;1
 -29.00243; 5.39633;      -0.38331;3.44249;1
 -29.03603; 5.39967;      -0.38299;3.44250;1
 -29.06964; 5.40300;      -0.38261;3.44250;1
 -29.10323; 5.40633;      -0.38221;3.44251;1
 -29.13684; 5.40967;      -0.38184;3.44251;1
 -29.17045; 5.41300;      -0.38148;3.44252;1
 -29.20404; 5.41633;      -0.38119;3.44252;1
 -29.23761; 5.41967;      -0.38097;3.44253;1
 -29.27124; 5.42300;      -0.38073;3.44253;1
 -29.30485; 5.42633;      -0.38042;3.44254;1
 -29.33846; 5.42966;      -0.38009;3.44254;1
 -29.37206; 5.43300;      -0.37981;3.44255;1
 -29.40567; 5.43633;      -0.37956;3.44255;1
 -29.43927; 5.43966;      -0.37929;3.44256;1
 -29.47286; 5.44300;      -0.37903;3.44256;1
 -29.50643; 5.44633;      -0.37879;3.44257;1
 -29.54003; 5.44966;      -0.37855;3.44257;1
 -29.57367; 5.45300;      -0.37830;3.44258;1
 -29.60729; 5.45633;      -0.37817;3.44258;1
 -29.64091; 5.45966;      -0.37795;3.44259;1
 -29.67447; 5.46300;      -0.37769;3.44259;1
 -29.70804; 5.46633;      -0.37745;3.44260;1
 -29.74160; 5.46966;      -0.37723;3.44260;1
 -29.77515; 5.47300;      -0.37698;3.44261;1
 -29.80876; 5.47633;      -0.37686;3.44261;1
 -29.84233; 5.47966;      -0.37669;3.44262;1
 -29.87590; 5.48299;      -0.37643;3.44262;1
 -29.90949; 5.48633;      -0.37618;3.44263;1
 -29.94306; 5.48966;      -0.37590;3.44263;1
 -29.97665; 5.49299;      -0.37567;3.44264;1
 -30.01021; 5.49633;      -0.37543;3.44264;1
 -30.04378; 5.49966;      -0.37518;3.44265;1
 -30.07732; 5.50299;      -0.37494;3.44265;1
 -30.11084; 5.50633;      -0.37470;3.44266;1
 -30.14435; 5.50966;      -0.37448;3.44266;1
 -30.17786; 5.51299;      -0.37428;3.44267;1
 -30.21133; 5.51633;      -0.37408;3.44267;1
 -30.24481; 5.51966;      -0.37388;3.44268;1
 -30.27825; 5.52299;      -0.37376;3.44268;1
 -30.31169; 5.52633;      -0.37363;3.44268;1
 -30.34515; 5.52966;      -0.37343;3.44269;1
 -30.37859; 5.53299;      -0.37323;3.44269;1
 -30.41203; 5.53632;      -0.37303;3.44270;1
 -30.44541; 5.53966;      -0.37281;3.44270;1
 -30.47880; 5.54299;      -0.37261;3.44271;1
 -30.51218; 5.54632;      -0.37241;3.44271;1
 -30.54555; 5.54966;      -0.37221;3.44272;1
 -30.57891; 5.55299;      -0.37201;3.44272;1
 -30.61227; 5.55632;      -0.37181;3.44273;1
 -30.64566; 5.55966;      -0.37160;3.44273;1
 -30.67907; 5.56299;      -0.37139;3.44274;1
 -30.71242; 5.56632;      -0.37118;3.44274;1
 -30.74577; 5.56966;      -0.37097;3.44275;1
 -30.77912; 5.57299;      -0.37072;3.44275;1
 -30.81243; 5.57632;      -0.37051;3.44276;1
 -30.84575; 5.57966;      -0.37028;3.44276;1
 -30.87910; 5.58299;      -0.37007;3.44277;1
 -30.91235; 5.58632;      -0.36987;3.44277;1
 -30.94562; 5.58965;      -0.36969;3.44278;1
 -30.97888; 5.59299;      -0.36948;3.44278;1
 -31.01213; 5.59632;      -0.36923;3.44278;1
 -31.04538; 5.59965;      -0.36903;3.44279;1
 -31.07866; 5.60299;      -0.36879;3.44279;1
 -31.11189; 5.60632;      -0.36853;3.44280;1
 -31.14514; 5.60965;      -0.36831;3.44280;1
 -31.17837; 5.61299;      -0.36810;3.44281;1
 -31.21155; 5.61632;      -0.36789;3.44281;1
 -31.24475; 5.61965;      -0.36771;3.44282;1
 -31.27800; 5.62299;      -0.36748;3.44282;1
 -31.31121; 5.62632;      -0.36725;3.44283;1
 -31.34442; 5.62965;      -0.36702;3.44283;1
 -31.37763; 5.63299;      -0.36682;3.44283;1
 -31.41085; 5.63632;      -0.36661;3.44284;1
 -31.44404; 5.63965;      -0.36641;3.44284;1
 -31.47723; 5.64298;      -0.36620;3.44285;1
 -31.51044; 5.64632;      -0.36602;3.44285;1
 -31.54367; 5.64965;      -0.36583;3.44286;1
 -31.57687; 5.65298;      -0.36566;3.44286;1
 -31.61003; 5.65632;      -0.36547;3.44287;1
 -31.64319; 5.65965;      -0.36526;3.44287;1
 -31.67639; 5.66298;      -0.36506;3.44288;1
 -31.70960; 5.66632;      -0.36485;3.44288;1
 -31.74279; 5.66965;      -0.36461;3.44288;1
 -31.77597; 5.67298;      -0.36444;3.44289;1
 -31.80915; 5.67632;      -0.36426;3.44289;1
 -31.84234; 5.67965;      -0.36418;3.44290;1
 -31.87552; 5.68298;      -0.36409;3.44290;1
 -31.90872; 5.68632;      -0.36394;3.44291;1
 -31.94193; 5.68965;      -0.36370;3.44291;1
 -31.97509; 5.69298;      -0.36349;3.44292;1
 -32.00825; 5.69631;      -0.36329;3.44292;1
 -32.04145; 5.69965;      -0.36309;3.44292;1
 -32.07463; 5.70298;      -0.36291;3.44293;1
 -32.10782; 5.70631;      -0.36272;3.44293;1
 -32.14104; 5.70965;      -0.36254;3.44294;1
 -32.17426; 5.71298;      -0.36249;3.44294;1
 -32.20747; 5.71631;      -0.36241;3.44295;1
 -32.24069; 5.71965;      -0.36226;3.44295;1
 -32.27394; 5.72298;      -0.36209;3.44296;1
 -32.30716; 5.72631;      -0.36189;3.44296;1
 -32.34042; 5.72965;      -0.36168;3.44296;1
 -32.37368; 5.73298;      -0.36148;3.44297;1
 -32.40693; 5.73631;      -0.36136;3.44297;1
 -32.44017; 5.73965;      -0.36126;3.44298;1
 -32.47344; 5.74298;      -0.36116;3.44298;1
 -32.50675; 5.74631;      -0.36103;3.44299;1
 -32.54003; 5.74965;      -0.36092;3.44299;1
 -32.57334; 5.75298;      -0.36077;3.44299;1
 -32.60663; 5.75631;      -0.36064;3.44300;1
 -32.63995; 5.75964;      -0.36054;3.44300;1
 -32.67324; 5.76298;      -0.36044;3.44301;1
 -32.70652; 5.76631;      -0.36034;3.44301;1
 -32.73988; 5.76964;      -0.36023;3.44302;1
 -32.77321; 5.77298;      -0.36014;3.44302;1
 -32.80653; 5.77631;      -0.36007;3.44302;1
 -32.83989; 5.77964;      -0.36000;3.44303;1
 -32.87322; 5.78298;      -0.35993;3.44303;1
 -32.90655; 5.78631;      -0.35981;3.44304;1
 -32.93994; 5.78964;      -0.35972;3.44304;1
 -32.97334; 5.79298;      -0.35964;3.44305;1
 -33.00673; 5.79631;      -0.35958;3.44305;1
 -33.04012; 5.79964;      -0.35952;3.44305;1
 -33.07351; 5.80298;      -0.35945;3.44306;1
 -33.10687; 5.80631;      -0.35938;3.44306;1
 -33.14026; 5.80964;      -0.35930;3.44307;1
 -33.17362; 5.81297;      -0.35926;3.44307;1
 -33.20701; 5.81631;      -0.35922;3.44308;1
 -33.24046; 5.81964;      -0.35921;3.44308;1
 -33.27391; 5.82297;      -0.35923;3.44308;1
 -33.30727; 5.82631;      -0.35920;3.44309;1
 -33.34066; 5.82964;      -0.35915;3.44309;1
 -33.37406; 5.83297;      -0.35907;3.44310;1
 -33.40749; 5.83631;      -0.35902;3.44310;1
 -33.44091; 5.83964;      -0.35895;3.44311;1
 -33.47436; 5.84297;      -0.35887;3.44311;1
 -33.50779; 5.84631;      -0.35884;3.44311;1
 -33.54120; 5.84964;      -0.35886;3.44312;1
 -33.57461; 5.85297;      -0.35892;3.44312;1
 -33.60800; 5.85631;      -0.35889;3.44313;1
 -33.64142; 5.85964;      -0.35883;3.44313;1
 -33.67488; 5.86297;      -0.35877;3.44313;1
 -33.70830; 5.86630;      -0.35867;3.44314;1
 -33.74174; 5.86964;      -0.35862;3.44314;1
 -33.77517; 5.87297;      -0.35862;3.44315;1
 -33.80856; 5.87630;      -0.35859;3.44315;1
 -33.84200; 5.87964;      -0.35858;3.44316;1
 -33.87539; 5.88297;      -0.35855;3.44316;1
 -33.90881; 5.88630;      -0.35853;3.44316;1
 -33.94223; 5.88964;      -0.35849;3.44317;1
 -33.97560; 5.89297;      -0.35844;3.44317;1
 -34.00904; 5.89630;      -0.35835;3.44318;1
 -34.04245; 5.89964;      -0.35829;3.44318;1
 -34.07584; 5.90297;      -0.35823;3.44318;1
 -34.10923; 5.90630;      -0.35822;3.44319;1
 -34.14265; 5.90964;      -0.35819;3.44319;1
 -34.17606; 5.91297;      -0.35813;3.44320;1
 -34.20949; 5.91630;      -0.35809;3.44320;1
 -34.24289; 5.91963;      -0.35802;3.44320;1
 -34.27632; 5.92297;      -0.35794;3.44321;1
 -34.30973; 5.92630;      -0.35785;3.44321;1
 -34.34315; 5.92963;      -0.35778;3.44322;1
 -34.37657; 5.93297;      -0.35772;3.44322;1
 -34.40997; 5.93630;      -0.35767;3.44322;1
 -34.44339; 5.93963;      -0.35766;3.44323;1
 -34.47683; 5.94297;      -0.35764;3.44323;1
 -34.51023; 5.94630;      -0.35773;3.44324;1
 -34.54361; 5.94963;      -0.35774;3.44324;1
 -34.57705; 5.95297;      -0.35768;3.44324;1
 -34.61049; 5.95630;      -0.35755;3.44325;1
 -34.64392; 5.95963;      -0.35747;3.44325;1
 -34.67733; 5.96297;      -0.35741;3.44326;1
 -34.71075; 5.96630;      -0.35738;3.44326;1
 -34.74418; 5.96963;      -0.35736;3.44326;1
 -34.77754; 5.97296;      -0.35730;3.44327;1
 -34.81091; 5.97630;      -0.35727;3.44327;1
 -34.84429; 5.97963;      -0.35723;3.44328;1
 -34.87765; 5.98296;      -0.35717;3.44328;1
 -34.91100; 5.98630;      -0.35712;3.44328;1
 -34.94440; 5.98963;      -0.35710;3.44329;1
 -34.97776; 5.99296;      -0.35703;3.44329;1
 -35.01113; 5.99630;      -0.35695;3.44329;1
 -35.04450; 5.99963;      -0.35692;3.44330;1
 -35.07789; 6.00296;      -0.35688;3.44330;1
 -35.11127; 6.00630;      -0.35682;3.44331;1
 -35.14466; 6.00963;      -0.35678;3.44331;1
 -35.17804; 6.01296;      -0.35675;3.44331;1
 -35.21143; 6.01630;      -0.35671;3.44332;1
 -35.24482; 6.01963;      -0.35663;3.44332;1
 -35.27817; 6.02296;      -0.35655;3.44333;1
 -35.31150; 6.02629;      -0.35648;3.44333;1
 -35.34491; 6.02963;      -0.35643;3.44333;1
 -35.37827; 6.03296;      -0.35644;3.44334;1
 -35.41165; 6.03629;      -0.35647;3.44334;1
 -35.44499; 6.03963;      -0.35646;3.44334;1
 -35.47832; 6.04296;      -0.35645;3.44335;1
 -35.51166; 6.04629;      -0.35637;3.44335;1
 -35.54500; 6.04963;      -0.35626;3.44336;1
 -35.57835; 6.05296;      -0.35612;3.44336;1
 -35.61166; 6.05629;      -0.35604;3.44336;1
 -35.64497; 6.05963;      -0.35602;3.44337;1
 -35.67826; 6.06296;      -0.35595;3.44337;1
 -35.71154; 6.06629;      -0.35588;3.44337;1
 -35.74482; 6.06963;      -0.35577;3.44338;1
 -35.77808; 6.07296;      -0.35566;3.44338;1
 -35.81138; 6.07629;      -0.35556;3.44339;1
 -35.84472; 6.07962;      -0.35549;3.44339;1
 -35.87803; 6.08296;      -0.35542;3.44339;1
 -35.91137; 6.08629;      -0.35536;3.44340;1
 -35.94469; 6.08962;      -0.35527;3.44340;1
 -35.97799; 6.09296;      -0.35520;3.44340;1
 -36.01131; 6.09629;      -0.35513;3.44341;1
 -36.04460; 6.09962;      -0.35508;3.44341;1
 -36.07791; 6.10296;      -0.35505;3.44341;1
 -36.11122; 6.10629;      -0.35502;3.44342;1
 -36.14454; 6.10962;      -0.35496;3.44342;1
 -36.17785; 6.11296;      -0.35488;3.44343;1
 -36.21112; 6.11629;      -0.35480;3.44343;1
 -36.24438; 6.11962;      -0.35468;3.44343;1
 -36.27764; 6.12296;      -0.35453;3.44344;1
 -36.31091; 6.12629;      -0.35442;3.44344;1
 -36.34419; 6.12962;      -0.35439;3.44344;1
 -36.37747; 6.13295;      -0.35436;3.44345;1
 -36.41073; 6.13629;      -0.35431;3.44345;1
 -36.44397; 6.13962;      -0.35424;3.44345;1
 -36.47719; 6.14295;      -0.35421;3.44346;1
 -36.51037; 6.14629;      -0.35413;3.44346;1
 -36.54356; 6.14962;      -0.35405;3.44347;1
 -36.57676; 6.15295;      -0.35398;3.44347;1
 -36.60991; 6.15629;      -0.35391;3.44347;1
 -36.64305; 6.15962;      -0.35380;3.44348;1
 -36.67620; 6.16295;      -0.35369;3.44348;1
 -36.70933; 6.16629;      -0.35360;3.44348;1
 -36.74243; 6.16962;      -0.35347;3.44349;1
 -36.77553; 6.17295;      -0.35335;3.44349;1
 -36.80864; 6.17629;      -0.35325;3.44349;1
 -36.84175; 6.17962;      -0.35314;3.44350;1
 -36.87485; 6.18295;      -0.35306;3.44350;1
 -36.90794; 6.18628;      -0.35299;3.44350;1
 -36.94109; 6.18962;      -0.35288;3.44351;1
 -36.97416; 6.19295;      -0.35278;3.44351;1
 -37.00724; 6.19628;      -0.35269;3.44351;1
 -37.04032; 6.19962;      -0.35259;3.44352;1
 -37.07338; 6.20295;      -0.35249;3.44352;1
 -37.10646; 6.20628;      -0.35242;3.44352;1
 -37.13952; 6.20962;      -0.35234;3.44353;1
 -37.17260; 6.21295;      -0.35226;3.44353;1
 -37.20567; 6.21628;      -0.35215;3.44353;1
 -37.23872; 6.21962;      -0.35207;3.44354;1
 -37.27175; 6.22295;      -0.35199;3.44354;1
 -37.30480; 6.22628;      -0.35195;3.44354;1
 -37.33783; 6.22962;      -0.35195;3.44355;1
 -37.37086; 6.23295;      -0.35192;3.44355;1
 -37.40389; 6.23628;      -0.35190;3.44355;1
 -37.43691; 6.23961;      -0.35183;3.44356;1
 -37.46990; 6.24295;      -0.35176;3.44356;1
 -37.50292; 6.24628;      -0.35165;3.44357;1
 -37.53592; 6.24961;      -0.35153;3.44357;1
 -37.56895; 6.25295;      -0.35143;3.44357;1
 -37.60195; 6.25628;      -0.35132;3.44357;1
 -37.63499; 6.25961;      -0.35121;3.44358;1
 -37.66804; 6.26295;      -0.35121;3.44358;1
 -37.70108; 6.26628;      -0.35120;3.44358;1
 -37.73415; 6.26961;      -0.35117;3.44359;1
 -37.76718; 6.27295;      -0.35107;3.44359;1
 -37.80021; 6.27628;      -0.35103;3.44359;1
 -37.83324; 6.27961;      -0.35099;3.44360;1
 -37.86627; 6.28295;      -0.35091;3.44360;1
 -37.89932; 6.28628;      -0.35076;3.44360;1
 -37.93237; 6.28961;      -0.35060;3.44361;1
 -37.96538; 6.29294;      -0.35047;3.44361;1
 -37.99842; 6.29628;      -0.35038;3.44361;1
 -38.03146; 6.29961;      -0.35029;3.44362;1
 -38.06450; 6.30294;      -0.35019;3.44362;1
 -38.09758; 6.30628;      -0.35012;3.44362;1
 -38.13064; 6.30961;      -0.35005;3.44363;1
 -38.16371; 6.31294;      -0.34995;3.44363;1
 -38.19674; 6.31628;      -0.34984;3.44363;1
 -38.22984; 6.31961;      -0.34971;3.44364;1
 -38.26296; 6.32294;      -0.34962;3.44364;1
 -38.29606; 6.32628;      -0.34953;3.44364;1
 -38.32914; 6.32961;      -0.34944;3.44365;1
 -38.36222; 6.33294;      -0.34936;3.44365;1
 -38.39531; 6.33628;      -0.34932;3.44365;1
 -38.42839; 6.33961;      -0.34930;3.44366;1
 -38.46153; 6.34294;      -0.34923;3.44366;1
 -38.49469; 6.34627;      -0.34914;3.44366;1
 -38.52787; 6.34961;      -0.34904;3.44367;1
 -38.56106; 6.35294;      -0.34897;3.44367;1
 -38.59426; 6.35627;      -0.34890;3.44367;1
 -38.62744; 6.35961;      -0.34884;3.44367;1
 -38.66064; 6.36294;      -0.34876;3.44368;1
 -38.69390; 6.36627;      -0.34868;3.44368;1
 -38.72717; 6.36961;      -0.34865;3.44368;1
 -38.76043; 6.37294;      -0.34859;3.44369;1
 -38.79371; 6.37627;      -0.34855;3.44369;1
 -38.82700; 6.37961;      -0.34854;3.44369;1
 -38.86029; 6.38294;      -0.34854;3.44370;1
 -38.89361; 6.38627;      -0.34852;3.44370;1
 -38.92694; 6.38961;      -0.34850;3.44370;1
 -38.96025; 6.39294;      -0.34848;3.44371;1
 -38.99362; 6.39627;      -0.34850;3.44371;1
 -39.02698; 6.39960;      -0.34850;3.44371;1
 -39.06032; 6.40294;      -0.34850;3.44372;1
 -39.09373; 6.40627;      -0.34850;3.44372;1
 -39.12710; 6.40960;      -0.34850;3.44372;1
 -39.16049; 6.41294;      -0.34850;3.44372;1
 -39.19386; 6.41627;      -0.34851;3.44373;1
 -39.22724; 6.41960;      -0.34852;3.44373;1
 -39.26069; 6.42294;      -0.34856;3.44373;1
 -39.29413; 6.42627;      -0.34869;3.44374;1
 -39.32759; 6.42960;      -0.34884;3.44374;1
 -39.36105; 6.43294;      -0.34892;3.44374;1
 -39.39450; 6.43627;      -0.34896;3.44375;1
 -39.42799; 6.43960;      -0.34900;3.44375;1
 -39.46149; 6.44294;      -0.34903;3.44375;1
 -39.49498; 6.44627;      -0.34904;3.44375;1
 -39.52850; 6.44960;      -0.34904;3.44376;1
 -39.56201; 6.45293;      -0.34904;3.44376;1
 -39.59551; 6.45627;      -0.34904;3.44376;1
 -39.62907; 6.45960;      -0.34902;3.44377;1
 -39.66259; 6.46293;      -0.34898;3.44377;1
 -39.69612; 6.46627;      -0.34896;3.44377;1
 -39.72964; 6.46960;      -0.34899;3.44378;1
 -39.76317; 6.47293;      -0.34900;3.44378;1
 -39.79674; 6.47627;      -0.34902;3.44378;1
 -39.83033; 6.47960;      -0.34901;3.44378;1
 -39.86390; 6.48293;      -0.34899;3.44379;1
 -39.89747; 6.48627;      -0.34898;3.44379;1
 -39.93103; 6.48960;      -0.34895;3.44379;1
 -39.96456; 6.49293;      -0.34887;3.44380;1
 -39.99814; 6.49627;      -0.34881;3.44380;1
 -40.03170; 6.49960;      -0.34883;3.44380;1
 -40.06528; 6.50293;      -0.34886;3.44380;1
 -40.09887; 6.50626;      -0.34886;3.44381;1
 -40.13243; 6.50960;      -0.34885;3.44381;1
 -40.16601; 6.51293;      -0.34885;3.44381;1
 -40.19960; 6.51626;      -0.34883;3.44382;1
 -40.23322; 6.51960;      -0.34882;3.44382;1
 -40.26681; 6.52293;      -0.34882;3.44382;1
 -40.30038; 6.52626;      -0.34878;3.44382;1
 -40.33400; 6.52960;      -0.34876;3.44383;1
 -40.36758; 6.53293;      -0.34874;3.44383;1
 -40.40118; 6.53626;      -0.34877;3.44383;1
 -40.43477; 6.53960;      -0.34875;3.44384;1
 -40.46837; 6.54293;      -0.34870;3.44384;1
 -40.50196; 6.54626;      -0.34868;3.44384;1
 -40.53556; 6.54960;      -0.34863;3.44384;1
 -40.56915; 6.55293;      -0.34863;3.44385;1
 -40.60273; 6.55626;      -0.34863;3.44385;1
 -40.63630; 6.55960;      -0.34856;3.44385;1
 -40.66990; 6.56293;      -0.34844;3.44386;1
 -40.70346; 6.56626;      -0.34836;3.44386;1
 -40.73699; 6.56959;      -0.34832;3.44386;1
 -40.77051; 6.57293;      -0.34826;3.44386;1
 -40.80404; 6.57626;      -0.34822;3.44387;1
 -40.83761; 6.57959;      -0.34812;3.44387;1
 -40.87117; 6.58293;      -0.34806;3.44387;1
 -40.90474; 6.58626;      -0.34801;3.44387;1
 -40.93831; 6.58959;      -0.34799;3.44388;1
 -40.97185; 6.59293;      -0.34802;3.44388;1
 -41.00541; 6.59626;      -0.34805;3.44388;1
 -41.03892; 6.59959;      -0.34805;3.44388;1
 -41.07245; 6.60293;      -0.34804;3.44389;1
 -41.10598; 6.60626;      -0.34804;3.44389;1
 -41.13949; 6.60959;      -0.34794;3.44389;1
 -41.17301; 6.61293;      -0.34787;3.44390;1
 -41.20652; 6.61626;      -0.34780;3.44390;1
 -41.24005; 6.61959;      -0.34774;3.44390;1
 -41.27362; 6.62292;      -0.34772;3.44390;1
 -41.30709; 6.62626;      -0.34768;3.44391;1
 -41.34058; 6.62959;      -0.34763;3.44391;1
 -41.37406; 6.63292;      -0.34756;3.44391;1
 -41.40757; 6.63626;      -0.34755;3.44391;1
 -41.44103; 6.63959;      -0.34756;3.44392;1
 -41.47448; 6.64292;      -0.34753;3.44392;1
 -41.50793; 6.64626;      -0.34747;3.44392;1
 -41.54142; 6.64959;      -0.34745;3.44392;1
 -41.57488; 6.65292;      -0.34744;3.44393;1
 -41.60835; 6.65626;      -0.34743;3.44393;1
 -41.64180; 6.65959;      -0.34742;3.44393;1
 -41.67520; 6.66292;      -0.34736;3.44393;1
 -41.70864; 6.66626;      -0.34730;3.44394;1
 -41.74210; 6.66959;      -0.34724;3.44394;1
 -41.77556; 6.67292;      -0.34716;3.44394;1
 -41.80897; 6.67625;      -0.34710;3.44395;1
 -41.84239; 6.67959;      -0.34704;3.44395;1
 -41.87585; 6.68292;      -0.34698;3.44395;1
 -41.90924; 6.68625;      -0.34691;3.44395;1
 -41.94265; 6.68959;      -0.34684;3.44396;1
 -41.97602; 6.69292;      -0.34671;3.44396;1
 -42.00943; 6.69625;      -0.34657;3.44396;1
 -42.04278; 6.69959;      -0.34652;3.44396;1
 -42.07617; 6.70292;      -0.34644;3.44397;1
 -42.10953; 6.70625;      -0.34634;3.44397;1
 -42.14289; 6.70959;      -0.34625;3.44397;1
 -42.17625; 6.71292;      -0.34618;3.44397;1
 -42.20958; 6.71625;      -0.34616;3.44398;1
 -42.24290; 6.71959;      -0.34617;3.44398;1
 -42.27623; 6.72292;      -0.34620;3.44398;1
 -42.30954; 6.72625;      -0.34621;3.44398;1
 -42.34285; 6.72958;      -0.34610;3.44398;1
 -42.37613; 6.73292;      -0.34598;3.44399;1
 -42.40946; 6.73625;      -0.34588;3.44399;1
 -42.44275; 6.73958;      -0.34578;3.44399;1
 -42.47604; 6.74292;      -0.34568;3.44399;1
 -42.50932; 6.74625;      -0.34561;3.44400;1
 -42.54258; 6.74958;      -0.34553;3.44400;1
 -42.57583; 6.75292;      -0.34549;3.44400;1
 -42.60905; 6.75625;      -0.34545;3.44400;1
 -42.64231; 6.75958;      -0.34537;3.44401;1
 -42.67556; 6.76292;      -0.34528;3.44401;1
 -42.70879; 6.76625;      -0.34519;3.44401;1
 -42.74200; 6.76958;      -0.34512;3.44401;1
 -42.77527; 6.77292;      -0.34500;3.44402;1
 -42.80854; 6.77625;      -0.34490;3.44402;1
 -42.84184; 6.77958;      -0.34483;3.44402;1
 -42.87509; 6.78291;      -0.34477;3.44402;1
 -42.90834; 6.78625;      -0.34469;3.44402;1
 -42.94160; 6.78958;      -0.34459;3.44403;1
 -42.97486; 6.79291;      -0.34449;3.44403;1
 -43.00814; 6.79625;      -0.34442;3.44403;1
 -43.04140; 6.79958;      -0.34434;3.44403;1
 -43.07468; 6.80291;      -0.34427;3.44404;1
 -43.10794; 6.80625;      -0.34418;3.44404;1
 -43.14121; 6.80958;      -0.34408;3.44404;1
 -43.17448; 6.81291;      -0.34395;3.44404;1
 -43.20772; 6.81625;      -0.34382;3.44405;1
 -43.24102; 6.81958;      -0.34369;3.44405;1
 -43.27429; 6.82291;      -0.34358;3.44405;1
 -43.30753; 6.82625;      -0.34348;3.44405;1
 -43.34083; 6.82958;      -0.34335;3.44405;1
 -43.37413; 6.83291;      -0.34323;3.44406;1
 -43.40741; 6.83624;      -0.34364;3.44406;1
 -43.44067; 6.83958;      -0.34549;3.44406;1
 -43.47395; 6.84291;      -0.34780;3.44406;1
 -43.50722; 6.84624;      -0.34975;3.44406;1
 -43.54051; 6.84958;      -0.35093;3.44407;1
 -43.57382; 6.85291;      -0.35152;3.44407;1
 -43.60712; 6.85624;      -0.35177;3.44407;1
 -43.64042; 6.85958;      -0.35192;3.44407;1
 -43.67373; 6.86291;      -0.35183;3.44408;1
 -43.70704; 6.86624;      -0.35166;3.44408;1
 -43.74035; 6.86958;      -0.35158;3.44408;1
 -43.77363; 6.87291;      -0.35136;3.44408;1
 -43.80692; 6.87624;      -0.35120;3.44408;1
 -43.84023; 6.87958;      -0.35112;3.44409;1
 -43.87352; 6.88291;      -0.35099;3.44409;1
 -43.90676; 6.88624;      -0.35085;3.44409;1
 -43.94007; 6.88957;      -0.35064;3.44409;1
 -43.97339; 6.89291;      -0.35035;3.44409;1
 -44.00671; 6.89624;      -0.35014;3.44410;1
 -44.04003; 6.89957;      -0.34995;3.44410;1
 -44.07341; 6.90291;      -0.34970;3.44410;1
 -44.10671; 6.90624;      -0.34950;3.44410;1
 -44.14006; 6.90957;      -0.34944;3.44411;1
 -44.17338; 6.91291;      -0.34936;3.44411;1
 -44.20670; 6.91624;      -0.34920;3.44411;1
 -44.24005; 6.91957;      -0.34900;3.44411;1
 -44.27340; 6.92291;      -0.34879;3.44411;1
 -44.30677; 6.92624;      -0.34865;3.44412;1
 -44.34013; 6.92957;      -0.34851;3.44412;1
 -44.37346; 6.93291;      -0.34835;3.44412;1
 -44.40681; 6.93624;      -0.34818;3.44412;1
 -44.44015; 6.93957;      -0.34802;3.44412;1
 -44.47354; 6.94290;      -0.34791;3.44413;1
 -44.50689; 6.94624;      -0.34783;3.44413;1
 -44.54026; 6.94957;      -0.34770;3.44413;1
 -44.57367; 6.95290;      -0.34757;3.44413;1
 -44.60706; 6.95624;      -0.34745;3.44413;1
 -44.64045; 6.95957;      -0.34740;3.44414;1
 -44.67381; 6.96290;      -0.34732;3.44414;1
 -44.70721; 6.96624;      -0.34723;3.44414;1
 -44.74061; 6.96957;      -0.34699;3.44414;1
 -44.77400; 6.97290;      -0.34679;3.44414;1
 -44.80736; 6.97624;      -0.34663;3.44415;1
 -44.84072; 6.97957;      -0.34650;3.44415;1
 -44.87406; 6.98290;      -0.34639;3.44415;1
 -44.90744; 6.98624;      -0.34637;3.44415;1
 -44.94078; 6.98957;      -0.34635;3.44415;1
 -44.97414; 6.99290;      -0.34626;3.44415;1
 -45.00750; 6.99623;      -0.34619;3.44416;1
 -45.04086; 6.99957;      -0.34603;3.44416;1
 -45.07420; 7.00290;      -0.34586;3.44416;1
 -45.10755; 7.00623;      -0.34571;3.44416;1
 -45.14093; 7.00957;      -0.34561;3.44416;1
 -45.17429; 7.01290;      -0.34549;3.44417;1
 -45.20765; 7.01623;      -0.34538;3.44417;1
 -45.24101; 7.01957;      -0.34528;3.44417;1
 -45.27432; 7.02290;      -0.34519;3.44417;1
 -45.30767; 7.02623;      -0.34508;3.44417;1
 -45.34101; 7.02957;      -0.34498;3.44418;1
 -45.37430; 7.03290;      -0.34488;3.44418;1
 -45.40761; 7.03623;      -0.34476;3.44418;1
 -45.44092; 7.03957;      -0.34467;3.44418;1
 -45.47427; 7.04290;      -0.34464;3.44418;1
 -45.50760; 7.04623;      -0.34456;3.44418;1
 -45.54094; 7.04956;      -0.34442;3.44419;1
 -45.57424; 7.05290;      -0.34430;3.44419;1
 -45.60755; 7.05623;      -0.34426;3.44419;1
 -45.64086; 7.05956;      -0.34427;3.44419;1
 -45.67414; 7.06290;      -0.34414;3.44419;1
 -45.70744; 7.06623;      -0.34403;3.44419;1
 -45.74075; 7.06956;      -0.34391;3.44420;1
 -45.77405; 7.07290;      -0.34379;3.44420;1
 -45.80737; 7.07623;      -0.34367;3.44420;1
 -45.84068; 7.07956;      -0.34350;3.44420;1
 -45.87399; 7.08290;      -0.34331;3.44420;1
 -45.90731; 7.08623;      -0.34317;3.44421;1
 -45.94063; 7.08956;      -0.34309;3.44421;1
 -45.97394; 7.09290;      -0.34305;3.44421;1
 -46.00724; 7.09623;      -0.34299;3.44421;1
 -46.04055; 7.09956;      -0.34289;3.44421;1
 -46.07385; 7.10289;      -0.34277;3.44421;1
 -46.10713; 7.10623;      -0.34265;3.44422;1
 -46.14042; 7.10956;      -0.34251;3.44422;1
 -46.17367; 7.11289;      -0.34233;3.44422;1
 -46.20697; 7.11623;      -0.34223;3.44422;1
 -46.24028; 7.11956;      -0.34214;3.44422;1
 -46.27358; 7.12289;      -0.34206;3.44422;1
 -46.30686; 7.12623;      -0.34196;3.44423;1
 -46.34010; 7.12956;      -0.34184;3.44423;1
 -46.37334; 7.13289;      -0.34173;3.44423;1
 -46.40666; 7.13623;      -0.34162;3.44423;1
 -46.43994; 7.13956;      -0.34149;3.44423;1
 -46.47324; 7.14289;      -0.34140;3.44423;1
 -46.50648; 7.14623;      -0.34129;3.44423;1
 -46.53976; 7.14956;      -0.34117;3.44424;1
 -46.57302; 7.15289;      -0.34106;3.44424;1
 -46.60626; 7.15622;      -0.34094;3.44424;1
 -46.63952; 7.15956;      -0.34085;3.44424;1
 -46.67280; 7.16289;      -0.34077;3.44424;1
 -46.70609; 7.16622;      -0.34067;3.44424;1
 -46.73934; 7.16956;      -0.34050;3.44425;1
 -46.77258; 7.17289;      -0.34043;3.44425;1
 -46.80585; 7.17622;      -0.34043;3.44425;1
 -46.83913; 7.17956;      -0.34042;3.44425;1
 -46.87241; 7.18289;      -0.34037;3.44425;1
 -46.90569; 7.18622;      -0.34033;3.44425;1
 -46.93896; 7.18956;      -0.34024;3.44426;1
 -46.97224; 7.19289;      -0.34010;3.44426;1
 -47.00552; 7.19622;      -0.33997;3.44426;1
 -47.03876; 7.19956;      -0.33985;3.44426;1
 -47.07202; 7.20289;      -0.33977;3.44426;1
 -47.10530; 7.20622;      -0.33967;3.44426;1
 -47.13853; 7.20955;      -0.33957;3.44426;1
 -47.17176; 7.21289;      -0.33945;3.44427;1
 -47.20499; 7.21622;      -0.33936;3.44427;1
 -47.23821; 7.21955;      -0.33928;3.44427;1
 -47.27148; 7.22289;      -0.33919;3.44427;1
 -47.30476; 7.22622;      -0.33914;3.44427;1
 -47.33802; 7.22955;      -0.33914;3.44427;1
 -47.37129; 7.23289;      -0.33911;3.44427;1
 -47.40462; 7.23622;      -0.33894;3.44428;1
 -47.43791; 7.23955;      -0.33886;3.44428;1
 -47.47121; 7.24289;      -0.33879;3.44428;1
 -47.50451; 7.24622;      -0.33871;3.44428;1
 -47.53785; 7.24955;      -0.33862;3.44428;1
 -47.57118; 7.25289;      -0.33857;3.44428;1
 -47.60449; 7.25622;      -0.33854;3.44428;1
 -47.63778; 7.25955;      -0.33848;3.44429;1
 -47.67111; 7.26288;      -0.33839;3.44429;1
 -47.70445; 7.26622;      -0.33832;3.44429;1
 -47.73779; 7.26955;      -0.33824;3.44429;1
 -47.77113; 7.27288;      -0.33821;3.44429;1
 -47.80448; 7.27622;      -0.33823;3.44429;1
 -47.83777; 7.27955;      -0.33820;3.44429;1
 -47.87108; 7.28288;      -0.33816;3.44429;1
 -47.90442; 7.28622;      -0.33809;3.44430;1
 -47.93773; 7.28955;      -0.33802;3.44430;1
 -47.97110; 7.29288;      -0.33796;3.44430;1
 -48.00443; 7.29622;      -0.33790;3.44430;1
 -48.03778; 7.29955;      -0.33786;3.44430;1
 -48.07116; 7.30288;      -0.33781;3.44430;1
 -48.10450; 7.30622;      -0.33779;3.44430;1
 -48.13786; 7.30955;      -0.33777;3.44430;1
 -48.17126; 7.31288;      -0.33775;3.44431;1
 -48.20464; 7.31621;      -0.33775;3.44431;1
 -48.23805; 7.31955;      -0.33776;3.44431;1
 -48.27143; 7.32288;      -0.33774;3.44431;1
 -48.30480; 7.32621;      -0.33770;3.44431;1
 -48.33819; 7.32955;      -0.33767;3.44431;1
 -48.37156; 7.33288;      -0.33764;3.44431;1
 -48.40497; 7.33621;      -0.33761;3.44431;1
 -48.43833; 7.33955;      -0.33758;3.44432;1
 -48.47172; 7.34288;      -0.33755;3.44432;1
 -48.50510; 7.34621;      -0.33754;3.44432;1
 -48.53853; 7.34955;      -0.33749;3.44432;1
 -48.57197; 7.35288;      -0.33744;3.44432;1
 -48.60540; 7.35621;      -0.33742;3.44432;1
 -48.63885; 7.35955;      -0.33739;3.44432;1
 -48.67232; 7.36288;      -0.33739;3.44432;1
 -48.70578; 7.36621;      -0.33741;3.44433;1
 -48.73922; 7.36955;      -0.33736;3.44433;1
 -48.77267; 7.37288;      -0.33730;3.44433;1
 -48.80616; 7.37621;      -0.33723;3.44433;1
 -48.83964; 7.37954;      -0.33717;3.44433;1
 -48.87310; 7.38288;      -0.33711;3.44433;1
 -48.90654; 7.38621;      -0.33705;3.44433;1
 -48.94001; 7.38954;      -0.33700;3.44433;1
 -48.97345; 7.39288;      -0.33695;3.44433;1
 -49.00692; 7.39621;      -0.33691;3.44434;1
 -49.04040; 7.39954;      -0.33688;3.44434;1
 -49.07387; 7.40288;      -0.33689;3.44434;1
 -49.10731; 7.40621;      -0.33686;3.44434;1
 -49.14077; 7.40954;      -0.33675;3.44434;1
 -49.17425; 7.41288;      -0.33668;3.44434;1
 -49.20777; 7.41621;      -0.33667;3.44434;1
 -49.24131; 7.41954;      -0.33659;3.44434;1
 -49.27482; 7.42288;      -0.33652;3.44434;1
 -49.30830; 7.42621;      -0.33650;3.44435;1
 -49.34180; 7.42954;      -0.33647;3.44435;1
 -49.37529; 7.43287;      -0.33641;3.44435;1
 -49.40877; 7.43621;      -0.33635;3.44435;1
 -49.44225; 7.43954;      -0.33632;3.44435;1
 -49.47574; 7.44287;      -0.33631;3.44435;1
 -49.50926; 7.44621;      -0.33626;3.44435;1
 -49.54274; 7.44954;      -0.33624;3.44435;1
 -49.57623; 7.45287;      -0.33619;3.44435;1
 -49.60969; 7.45621;      -0.33621;3.44435;1
 -49.64318; 7.45954;      -0.33624;3.44436;1
 -49.67665; 7.46287;      -0.33625;3.44436;1
 -49.71014; 7.46621;      -0.33623;3.44436;1
 -49.74363; 7.46954;      -0.33622;3.44436;1
 -49.77708; 7.47287;      -0.33620;3.44436;1
 -49.81052; 7.47621;      -0.33618;3.44436;1
 -49.84397; 7.47954;      -0.33614;3.44436;1
 -49.87744; 7.48287;      -0.33608;3.44436;1
 -49.91093; 7.48620;      -0.33603;3.44436;1
 -49.94439; 7.48954;      -0.33599;3.44436;1
 -49.97788; 7.49287;      -0.33584;3.44436;1
 -50.01131; 7.49620;      -0.33580;3.44437;1
 -50.04478; 7.49954;      -0.33578;3.44437;1
 -50.07821; 7.50287;      -0.33574;3.44437;1
 -50.11162; 7.50620;      -0.33568;3.44437;1
 -50.14505; 7.50954;      -0.33566;3.44437;1
 -50.17847; 7.51287;      -0.33561;3.44437;1
 -50.21188; 7.51620;      -0.33554;3.44437;1
 -50.24534; 7.51954;      -0.33549;3.44437;1
 -50.27873; 7.52287;      -0.33542;3.44437;1
 -50.31213; 7.52620;      -0.33536;3.44437;1
 -50.34554; 7.52954;      -0.33532;3.44437;1
 -50.37894; 7.53287;      -0.33522;3.44438;1
 -50.41236; 7.53620;      -0.33511;3.44438;1
 -50.44574; 7.53953;      -0.33501;3.44438;1
 -50.47918; 7.54287;      -0.33494;3.44438;1
 -50.51257; 7.54620;      -0.33488;3.44438;1
 -50.54594; 7.54953;      -0.33480;3.44438;1
 -50.57930; 7.55287;      -0.33473;3.44438;1
 -50.61265; 7.55620;      -0.33470;3.44438;1
 -50.64599; 7.55953;      -0.33471;3.44438;1
 -50.67931; 7.56287;      -0.33469;3.44438;1
 -50.71255; 7.56620;      -0.33463;3.44438;1
 -50.74585; 7.56953;      -0.33460;3.44438;1
 -50.77918; 7.57287;      -0.33454;3.44439;1
 -50.81249; 7.57620;      -0.33448;3.44439;1
 -50.84580; 7.57953;      -0.33437;3.44439;1
 -50.87912; 7.58287;      -0.33429;3.44439;1
 -50.91243; 7.58620;      -0.33421;3.44439;1
 -50.94574; 7.58953;      -0.33407;3.44439;1
 -50.97905; 7.59286;      -0.33396;3.44439;1
 -51.01236; 7.59620;      -0.33392;3.44439;1
 -51.04567; 7.59953;      -0.33385;3.44439;1
 -51.07897; 7.60286;      -0.33376;3.44439;1
 -51.11227; 7.60620;      -0.33377;3.44439;1
 -51.14563; 7.60953;      -0.33374;3.44439;1
 -51.17895; 7.61286;      -0.33364;3.44439;1
 -51.21232; 7.61620;      -0.33358;3.44439;1
 -51.24559; 7.61953;      -0.33351;3.44439;1
 -51.27886; 7.62286;      -0.33341;3.44440;1
 -51.31216; 7.62620;      -0.33327;3.44440;1
 -51.34546; 7.62953;      -0.33315;3.44440;1
 -51.37872; 7.63286;      -0.33305;3.44440;1
 -51.41203; 7.63620;      -0.33300;3.44440;1
 -51.44531; 7.63953;      -0.33291;3.44440;1
 -51.47854; 7.64286;      -0.33282;3.44440;1
 -51.51178; 7.64619;      -0.33275;3.44440;1
 -51.54502; 7.64953;      -0.33265;3.44440;1
 -51.57821; 7.65286;      -0.33256;3.44440;1
 -51.61145; 7.65619;      -0.33250;3.44440;1
 -51.64471; 7.65953;      -0.33243;3.44440;1
 -51.67798; 7.66286;      -0.33235;3.44440;1
 -51.71123; 7.66619;      -0.33225;3.44440;1
 -51.74445; 7.66953;      -0.33220;3.44440;1
 -51.77765; 7.67286;      -0.33216;3.44440;1
 -51.81091; 7.67619;      -0.33208;3.44440;1
 -51.84417; 7.67953;      -0.33199;3.44441;1
 -51.87742; 7.68286;      -0.33191;3.44441;1
 -51.91066; 7.68619;      -0.33181;3.44441;1
 -51.94389; 7.68953;      -0.33173;3.44441;1
 -51.97713; 7.69286;      -0.33164;3.44441;1
 -52.01033; 7.69619;      -0.33154;3.44441;1
 -52.04356; 7.69952;      -0.33144;3.44441;1
 -52.07677; 7.70286;      -0.33134;3.44441;1
 -52.10997; 7.70619;      -0.33124;3.44441;1
 -52.14317; 7.70952;      -0.33114;3.44441;1
 -52.17641; 7.71286;      -0.33101;3.44441;1
 -52.20966; 7.71619;      -0.33091;3.44441;1
 -52.24285; 7.71952;      -0.33082;3.44441;1
 -52.27604; 7.72286;      -0.33071;3.44441;1
 -52.30923; 7.72619;      -0.33062;3.44441;1
 -52.34243; 7.72952;      -0.33051;3.44441;1
 -52.37564; 7.73286;      -0.33042;3.44441;1
 -52.40885; 7.73619;      -0.33032;3.44441;1
 -52.44207; 7.73952;      -0.33024;3.44441;1
 -52.47529; 7.74286;      -0.33019;3.44441;1
 -52.50847; 7.74619;      -0.33012;3.44442;1
 -52.54170; 7.74952;      -0.33005;3.44442;1
 -52.57492; 7.75285;      -0.32999;3.44442;1
 -52.60813; 7.75619;      -0.32992;3.44442;1
 -52.64131; 7.75952;      -0.32982;3.44442;1
 -52.67452; 7.76285;      -0.32973;3.44442;1
 -52.70774; 7.76619;      -0.32966;3.44442;1
 -52.74102; 7.76952;      -0.32959;3.44442;1
 -52.77425; 7.77285;      -0.32956;3.44442;1
 -52.80746; 7.77619;      -0.32950;3.44442;1
 -52.84067; 7.77952;      -0.32952;3.44442;1
 -52.87388; 7.78285;      -0.32953;3.44442;1
 -52.90709; 7.78619;      -0.32944;3.44442;1
 -52.94033; 7.78952;      -0.32933;3.44442;1
 -52.97357; 7.79285;      -0.32925;3.44442;1
 -53.00676; 7.79619;      -0.32915;3.44442;1
 -53.03999; 7.79952;      -0.32906;3.44442;1
 -53.07320; 7.80285;      -0.32896;3.44442;1
 -53.10641; 7.80618;      -0.32889;3.44442;1
 -53.13964; 7.80952;      -0.32883;3.44442;1
 -53.17285; 7.81285;      -0.32877;3.44442;1
 -53.20605; 7.81618;      -0.32870;3.44442;1
 -53.23925; 7.81952;      -0.32862;3.44442;1
 -53.27251; 7.82285;      -0.32856;3.44442;1
 -53.30574; 7.82618;      -0.32851;3.44442;1
 -53.33896; 7.82952;      -0.32843;3.44442;1
 -53.37216; 7.83285;      -0.32836;3.44442;1
 -53.40542; 7.83618;      -0.32832;3.44442;1
 -53.43862; 7.83952;      -0.32832;3.44442;1
 -53.47184; 7.84285;      -0.32832;3.44442;1
 -53.50509; 7.84618;      -0.32827;3.44442;1
 -53.53832; 7.84952;      -0.32821;3.44442;1
 -53.57154; 7.85285;      -0.32814;3.44442;1
 -53.60480; 7.85618;      -0.32810;3.44442;1
 -53.63799; 7.85951;      -0.32805;3.44443;1
 -53.67124; 7.86285;      -0.32791;3.44443;1
 -53.70445; 7.86618;      -0.32781;3.44443;1
 -53.73771; 7.86951;      -0.32770;3.44443;1
 -53.77095; 7.87285;      -0.32767;3.44443;1
 -53.80423; 7.87618;      -0.32769;3.44443;1
 -53.83749; 7.87951;      -0.32766;3.44443;1
 -53.87077; 7.88285;      -0.32761;3.44443;1
 -53.90401; 7.88618;      -0.32761;3.44443;1
 -53.93727; 7.88951;      -0.32764;3.44443;1
 -53.97053; 7.89285;      -0.32757;3.44443;1
 -54.00379; 7.89618;      -0.32750;3.44443;1
 -54.03709; 7.89951;      -0.32739;3.44443;1
 -54.07039; 7.90285;      -0.32730;3.44443;1
 -54.10368; 7.90618;      -0.32724;3.44443;1
 -54.13700; 7.90951;      -0.32715;3.44443;1
 -54.17032; 7.91284;      -0.32707;3.44443;1
 -54.20361; 7.91618;      -0.32701;3.44443;1
 -54.23687; 7.91951;      -0.32697;3.44443;1
 -54.27016; 7.92284;      -0.32693;3.44443;1
 -54.30344; 7.92618;      -0.32693;3.44443;1
 -54.33675; 7.92951;      -0.32681;3.44443;1
 -54.37004; 7.93284;      -0.32676;3.44443;1
 -54.40334; 7.93618;      -0.32675;3.44443;1
 -54.43663; 7.93951;      -0.32672;3.44443;1
 -54.46992; 7.94284;      -0.32670;3.44443;1
 -54.50324; 7.94618;      -0.32665;3.44443;1
 -54.53657; 7.94951;      -0.32662;3.44443;1
 -54.56987; 7.95284;      -0.32659;3.44443;1
 -54.60317; 7.95618;      -0.32656;3.44443;1
 -54.63651; 7.95951;      -0.32655;3.44443;1
 -54.66987; 7.96284;      -0.32650;3.44443;1
 -54.70321; 7.96617;      -0.32644;3.44443;1
 -54.73655; 7.96951;      -0.32639;3.44443;1
 -54.76991; 7.97284;      -0.32637;3.44443;1
 -54.80327; 7.97617;      -0.32632;3.44443;1
 -54.83663; 7.97951;      -0.32629;3.44443;1
 -54.87000; 7.98284;      -0.32618;3.44443;1
 -54.90336; 7.98617;      -0.32611;3.44443;1
 -54.93671; 7.98951;      -0.32607;3.44443;1
 -54.97002; 7.99284;      -0.32605;3.44443;1
 -55.00338; 7.99617;      -0.32605;3.44443;1
 -55.03677; 7.99951;      -0.32603;3.44443;1
 -55.07015; 8.00284;      -0.32596;3.44443;1
 -55.10353; 8.00617;      -0.32592;3.44443;1
 -55.13690; 8.00951;      -0.32589;3.44443;1
 -55.17024; 8.01284;      -0.32592;3.44443;1
 -55.20356; 8.01617;      -0.32592;3.44443;1
 -55.23694; 8.01950;      -0.32596;3.44443;1
 -55.27030; 8.02284;      -0.32594;3.44443;1
 -55.30359; 8.02617;      -0.32588;3.44443;1
 -55.33690; 8.02950;      -0.32581;3.44443;1
 -55.37025; 8.03284;      -0.32577;3.44443;1
 -55.40361; 8.03617;      -0.32574;3.44443;1
 -55.43694; 8.03950;      -0.32567;3.44443;1
 -55.47029; 8.04284;      -0.32561;3.44443;1
 -55.50364; 8.04617;      -0.32556;3.44443;1
 -55.53696; 8.04950;      -0.32548;3.44443;1
 -55.57032; 8.05284;      -0.32539;3.44442;1
 -55.60366; 8.05617;      -0.32531;3.44442;1
 -55.63700; 8.05950;      -0.32524;3.44442;1
 -55.67035; 8.06284;      -0.32518;3.44442;1
 -55.70364; 8.06617;      -0.32514;3.44442;1
 -55.73693; 8.06950;      -0.32511;3.44442;1
 -55.77020; 8.07283;      -0.32508;3.44442;1
 -55.80352; 8.07617;      -0.32503;3.44442;1
 -55.83681; 8.07950;      -0.32497;3.44442;1
 -55.87007; 8.08283;      -0.32491;3.44442;1
 -55.90331; 8.08617;      -0.32485;3.44442;1
 -55.93660; 8.08950;      -0.32482;3.44442;1
 -55.96989; 8.09283;      -0.32477;3.44442;1
 -56.00319; 8.09617;      -0.32474;3.44442;1
 -56.03644; 8.09950;      -0.32470;3.44442;1
 -56.06970; 8.10283;      -0.32464;3.44442;1
 -56.10296; 8.10617;      -0.32460;3.44442;1
 -56.13617; 8.10950;      -0.32457;3.44442;1
 -56.16941; 8.11283;      -0.32452;3.44442;1
 -56.20266; 8.11617;      -0.32451;3.44442;1
 -56.23587; 8.11950;      -0.32443;3.44442;1
 -56.26914; 8.12283;      -0.32436;3.44442;1
 -56.30240; 8.12616;      -0.32427;3.44442;1
 -56.33566; 8.12950;      -0.32420;3.44442;1
 -56.36894; 8.13283;      -0.32416;3.44442;1
 -56.40218; 8.13616;      -0.32416;3.44442;1
 -56.43538; 8.13950;      -0.32414;3.44442;1
 -56.46863; 8.14283;      -0.32404;3.44442;1
 -56.50184; 8.14616;      -0.32393;3.44442;1
 -56.53503; 8.14950;      -0.32386;3.44442;1
 -56.56819; 8.15283;      -0.32379;3.44442;1
 -56.60138; 8.15616;      -0.32371;3.44442;1
 -56.63459; 8.15950;      -0.32366;3.44442;1
 -56.66777; 8.16283;      -0.32366;3.44441;1
 -56.70095; 8.16616;      -0.32364;3.44441;1
 -56.73411; 8.16950;      -0.32361;3.44441;1
 -56.76726; 8.17283;      -0.32356;3.44441;1
 -56.80037; 8.17616;      -0.32348;3.44441;1
 -56.83347; 8.17950;      -0.32338;3.44441;1
 -56.86662; 8.18283;      -0.32328;3.44441;1
 -56.89973; 8.18616;      -0.32319;3.44441;1
 -56.93285; 8.18949;      -0.32304;3.44441;1
 -56.96596; 8.19283;      -0.32292;3.44441;1
 -56.99907; 8.19616;      -0.32284;3.44441;1
 -57.03214; 8.19949;      -0.32277;3.44441;1
 -57.06522; 8.20283;      -0.32272;3.44441;1
 -57.09829; 8.20616;      -0.32263;3.44441;1
 -57.13134; 8.20949;      -0.32257;3.44441;1
 -57.16437; 8.21283;      -0.32256;3.44441;1
 -57.19743; 8.21616;      -0.32253;3.44441;1
 -57.23051; 8.21949;      -0.32245;3.44441;1
 -57.26356; 8.22283;      -0.32235;3.44441;1
 -57.29662; 8.22616;      -0.32226;3.44441;1
 -57.32971; 8.22949;      -0.32218;3.44441;1
 -57.36279; 8.23283;      -0.32208;3.44440;1
 -57.39586; 8.23616;      -0.32199;3.44440;1
 -57.42891; 8.23949;      -0.32190;3.44440;1
 -57.46195; 8.24282;      -0.32183;3.44440;1
 -57.49500; 8.24616;      -0.32176;3.44440;1
 -57.52805; 8.24949;      -0.32172;3.44440;1
 -57.56110; 8.25282;      -0.32167;3.44440;1
 -57.59413; 8.25616;      -0.32163;3.44440;1
 -57.62716; 8.25949;      -0.32155;3.44440;1
 -57.66022; 8.26282;      -0.32145;3.44440;1
 -57.69328; 8.26616;      -0.32136;3.44440;1
 -57.72636; 8.26949;      -0.32124;3.44440;1
 -57.75942; 8.27282;      -0.32112;3.44440;1
 -57.79252; 8.27616;      -0.32103;3.44440;1
 -57.82556; 8.27949;      -0.32097;3.44440;1
 -57.85861; 8.28282;      -0.32088;3.44440;1
 -57.89172; 8.28616;      -0.32075;3.44440;1
 -57.92482; 8.28949;      -0.32060;3.44439;1
 -57.95786; 8.29282;      -0.32044;3.44439;1
 -57.99089; 8.29615;      -0.32032;3.44439;1
 -58.02392; 8.29949;      -0.32021;3.44439;1
 -58.05700; 8.30282;      -0.32012;3.44439;1
 -58.09005; 8.30615;      -0.32004;3.44439;1
 -58.12312; 8.30949;      -0.31997;3.44439;1
 -58.15622; 8.31282;      -0.31990;3.44439;1
 -58.18928; 8.31615;      -0.31983;3.44439;1
 -58.22236; 8.31949;      -0.31974;3.44439;1
 -58.25548; 8.32282;      -0.31960;3.44439;1
 -58.28860; 8.32615;      -0.31943;3.44439;1
 -58.32172; 8.32949;      -0.31931;3.44439;1
 -58.35487; 8.33282;      -0.31927;3.44439;1
 -58.38800; 8.33615;      -0.31920;3.44438;1
 -58.42118; 8.33949;      -0.31911;3.44438;1
 -58.45438; 8.34282;      -0.31902;3.44438;1
 -58.48756; 8.34615;      -0.31892;3.44438;1
 -58.52076; 8.34948;      -0.31881;3.44438;1
 -58.55399; 8.35282;      -0.31871;3.44438;1
 -58.58724; 8.35615;      -0.31861;3.44438;1
 -58.62051; 8.35948;      -0.31848;3.44438;1
 -58.65377; 8.36282;      -0.31837;3.44438;1
 -58.68704; 8.36615;      -0.31826;3.44438;1
 -58.72034; 8.36948;      -0.31819;3.44438;1
 -58.75368; 8.37282;      -0.31809;3.44438;1
 -58.78704; 8.37615;      -0.31801;3.44438;1
 -58.82041; 8.37948;      -0.31797;3.44437;1
 -58.85377; 8.38282;      -0.31796;3.44437;1
 -58.88713; 8.38615;      -0.31799;3.44437;1
 -58.92050; 8.38948;      -0.31797;3.44437;1
 -58.95389; 8.39282;      -0.31793;3.44437;1
 -58.98729; 8.39615;      -0.31786;3.44437;1
 -59.02073; 8.39948;      -0.31781;3.44437;1
 -59.05419; 8.40281;      -0.31776;3.44437;1
 -59.08764; 8.40615;      -0.31775;3.44437;1
 -59.12111; 8.40948;      -0.31774;3.44437;1
 -59.15459; 8.41281;      -0.31772;3.44437;1
 -59.18809; 8.41615;      -0.31764;3.44436;1
 -59.22160; 8.41948;      -0.31756;3.44436;1
 -59.25509; 8.42281;      -0.31754;3.44436;1
 -59.28856; 8.42615;      -0.31751;3.44436;1
 -59.32205; 8.42948;      -0.31751;3.44436;1
 -59.35557; 8.43281;      -0.31752;3.44436;1
 -59.38910; 8.43615;      -0.31751;3.44436;1
 -59.42263; 8.43948;      -0.31754;3.44436;1
 -59.45618; 8.44281;      -0.31759;3.44436;1
 -59.48971; 8.44615;      -0.31761;3.44436;1
 -59.52325; 8.44948;      -0.31762;3.44436;1
 -59.55685; 8.45281;      -0.31762;3.44435;1
 -59.59046; 8.45614;      -0.31763;3.44435;1
 -59.62406; 8.45948;      -0.31766;3.44435;1
 -59.65767; 8.46281;      -0.31768;3.44435;1
 -59.69126; 8.46614;      -0.31767;3.44435;1
 -59.72486; 8.46948;      -0.31764;3.44435;1
 -59.75846; 8.47281;      -0.31767;3.44435;1
 -59.79208; 8.47614;      -0.31776;3.44435;1
 -59.82573; 8.47948;      -0.31782;3.44435;1
 -59.85940; 8.48281;      -0.31787;3.44435;1
 -59.89305; 8.48614;      -0.31795;3.44434;1
 -59.92672; 8.48948;      -0.31799;3.44434;1
 -59.96040; 8.49281;      -0.31808;3.44434;1
 -59.99416; 8.49614;      -0.31817;3.44434;1
 -60.02793; 8.49948;      -0.31826;3.44434;1
 -60.06171; 8.50281;      -0.31832;3.44434;1
 -60.09549; 8.50614;      -0.31841;3.44434;1
 -60.12931; 8.50947;      -0.31849;3.44434;1
 -60.16310; 8.51281;      -0.31854;3.44434;1
 -60.19690; 8.51614;      -0.31856;3.44433;1
 -60.23073; 8.51947;      -0.31861;3.44433;1
 -60.26455; 8.52281;      -0.31865;3.44433;1
 -60.29834; 8.52614;      -0.31870;3.44433;1
 -60.33215; 8.52947;      -0.31876;3.44433;1
 -60.36595; 8.53281;      -0.31881;3.44433;1
 -60.39978; 8.53614;      -0.31886;3.44433;1
 -60.43360; 8.53947;      -0.31891;3.44433;1
 -60.46740; 8.54281;      -0.31894;3.44433;1
 -60.50125; 8.54614;      -0.31897;3.44432;1
 -60.53509; 8.54947;      -0.31899;3.44432;1
 -60.56892; 8.55281;      -0.31905;3.44432;1
 -60.60278; 8.55614;      -0.31908;3.44432;1
 -60.63662; 8.55947;      -0.31912;3.44432;1
 -60.67044; 8.56280;      -0.31918;3.44432;1
 -60.70427; 8.56614;      -0.31925;3.44432;1
 -60.73807; 8.56947;      -0.31930;3.44432;1
 -60.77193; 8.57280;      -0.31932;3.44431;1
 -60.80580; 8.57614;      -0.31938;3.44431;1
 -60.83965; 8.57947;      -0.31944;3.44431;1
 -60.87350; 8.58280;      -0.31946;3.44431;1
 -60.90737; 8.58614;      -0.31945;3.44431;1
 -60.94124; 8.58947;      -0.31943;3.44431;1
 -60.97509; 8.59280;      -0.31942;3.44431;1
 -61.00894; 8.59614;      -0.31940;3.44431;1
 -61.04279; 8.59947;      -0.31942;3.44430;1
 -61.07667; 8.60280;      -0.31952;3.44430;1
 -61.11050; 8.60614;      -0.31957;3.44430;1
 -61.14431; 8.60947;      -0.31957;3.44430;1
 -61.17816; 8.61280;      -0.31951;3.44430;1
 -61.21201; 8.61613;      -0.31950;3.44430;1
 -61.24584; 8.61947;      -0.31949;3.44430;1
 -61.27970; 8.62280;      -0.31950;3.44429;1
 -61.31359; 8.62613;      -0.31951;3.44429;1
 -61.34747; 8.62947;      -0.31954;3.44429;1
 -61.38135; 8.63280;      -0.31956;3.44429;1
 -61.41524; 8.63613;      -0.31960;3.44429;1
 -61.44909; 8.63947;      -0.31960;3.44429;1
 -61.48295; 8.64280;      -0.31963;3.44429;1
 -61.51683; 8.64613;      -0.31966;3.44429;1
 -61.55075; 8.64947;      -0.31970;3.44428;1
 -61.58465; 8.65280;      -0.31972;3.44428;1
 -61.61854; 8.65613;      -0.31975;3.44428;1
 -61.65239; 8.65947;      -0.31984;3.44428;1
 -61.68627; 8.66280;      -0.31986;3.44428;1
 -61.72017; 8.66613;      -0.31990;3.44428;1
 -61.75405; 8.66946;      -0.31988;3.44428;1
 -61.78796; 8.67280;      -0.31987;3.44427;1
 -61.82186; 8.67613;      -0.31988;3.44427;1
 -61.85578; 8.67946;      -0.31985;3.44427;1
 -61.88964; 8.68280;      -0.31982;3.44427;1
 -61.92353; 8.68613;      -0.31982;3.44427;1
 -61.95742; 8.68946;      -0.31980;3.44427;1
 -61.99126; 8.69280;      -0.31977;3.44427;1
 -62.02512; 8.69613;      -0.31975;3.44426;1
 -62.05894; 8.69946;      -0.31970;3.44426;1
 -62.09278; 8.70280;      -0.31963;3.44426;1
 -62.12660; 8.70613;      -0.31961;3.44426;1
 -62.16040; 8.70946;      -0.31958;3.44426;1
 -62.19417; 8.71280;      -0.31955;3.44426;1
 -62.22796; 8.71613;      -0.31950;3.44425;1
 -62.26173; 8.71946;      -0.31940;3.44425;1
 -62.29548; 8.72279;      -0.31938;3.44425;1
 -62.32923; 8.72613;      -0.31937;3.44425;1
 -62.36300; 8.72946;      -0.31933;3.44425;1
 -62.39675; 8.73279;      -0.31931;3.44425;1
 -62.43051; 8.73613;      -0.31928;3.44425;1
 -62.46420; 8.73946;      -0.31924;3.44424;1
 -62.49789; 8.74279;      -0.31920;3.44424;1
 -62.53158; 8.74613;      -0.31911;3.44424;1
 -62.56521; 8.74946;      -0.31899;3.44424;1
 -62.59883; 8.75279;      -0.31894;3.44424;1
 -62.63244; 8.75613;      -0.31891;3.44424;1
 -62.66600; 8.75946;      -0.31893;3.44423;1
 -62.69959; 8.76279;      -0.31893;3.44423;1
 -62.73320; 8.76613;      -0.31890;3.44423;1
 -62.76678; 8.76946;      -0.31884;3.44423;1
 -62.80035; 8.77279;      -0.31879;3.44423;1
 -62.83387; 8.77612;      -0.31869;3.44423;1
 -62.86734; 8.77946;      -0.31857;3.44422;1
 -62.90080; 8.78279;      -0.31848;3.44422;1
 -62.93426; 8.78612;      -0.31834;3.44422;1
 -62.96773; 8.78946;      -0.31824;3.44422;1
 -63.00116; 8.79279;      -0.31814;3.44422;1
 -63.03460; 8.79612;      -0.31804;3.44422;1
 -63.06803; 8.79946;      -0.31796;3.44421;1
 -63.10144; 8.80279;      -0.31794;3.44421;1
 -63.13480; 8.80612;      -0.31789;3.44421;1
 -63.16819; 8.80946;      -0.31765;3.44421;1
 -63.20157; 8.81279;      -0.31750;3.44421;1
 -63.23489; 8.81612;      -0.31751;3.44421;1
 -63.26824; 8.81946;      -0.31747;3.44420;1
 -63.30160; 8.82279;      -0.31733;3.44420;1
 -63.33489; 8.82612;      -0.31725;3.44420;1
 -63.36818; 8.82945;      -0.31715;3.44420;1
 -63.40146; 8.83279;      -0.31705;3.44420;1
 -63.43471; 8.83612;      -0.31688;3.44420;1
 -63.46794; 8.83945;      -0.31674;3.44419;1
 -63.50116; 8.84279;      -0.31658;3.44419;1
 -63.53439; 8.84612;      -0.31644;3.44419;1
 -63.56760; 8.84945;      -0.31636;3.44419;1
 -63.60075; 8.85279;      -0.31625;3.44419;1
 -63.63388; 8.85612;      -0.31609;3.44419;1
 -63.66700; 8.85945;      -0.31595;3.44418;1
 -63.70015; 8.86279;      -0.31576;3.44418;1
 -63.73328; 8.86612;      -0.31547;3.44418;1
 -63.76638; 8.86945;      -0.31522;3.44418;1
 -63.79949; 8.87279;      -0.31501;3.44418;1
 -63.83258; 8.87612;      -0.31485;3.44417;1
 -63.86565; 8.87945;      -0.31472;3.44417;1
 -63.89869; 8.88278;      -0.31458;3.44417;1
 -63.93177; 8.88612;      -0.31443;3.44417;1
 -63.96479; 8.88945;      -0.31430;3.44417;1
 -63.99783; 8.89278;      -0.31415;3.44417;1
 -64.03087; 8.89612;      -0.31398;3.44416;1
 -64.06390; 8.89945;      -0.31384;3.44416;1
 -64.09693; 8.90278;      -0.31373;3.44416;1
 -64.12995; 8.90612;      -0.31357;3.44416;1
 -64.16296; 8.90945;      -0.31336;3.44416;1
 -64.19596; 8.91278;      -0.31315;3.44415;1
 -64.22896; 8.91612;      -0.31297;3.44415;1
 -64.26192; 8.91945;      -0.31287;3.44415;1
 -64.29488; 8.92278;      -0.31282;3.44415;1
 -64.32784; 8.92612;      -0.31261;3.44415;1
 -64.36081; 8.92945;      -0.31236;3.44414;1
 -64.39375; 8.93278;      -0.31213;3.44414;1
 -64.42668; 8.93611;      -0.31190;3.44414;1
 -64.45962; 8.93945;      -0.31170;3.44414;1
 -64.49259; 8.94278;      -0.31151;3.44414;1
 -64.52554; 8.94611;      -0.31133;3.44413;1
 -64.55847; 8.94945;      -0.31110;3.44413;1
 -64.59143; 8.95278;      -0.31090;3.44413;1
 -64.62440; 8.95611;      -0.31071;3.44413;1
 -64.65739; 8.95945;      -0.31054;3.44413;1
 -64.69038; 8.96278;      -0.31035;3.44413;1
 -64.72335; 8.96611;      -0.31019;3.44412;1
 -64.75630; 8.96945;      -0.31004;3.44412;1
 -64.78926; 8.97278;      -0.30987;3.44412;1
 -64.82222; 8.97611;      -0.30972;3.44412;1
 -64.85518; 8.97945;      -0.30958;3.44412;1
 -64.88809; 8.98278;      -0.30944;3.44411;1
 -64.92107; 8.98611;      -0.30935;3.44411;1
 -64.95404; 8.98945;      -0.30918;3.44411;1
 -64.98699; 8.99278;      -0.30899;3.44411;1
 -65.01996; 8.99611;      -0.30874;3.44411;1
 -65.05295; 8.99944;      -0.30855;3.44410;1
 -65.08592; 9.00278;      -0.30843;3.44410;1
 -65.11892; 9.00611;      -0.30830;3.44410;1
 -65.15189; 9.00944;      -0.30813;3.44410;1
 -65.18491; 9.01278;      -0.30804;3.44409;1
 -65.21792; 9.01611;      -0.30796;3.44409;1
 -65.25093; 9.01944;      -0.30787;3.44409;1
 -65.28392; 9.02278;      -0.30777;3.44409;1
 -65.31689; 9.02611;      -0.30765;3.44409;1
 -65.34991; 9.02944;      -0.30753;3.44408;1
 -65.38289; 9.03278;      -0.30743;3.44408;1
 -65.41589; 9.03611;      -0.30730;3.44408;1
 -65.44889; 9.03944;      -0.30723;3.44408;1
 -65.48187; 9.04278;      -0.30719;3.44408;1
 -65.51487; 9.04611;      -0.30714;3.44407;1
 -65.54783; 9.04944;      -0.30708;3.44407;1
 -65.58084; 9.05277;      -0.30700;3.44407;1
 -65.61387; 9.05611;      -0.30694;3.44407;1
 -65.64689; 9.05944;      -0.30685;3.44407;1
 -65.67990; 9.06277;      -0.30673;3.44406;1
 -65.71293; 9.06611;      -0.30664;3.44406;1
 -65.74592; 9.06944;      -0.30656;3.44406;1
 -65.77894; 9.07277;      -0.30645;3.44406;1
 -65.81196; 9.07611;      -0.30636;3.44405;1
 -65.84493; 9.07944;      -0.30628;3.44405;1
 -65.87795; 9.08277;      -0.30623;3.44405;1
 -65.91097; 9.08611;      -0.30615;3.44405;1
 -65.94395; 9.08944;      -0.30608;3.44405;1
 -65.97697; 9.09277;      -0.30603;3.44404;1
 -66.00995; 9.09611;      -0.30595;3.44404;1
 -66.04295; 9.09944;      -0.30587;3.44404;1
 -66.07593; 9.10277;      -0.30585;3.44404;1
 -66.10893; 9.10610;      -0.30584;3.44403;1
 -66.14191; 9.10944;      -0.30581;3.44403;1
 -66.17488; 9.11277;      -0.30575;3.44403;1
 -66.20787; 9.11610;      -0.30567;3.44403;1
 -66.24088; 9.11944;      -0.30569;3.44403;1
 -66.27394; 9.12277;      -0.30568;3.44402;1
 -66.30700; 9.12610;      -0.30562;3.44402;1
 -66.34005; 9.12944;      -0.30555;3.44402;1
 -66.37311; 9.13277;      -0.30548;3.44402;1
 -66.40619; 9.13610;      -0.30540;3.44401;1
 -66.43924; 9.13944;      -0.30533;3.44401;1
 -66.47229; 9.14277;      -0.30528;3.44401;1
 -66.50534; 9.14610;      -0.30524;3.44401;1
 -66.53837; 9.14944;      -0.30520;3.44400;1
 -66.57143; 9.15277;      -0.30514;3.44400;1
 -66.60449; 9.15610;      -0.30515;3.44400;1
 -66.63757; 9.15943;      -0.30514;3.44400;1
 -66.67062; 9.16277;      -0.30513;3.44399;1
 -66.70368; 9.16610;      -0.30515;3.44399;1
 -66.73676; 9.16943;      -0.30502;3.44399;1
 -66.76983; 9.17277;      -0.30496;3.44399;1
 -66.80289; 9.17610;      -0.30496;3.44399;1
 -66.83598; 9.17943;      -0.30490;3.44398;1
 -66.86906; 9.18277;      -0.30480;3.44398;1
 -66.90218; 9.18610;      -0.30469;3.44398;1
 -66.93528; 9.18943;      -0.30454;3.44398;1
 -66.96839; 9.19277;      -0.30447;3.44397;1
 -67.00151; 9.19610;      -0.30448;3.44397;1
 -67.03462; 9.19943;      -0.30446;3.44397;1
 -67.06773; 9.20277;      -0.30436;3.44397;1
 -67.10084; 9.20610;      -0.30422;3.44396;1
 -67.13398; 9.20943;      -0.30407;3.44396;1
 -67.16715; 9.21276;      -0.30399;3.44396;1
 -67.20024; 9.21610;      -0.30399;3.44396;1
 -67.23337; 9.21943;      -0.30400;3.44395;1
 -67.26652; 9.22276;      -0.30398;3.44395;1
 -67.29968; 9.22610;      -0.30399;3.44395;1
 -67.33284; 9.22943;      -0.30400;3.44395;1
 -67.36601; 9.23276;      -0.30401;3.44394;1
 -67.39922; 9.23610;      -0.30404;3.44394;1
 -67.43245; 9.23943;      -0.30404;3.44394;1
 -67.46567; 9.24276;      -0.30401;3.44394;1
 -67.49893; 9.24610;      -0.30396;3.44393;1
 -67.53217; 9.24943;      -0.30393;3.44393;1
 -67.56546; 9.25276;      -0.30387;3.44393;1
 -67.59873; 9.25610;      -0.30384;3.44393;1
 -67.63198; 9.25943;      -0.30385;3.44392;1
 -67.66530; 9.26276;      -0.30388;3.44392;1
 -67.69861; 9.26609;      -0.30390;3.44392;1
 -67.73190; 9.26943;      -0.30392;3.44392;1
 -67.76527; 9.27276;      -0.30394;3.44391;1
 -67.79863; 9.27609;      -0.30395;3.44391;1
 -67.83200; 9.27943;      -0.30398;3.44391;1
 -67.86540; 9.28276;      -0.30399;3.44391;1
 -67.89880; 9.28609;      -0.30398;3.44390;1
 -67.93221; 9.28943;      -0.30394;3.44390;1
 -67.96565; 9.29276;      -0.30389;3.44390;1
 -67.99909; 9.29609;      -0.30384;3.44389;1
 -68.03256; 9.29943;      -0.30381;3.44389;1
 -68.06605; 9.30276;      -0.30383;3.44389;1
 -68.09954; 9.30609;      -0.30384;3.44389;1
 -68.13305; 9.30943;      -0.30387;3.44388;1
 -68.16659; 9.31276;      -0.30388;3.44388;1
 -68.20013; 9.31609;      -0.30390;3.44388;1
 -68.23366; 9.31942;      -0.30390;3.44388;1
 -68.26719; 9.32276;      -0.30388;3.44387;1
 -68.30074; 9.32609;      -0.30379;3.44387;1
 -68.33430; 9.32942;      -0.30375;3.44387;1
 -68.36787; 9.33276;      -0.30371;3.44386;1
 -68.40144; 9.33609;      -0.30368;3.44386;1
 -68.43502; 9.33942;      -0.30365;3.44386;1
 -68.46864; 9.34276;      -0.30362;3.44386;1
 -68.50225; 9.34609;      -0.30362;3.44385;1
 -68.53585; 9.34942;      -0.30360;3.44385;1
 -68.56950; 9.35276;      -0.30361;3.44385;1
 -68.60315; 9.35609;      -0.30366;3.44385;1
 -68.63680; 9.35942;      -0.30366;3.44384;1
 -68.67049; 9.36276;      -0.30367;3.44384;1
 -68.70416; 9.36609;      -0.30368;3.44384;1
 -68.73784; 9.36942;      -0.30367;3.44383;1
 -68.77151; 9.37275;      -0.30368;3.44383;1
 -68.80525; 9.37609;      -0.30365;3.44383;1
 -68.83898; 9.37942;      -0.30365;3.44383;1
 -68.87269; 9.38275;      -0.30363;3.44382;1
 -68.90647; 9.38609;      -0.30351;3.44382;1
 -68.94023; 9.38942;      -0.30341;3.44382;1
 -68.97398; 9.39275;      -0.30340;3.44381;1
 -69.00776; 9.39609;      -0.30341;3.44381;1
 -69.04154; 9.39942;      -0.30340;3.44381;1
 -69.07536; 9.40275;      -0.30344;3.44381;1
 -69.10917; 9.40609;      -0.30349;3.44380;1
 -69.14301; 9.40942;      -0.30352;3.44380;1
 -69.17681; 9.41275;      -0.30352;3.44380;1
 -69.21061; 9.41609;      -0.30345;3.44379;1
 -69.24447; 9.41942;      -0.30343;3.44379;1
 -69.27831; 9.42275;      -0.30345;3.44379;1
 -69.31217; 9.42608;      -0.30346;3.44379;1
 -69.34602; 9.42942;      -0.30338;3.44378;1
 -69.37990; 9.43275;      -0.30332;3.44378;1
 -69.41376; 9.43608;      -0.30327;3.44378;1
 -69.44759; 9.43942;      -0.30326;3.44377;1
 -69.48145; 9.44275;      -0.30334;3.44377;1
 -69.51535; 9.44608;      -0.30342;3.44377;1
 -69.54925; 9.44942;      -0.30344;3.44376;1
 -69.58316; 9.45275;      -0.30344;3.44376;1
 -69.61705; 9.45608;      -0.30343;3.44376;1
 -69.65091; 9.45942;      -0.30339;3.44376;1
 -69.68483; 9.46275;      -0.30336;3.44375;1
 -69.71870; 9.46608;      -0.30334;3.44375;1
 -69.75258; 9.46942;      -0.30334;3.44375;1
 -69.78651; 9.47275;      -0.30334;3.44374;1
 -69.82038; 9.47608;      -0.30337;3.44374;1
 -69.85428; 9.47941;      -0.30338;3.44374;1
 -69.88817; 9.48275;      -0.30339;3.44373;1
 -69.92203; 9.48608;      -0.30334;3.44373;1
 -69.95590; 9.48941;      -0.30333;3.44373;1
 -69.98977; 9.49275;      -0.30333;3.44372;1
 -70.02362; 9.49608;      -0.30332;3.44372;1
 -70.05747; 9.49941;      -0.30332;3.44372;1
 -70.09131; 9.50275;      -0.30330;3.44372;1
 -70.12513; 9.50608;      -0.30331;3.44371;1
 -70.15896; 9.50941;      -0.30327;3.44371;1
 -70.19279; 9.51275;      -0.30324;3.44371;1
 -70.22661; 9.51608;      -0.30320;3.44370;1
 -70.26046; 9.51941;      -0.30317;3.44370;1
 -70.29431; 9.52275;      -0.30314;3.44370;1
 -70.32815; 9.52608;      -0.30312;3.44369;1
 -70.36195; 9.52941;      -0.30311;3.44369;1
 -70.39577; 9.53274;      -0.30308;3.44369;1
 -70.42957; 9.53608;      -0.30307;3.44368;1
 -70.46340; 9.53941;      -0.30302;3.44368;1
 -70.49723; 9.54274;      -0.30297;3.44368;1
 -70.53105; 9.54608;      -0.30294;3.44367;1
 -70.56487; 9.54941;      -0.30293;3.44367;1
 -70.59870; 9.55274;      -0.30289;3.44367;1
 -70.63253; 9.55608;      -0.30284;3.44367;1
 -70.66639; 9.55941;      -0.30281;3.44366;1
 -70.70020; 9.56274;      -0.30279;3.44366;1
 -70.73397; 9.56608;      -0.30277;3.44366;1
 -70.76777; 9.56941;      -0.30277;3.44365;1
 -70.80162; 9.57274;      -0.30276;3.44365;1
 -70.83543; 9.57608;      -0.30273;3.44365;1
 -70.86922; 9.57941;      -0.30271;3.44364;1
 -70.90303; 9.58274;      -0.30264;3.44364;1
 -70.93684; 9.58607;      -0.30259;3.44364;1
 -70.97059; 9.58941;      -0.30254;3.44363;1
 -71.00437; 9.59274;      -0.30243;3.44363;1
 -71.03816; 9.59607;      -0.30237;3.44363;1
 -71.07190; 9.59941;      -0.30230;3.44362;1
 -71.10567; 9.60274;      -0.30223;3.44362;1
 -71.13941; 9.60607;      -0.30225;3.44362;1
 -71.17315; 9.60941;      -0.30229;3.44361;1
 -71.20691; 9.61274;      -0.30225;3.44361;1
 -71.24064; 9.61607;      -0.30221;3.44361;1
 -71.27441; 9.61941;      -0.30219;3.44360;1
 -71.30815; 9.62274;      -0.30217;3.44360;1
 -71.34190; 9.62607;      -0.30213;3.44360;1
 -71.37564; 9.62941;      -0.30208;3.44359;1
 -71.40935; 9.63274;      -0.30210;3.44359;1
 -71.44305; 9.63607;      -0.30212;3.44359;1
 -71.47676; 9.63940;      -0.30210;3.44358;1
 -71.51049; 9.64274;      -0.30204;3.44358;1
 -71.54415; 9.64607;      -0.30200;3.44358;1
 -71.57779; 9.64940;      -0.30194;3.44357;1
 -71.61142; 9.65274;      -0.30188;3.44357;1
 -71.64502; 9.65607;      -0.30179;3.44357;1
 -71.67865; 9.65940;      -0.30174;3.44356;1
 -71.71229; 9.66274;      -0.30167;3.44356;1
 -71.74592; 9.66607;      -0.30164;3.44356;1
 -71.77952; 9.66940;      -0.30162;3.44355;1
 -71.81312; 9.67274;      -0.30161;3.44355;1
 -71.84667; 9.67607;      -0.30159;3.44355;1
 -71.88027; 9.67940;      -0.30154;3.44354;1
 -71.91385; 9.68274;      -0.30152;3.44354;1
 -71.94742; 9.68607;      -0.30151;3.44354;1
 -71.98099; 9.68940;      -0.30153;3.44353;1
 -72.01457; 9.69273;      -0.30156;3.44353;1
 -72.04811; 9.69607;      -0.30146;3.44352;1
 -72.08166; 9.69940;      -0.30135;3.44352;1
 -72.11522; 9.70273;      -0.30131;3.44352;1
 -72.14873; 9.70607;      -0.30130;3.44351;1
 -72.18225; 9.70940;      -0.30125;3.44351;1
 -72.21576; 9.71273;      -0.30120;3.44351;1
 -72.24925; 9.71607;      -0.30120;3.44350;1
 -72.28273; 9.71940;      -0.30119;3.44350;1
 -72.31619; 9.72273;      -0.30115;3.44350;1
 -72.34965; 9.72607;      -0.30107;3.44349;1
 -72.38310; 9.72940;      -0.30099;3.44349;1
 -72.41657; 9.73273;      -0.30094;3.44349;1
 -72.45002; 9.73607;      -0.30086;3.44348;1
 -72.48346; 9.73940;      -0.30077;3.44348;1
 -72.51688; 9.74273;      -0.30072;3.44348;1
 -72.55025; 9.74606;      -0.30066;3.44347;1
 -72.58365; 9.74940;      -0.30057;3.44347;1
 -72.61705; 9.75273;      -0.30048;3.44346;1
 -72.65040; 9.75606;      -0.30036;3.44346;1
 -72.68374; 9.75940;      -0.30026;3.44346;1
 -72.71707; 9.76273;      -0.30014;3.44345;1
 -72.75042; 9.76606;      -0.30002;3.44345;1
 -72.78379; 9.76940;      -0.29992;3.44345;1
 -72.81709; 9.77273;      -0.29981;3.44344;1
 -72.85036; 9.77606;      -0.29970;3.44344;1
 -72.88368; 9.77940;      -0.29964;3.44344;1
 -72.91700; 9.78273;      -0.29956;3.44343;1
 -72.95031; 9.78606;      -0.29949;3.44343;1
 -72.98358; 9.78940;      -0.29940;3.44343;1
 -73.01682; 9.79273;      -0.29931;3.44342;1
 -73.05008; 9.79606;      -0.29919;3.44342;1
 -73.08332; 9.79940;      -0.29909;3.44341;1
 -73.11661; 9.80273;      -0.29899;3.44341;1
 -73.14984; 9.80606;      -0.29889;3.44341;1
 -73.18305; 9.80939;      -0.29879;3.44340;1
 -73.21625; 9.81273;      -0.29869;3.44340;1
 -73.24941; 9.81606;      -0.29858;3.44340;1
 -73.28259; 9.81939;      -0.29845;3.44339;1
 -73.31574; 9.82273;      -0.29834;3.44339;1
 -73.34889; 9.82606;      -0.29821;3.44338;1
 -73.38201; 9.82939;      -0.29809;3.44338;1
 -73.41511; 9.83273;      -0.29798;3.44338;1
 -73.44826; 9.83606;      -0.29786;3.44337;1
 -73.48138; 9.83939;      -0.29772;3.44337;1
 -73.51447; 9.84273;      -0.29755;3.44337;1
 -73.54758; 9.84606;      -0.29735;3.44336;1
 -73.58071; 9.84939;      -0.29718;3.44336;1
 -73.61382; 9.85273;      -0.29702;3.44336;1
 -73.64690; 9.85606;      -0.29687;3.44335;1
 -73.68006; 9.85939;      -0.29673;3.44335;1
 -73.71318; 9.86272;      -0.29658;3.44334;1
 -73.74628; 9.86606;      -0.29643;3.44334;1
 -73.77938; 9.86939;      -0.29629;3.44334;1
 -73.81246; 9.87272;      -0.29616;3.44333;1
 -73.84553; 9.87606;      -0.29600;3.44333;1
 -73.87859; 9.87939;      -0.29579;3.44333;1
 -73.91164; 9.88272;      -0.29568;3.44332;1
 -73.94469; 9.88606;      -0.29560;3.44332;1
 -73.97772; 9.88939;      -0.29555;3.44331;1
 -74.01080; 9.89272;      -0.29548;3.44331;1
 -74.04379; 9.89606;      -0.29539;3.44331;1
 -74.07680; 9.89939;      -0.29523;3.44330;1
 -74.10980; 9.90272;      -0.29511;3.44330;1
 -74.14278; 9.90606;      -0.29500;3.44330;1
 -74.17578; 9.90939;      -0.29490;3.44329;1
 -74.20877; 9.91272;      -0.29472;3.44329;1
 -74.24173; 9.91605;      -0.29456;3.44328;1
 -74.27468; 9.91939;      -0.29443;3.44328;1
 -74.30765; 9.92272;      -0.29431;3.44328;1
 -74.34060; 9.92605;      -0.29425;3.44327;1
 -74.37354; 9.92939;      -0.29415;3.44327;1
 -74.40642; 9.93272;      -0.29409;3.44326;1
 -74.43924; 9.93605;      -0.29402;3.44326;1
 -74.47209; 9.93939;      -0.29388;3.44326;1
 -74.50497; 9.94272;      -0.29375;3.44325;1
 -74.53782; 9.94605;      -0.29360;3.44325;1
 -74.57068; 9.94939;      -0.29350;3.44324;1
 -74.60350; 9.95272;      -0.29341;3.44324;1
 -74.63631; 9.95605;      -0.29330;3.44324;1
 -74.66913; 9.95939;      -0.29318;3.44323;1
 -74.70192; 9.96272;      -0.29305;3.44323;1
 -74.73468; 9.96605;      -0.29292;3.44323;1
 -74.76740; 9.96938;      -0.29274;3.44322;1
 -74.80012; 9.97272;      -0.29247;3.44322;1
 -74.83287; 9.97605;      -0.29239;3.44321;1
 -74.86559; 9.97938;      -0.29228;3.44321;1
 -74.89829; 9.98272;      -0.29212;3.44321;1
 -74.93095; 9.98605;      -0.29199;3.44320;1
 -74.96357; 9.98938;      -0.29187;3.44320;1
 -74.99623; 9.99272;      -0.29171;3.44319;1
 -75.02893; 9.99605;      -0.29157;3.44319;1
 -75.06158; 9.99938;      -0.29141;3.44319;1
 -75.09421;10.00272;      -0.29129;3.44318;1
 -75.12677;10.00605;      -0.29119;3.44318;1
 -75.15936;10.00938;      -0.29109;3.44317;1
 -75.19195;10.01272;      -0.29097;3.44317;1
 -75.22450;10.01605;      -0.29084;3.44317;1
 -75.25709;10.01938;      -0.29072;3.44316;1
 -75.28963;10.02271;      -0.29059;3.44316;1
 -75.32218;10.02605;      -0.29040;3.44315;1
 -75.35472;10.02938;      -0.29025;3.44315;1
 -75.38728;10.03271;      -0.29012;3.44315;1
 -75.41980;10.03605;      -0.29001;3.44314;1
 -75.45229;10.03938;      -0.28987;3.44314;1
 -75.48474;10.04271;      -0.28971;3.44313;1
 -75.51718;10.04605;      -0.28955;3.44313;1
 -75.54959;10.04938;      -0.28933;3.44313;1
 -75.58200;10.05271;      -0.28911;3.44312;1
 -75.61439;10.05605;      -0.28887;3.44312;1
 -75.64679;10.05938;      -0.28873;3.44311;1
 -75.67911;10.06271;      -0.28867;3.44311;1
 -75.71143;10.06605;      -0.28856;3.44311;1
 -75.74377;10.06938;      -0.28840;3.44310;1
 -75.77607;10.07271;      -0.28825;3.44310;1
 -75.80840;10.07604;      -0.28804;3.44309;1
 -75.84076;10.07938;      -0.28784;3.44309;1
 -75.87310;10.08271;      -0.28765;3.44309;1
 -75.90540;10.08604;      -0.28746;3.44308;1
 -75.93765;10.08938;      -0.28729;3.44308;1
 -75.96991;10.09271;      -0.28711;3.44307;1
 -76.00215;10.09604;      -0.28691;3.44307;1
 -76.03445;10.09938;      -0.28671;3.44307;1
 -76.06672;10.10271;      -0.28653;3.44306;1
 -76.09895;10.10604;      -0.28636;3.44306;1
 -76.13122;10.10938;      -0.28619;3.44305;1
 -76.16350;10.11271;      -0.28602;3.44305;1
 -76.19577;10.11604;      -0.28582;3.44304;1
 -76.22802;10.11938;      -0.28566;3.44304;1
 -76.26025;10.12271;      -0.28549;3.44304;1
 -76.29249;10.12604;      -0.28533;3.44303;1
 -76.32472;10.12937;      -0.28518;3.44303;1
 -76.35699;10.13271;      -0.28499;3.44302;1
 -76.38930;10.13604;      -0.28487;3.44302;1
 -76.42166;10.13937;      -0.28473;3.44302;1
 -76.45398;10.14271;      -0.28459;3.44301;1
 -76.48627;10.14604;      -0.28446;3.44301;1
 -76.51858;10.14937;      -0.28431;3.44300;1
 -76.55088;10.15271;      -0.28415;3.44300;1
 -76.58321;10.15604;      -0.28398;3.44299;1
 -76.61555;10.15937;      -0.28380;3.44299;1
 -76.64793;10.16271;      -0.28365;3.44299;1
 -76.68033;10.16604;      -0.28349;3.44298;1
 -76.71271;10.16937;      -0.28339;3.44298;1
 -76.74515;10.17271;      -0.28329;3.44297;1
 -76.77758;10.17604;      -0.28317;3.44297;1
 -76.81000;10.17937;      -0.28304;3.44297;1
 -76.84244;10.18270;      -0.28287;3.44296;1
 -76.87488;10.18604;      -0.28272;3.44296;1
 -76.90734;10.18937;      -0.28256;3.44295;1
 -76.93984;10.19270;      -0.28244;3.44295;1
 -76.97238;10.19604;      -0.28233;3.44294;1
 -77.00490;10.19937;      -0.28219;3.44294;1
 -77.03746;10.20270;      -0.28206;3.44294;1
 -77.06999;10.20604;      -0.28198;3.44293;1
 -77.10259;10.20937;      -0.28192;3.44293;1
 -77.13519;10.21270;      -0.28189;3.44292;1
 -77.16783;10.21604;      -0.28184;3.44292;1
 -77.20051;10.21937;      -0.28176;3.44291;1
 -77.23317;10.22270;      -0.28167;3.44291;1
 -77.26588;10.22604;      -0.28160;3.44290;1
 -77.29864;10.22937;      -0.28154;3.44290;1
 -77.33144;10.23270;      -0.28149;3.44290;1
 -77.36422;10.23603;      -0.28149;3.44289;1
 -77.39707;10.23937;      -0.28155;3.44289;1
 -77.42998;10.24270;      -0.28158;3.44288;1
 -77.46295;10.24603;      -0.28159;3.44288;1
 -77.49596;10.24937;      -0.28157;3.44287;1
 -77.52900;10.25270;      -0.28149;3.44287;1
 -77.56209;10.25603;      -0.28144;3.44286;1
 -77.59521;10.25937;      -0.28137;3.44286;1
 -77.62836;10.26270;      -0.28134;3.44286;1
 -77.66160;10.26603;      -0.28135;3.44285;1
 -77.69490;10.26937;      -0.28132;3.44285;1
 -77.72820;10.27270;      -0.28123;3.44284;1
 -77.76155;10.27603;      -0.28116;3.44284;1
 -77.79492;10.27937;      -0.28110;3.44283;1
 -77.82833;10.28270;      -0.28109;3.44283;1
 -77.86180;10.28603;      -0.28111;3.44282;1
 -77.89530;10.28936;      -0.28113;3.44282;1
 -77.92887;10.29270;      -0.28116;3.44281;1
 -77.96250;10.29603;      -0.28116;3.44281;1
 -77.99614;10.29936;      -0.28119;3.44280;1
 -78.02983;10.30270;      -0.28120;3.44280;1
 -78.06357;10.30603;      -0.28121;3.44280;1
 -78.09739;10.30936;      -0.28133;3.44279;1
 -78.13122;10.31270;      -0.28141;3.44279;1
 -78.16510;10.31603;      -0.28149;3.44278;1
 -78.19901;10.31936;      -0.28158;3.44278;1
 -78.23296;10.32270;      -0.28171;3.44277;1
 -78.26697;10.32603;      -0.28187;3.44277;1
 -78.30102;10.32936;      -0.28201;3.44276;1
 -78.33514;10.33270;      -0.28216;3.44276;1
 -78.36925;10.33603;      -0.28230;3.44275;1
 -78.40340;10.33936;      -0.28242;3.44275;1
 -78.43761;10.34269;      -0.28253;3.44274;1
 -78.47183;10.34603;      -0.28262;3.44274;1
 -78.50611;10.34936;      -0.28274;3.44273;1
 -78.54039;10.35269;      -0.28284;3.44273;1
 -78.57472;10.35603;      -0.28294;3.44272;1
 -78.60907;10.35936;      -0.28302;3.44272;1
 -78.64342;10.36269;      -0.28311;3.44271;1
 -78.67780;10.36603;      -0.28323;3.44271;1
 -78.71224;10.36936;      -0.28342;3.44270;1
 -78.74675;10.37269;      -0.28365;3.44270;1
 -78.78124;10.37603;      -0.28387;3.44269;1
 -78.81577;10.37936;      -0.28407;3.44269;1
 -78.85031;10.38269;      -0.28427;3.44268;1
 -78.88488;10.38603;      -0.28444;3.44268;1
 -78.91953;10.38936;      -0.28461;3.44267;1
 -78.95418;10.39269;      -0.28480;3.44267;1
 -78.98886;10.39602;      -0.28501;3.44266;1
 -79.02352;10.39936;      -0.28518;3.44266;1
 -79.05822;10.40269;      -0.28539;3.44265;1
 -79.09297;10.40602;      -0.28567;3.44265;1
 -79.12778;10.40936;      -0.28599;3.44264;1
 -79.16261;10.41269;      -0.28634;3.44264;1
 -79.19746;10.41602;      -0.28666;3.44263;1
 -79.23230;10.41936;      -0.28691;3.44263;1
 -79.26718;10.42269;      -0.28714;3.44262;1
 -79.30206;10.42602;      -0.28740;3.44262;1
 -79.33698;10.42936;      -0.28767;3.44261;1
 -79.37187;10.43269;      -0.28792;3.44261;1
 -79.40674;10.43602;      -0.28817;3.44260;1
 -79.44167;10.43936;      -0.28844;3.44260;1
 -79.47659;10.44269;      -0.28875;3.44259;1
 -79.51148;10.44602;      -0.28904;3.44259;1
 -79.54639;10.44935;      -0.28935;3.44258;1
 -79.58132;10.45269;      -0.28967;3.44258;1
 -79.61623;10.45602;      -0.28997;3.44257;1
 -79.65110;10.45935;      -0.29024;3.44257;1
 -79.68599;10.46269;      -0.29047;3.44256;1
 -79.72087;10.46602;      -0.29059;3.44256;1
 -79.75571;10.46935;      -0.29066;3.44255;1
 -79.79052;10.47269;      -0.29078;3.44255;1
 -79.82534;10.47602;      -0.29105;3.44254;1
 -79.86014;10.47935;      -0.29137;3.44254;1
 -79.89498;10.48269;      -0.29159;3.44253;1
 -79.92974;10.48602;      -0.29174;3.44253;1
 -79.96450;10.48935;      -0.29193;3.44252;1
 -79.99929;10.49269;      -0.29200;3.44252;1
 -80.03405;10.49602;      -0.29246;3.44251;1
 -80.06876;10.49935;      -0.29281;3.44250;1
 -80.10348;10.50268;      -0.29306;3.44250;1
 -80.13814;10.50602;      -0.29329;3.44249;1
 -80.17281;10.50935;      -0.29350;3.44249;1
 -80.20745;10.51268;      -0.29356;3.44248;1
 -80.24208;10.51602;      -0.29359;3.44248;1
 -80.27667;10.51935;      -0.29370;3.44247;1
 -80.31123;10.52268;      -0.29377;3.44247;1
 -80.34580;10.52602;      -0.29375;3.44246;1
 -80.38035;10.52935;      -0.29379;3.44246;1
 -80.41482;10.53268;      -0.29382;3.44245;1
 -80.44925;10.53602;      -0.29387;3.44245;1
 -80.48370;10.53935;      -0.29392;3.44244;1
 -80.51812;10.54268;      -0.29397;3.44244;1
 -80.55248;10.54602;      -0.29405;3.44243;1
 -80.58687;10.54935;      -0.29413;3.44243;1
 -80.62122;10.55268;      -0.29417;3.44242;1
 -80.65557;10.55601;      -0.29417;3.44242;1
 -80.68987;10.55935;      -0.29416;3.44241;1
 -80.72415;10.56268;      -0.29412;3.44240;1
 -80.75842;10.56601;      -0.29410;3.44240;1
 -80.79272;10.56935;      -0.29409;3.44239;1
 -80.82696;10.57268;      -0.29405;3.44239;1
 -80.86118;10.57601;      -0.29401;3.44238;1
 -80.89544;10.57935;      -0.29395;3.44238;1
 -80.92967;10.58268;      -0.29390;3.44237;1
 -80.96390;10.58601;      -0.29379;3.44237;1
 -80.99811;10.58935;      -0.29365;3.44236;1
 -81.03228;10.59268;      -0.29354;3.44236;1
 -81.06643;10.59601;      -0.29342;3.44235;1
 -81.10056;10.59935;      -0.29333;3.44235;1
 -81.13469;10.60268;      -0.29323;3.44234;1
 -81.16880;10.60601;      -0.29305;3.44234;1
 -81.20285;10.60935;      -0.29288;3.44233;1
 -81.23690;10.61268;      -0.29270;3.44232;1
 -81.27087;10.61601;      -0.29259;3.44232;1
 -81.30481;10.61934;      -0.29251;3.44231;1
 -81.33875;10.62268;      -0.29238;3.44231;1
 -81.37270;10.62601;      -0.29221;3.44230;1
 -81.40662;10.62934;      -0.29200;3.44230;1
 -81.44053;10.63268;      -0.29180;3.44229;1
 -81.47446;10.63601;      -0.29164;3.44229;1
 -81.50837;10.63934;      -0.29144;3.44228;1
 -81.54224;10.64268;      -0.29114;3.44228;1
 -81.57609;10.64601;      -0.29089;3.44227;1
 -81.60995;10.64934;      -0.29068;3.44227;1
 -81.64376;10.65268;      -0.29052;3.44226;1
 -81.67756;10.65601;      -0.29034;3.44225;1
 -81.71136;10.65934;      -0.29007;3.44225;1
 -81.74518;10.66268;      -0.28982;3.44224;1
 -81.77896;10.66601;      -0.28960;3.44224;1
 -81.81276;10.66934;      -0.28934;3.44223;1
 -81.84657;10.67267;      -0.28913;3.44223;1
 -81.88033;10.67601;      -0.28896;3.44222;1
 -81.91408;10.67934;      -0.28876;3.44222;1
 -81.94783;10.68267;      -0.28858;3.44221;1
 -81.98154;10.68601;      -0.28835;3.44221;1
 -82.01526;10.68934;      -0.28818;3.44220;1
 -82.04898;10.69267;      -0.28801;3.44219;1
 -82.08269;10.69601;      -0.28781;3.44219;1
 -82.11636;10.69934;      -0.28759;3.44218;1
 -82.15006;10.70267;      -0.28732;3.44218;1
 -82.18382;10.70601;      -0.28708;3.44217;1
 -82.21754;10.70934;      -0.28690;3.44217;1
 -82.25124;10.71267;      -0.28673;3.44216;1
 -82.28491;10.71601;      -0.28656;3.44216;1
 -82.31858;10.71934;      -0.28636;3.44215;1
 -82.35223;10.72267;      -0.28623;3.44214;1
 -82.38590;10.72600;      -0.28612;3.44214;1
 -82.41956;10.72934;      -0.28600;3.44213;1
 -82.45324;10.73267;      -0.28590;3.44213;1
 -82.48691;10.73600;      -0.28580;3.44212;1
 -82.52058;10.73934;      -0.28565;3.44212;1
 -82.55425;10.74267;      -0.28548;3.44211;1
 -82.58792;10.74600;      -0.28527;3.44211;1
 -82.62159;10.74934;      -0.28511;3.44210;1
 -82.65525;10.75267;      -0.28497;3.44210;1
 -82.68890;10.75600;      -0.28486;3.44209;1
 -82.72256;10.75934;      -0.28480;3.44208;1
 -82.75621;10.76267;      -0.28472;3.44208;1
 -82.78986;10.76600;      -0.28461;3.44207;1
 -82.82349;10.76934;      -0.28441;3.44207;1
 -82.85708;10.77267;      -0.28427;3.44206;1
 -82.89067;10.77600;      -0.28415;3.44206;1
 -82.92424;10.77933;      -0.28407;3.44205;1
 -82.95775;10.78267;      -0.28405;3.44204;1
 -82.99126;10.78600;      -0.28399;3.44204;1
 -83.02475;10.78933;      -0.28404;3.44203;1
 -83.05823;10.79267;      -0.28414;3.44203;1
 -83.09169;10.79600;      -0.28416;3.44202;1
 -83.12516;10.79933;      -0.28416;3.44202;1
 -83.15859;10.80267;      -0.28402;3.44201;1
 -83.19198;10.80600;      -0.28385;3.44201;1
 -83.22531;10.80933;      -0.28384;3.44200;1
 -83.25867;10.81267;      -0.28384;3.44199;1
 -83.29198;10.81600;      -0.28380;3.44199;1
 -83.32535;10.81933;      -0.28380;3.44198;1
 -83.35868;10.82267;      -0.28374;3.44198;1
 -83.39202;10.82600;      -0.28366;3.44197;1
 -83.42530;10.82933;      -0.28360;3.44197;1
 -83.45857;10.83266;      -0.28351;3.44196;1
 -83.49180;10.83600;      -0.28344;3.44195;1
 -83.52497;10.83933;      -0.28343;3.44195;1
 -83.55813;10.84266;      -0.28337;3.44194;1
 -83.59127;10.84600;      -0.28326;3.44194;1
 -83.62444;10.84933;      -0.28315;3.44193;1
 -83.65756;10.85266;      -0.28312;3.44193;1
 -83.69067;10.85600;      -0.28304;3.44192;1
 -83.72377;10.85933;      -0.28291;3.44191;1
 -83.75685;10.86266;      -0.28277;3.44191;1
 -83.78984;10.86600;      -0.28262;3.44190;1
 -83.82283;10.86933;      -0.28250;3.44190;1
 -83.85582;10.87266;      -0.28245;3.44189;1
 -83.88875;10.87600;      -0.28249;3.44189;1
 -83.92167;10.87933;      -0.28249;3.44188;1
 -83.95454;10.88266;      -0.28233;3.44187;1
 -83.98741;10.88599;      -0.28205;3.44187;1
 -84.02025;10.88933;      -0.28173;3.44186;1
 -84.05307;10.89266;      -0.28153;3.44186;1
 -84.08582;10.89599;      -0.28133;3.44185;1
 -84.11854;10.89933;      -0.28113;3.44185;1
 -84.15126;10.90266;      -0.28088;3.44184;1
 -84.18395;10.90599;      -0.28059;3.44183;1
 -84.21658;10.90933;      -0.28040;3.44183;1
 -84.24917;10.91266;      -0.28027;3.44182;1
 -84.28175;10.91599;      -0.28009;3.44182;1
 -84.31435;10.91933;      -0.27980;3.44181;1
 -84.34689;10.92266;      -0.27957;3.44181;1
 -84.37944;10.92599;      -0.27936;3.44180;1
 -84.41198;10.92933;      -0.27910;3.44179;1
 -84.44446;10.93266;      -0.27879;3.44179;1
 -84.47689;10.93599;      -0.27853;3.44178;1
 -84.50931;10.93932;      -0.27830;3.44178;1
 -84.54174;10.94266;      -0.27801;3.44177;1
 -84.57413;10.94599;      -0.27779;3.44177;1
 -84.60646;10.94932;      -0.27753;3.44176;1
 -84.63879;10.95266;      -0.27723;3.44175;1
 -84.67108;10.95599;      -0.27686;3.44175;1
 -84.70335;10.95932;      -0.27655;3.44174;1
 -84.73565;10.96266;      -0.27633;3.44174;1
 -84.76793;10.96599;      -0.27600;3.44173;1
 -84.80017;10.96932;      -0.27570;3.44173;1
 -84.83240;10.97266;      -0.27550;3.44172;1
 -84.86460;10.97599;      -0.27528;3.44171;1
 -84.89679;10.97932;      -0.27506;3.44171;1
 -84.92896;10.98266;      -0.27484;3.44170;1
 -84.96117;10.98599;      -0.27454;3.44170;1
 -84.99331;10.98932;      -0.27423;3.44169;1
 -85.02546;10.99265;      -0.27392;3.44168;1
 -85.05756;10.99599;      -0.27363;3.44168;1
 -85.08968;10.99932;      -0.27337;3.44167;1
 -85.12179;11.00265;      -0.27311;3.44167;1
 -85.15388;11.00599;      -0.27288;3.44166;1
 -85.18600;11.00932;      -0.27260;3.44166;1
 -85.21813;11.01265;      -0.27234;3.44165;1
 -85.25020;11.01599;      -0.27207;3.44164;1
 -85.28233;11.01932;      -0.27180;3.44164;1
 -85.31441;11.02265;      -0.27156;3.44163;1
 -85.34646;11.02599;      -0.27134;3.44163;1
 -85.37849;11.02932;      -0.27108;3.44162;1
 -85.41053;11.03265;      -0.27085;3.44161;1
 -85.44257;11.03599;      -0.27063;3.44161;1
 -85.47460;11.03932;      -0.27039;3.44160;1
 -85.50663;11.04265;      -0.27010;3.44160;1
 -85.53868;11.04598;      -0.26976;3.44159;1
 -85.57075;11.04932;      -0.26950;3.44159;1
 -85.60276;11.05265;      -0.26929;3.44158;1
 -85.63478;11.05598;      -0.26911;3.44157;1
 -85.66683;11.05932;      -0.26890;3.44157;1
 -85.69886;11.06265;      -0.26870;3.44156;1
 -85.73090;11.06598;      -0.26848;3.44156;1
 -85.76299;11.06932;      -0.26826;3.44155;1
 -85.79508;11.07265;      -0.26802;3.44154;1
 -85.82714;11.07598;      -0.26784;3.44154;1
 -85.85924;11.07932;      -0.26767;3.44153;1
 -85.89136;11.08265;      -0.26749;3.44153;1
 -85.92348;11.08598;      -0.26752;3.44152;1
 -85.95561;11.08932;      -0.26754;3.44151;1
 -85.98774;11.09265;      -0.26744;3.44151;1
 -86.01992;11.09598;      -0.26722;3.44150;1
 -86.05217;11.09931;      -0.26703;3.44150;1
 -86.08440;11.10265;      -0.26683;3.44149;1
 -86.11665;11.10598;      -0.26667;3.44148;1
 -86.14885;11.10931;      -0.26650;3.44148;1
 -86.18105;11.11265;      -0.26637;3.44147;1
 -86.21334;11.11598;      -0.26628;3.44147;1
 -86.24567;11.11931;      -0.26613;3.44146;1
 -86.27798;11.12265;      -0.26598;3.44145;1
 -86.31032;11.12598;      -0.26582;3.44145;1
 -86.34263;11.12931;      -0.26562;3.44144;1
 -86.37497;11.13265;      -0.26548;3.44144;1
 -86.40731;11.13598;      -0.26534;3.44143;1
 -86.43966;11.13931;      -0.26530;3.44142;1
 -86.47208;11.14265;      -0.26527;3.44142;1
 -86.50451;11.14598;      -0.26520;3.44141;1
 -86.53689;11.14931;      -0.26513;3.44141;1
 -86.56929;11.15264;      -0.26498;3.44140;1
 -86.60171;11.15598;      -0.26480;3.44139;1
 -86.63413;11.15931;      -0.26470;3.44139;1
 -86.66656;11.16264;      -0.26462;3.44138;1
 -86.69899;11.16598;      -0.26455;3.44138;1
 -86.73148;11.16931;      -0.26452;3.44137;1
 -86.76395;11.17264;      -0.26449;3.44136;1
 -86.79647;11.17598;      -0.26450;3.44136;1
 -86.82902;11.17931;      -0.26452;3.44135;1
 -86.86156;11.18264;      -0.26457;3.44134;1
 -86.89415;11.18598;      -0.26453;3.44134;1
 -86.92672;11.18931;      -0.26447;3.44133;1
 -86.95937;11.19264;      -0.26444;3.44133;1
 -86.99202;11.19598;      -0.26434;3.44132;1
 -87.02471;11.19931;      -0.26426;3.44131;1
 -87.05740;11.20264;      -0.26421;3.44131;1
 -87.09012;11.20597;      -0.26423;3.44130;1
 -87.12286;11.20931;      -0.26426;3.44129;1
 -87.15562;11.21264;      -0.26429;3.44129;1
 -87.18841;11.21597;      -0.26426;3.44128;1
 -87.22126;11.21931;      -0.26422;3.44128;1
 -87.25407;11.22264;      -0.26426;3.44127;1
 -87.28689;11.22597;      -0.26429;3.44126;1
 -87.31978;11.22931;      -0.26427;3.44126;1
 -87.35268;11.23264;      -0.26417;3.44125;1
 -87.38559;11.23597;      -0.26415;3.44124;1
 -87.41852;11.23931;      -0.26421;3.44124;1
 -87.45145;11.24264;      -0.26427;3.44123;1
 -87.48443;11.24597;      -0.26429;3.44122;1
 -87.51738;11.24931;      -0.26438;3.44122;1
 -87.55036;11.25264;      -0.26445;3.44121;1
 -87.58339;11.25597;      -0.26449;3.44120;1
 -87.61643;11.25930;      -0.26447;3.44120;1
 -87.64950;11.26264;      -0.26444;3.44119;1
 -87.68255;11.26597;      -0.26441;3.44119;1
 -87.71562;11.26930;      -0.26440;3.44118;1
 -87.74871;11.27264;      -0.26445;3.44117;1
 -87.78179;11.27597;      -0.26449;3.44117;1
 -87.81489;11.27930;      -0.26447;3.44116;1
 -87.84797;11.28264;      -0.26457;3.44115;1
 -87.88108;11.28597;      -0.26458;3.44115;1
 -87.91419;11.28930;      -0.26459;3.44114;1
 -87.94730;11.29264;      -0.26461;3.44113;1
 -87.98044;11.29597;      -0.26467;3.44113;1
 -88.01358;11.29930;      -0.26478;3.44112;1
 -88.04669;11.30264;      -0.26482;3.44111;1
 -88.07982;11.30597;      -0.26485;3.44111;1
 -88.11295;11.30930;      -0.26496;3.44110;1
 -88.14614;11.31263;      -0.26503;3.44109;1
 -88.17932;11.31597;      -0.26506;3.44109;1
 -88.21243;11.31930;      -0.26511;3.44108;1
 -88.24556;11.32263;      -0.26512;3.44107;1
 -88.27869;11.32597;      -0.26519;3.44107;1
 -88.31182;11.32930;      -0.26529;3.44106;1
 -88.34498;11.33263;      -0.26536;3.44105;1
 -88.37811;11.33597;      -0.26546;3.44105;1
 -88.41128;11.33930;      -0.26552;3.44104;1
 -88.44446;11.34263;      -0.26561;3.44103;1
 -88.47764;11.34597;      -0.26561;3.44103;1
 -88.51080;11.34930;      -0.26564;3.44102;1
 -88.54398;11.35263;      -0.26573;3.44101;1
 -88.57721;11.35597;      -0.26579;3.44101;1
 -88.61042;11.35930;      -0.26582;3.44100;1
 -88.64365;11.36263;      -0.26591;3.44099;1
 -88.67692;11.36596;      -0.26602;3.44099;1
 -88.71011;11.36930;      -0.26609;3.44098;1
 -88.74330;11.37263;      -0.26610;3.44097;1
 -88.77651;11.37596;      -0.26609;3.44097;1
 -88.80972;11.37930;      -0.26611;3.44096;1
 -88.84291;11.38263;      -0.26613;3.44095;1
 -88.87610;11.38596;      -0.26616;3.44095;1
 -88.90925;11.38930;      -0.26618;3.44094;1
 -88.94241;11.39263;      -0.26617;3.44093;1
 -88.97556;11.39596;      -0.26617;3.44093;1
 -89.00872;11.39930;      -0.26620;3.44092;1
 -89.04185;11.40263;      -0.26627;3.44091;1
 -89.07494;11.40596;      -0.26632;3.44091;1
 -89.10804;11.40930;      -0.26634;3.44090;1
 -89.14114;11.41263;      -0.26634;3.44089;1
 -89.17419;11.41596;      -0.26631;3.44089;1
 -89.20727;11.41930;      -0.26629;3.44088;1
 -89.24032;11.42263;      -0.26627;3.44087;1
 -89.27337;11.42596;      -0.26625;3.44087;1
 -89.30649;11.42929;      -0.26623;3.44086;1
 -89.33953;11.43263;      -0.26619;3.44085;1
 -89.37256;11.43596;      -0.26614;3.44085;1
 -89.40558;11.43929;      -0.26612;3.44084;1
 -89.43862;11.44263;      -0.26599;3.44083;1
 -89.47167;11.44596;      -0.26589;3.44083;1
 -89.50470;11.44929;      -0.26582;3.44082;1
 -89.53775;11.45263;      -0.26576;3.44081;1
 -89.57077;11.45596;      -0.26569;3.44081;1
 -89.60379;11.45929;      -0.26563;3.44080;1
 -89.63684;11.46263;      -0.26558;3.44079;1
 -89.66987;11.46596;      -0.26552;3.44078;1
 -89.70286;11.46929;      -0.26545;3.44078;1
 -89.73586;11.47263;      -0.26540;3.44077;1
 -89.76884;11.47596;      -0.26536;3.44076;1
 -89.80183;11.47929;      -0.26535;3.44076;1
 -89.83485;11.48262;      -0.26533;3.44075;1
 -89.86786;11.48596;      -0.26533;3.44074;1
 -89.90087;11.48929;      -0.26535;3.44074;1
 -89.93391;11.49262;      -0.26534;3.44073;1
 -89.96699;11.49596;      -0.26535;3.44072;1
 -90.00007;11.49929;      -0.26527;3.44072;1
 -90.03311;11.50262;      -0.26522;3.44071;1
 -90.06612;11.50596;      -0.26519;3.44070;1
 -90.09921;11.50929;      -0.26520;3.44069;1
 -90.13227;11.51262;      -0.26521;3.44069;1
 -90.16530;11.51596;      -0.26523;3.44068;1
 -90.19835;11.51929;      -0.26523;3.44067;1
 -90.23144;11.52262;      -0.26521;3.44067;1
 -90.26454;11.52596;      -0.26518;3.44066;1
 -90.29765;11.52929;      -0.26515;3.44065;1
 -90.33078;11.53262;      -0.26512;3.44065;1
 -90.36388;11.53595;      -0.26511;3.44064;1
 -90.39700;11.53929;      -0.26508;3.44063;1
 -90.43012;11.54262;      -0.26506;3.44063;1
 -90.46323;11.54595;      -0.26497;3.44062;1
 -90.49636;11.54929;      -0.26479;3.44061;1
 -90.52947;11.55262;      -0.26473;3.44060;1
 -90.56260;11.55595;      -0.26466;3.44060;1
 -90.59573;11.55929;      -0.26457;3.44059;1
 -90.62884;11.56262;      -0.26447;3.44058;1
 -90.66197;11.56595;      -0.26437;3.44058;1
 -90.69509;11.56929;      -0.26431;3.44057;1
 -90.72825;11.57262;      -0.26430;3.44056;1
 -90.76140;11.57595;      -0.26425;3.44055;1
 -90.79459;11.57929;      -0.26418;3.44055;1
 -90.82775;11.58262;      -0.26412;3.44054;1
 -90.86093;11.58595;      -0.26408;3.44053;1
 -90.89411;11.58928;      -0.26401;3.44053;1
 -90.92731;11.59262;      -0.26393;3.44052;1
 -90.96052;11.59595;      -0.26384;3.44051;1
 -90.99373;11.59928;      -0.26376;3.44050;1
 -91.02697;11.60262;      -0.26368;3.44050;1
 -91.06023;11.60595;      -0.26363;3.44049;1
 -91.09356;11.60928;      -0.26359;3.44048;1
 -91.12683;11.61262;      -0.26355;3.44048;1
 -91.16015;11.61595;      -0.26350;3.44047;1
 -91.19351;11.61928;      -0.26342;3.44046;1
 -91.22686;11.62262;      -0.26338;3.44045;1
 -91.26020;11.62595;      -0.26342;3.44045;1
 -91.29355;11.62928;      -0.26342;3.44044;1
 -91.32690;11.63262;      -0.26341;3.44043;1
 -91.36028;11.63595;      -0.26338;3.44043;1
 -91.39368;11.63928;      -0.26334;3.44042;1
 -91.42712;11.64261;      -0.26332;3.44041;1
 -91.46053;11.64595;      -0.26333;3.44040;1
 -91.49395;11.64928;      -0.26334;3.44040;1
 -91.52738;11.65261;      -0.26331;3.44039;1
 -91.56080;11.65595;      -0.26330;3.44038;1
 -91.59425;11.65928;      -0.26324;3.44037;1
 -91.62771;11.66261;      -0.26318;3.44037;1
 -91.66114;11.66595;      -0.26310;3.44036;1
 -91.69456;11.66928;      -0.26304;3.44035;1
 -91.72805;11.67261;      -0.26303;3.44035;1
 -91.76153;11.67595;      -0.26299;3.44034;1
 -91.79500;11.67928;      -0.26298;3.44033;1
 -91.82849;11.68261;      -0.26299;3.44032;1
 -91.86197;11.68595;      -0.26294;3.44032;1
 -91.89545;11.68928;      -0.26287;3.44031;1
 -91.92895;11.69261;      -0.26279;3.44030;1
 -91.96241;11.69594;      -0.26272;3.44029;1
 -91.99583;11.69928;      -0.26271;3.44029;1
 -92.02926;11.70261;      -0.26272;3.44028;1
 -92.06273;11.70594;      -0.26269;3.44027;1
 -92.09625;11.70928;      -0.26267;3.44026;1
 -92.12971;11.71261;      -0.26267;3.44026;1
 -92.16320;11.71594;      -0.26268;3.44025;1
 -92.19670;11.71928;      -0.26270;3.44024;1
 -92.23020;11.72261;      -0.26272;3.44023;1
 -92.26368;11.72594;      -0.26276;3.44023;1
 -92.29717;11.72928;      -0.26282;3.44022;1
 -92.33065;11.73261;      -0.26283;3.44021;1
 -92.36411;11.73594;      -0.26284;3.44020;1
 -92.39763;11.73928;      -0.26281;3.44020;1
 -92.43116;11.74261;      -0.26282;3.44019;1
 -92.46471;11.74594;      -0.26280;3.44018;1
 -92.49822;11.74927;      -0.26277;3.44017;1
 -92.53172;11.75261;      -0.26275;3.44017;1
 -92.56525;11.75594;      -0.26276;3.44016;1
 -92.59883;11.75927;      -0.26280;3.44015;1
 -92.63240;11.76261;      -0.26283;3.44014;1
 -92.66602;11.76594;      -0.26286;3.44014;1
 -92.69963;11.76927;      -0.26288;3.44013;1
 -92.73322;11.77261;      -0.26290;3.44012;1
 -92.76682;11.77594;      -0.26291;3.44011;1
 -92.80044;11.77927;      -0.26295;3.44011;1
 -92.83404;11.78261;      -0.26296;3.44010;1
 -92.86768;11.78594;      -0.26297;3.44009;1
 -92.90135;11.78927;      -0.26297;3.44008;1
 -92.93504;11.79261;      -0.26295;3.44008;1
 -92.96872;11.79594;      -0.26289;3.44007;1
 -93.00243;11.79927;      -0.26280;3.44006;1
 -93.03613;11.80260;      -0.26268;3.44005;1
 -93.06981;11.80594;      -0.26259;3.44004;1
 -93.10349;11.80927;      -0.26251;3.44004;1
 -93.13714;11.81260;      -0.26237;3.44003;1
 -93.17084;11.81594;      -0.26230;3.44002;1
 -93.20451;11.81927;      -0.26224;3.44001;1
 -93.23814;11.82260;      -0.26223;3.44001;1
 -93.27180;11.82594;      -0.26226;3.44000;1
 -93.30547;11.82927;      -0.26226;3.43999;1
 -93.33915;11.83260;      -0.26222;3.43998;1
 -93.37280;11.83594;      -0.26217;3.43998;1
 -93.40647;11.83927;      -0.26213;3.43997;1
 -93.44017;11.84260;      -0.26210;3.43996;1
 -93.47384;11.84594;      -0.26208;3.43995;1
 -93.50750;11.84927;      -0.26207;3.43994;1
 -93.54115;11.85260;      -0.26206;3.43994;1
 -93.57483;11.85593;      -0.26203;3.43993;1
 -93.60852;11.85927;      -0.26200;3.43992;1
 -93.64218;11.86260;      -0.26196;3.43991;1
 -93.67584;11.86593;      -0.26183;3.43991;1
 -93.70954;11.86927;      -0.26175;3.43990;1
 -93.74322;11.87260;      -0.26173;3.43989;1
 -93.77689;11.87593;      -0.26172;3.43988;1
 -93.81057;11.87927;      -0.26170;3.43987;1
 -93.84428;11.88260;      -0.26167;3.43987;1
 -93.87800;11.88593;      -0.26165;3.43986;1
 -93.91171;11.88927;      -0.26164;3.43985;1
 -93.94540;11.89260;      -0.26163;3.43984;1
 -93.97911;11.89593;      -0.26162;3.43984;1
 -94.01285;11.89927;      -0.26155;3.43983;1
 -94.04661;11.90260;      -0.26153;3.43982;1
 -94.08035;11.90593;      -0.26154;3.43981;1
 -94.11410;11.90926;      -0.26156;3.43980;1
 -94.14785;11.91260;      -0.26158;3.43980;1
 -94.18160;11.91593;      -0.26160;3.43979;1
 -94.21531;11.91926;      -0.26167;3.43978;1
 -94.24906;11.92260;      -0.26167;3.43977;1
 -94.28285;11.92593;      -0.26168;3.43976;1
 -94.31665;11.92926;      -0.26171;3.43976;1
 -94.35041;11.93260;      -0.26174;3.43975;1
 -94.38416;11.93593;      -0.26176;3.43974;1
 -94.41793;11.93926;      -0.26182;3.43973;1
 -94.45163;11.94260;      -0.26185;3.43972;1
 -94.48532;11.94593;      -0.26191;3.43972;1
 -94.51900;11.94926;      -0.26192;3.43971;1
 -94.55272;11.95260;      -0.26190;3.43970;1
 -94.58648;11.95593;      -0.26187;3.43969;1
 -94.62019;11.95926;      -0.26183;3.43968;1
 -94.65381;11.96259;      -0.26178;3.43968;1
 -94.68745;11.96593;      -0.26176;3.43967;1
 -94.72107;11.96926;      -0.26177;3.43966;1
 -94.75470;11.97259;      -0.26175;3.43965;1
 -94.78835;11.97593;      -0.26177;3.43965;1
 -94.82194;11.97926;      -0.26176;3.43964;1
 -94.85553;11.98259;      -0.26170;3.43963;1
 -94.88912;11.98593;      -0.26158;3.43962;1
 -94.92268;11.98926;      -0.26150;3.43961;1
 -94.95627;11.99259;      -0.26146;3.43960;1
 -94.98985;11.99593;      -0.26142;3.43960;1
 -95.02344;11.99926;      -0.26139;3.43959;1
 -95.05697;12.00259;      -0.26137;3.43958;1
 -95.09052;12.00593;      -0.26135;3.43957;1
 -95.12408;12.00926;      -0.26132;3.43956;1
 -95.15764;12.01259;      -0.26129;3.43956;1
 -95.19122;12.01592;      -0.26125;3.43955;1
 -95.22474;12.01926;      -0.26123;3.43954;1
 -95.25826;12.02259;      -0.26118;3.43953;1
 -95.29184;12.02592;      -0.26111;3.43952;1
 -95.32544;12.02926;      -0.26100;3.43952;1
 -95.35899;12.03259;      -0.26089;3.43951;1
 -95.39253;12.03592;      -0.26083;3.43950;1
 -95.42612;12.03926;      -0.26077;3.43949;1
 -95.45970;12.04259;      -0.26072;3.43948;1
 -95.49320;12.04592;      -0.26070;3.43948;1
 -95.52672;12.04926;      -0.26071;3.43947;1
 -95.56029;12.05259;      -0.26068;3.43946;1
 -95.59387;12.05592;      -0.26065;3.43945;1
 -95.62740;12.05926;      -0.26058;3.43944;1
 -95.66091;12.06259;      -0.26051;3.43944;1
 -95.69443;12.06592;      -0.26044;3.43943;1
 -95.72795;12.06925;      -0.26034;3.43942;1
 -95.76147;12.07259;      -0.26026;3.43941;1
 -95.79498;12.07592;      -0.26015;3.43940;1
 -95.82849;12.07925;      -0.26002;3.43939;1
 -95.86194;12.08259;      -0.25991;3.43939;1
 -95.89539;12.08592;      -0.25984;3.43938;1
 -95.92880;12.08925;      -0.25977;3.43937;1
 -95.96224;12.09259;      -0.25965;3.43936;1
 -95.99569;12.09592;      -0.25946;3.43935;1
 -96.02911;12.09925;      -0.25932;3.43935;1
 -96.06249;12.10259;      -0.25925;3.43934;1
 -96.09593;12.10592;      -0.25922;3.43933;1
 -96.12935;12.10925;      -0.25918;3.43932;1
 -96.16274;12.11259;      -0.25914;3.43931;1
 -96.19614;12.11592;      -0.25902;3.43930;1
 -96.22955;12.11925;      -0.25891;3.43930;1
 -96.26297;12.12258;      -0.25887;3.43929;1
 -96.29636;12.12592;      -0.25881;3.43928;1
 -96.32971;12.12925;      -0.25876;3.43927;1
 -96.36306;12.13258;      -0.25868;3.43926;1
 -96.39645;12.13592;      -0.25857;3.43926;1
 -96.42992;12.13925;      -0.25848;3.43925;1
 -96.46331;12.14258;      -0.25842;3.43924;1
 -96.49676;12.14592;      -0.25833;3.43923;1
 -96.53020;12.14925;      -0.25824;3.43922;1
 -96.56364;12.15258;      -0.25815;3.43921;1
 -96.59705;12.15592;      -0.25809;3.43921;1
 -96.63038;12.15925;      -0.25803;3.43920;1
 -96.66377;12.16258;      -0.25796;3.43919;1
 -96.69718;12.16592;      -0.25792;3.43918;1
 -96.73060;12.16925;      -0.25791;3.43917;1
 -96.76398;12.17258;      -0.25786;3.43916;1
 -96.79736;12.17591;      -0.25782;3.43916;1
 -96.83072;12.17925;      -0.25776;3.43915;1
 -96.86411;12.18258;      -0.25771;3.43914;1
 -96.89747;12.18591;      -0.25763;3.43913;1
 -96.93084;12.18925;      -0.25754;3.43912;1
 -96.96419;12.19258;      -0.25748;3.43911;1
 -96.99752;12.19591;      -0.25738;3.43911;1
 -97.03085;12.19925;      -0.25730;3.43910;1
 -97.06414;12.20258;      -0.25721;3.43909;1
 -97.09742;12.20591;      -0.25709;3.43908;1
 -97.13073;12.20925;      -0.25701;3.43907;1
 -97.16401;12.21258;      -0.25692;3.43906;1
 -97.19731;12.21591;      -0.25682;3.43906;1
 -97.23055;12.21925;      -0.25675;3.43905;1
 -97.26387;12.22258;      -0.25664;3.43904;1
 -97.29713;12.22591;      -0.25649;3.43903;1
 -97.33037;12.22924;      -0.25634;3.43902;1
 -97.36359;12.23258;      -0.25623;3.43901;1
 -97.39684;12.23591;      -0.25611;3.43900;1
 -97.43009;12.23924;      -0.25595;3.43900;1
 -97.46332;12.24258;      -0.25582;3.43899;1
 -97.49656;12.24591;      -0.25575;3.43898;1
 -97.52982;12.24924;      -0.25569;3.43897;1
 -97.56304;12.25258;      -0.25562;3.43896;1
 -97.59623;12.25591;      -0.25553;3.43895;1
 -97.62943;12.25924;      -0.25545;3.43895;1
 -97.66260;12.26258;      -0.25538;3.43894;1
 -97.69580;12.26591;      -0.25532;3.43893;1
 -97.72899;12.26924;      -0.25525;3.43892;1
 -97.76216;12.27258;      -0.25518;3.43891;1
 -97.79527;12.27591;      -0.25511;3.43890;1
 -97.82842;12.27924;      -0.25504;3.43890;1
 -97.86152;12.28258;      -0.25496;3.43889;1
 -97.89473;12.28591;      -0.25486;3.43888;1
 -97.92793;12.28924;      -0.25476;3.43887;1
 -97.96110;12.29257;      -0.25464;3.43886;1
 -97.99426;12.29591;      -0.25453;3.43885;1
 -98.02741;12.29924;      -0.25442;3.43884;1
 -98.06058;12.30257;      -0.25431;3.43884;1
 -98.09373;12.30591;      -0.25421;3.43883;1
 -98.12684;12.30924;      -0.25409;3.43882;1
 -98.15998;12.31257;      -0.25400;3.43881;1
 -98.19312;12.31591;      -0.25389;3.43880;1
 -98.22622;12.31924;      -0.25382;3.43879;1
 -98.25931;12.32257;      -0.25375;3.43878;1
 -98.29242;12.32591;      -0.25365;3.43878;1
 -98.32556;12.32924;      -0.25354;3.43877;1
 -98.35869;12.33257;      -0.25344;3.43876;1
 -98.39177;12.33591;      -0.25333;3.43875;1
 -98.42482;12.33924;      -0.25330;3.43874;1
 -98.45781;12.34257;      -0.25331;3.43873;1
 -98.49087;12.34590;      -0.25325;3.43872;1
 -98.52392;12.34924;      -0.25317;3.43872;1
 -98.55699;12.35257;      -0.25311;3.43871;1
 -98.59006;12.35590;      -0.25308;3.43870;1
 -98.62315;12.35924;      -0.25304;3.43869;1
 -98.65634;12.36257;      -0.25294;3.43868;1
 -98.68949;12.36590;      -0.25286;3.43867;1
 -98.72265;12.36924;      -0.25279;3.43866;1
 -98.75577;12.37257;      -0.25274;3.43866;1
 -98.78889;12.37590;      -0.25272;3.43865;1
 -98.82205;12.37924;      -0.25264;3.43864;1
 -98.85523;12.38257;      -0.25255;3.43863;1
 -98.88839;12.38590;      -0.25246;3.43862;1
 -98.92163;12.38924;      -0.25237;3.43861;1
 -98.95488;12.39257;      -0.25230;3.43860;1
 -98.98812;12.39590;      -0.25221;3.43859;1
 -99.02136;12.39923;      -0.25212;3.43859;1
 -99.05463;12.40257;      -0.25206;3.43858;1
 -99.08793;12.40590;      -0.25200;3.43857;1
 -99.12127;12.40923;      -0.25194;3.43856;1
 -99.15457;12.41257;      -0.25192;3.43855;1
 -99.18789;12.41590;      -0.25185;3.43854;1
 -99.22122;12.41923;      -0.25174;3.43853;1
 -99.25459;12.42257;      -0.25165;3.43852;1
 -99.28793;12.42590;      -0.25163;3.43852;1
 -99.32133;12.42923;      -0.25158;3.43851;1
 -99.35471;12.43257;      -0.25143;3.43850;1
 -99.38809;12.43590;      -0.25135;3.43849;1
 -99.42152;12.43923;      -0.25129;3.43848;1
 -99.45495;12.44257;      -0.25119;3.43847;1
 -99.48837;12.44590;      -0.25110;3.43846;1
 -99.52184;12.44923;      -0.25104;3.43845;1
 -99.55534;12.45256;      -0.25098;3.43844;1
 -99.58885;12.45590;      -0.25090;3.43844;1
 -99.62239;12.45923;      -0.25084;3.43843;1
 -99.65593;12.46256;      -0.25080;3.43842;1
 -99.68951;12.46590;      -0.25077;3.43841;1
 -99.72310;12.46923;      -0.25079;3.43840;1
 -99.75668;12.47256;      -0.25077;3.43839;1
 -99.79029;12.47590;      -0.25076;3.43838;1
 -99.82394;12.47923;      -0.25076;3.43837;1
 -99.85761;12.48256;      -0.25075;3.43836;1
 -99.89131;12.48590;      -0.25073;3.43836;1
 -99.92497;12.48923;      -0.25071;3.43835;1
 -99.95864;12.49256;      -0.25069;3.43834;1
 -99.99236;12.49590;      -0.25056;3.43833;1
-100.02606;12.49923;      -0.25046;3.43832;1
-100.05979;12.50256;      -0.25042;3.43831;1
-100.09353;12.50589;      -0.25039;3.43830;1
-100.12731;12.50923;      -0.25039;3.43829;1
-100.16113;12.51256;      -0.25048;3.43828;1
-100.19491;12.51589;      -0.25054;3.43827;1
-100.22867;12.51923;      -0.25063;3.43826;1
-100.26247;12.52256;      -0.25073;3.43826;1
-100.29625;12.52589;      -0.25075;3.43825;1
-100.33005;12.52923;      -0.25076;3.43824;1
-100.36387;12.53256;      -0.25077;3.43823;1
-100.39770;12.53589;      -0.25079;3.43822;1
-100.43156;12.53923;      -0.25079;3.43821;1
-100.46545;12.54256;      -0.25077;3.43820;1
-100.49936;12.54589;      -0.25076;3.43819;1
-100.53328;12.54923;      -0.25079;3.43818;1
-100.56721;12.55256;      -0.25080;3.43817;1
-100.60114;12.55589;      -0.25079;3.43816;1
-100.63510;12.55922;      -0.25079;3.43815;1
-100.66906;12.56256;      -0.25081;3.43815;1
-100.70294;12.56589;      -0.25083;3.43814;1
-100.73683;12.56922;      -0.25088;3.43813;1
-100.77072;12.57256;      -0.25095;3.43812;1
-100.80461;12.57589;      -0.25098;3.43811;1
-100.83855;12.57922;      -0.25103;3.43810;1
-100.87246;12.58256;      -0.25107;3.43809;1
-100.90635;12.58589;      -0.25109;3.43808;1
-100.94029;12.58922;      -0.25108;3.43807;1
-100.97413;12.59256;      -0.25107;3.43806;1
-101.00796;12.59589;      -0.25107;3.43805;1
-101.04180;12.59922;      -0.25109;3.43804;1
-101.07560;12.60256;      -0.25110;3.43803;1
-101.10943;12.60589;      -0.25111;3.43802;1
-101.14324;12.60922;      -0.25108;3.43802;1
-101.17704;12.61255;      -0.25110;3.43801;1
-101.21083;12.61589;      -0.25111;3.43800;1
-101.24460;12.61922;      -0.25111;3.43799;1
-101.27833;12.62255;      -0.25108;3.43798;1
-101.31204;12.62589;      -0.25104;3.43797;1
-101.34574;12.62922;      -0.25103;3.43796;1
-101.37942;12.63255;      -0.25102;3.43795;1
-101.41308;12.63589;      -0.25104;3.43794;1
-101.44678;12.63922;      -0.25104;3.43793;1
-101.48044;12.64255;      -0.25099;3.43792;1
-101.51405;12.64589;      -0.25094;3.43791;1
-101.54766;12.64922;      -0.25091;3.43790;1
-101.58121;12.65255;      -0.25087;3.43789;1
-101.61474;12.65589;      -0.25084;3.43789;1
-101.64822;12.65922;      -0.25081;3.43788;1
-101.68171;12.66255;      -0.25075;3.43787;1
-101.71521;12.66588;      -0.25068;3.43786;1
-101.74868;12.66922;      -0.25063;3.43785;1
-101.78212;12.67255;      -0.25057;3.43784;1
-101.81555;12.67588;      -0.25045;3.43783;1
-101.84889;12.67922;      -0.25035;3.43782;1
-101.88226;12.68255;      -0.25029;3.43781;1
-101.91560;12.68588;      -0.25019;3.43780;1
-101.94891;12.68922;      -0.25008;3.43779;1
-101.98222;12.69255;      -0.25001;3.43778;1
-102.01552;12.69588;      -0.24983;3.43777;1
-102.04878;12.69922;      -0.24967;3.43776;1
-102.08204;12.70255;      -0.24959;3.43775;1
-102.11524;12.70588;      -0.24946;3.43775;1
-102.14846;12.70922;      -0.24931;3.43774;1
-102.18164;12.71255;      -0.24920;3.43773;1
-102.21479;12.71588;      -0.24914;3.43772;1
-102.24798;12.71921;      -0.24905;3.43771;1
-102.28117;12.72255;      -0.24894;3.43770;1
-102.31432;12.72588;      -0.24883;3.43769;1
-102.34745;12.72921;      -0.24876;3.43768;1
-102.38057;12.73255;      -0.24867;3.43767;1
-102.41365;12.73588;      -0.24856;3.43766;1
-102.44676;12.73921;      -0.24846;3.43765;1
-102.47986;12.74255;      -0.24834;3.43764;1
-102.51292;12.74588;      -0.24825;3.43763;1
-102.54596;12.74921;      -0.24817;3.43762;1
-102.57897;12.75255;      -0.24810;3.43761;1
-102.61198;12.75588;      -0.24801;3.43761;1
-102.64494;12.75921;      -0.24790;3.43760;1
-102.67786;12.76255;      -0.24780;3.43759;1
-102.71081;12.76588;      -0.24776;3.43758;1
-102.74378;12.76921;      -0.24771;3.43757;1
-102.77670;12.77254;      -0.24757;3.43756;1
-102.80963;12.77588;      -0.24746;3.43755;1
-102.84255;12.77921;      -0.24732;3.43754;1
-102.87547;12.78254;      -0.24719;3.43753;1
-102.90839;12.78588;      -0.24705;3.43752;1
-102.94128;12.78921;      -0.24692;3.43751;1
-102.97416;12.79254;      -0.24677;3.43750;1
-103.00706;12.79588;      -0.24661;3.43749;1
-103.03993;12.79921;      -0.24645;3.43748;1
-103.07283;12.80254;      -0.24632;3.43747;1
-103.10573;12.80588;      -0.24619;3.43746;1
-103.13860;12.80921;      -0.24607;3.43745;1
-103.17145;12.81254;      -0.24589;3.43745;1
-103.20431;12.81588;      -0.24571;3.43744;1
-103.23718;12.81921;      -0.24557;3.43743;1
-103.27008;12.82254;      -0.24541;3.43742;1
-103.30301;12.82587;      -0.24524;3.43741;1
-103.33593;12.82921;      -0.24512;3.43740;1
-103.36886;12.83254;      -0.24501;3.43739;1
-103.40179;12.83587;      -0.24489;3.43738;1
-103.43474;12.83921;      -0.24477;3.43737;1
-103.46766;12.84254;      -0.24464;3.43736;1
-103.50061;12.84587;      -0.24451;3.43735;1
-103.53363;12.84921;      -0.24436;3.43734;1
-103.56665;12.85254;      -0.24420;3.43733;1
-103.59965;12.85587;      -0.24410;3.43732;1
-103.63264;12.85921;      -0.24401;3.43731;1
-103.66569;12.86254;      -0.24389;3.43730;1
-103.69869;12.86587;      -0.24378;3.43729;1
-103.73171;12.86921;      -0.24368;3.43728;1
-103.76478;12.87254;      -0.24358;3.43727;1
-103.79780;12.87587;      -0.24349;3.43726;1
-103.83087;12.87920;      -0.24342;3.43725;1
-103.86400;12.88254;      -0.24341;3.43724;1
-103.89711;12.88587;      -0.24339;3.43724;1
-103.93024;12.88920;      -0.24331;3.43723;1
-103.96338;12.89254;      -0.24322;3.43722;1
-103.99653;12.89587;      -0.24314;3.43721;1
-104.02966;12.89920;      -0.24303;3.43720;1
-104.06279;12.90254;      -0.24292;3.43719;1
-104.09600;12.90587;      -0.24277;3.43718;1
-104.12925;12.90920;      -0.24258;3.43717;1
-104.16245;12.91254;      -0.24247;3.43716;1
-104.19568;12.91587;      -0.24236;3.43715;1
-104.22887;12.91920;      -0.24221;3.43714;1
-104.26204;12.92254;      -0.24209;3.43713;1
-104.29523;12.92587;      -0.24201;3.43712;1
-104.32844;12.92920;      -0.24189;3.43711;1
-104.36174;12.93253;      -0.24178;3.43710;1
-104.39501;12.93587;      -0.24175;3.43709;1
-104.42830;12.93920;      -0.24171;3.43708;1
-104.46158;12.94253;      -0.24165;3.43707;1
-104.49487;12.94587;      -0.24159;3.43706;1
-104.52817;12.94920;      -0.24153;3.43705;1
-104.56148;12.95253;      -0.24145;3.43704;1
-104.59481;12.95587;      -0.24133;3.43703;1
-104.62812;12.95920;      -0.24128;3.43702;1
-104.66144;12.96253;      -0.24128;3.43701;1
-104.69476;12.96587;      -0.24129;3.43700;1
-104.72805;12.96920;      -0.24129;3.43699;1
-104.76138;12.97253;      -0.24125;3.43698;1
-104.79476;12.97587;      -0.24122;3.43697;1
-104.82818;12.97920;      -0.24120;3.43696;1
-104.86157;12.98253;      -0.24119;3.43695;1
-104.89493;12.98586;      -0.24117;3.43694;1
-104.92827;12.98920;      -0.24115;3.43693;1
-104.96165;12.99253;      -0.24114;3.43692;1
-104.99503;12.99586;      -0.24110;3.43691;1
-105.02843;12.99920;      -0.24108;3.43690;1
-105.06184;13.00253;      -0.24097;3.43689;1
-105.09523;13.00586;      -0.24091;3.43688;1
-105.12865;13.00920;      -0.24087;3.43687;1
-105.16206;13.01253;      -0.24085;3.43686;1
-105.19551;13.01586;      -0.24085;3.43685;1
-105.22891;13.01920;      -0.24082;3.43684;1
-105.26234;13.02253;      -0.24078;3.43683;1
-105.29576;13.02586;      -0.24070;3.43682;1
-105.32917;13.02920;      -0.24063;3.43681;1
-105.36256;13.03253;      -0.24063;3.43680;1
-105.39596;13.03586;      -0.24069;3.43679;1
-105.42938;13.03919;      -0.24072;3.43678;1
-105.46276;13.04253;      -0.24078;3.43677;1
-105.49615;13.04586;      -0.24081;3.43676;1
-105.52950;13.04919;      -0.24078;3.43675;1
-105.56284;13.05253;      -0.24078;3.43674;1
-105.59617;13.05586;      -0.24080;3.43673;1
-105.62952;13.05919;      -0.24083;3.43672;1
-105.66288;13.06253;      -0.24084;3.43671;1
-105.69625;13.06586;      -0.24086;3.43670;1
-105.72964;13.06919;      -0.24083;3.43669;1
-105.76302;13.07253;      -0.24084;3.43668;1
-105.79639;13.07586;      -0.24088;3.43667;1
-105.82979;13.07919;      -0.24091;3.43666;1
-105.86312;13.08253;      -0.24089;3.43665;1
-105.89648;13.08586;      -0.24085;3.43664;1
-105.92986;13.08919;      -0.24086;3.43663;1
-105.96326;13.09253;      -0.24087;3.43662;1
-105.99662;13.09586;      -0.24087;3.43661;1
-106.02997;13.09919;      -0.24086;3.43660;1
-106.06333;13.10252;      -0.24083;3.43659;1
-106.09673;13.10586;      -0.24076;3.43658;1
-106.13008;13.10919;      -0.24069;3.43657;1
-106.16346;13.11252;      -0.24069;3.43656;1
-106.19685;13.11586;      -0.24067;3.43655;1
-106.23027;13.11919;      -0.24064;3.43654;1
-106.26372;13.12252;      -0.24060;3.43653;1
-106.29721;13.12586;      -0.24057;3.43652;1
-106.33066;13.12919;      -0.24050;3.43651;1
-106.36411;13.13252;      -0.24039;3.43650;1
-106.39754;13.13586;      -0.24028;3.43649;1
-106.43098;13.13919;      -0.24022;3.43648;1
-106.46442;13.14252;      -0.24017;3.43647;1
-106.49787;13.14586;      -0.24016;3.43646;1
-106.53133;13.14919;      -0.24017;3.43645;1
-106.56478;13.15252;      -0.24017;3.43644;1
-106.59825;13.15585;      -0.24013;3.43643;1
-106.63174;13.15919;      -0.24011;3.43642;1
-106.66518;13.16252;      -0.24008;3.43641;1
-106.69861;13.16585;      -0.24009;3.43640;1
-106.73207;13.16919;      -0.24009;3.43639;1
-106.76551;13.17252;      -0.24003;3.43638;1
-106.79896;13.17585;      -0.23996;3.43637;1
-106.83237;13.17919;      -0.23994;3.43635;1
-106.86578;13.18252;      -0.23995;3.43634;1
-106.89919;13.18585;      -0.23996;3.43633;1
-106.93266;13.18919;      -0.23994;3.43632;1
-106.96612;13.19252;      -0.23990;3.43631;1
-106.99960;13.19585;      -0.23984;3.43630;1
-107.03308;13.19919;      -0.23981;3.43629;1
-107.06653;13.20252;      -0.23974;3.43628;1
-107.09998;13.20585;      -0.23967;3.43627;1
-107.13344;13.20918;      -0.23961;3.43626;1
-107.16688;13.21252;      -0.23958;3.43625;1
-107.20033;13.21585;      -0.23952;3.43624;1
-107.23374;13.21918;      -0.23948;3.43623;1
-107.26717;13.22252;      -0.23943;3.43622;1
-107.30058;13.22585;      -0.23938;3.43621;1
-107.33398;13.22918;      -0.23931;3.43620;1
-107.36738;13.23252;      -0.23924;3.43619;1
-107.40081;13.23585;      -0.23919;3.43618;1
-107.43422;13.23918;      -0.23914;3.43617;1
-107.46764;13.24252;      -0.23902;3.43616;1
-107.50115;13.24585;      -0.23895;3.43615;1
-107.53458;13.24918;      -0.23890;3.43614;1
-107.56804;13.25252;      -0.23884;3.43613;1
-107.60145;13.25585;      -0.23878;3.43612;1
-107.63489;13.25918;      -0.23874;3.43611;1
-107.66837;13.26251;      -0.23869;3.43609;1
-107.70183;13.26585;      -0.23866;3.43608;1
-107.73527;13.26918;      -0.23864;3.43607;1
-107.76871;13.27251;      -0.23859;3.43606;1
-107.80217;13.27585;      -0.23856;3.43605;1
-107.83561;13.27918;      -0.23847;3.43604;1
-107.86907;13.28251;      -0.23840;3.43603;1
-107.90258;13.28585;      -0.23834;3.43602;1
-107.93605;13.28918;      -0.23830;3.43601;1
-107.96950;13.29251;      -0.23825;3.43600;1
-108.00294;13.29585;      -0.23816;3.43599;1
-108.03641;13.29918;      -0.23806;3.43598;1
-108.06986;13.30251;      -0.23792;3.43597;1
-108.10333;13.30585;      -0.23776;3.43596;1
-108.13677;13.30918;      -0.23769;3.43595;1
-108.17024;13.31251;      -0.23764;3.43594;1
-108.20371;13.31584;      -0.23755;3.43593;1
-108.23719;13.31918;      -0.23749;3.43592;1
-108.27062;13.32251;      -0.23744;3.43590;1
-108.30406;13.32584;      -0.23742;3.43589;1
-108.33746;13.32918;      -0.23743;3.43588;1
-108.37089;13.33251;      -0.23744;3.43587;1
-108.40432;13.33584;      -0.23735;3.43586;1
-108.43774;13.33918;      -0.23725;3.43585;1
-108.47118;13.34251;      -0.23711;3.43584;1
-108.50460;13.34584;      -0.23698;3.43583;1
-108.53798;13.34918;      -0.23688;3.43582;1
-108.57133;13.35251;      -0.23681;3.43581;1
-108.60466;13.35584;      -0.23675;3.43580;1
-108.63799;13.35918;      -0.23668;3.43579;1
-108.67126;13.36251;      -0.23666;3.43578;1
-108.70456;13.36584;      -0.23667;3.43577;1
-108.73792;13.36917;      -0.23670;3.43576;1
-108.77128;13.37251;      -0.23676;3.43575;1
-108.80463;13.37584;      -0.23678;3.43573;1
-108.83794;13.37917;      -0.23677;3.43572;1
-108.87129;13.38251;      -0.23672;3.43571;1
-108.90458;13.38584;      -0.23666;3.43570;1
-108.93792;13.38917;      -0.23659;3.43569;1
-108.97119;13.39251;      -0.23653;3.43568;1
-109.00449;13.39584;      -0.23647;3.43567;1
-109.03776;13.39917;      -0.23640;3.43566;1
-109.07103;13.40251;      -0.23636;3.43565;1
-109.10434;13.40584;      -0.23633;3.43564;1
-109.13764;13.40917;      -0.23630;3.43563;1
-109.17091;13.41251;      -0.23626;3.43562;1
-109.20421;13.41584;      -0.23623;3.43561;1
-109.23752;13.41917;      -0.23619;3.43560;1
-109.27083;13.42250;      -0.23615;3.43558;1
-109.30414;13.42584;      -0.23611;3.43557;1
-109.33747;13.42917;      -0.23609;3.43556;1
-109.37075;13.43250;      -0.23606;3.43555;1
-109.40405;13.43584;      -0.23604;3.43554;1
-109.43740;13.43917;      -0.23593;3.43553;1
-109.47076;13.44250;      -0.23585;3.43552;1
-109.50411;13.44584;      -0.23580;3.43551;1
-109.53741;13.44917;      -0.23575;3.43550;1
-109.57072;13.45250;      -0.23564;3.43549;1
-109.60400;13.45584;      -0.23560;3.43548;1
-109.63731;13.45917;      -0.23559;3.43547;1
-109.67062;13.46250;      -0.23559;3.43545;1
-109.70389;13.46584;      -0.23554;3.43544;1
-109.73715;13.46917;      -0.23555;3.43543;1
-109.77046;13.47250;      -0.23557;3.43542;1
-109.80373;13.47583;      -0.23550;3.43541;1
-109.83700;13.47917;      -0.23540;3.43540;1
-109.87027;13.48250;      -0.23536;3.43539;1
-109.90349;13.48583;      -0.23530;3.43538;1
-109.93671;13.48917;      -0.23524;3.43537;1
-109.96996;13.49250;      -0.23508;3.43536;1
-110.00317;13.49583;      -0.23499;3.43535;1
-110.03640;13.49917;      -0.23493;3.43534;1
-110.06963;13.50250;      -0.23485;3.43532;1
-110.10291;13.50583;      -0.23475;3.43531;1
-110.13613;13.50917;      -0.23464;3.43530;1
-110.16937;13.51250;      -0.23456;3.43529;1
-110.20258;13.51583;      -0.23448;3.43528;1
-110.23577;13.51917;      -0.23440;3.43527;1
-110.26896;13.52250;      -0.23433;3.43526;1
-110.30217;13.52583;      -0.23425;3.43525;1
-110.33537;13.52916;      -0.23417;3.43524;1
-110.36855;13.53250;      -0.23410;3.43523;1
-110.40174;13.53583;      -0.23404;3.43522;1
-110.43494;13.53916;      -0.23398;3.43520;1
-110.46813;13.54250;      -0.23388;3.43519;1
-110.50133;13.54583;      -0.23380;3.43518;1
-110.53453;13.54916;      -0.23366;3.43517;1
-110.56776;13.55250;      -0.23348;3.43516;1
-110.60098;13.55583;      -0.23337;3.43515;1
-110.63422;13.55916;      -0.23327;3.43514;1
-110.66747;13.56250;      -0.23317;3.43513;1
-110.70073;13.56583;      -0.23309;3.43512;1
-110.73403;13.56916;      -0.23303;3.43511;1
-110.76730;13.57250;      -0.23300;3.43509;1
-110.80055;13.57583;      -0.23296;3.43508;1
-110.83381;13.57916;      -0.23292;3.43507;1
-110.86710;13.58249;      -0.23275;3.43506;1
-110.90037;13.58583;      -0.23255;3.43505;1
-110.93366;13.58916;      -0.23240;3.43504;1
-110.96696;13.59249;      -0.23233;3.43503;1
-111.00027;13.59583;      -0.23228;3.43502;1
-111.03359;13.59916;      -0.23222;3.43501;1
-111.06693;13.60249;      -0.23217;3.43500;1
-111.10026;13.60583;      -0.23211;3.43498;1
-111.13359;13.60916;      -0.23203;3.43497;1
-111.16695;13.61249;      -0.23189;3.43496;1
-111.20031;13.61583;      -0.23179;3.43495;1
-111.23365;13.61916;      -0.23172;3.43494;1
-111.26701;13.62249;      -0.23164;3.43493;1
-111.30037;13.62583;      -0.23163;3.43492;1
-111.33375;13.62916;      -0.23168;3.43491;1
-111.36715;13.63249;      -0.23170;3.43489;1
-111.40059;13.63582;      -0.23169;3.43488;1
-111.43402;13.63916;      -0.23167;3.43487;1
-111.46739;13.64249;      -0.23162;3.43486;1
-111.50075;13.64582;      -0.23159;3.43485;1
-111.53410;13.64916;      -0.23159;3.43484;1
-111.56744;13.65249;      -0.23159;3.43483;1
-111.60078;13.65582;      -0.23152;3.43482;1
-111.63414;13.65916;      -0.23142;3.43481;1
-111.66752;13.66249;      -0.23143;3.43479;1
-111.70090;13.66582;      -0.23143;3.43478;1
-111.73426;13.66916;      -0.23141;3.43477;1
-111.76762;13.67249;      -0.23139;3.43476;1
-111.80094;13.67582;      -0.23139;3.43475;1
-111.83429;13.67916;      -0.23133;3.43474;1
-111.86762;13.68249;      -0.23124;3.43473;1
-111.90094;13.68582;      -0.23119;3.43472;1
-111.93430;13.68915;      -0.23114;3.43470;1
-111.96764;13.69249;      -0.23107;3.43469;1
-112.00097;13.69582;      -0.23104;3.43468;1
-112.03429;13.69915;      -0.23099;3.43467;1
-112.06760;13.70249;      -0.23100;3.43466;1
-112.10087;13.70582;      -0.23100;3.43465;1
-112.13413;13.70915;      -0.23100;3.43464;1
-112.16747;13.71249;      -0.23094;3.43462;1
-112.20078;13.71582;      -0.23083;3.43461;1
-112.23412;13.71915;      -0.23074;3.43460;1
-112.26741;13.72249;      -0.23075;3.43459;1
-112.30068;13.72582;      -0.23076;3.43458;1
-112.33398;13.72915;      -0.23071;3.43457;1
-112.36726;13.73249;      -0.23071;3.43456;1
-112.40053;13.73582;      -0.23070;3.43454;1
-112.43381;13.73915;      -0.23068;3.43453;1
-112.46709;13.74248;      -0.23066;3.43452;1
-112.50034;13.74582;      -0.23062;3.43451;1
-112.53358;13.74915;      -0.23059;3.43450;1
-112.56684;13.75248;      -0.23056;3.43449;1
-112.60009;13.75582;      -0.23053;3.43448;1
-112.63334;13.75915;      -0.23052;3.43447;1
-112.66662;13.76248;      -0.23048;3.43445;1
-112.69989;13.76582;      -0.23042;3.43444;1
-112.73318;13.76915;      -0.23034;3.43443;1
-112.76648;13.77248;      -0.23029;3.43442;1
-112.79976;13.77582;      -0.23021;3.43441;1
-112.83303;13.77915;      -0.23014;3.43440;1
-112.86631;13.78248;      -0.23010;3.43439;1
-112.89957;13.78582;      -0.23004;3.43437;1
-112.93283;13.78915;      -0.22992;3.43436;1
-112.96608;13.79248;      -0.22978;3.43435;1
-112.99935;13.79581;      -0.22964;3.43434;1
-113.03264;13.79915;      -0.22956;3.43433;1
-113.06591;13.80248;      -0.22951;3.43432;1
-113.09917;13.80581;      -0.22950;3.43431;1
-113.13242;13.80915;      -0.22948;3.43429;1
-113.16565;13.81248;      -0.22941;3.43428;1
-113.19887;13.81581;      -0.22933;3.43427;1
-113.23211;13.81915;      -0.22924;3.43426;1
-113.26535;13.82248;      -0.22917;3.43425;1
-113.29855;13.82581;      -0.22908;3.43424;1
-113.33182;13.82915;      -0.22895;3.43422;1
-113.36504;13.83248;      -0.22885;3.43421;1
-113.39825;13.83581;      -0.22879;3.43420;1
-113.43146;13.83915;      -0.22873;3.43419;1
-113.46463;13.84248;      -0.22866;3.43418;1
-113.49782;13.84581;      -0.22859;3.43417;1
-113.53104;13.84914;      -0.22857;3.43416;1
-113.56424;13.85248;      -0.22849;3.43414;1
-113.59745;13.85581;      -0.22846;3.43413;1
-113.63071;13.85914;      -0.22848;3.43412;1
-113.66396;13.86248;      -0.22832;3.43411;1
-113.69719;13.86581;      -0.22819;3.43410;1
-113.73040;13.86914;      -0.22809;3.43409;1
-113.76364;13.87248;      -0.22804;3.43407;1
-113.79686;13.87581;      -0.22806;3.43406;1
-113.83008;13.87914;      -0.22808;3.43405;1
-113.86332;13.88248;      -0.22801;3.43404;1
-113.89656;13.88581;      -0.22791;3.43403;1
-113.92983;13.88914;      -0.22783;3.43402;1
-113.96314;13.89248;      -0.22781;3.43400;1
-113.99641;13.89581;      -0.22777;3.43399;1
-114.02970;13.89914;      -0.22770;3.43398;1
-114.06302;13.90248;      -0.22762;3.43397;1
-114.09629;13.90581;      -0.22757;3.43396;1
-114.12961;13.90914;      -0.22753;3.43395;1
-114.16292;13.91247;      -0.22742;3.43393;1
-114.19617;13.91581;      -0.22728;3.43392;1
-114.22942;13.91914;      -0.22718;3.43391;1
-114.26270;13.92247;      -0.22705;3.43390;1
-114.29598;13.92581;      -0.22691;3.43389;1
-114.32931;13.92914;      -0.22678;3.43388;1
-114.36258;13.93247;      -0.22667;3.43386;1
-114.39586;13.93581;      -0.22659;3.43385;1
-114.42917;13.93914;      -0.22643;3.43384;1
-114.46246;13.94247;      -0.22638;3.43383;1
-114.49573;13.94581;      -0.22638;3.43382;1
-114.52904;13.94914;      -0.22633;3.43381;1
-114.56238;13.95247;      -0.22633;3.43379;1
-114.59572;13.95581;      -0.22631;3.43378;1
-114.62908;13.95914;      -0.22627;3.43377;1
-114.66244;13.96247;      -0.22623;3.43376;1
-114.69580;13.96580;      -0.22617;3.43375;1
-114.72914;13.96914;      -0.22605;3.43373;1
-114.76252;13.97247;      -0.22594;3.43372;1
-114.79590;13.97580;      -0.22587;3.43371;1
-114.82930;13.97914;      -0.22591;3.43370;1
-114.86274;13.98247;      -0.22592;3.43369;1
-114.89614;13.98580;      -0.22595;3.43368;1
-114.92954;13.98914;      -0.22599;3.43366;1
-114.96293;13.99247;      -0.22599;3.43365;1
-114.99635;13.99580;      -0.22599;3.43364;1
-115.02976;13.99914;      -0.22599;3.43363;1
-115.06319;14.00247;      -0.22599;3.43362;1
-115.09664;14.00580;      -0.22599;3.43360;1
-115.13008;14.00914;      -0.22594;3.43359;1
-115.16353;14.01247;      -0.22587;3.43358;1
-115.19700;14.01580;      -0.22581;3.43357;1
-115.23046;14.01913;      -0.22575;3.43356;1
-115.26389;14.02247;      -0.22563;3.43354;1
-115.29734;14.02580;      -0.22553;3.43353;1
-115.33082;14.02913;      -0.22547;3.43352;1
-115.36429;14.03247;      -0.22541;3.43351;1
-115.39773;14.03580;      -0.22538;3.43350;1
-115.43121;14.03913;      -0.22535;3.43348;1
-115.46468;14.04247;      -0.22532;3.43347;1
-115.49813;14.04580;      -0.22528;3.43346;1
-115.53161;14.04913;      -0.22518;3.43345;1
-115.56504;14.05247;      -0.22510;3.43344;1
-115.59849;14.05580;      -0.22504;3.43342;1
-115.63190;14.05913;      -0.22493;3.43341;1
-115.66529;14.06247;      -0.22479;3.43340;1
-115.69873;14.06580;      -0.22468;3.43339;1
-115.73214;14.06913;      -0.22463;3.43338;1
-115.76559;14.07246;      -0.22457;3.43336;1
-115.79904;14.07580;      -0.22449;3.43335;1
-115.83246;14.07913;      -0.22439;3.43334;1
-115.86589;14.08246;      -0.22431;3.43333;1
-115.89930;14.08580;      -0.22421;3.43331;1
-115.93271;14.08913;      -0.22412;3.43330;1
-115.96613;14.09246;      -0.22408;3.43329;1
-115.99952;14.09580;      -0.22403;3.43328;1
-116.03291;14.09913;      -0.22401;3.43327;1
-116.06626;14.10246;      -0.22396;3.43325;1
-116.09961;14.10580;      -0.22391;3.43324;1
-116.13301;14.10913;      -0.22387;3.43323;1
-116.16641;14.11246;      -0.22383;3.43322;1
-116.19978;14.11580;      -0.22381;3.43321;1
-116.23319;14.11913;      -0.22378;3.43319;1
-116.26660;14.12246;      -0.22373;3.43318;1
-116.29998;14.12579;      -0.22365;3.43317;1
-116.33339;14.12913;      -0.22358;3.43316;1
-116.36678;14.13246;      -0.22349;3.43314;1
-116.40019;14.13579;      -0.22338;3.43313;1
-116.43357;14.13913;      -0.22331;3.43312;1
-116.46694;14.14246;      -0.22331;3.43311;1
-116.50035;14.14579;      -0.22334;3.43310;1
-116.53373;14.14913;      -0.22335;3.43308;1
-116.56709;14.15246;      -0.22336;3.43307;1
-116.60047;14.15579;      -0.22337;3.43306;1
-116.63377;14.15913;      -0.22334;3.43305;1
-116.66704;14.16246;      -0.22329;3.43304;1
-116.70034;14.16579;      -0.22325;3.43302;1
-116.73363;14.16913;      -0.22317;3.43301;1
-116.76689;14.17246;      -0.22305;3.43300;1
-116.80014;14.17579;      -0.22295;3.43299;1
-116.83335;14.17912;      -0.22285;3.43297;1
-116.86654;14.18246;      -0.22277;3.43296;1
-116.89975;14.18579;      -0.22271;3.43295;1
-116.93299;14.18912;      -0.22266;3.43294;1
-116.96621;14.19246;      -0.22260;3.43293;1
-116.99947;14.19579;      -0.22252;3.43291;1
-117.03271;14.19912;      -0.22246;3.43290;1
-117.06600;14.20246;      -0.22240;3.43289;1
-117.09925;14.20579;      -0.22235;3.43288;1
-117.13245;14.20912;      -0.22227;3.43286;1
-117.16570;14.21246;      -0.22219;3.43285;1
-117.19898;14.21579;      -0.22215;3.43284;1
-117.23225;14.21912;      -0.22208;3.43283;1
-117.26555;14.22246;      -0.22201;3.43282;1
-117.29887;14.22579;      -0.22182;3.43280;1
-117.33221;14.22912;      -0.22173;3.43279;1
-117.36554;14.23245;      -0.22166;3.43278;1
-117.39882;14.23579;      -0.22160;3.43277;1
-117.43219;14.23912;      -0.22156;3.43275;1
-117.46554;14.24245;      -0.22149;3.43274;1
-117.49889;14.24579;      -0.22139;3.43273;1
-117.53229;14.24912;      -0.22131;3.43272;1
-117.56564;14.25245;      -0.22124;3.43270;1
-117.59902;14.25579;      -0.22112;3.43269;1
-117.63241;14.25912;      -0.22104;3.43268;1
-117.66583;14.26245;      -0.22096;3.43267;1
-117.69923;14.26579;      -0.22091;3.43265;1
-117.73264;14.26912;      -0.22090;3.43264;1
-117.76606;14.27245;      -0.22088;3.43263;1
-117.79950;14.27579;      -0.22083;3.43262;1
-117.83294;14.27912;      -0.22076;3.43260;1
-117.86642;14.28245;      -0.22068;3.43259;1
-117.89992;14.28578;      -0.22061;3.43258;1
-117.93344;14.28912;      -0.22057;3.43257;1
-117.96694;14.29245;      -0.22053;3.43255;1
-118.00044;14.29578;      -0.22048;3.43254;1
-118.03395;14.29912;      -0.22039;3.43253;1
-118.06750;14.30245;      -0.22028;3.43252;1
-118.10106;14.30578;      -0.22021;3.43250;1
-118.13462;14.30912;      -0.22014;3.43249;1
-118.16814;14.31245;      -0.22008;3.43248;1
-118.20170;14.31578;      -0.22008;3.43247;1
-118.23531;14.31912;      -0.22013;3.43245;1
-118.26891;14.32245;      -0.22014;3.43244;1
-118.30247;14.32578;      -0.22014;3.43243;1
-118.33603;14.32912;      -0.22014;3.43242;1
-118.36957;14.33245;      -0.22013;3.43240;1
-118.40311;14.33578;      -0.22011;3.43239;1
-118.43664;14.33911;      -0.22007;3.43238;1
-118.47017;14.34245;      -0.22004;3.43237;1
-118.50372;14.34578;      -0.22004;3.43235;1
-118.53727;14.34911;      -0.21999;3.43234;1
-118.57082;14.35245;      -0.21993;3.43233;1
-118.60437;14.35578;      -0.21987;3.43231;1
-118.63786;14.35911;      -0.21985;3.43230;1
-118.67140;14.36245;      -0.21985;3.43229;1
-118.70496;14.36578;      -0.21986;3.43228;1
-118.73849;14.36911;      -0.21985;3.43226;1
-118.77204;14.37245;      -0.21980;3.43225;1
-118.80564;14.37578;      -0.21976;3.43224;1
-118.83915;14.37911;      -0.21972;3.43223;1
-118.87276;14.38245;      -0.21976;3.43221;1
-118.90636;14.38578;      -0.21980;3.43220;1
-118.93987;14.38911;      -0.21980;3.43219;1
-118.97339;14.39244;      -0.21985;3.43217;1
-119.00689;14.39578;      -0.21980;3.43216;1
-119.04036;14.39911;      -0.21978;3.43215;1
-119.07387;14.40244;      -0.21978;3.43214;1
-119.10734;14.40578;      -0.21976;3.43212;1
-119.14077;14.40911;      -0.21974;3.43211;1
-119.17418;14.41244;      -0.21973;3.43210;1
-119.20757;14.41578;      -0.21971;3.43209;1
-119.24094;14.41911;      -0.21963;3.43207;1
-119.27433;14.42244;      -0.21956;3.43206;1
-119.30770;14.42578;      -0.21952;3.43205;1
-119.34100;14.42911;      -0.21946;3.43203;1
-119.37432;14.43244;      -0.21944;3.43202;1
-119.40761;14.43578;      -0.21940;3.43201;1
-119.44089;14.43911;      -0.21937;3.43200;1
-119.47414;14.44244;      -0.21926;3.43198;1
-119.50736;14.44577;      -0.21915;3.43197;1
-119.54058;14.44911;      -0.21904;3.43196;1
-119.57381;14.45244;      -0.21892;3.43195;1
-119.60706;14.45577;      -0.21878;3.43193;1
-119.64030;14.45911;      -0.21870;3.43192;1
-119.67352;14.46244;      -0.21863;3.43191;1
-119.70672;14.46577;      -0.21864;3.43189;1
-119.73998;14.46911;      -0.21861;3.43188;1
-119.77317;14.47244;      -0.21860;3.43187;1
-119.80637;14.47577;      -0.21850;3.43186;1
-119.83957;14.47911;      -0.21837;3.43184;1
-119.87277;14.48244;      -0.21824;3.43183;1
-119.90597;14.48577;      -0.21818;3.43182;1
-119.93920;14.48911;      -0.21813;3.43180;1
-119.97239;14.49244;      -0.21807;3.43179;1
-120.00561;14.49577;      -0.21805;3.43178;1
-120.03879;14.49910;      -0.21802;3.43177;1
-120.07200;14.50244;      -0.21800;3.43175;1
-120.10517;14.50577;      -0.21793;3.43174;1
-120.13834;14.50910;      -0.21782;3.43173;1
-120.17154;14.51244;      -0.21772;3.43172;1
-120.20473;14.51577;      -0.21760;3.43170;1
-120.23792;14.51910;      -0.21748;3.43169;1
-120.27108;14.52244;      -0.21738;3.43168;1
-120.30426;14.52577;      -0.21736;3.43166;1
-120.33750;14.52910;      -0.21734;3.43165;1
-120.37072;14.53244;      -0.21727;3.43164;1
-120.40394;14.53577;      -0.21721;3.43163;1
-120.43716;14.53910;      -0.21713;3.43161;1
-120.47043;14.54244;      -0.21703;3.43160;1
-120.50368;14.54577;      -0.21694;3.43159;1
-120.53700;14.54910;      -0.21680;3.43157;1
-120.57032;14.55243;      -0.21664;3.43156;1
-120.60361;14.55577;      -0.21653;3.43155;1
-120.63693;14.55910;      -0.21644;3.43153;1
-120.67028;14.56243;      -0.21631;3.43152;1
-120.70361;14.56577;      -0.21623;3.43151;1
-120.73696;14.56910;      -0.21616;3.43150;1
-120.77031;14.57243;      -0.21608;3.43148;1
-120.80364;14.57577;      -0.21607;3.43147;1
-120.83698;14.57910;      -0.21603;3.43146;1
-120.87035;14.58243;      -0.21592;3.43144;1
-120.90369;14.58577;      -0.21585;3.43143;1
-120.93702;14.58910;      -0.21573;3.43142;1
-120.97038;14.59243;      -0.21557;3.43140;1
-121.00372;14.59577;      -0.21546;3.43139;1
-121.03710;14.59910;      -0.21545;3.43138;1
-121.07048;14.60243;      -0.21546;3.43137;1
-121.10387;14.60576;      -0.21545;3.43135;1
-121.13726;14.60910;      -0.21543;3.43134;1
-121.17066;14.61243;      -0.21539;3.43133;1
-121.20410;14.61576;      -0.21535;3.43131;1
-121.23752;14.61910;      -0.21534;3.43130;1
-121.27096;14.62243;      -0.21531;3.43129;1
-121.30436;14.62576;      -0.21530;3.43127;1
-121.33770;14.62910;      -0.21529;3.43126;1
-121.37110;14.63243;      -0.21530;3.43125;1
-121.40451;14.63576;      -0.21527;3.43123;1
-121.43791;14.63910;      -0.21525;3.43122;1
-121.47133;14.64243;      -0.21526;3.43121;1
-121.50474;14.64576;      -0.21530;3.43119;1
-121.53817;14.64910;      -0.21532;3.43118;1
-121.57158;14.65243;      -0.21531;3.43117;1
-121.60498;14.65576;      -0.21531;3.43116;1
-121.63839;14.65909;      -0.21530;3.43114;1
-121.67180;14.66243;      -0.21520;3.43113;1
-121.70528;14.66576;      -0.21505;3.43112;1
-121.73876;14.66909;      -0.21496;3.43110;1
-121.77222;14.67243;      -0.21491;3.43109;1
-121.80569;14.67576;      -0.21490;3.43108;1
-121.83915;14.67909;      -0.21491;3.43106;1
-121.87261;14.68243;      -0.21488;3.43105;1
-121.90606;14.68576;      -0.21488;3.43104;1
-121.93952;14.68909;      -0.21487;3.43102;1
-121.97295;14.69243;      -0.21484;3.43101;1
-122.00638;14.69576;      -0.21475;3.43100;1
-122.03980;14.69909;      -0.21464;3.43098;1
-122.07322;14.70243;      -0.21454;3.43097;1
-122.10662;14.70576;      -0.21447;3.43096;1
-122.14006;14.70909;      -0.21440;3.43094;1
-122.17351;14.71243;      -0.21434;3.43093;1
-122.20697;14.71576;      -0.21427;3.43092;1
-122.24046;14.71909;      -0.21421;3.43090;1
-122.27394;14.72242;      -0.21418;3.43089;1
-122.30739;14.72576;      -0.21421;3.43088;1
-122.34083;14.72909;      -0.21426;3.43086;1
-122.37423;14.73242;      -0.21430;3.43085;1
-122.40766;14.73576;      -0.21432;3.43084;1
-122.44110;14.73909;      -0.21434;3.43082;1
-122.47454;14.74242;      -0.21431;3.43081;1
-122.50798;14.74576;      -0.21428;3.43080;1
-122.54146;14.74909;      -0.21424;3.43078;1
-122.57489;14.75242;      -0.21414;3.43077;1
-122.60833;14.75576;      -0.21406;3.43076;1
-122.64179;14.75909;      -0.21399;3.43074;1
-122.67525;14.76242;      -0.21394;3.43073;1
-122.70866;14.76576;      -0.21390;3.43072;1
-122.74211;14.76909;      -0.21386;3.43070;1
-122.77554;14.77242;      -0.21381;3.43069;1
-122.80900;14.77575;      -0.21370;3.43067;1
-122.84247;14.77909;      -0.21358;3.43066;1
-122.87591;14.78242;      -0.21350;3.43065;1
-122.90938;14.78575;      -0.21343;3.43063;1
-122.94282;14.78909;      -0.21332;3.43062;1
-122.97629;14.79242;      -0.21323;3.43061;1
-123.00983;14.79575;      -0.21307;3.43059;1
-123.04334;14.79909;      -0.21295;3.43058;1
-123.07685;14.80242;      -0.21285;3.43057;1
-123.11041;14.80575;      -0.21276;3.43055;1
-123.14394;14.80909;      -0.21267;3.43054;1
-123.17747;14.81242;      -0.21263;3.43053;1
-123.21103;14.81575;      -0.21259;3.43051;1
-123.24460;14.81909;      -0.21255;3.43050;1
-123.27819;14.82242;      -0.21250;3.43049;1
-123.31180;14.82575;      -0.21244;3.43047;1
-123.34545;14.82908;      -0.21237;3.43046;1
-123.37916;14.83242;      -0.21233;3.43044;1
-123.41292;14.83575;      -0.21232;3.43043;1
-123.44668;14.83908;      -0.21228;3.43042;1
-123.48049;14.84242;      -0.21218;3.43040;1
-123.51431;14.84575;      -0.21243;3.43039;1
-123.54814;14.84908;      -0.21275;3.43038;1
-123.58196;14.85242;      -0.21303;3.43036;1
-123.61588;14.85575;      -0.21330;3.43035;1
-123.64985;14.85908;      -0.21352;3.43033;1
-123.68381;14.86242;      -0.21361;3.43032;1
-123.71780;14.86575;      -0.21371;3.43031;1
-123.75179;14.86908;      -0.21371;3.43029;1
-123.78580;14.87242;      -0.21368;3.43028;1
-123.81984;14.87575;      -0.21370;3.43026;1
-123.85393;14.87908;      -0.21370;3.43025;1
-123.88811;14.88241;      -0.21369;3.43024;1
-123.92225;14.88575;      -0.21364;3.43022;1
-123.95646;14.88908;      -0.21362;3.43021;1
-123.99070;14.89241;      -0.21353;3.43020;1
-124.02497;14.89575;      -0.21345;3.43018;1
-124.05934;14.89908;      -0.21339;3.43017;1
-124.09372;14.90241;      -0.21332;3.43015;1
-124.12815;14.90575;      -0.21327;3.43014;1
-124.16263;14.90908;      -0.21323;3.43012;1
-124.19713;14.91241;      -0.21323;3.43011;1
-124.23170;14.91575;      -0.21326;3.43010;1
-124.26631;14.91908;      -0.21329;3.43008;1
-124.30098;14.92241;      -0.21331;3.43007;1
-124.33573;14.92575;      -0.21333;3.43005;1
-124.37052;14.92908;      -0.21337;3.43004;1
-124.40535;14.93241;      -0.21340;3.43002;1
-124.44029;14.93574;      -0.21342;3.43001;1
-124.47527;14.93908;      -0.21346;3.43000;1
-124.51028;14.94241;      -0.21352;3.42998;1
-124.54536;14.94574;      -0.21357;3.42997;1
-124.58050;14.94908;      -0.21367;3.42995;1
-124.61570;14.95241;      -0.21374;3.42994;1
-124.65093;14.95574;      -0.21393;3.42992;1
-124.68618;14.95908;      -0.21405;3.42991;1
-124.72155;14.96241;      -0.21413;3.42989;1
-124.75701;14.96574;      -0.21421;3.42988;1
-124.79253;14.96908;      -0.21428;3.42987;1
-124.82815;14.97241;      -0.21431;3.42985;1
-124.86388;14.97574;      -0.21434;3.42984;1
-124.89966;14.97908;      -0.21439;3.42982;1
-124.93549;14.98241;      -0.21447;3.42981;1
-124.97140;14.98574;      -0.21462;3.42979;1
-125.00738;14.98907;      -0.21477;3.42978;1
-125.04350;14.99241;      -0.21490;3.42976;1
-125.07966;14.99574;      -0.21510;3.42975;1
-125.11584;14.99907;      -0.21526;3.42973;1
-125.15217;15.00241;      -0.21538;3.42972;1
-125.18854;15.00574;      -0.21548;3.42970;1
-125.22498;15.00907;      -0.21562;3.42969;1
-125.26152;15.01241;      -0.21580;3.42967;1
-125.29811;15.01574;      -0.21598;3.42966;1
-125.33476;15.01907;      -0.21618;3.42964;1
-125.37150;15.02241;      -0.21640;3.42962;1
-125.40830;15.02574;      -0.21662;3.42961;1
-125.44512;15.02907;      -0.21684;3.42959;1
-125.48200;15.03241;      -0.21710;3.42958;1
-125.51895;15.03574;      -0.21738;3.42956;1
-125.55594;15.03907;      -0.21776;3.42955;1
-125.59301;15.04240;      -0.21804;3.42953;1
-125.63008;15.04574;      -0.21822;3.42952;1
-125.66721;15.04907;      -0.21837;3.42950;1
-125.70441;15.05240;      -0.21862;3.42949;1
-125.74163;15.05574;      -0.21893;3.42947;1
-125.77886;15.05907;      -0.21922;3.42945;1
-125.81609;15.06240;      -0.21949;3.42944;1
-125.85341;15.06574;      -0.21974;3.42942;1
-125.89079;15.06907;      -0.21989;3.42941;1
-125.92819;15.07240;      -0.22000;3.42939;1
-125.96557;15.07574;      -0.22018;3.42938;1
-126.00300;15.07907;      -0.22042;3.42936;1
-126.04044;15.08240;      -0.22066;3.42934;1
-126.07784;15.08574;      -0.22091;3.42933;1
-126.11531;15.08907;      -0.22115;3.42931;1
-126.15276;15.09240;      -0.22140;3.42930;1
-126.19023;15.09573;      -0.22165;3.42928;1
-126.22767;15.09907;      -0.22193;3.42927;1
-126.26506;15.10240;      -0.22212;3.42925;1
-126.30250;15.10573;      -0.22227;3.42923;1
-126.33993;15.10907;      -0.22236;3.42922;1
-126.37731;15.11240;      -0.22252;3.42920;1
-126.41465;15.11573;      -0.22278;3.42919;1
-126.45198;15.11907;      -0.22299;3.42917;1
-126.48926;15.12240;      -0.22313;3.42915;1
-126.52646;15.12573;      -0.22327;3.42914;1
-126.56360;15.12907;      -0.22343;3.42912;1
-126.60069;15.13240;      -0.22362;3.42911;1
-126.63775;15.13573;      -0.22379;3.42909;1
-126.67474;15.13907;      -0.22385;3.42908;1
-126.71167;15.14240;      -0.22392;3.42906;1
-126.74855;15.14573;      -0.22401;3.42904;1
-126.78538;15.14906;      -0.22411;3.42903;1
-126.82216;15.15240;      -0.22421;3.42901;1
-126.85882;15.15573;      -0.22432;3.42900;1
-126.89545;15.15906;      -0.22445;3.42898;1
-126.93206;15.16240;      -0.22458;3.42897;1
-126.96850;15.16573;      -0.22445;3.42895;1
-127.00482;15.16906;      -0.22430;3.42894;1
-127.04105;15.17240;      -0.22417;3.42892;1
-127.07716;15.17573;      -0.22401;3.42890;1
-127.11312;15.17906;      -0.22388;3.42889;1
-127.14898;15.18240;      -0.22375;3.42887;1
-127.18472;15.18573;      -0.22357;3.42886;1
-127.22035;15.18906;      -0.22341;3.42884;1
-127.25582;15.19240;      -0.22331;3.42883;1
-127.29110;15.19573;      -0.22318;3.42881;1
-127.32628;15.19906;      -0.22302;3.42880;1
-127.36132;15.20239;      -0.22279;3.42878;1
-127.39617;15.20573;      -0.22248;3.42877;1
-127.43093;15.20906;      -0.22215;3.42875;1
-127.46555;15.21239;      -0.22186;3.42874;1
-127.49994;15.21573;      -0.22149;3.42872;1
-127.53412;15.21906;      -0.22120;3.42871;1
-127.56820;15.22239;      -0.22096;3.42869;1
-127.60210;15.22573;      -0.22055;3.42868;1
-127.63578;15.22906;      -0.22013;3.42866;1
-127.66927;15.23239;      -0.21975;3.42865;1
-127.70259;15.23573;      -0.21939;3.42864;1
-127.73567;15.23906;      -0.21903;3.42862;1
-127.76856;15.24239;      -0.21850;3.42861;1
-127.80129;15.24573;      -0.21802;3.42859;1
-127.83382;15.24906;      -0.21757;3.42858;1
-127.86618;15.25239;      -0.21712;3.42857;1
-127.89828;15.25572;      -0.21660;3.42855;1
-127.93022;15.25906;      -0.21607;3.42854;1
-127.96200;15.26239;      -0.21559;3.42852;1
-127.99360;15.26572;      -0.21508;3.42851;1
-128.02502;15.26906;      -0.21456;3.42850;1
-128.05621;15.27239;      -0.21403;3.42848;1
-128.08716;15.27572;      -0.21350;3.42847;1
-128.11793;15.27906;      -0.21286;3.42846;1
-128.14852;15.28239;      -0.21229;3.42844;1
-128.17891;15.28572;      -0.21175;3.42843;1
-128.20913;15.28906;      -0.21117;3.42842;1
-128.23914;15.29239;      -0.21055;3.42840;1
-128.26899;15.29572;      -0.20997;3.42839;1
-128.29863;15.29906;      -0.20927;3.42838;1
-128.32810;15.30239;      -0.20856;3.42837;1
-128.35741;15.30572;      -0.20785;3.42835;1
-128.38654;15.30905;      -0.20715;3.42834;1
-128.41549;15.31239;      -0.20648;3.42833;1
-128.44427;15.31572;      -0.20587;3.42831;1
-128.47291;15.31905;      -0.20522;3.42830;1
-128.50141;15.32239;      -0.20454;3.42829;1
-128.52972;15.32572;      -0.20386;3.42828;1
-128.55793;15.32905;      -0.20316;3.42827;1
-128.58597;15.33239;      -0.20241;3.42825;1
-128.61389;15.33572;      -0.20168;3.42824;1
-128.64166;15.33905;      -0.20092;3.42823;1
-128.66932;15.34239;      -0.20017;3.42822;1
-128.69687;15.34572;      -0.19937;3.42820;1
-128.72426;15.34905;      -0.19861;3.42819;1
-128.75155;15.35239;      -0.19785;3.42818;1
-128.77863;15.35572;      -0.19699;3.42817;1
-128.80565;15.35905;      -0.19612;3.42816;1
-128.83257;15.36238;      -0.19527;3.42815;1
-128.85933;15.36572;      -0.19450;3.42813;1
-128.88604;15.36905;      -0.19369;3.42812;1
-128.91268;15.37238;      -0.19280;3.42811;1
-128.93921;15.37572;      -0.19190;3.42810;1
-128.96567;15.37905;      -0.19101;3.42809;1
-128.99205;15.38238;      -0.19021;3.42808;1
-129.01831;15.38572;      -0.18944;3.42806;1
-129.04454;15.38905;      -0.18866;3.42805;1
-129.07074;15.39238;      -0.18790;3.42804;1
-129.09685;15.39572;      -0.18714;3.42803;1
-129.12297;15.39905;      -0.18636;3.42802;1
-129.14902;15.40238;      -0.18557;3.42801;1
-129.17503;15.40572;      -0.18481;3.42800;1
-129.20099;15.40905;      -0.18415;3.42798;1
-129.22691;15.41238;      -0.18350;3.42797;1
-129.25277;15.41571;      -0.18292;3.42796;1
-129.27868;15.41905;      -0.18241;3.42795;1
-129.30459;15.42238;      -0.18186;3.42794;1
-129.33045;15.42571;      -0.18121;3.42793;1
-129.35629;15.42905;      -0.18055;3.42792;1
-129.38221;15.43238;      -0.17997;3.42790;1
-129.40821;15.43571;      -0.17939;3.42789;1
-129.43420;15.43905;      -0.17890;3.42788;1
-129.46031;15.44238;      -0.17842;3.42787;1
-129.48641;15.44571;      -0.17791;3.42786;1
-129.51252;15.44905;      -0.17746;3.42785;1
-129.53874;15.45238;      -0.17702;3.42783;1
-129.56502;15.45571;      -0.17658;3.42782;1
-129.59141;15.45905;      -0.17610;3.42781;1
-129.61787;15.46238;      -0.17562;3.42780;1
-129.64440;15.46571;      -0.17518;3.42779;1
-129.67101;15.46904;      -0.17478;3.42778;1
-129.69766;15.47238;      -0.17441;3.42776;1
-129.72443;15.47571;      -0.17403;3.42775;1
-129.75132;15.47904;      -0.17371;3.42774;1
-129.77833;15.48238;      -0.17347;3.42773;1
-129.80541;15.48571;      -0.17324;3.42772;1
-129.83255;15.48904;      -0.17305;3.42770;1
-129.85979;15.49238;      -0.17289;3.42769;1
-129.88713;15.49571;      -0.17270;3.42768;1
-129.91456;15.49904;      -0.17253;3.42767;1
-129.94214;15.50238;      -0.17235;3.42766;1
-129.96990;15.50571;      -0.17216;3.42764;1
-129.99770;15.50904;      -0.17202;3.42763;1
-130.02555;15.51238;      -0.17191;3.42762;1
-130.05360;15.51571;      -0.17177;3.42761;1
-130.08177;15.51904;      -0.17169;3.42759;1
-130.11004;15.52238;      -0.17161;3.42758;1
-130.13844;15.52571;      -0.17155;3.42757;1
-130.16694;15.52904;      -0.17157;3.42756;1
-130.19559;15.53237;      -0.17163;3.42754;1
-130.22434;15.53571;      -0.17171;3.42753;1
-130.25318;15.53904;      -0.17178;3.42752;1
-130.28220;15.54237;      -0.17177;3.42750;1
-130.31131;15.54571;      -0.17171;3.42749;1
-130.34052;15.54904;      -0.17173;3.42748;1
-130.36984;15.55237;      -0.17179;3.42747;1
-130.39932;15.55571;      -0.17184;3.42745;1
-130.42901;15.55904;      -0.17190;3.42744;1
-130.45877;15.56237;      -0.17196;3.42743;1
-130.48862;15.56571;      -0.17199;3.42741;1
-130.51859;15.56904;      -0.17205;3.42740;1
-130.54872;15.57237;      -0.17209;3.42739;1
-130.57894;15.57571;      -0.17218;3.42737;1
-130.60936;15.57904;      -0.17237;3.42736;1
-130.63994;15.58237;      -0.17257;3.42735;1
-130.67066;15.58570;      -0.17278;3.42733;1
-130.70152;15.58904;      -0.17289;3.42732;1
-130.73251;15.59237;      -0.17299;3.42730;1
-130.76358;15.59570;      -0.17307;3.42729;1
-130.79479;15.59904;      -0.17335;3.42728;1
-130.82612;15.60237;      -0.17355;3.42726;1
-130.85755;15.60570;      -0.17375;3.42725;1
-130.88918;15.60904;      -0.17398;3.42723;1
-130.92094;15.61237;      -0.17425;3.42722;1
-130.95282;15.61570;      -0.17444;3.42720;1
-130.98483;15.61904;      -0.17454;3.42719;1
-131.01695;15.62237;      -0.17476;3.42718;1
-131.04926;15.62570;      -0.17512;3.42716;1
-131.08171;15.62904;      -0.17543;3.42715;1
-131.11432;15.63237;      -0.17566;3.42713;1
-131.14705;15.63570;      -0.17587;3.42712;1
-131.17985;15.63903;      -0.17622;3.42710;1
-131.21271;15.64237;      -0.17654;3.42709;1
-131.24564;15.64570;      -0.17685;3.42707;1
-131.27873;15.64903;      -0.17717;3.42706;1
-131.31191;15.65237;      -0.17748;3.42704;1
-131.34515;15.65570;      -0.17781;3.42703;1
-131.37848;15.65903;      -0.17817;3.42701;1
-131.41190;15.66237;      -0.17856;3.42700;1
-131.44540;15.66570;      -0.17888;3.42698;1
-131.47896;15.66903;      -0.17912;3.42697;1
-131.51257;15.67237;      -0.17937;3.42695;1
-131.54628;15.67570;      -0.17964;3.42694;1
-131.58005;15.67903;      -0.17996;3.42692;1
-131.61390;15.68237;      -0.18040;3.42691;1
-131.64783;15.68570;      -0.18087;3.42689;1
-131.68180;15.68903;      -0.18130;3.42688;1
-131.71589;15.69236;      -0.18165;3.42686;1
-131.75007;15.69570;      -0.18201;3.42684;1
-131.78430;15.69903;      -0.18240;3.42683;1
-131.81860;15.70236;      -0.18277;3.42681;1
-131.85296;15.70570;      -0.18310;3.42680;1
-131.88732;15.70903;      -0.18343;3.42678;1
-131.92177;15.71236;      -0.18379;3.42677;1
-131.95633;15.71570;      -0.18416;3.42675;1
-131.99088;15.71903;      -0.18454;3.42673;1
-132.02551;15.72236;      -0.18494;3.42672;1
-132.06020;15.72570;      -0.18530;3.42670;1
-132.09493;15.72903;      -0.18563;3.42669;1
-132.12974;15.73236;      -0.18595;3.42667;1
-132.16458;15.73570;      -0.18620;3.42665;1
-132.19946;15.73903;      -0.18648;3.42664;1
-132.23436;15.74236;      -0.18682;3.42662;1
-132.26929;15.74569;      -0.18715;3.42661;1
-132.30428;15.74903;      -0.18743;3.42659;1
-132.33932;15.75236;      -0.18774;3.42658;1
-132.37442;15.75569;      -0.18803;3.42656;1
-132.40946;15.75903;      -0.18835;3.42654;1
-132.44453;15.76236;      -0.18867;3.42653;1
-132.47969;15.76569;      -0.18898;3.42651;1
-132.51487;15.76903;      -0.18927;3.42649;1
-132.55008;15.77236;      -0.18955;3.42648;1
-132.58526;15.77569;      -0.18984;3.42646;1
-132.62044;15.77903;      -0.19014;3.42645;1
-132.65560;15.78236;      -0.19046;3.42643;1
-132.69071;15.78569;      -0.19076;3.42641;1
-132.72577;15.78903;      -0.19101;3.42640;1
-132.76083;15.79236;      -0.19127;3.42638;1
-132.79594;15.79569;      -0.19151;3.42637;1
-132.83105;15.79902;      -0.19174;3.42635;1
-132.86619;15.80236;      -0.19197;3.42633;1
-132.90133;15.80569;      -0.19219;3.42632;1
-132.93648;15.80902;      -0.19238;3.42630;1
-132.97153;15.81236;      -0.19251;3.42628;1
-133.00658;15.81569;      -0.19260;3.42627;1
-133.04165;15.81902;      -0.19272;3.42625;1
-133.07668;15.82236;      -0.19290;3.42624;1
-133.11173;15.82569;      -0.19310;3.42622;1
-133.14674;15.82902;      -0.19323;3.42620;1
-133.18173;15.83236;      -0.19336;3.42619;1
-133.21669;15.83569;      -0.19353;3.42617;1
-133.25163;15.83902;      -0.19370;3.42615;1
-133.28658;15.84236;      -0.19386;3.42614;1
-133.32155;15.84569;      -0.19407;3.42612;1
-133.35654;15.84902;      -0.19424;3.42611;1
-133.39147;15.85235;      -0.19437;3.42609;1
-133.42638;15.85569;      -0.19455;3.42607;1
-133.46133;15.85902;      -0.19475;3.42606;1
-133.49624;15.86235;      -0.19493;3.42604;1
-133.53116;15.86569;      -0.19489;3.42603;1
-133.56608;15.86902;      -0.19488;3.42601;1
-133.60096;15.87235;      -0.19490;3.42599;1
-133.63593;15.87569;      -0.19498;3.42598;1
-133.67087;15.87902;      -0.19501;3.42596;1
-133.70576;15.88235;      -0.19498;3.42594;1
-133.74064;15.88569;      -0.19496;3.42593;1
-133.77551;15.88902;      -0.19500;3.42591;1
-133.81041;15.89235;      -0.19508;3.42590;1
-133.84529;15.89569;      -0.19518;3.42588;1
-133.88010;15.89902;      -0.19528;3.42586;1
-133.91496;15.90235;      -0.19532;3.42585;1
-133.94979;15.90568;      -0.19529;3.42583;1
-133.98456;15.90902;      -0.19536;3.42581;1
-134.01936;15.91235;      -0.19548;3.42580;1
-134.05417;15.91568;      -0.19561;3.42578;1
-134.08895;15.91902;      -0.19573;3.42576;1
-134.12369;15.92235;      -0.19571;3.42575;1
-134.15842;15.92568;      -0.19564;3.42573;1
-134.19313;15.92902;      -0.19565;3.42572;1
-134.22778;15.93235;      -0.19561;3.42570;1
-134.26242;15.93568;      -0.19556;3.42568;1
-134.29701;15.93902;      -0.19553;3.42567;1
-134.33161;15.94235;      -0.19553;3.42565;1
-134.36626;15.94568;      -0.19555;3.42563;1
-134.40085;15.94902;      -0.19556;3.42562;1
-134.43545;15.95235;      -0.19555;3.42560;1
-134.47002;15.95568;      -0.19553;3.42559;1
-134.50458;15.95901;      -0.19549;3.42557;1
-134.53915;15.96235;      -0.19549;3.42555;1
-134.57368;15.96568;      -0.19549;3.42554;1
-134.60820;15.96901;      -0.19551;3.42552;1
-134.64273;15.97235;      -0.19554;3.42550;1
-134.67726;15.97568;      -0.19553;3.42549;1
-134.71177;15.97901;      -0.19553;3.42547;1
-134.74628;15.98235;      -0.19555;3.42546;1
-134.78078;15.98568;      -0.19553;3.42544;1
-134.81532;15.98901;      -0.19553;3.42542;1
-134.84989;15.99235;      -0.19557;3.42541;1
-134.88445;15.99568;      -0.19559;3.42539;1
-134.91900;15.99901;      -0.19556;3.42537;1
-134.95353;16.00235;      -0.19552;3.42536;1
-134.98802;16.00568;      -0.19552;3.42534;1
-135.02246;16.00901;      -0.19552;3.42533;1
-135.05693;16.01234;      -0.19552;3.42531;1
-135.09143;16.01568;      -0.19551;3.42529;1
-135.12589;16.01901;      -0.19551;3.42528;1
-135.16034;16.02234;      -0.19547;3.42526;1
-135.19479;16.02568;      -0.19541;3.42524;1
-135.22924;16.02901;      -0.19537;3.42523;1
-135.26367;16.03234;      -0.19536;3.42521;1
-135.29812;16.03568;      -0.19534;3.42519;1
-135.33254;16.03901;      -0.19533;3.42518;1
-135.36692;16.04234;      -0.19531;3.42516;1
-135.40126;16.04568;      -0.19530;3.42515;1
-135.43560;16.04901;      -0.19528;3.42513;1
-135.46996;16.05234;      -0.19527;3.42511;1
-135.50433;16.05568;      -0.19528;3.42510;1
-135.53866;16.05901;      -0.19524;3.42508;1
-135.57296;16.06234;      -0.19518;3.42506;1
-135.60724;16.06567;      -0.19511;3.42505;1
-135.64152;16.06901;      -0.19504;3.42503;1
-135.67577;16.07234;      -0.19502;3.42501;1
-135.71003;16.07567;      -0.19499;3.42500;1
-135.74424;16.07901;      -0.19495;3.42498;1
-135.77841;16.08234;      -0.19490;3.42497;1
-135.81259;16.08567;      -0.19482;3.42495;1
-135.84677;16.08901;      -0.19474;3.42493;1
-135.88093;16.09234;      -0.19470;3.42492;1
-135.91508;16.09567;      -0.19469;3.42490;1
-135.94922;16.09901;      -0.19466;3.42488;1
-135.98336;16.10234;      -0.19459;3.42487;1
-136.01750;16.10567;      -0.19452;3.42485;1
-136.05164;16.10901;      -0.19444;3.42483;1
-136.08575;16.11234;      -0.19436;3.42482;1
-136.11987;16.11567;      -0.19429;3.42480;1
-136.15393;16.11900;      -0.19423;3.42479;1
-136.18796;16.12234;      -0.19417;3.42477;1
-136.22203;16.12567;      -0.19411;3.42475;1
-136.25610;16.12900;      -0.19403;3.42474;1
-136.29019;16.13234;      -0.19397;3.42472;1
-136.32428;16.13567;      -0.19388;3.42470;1
-136.35838;16.13900;      -0.19382;3.42469;1
-136.39247;16.14234;      -0.19376;3.42467;1
-136.42655;16.14567;      -0.19365;3.42465;1
-136.46059;16.14900;      -0.19359;3.42464;1
-136.49464;16.15234;      -0.19352;3.42462;1
-136.52869;16.15567;      -0.19342;3.42461;1
-136.56269;16.15900;      -0.19331;3.42459;1
-136.59671;16.16234;      -0.19318;3.42457;1
-136.63073;16.16567;      -0.19307;3.42456;1
-136.66474;16.16900;      -0.19294;3.42454;1
-136.69870;16.17233;      -0.19284;3.42452;1
-136.73258;16.17567;      -0.19276;3.42451;1
-136.76649;16.17900;      -0.19269;3.42449;1
-136.80039;16.18233;      -0.19262;3.42447;1
-136.83428;16.18567;      -0.19254;3.42446;1
-136.86816;16.18900;      -0.19246;3.42444;1
-136.90204;16.19233;      -0.19236;3.42442;1
-136.93596;16.19567;      -0.19227;3.42441;1
-136.96987;16.19900;      -0.19220;3.42439;1
-137.00371;16.20233;      -0.19212;3.42438;1
-137.03759;16.20567;      -0.19205;3.42436;1
-137.07152;16.20900;      -0.19200;3.42434;1
-137.10545;16.21233;      -0.19192;3.42433;1
-137.13936;16.21567;      -0.19184;3.42431;1
-137.17326;16.21900;      -0.19178;3.42429;1
-137.20713;16.22233;      -0.19169;3.42428;1
-137.24104;16.22566;      -0.19155;3.42426;1
-137.27493;16.22900;      -0.19138;3.42424;1
-137.30884;16.23233;      -0.19125;3.42423;1
-137.34271;16.23566;      -0.19114;3.42421;1
-137.37655;16.23900;      -0.19106;3.42419;1
-137.41042;16.24233;      -0.19098;3.42418;1
-137.44429;16.24566;      -0.19089;3.42416;1
-137.47821;16.24900;      -0.19078;3.42414;1
-137.51208;16.25233;      -0.19066;3.42413;1
-137.54593;16.25566;      -0.19056;3.42411;1
-137.57982;16.25900;      -0.19049;3.42410;1
-137.61373;16.26233;      -0.19040;3.42408;1
-137.64766;16.26566;      -0.19032;3.42406;1
-137.68158;16.26900;      -0.19025;3.42405;1
-137.71544;16.27233;      -0.19018;3.42403;1
-137.74932;16.27566;      -0.19011;3.42401;1
-137.78322;16.27899;      -0.19004;3.42400;1
-137.81711;16.28233;      -0.18995;3.42398;1
-137.85102;16.28566;      -0.18989;3.42396;1
-137.88501;16.28899;      -0.18983;3.42395;1
-137.91896;16.29233;      -0.18977;3.42393;1
-137.95291;16.29566;      -0.18968;3.42391;1
-137.98687;16.29899;      -0.18958;3.42390;1
-138.02083;16.30233;      -0.18948;3.42388;1
-138.05482;16.30566;      -0.18942;3.42386;1
-138.08876;16.30899;      -0.18937;3.42385;1
-138.12273;16.31233;      -0.18930;3.42383;1
-138.15671;16.31566;      -0.18923;3.42381;1
-138.19065;16.31899;      -0.18915;3.42380;1
-138.22468;16.32233;      -0.18902;3.42378;1
-138.25875;16.32566;      -0.18887;3.42376;1
-138.29275;16.32899;      -0.18873;3.42375;1
-138.32676;16.33233;      -0.18862;3.42373;1
-138.36074;16.33566;      -0.18854;3.42371;1
-138.39474;16.33899;      -0.18846;3.42370;1
-138.42872;16.34232;      -0.18833;3.42368;1
-138.46269;16.34566;      -0.18821;3.42366;1
-138.49668;16.34899;      -0.18813;3.42364;1
-138.53067;16.35232;      -0.18812;3.42363;1
-138.56467;16.35566;      -0.18800;3.42361;1
-138.59865;16.35899;      -0.18786;3.42359;1
-138.63266;16.36232;      -0.18772;3.42358;1
-138.66663;16.36566;      -0.18754;3.42356;1
-138.70061;16.36899;      -0.18741;3.42354;1
-138.73460;16.37232;      -0.18734;3.42353;1
-138.76858;16.37566;      -0.18728;3.42351;1
-138.80265;16.37899;      -0.18726;3.42349;1
-138.83665;16.38232;      -0.18728;3.42348;1
-138.87073;16.38566;      -0.18726;3.42346;1
-138.90480;16.38899;      -0.18723;3.42344;1
-138.93885;16.39232;      -0.18705;3.42343;1
-138.97290;16.39565;      -0.18688;3.42341;1
-139.00691;16.39899;      -0.18681;3.42339;1
-139.04089;16.40232;      -0.18677;3.42338;1
-139.07487;16.40565;      -0.18666;3.42336;1
-139.10883;16.40899;      -0.18649;3.42334;1
-139.14275;16.41232;      -0.18636;3.42332;1
-139.17661;16.41565;      -0.18629;3.42331;1
-139.21046;16.41899;      -0.18624;3.42329;1
-139.24431;16.42232;      -0.18620;3.42327;1
-139.27826;16.42565;      -0.18615;3.42326;1
-139.31215;16.42899;      -0.18609;3.42324;1
-139.34607;16.43232;      -0.18604;3.42322;1
-139.37997;16.43565;      -0.18603;3.42321;1
-139.41385;16.43899;      -0.18608;3.42319;1
-139.44772;16.44232;      -0.18610;3.42317;1
-139.48159;16.44565;      -0.18608;3.42316;1
-139.51542;16.44898;      -0.18603;3.42314;1
-139.54926;16.45232;      -0.18597;3.42312;1
-139.58308;16.45565;      -0.18591;3.42310;1
-139.61687;16.45898;      -0.18587;3.42309;1
-139.65063;16.46232;      -0.18582;3.42307;1
-139.68435;16.46565;      -0.18574;3.42305;1
-139.71804;16.46898;      -0.18567;3.42304;1
-139.75178;16.47232;      -0.18564;3.42302;1
-139.78554;16.47565;      -0.18557;3.42300;1
-139.81927;16.47898;      -0.18541;3.42299;1
-139.85299;16.48232;      -0.18524;3.42297;1
-139.88670;16.48565;      -0.18511;3.42295;1
-139.92038;16.48898;      -0.18500;3.42294;1
-139.95401;16.49232;      -0.18497;3.42292;1
-139.98762;16.49565;      -0.18490;3.42290;1
-140.02121;16.49898;      -0.18479;3.42289;1
-140.05480;16.50231;      -0.18469;3.42287;1
-140.08838;16.50565;      -0.18459;3.42285;1
-140.12192;16.50898;      -0.18454;3.42283;1
-140.15543;16.51231;      -0.18445;3.42282;1
-140.18891;16.51565;      -0.18436;3.42280;1
-140.22240;16.51898;      -0.18430;3.42278;1
-140.25591;16.52231;      -0.18422;3.42277;1
-140.28942;16.52565;      -0.18418;3.42275;1
-140.32289;16.52898;      -0.18411;3.42273;1
-140.35639;16.53231;      -0.18401;3.42272;1
-140.38982;16.53565;      -0.18392;3.42270;1
-140.42325;16.53898;      -0.18382;3.42268;1
-140.45667;16.54231;      -0.18372;3.42267;1
-140.49009;16.54565;      -0.18362;3.42265;1
-140.52350;16.54898;      -0.18352;3.42263;1
-140.55692;16.55231;      -0.18342;3.42262;1
-140.59032;16.55564;      -0.18326;3.42260;1
-140.62369;16.55898;      -0.18310;3.42258;1
-140.65707;16.56231;      -0.18307;3.42256;1
-140.69046;16.56564;      -0.18300;3.42255;1
-140.72384;16.56898;      -0.18290;3.42253;1
-140.75719;16.57231;      -0.18280;3.42251;1
-140.79053;16.57564;      -0.18269;3.42250;1
-140.82390;16.57898;      -0.18261;3.42248;1
-140.85718;16.58231;      -0.18255;3.42246;1
-140.89049;16.58564;      -0.18246;3.42245;1
-140.92375;16.58898;      -0.18241;3.42243;1
-140.95703;16.59231;      -0.18236;3.42241;1
-140.99031;16.59564;      -0.18228;3.42240;1
-141.02354;16.59898;      -0.18219;3.42238;1
-141.05679;16.60231;      -0.18195;3.42236;1
-141.09006;16.60564;      -0.18170;3.42234;1
-141.12334;16.60897;      -0.18150;3.42233;1
-141.15660;16.61231;      -0.18134;3.42231;1
-141.18988;16.61564;      -0.18126;3.42229;1
-141.22322;16.61897;      -0.18125;3.42228;1
-141.25658;16.62231;      -0.18115;3.42226;1
-141.28995;16.62564;      -0.18104;3.42224;1
-141.32323;16.62897;      -0.18093;3.42223;1
-141.35650;16.63231;      -0.18080;3.42221;1
-141.38977;16.63564;      -0.18080;3.42219;1
-141.42304;16.63897;      -0.18077;3.42217;1
-141.45638;16.64231;      -0.18064;3.42216;1
-141.48969;16.64564;      -0.18053;3.42214;1
-141.52299;16.64897;      -0.18044;3.42212;1
-141.55631;16.65231;      -0.18035;3.42211;1
-141.58962;16.65564;      -0.18028;3.42209;1
-141.62299;16.65897;      -0.18012;3.42207;1
-141.65636;16.66230;      -0.17999;3.42206;1
-141.68972;16.66564;      -0.17990;3.42204;1
-141.72310;16.66897;      -0.17979;3.42202;1
-141.75650;16.67230;      -0.17968;3.42200;1
-141.78993;16.67564;      -0.17960;3.42199;1
-141.82337;16.67897;      -0.17948;3.42197;1
-141.85683;16.68230;      -0.17937;3.42195;1
-141.89027;16.68564;      -0.17928;3.42194;1
-141.92371;16.68897;      -0.17923;3.42192;1
-141.95716;16.69230;      -0.17917;3.42190;1
-141.99057;16.69564;      -0.17909;3.42188;1
-142.02401;16.69897;      -0.17902;3.42187;1
-142.05748;16.70230;      -0.17895;3.42185;1
-142.09098;16.70564;      -0.17887;3.42183;1
-142.12447;16.70897;      -0.17889;3.42182;1
-142.15800;16.71230;      -0.17894;3.42180;1
-142.19150;16.71563;      -0.17894;3.42178;1
-142.22502;16.71897;      -0.17888;3.42176;1
-142.25856;16.72230;      -0.17882;3.42175;1
-142.29209;16.72563;      -0.17871;3.42173;1
-142.32561;16.72897;      -0.17861;3.42171;1
-142.35914;16.73230;      -0.17854;3.42169;1
-142.39265;16.73563;      -0.17845;3.42168;1
-142.42624;16.73897;      -0.17837;3.42166;1
-142.45979;16.74230;      -0.17831;3.42164;1
-142.49333;16.74563;      -0.17831;3.42162;1
-142.52689;16.74897;      -0.17828;3.42161;1
-142.56051;16.75230;      -0.17829;3.42159;1
-142.59413;16.75563;      -0.17826;3.42157;1
-142.62773;16.75897;      -0.17822;3.42156;1
-142.66134;16.76230;      -0.17817;3.42154;1
-142.69491;16.76563;      -0.17814;3.42152;1
-142.72844;16.76896;      -0.17807;3.42150;1
-142.76199;16.77230;      -0.17800;3.42149;1
-142.79557;16.77563;      -0.17794;3.42147;1
-142.82920;16.77896;      -0.17787;3.42145;1
-142.86275;16.78230;      -0.17783;3.42143;1
-142.89636;16.78563;      -0.17777;3.42142;1
-142.92999;16.78896;      -0.17770;3.42140;1
-142.96361;16.79230;      -0.17764;3.42138;1
-142.99721;16.79563;      -0.17757;3.42136;1
-143.03085;16.79896;      -0.17750;3.42135;1
-143.06451;16.80230;      -0.17745;3.42133;1
-143.09814;16.80563;      -0.17737;3.42131;1
-143.13176;16.80896;      -0.17731;3.42129;1
-143.16539;16.81230;      -0.17723;3.42128;1
-143.19902;16.81563;      -0.17714;3.42126;1
-143.23263;16.81896;      -0.17709;3.42124;1
-143.26625;16.82229;      -0.17705;3.42122;1
-143.29984;16.82563;      -0.17699;3.42121;1
-143.33345;16.82896;      -0.17692;3.42119;1
-143.36710;16.83229;      -0.17684;3.42117;1
-143.40076;16.83563;      -0.17680;3.42115;1
-143.43444;16.83896;      -0.17678;3.42114;1
-143.46805;16.84229;      -0.17677;3.42112;1
-143.50164;16.84563;      -0.17674;3.42110;1
-143.53528;16.84896;      -0.17668;3.42108;1
-143.56888;16.85229;      -0.17664;3.42107;1
-143.60254;16.85563;      -0.17658;3.42105;1
-143.63619;16.85896;      -0.17651;3.42103;1
-143.66981;16.86229;      -0.17643;3.42101;1
-143.70337;16.86563;      -0.17638;3.42099;1
-143.73695;16.86896;      -0.17633;3.42098;1
-143.77051;16.87229;      -0.17628;3.42096;1
-143.80404;16.87562;      -0.17624;3.42094;1
-143.83751;16.87896;      -0.17617;3.42092;1
-143.87098;16.88229;      -0.17610;3.42091;1
-143.90443;16.88562;      -0.17606;3.42089;1
-143.93784;16.88896;      -0.17603;3.42087;1
-143.97127;16.89229;      -0.17603;3.42085;1
-144.00471;16.89562;      -0.17602;3.42084;1
-144.03817;16.89896;      -0.17595;3.42082;1
-144.07161;16.90229;      -0.17579;3.42080;1
-144.10505;16.90562;      -0.17570;3.42078;1
-144.13839;16.90896;      -0.17567;3.42077;1
-144.17171;16.91229;      -0.17563;3.42075;1
-144.20504;16.91562;      -0.17552;3.42073;1
-144.23842;16.91896;      -0.17532;3.42071;1
-144.27179;16.92229;      -0.17522;3.42070;1
-144.30517;16.92562;      -0.17515;3.42068;1
-144.33855;16.92895;      -0.17503;3.42066;1
-144.37188;16.93229;      -0.17492;3.42064;1
-144.40519;16.93562;      -0.17483;3.42063;1
-144.43850;16.93895;      -0.17476;3.42061;1
-144.47181;16.94229;      -0.17470;3.42059;1
-144.50513;16.94562;      -0.17465;3.42057;1
-144.53844;16.94895;      -0.17463;3.42056;1
-144.57171;16.95229;      -0.17454;3.42054;1
-144.60493;16.95562;      -0.17443;3.42052;1
-144.63810;16.95895;      -0.17441;3.42050;1
-144.67131;16.96229;      -0.17440;3.42049;1
-144.70449;16.96562;      -0.17436;3.42047;1
-144.73763;16.96895;      -0.17430;3.42045;1
-144.77082;16.97229;      -0.17425;3.42043;1
-144.80403;16.97562;      -0.17422;3.42041;1
-144.83719;16.97895;      -0.17419;3.42040;1
-144.87030;16.98228;      -0.17414;3.42038;1
-144.90348;16.98562;      -0.17405;3.42036;1
-144.93662;16.98895;      -0.17395;3.42034;1
-144.96975;16.99228;      -0.17386;3.42033;1
-145.00289;16.99562;      -0.17377;3.42031;1
-145.03607;16.99895;      -0.17368;3.42029;1
-145.06920;17.00228;      -0.17353;3.42027;1
-145.10233;17.00562;      -0.17340;3.42026;1
-145.13544;17.00895;      -0.17333;3.42024;1
-145.16856;17.01228;      -0.17331;3.42022;1
-145.20167;17.01562;      -0.17330;3.42020;1
-145.23477;17.01895;      -0.17324;3.42019;1
-145.26785;17.02228;      -0.17317;3.42017;1
-145.30095;17.02562;      -0.17307;3.42015;1
-145.33405;17.02895;      -0.17297;3.42013;1
-145.36716;17.03228;      -0.17290;3.42011;1
-145.40029;17.03561;      -0.17279;3.42010;1
-145.43338;17.03895;      -0.17267;3.42008;1
-145.46648;17.04228;      -0.17255;3.42006;1
-145.49961;17.04561;      -0.17246;3.42004;1
-145.53273;17.04895;      -0.17238;3.42003;1
-145.56583;17.05228;      -0.17231;3.42001;1
-145.59897;17.05561;      -0.17220;3.41999;1
-145.63210;17.05895;      -0.17206;3.41997;1
-145.66517;17.06228;      -0.17189;3.41996;1
-145.69819;17.06561;      -0.17177;3.41994;1
-145.73129;17.06895;      -0.17170;3.41992;1
-145.76442;17.07228;      -0.17162;3.41990;1
-145.79759;17.07561;      -0.17151;3.41988;1
-145.83072;17.07895;      -0.17139;3.41987;1
-145.86389;17.08228;      -0.17130;3.41985;1
-145.89706;17.08561;      -0.17123;3.41983;1
-145.93026;17.08894;      -0.17116;3.41981;1
-145.96352;17.09228;      -0.17111;3.41980;1
-145.99674;17.09561;      -0.17103;3.41978;1
-146.03000;17.09894;      -0.17095;3.41976;1
-146.06328;17.10228;      -0.17085;3.41974;1
-146.09656;17.10561;      -0.17071;3.41972;1
-146.12983;17.10894;      -0.17058;3.41971;1
-146.16316;17.11228;      -0.17056;3.41969;1
-146.19653;17.11561;      -0.17055;3.41967;1
-146.22986;17.11894;      -0.17052;3.41965;1
-146.26317;17.12228;      -0.17052;3.41963;1
-146.29650;17.12561;      -0.17042;3.41962;1
-146.32979;17.12894;      -0.17031;3.41960;1
-146.36307;17.13228;      -0.17026;3.41958;1
-146.39640;17.13561;      -0.17024;3.41956;1
-146.42977;17.13894;      -0.17018;3.41954;1
-146.46313;17.14228;      -0.17012;3.41953;1
-146.49647;17.14561;      -0.17003;3.41951;1
-146.52980;17.14894;      -0.16991;3.41949;1
-146.56317;17.15227;      -0.16978;3.41947;1
-146.59654;17.15561;      -0.16974;3.41945;1
-146.62995;17.15894;      -0.16974;3.41944;1
-146.66339;17.16227;      -0.16977;3.41942;1
-146.69682;17.16561;      -0.16975;3.41940;1
-146.73032;17.16894;      -0.16969;3.41938;1
-146.76386;17.17227;      -0.16963;3.41936;1
-146.79737;17.17561;      -0.16952;3.41935;1
-146.83091;17.17894;      -0.16946;3.41933;1
-146.86445;17.18227;      -0.16945;3.41931;1
-146.89802;17.18561;      -0.16943;3.41929;1
-146.93157;17.18894;      -0.16939;3.41927;1
-146.96511;17.19227;      -0.16935;3.41925;1
-146.99869;17.19561;      -0.16931;3.41924;1
-147.03223;17.19894;      -0.16926;3.41922;1
-147.06569;17.20227;      -0.16925;3.41920;1
-147.09920;17.20560;      -0.16923;3.41918;1
-147.13268;17.20894;      -0.16923;3.41916;1
-147.16624;17.21227;      -0.16923;3.41915;1
-147.19977;17.21560;      -0.16922;3.41913;1
-147.23331;17.21894;      -0.16920;3.41911;1
-147.26684;17.22227;      -0.16919;3.41909;1
-147.30041;17.22560;      -0.16918;3.41907;1
-147.33390;17.22894;      -0.16918;3.41905;1
-147.36740;17.23227;      -0.16920;3.41904;1
-147.40089;17.23560;      -0.16921;3.41902;1
-147.43435;17.23894;      -0.16922;3.41900;1
-147.46788;17.24227;      -0.16921;3.41898;1
-147.50138;17.24560;      -0.16919;3.41896;1
-147.53486;17.24894;      -0.16919;3.41894;1
-147.56834;17.25227;      -0.16919;3.41893;1
-147.60180;17.25560;      -0.16918;3.41891;1
-147.63526;17.25893;      -0.16911;3.41889;1
-147.66866;17.26227;      -0.16904;3.41887;1
-147.70213;17.26560;      -0.16905;3.41885;1
-147.73564;17.26893;      -0.16906;3.41883;1
-147.76916;17.27227;      -0.16904;3.41882;1
-147.80265;17.27560;      -0.16901;3.41880;1
-147.83605;17.27893;      -0.16900;3.41878;1
-147.86954;17.28227;      -0.16890;3.41876;1
-147.90300;17.28560;      -0.16884;3.41874;1
-147.93646;17.28893;      -0.16871;3.41872;1
-147.96990;17.29227;      -0.16860;3.41871;1
-148.00328;17.29560;      -0.16855;3.41869;1
-148.03670;17.29893;      -0.16848;3.41867;1
-148.07009;17.30227;      -0.16843;3.41865;1
-148.10346;17.30560;      -0.16838;3.41863;1
-148.13686;17.30893;      -0.16829;3.41861;1
-148.17027;17.31226;      -0.16820;3.41860;1
-148.20369;17.31560;      -0.16813;3.41858;1
-148.23710;17.31893;      -0.16804;3.41856;1
-148.27045;17.32226;      -0.16796;3.41854;1
-148.30387;17.32560;      -0.16785;3.41852;1
-148.33731;17.32893;      -0.16776;3.41850;1
-148.37071;17.33226;      -0.16775;3.41849;1
-148.40411;17.33560;      -0.16777;3.41847;1
-148.43750;17.33893;      -0.16771;3.41845;1
-148.47087;17.34226;      -0.16758;3.41843;1
-148.50429;17.34560;      -0.16747;3.41841;1
-148.53770;17.34893;      -0.16738;3.41839;1
-148.57114;17.35226;      -0.16731;3.41838;1
-148.60453;17.35560;      -0.16724;3.41836;1
-148.63793;17.35893;      -0.16718;3.41834;1
-148.67130;17.36226;      -0.16712;3.41832;1
-148.70471;17.36559;      -0.16709;3.41830;1
-148.73811;17.36893;      -0.16705;3.41828;1
-148.77146;17.37226;      -0.16700;3.41826;1
-148.80487;17.37559;      -0.16692;3.41825;1
-148.83825;17.37893;      -0.16683;3.41823;1
-148.87159;17.38226;      -0.16676;3.41821;1
-148.90497;17.38559;      -0.16670;3.41819;1
-148.93831;17.38893;      -0.16666;3.41817;1
-148.97168;17.39226;      -0.16662;3.41815;1
-149.00509;17.39559;      -0.16654;3.41814;1
-149.03845;17.39893;      -0.16647;3.41812;1
-149.07181;17.40226;      -0.16642;3.41810;1
-149.10522;17.40559;      -0.16636;3.41808;1
-149.13859;17.40893;      -0.16635;3.41806;1
-149.17198;17.41226;      -0.16629;3.41804;1
-149.20537;17.41559;      -0.16625;3.41802;1
-149.23876;17.41892;      -0.16621;3.41801;1
-149.27220;17.42226;      -0.16617;3.41799;1
-149.30565;17.42559;      -0.16612;3.41797;1
-149.33909;17.42892;      -0.16606;3.41795;1
-149.37251;17.43226;      -0.16608;3.41793;1
-149.40593;17.43559;      -0.16609;3.41791;1
-149.43941;17.43892;      -0.16608;3.41789;1
-149.47288;17.44226;      -0.16604;3.41788;1
-149.50627;17.44559;      -0.16600;3.41786;1
-149.53970;17.44892;      -0.16597;3.41784;1
-149.57319;17.45226;      -0.16594;3.41782;1
-149.60667;17.45559;      -0.16591;3.41780;1
-149.64017;17.45892;      -0.16581;3.41778;1
-149.67365;17.46226;      -0.16574;3.41776;1
-149.70715;17.46559;      -0.16567;3.41774;1
-149.74067;17.46892;      -0.16561;3.41773;1
-149.77417;17.47225;      -0.16549;3.41771;1
-149.80762;17.47559;      -0.16537;3.41769;1
-149.84109;17.47892;      -0.16525;3.41767;1
-149.87465;17.48225;      -0.16514;3.41765;1
-149.90821;17.48559;      -0.16506;3.41763;1
-149.94169;17.48892;      -0.16501;3.41761;1
-149.97516;17.49225;      -0.16504;3.41759;1
-150.00866;17.49559;      -0.16504;3.41758;1
-150.04219;17.49892;      -0.16499;3.41756;1
-150.07573;17.50225;      -0.16491;3.41754;1
-150.10922;17.50559;      -0.16490;3.41752;1
-150.14275;17.50892;      -0.16488;3.41750;1
-150.17625;17.51225;      -0.16486;3.41748;1
-150.20970;17.51559;      -0.16479;3.41746;1
-150.24318;17.51892;      -0.16471;3.41744;1
-150.27668;17.52225;      -0.16463;3.41743;1
-150.31021;17.52558;      -0.16455;3.41741;1
-150.34375;17.52892;      -0.16451;3.41739;1
-150.37723;17.53225;      -0.16450;3.41737;1
-150.41071;17.53558;      -0.16445;3.41735;1
-150.44420;17.53892;      -0.16438;3.41733;1
-150.47765;17.54225;      -0.16430;3.41731;1
-150.51115;17.54558;      -0.16421;3.41729;1
-150.54462;17.54892;      -0.16412;3.41727;1
-150.57810;17.55225;      -0.16403;3.41726;1
-150.61155;17.55558;      -0.16395;3.41724;1
-150.64500;17.55892;      -0.16382;3.41722;1
-150.67846;17.56225;      -0.16372;3.41720;1
-150.71194;17.56558;      -0.16367;3.41718;1
-150.74535;17.56892;      -0.16361;3.41716;1
-150.77878;17.57225;      -0.16355;3.41714;1
-150.81223;17.57558;      -0.16351;3.41712;1
-150.84558;17.57891;      -0.16344;3.41710;1
-150.87898;17.58225;      -0.16335;3.41709;1
-150.91242;17.58558;      -0.16333;3.41707;1
-150.94585;17.58891;      -0.16330;3.41705;1
-150.97934;17.59225;      -0.16322;3.41703;1
-151.01278;17.59558;      -0.16313;3.41701;1
-151.04619;17.59891;      -0.16303;3.41699;1
-151.07959;17.60225;      -0.16298;3.41697;1
-151.11298;17.60558;      -0.16298;3.41695;1
-151.14639;17.60891;      -0.16296;3.41693;1
-151.17985;17.61225;      -0.16291;3.41691;1
-151.21325;17.61558;      -0.16289;3.41690;1
-151.24661;17.61891;      -0.16286;3.41688;1
-151.28001;17.62225;      -0.16284;3.41686;1
-151.31335;17.62558;      -0.16279;3.41684;1
-151.34671;17.62891;      -0.16271;3.41682;1
-151.38006;17.63224;      -0.16263;3.41680;1
-151.41344;17.63558;      -0.16253;3.41678;1
-151.44686;17.63891;      -0.16244;3.41676;1
-151.48018;17.64224;      -0.16237;3.41674;1
-151.51352;17.64558;      -0.16231;3.41673;1
-151.54691;17.64891;      -0.16223;3.41671;1
-151.58024;17.65224;      -0.16214;3.41669;1
-151.61349;17.65558;      -0.16207;3.41667;1
-151.64674;17.65891;      -0.16194;3.41665;1
-151.68000;17.66224;      -0.16181;3.41663;1
-151.71329;17.66558;      -0.16168;3.41661;1
-151.74655;17.66891;      -0.16158;3.41659;1
-151.77978;17.67224;      -0.16151;3.41657;1
-151.81304;17.67558;      -0.16144;3.41655;1
-151.84633;17.67891;      -0.16134;3.41654;1
-151.87960;17.68224;      -0.16122;3.41652;1
-151.91285;17.68557;      -0.16110;3.41650;1
-151.94611;17.68891;      -0.16098;3.41648;1
-151.97942;17.69224;      -0.16088;3.41646;1
-152.01268;17.69557;      -0.16081;3.41644;1
-152.04593;17.69891;      -0.16076;3.41642;1
-152.07913;17.70224;      -0.16074;3.41640;1
-152.11236;17.70557;      -0.16064;3.41638;1
-152.14558;17.70891;      -0.16055;3.41636;1
-152.17875;17.71224;      -0.16050;3.41635;1
-152.21196;17.71557;      -0.16048;3.41633;1
-152.24521;17.71891;      -0.16047;3.41631;1
-152.27844;17.72224;      -0.16044;3.41629;1
-152.31167;17.72557;      -0.16037;3.41627;1
-152.34492;17.72891;      -0.16026;3.41625;1
-152.37809;17.73224;      -0.16018;3.41623;1
-152.41130;17.73557;      -0.16012;3.41621;1
-152.44452;17.73890;      -0.16004;3.41619;1
-152.47773;17.74224;      -0.15994;3.41617;1
-152.51098;17.74557;      -0.15985;3.41615;1
-152.54420;17.74890;      -0.15977;3.41614;1
-152.57742;17.75224;      -0.15969;3.41612;1
-152.61066;17.75557;      -0.15963;3.41610;1
-152.64391;17.75890;      -0.15957;3.41608;1
-152.67718;17.76224;      -0.15951;3.41606;1
-152.71046;17.76557;      -0.15946;3.41604;1
-152.74374;17.76890;      -0.15939;3.41602;1
-152.77701;17.77224;      -0.15933;3.41600;1
-152.81023;17.77557;      -0.15927;3.41598;1
-152.84347;17.77890;      -0.15921;3.41596;1
-152.87675;17.78224;      -0.15911;3.41594;1
-152.91007;17.78557;      -0.15902;3.41592;1
-152.94331;17.78890;      -0.15896;3.41591;1
-152.97653;17.79223;      -0.15889;3.41589;1
-153.00973;17.79557;      -0.15882;3.41587;1
-153.04287;17.79890;      -0.15877;3.41585;1
-153.07606;17.80223;      -0.15871;3.41583;1
-153.10930;17.80557;      -0.15863;3.41581;1
-153.14254;17.80890;      -0.15856;3.41579;1
-153.17572;17.81223;      -0.15850;3.41577;1
-153.20888;17.81557;      -0.15842;3.41575;1
-153.24210;17.81890;      -0.15832;3.41573;1
-153.27530;17.82223;      -0.15825;3.41571;1
-153.30853;17.82557;      -0.15819;3.41569;1
-153.34176;17.82890;      -0.15819;3.41567;1
-153.37501;17.83223;      -0.15815;3.41566;1
-153.40827;17.83557;      -0.15812;3.41564;1
-153.44155;17.83890;      -0.15808;3.41562;1
-153.47480;17.84223;      -0.15802;3.41560;1
-153.50803;17.84556;      -0.15790;3.41558;1
-153.54126;17.84890;      -0.15785;3.41556;1
-153.57449;17.85223;      -0.15768;3.41554;1
-153.60770;17.85556;      -0.15749;3.41552;1
-153.64095;17.85890;      -0.15736;3.41550;1
-153.67421;17.86223;      -0.15726;3.41548;1
-153.70745;17.86556;      -0.15716;3.41546;1
-153.74066;17.86890;      -0.15707;3.41544;1
-153.77390;17.87223;      -0.15702;3.41542;1
-153.80714;17.87556;      -0.15701;3.41540;1
-153.84040;17.87890;      -0.15702;3.41538;1
-153.87363;17.88223;      -0.15699;3.41537;1
-153.90689;17.88556;      -0.15694;3.41535;1
-153.94009;17.88890;      -0.15685;3.41533;1
-153.97326;17.89223;      -0.15677;3.41531;1
-154.00646;17.89556;      -0.15673;3.41529;1
-154.03971;17.89889;      -0.15676;3.41527;1
-154.07295;17.90223;      -0.15669;3.41525;1
-154.10620;17.90556;      -0.15653;3.41523;1
-154.13936;17.90889;      -0.15647;3.41521;1
-154.17259;17.91223;      -0.15640;3.41519;1
-154.20588;17.91556;      -0.15633;3.41517;1
-154.23915;17.91889;      -0.15636;3.41515;1
-154.27243;17.92223;      -0.15635;3.41513;1
-154.30569;17.92556;      -0.15631;3.41511;1
-154.33890;17.92889;      -0.15625;3.41509;1
-154.37214;17.93223;      -0.15618;3.41507;1
-154.40543;17.93556;      -0.15613;3.41506;1
-154.43871;17.93889;      -0.15607;3.41504;1
-154.47200;17.94223;      -0.15598;3.41502;1
-154.50530;17.94556;      -0.15592;3.41500;1
-154.53863;17.94889;      -0.15588;3.41498;1
-154.57188;17.95223;      -0.15584;3.41496;1
-154.60508;17.95556;      -0.15574;3.41494;1
-154.63836;17.95889;      -0.15563;3.41492;1
-154.67168;17.96222;      -0.15559;3.41490;1
-154.70494;17.96556;      -0.15556;3.41488;1
-154.73818;17.96889;      -0.15551;3.41486;1
-154.77140;17.97222;      -0.15547;3.41484;1
-154.80465;17.97556;      -0.15541;3.41482;1
-154.83795;17.97889;      -0.15533;3.41480;1
-154.87122;17.98222;      -0.15526;3.41478;1
-154.90448;17.98556;      -0.15523;3.41476;1
-154.93775;17.98889;      -0.15521;3.41474;1
-154.97103;17.99222;      -0.15518;3.41472;1
-155.00430;17.99556;      -0.15516;3.41470;1
-155.03760;17.99889;      -0.15511;3.41468;1
-155.07098;18.00222;      -0.15505;3.41466;1
-155.10433;18.00556;      -0.15499;3.41464;1
-155.13767;18.00889;      -0.15493;3.41462;1
-155.17104;18.01222;      -0.15489;3.41460;1
-155.20440;18.01555;      -0.15479;3.41458;1
-155.23780;18.01889;      -0.15476;3.41457;1
-155.27118;18.02222;      -0.15475;3.41455;1
-155.30461;18.02555;      -0.15475;3.41453;1
-155.33807;18.02889;      -0.15473;3.41451;1
-155.37149;18.03222;      -0.15470;3.41449;1
-155.40486;18.03555;      -0.15464;3.41447;1
-155.43822;18.03889;      -0.15459;3.41445;1
-155.47161;18.04222;      -0.15454;3.41443;1
-155.50499;18.04555;      -0.15449;3.41441;1
-155.53842;18.04889;      -0.15442;3.41439;1
-155.57189;18.05222;      -0.15432;3.41437;1
-155.60530;18.05555;      -0.15421;3.41435;1
-155.63878;18.05889;      -0.15414;3.41433;1
-155.67225;18.06222;      -0.15410;3.41431;1
-155.70567;18.06555;      -0.15405;3.41429;1
-155.73914;18.06888;      -0.15397;3.41427;1
-155.77260;18.07222;      -0.15390;3.41425;1
-155.80608;18.07555;      -0.15384;3.41423;1
-155.83956;18.07888;      -0.15377;3.41421;1
-155.87298;18.08222;      -0.15373;3.41419;1
-155.90645;18.08555;      -0.15368;3.41417;1
-155.93986;18.08888;      -0.15366;3.41415;1
-155.97330;18.09222;      -0.15364;3.41413;1
-156.00679;18.09555;      -0.15360;3.41411;1
-156.04026;18.09888;      -0.15354;3.41409;1
-156.07370;18.10222;      -0.15348;3.41407;1
-156.10717;18.10555;      -0.15342;3.41405;1
-156.14063;18.10888;      -0.15336;3.41403;1
-156.17417;18.11222;      -0.15332;3.41401;1
-156.20765;18.11555;      -0.15325;3.41399;1
-156.24102;18.11888;      -0.15316;3.41397;1
-156.27444;18.12221;      -0.15313;3.41395;1
-156.30784;18.12555;      -0.15309;3.41393;1
-156.34124;18.12888;      -0.15305;3.41391;1
-156.37465;18.13221;      -0.15299;3.41389;1
-156.40803;18.13555;      -0.15291;3.41387;1
-156.44137;18.13888;      -0.15284;3.41385;1
-156.47472;18.14221;      -0.15278;3.41383;1
-156.50808;18.14555;      -0.15276;3.41381;1
-156.54139;18.14888;      -0.15272;3.41379;1
-156.57465;18.15221;      -0.15268;3.41377;1
-156.60801;18.15555;      -0.15263;3.41375;1
-156.64141;18.15888;      -0.15256;3.41373;1
-156.67471;18.16221;      -0.15245;3.41371;1
-156.70800;18.16555;      -0.15241;3.41369;1
-156.74136;18.16888;      -0.15241;3.41367;1
-156.77471;18.17221;      -0.15241;3.41365;1
-156.80808;18.17554;      -0.15240;3.41363;1
-156.84143;18.17888;      -0.15238;3.41361;1
-156.87481;18.18221;      -0.15234;3.41359;1
-156.90823;18.18554;      -0.15230;3.41357;1
-156.94164;18.18888;      -0.15226;3.41355;1
-156.97498;18.19221;      -0.15220;3.41353;1
-157.00836;18.19554;      -0.15215;3.41351;1
-157.04177;18.19888;      -0.15208;3.41349;1
-157.07518;18.20221;      -0.15196;3.41347;1
-157.10858;18.20554;      -0.15183;3.41345;1
-157.14197;18.20888;      -0.15176;3.41343;1
-157.17534;18.21221;      -0.15171;3.41341;1
-157.20869;18.21554;      -0.15169;3.41339;1
-157.24209;18.21888;      -0.15166;3.41337;1
-157.27548;18.22221;      -0.15166;3.41335;1
-157.30890;18.22554;      -0.15155;3.41333;1
-157.34227;18.22887;      -0.15139;3.41331;1
-157.37560;18.23221;      -0.15131;3.41329;1
-157.40892;18.23554;      -0.15125;3.41327;1
-157.44227;18.23887;      -0.15119;3.41325;1
-157.47562;18.24221;      -0.15115;3.41323;1
-157.50896;18.24554;      -0.15110;3.41321;1
-157.54231;18.24887;      -0.15103;3.41319;1
-157.57561;18.25221;      -0.15101;3.41317;1
-157.60892;18.25554;      -0.15096;3.41315;1
-157.64222;18.25887;      -0.15089;3.41313;1
-157.67551;18.26221;      -0.15083;3.41311;1
-157.70882;18.26554;      -0.15074;3.41309;1
-157.74209;18.26887;      -0.15069;3.41307;1
-157.77536;18.27221;      -0.15064;3.41305;1
-157.80864;18.27554;      -0.15059;3.41303;1
-157.84191;18.27887;      -0.15050;3.41301;1
-157.87515;18.28220;      -0.15039;3.41299;1
-157.90844;18.28554;      -0.15031;3.41297;1
-157.94172;18.28887;      -0.15025;3.41295;1
-157.97500;18.29220;      -0.15016;3.41293;1
-158.00834;18.29554;      -0.15008;3.41291;1
-158.04158;18.29887;      -0.14992;3.41289;1
-158.07484;18.30220;      -0.14982;3.41287;1
-158.10812;18.30554;      -0.14982;3.41285;1
-158.14137;18.30887;      -0.14982;3.41283;1
-158.17458;18.31220;      -0.14983;3.41281;1
-158.20778;18.31554;      -0.14981;3.41279;1
-158.24102;18.31887;      -0.14977;3.41277;1
-158.27432;18.32220;      -0.14973;3.41274;1
-158.30755;18.32554;      -0.14955;3.41272;1
-158.34079;18.32887;      -0.14941;3.41270;1
-158.37406;18.33220;      -0.14930;3.41268;1
-158.40729;18.33553;      -0.14917;3.41266;1
-158.44056;18.33887;      -0.14912;3.41264;1
-158.47385;18.34220;      -0.14909;3.41262;1
-158.50710;18.34553;      -0.14903;3.41260;1
-158.54034;18.34887;      -0.14899;3.41258;1
-158.57366;18.35220;      -0.14898;3.41256;1
-158.60699;18.35553;      -0.14894;3.41254;1
-158.64027;18.35887;      -0.14889;3.41252;1
-158.67353;18.36220;      -0.14882;3.41250;1
-158.70685;18.36553;      -0.14872;3.41248;1
-158.74020;18.36887;      -0.14862;3.41246;1
-158.77353;18.37220;      -0.14853;3.41244;1
-158.80687;18.37553;      -0.14844;3.41242;1
-158.84023;18.37887;      -0.14836;3.41240;1
-158.87359;18.38220;      -0.14830;3.41238;1
-158.90693;18.38553;      -0.14820;3.41236;1
-158.94024;18.38886;      -0.14809;3.41234;1
-158.97351;18.39220;      -0.14801;3.41232;1
-159.00682;18.39553;      -0.14794;3.41230;1
-159.04014;18.39886;      -0.14786;3.41228;1
-159.07343;18.40220;      -0.14781;3.41226;1
-159.10669;18.40553;      -0.14773;3.41224;1
-159.13996;18.40886;      -0.14766;3.41222;1
-159.17325;18.41220;      -0.14760;3.41220;1
-159.20653;18.41553;      -0.14756;3.41218;1
-159.23983;18.41886;      -0.14750;3.41215;1
-159.27313;18.42220;      -0.14747;3.41213;1
-159.30636;18.42553;      -0.14743;3.41211;1
-159.33957;18.42886;      -0.14734;3.41209;1
-159.37281;18.43220;      -0.14729;3.41207;1
-159.40605;18.43553;      -0.14727;3.41205;1
-159.43933;18.43886;      -0.14724;3.41203;1
-159.47257;18.44219;      -0.14721;3.41201;1
-159.50582;18.44553;      -0.14713;3.41199;1
-159.53909;18.44886;      -0.14705;3.41197;1
-159.57229;18.45219;      -0.14699;3.41195;1
-159.60551;18.45553;      -0.14690;3.41193;1
-159.63873;18.45886;      -0.14679;3.41191;1
-159.67201;18.46219;      -0.14672;3.41189;1
-159.70524;18.46553;      -0.14667;3.41187;1
-159.73846;18.46886;      -0.14661;3.41185;1
-159.77171;18.47219;      -0.14656;3.41183;1
-159.80495;18.47553;      -0.14648;3.41181;1
-159.83821;18.47886;      -0.14641;3.41179;1
-159.87143;18.48219;      -0.14634;3.41177;1
-159.90467;18.48553;      -0.14629;3.41175;1
-159.93790;18.48886;      -0.14624;3.41173;1
-159.97116;18.49219;      -0.14618;3.41170;1
-160.00443;18.49552;      -0.14613;3.41168;1
-160.03765;18.49886;      -0.14605;3.41166;1
-160.07089;18.50219;      -0.14599;3.41164;1
-160.10416;18.50552;      -0.14599;3.41162;1
-160.13743;18.50886;      -0.14598;3.41160;1
-160.17072;18.51219;      -0.14593;3.41158;1
-160.20407;18.51552;      -0.14586;3.41156;1
-160.23742;18.51886;      -0.14582;3.41154;1
-160.27080;18.52219;      -0.14577;3.41152;1
-160.30415;18.52552;      -0.14569;3.41150;1
-160.33748;18.52886;      -0.14565;3.41148;1
-160.37082;18.53219;      -0.14561;3.41146;1
-160.40413;18.53552;      -0.14555;3.41144;1
-160.43749;18.53886;      -0.14549;3.41142;1
-160.47090;18.54219;      -0.14546;3.41139;1
-160.50425;18.54552;      -0.14544;3.41137;1
-160.53769;18.54885;      -0.14541;3.41135;1
-160.57116;18.55219;      -0.14539;3.41133;1
-160.60461;18.55552;      -0.14540;3.41131;1
-160.63805;18.55885;      -0.14536;3.41129;1
-160.67154;18.56219;      -0.14526;3.41127;1
-160.70505;18.56552;      -0.14513;3.41125;1
-160.73849;18.56885;      -0.14507;3.41123;1
-160.77186;18.57219;      -0.14504;3.41121;1
-160.80526;18.57552;      -0.14499;3.41119;1
-160.83864;18.57885;      -0.14490;3.41117;1
-160.87206;18.58219;      -0.14483;3.41115;1
-160.90551;18.58552;      -0.14478;3.41112;1
-160.93892;18.58885;      -0.14471;3.41110;1
-160.97235;18.59219;      -0.14473;3.41108;1
-161.00578;18.59552;      -0.14477;3.41106;1
-161.03922;18.59885;      -0.14476;3.41104;1
-161.07266;18.60218;      -0.14470;3.41102;1
-161.10609;18.60552;      -0.14459;3.41100;1
-161.13952;18.60885;      -0.14449;3.41098;1
-161.17298;18.61218;      -0.14441;3.41096;1
-161.20639;18.61552;      -0.14435;3.41094;1
-161.23980;18.61885;      -0.14432;3.41092;1
-161.27323;18.62218;      -0.14426;3.41089;1
-161.30662;18.62552;      -0.14419;3.41087;1
-161.34001;18.62885;      -0.14412;3.41085;1
-161.37346;18.63218;      -0.14412;3.41083;1
-161.40689;18.63552;      -0.14411;3.41081;1
-161.44033;18.63885;      -0.14407;3.41079;1
-161.47380;18.64218;      -0.14401;3.41077;1
-161.50728;18.64552;      -0.14397;3.41075;1
-161.54071;18.64885;      -0.14395;3.41073;1
-161.57413;18.65218;      -0.14389;3.41071;1
-161.60766;18.65551;      -0.14382;3.41069;1
-161.64118;18.65885;      -0.14370;3.41066;1
-161.67469;18.66218;      -0.14367;3.41064;1
-161.70815;18.66551;      -0.14365;3.41062;1
-161.74164;18.66885;      -0.14366;3.41060;1
-161.77514;18.67218;      -0.14368;3.41058;1
-161.80866;18.67551;      -0.14366;3.41056;1
-161.84220;18.67885;      -0.14358;3.41054;1
-161.87575;18.68218;      -0.14347;3.41052;1
-161.90932;18.68551;      -0.14338;3.41050;1
-161.94293;18.68885;      -0.14333;3.41047;1
-161.97647;18.69218;      -0.14328;3.41045;1
-162.00998;18.69551;      -0.14318;3.41043;1
-162.04351;18.69885;      -0.14310;3.41041;1
-162.07702;18.70218;      -0.14302;3.41039;1
-162.11057;18.70551;      -0.14298;3.41037;1
-162.14413;18.70884;      -0.14291;3.41035;1
-162.17772;18.71218;      -0.14286;3.41033;1
-162.21128;18.71551;      -0.14288;3.41031;1
-162.24480;18.71884;      -0.14294;3.41028;1
-162.27834;18.72218;      -0.14295;3.41026;1
-162.31185;18.72551;      -0.14290;3.41024;1
-162.34539;18.72884;      -0.14282;3.41022;1
-162.37898;18.73218;      -0.14277;3.41020;1
-162.41258;18.73551;      -0.14273;3.41018;1
-162.44613;18.73884;      -0.14267;3.41016;1
-162.47968;18.74218;      -0.14262;3.41014;1
-162.51317;18.74551;      -0.14254;3.41011;1
-162.54673;18.74884;      -0.14246;3.41009;1
-162.58026;18.75218;      -0.14240;3.41007;1
-162.61378;18.75551;      -0.14233;3.41005;1
-162.64727;18.75884;      -0.14227;3.41003;1
-162.68072;18.76218;      -0.14225;3.41001;1
-162.71417;18.76551;      -0.14226;3.40999;1
-162.74764;18.76884;      -0.14223;3.40997;1
-162.78110;18.77217;      -0.14224;3.40995;1
-162.81454;18.77551;      -0.14222;3.40992;1
-162.84796;18.77884;      -0.14217;3.40990;1
-162.88140;18.78217;      -0.14205;3.40988;1
-162.91481;18.78551;      -0.14190;3.40986;1
-162.94815;18.78884;      -0.14179;3.40984;1
-162.98152;18.79217;      -0.14175;3.40982;1
-163.01487;18.79551;      -0.14172;3.40980;1
-163.04830;18.79884;      -0.14170;3.40978;1
-163.08170;18.80217;      -0.14165;3.40975;1
-163.11499;18.80551;      -0.14153;3.40973;1
-163.14830;18.80884;      -0.14136;3.40971;1
-163.18165;18.81217;      -0.14127;3.40969;1
-163.21498;18.81551;      -0.14119;3.40967;1
-163.24836;18.81884;      -0.14111;3.40965;1
-163.28173;18.82217;      -0.14105;3.40963;1
-163.31509;18.82550;      -0.14099;3.40961;1
-163.34847;18.82884;      -0.14089;3.40958;1
-163.38191;18.83217;      -0.14083;3.40956;1
-163.41531;18.83550;      -0.14079;3.40954;1
-163.44869;18.83884;      -0.14075;3.40952;1
-163.48206;18.84217;      -0.14072;3.40950;1
-163.51537;18.84550;      -0.14067;3.40948;1
-163.54872;18.84884;      -0.14064;3.40946;1
-163.58213;18.85217;      -0.14060;3.40944;1
-163.61548;18.85550;      -0.14056;3.40941;1
-163.64882;18.85884;      -0.14052;3.40939;1
-163.68218;18.86217;      -0.14046;3.40937;1
-163.71553;18.86550;      -0.14038;3.40935;1
-163.74887;18.86884;      -0.14029;3.40933;1
-163.78221;18.87217;      -0.14020;3.40931;1
-163.81557;18.87550;      -0.14016;3.40929;1
-163.84889;18.87883;      -0.14010;3.40926;1
-163.88222;18.88217;      -0.14003;3.40924;1
-163.91555;18.88550;      -0.13996;3.40922;1
-163.94886;18.88883;      -0.13989;3.40920;1
-163.98215;18.89217;      -0.13981;3.40918;1
-164.01553;18.89550;      -0.13975;3.40916;1
-164.04885;18.89883;      -0.13972;3.40914;1
-164.08219;18.90217;      -0.13968;3.40911;1
-164.11559;18.90550;      -0.13958;3.40909;1
-164.14894;18.90883;      -0.13951;3.40907;1
-164.18225;18.91217;      -0.13946;3.40905;1
-164.21555;18.91550;      -0.13939;3.40903;1
-164.24890;18.91883;      -0.13937;3.40901;1
-164.28226;18.92217;      -0.13936;3.40899;1
-164.31558;18.92550;      -0.13932;3.40897;1
-164.34886;18.92883;      -0.13927;3.40894;1
-164.38210;18.93216;      -0.13922;3.40892;1
-164.41537;18.93550;      -0.13919;3.40890;1
-164.44871;18.93883;      -0.13910;3.40888;1
-164.48205;18.94216;      -0.13902;3.40886;1
-164.51535;18.94550;      -0.13896;3.40884;1
-164.54866;18.94883;      -0.13894;3.40882;1
-164.58191;18.95216;      -0.13888;3.40879;1
-164.61516;18.95550;      -0.13881;3.40877;1
-164.64841;18.95883;      -0.13876;3.40875;1
-164.68166;18.96216;      -0.13872;3.40873;1
-164.71495;18.96550;      -0.13869;3.40871;1
-164.74821;18.96883;      -0.13863;3.40869;1
-164.78146;18.97216;      -0.13857;3.40867;1
-164.81473;18.97550;      -0.13850;3.40864;1
-164.84800;18.97883;      -0.13845;3.40862;1
-164.88127;18.98216;      -0.13838;3.40860;1
-164.91453;18.98549;      -0.13832;3.40858;1
-164.94774;18.98883;      -0.13825;3.40856;1
-164.98097;18.99216;      -0.13818;3.40854;1
-165.01418;18.99549;      -0.13812;3.40851;1
-165.04742;18.99883;      -0.13812;3.40849;1
-165.08062;19.00216;      -0.13815;3.40847;1
-165.11381;19.00549;      -0.13813;3.40845;1
-165.14704;19.00883;      -0.13799;3.40843;1
-165.18028;19.01216;      -0.13791;3.40841;1
-165.21349;19.01549;      -0.13786;3.40839;1
-165.24667;19.01883;      -0.13776;3.40836;1
-165.27985;19.02216;      -0.13768;3.40834;1
-165.31306;19.02549;      -0.13761;3.40832;1
-165.34628;19.02883;      -0.13754;3.40830;1
-165.37949;19.03216;      -0.13746;3.40828;1
-165.41269;19.03549;      -0.13732;3.40826;1
-165.44587;19.03882;      -0.13722;3.40823;1
-165.47908;19.04216;      -0.13717;3.40821;1
-165.51229;19.04549;      -0.13709;3.40819;1
-165.54552;19.04882;      -0.13700;3.40817;1
-165.57873;19.05216;      -0.13697;3.40815;1
-165.61191;19.05549;      -0.13696;3.40813;1
-165.64511;19.05882;      -0.13689;3.40811;1
-165.67829;19.06216;      -0.13684;3.40808;1
-165.71146;19.06549;      -0.13681;3.40806;1
-165.74465;19.06882;      -0.13685;3.40804;1
-165.77786;19.07216;      -0.13684;3.40802;1
-165.81107;19.07549;      -0.13676;3.40800;1
-165.84427;19.07882;      -0.13669;3.40798;1
-165.87755;19.08216;      -0.13664;3.40795;1
-165.91077;19.08549;      -0.13657;3.40793;1
-165.94395;19.08882;      -0.13651;3.40791;1
-165.97714;19.09215;      -0.13646;3.40789;1
-166.01038;19.09549;      -0.13642;3.40787;1
-166.04361;19.09882;      -0.13630;3.40785;1
-166.07686;19.10215;      -0.13612;3.40782;1
-166.11007;19.10549;      -0.13600;3.40780;1
-166.14329;19.10882;      -0.13593;3.40778;1
-166.17658;19.11215;      -0.13590;3.40776;1
-166.20983;19.11549;      -0.13585;3.40774;1
-166.24302;19.11882;      -0.13572;3.40772;1
-166.27621;19.12215;      -0.13558;3.40769;1
-166.30942;19.12549;      -0.13558;3.40767;1
-166.34266;19.12882;      -0.13560;3.40765;1
-166.37587;19.13215;      -0.13558;3.40763;1
-166.40916;19.13549;      -0.13558;3.40761;1
-166.44243;19.13882;      -0.13560;3.40758;1
-166.47554;19.14215;      -0.13556;3.40756;1
-166.50872;19.14548;      -0.13546;3.40754;1
-166.54192;19.14882;      -0.13535;3.40752;1
-166.57508;19.15215;      -0.13525;3.40750;1
-166.60829;19.15548;      -0.13517;3.40748;1
-166.64152;19.15882;      -0.13513;3.40745;1
-166.67467;19.16215;      -0.13503;3.40743;1
-166.70784;19.16548;      -0.13488;3.40741;1
-166.74102;19.16882;      -0.13472;3.40739;1
-166.77424;19.17215;      -0.13462;3.40737;1
-166.80748;19.17548;      -0.13453;3.40735;1
-166.84071;19.17882;      -0.13439;3.40732;1
-166.87398;19.18215;      -0.13433;3.40730;1
-166.90723;19.18548;      -0.13434;3.40728;1
-166.94047;19.18882;      -0.13429;3.40726;1
-166.97376;19.19215;      -0.13428;3.40724;1
-167.00708;19.19548;      -0.13423;3.40721;1
-167.04043;19.19881;      -0.13418;3.40719;1
-167.07378;19.20215;      -0.13410;3.40717;1
-167.10707;19.20548;      -0.13404;3.40715;1
-167.14040;19.20881;      -0.13400;3.40713;1
-167.17379;19.21215;      -0.13393;3.40710;1
-167.20720;19.21548;      -0.13388;3.40708;1
-167.24065;19.21881;      -0.13387;3.40706;1
-167.27408;19.22215;      -0.13376;3.40704;1
-167.30752;19.22548;      -0.13360;3.40702;1
-167.34096;19.22881;      -0.13353;3.40699;1
-167.37440;19.23215;      -0.13350;3.40697;1
-167.40783;19.23548;      -0.13350;3.40695;1
-167.44125;19.23881;      -0.13352;3.40693;1
-167.47467;19.24215;      -0.13344;3.40691;1
-167.50805;19.24548;      -0.13332;3.40688;1
-167.54139;19.24881;      -0.13321;3.40686;1
-167.57471;19.25214;      -0.13317;3.40684;1
-167.60803;19.25548;      -0.13315;3.40682;1
-167.64138;19.25881;      -0.13310;3.40680;1
-167.67473;19.26214;      -0.13301;3.40677;1
-167.70808;19.26548;      -0.13296;3.40675;1
-167.74144;19.26881;      -0.13296;3.40673;1
-167.77484;19.27214;      -0.13294;3.40671;1
-167.80820;19.27548;      -0.13292;3.40668;1
-167.84153;19.27881;      -0.13290;3.40666;1
-167.87490;19.28214;      -0.13292;3.40664;1
-167.90820;19.28548;      -0.13286;3.40662;1
-167.94148;19.28881;      -0.13280;3.40660;1
-167.97484;19.29214;      -0.13274;3.40657;1
-168.00821;19.29548;      -0.13260;3.40655;1
-168.04154;19.29881;      -0.13247;3.40653;1
-168.07483;19.30214;      -0.13242;3.40651;1
-168.10809;19.30547;      -0.13239;3.40649;1
-168.14135;19.30881;      -0.13239;3.40646;1
-168.17459;19.31214;      -0.13237;3.40644;1
-168.20782;19.31547;      -0.13234;3.40642;1
-168.24105;19.31881;      -0.13231;3.40640;1
-168.27434;19.32214;      -0.13224;3.40637;1
-168.30765;19.32547;      -0.13218;3.40635;1
-168.34090;19.32881;      -0.13217;3.40633;1
-168.37417;19.33214;      -0.13214;3.40631;1
-168.40750;19.33547;      -0.13211;3.40629;1
-168.44081;19.33881;      -0.13204;3.40626;1
-168.47404;19.34214;      -0.13196;3.40624;1
-168.50738;19.34547;      -0.13193;3.40622;1
-168.54072;19.34881;      -0.13195;3.40620;1
-168.57406;19.35214;      -0.13186;3.40618;1
-168.60739;19.35547;      -0.13178;3.40615;1
-168.64070;19.35880;      -0.13173;3.40613;1
-168.67405;19.36214;      -0.13167;3.40611;1
-168.70744;19.36547;      -0.13162;3.40609;1
-168.74086;19.36880;      -0.13149;3.40606;1
-168.77427;19.37214;      -0.13138;3.40604;1
-168.80764;19.37547;      -0.13134;3.40602;1
-168.84099;19.37880;      -0.13127;3.40600;1
-168.87436;19.38214;      -0.13123;3.40597;1
-168.90773;19.38547;      -0.13122;3.40595;1
-168.94114;19.38880;      -0.13117;3.40593;1
-168.97457;19.39214;      -0.13112;3.40591;1
-169.00799;19.39547;      -0.13109;3.40589;1
-169.04134;19.39880;      -0.13106;3.40586;1
-169.07466;19.40214;      -0.13103;3.40584;1
-169.10800;19.40547;      -0.13101;3.40582;1
-169.14121;19.40880;      -0.13100;3.40580;1
-169.17439;19.41213;      -0.13101;3.40577;1
-169.20751;19.41547;      -0.13096;3.40575;1
-169.24060;19.41880;      -0.13083;3.40573;1
-169.27372;19.42213;      -0.13076;3.40571;1
-169.30700;19.42547;      -0.13075;3.40568;1
-169.34034;19.42880;      -0.13076;3.40566;1
-169.37370;19.43213;      -0.13073;3.40564;1
-169.40694;19.43547;      -0.13074;3.40562;1
-169.44022;19.43880;      -0.13073;3.40559;1
-169.47353;19.44213;      -0.13065;3.40557;1
-169.50686;19.44547;      -0.13055;3.40555;1
-169.54016;19.44880;      -0.13050;3.40553;1
-169.57360;19.45213;      -0.13046;3.40551;1
-169.60718;19.45547;      -0.13046;3.40548;1
-169.64077;19.45880;      -0.13038;3.40546;1
-169.67429;19.46213;      -0.13025;3.40544;1
-169.70791;19.46546;      -0.13016;3.40541;1
-169.74152;19.46880;      -0.13006;3.40539;1
-169.77526;19.47213;      -0.12995;3.40537;1
-169.80907;19.47546;      -0.12985;3.40535;1
-169.84314;19.47880;      -0.12980;3.40532;1
-169.87714;19.48213;      -0.12980;3.40530;1
-169.91084;19.48546;      -0.12986;3.40528;1
-169.94410;19.48880;      -0.12987;3.40526;1
-169.97931;19.49213;      -0.12980;3.40523;1
-170.00522;19.49546;      -0.12975;3.40521;1
-170.04280;19.49880;      -0.12973;3.40519;2
-170.08834;19.50213;      -0.12976;3.40516;2
-170.11852;19.50546;      -0.12973;3.40514;2
-170.15333;19.50880;      -0.12963;3.40511;2
-170.18670;19.51213;      -0.12955;3.40509;2
-170.21990;19.51546;      -0.12945;3.40507;2
-170.25191;19.51879;      -0.12939;3.40505;2
-170.28242;19.52213;      -0.12934;3.40503;2
-170.31051;19.52546;      -0.12933;3.40501;2
-170.33516;19.52879;      -0.12928;3.40499;2
-170.35632;19.53213;      -0.12923;3.40498;2
-170.37381;19.53546;      -0.12914;3.40496;2
-170.38731;19.53879;      -0.12888;3.40496;2
-170.39665;19.54213;      -0.12851;3.40495;2
-170.40218;19.54546;      -0.12799;3.40495;2
-170.40395;19.54879;      -0.12727;3.40494;2
-170.40183;19.55213;      -0.12639;3.40495;2
-170.39636;19.55546;      -0.12525;3.40495;2
-170.38749;19.55879;      -0.12387;3.40496;2
-170.37519;19.56213;      -0.12225;3.40496;2
-170.35993;19.56546;      -0.12037;3.40497;2
-170.34181;19.56879;      -0.11827;3.40499;2
-170.32071;19.57213;      -0.11600;3.40500;2
-170.29710;19.57546;      -0.11353;3.40502;2
-170.27103;19.57879;      -0.11096;3.40503;2
-170.24270;19.58212;      -0.10814;3.40505;2
-170.21220;19.58546;      -0.10498;3.40507;2
-170.17983;19.58879;      -0.10168;3.40510;2
-170.14548;19.59212;-9.827139e-002;3.40512;2
-170.10986;19.59546;-9.469849e-002;3.40514;2
-170.07070;19.59879;-9.088475e-002;3.40517;2
-170.03887;19.60212;-8.699249e-002;3.40519;2
-170.01986;19.60546;-8.289210e-002;3.40520;2
-169.99668;19.60879;-7.859321e-002;3.40522;2
-169.97268;19.61212;-7.419192e-002;3.40524;2
-169.94690;19.61546;-6.975605e-002;3.40525;2
-169.91965;19.61879;-6.514626e-002;3.40527;2
-169.89086;19.62212;-6.059091e-002;3.40529;2
-169.86054;19.62546;-5.594554e-002;3.40531;2
-169.82869;19.62879;-5.114810e-002;3.40533;2
-169.79527;19.63212;-4.647084e-002;3.40536;2
-169.76046;19.63545;-4.179390e-002;3.40538;2
-169.72420;19.63879;-3.704283e-002;3.40540;2
-169.68651;19.64212;-3.228623e-002;3.40543;2
-169.64741;19.64545;-2.754908e-002;3.40546;2
-169.60699;19.64879;-2.264217e-002;3.40548;2
-169.56539;19.65212;-1.782505e-002;3.40551;2
-169.52258;19.65545;-1.317902e-002;3.40554;2
-169.47862;19.65879;-8.494054e-003;3.40557;2
-169.43358;19.66212;-3.891317e-003;3.40560;2
-169.38755;19.66545; 6.278704e-004;3.40563;2
-169.34058;19.66879; 5.153763e-003;3.40566;2
-169.29274;19.67212; 9.790995e-003;3.40569;2
-169.24408;19.67545; 1.435189e-002;3.40573;2
-169.19469;19.67879; 1.879138e-002;3.40576;2
-169.14456;19.68212; 2.313688e-002;3.40579;2
-169.09379;19.68545; 2.745786e-002;3.40583;2
-169.04246;19.68878; 3.177557e-002;3.40586;2
-168.99056;19.69212; 3.601532e-002;3.40590;2
-168.93811;19.69545; 4.010879e-002;3.40593;2
-168.88522;19.69878; 4.425078e-002;3.40597;2
-168.83198;19.70212; 4.836179e-002;3.40600;2
-168.77838;19.70545; 5.231903e-002;3.40604;2
-168.72443;19.70878; 5.614952e-002;3.40607;2
-168.67023;19.71212; 5.996190e-002;3.40611;2
-168.61579;19.71545; 6.376331e-002;3.40615;2
-168.56126;19.71878; 6.737942e-002;3.40618;2
-168.50655;19.72212; 7.086617e-002;3.40622;2
-168.45172;19.72545; 7.437504e-002;3.40626;2
-168.39687;19.72878; 7.782988e-002;3.40629;2
-168.34190;19.73212; 8.119048e-002;3.40633;2
-168.28681;19.73545; 8.449059e-002;3.40637;2
-168.23182;19.73878; 8.766901e-002;3.40640;2
-168.17697;19.74211; 9.079317e-002;3.40644;2
-168.12223;19.74545; 9.382940e-002;3.40648;2
-168.06755;19.74878; 9.668297e-002;3.40651;2
-168.01301;19.75211; 9.949575e-002;3.40655;2
-167.95868;19.75545;       0.10226;3.40658;2
-167.90448;19.75878;       0.10483;3.40662;2
-167.85048;19.76211;       0.10730;3.40666;2
-167.79670;19.76545;       0.10972;3.40669;2
-167.74315;19.76878;       0.11217;3.40673;2
-167.68991;19.77211;       0.11455;3.40676;2
-167.63693;19.77545;       0.11687;3.40680;2
-167.58421;19.77878;       0.11903;3.40683;2
-167.53175;19.78211;       0.12098;3.40687;2
-167.47966;19.78545;       0.12302;3.40690;2
-167.42794;19.78878;       0.12499;3.40694;2
-167.37654;19.79211;       0.12684;3.40697;2
-167.32550;19.79544;       0.12851;3.40700;2
-167.27483;19.79878;       0.13015;3.40704;2
-167.22452;19.80211;       0.13182;3.40707;2
-167.17460;19.80544;       0.13329;3.40710;2
-167.12506;19.80878;       0.13470;3.40714;2
-167.07597;19.81211;       0.13604;3.40717;2
-167.02728;19.81544;       0.13730;3.40720;2
-166.97902;19.81878;       0.13855;3.40723;2
-166.93119;19.82211;       0.13971;3.40726;2
-166.88377;19.82544;       0.14070;3.40730;2
-166.83673;19.82878;       0.14159;3.40733;2
-166.79008;19.83211;       0.14248;3.40736;2
-166.74391;19.83544;       0.14337;3.40739;2
-166.69807;19.83878;       0.14424;3.40742;2
-166.65266;19.84211;       0.14505;3.40745;2
-166.60768;19.84544;       0.14579;3.40748;2
-166.56318;19.84877;       0.14644;3.40751;2
-166.51906;19.85211;       0.14698;3.40753;2
-166.47531;19.85544;       0.14751;3.40756;2
-166.43198;19.85877;       0.14801;3.40759;2
-166.38909;19.86211;       0.14839;3.40762;2
-166.34659;19.86544;       0.14865;3.40765;2
-166.30442;19.86877;       0.14895;3.40768;2
-166.26262;19.87211;       0.14926;3.40770;2
-166.22121;19.87544;       0.14954;3.40773;2
-166.18016;19.87877;       0.14984;3.40776;2
-166.13951;19.88211;       0.15004;3.40778;2
-166.09923;19.88544;       0.15016;3.40781;2
-166.05930;19.88877;       0.15019;3.40784;2
-166.01972;19.89211;       0.15020;3.40786;2
-165.98045;19.89544;       0.15019;3.40789;2
-165.94153;19.89877;       0.15011;3.40791;2
-165.90300;19.90210;       0.15002;3.40794;2
-165.86476;19.90544;       0.14991;3.40796;2
-165.82682;19.90877;       0.14978;3.40799;2
-165.78920;19.91210;       0.14956;3.40801;2
-165.75186;19.91544;       0.14932;3.40804;2
-165.71480;19.91877;       0.14914;3.40806;2
-165.67804;19.92210;       0.14900;3.40808;2
-165.64156;19.92544;       0.14875;3.40811;2
-165.60532;19.92877;       0.14834;3.40813;2
-165.56932;19.93210;       0.14792;3.40815;2
-165.53359;19.93544;       0.14756;3.40818;2
-165.49817;19.93877;       0.14732;3.40820;2
-165.46302;19.94210;       0.14700;3.40822;2
-165.42803;19.94544;       0.14656;3.40825;2
-165.39326;19.94877;       0.14611;3.40827;2
-165.35875;19.95210;       0.14570;3.40829;2
-165.32443;19.95543;       0.14534;3.40831;2
-165.29029;19.95877;       0.14495;3.40834;2
-165.25638;19.96210;       0.14444;3.40836;2
-165.22262;19.96543;       0.14397;3.40838;2
-165.18906;19.96877;       0.14357;3.40840;2
-165.15568;19.97210;       0.14316;3.40842;2
-165.12237;19.97543;       0.14275;3.40844;2
-165.08923;19.97877;       0.14220;3.40847;2
-165.05624;19.98210;       0.14160;3.40849;2
-165.02342;19.98543;       0.14108;3.40851;2
-164.99069;19.98877;       0.14065;3.40853;2
-164.95805;19.99210;       0.14027;3.40855;2
-164.92552;19.99543;       0.13991;3.40857;2
-164.89306;19.99877;       0.13954;3.40859;2
-164.86067;20.00210;       0.13919;3.40861;2
-164.82832;20.00543;       0.13885;3.40863;2
-164.79611;20.00876;       0.13857;3.40866;2
-164.76399;20.01210;       0.13824;3.40868;2
-164.73195;20.01543;       0.13786;3.40870;2
-164.70000;20.01876;       0.13742;3.40872;2
-164.66812;20.02210;       0.13692;3.40874;2
-164.63623;20.02543;       0.13646;3.40876;2
-164.60440;20.02876;       0.13599;3.40878;2
-164.57262;20.03210;       0.13553;3.40880;2
-164.54093;20.03543;       0.13513;3.40882;2
-164.50928;20.03876;       0.13475;3.40884;2
-164.47770;20.04210;       0.13435;3.40886;2
-164.44618;20.04543;       0.13393;3.40888;2
-164.41464;20.04876;       0.13358;3.40890;2
-164.38312;20.05210;       0.13327;3.40892;2
-164.35165;20.05543;       0.13287;3.40894;2
-164.32019;20.05876;       0.13251;3.40896;2
-164.28869;20.06209;       0.13216;3.40898;2
-164.25717;20.06543;       0.13179;3.40900;2
-164.22567;20.06876;       0.13148;3.40902;2
-164.19416;20.07209;       0.13124;3.40904;2
-164.16267;20.07543;       0.13094;3.40906;2
-164.13116;20.07876;       0.13061;3.40908;2
-164.09962;20.08209;       0.13025;3.40910;2
-164.06809;20.08543;       0.12988;3.40912;2
-164.03656;20.08876;       0.12955;3.40914;2
-164.00502;20.09209;       0.12919;3.40916;2
-163.97343;20.09543;       0.12893;3.40918;2
-163.94186;20.09876;       0.12876;3.40921;2
-163.91025;20.10209;       0.12859;3.40923;2
-163.87864;20.10543;       0.12833;3.40925;2
-163.84704;20.10876;       0.12806;3.40927;2
-163.81545;20.11209;       0.12781;3.40929;2
-163.78383;20.11542;       0.12759;3.40931;2
-163.75217;20.11876;       0.12738;3.40933;2
-163.72047;20.12209;       0.12718;3.40935;2
-163.68867;20.12542;       0.12699;3.40937;2
-163.65687;20.12876;       0.12681;3.40939;2
-163.62508;20.13209;       0.12664;3.40941;2
-163.59325;20.13542;       0.12653;3.40943;2
-163.56137;20.13876;       0.12648;3.40945;2
-163.52943;20.14209;       0.12637;3.40947;2
-163.49742;20.14542;       0.12623;3.40949;2
-163.46539;20.14876;       0.12612;3.40951;2
-163.43334;20.15209;       0.12598;3.40953;2
-163.40119;20.15542;       0.12579;3.40955;2
-163.36898;20.15876;       0.12559;3.40957;2
-163.33673;20.16209;       0.12550;3.40959;2
-163.30440;20.16542;       0.12545;3.40961;2
-163.27206;20.16875;       0.12544;3.40963;2
-163.23970;20.17209;       0.12550;3.40965;2
-163.20729;20.17542;       0.12554;3.40967;2
-163.17487;20.17875;       0.12551;3.40969;2
-163.14245;20.18209;       0.12543;3.40972;2
-163.10997;20.18542;       0.12536;3.40974;2
-163.07743;20.18875;       0.12531;3.40976;2
-163.04490;20.19209;       0.12530;3.40978;2
-163.01234;20.19542;       0.12526;3.40980;2
-162.97980;20.19875;       0.12518;3.40982;2
-162.94728;20.20209;       0.12517;3.40984;2
-162.91471;20.20542;       0.12525;3.40986;2
-162.88216;20.20875;       0.12530;3.40988;2
-162.84952;20.21209;       0.12535;3.40990;2
-162.81688;20.21542;       0.12540;3.40992;2
-162.78412;20.21875;       0.12541;3.40994;2
-162.75134;20.22208;       0.12540;3.40996;2
-162.71848;20.22542;       0.12538;3.40998;2
-162.68558;20.22875;       0.12532;3.41001;2
-162.65266;20.23208;       0.12528;3.41003;2
-162.61972;20.23542;       0.12526;3.41005;2
-162.58673;20.23875;       0.12522;3.41007;2
-162.55371;20.24208;       0.12523;3.41009;2
-162.52064;20.24542;       0.12526;3.41011;2
-162.48752;20.24875;       0.12533;3.41013;2
-162.45439;20.25208;       0.12547;3.41015;2
-162.42118;20.25542;       0.12554;3.41017;2
-162.38790;20.25875;       0.12559;3.41019;2
-162.35464;20.26208;       0.12565;3.41022;2
-162.32140;20.26542;       0.12575;3.41024;2
-162.28812;20.26875;       0.12582;3.41026;2
-162.25486;20.27208;       0.12583;3.41028;2
-162.22164;20.27541;       0.12586;3.41030;2
-162.18834;20.27875;       0.12593;3.41032;2
-162.15504;20.28208;       0.12601;3.41034;2
-162.12173;20.28541;       0.12609;3.41036;2
-162.08837;20.28875;       0.12619;3.41038;2
-162.05502;20.29208;       0.12625;3.41040;2
-162.02163;20.29541;       0.12631;3.41043;2
-161.98826;20.29875;       0.12638;3.41045;2
-161.95487;20.30208;       0.12641;3.41047;2
-161.92143;20.30541;       0.12651;3.41049;2
-161.88793;20.30875;       0.12665;3.41051;2
-161.85442;20.31208;       0.12672;3.41053;2
-161.82091;20.31541;       0.12685;3.41055;2
-161.78738;20.31875;       0.12701;3.41057;2
-161.75384;20.32208;       0.12709;3.41059;2
-161.72027;20.32541;       0.12722;3.41061;2
-161.68669;20.32874;       0.12734;3.41064;2
-161.65307;20.33208;       0.12744;3.41066;2
-161.61946;20.33541;       0.12754;3.41068;2
-161.58583;20.33874;       0.12764;3.41070;2
-161.55224;20.34208;       0.12775;3.41072;2
-161.51864;20.34541;       0.12783;3.41074;2
-161.48504;20.34874;       0.12781;3.41076;2
-161.45144;20.35208;       0.12783;3.41078;2
-161.41780;20.35541;       0.12787;3.41080;2
-161.38414;20.35874;       0.12790;3.41083;2
-161.35046;20.36208;       0.12798;3.41085;2
-161.31682;20.36541;       0.12812;3.41087;2
-161.28321;20.36874;       0.12827;3.41089;2
-161.24962;20.37208;       0.12840;3.41091;2
-161.21597;20.37541;       0.12854;3.41093;2
-161.18235;20.37874;       0.12865;3.41095;2
-161.14871;20.38207;       0.12876;3.41097;2
-161.11504;20.38541;       0.12886;3.41099;2
-161.08135;20.38874;       0.12897;3.41101;2
-161.04762;20.39207;       0.12904;3.41104;2
-161.01389;20.39541;       0.12911;3.41106;2
-160.98014;20.39874;       0.12922;3.41108;2
-160.94635;20.40207;       0.12933;3.41110;2
-160.91254;20.40541;       0.12942;3.41112;2
-160.87875;20.40874;       0.12953;3.41114;2
-160.84491;20.41207;       0.12968;3.41116;2
-160.81106;20.41541;       0.12981;3.41118;2
-160.77724;20.41874;       0.12992;3.41120;2
-160.74343;20.42207;       0.13003;3.41123;2
-160.70953;20.42541;       0.13014;3.41125;2
-160.67565;20.42874;       0.13027;3.41127;2
-160.64182;20.43207;       0.13037;3.41129;2
-160.60798;20.43541;       0.13050;3.41131;2
-160.57416;20.43874;       0.13069;3.41133;2
-160.54036;20.44207;       0.13081;3.41135;2
-160.50654;20.44540;       0.13087;3.41137;2
-160.47270;20.44874;       0.13095;3.41139;2
-160.43887;20.45207;       0.13103;3.41141;2
-160.40502;20.45540;       0.13107;3.41144;2
-160.37114;20.45874;       0.13114;3.41146;2
-160.33732;20.46207;       0.13123;3.41148;2
-160.30345;20.46540;       0.13132;3.41150;2
-160.26954;20.46874;       0.13144;3.41152;2
-160.23570;20.47207;       0.13156;3.41154;2
-160.20186;20.47540;       0.13168;3.41156;2
-160.16791;20.47874;       0.13178;3.41158;2
-160.13399;20.48207;       0.13189;3.41160;2
-160.10003;20.48540;       0.13197;3.41162;2
-160.06601;20.48874;       0.13205;3.41165;2
-160.03199;20.49207;       0.13214;3.41167;2
-159.99792;20.49540;       0.13222;3.41169;2
-159.96385;20.49873;       0.13229;3.41171;2
-159.92974;20.50207;       0.13242;3.41173;2
-159.89561;20.50540;       0.13255;3.41175;2
-159.86146;20.50873;       0.13269;3.41177;2
-159.82728;20.51207;       0.13280;3.41179;2
-159.79304;20.51540;       0.13289;3.41181;2
-159.75876;20.51873;       0.13296;3.41184;2
-159.72449;20.52207;       0.13301;3.41186;2
-159.69020;20.52540;       0.13308;3.41188;2
-159.65581;20.52873;       0.13314;3.41190;2
-159.62138;20.53207;       0.13319;3.41192;2
-159.58695;20.53540;       0.13322;3.41194;2
-159.55246;20.53873;       0.13321;3.41196;2
-159.51794;20.54207;       0.13322;3.41198;2
-159.48335;20.54540;       0.13328;3.41201;2
-159.44873;20.54873;       0.13333;3.41203;2
-159.41405;20.55206;       0.13342;3.41205;2
-159.37934;20.55540;       0.13353;3.41207;2
-159.34458;20.55873;       0.13366;3.41209;2
-159.30979;20.56206;       0.13386;3.41211;2
-159.27500;20.56540;       0.13405;3.41213;2
-159.24018;20.56873;       0.13420;3.41215;2
-159.20527;20.57206;       0.13435;3.41218;2
-159.17023;20.57540;       0.13451;3.41220;2
-159.13518;20.57873;       0.13461;3.41222;2
-159.10009;20.58206;       0.13472;3.41224;2
-159.06502;20.58540;       0.13482;3.41226;2
-159.02988;20.58873;       0.13490;3.41228;2
-158.99469;20.59206;       0.13497;3.41231;2
-158.95955;20.59540;       0.13503;3.41233;2
-158.92434;20.59873;       0.13514;3.41235;2
-158.88911;20.60206;       0.13535;3.41237;2
-158.85391;20.60539;       0.13552;3.41239;2
-158.81868;20.60873;       0.13565;3.41241;2
-158.78342;20.61206;       0.13572;3.41243;2
-158.74814;20.61539;       0.13577;3.41246;2
-158.71285;20.61873;       0.13587;3.41248;2
-158.67748;20.62206;       0.13608;3.41250;2
-158.64209;20.62539;       0.13643;3.41252;2
-158.60673;20.62873;       0.13668;3.41254;2
-158.57136;20.63206;       0.13692;3.41256;2
-158.53594;20.63539;       0.13708;3.41259;2
-158.50049;20.63873;       0.13722;3.41261;2
-158.46509;20.64206;       0.13748;3.41263;2
-158.42968;20.64539;       0.13770;3.41265;2
-158.39423;20.64873;       0.13791;3.41267;2
-158.35879;20.65206;       0.13815;3.41269;2
-158.32330;20.65539;       0.13844;3.41272;2
-158.28783;20.65872;       0.13874;3.41274;2
-158.25241;20.66206;       0.13906;3.41276;2
-158.21695;20.66539;       0.13935;3.41278;2
-158.18146;20.66872;       0.13959;3.41280;2
-158.14603;20.67206;       0.13984;3.41282;2
-158.11060;20.67539;       0.14012;3.41284;2
-158.07510;20.67872;       0.14041;3.41287;2
-158.03966;20.68206;       0.14069;3.41289;2
-158.00425;20.68539;       0.14091;3.41291;2
-157.96885;20.68872;       0.14113;3.41293;2
-157.93350;20.69206;       0.14137;3.41295;2
-157.89817;20.69539;       0.14160;3.41297;2
-157.86286;20.69872;       0.14183;3.41299;2
-157.82759;20.70206;       0.14199;3.41302;2
-157.79236;20.70539;       0.14218;3.41304;2
-157.75720;20.70872;       0.14239;3.41306;2
-157.72205;20.71205;       0.14259;3.41308;2
-157.68692;20.71539;       0.14279;3.41310;2
-157.65185;20.71872;       0.14299;3.41312;2
-157.61684;20.72205;       0.14314;3.41314;2
-157.58183;20.72539;       0.14327;3.41316;2
-157.54684;20.72872;       0.14342;3.41319;2
-157.51191;20.73205;       0.14353;3.41321;2
-157.47702;20.73539;       0.14359;3.41323;2
-157.44220;20.73872;       0.14368;3.41325;2
-157.40746;20.74205;       0.14370;3.41327;2
-157.37278;20.74539;       0.14373;3.41329;2
-157.33814;20.74872;       0.14370;3.41331;2
-157.30356;20.75205;       0.14352;3.41333;2
-157.26906;20.75539;       0.14343;3.41335;2
-157.23461;20.75872;       0.14341;3.41337;2
-157.20020;20.76205;       0.14347;3.41339;2
-157.16584;20.76538;       0.14354;3.41342;2
-157.13151;20.76872;       0.14354;3.41344;2
-157.09724;20.77205;       0.14356;3.41346;2
-157.06306;20.77538;       0.14360;3.41348;2
-157.02902;20.77872;       0.14365;3.41350;2
-156.99503;20.78205;       0.14362;3.41352;2
-156.96104;20.78538;       0.14354;3.41354;2
-156.92709;20.78872;       0.14349;3.41356;2
-156.89319;20.79205;       0.14342;3.41358;2
-156.85932;20.79538;       0.14334;3.41360;2
-156.82551;20.79872;       0.14326;3.41362;2
-156.79180;20.80205;       0.14319;3.41364;2
-156.75814;20.80538;       0.14311;3.41366;2
-156.72449;20.80872;       0.14300;3.41368;2
-156.69088;20.81205;       0.14290;3.41370;2
-156.65731;20.81538;       0.14282;3.41372;2
-156.62379;20.81871;       0.14278;3.41374;2
-156.59033;20.82205;       0.14277;3.41376;2
-156.55696;20.82538;       0.14275;3.41378;2
-156.52364;20.82871;       0.14270;3.41380;2
-156.49038;20.83205;       0.14260;3.41382;2
-156.45713;20.83538;       0.14247;3.41384;2
-156.42397;20.83871;       0.14232;3.41386;2
-156.39084;20.84205;       0.14217;3.41388;2
-156.35766;20.84538;       0.14209;3.41390;2
-156.32449;20.84871;       0.14201;3.41392;2
-156.29139;20.85205;       0.14197;3.41394;2
-156.25834;20.85538;       0.14195;3.41396;2
-156.22531;20.85871;       0.14188;3.41398;2
-156.19231;20.86205;       0.14173;3.41400;2
-156.15930;20.86538;       0.14162;3.41402;2
-156.12635;20.86871;       0.14156;3.41404;2
-156.09344;20.87204;       0.14147;3.41406;2
-156.06053;20.87538;       0.14134;3.41408;2
-156.02759;20.87871;       0.14119;3.41410;2
-155.99470;20.88204;       0.14106;3.41412;2
-155.96186;20.88538;       0.14098;3.41414;2
-155.92900;20.88871;       0.14094;3.41416;2
-155.89616;20.89204;       0.14088;3.41417;2
-155.86333;20.89538;       0.14082;3.41419;2
-155.83050;20.89871;       0.14075;3.41421;2
-155.79765;20.90204;       0.14066;3.41423;2
-155.76483;20.90538;       0.14059;3.41425;2
-155.73206;20.90871;       0.14053;3.41427;2
-155.69924;20.91204;       0.14046;3.41429;2
-155.66647;20.91538;       0.14039;3.41431;2
-155.63377;20.91871;       0.14033;3.41433;2
-155.60106;20.92204;       0.14024;3.41435;2
-155.56830;20.92537;       0.14015;3.41437;2
-155.53553;20.92871;       0.14011;3.41439;2
-155.50288;20.93204;       0.14010;3.41441;2
-155.47027;20.93537;       0.14004;3.41443;2
-155.43768;20.93871;       0.13996;3.41445;2
-155.40510;20.94204;       0.13985;3.41447;2
-155.37249;20.94537;       0.13975;3.41449;2
-155.33988;20.94871;       0.13964;3.41450;2
-155.30725;20.95204;       0.13952;3.41452;2
-155.27461;20.95537;       0.13942;3.41454;2
-155.24196;20.95871;       0.13940;3.41456;2
-155.20934;20.96204;       0.13933;3.41458;2
-155.17675;20.96537;       0.13925;3.41460;2
-155.14421;20.96871;       0.13917;3.41462;2
-155.11173;20.97204;       0.13914;3.41464;2
-155.07923;20.97537;       0.13912;3.41466;2
-155.04671;20.97870;       0.13911;3.41468;2
-155.01426;20.98204;       0.13906;3.41470;2
-154.98181;20.98537;       0.13903;3.41472;2
-154.94935;20.98870;       0.13900;3.41474;2
-154.91692;20.99204;       0.13898;3.41475;2
-154.88454;20.99537;       0.13890;3.41477;2
-154.85225;20.99870;       0.13887;3.41479;2
-154.81993;21.00204;       0.13887;3.41481;2
-154.78764;21.00537;       0.13884;3.41483;2
-154.75535;21.00870;       0.13881;3.41485;2
-154.72308;21.01204;       0.13878;3.41487;2
-154.69086;21.01537;       0.13876;3.41489;2
-154.65870;21.01870;       0.13875;3.41491;2
-154.62652;21.02204;       0.13877;3.41493;2
-154.59436;21.02537;       0.13878;3.41494;2
-154.56221;21.02870;       0.13878;3.41496;2
-154.53007;21.03203;       0.13877;3.41498;2
-154.49796;21.03537;       0.13874;3.41500;2
-154.46584;21.03870;       0.13881;3.41502;2
-154.43375;21.04203;       0.13896;3.41504;2
-154.40167;21.04537;       0.13902;3.41506;2
-154.36963;21.04870;       0.13903;3.41508;2
-154.33765;21.05203;       0.13904;3.41509;2
-154.30565;21.05537;       0.13906;3.41511;2
-154.27365;21.05870;       0.13903;3.41513;2
-154.24170;21.06203;       0.13901;3.41515;2
-154.20981;21.06537;       0.13900;3.41517;2
-154.17791;21.06870;       0.13901;3.41519;2
-154.14601;21.07203;       0.13899;3.41521;2
-154.11413;21.07537;       0.13896;3.41523;2
-154.08224;21.07870;       0.13899;3.41524;2
-154.05041;21.08203;       0.13906;3.41526;2
-154.01852;21.08536;       0.13911;3.41528;2
-153.98657;21.08870;       0.13914;3.41530;2
-153.95465;21.09203;       0.13918;3.41532;2
-153.92279;21.09536;       0.13921;3.41534;2
-153.89092;21.09870;       0.13925;3.41536;2
-153.85903;21.10203;       0.13931;3.41537;2
-153.82718;21.10536;       0.13941;3.41539;2
-153.79530;21.10870;       0.13944;3.41541;2
-153.76336;21.11203;       0.13948;3.41543;2
-153.73148;21.11536;       0.13950;3.41545;2
-153.69966;21.11870;       0.13950;3.41547;2
-153.66773;21.12203;       0.13954;3.41549;2
-153.63582;21.12536;       0.13952;3.41550;2
-153.60390;21.12870;       0.13944;3.41552;2
-153.57203;21.13203;       0.13935;3.41554;2
-153.54010;21.13536;       0.13925;3.41556;2
-153.50813;21.13869;       0.13922;3.41558;2
-153.47613;21.14203;       0.13920;3.41560;2
-153.44407;21.14536;       0.13914;3.41562;2
-153.41200;21.14869;       0.13909;3.41563;2
-153.37993;21.15203;       0.13905;3.41565;2
-153.34782;21.15536;       0.13904;3.41567;2
-153.31572;21.15869;       0.13899;3.41569;2
-153.28363;21.16203;       0.13891;3.41571;2
-153.25145;21.16536;       0.13884;3.41573;2
-153.21925;21.16869;       0.13887;3.41575;2
-153.18701;21.17203;       0.13894;3.41576;2
-153.15466;21.17536;       0.13902;3.41578;2
-153.12232;21.17869;       0.13902;3.41580;2
-153.08990;21.18203;       0.13893;3.41582;2
-153.05737;21.18536;       0.13887;3.41584;2
-153.02479;21.18869;       0.13883;3.41586;2
-152.99221;21.19202;       0.13876;3.41588;2
-152.95962;21.19536;       0.13874;3.41590;2
-152.92696;21.19869;       0.13874;3.41592;2
-152.89425;21.20202;       0.13874;3.41593;2
-152.86147;21.20536;       0.13872;3.41595;2
-152.82861;21.20869;       0.13873;3.41597;2
-152.79571;21.21202;       0.13871;3.41599;2
-152.76276;21.21536;       0.13872;3.41601;2
-152.72980;21.21869;       0.13873;3.41603;2
-152.69678;21.22202;       0.13872;3.41605;2
-152.66372;21.22536;       0.13873;3.41607;2
-152.63060;21.22869;       0.13880;3.41609;2
-152.59747;21.23202;       0.13893;3.41610;2
-152.56434;21.23536;       0.13906;3.41612;2
-152.53111;21.23869;       0.13920;3.41614;2
-152.49791;21.24202;       0.13931;3.41616;2
-152.46466;21.24536;       0.13936;3.41618;2
-152.43139;21.24869;       0.13936;3.41620;2
-152.39809;21.25202;       0.13939;3.41622;2
-152.36471;21.25535;       0.13944;3.41624;2
-152.33133;21.25869;       0.13962;3.41626;2
-152.29794;21.26202;       0.13982;3.41628;2
-152.26452;21.26535;       0.13993;3.41630;2
-152.23108;21.26869;       0.14001;3.41632;2
-152.19765;21.27202;       0.14010;3.41633;2
-152.16417;21.27535;       0.14030;3.41635;2
-152.13067;21.27869;       0.14054;3.41637;2
-152.09717;21.28202;       0.14078;3.41639;2
-152.06362;21.28535;       0.14103;3.41641;2
-152.03013;21.28869;       0.14125;3.41643;2
-151.99670;21.29202;       0.14146;3.41645;2
-151.96322;21.29535;       0.14159;3.41647;2
-151.92971;21.29869;       0.14160;3.41649;2
-151.89621;21.30202;       0.14173;3.41651;2
-151.86272;21.30535;       0.14196;3.41653;2
-151.82925;21.30868;       0.14216;3.41655;2
-151.79581;21.31202;       0.14237;3.41656;2
-151.76238;21.31535;       0.14261;3.41658;2
-151.72887;21.31868;       0.14282;3.41660;2
-151.69530;21.32202;       0.14306;3.41662;2
-151.66178;21.32535;       0.14328;3.41664;2
-151.62828;21.32868;       0.14342;3.41666;2
-151.59481;21.33202;       0.14357;3.41668;2
-151.56129;21.33535;       0.14373;3.41670;2
-151.52772;21.33868;       0.14386;3.41672;2
-151.49422;21.34202;       0.14399;3.41674;2
-151.46078;21.34535;       0.14416;3.41676;2
-151.42737;21.34868;       0.14431;3.41677;2
-151.39398;21.35202;       0.14445;3.41679;2
-151.36060;21.35535;       0.14460;3.41681;2
-151.32725;21.35868;       0.14469;3.41683;2
-151.29389;21.36201;       0.14472;3.41685;2
-151.26053;21.36535;       0.14475;3.41687;2
-151.22723;21.36868;       0.14480;3.41689;2
-151.19393;21.37201;       0.14486;3.41691;2
-151.16063;21.37535;       0.14495;3.41693;2
-151.12738;21.37868;       0.14503;3.41694;2
-151.09414;21.38201;       0.14511;3.41696;2
-151.06096;21.38535;       0.14524;3.41698;2
-151.02772;21.38868;       0.14536;3.41700;2
-150.99460;21.39201;       0.14537;3.41702;2
-150.96148;21.39535;       0.14538;3.41704;2
-150.92834;21.39868;       0.14544;3.41706;2
-150.89523;21.40201;       0.14551;3.41708;2
-150.86214;21.40535;       0.14560;3.41710;2
-150.82915;21.40868;       0.14565;3.41711;2
-150.79613;21.41201;       0.14569;3.41713;2
-150.76317;21.41534;       0.14572;3.41715;2
-150.73025;21.41868;       0.14574;3.41717;2
-150.69728;21.42201;       0.14576;3.41719;2
-150.66430;21.42534;       0.14584;3.41721;2
-150.63138;21.42868;       0.14590;3.41723;2
-150.59850;21.43201;       0.14596;3.41724;2
-150.56560;21.43534;       0.14603;3.41726;2
-150.53276;21.43868;       0.14614;3.41728;2
-150.49990;21.44201;       0.14620;3.41730;2
-150.46699;21.44534;       0.14620;3.41732;2
-150.43412;21.44868;       0.14622;3.41734;2
-150.40127;21.45201;       0.14626;3.41735;2
-150.36839;21.45534;       0.14631;3.41737;2
-150.33553;21.45868;       0.14636;3.41739;2
-150.30270;21.46201;       0.14642;3.41741;2
-150.26989;21.46534;       0.14647;3.41743;2
-150.23704;21.46867;       0.14657;3.41745;2
-150.20415;21.47201;       0.14672;3.41747;2
-150.17124;21.47534;       0.14683;3.41748;2
-150.13837;21.47867;       0.14692;3.41750;2
-150.10555;21.48201;       0.14705;3.41752;2
-150.07273;21.48534;       0.14718;3.41754;2
-150.03991;21.48867;       0.14725;3.41756;2
-150.00706;21.49201;       0.14735;3.41758;2
-149.97424;21.49534;       0.14746;3.41759;2
-149.94134;21.49867;       0.14754;3.41761;2
-149.90851;21.50201;       0.14761;3.41763;2
-149.87572;21.50534;       0.14770;3.41765;2
-149.84289;21.50867;       0.14778;3.41767;2
-149.81007;21.51201;       0.14783;3.41769;2
-149.77723;21.51534;       0.14794;3.41770;2
-149.74435;21.51867;       0.14810;3.41772;2
-149.71150;21.52200;       0.14819;3.41774;2
-149.67863;21.52534;       0.14826;3.41776;2
-149.64579;21.52867;       0.14835;3.41778;2
-149.61296;21.53200;       0.14846;3.41780;2
-149.58013;21.53534;       0.14855;3.41782;2
-149.54731;21.53867;       0.14864;3.41783;2
-149.51450;21.54200;       0.14869;3.41785;2
-149.48168;21.54534;       0.14871;3.41787;2
-149.44886;21.54867;       0.14877;3.41789;2
-149.41603;21.55200;       0.14883;3.41791;2
-149.38319;21.55534;       0.14887;3.41792;2
-149.35034;21.55867;       0.14888;3.41794;2
-149.31746;21.56200;       0.14889;3.41796;2
-149.28459;21.56534;       0.14890;3.41798;2
-149.25173;21.56867;       0.14895;3.41800;2
-149.21886;21.57200;       0.14899;3.41802;2
-149.18598;21.57533;       0.14905;3.41803;2
-149.15315;21.57867;       0.14911;3.41805;2
-149.12028;21.58200;       0.14916;3.41807;2
-149.08737;21.58533;       0.14919;3.41809;2
-149.05450;21.58867;       0.14921;3.41811;2
-149.02167;21.59200;       0.14923;3.41813;2
-148.98882;21.59533;       0.14926;3.41814;2
-148.95596;21.59867;       0.14929;3.41816;2
-148.92310;21.60200;       0.14930;3.41818;2
-148.89024;21.60533;       0.14930;3.41820;2
-148.85737;21.60867;       0.14931;3.41822;2
-148.82443;21.61200;       0.14931;3.41824;2
-148.79158;21.61533;       0.14933;3.41825;2
-148.75869;21.61867;       0.14937;3.41827;2
-148.72577;21.62200;       0.14937;3.41829;2
-148.69286;21.62533;       0.14935;3.41831;2
-148.65997;21.62866;       0.14935;3.41833;2
-148.62709;21.63200;       0.14936;3.41834;2
-148.59420;21.63533;       0.14938;3.41836;2
-148.56128;21.63866;       0.14938;3.41838;2
-148.52829;21.64200;       0.14937;3.41840;2
-148.49531;21.64533;       0.14934;3.41842;2
-148.46236;21.64866;       0.14935;3.41844;2
-148.42935;21.65200;       0.14936;3.41845;2
-148.39631;21.65533;       0.14945;3.41847;2
-148.36331;21.65866;       0.14959;3.41849;2
-148.33033;21.66200;       0.14965;3.41851;2
-148.29735;21.66533;       0.14968;3.41853;2
-148.26438;21.66866;       0.14970;3.41854;2
-148.23140;21.67200;       0.14973;3.41856;2
-148.19841;21.67533;       0.14978;3.41858;2
-148.16544;21.67866;       0.14984;3.41860;2
-148.13242;21.68199;       0.14988;3.41862;2
-148.09937;21.68533;       0.14991;3.41863;2
-148.06629;21.68866;       0.14999;3.41865;2
-148.03324;21.69199;       0.15009;3.41867;2
-148.00021;21.69533;       0.15019;3.41869;2
-147.96713;21.69866;       0.15031;3.41871;2
-147.93406;21.70199;       0.15041;3.41873;2
-147.90092;21.70533;       0.15050;3.41874;2
-147.86771;21.70866;       0.15059;3.41876;2
-147.83454;21.71199;       0.15069;3.41878;2
-147.80133;21.71533;       0.15079;3.41880;2
-147.76807;21.71866;       0.15084;3.41882;2
-147.73480;21.72199;       0.15087;3.41884;2
-147.70158;21.72533;       0.15095;3.41885;2
-147.66834;21.72866;       0.15104;3.41887;2
-147.63505;21.73199;       0.15115;3.41889;2
-147.60175;21.73532;       0.15125;3.41891;2
-147.56842;21.73866;       0.15135;3.41893;2
-147.53507;21.74199;       0.15145;3.41894;2
-147.50170;21.74532;       0.15155;3.41896;2
-147.46830;21.74866;       0.15165;3.41898;2
-147.43486;21.75199;       0.15175;3.41900;2
-147.40141;21.75532;       0.15188;3.41902;2
-147.36798;21.75866;       0.15203;3.41904;2
-147.33456;21.76199;       0.15216;3.41905;2
-147.30115;21.76532;       0.15233;3.41907;2
-147.26770;21.76866;       0.15249;3.41909;2
-147.23428;21.77199;       0.15266;3.41911;2
-147.20085;21.77532;       0.15284;3.41913;2
-147.16740;21.77866;       0.15295;3.41914;2
-147.13391;21.78199;       0.15307;3.41916;2
-147.10045;21.78532;       0.15319;3.41918;2
-147.06700;21.78865;       0.15334;3.41920;2
-147.03351;21.79199;       0.15349;3.41922;2
-147.00006;21.79532;       0.15369;3.41924;2
-146.96657;21.79865;       0.15397;3.41925;2
-146.93310;21.80199;       0.15411;3.41927;2
-146.89960;21.80532;       0.15419;3.41929;2
-146.86611;21.80865;       0.15434;3.41931;2
-146.83263;21.81199;       0.15453;3.41933;2
-146.79915;21.81532;       0.15463;3.41934;2
-146.76565;21.81865;       0.15470;3.41936;2
-146.73216;21.82199;       0.15478;3.41938;2
-146.69865;21.82532;       0.15488;3.41940;2
-146.66515;21.82865;       0.15501;3.41942;2
-146.63166;21.83199;       0.15517;3.41944;2
-146.59813;21.83532;       0.15529;3.41945;2
-146.56460;21.83865;       0.15544;3.41947;2
-146.53107;21.84198;       0.15557;3.41949;2
-146.49756;21.84532;       0.15569;3.41951;2
-146.46407;21.84865;       0.15580;3.41953;2
-146.43059;21.85198;       0.15587;3.41954;2
-146.39713;21.85532;       0.15594;3.41956;2
-146.36367;21.85865;       0.15602;3.41958;2
-146.33019;21.86198;       0.15613;3.41960;2
-146.29669;21.86532;       0.15626;3.41962;2
-146.26320;21.86865;       0.15635;3.41963;2
-146.22968;21.87198;       0.15643;3.41965;2
-146.19615;21.87532;       0.15651;3.41967;2
-146.16265;21.87865;       0.15661;3.41969;2
-146.12915;21.88198;       0.15669;3.41971;2
-146.09571;21.88532;       0.15679;3.41972;2
-146.06228;21.88865;       0.15690;3.41974;2
-146.02887;21.89198;       0.15700;3.41976;2
-145.99547;21.89531;       0.15698;3.41978;2
-145.96204;21.89865;       0.15697;3.41980;2
-145.92863;21.90198;       0.15709;3.41981;2
-145.89527;21.90531;       0.15723;3.41983;2
-145.86191;21.90865;       0.15732;3.41985;2
-145.82853;21.91198;       0.15740;3.41987;2
-145.79519;21.91531;       0.15742;3.41989;2
-145.76186;21.91865;       0.15740;3.41990;2
-145.72856;21.92198;       0.15746;3.41992;2
-145.69531;21.92531;       0.15755;3.41994;2
-145.66202;21.92865;       0.15759;3.41996;2
-145.62877;21.93198;       0.15772;3.41998;2
-145.59554;21.93531;       0.15786;3.41999;2
-145.56232;21.93865;       0.15792;3.42001;2
-145.52910;21.94198;       0.15801;3.42003;2
-145.49590;21.94531;       0.15804;3.42005;2
-145.46279;21.94864;       0.15807;3.42006;2
-145.42965;21.95198;       0.15812;3.42008;2
-145.39648;21.95531;       0.15815;3.42010;2
-145.36335;21.95864;       0.15818;3.42012;2
-145.33023;21.96198;       0.15814;3.42013;2
-145.29707;21.96531;       0.15812;3.42015;2
-145.26395;21.96864;       0.15813;3.42017;2
-145.23083;21.97198;       0.15816;3.42019;2
-145.19765;21.97531;       0.15818;3.42021;2
-145.16443;21.97864;       0.15823;3.42022;2
-145.13123;21.98198;       0.15830;3.42024;2
-145.09811;21.98531;       0.15835;3.42026;2
-145.06497;21.98864;       0.15841;3.42028;2
-145.03181;21.99198;       0.15846;3.42029;2
-144.99868;21.99531;       0.15848;3.42031;2
-144.96548;21.99864;       0.15851;3.42033;2
-144.93229;22.00197;       0.15853;3.42035;2
-144.89912;22.00531;       0.15856;3.42036;2
-144.86597;22.00864;       0.15863;3.42038;2
-144.83278;22.01197;       0.15864;3.42040;2
-144.79959;22.01531;       0.15864;3.42042;2
-144.76639;22.01864;       0.15864;3.42043;2
-144.73318;22.02197;       0.15862;3.42045;2
-144.69993;22.02531;       0.15863;3.42047;2
-144.66669;22.02864;       0.15863;3.42049;2
-144.63350;22.03197;       0.15859;3.42050;2
-144.60026;22.03531;       0.15855;3.42052;2
-144.56702;22.03864;       0.15855;3.42054;2
-144.53378;22.04197;       0.15860;3.42056;2
-144.50052;22.04531;       0.15865;3.42058;2
-144.46729;22.04864;       0.15872;3.42059;2
-144.43406;22.05197;       0.15873;3.42061;2
-144.40082;22.05531;       0.15873;3.42063;2
-144.36755;22.05864;       0.15873;3.42065;2
-144.33430;22.06197;       0.15873;3.42066;2
-144.30108;22.06530;       0.15873;3.42068;2
-144.26787;22.06864;       0.15871;3.42070;2
-144.23458;22.07197;       0.15872;3.42072;2
-144.20126;22.07530;       0.15873;3.42073;2
-144.16800;22.07864;       0.15875;3.42075;2
-144.13473;22.08197;       0.15879;3.42077;2
-144.10146;22.08530;       0.15886;3.42079;2
-144.06816;22.08864;       0.15896;3.42080;2
-144.03479;22.09197;       0.15905;3.42082;2
-144.00138;22.09530;       0.15913;3.42084;2
-143.96796;22.09864;       0.15922;3.42086;2
-143.93456;22.10197;       0.15936;3.42087;2
-143.90117;22.10530;       0.15952;3.42089;2
-143.86774;22.10864;       0.15961;3.42091;2
-143.83432;22.11197;       0.15968;3.42093;2
-143.80097;22.11530;       0.15978;3.42094;2
-143.76757;22.11863;       0.15987;3.42096;2
-143.73418;22.12197;       0.15999;3.42098;2
-143.70080;22.12530;       0.16014;3.42100;2
-143.66740;22.12863;       0.16026;3.42101;2
-143.63399;22.13197;       0.16033;3.42103;2
-143.60058;22.13530;       0.16040;3.42105;2
-143.56717;22.13863;       0.16049;3.42107;2
-143.53370;22.14197;       0.16059;3.42108;2
-143.50026;22.14530;       0.16069;3.42110;2
-143.46680;22.14863;       0.16081;3.42112;2
-143.43326;22.15197;       0.16091;3.42114;2
-143.39975;22.15530;       0.16099;3.42115;2
-143.36626;22.15863;       0.16111;3.42117;2
-143.33274;22.16197;       0.16122;3.42119;2
-143.29921;22.16530;       0.16134;3.42121;2
-143.26568;22.16863;       0.16145;3.42122;2
-143.23212;22.17196;       0.16157;3.42124;2
-143.19859;22.17530;       0.16168;3.42126;2
-143.16507;22.17863;       0.16172;3.42128;2
-143.13156;22.18196;       0.16178;3.42129;2
-143.09807;22.18530;       0.16190;3.42131;2
-143.06451;22.18863;       0.16205;3.42133;2
-143.03099;22.19196;       0.16216;3.42135;2
-142.99747;22.19530;       0.16222;3.42136;2
-142.96397;22.19863;       0.16227;3.42138;2
-142.93055;22.20196;       0.16236;3.42140;2
-142.89712;22.20530;       0.16248;3.42142;2
-142.86367;22.20863;       0.16259;3.42143;2
-142.83025;22.21196;       0.16270;3.42145;2
-142.79688;22.21530;       0.16278;3.42147;2
-142.76349;22.21863;       0.16285;3.42149;2
-142.73014;22.22196;       0.16292;3.42150;2
-142.69678;22.22529;       0.16307;3.42152;2
-142.66342;22.22863;       0.16326;3.42154;2
-142.63008;22.23196;       0.16337;3.42155;2
-142.59670;22.23529;       0.16347;3.42157;2
-142.56331;22.23863;       0.16355;3.42159;2
-142.52995;22.24196;       0.16364;3.42161;2
-142.49658;22.24529;       0.16374;3.42162;2
-142.46325;22.24863;       0.16380;3.42164;2
-142.42990;22.25196;       0.16387;3.42166;2
-142.39654;22.25529;       0.16392;3.42167;2
-142.36321;22.25863;       0.16394;3.42169;2
-142.32988;22.26196;       0.16399;3.42171;2
-142.29661;22.26529;       0.16408;3.42173;2
-142.26336;22.26863;       0.16415;3.42174;2
-142.23009;22.27196;       0.16423;3.42176;2
-142.19685;22.27529;       0.16428;3.42178;2
-142.16363;22.27862;       0.16433;3.42179;2
-142.13041;22.28196;       0.16435;3.42181;2
-142.09721;22.28529;       0.16432;3.42183;2
-142.06403;22.28862;       0.16429;3.42185;2
-142.03082;22.29196;       0.16433;3.42186;2
-141.99768;22.29529;       0.16449;3.42188;2
-141.96456;22.29862;       0.16461;3.42190;2
-141.93144;22.30196;       0.16466;3.42191;2
-141.89832;22.30529;       0.16471;3.42193;2
-141.86522;22.30862;       0.16475;3.42195;2
-141.83211;22.31196;       0.16483;3.42197;2
-141.79904;22.31529;       0.16489;3.42198;2
-141.76597;22.31862;       0.16492;3.42200;2
-141.73290;22.32196;       0.16493;3.42202;2
-141.69985;22.32529;       0.16494;3.42203;2
-141.66682;22.32862;       0.16494;3.42205;2
-141.63379;22.33195;       0.16496;3.42207;2
-141.60076;22.33529;       0.16499;3.42208;2
-141.56772;22.33862;       0.16500;3.42210;2
-141.53468;22.34195;       0.16501;3.42212;2
-141.50168;22.34529;       0.16498;3.42213;2
-141.46867;22.34862;       0.16495;3.42215;2
-141.43567;22.35195;       0.16492;3.42217;2
-141.40269;22.35529;       0.16488;3.42219;2
-141.36974;22.35862;       0.16487;3.42220;2
-141.33684;22.36195;       0.16487;3.42222;2
-141.30392;22.36529;       0.16486;3.42224;2
-141.27099;22.36862;       0.16488;3.42225;2
-141.23810;22.37195;       0.16490;3.42227;2
-141.20518;22.37529;       0.16490;3.42229;2
-141.17227;22.37862;       0.16491;3.42230;2
-141.13941;22.38195;       0.16495;3.42232;2
-141.10655;22.38528;       0.16496;3.42234;2
-141.07370;22.38862;       0.16497;3.42235;2
-141.04087;22.39195;       0.16494;3.42237;2
-141.00797;22.39528;       0.16494;3.42239;2
-140.97505;22.39862;       0.16495;3.42240;2
-140.94214;22.40195;       0.16496;3.42242;2
-140.90921;22.40528;       0.16501;3.42244;2
-140.87625;22.40862;       0.16506;3.42245;2
-140.84328;22.41195;       0.16509;3.42247;2
-140.81027;22.41528;       0.16515;3.42249;2
-140.77721;22.41862;       0.16519;3.42250;2
-140.74412;22.42195;       0.16524;3.42252;2
-140.71104;22.42528;       0.16527;3.42254;2
-140.67796;22.42862;       0.16526;3.42255;2
-140.64488;22.43195;       0.16531;3.42257;2
-140.61177;22.43528;       0.16539;3.42259;2
-140.57868;22.43861;       0.16551;3.42260;2
-140.54563;22.44195;       0.16560;3.42262;2
-140.51253;22.44528;       0.16570;3.42264;2
-140.47946;22.44861;       0.16577;3.42265;2
-140.44636;22.45195;       0.16581;3.42267;2
-140.41323;22.45528;       0.16589;3.42269;2
-140.38011;22.45861;       0.16601;3.42270;2
-140.34700;22.46195;       0.16612;3.42272;2
-140.31391;22.46528;       0.16622;3.42274;2
-140.28074;22.46861;       0.16635;3.42275;2
-140.24754;22.47195;       0.16648;3.42277;2
-140.21433;22.47528;       0.16656;3.42279;2
-140.18112;22.47861;       0.16662;3.42280;2
-140.14790;22.48195;       0.16672;3.42282;2
-140.11467;22.48528;       0.16685;3.42284;2
-140.08138;22.48861;       0.16695;3.42285;2
-140.04807;22.49194;       0.16706;3.42287;2
-140.01477;22.49528;       0.16714;3.42289;2
-139.98141;22.49861;       0.16726;3.42291;2
-139.94806;22.50194;       0.16743;3.42292;2
-139.91472;22.50528;       0.16752;3.42294;2
-139.88139;22.50861;       0.16754;3.42296;2
-139.84800;22.51194;       0.16759;3.42297;2
-139.81465;22.51528;       0.16768;3.42299;2
-139.78127;22.51861;       0.16776;3.42301;2
-139.74782;22.52194;       0.16778;3.42302;2
-139.71440;22.52528;       0.16778;3.42304;2
-139.68091;22.52861;       0.16777;3.42306;2
-139.64737;22.53194;       0.16778;3.42307;2
-139.61385;22.53528;       0.16785;3.42309;2
-139.58032;22.53861;       0.16790;3.42311;2
-139.54676;22.54194;       0.16797;3.42312;2
-139.51323;22.54527;       0.16804;3.42314;2
-139.47968;22.54861;       0.16811;3.42316;2
-139.44614;22.55194;       0.16818;3.42317;2
-139.41261;22.55527;       0.16826;3.42319;2
-139.37902;22.55861;       0.16835;3.42321;2
-139.34541;22.56194;       0.16842;3.42322;2
-139.31172;22.56527;       0.16851;3.42324;2
-139.27804;22.56861;       0.16859;3.42326;2
-139.24439;22.57194;       0.16860;3.42327;2
-139.21062;22.57527;       0.16862;3.42329;2
-139.17694;22.57861;       0.16863;3.42331;2
-139.14326;22.58194;       0.16864;3.42332;2
-139.10952;22.58527;       0.16870;3.42334;2
-139.07576;22.58861;       0.16880;3.42336;2
-139.04201;22.59194;       0.16894;3.42337;2
-139.00822;22.59527;       0.16897;3.42339;2
-138.97447;22.59860;       0.16902;3.42341;2
-138.94069;22.60194;       0.16910;3.42342;2
-138.90692;22.60527;       0.16923;3.42344;2
-138.87313;22.60860;       0.16925;3.42346;2
-138.83933;22.61194;       0.16917;3.42348;2
-138.80555;22.61527;       0.16907;3.42349;2
-138.77177;22.61860;       0.16907;3.42351;2
-138.73801;22.62194;       0.16910;3.42353;2
-138.70422;22.62527;       0.16911;3.42354;2
-138.67038;22.62860;       0.16923;3.42356;2
-138.63660;22.63194;       0.16943;3.42358;2
-138.60282;22.63527;       0.16954;3.42359;2
-138.56901;22.63860;       0.16965;3.42361;2
-138.53519;22.64194;       0.16979;3.42363;2
-138.50135;22.64527;       0.16991;3.42364;2
-138.46750;22.64860;       0.16995;3.42366;2
-138.43365;22.65193;       0.16999;3.42368;2
-138.39980;22.65527;       0.17006;3.42369;2
-138.36597;22.65860;       0.17017;3.42371;2
-138.33216;22.66193;       0.17029;3.42373;2
-138.29833;22.66527;       0.17038;3.42374;2
-138.26449;22.66860;       0.17048;3.42376;2
-138.23069;22.67193;       0.17060;3.42378;2
-138.19686;22.67527;       0.17069;3.42379;2
-138.16301;22.67860;       0.17079;3.42381;2
-138.12914;22.68193;       0.17094;3.42383;2
-138.09528;22.68527;       0.17110;3.42384;2
-138.06145;22.68860;       0.17125;3.42386;2
-138.02762;22.69193;       0.17134;3.42388;2
-137.99382;22.69527;       0.17141;3.42389;2
-137.96003;22.69860;       0.17152;3.42391;2
-137.92625;22.70193;       0.17174;3.42393;2
-137.89249;22.70526;       0.17198;3.42394;2
-137.85871;22.70860;       0.17212;3.42396;2
-137.82491;22.71193;       0.17230;3.42398;2
-137.79118;22.71526;       0.17249;3.42399;2
-137.75744;22.71860;       0.17266;3.42401;2
-137.72366;22.72193;       0.17278;3.42402;2
-137.68995;22.72526;       0.17289;3.42404;2
-137.65621;22.72860;       0.17303;3.42406;2
-137.62252;22.73193;       0.17319;3.42407;2
-137.58887;22.73526;       0.17331;3.42409;2
-137.55515;22.73860;       0.17340;3.42411;2
-137.52148;22.74193;       0.17351;3.42412;2
-137.48789;22.74526;       0.17362;3.42414;2
-137.45429;22.74860;       0.17372;3.42416;2
-137.42070;22.75193;       0.17384;3.42417;2
-137.38708;22.75526;       0.17396;3.42419;2
-137.35348;22.75859;       0.17408;3.42421;2
-137.31994;22.76193;       0.17420;3.42422;2
-137.28645;22.76526;       0.17429;3.42424;2
-137.25299;22.76859;       0.17433;3.42425;2
-137.21953;22.77193;       0.17434;3.42427;2
-137.18607;22.77526;       0.17436;3.42429;2
-137.15270;22.77859;       0.17443;3.42430;2
-137.11930;22.78193;       0.17448;3.42432;2
-137.08590;22.78526;       0.17456;3.42434;2
-137.05255;22.78859;       0.17465;3.42435;2
-137.01921;22.79193;       0.17474;3.42437;2
-136.98587;22.79526;       0.17483;3.42438;2
-136.95259;22.79859;       0.17491;3.42440;2
-136.91930;22.80193;       0.17498;3.42442;2
-136.88606;22.80526;       0.17505;3.42443;2
-136.85278;22.80859;       0.17513;3.42445;2
-136.81951;22.81192;       0.17519;3.42447;2
-136.78634;22.81526;       0.17522;3.42448;2
-136.75315;22.81859;       0.17526;3.42450;2
-136.71997;22.82192;       0.17529;3.42451;2
-136.68683;22.82526;       0.17525;3.42453;2
-136.65371;22.82859;       0.17520;3.42455;2
-136.62064;22.83192;       0.17517;3.42456;2
-136.58752;22.83526;       0.17513;3.42458;2
-136.55441;22.83859;       0.17512;3.42459;2
-136.52135;22.84192;       0.17510;3.42461;2
-136.48830;22.84526;       0.17509;3.42463;2
-136.45531;22.84859;       0.17510;3.42464;2
-136.42236;22.85192;       0.17513;3.42466;2
-136.38940;22.85526;       0.17518;3.42467;2
-136.35646;22.85859;       0.17523;3.42469;2
-136.32353;22.86192;       0.17527;3.42470;2
-136.29059;22.86526;       0.17527;3.42472;2
-136.25765;22.86859;       0.17525;3.42474;2
-136.22472;22.87192;       0.17526;3.42475;2
-136.19179;22.87525;       0.17531;3.42477;2
-136.15894;22.87859;       0.17531;3.42478;2
-136.12611;22.88192;       0.17531;3.42480;2
-136.09329;22.88525;       0.17530;3.42481;2
-136.06050;22.88859;       0.17530;3.42483;2
-136.02769;22.89192;       0.17530;3.42485;2
-135.99490;22.89525;       0.17526;3.42486;2
-135.96209;22.89859;       0.17516;3.42488;2
-135.92932;22.90192;       0.17509;3.42489;2
-135.89659;22.90525;       0.17506;3.42491;2
-135.86380;22.90859;       0.17504;3.42492;2
-135.83101;22.91192;       0.17504;3.42494;2
-135.79826;22.91525;       0.17507;3.42496;2
-135.76554;22.91859;       0.17508;3.42497;2
-135.73281;22.92192;       0.17501;3.42499;2
-135.70009;22.92525;       0.17496;3.42500;2
-135.66737;22.92858;       0.17493;3.42502;2
-135.63463;22.93192;       0.17490;3.42503;2
-135.60189;22.93525;       0.17484;3.42505;2
-135.56913;22.93858;       0.17479;3.42507;2
-135.53640;22.94192;       0.17477;3.42508;2
-135.50366;22.94525;       0.17473;3.42510;2
-135.47087;22.94858;       0.17470;3.42511;2
-135.43806;22.95192;       0.17469;3.42513;2
-135.40526;22.95525;       0.17470;3.42514;2
-135.37247;22.95858;       0.17473;3.42516;2
-135.33967;22.96192;       0.17476;3.42517;2
-135.30683;22.96525;       0.17480;3.42519;2
-135.27399;22.96858;       0.17484;3.42521;2
-135.24113;22.97192;       0.17488;3.42522;2
-135.20828;22.97525;       0.17488;3.42524;2
-135.17537;22.97858;       0.17485;3.42525;2
-135.14248;22.98191;       0.17484;3.42527;2
-135.10959;22.98525;       0.17486;3.42528;2
-135.07667;22.98858;       0.17487;3.42530;2
-135.04373;22.99191;       0.17486;3.42532;2
-135.01080;22.99525;       0.17485;3.42533;2
-134.97786;22.99858;       0.17488;3.42535;2
-134.94489;23.00191;       0.17493;3.42536;2
-134.91190;23.00525;       0.17495;3.42538;2
-134.87893;23.00858;       0.17494;3.42539;2
-134.84595;23.01191;       0.17495;3.42541;2
-134.81294;23.01525;       0.17495;3.42542;2
-134.77990;23.01858;       0.17496;3.42544;2
-134.74680;23.02191;       0.17502;3.42546;2
-134.71369;23.02525;       0.17508;3.42547;2
-134.68055;23.02858;       0.17509;3.42549;2
-134.64744;23.03191;       0.17515;3.42550;2
-134.61432;23.03524;       0.17518;3.42552;2
-134.58121;23.03858;       0.17518;3.42553;2
-134.54807;23.04191;       0.17517;3.42555;2
-134.51491;23.04524;       0.17520;3.42556;2
-134.48173;23.04858;       0.17524;3.42558;2
-134.44851;23.05191;       0.17528;3.42560;2
-134.41527;23.05524;       0.17534;3.42561;2
-134.38195;23.05858;       0.17546;3.42563;2
-134.34862;23.06191;       0.17553;3.42564;2
-134.31532;23.06524;       0.17560;3.42566;2
-134.28203;23.06858;       0.17565;3.42567;2
-134.24873;23.07191;       0.17573;3.42569;2
-134.21541;23.07524;       0.17581;3.42571;2
-134.18204;23.07858;       0.17582;3.42572;2
-134.14866;23.08191;       0.17583;3.42574;2
-134.11527;23.08524;       0.17586;3.42575;2
-134.08186;23.08857;       0.17592;3.42577;2
-134.04840;23.09191;       0.17600;3.42578;2
-134.01495;23.09524;       0.17608;3.42580;2
-133.98146;23.09857;       0.17620;3.42582;2
-133.94801;23.10191;       0.17630;3.42583;2
-133.91449;23.10524;       0.17640;3.42585;2
-133.88097;23.10857;       0.17653;3.42586;2
-133.84747;23.11191;       0.17670;3.42588;2
-133.81396;23.11524;       0.17683;3.42589;2
-133.78045;23.11857;       0.17690;3.42591;2
-133.74686;23.12191;       0.17697;3.42592;2
-133.71323;23.12524;       0.17703;3.42594;2
-133.67962;23.12857;       0.17712;3.42596;2
-133.64605;23.13191;       0.17721;3.42597;2
-133.61250;23.13524;       0.17731;3.42599;2
-133.57889;23.13857;       0.17743;3.42600;2
-133.54531;23.14190;       0.17754;3.42602;2
-133.51172;23.14524;       0.17762;3.42603;2
-133.47808;23.14857;       0.17770;3.42605;2
-133.44445;23.15190;       0.17779;3.42607;2
-133.41082;23.15524;       0.17790;3.42608;2
-133.37716;23.15857;       0.17801;3.42610;2
-133.34354;23.16190;       0.17816;3.42611;2
-133.30994;23.16524;       0.17830;3.42613;2
-133.27635;23.16857;       0.17844;3.42614;2
-133.24272;23.17190;       0.17860;3.42616;2
-133.20908;23.17524;       0.17873;3.42617;2
-133.17546;23.17857;       0.17884;3.42619;2
-133.14184;23.18190;       0.17895;3.42621;2
-133.10818;23.18524;       0.17910;3.42622;2
-133.07452;23.18857;       0.17923;3.42624;2
-133.04091;23.19190;       0.17932;3.42625;2
-133.00728;23.19523;       0.17943;3.42627;2
-132.97365;23.19857;       0.17958;3.42628;2
-132.93998;23.20190;       0.17970;3.42630;2
-132.90633;23.20523;       0.17983;3.42631;2
-132.87270;23.20857;       0.17996;3.42633;2
-132.83902;23.21190;       0.18011;3.42635;2
-132.80534;23.21523;       0.18022;3.42636;2
-132.77166;23.21857;       0.18032;3.42638;2
-132.73797;23.22190;       0.18039;3.42639;2
-132.70432;23.22523;       0.18040;3.42641;2
-132.67066;23.22857;       0.18044;3.42642;2
-132.63698;23.23190;       0.18055;3.42644;2
-132.60330;23.23523;       0.18062;3.42645;2
-132.56963;23.23857;       0.18067;3.42647;2
-132.53592;23.24190;       0.18075;3.42649;2
-132.50223;23.24523;       0.18088;3.42650;2
-132.46858;23.24856;       0.18099;3.42652;2
-132.43490;23.25190;       0.18112;3.42653;2
-132.40123;23.25523;       0.18128;3.42655;2
-132.36756;23.25856;       0.18143;3.42656;2
-132.33395;23.26190;       0.18156;3.42658;2
-132.30030;23.26523;       0.18169;3.42659;2
-132.26661;23.26856;       0.18178;3.42661;2
-132.23296;23.27190;       0.18187;3.42662;2
-132.19929;23.27523;       0.18197;3.42664;2
-132.16563;23.27856;       0.18207;3.42665;2
-132.13197;23.28190;       0.18217;3.42667;2
-132.09824;23.28523;       0.18224;3.42669;2
-132.06458;23.28856;       0.18226;3.42670;2
-132.03092;23.29190;       0.18228;3.42672;2
-131.99731;23.29523;       0.18236;3.42673;2
-131.96370;23.29856;       0.18254;3.42675;2
-131.93010;23.30189;       0.18271;3.42676;2
-131.89648;23.30523;       0.18283;3.42678;2
-131.86289;23.30856;       0.18289;3.42679;2
-131.82927;23.31189;       0.18291;3.42681;2
-131.79564;23.31523;       0.18298;3.42682;2
-131.76200;23.31856;       0.18313;3.42684;2
-131.72838;23.32189;       0.18332;3.42685;2
-131.69479;23.32523;       0.18342;3.42687;2
-131.66117;23.32856;       0.18346;3.42688;2
-131.62758;23.33189;       0.18351;3.42690;2
-131.59393;23.33523;       0.18362;3.42691;2
-131.56028;23.33856;       0.18375;3.42693;2
-131.52665;23.34189;       0.18384;3.42695;2
-131.49301;23.34523;       0.18389;3.42696;2
-131.45944;23.34856;       0.18396;3.42698;2
-131.42588;23.35189;       0.18402;3.42699;2
-131.39231;23.35522;       0.18407;3.42701;2
-131.35876;23.35856;       0.18418;3.42702;2
-131.32521;23.36189;       0.18428;3.42704;2
-131.29166;23.36522;       0.18438;3.42705;2
-131.25809;23.36856;       0.18446;3.42707;2
-131.22452;23.37189;       0.18451;3.42708;2
-131.19097;23.37522;       0.18450;3.42710;2
-131.15742;23.37856;       0.18449;3.42711;2
-131.12387;23.38189;       0.18452;3.42713;2
-131.09039;23.38522;       0.18461;3.42714;2
-131.05691;23.38856;       0.18468;3.42716;2
-131.02341;23.39189;       0.18473;3.42717;2
-130.98988;23.39522;       0.18478;3.42719;2
-130.95639;23.39856;       0.18487;3.42720;2
-130.92289;23.40189;       0.18493;3.42722;2
-130.88940;23.40522;       0.18498;3.42723;2
-130.85592;23.40855;       0.18501;3.42725;2
-130.82247;23.41189;       0.18506;3.42726;2
-130.78903;23.41522;       0.18514;3.42728;2
-130.75563;23.41855;       0.18522;3.42729;2
-130.72229;23.42189;       0.18529;3.42731;2
-130.68893;23.42522;       0.18534;3.42732;2
-130.65562;23.42855;       0.18539;3.42734;2
-130.62234;23.43189;       0.18545;3.42735;2
-130.58907;23.43522;       0.18549;3.42737;2
-130.55578;23.43855;       0.18552;3.42738;2
-130.52253;23.44189;       0.18556;3.42740;2
-130.48934;23.44522;       0.18561;3.42741;2
-130.45616;23.44855;       0.18566;3.42743;2
-130.42299;23.45189;       0.18563;3.42744;2
-130.38982;23.45522;       0.18558;3.42746;2
-130.35663;23.45855;       0.18557;3.42747;2
-130.32346;23.46188;       0.18558;3.42749;2
-130.29032;23.46522;       0.18561;3.42750;2
-130.25723;23.46855;       0.18565;3.42752;2
-130.22416;23.47188;       0.18572;3.42753;2
-130.19105;23.47522;       0.18578;3.42755;2
-130.15793;23.47855;       0.18585;3.42756;2
-130.12485;23.48188;       0.18593;3.42757;2
-130.09180;23.48522;       0.18597;3.42759;2
-130.05878;23.48855;       0.18597;3.42760;2
-130.02570;23.49188;       0.18599;3.42762;2
-129.99267;23.49522;       0.18600;3.42763;2
-129.95963;23.49855;       0.18603;3.42765;2
-129.92658;23.50188;       0.18607;3.42766;2
-129.89353;23.50522;       0.18614;3.42768;2
-129.86047;23.50855;       0.18617;3.42769;2
-129.82746;23.51188;       0.18618;3.42771;2
-129.79448;23.51521;       0.18618;3.42772;2
-129.76151;23.51855;       0.18620;3.42774;2
-129.72857;23.52188;       0.18620;3.42775;2
-129.69557;23.52521;       0.18621;3.42777;2
-129.66261;23.52855;       0.18624;3.42778;2
-129.62971;23.53188;       0.18624;3.42779;2
-129.59677;23.53521;       0.18622;3.42781;2
-129.56389;23.53855;       0.18621;3.42782;2
-129.53099;23.54188;       0.18619;3.42784;2
-129.49812;23.54521;       0.18618;3.42785;2
-129.46527;23.54855;       0.18620;3.42787;2
-129.43239;23.55188;       0.18623;3.42788;2
-129.39956;23.55521;       0.18623;3.42790;2
-129.36672;23.55855;       0.18626;3.42791;2
-129.33384;23.56188;       0.18629;3.42792;2
-129.30099;23.56521;       0.18630;3.42794;2
-129.26811;23.56854;       0.18627;3.42795;2
-129.23528;23.57188;       0.18627;3.42797;2
-129.20242;23.57521;       0.18629;3.42798;2
-129.16959;23.57854;       0.18629;3.42800;2
-129.13680;23.58188;       0.18628;3.42801;2
-129.10400;23.58521;       0.18625;3.42803;2
-129.07117;23.58854;       0.18625;3.42804;2
-129.03837;23.59188;       0.18626;3.42805;2
-129.00557;23.59521;       0.18624;3.42807;2
-128.97279;23.59854;       0.18622;3.42808;2
-128.93999;23.60188;       0.18622;3.42810;2
-128.90716;23.60521;       0.18627;3.42811;2
-128.87439;23.60854;       0.18631;3.42813;2
-128.84161;23.61188;       0.18634;3.42814;2
-128.80881;23.61521;       0.18636;3.42816;2
-128.77601;23.61854;       0.18638;3.42817;2
-128.74318;23.62187;       0.18640;3.42818;2
-128.71035;23.62521;       0.18642;3.42820;2
-128.67753;23.62854;       0.18644;3.42821;2
-128.64467;23.63187;       0.18645;3.42823;2
-128.61182;23.63521;       0.18647;3.42824;2
-128.57895;23.63854;       0.18652;3.42826;2
-128.54609;23.64187;       0.18656;3.42827;2
-128.51321;23.64521;       0.18658;3.42828;2
-128.48027;23.64854;       0.18661;3.42830;2
-128.44731;23.65187;       0.18664;3.42831;2
-128.41436;23.65521;       0.18669;3.42833;2
-128.38140;23.65854;       0.18677;3.42834;2
-128.34849;23.66187;       0.18686;3.42836;2
-128.31550;23.66521;       0.18687;3.42837;2
-128.28250;23.66854;       0.18691;3.42839;2
-128.24952;23.67187;       0.18697;3.42840;2
-128.21648;23.67521;       0.18699;3.42841;2
-128.18345;23.67854;       0.18703;3.42843;2
-128.15044;23.68187;       0.18706;3.42844;2
-128.11743;23.68520;       0.18707;3.42846;2
-128.08439;23.68854;       0.18709;3.42847;2
-128.05133;23.69187;       0.18710;3.42849;2
-128.01831;23.69520;       0.18710;3.42850;2
-127.98524;23.69854;       0.18711;3.42851;2
-127.95214;23.70187;       0.18711;3.42853;2
-127.91904;23.70520;       0.18713;3.42854;2
-127.88596;23.70854;       0.18713;3.42856;2
-127.85283;23.71187;       0.18714;3.42857;2
-127.81967;23.71520;       0.18716;3.42859;2
-127.78648;23.71854;       0.18719;3.42860;2
-127.75332;23.72187;       0.18727;3.42861;2
-127.72015;23.72520;       0.18736;3.42863;2
-127.68701;23.72854;       0.18741;3.42864;2
-127.65378;23.73187;       0.18741;3.42866;2
-127.62054;23.73520;       0.18747;3.42867;2
-127.58736;23.73853;       0.18754;3.42869;2
-127.55412;23.74187;       0.18765;3.42870;2
-127.52083;23.74520;       0.18782;3.42871;2
-127.48756;23.74853;       0.18791;3.42873;2
-127.45427;23.75187;       0.18796;3.42874;2
-127.42098;23.75520;       0.18799;3.42876;2
-127.38763;23.75853;       0.18808;3.42877;2
-127.35427;23.76187;       0.18813;3.42879;2
-127.32091;23.76520;       0.18820;3.42880;2
-127.28753;23.76853;       0.18826;3.42881;2
-127.25414;23.77187;       0.18833;3.42883;2
-127.22071;23.77520;       0.18843;3.42884;2
-127.18729;23.77853;       0.18851;3.42886;2
-127.15385;23.78187;       0.18861;3.42887;2
-127.12035;23.78520;       0.18872;3.42889;2
-127.08685;23.78853;       0.18882;3.42890;2
-127.05331;23.79186;       0.18892;3.42891;2
-127.01974;23.79520;       0.18902;3.42893;2
-126.98621;23.79853;       0.18911;3.42894;2
-126.95265;23.80186;       0.18920;3.42896;2
-126.91910;23.80520;       0.18932;3.42897;2
-126.88556;23.80853;       0.18957;3.42899;2
-126.85197;23.81186;       0.18976;3.42900;2
-126.81838;23.81520;       0.18988;3.42901;2
-126.78472;23.81853;       0.19000;3.42903;2
-126.75108;23.82186;       0.19010;3.42904;2
-126.71743;23.82520;       0.19019;3.42906;2
-126.68376;23.82853;       0.19027;3.42907;2
-126.65007;23.83186;       0.19039;3.42909;2
-126.61639;23.83520;       0.19052;3.42910;2
-126.58263;23.83853;       0.19065;3.42911;2
-126.54889;23.84186;       0.19077;3.42913;2
-126.51517;23.84519;       0.19093;3.42914;2
-126.48141;23.84853;       0.19115;3.42916;2
-126.44767;23.85186;       0.19126;3.42917;2
-126.41394;23.85519;       0.19135;3.42919;2
-126.38015;23.85853;       0.19148;3.42920;2
-126.34641;23.86186;       0.19161;3.42921;2
-126.31265;23.86519;       0.19171;3.42923;2
-126.27893;23.86853;       0.19185;3.42924;2
-126.24521;23.87186;       0.19199;3.42926;2
-126.21145;23.87519;       0.19212;3.42927;2
-126.17772;23.87853;       0.19226;3.42929;2
-126.14401;23.88186;       0.19239;3.42930;2
-126.11029;23.88519;       0.19252;3.42931;2
-126.07654;23.88853;       0.19263;3.42933;2
-126.04282;23.89186;       0.19275;3.42934;2
-126.00911;23.89519;       0.19281;3.42936;2
-125.97539;23.89852;       0.19288;3.42937;2
-125.94167;23.90186;       0.19296;3.42939;2
-125.90798;23.90519;       0.19306;3.42940;2
-125.87429;23.90852;       0.19318;3.42941;2
-125.84058;23.91186;       0.19328;3.42943;2
-125.80692;23.91519;       0.19341;3.42944;2
-125.77322;23.91852;       0.19355;3.42946;2
-125.73957;23.92186;       0.19376;3.42947;2
-125.70591;23.92519;       0.19390;3.42948;2
-125.67221;23.92852;       0.19402;3.42950;2
-125.63850;23.93186;       0.19410;3.42951;2
-125.60484;23.93519;       0.19421;3.42953;2
-125.57118;23.93852;       0.19430;3.42954;2
-125.53753;23.94186;       0.19441;3.42956;2
-125.50388;23.94519;       0.19450;3.42957;2
-125.47027;23.94852;       0.19458;3.42958;2
-125.43663;23.95185;       0.19465;3.42960;2
-125.40299;23.95519;       0.19471;3.42961;2
-125.36936;23.95852;       0.19480;3.42963;2
-125.33576;23.96185;       0.19486;3.42964;2
-125.30217;23.96519;       0.19494;3.42965;2
-125.26861;23.96852;       0.19503;3.42967;2
-125.23502;23.97185;       0.19511;3.42968;2
-125.20143;23.97519;       0.19512;3.42970;2
-125.16785;23.97852;       0.19519;3.42971;2
-125.13431;23.98185;       0.19529;3.42972;2
-125.10076;23.98519;       0.19542;3.42974;2
-125.06725;23.98852;       0.19551;3.42975;2
-125.03375;23.99185;       0.19559;3.42977;2
-125.00025;23.99519;       0.19569;3.42978;2
-124.96674;23.99852;       0.19579;3.42979;2
-124.93326;24.00185;       0.19586;3.42981;2
-124.89975;24.00518;       0.19597;3.42982;2
-124.86627;24.00852;       0.19607;3.42983;2
-124.83281;24.01185;       0.19615;3.42985;2
-124.79938;24.01518;       0.19614;3.42986;2
-124.76593;24.01852;       0.19614;3.42988;2
-124.73253;24.02185;       0.19617;3.42989;2
-124.69912;24.02518;       0.19620;3.42990;2
-124.66573;24.02852;       0.19624;3.42992;2
-124.63235;24.03185;       0.19630;3.42993;2
-124.59899;24.03518;       0.19633;3.42995;2
-124.56562;24.03852;       0.19640;3.42996;2
-124.53231;24.04185;       0.19649;3.42997;2
-124.49902;24.04518;       0.19658;3.42999;2
-124.46570;24.04852;       0.19663;3.43000;2
-124.43237;24.05185;       0.19671;3.43001;2
-124.39904;24.05518;       0.19675;3.43003;2
-124.36572;24.05851;       0.19676;3.43004;2
-124.33241;24.06185;       0.19679;3.43006;2
-124.29911;24.06518;       0.19683;3.43007;2
-124.26579;24.06851;       0.19689;3.43008;2
-124.23249;24.07185;       0.19694;3.43010;2
-124.19915;24.07518;       0.19698;3.43011;2
-124.16579;24.07851;       0.19700;3.43012;2
-124.13247;24.08185;       0.19701;3.43014;2
-124.09918;24.08518;       0.19702;3.43015;2
-124.06587;24.08851;       0.19700;3.43016;2
-124.03252;24.09185;       0.19699;3.43018;2
-123.99919;24.09518;       0.19701;3.43019;2
-123.96586;24.09851;       0.19703;3.43021;2
-123.93256;24.10185;       0.19708;3.43022;2
-123.89928;24.10518;       0.19712;3.43023;2
-123.86593;24.10851;       0.19714;3.43025;2
-123.83262;24.11184;       0.19719;3.43026;2
-123.79933;24.11518;       0.19727;3.43027;2
-123.76604;24.11851;       0.19731;3.43029;2
-123.73279;24.12184;       0.19732;3.43030;2
-123.69953;24.12518;       0.19737;3.43031;2
-123.66625;24.12851;       0.19740;3.43033;2
-123.63305;24.13184;       0.19739;3.43034;2
-123.59981;24.13518;       0.19742;3.43035;2
-123.56658;24.13851;       0.19745;3.43037;2
-123.53335;24.14184;       0.19749;3.43038;2
-123.50005;24.14518;       0.19751;3.43040;2
-123.46675;24.14851;       0.19753;3.43041;2
-123.43346;24.15184;       0.19756;3.43042;2
-123.40022;24.15518;       0.19756;3.43044;2
-123.36695;24.15851;       0.19759;3.43045;2
-123.33369;24.16184;       0.19766;3.43046;2
-123.30043;24.16517;       0.19765;3.43048;2
-123.26714;24.16851;       0.19766;3.43049;2
-123.23384;24.17184;       0.19768;3.43050;2
-123.20061;24.17517;       0.19773;3.43052;2
-123.16738;24.17851;       0.19776;3.43053;2
-123.13408;24.18184;       0.19781;3.43054;2
-123.10078;24.18517;       0.19782;3.43056;2
-123.06748;24.18851;       0.19784;3.43057;2
-123.03418;24.19184;       0.19787;3.43058;2
-123.00088;24.19517;       0.19789;3.43060;2
-122.96761;24.19851;       0.19793;3.43061;2
-122.93438;24.20184;       0.19796;3.43062;2
-122.90105;24.20517;       0.19798;3.43064;2
-122.86779;24.20851;       0.19803;3.43065;2
-122.83449;24.21184;       0.19809;3.43066;2
-122.80114;24.21517;       0.19818;3.43068;2
-122.76780;24.21850;       0.19828;3.43069;2
-122.73447;24.22184;       0.19836;3.43070;2
-122.70117;24.22517;       0.19839;3.43072;2
-122.66785;24.22850;       0.19839;3.43073;2
-122.63455;24.23184;       0.19843;3.43074;2
-122.60124;24.23517;       0.19844;3.43076;2
-122.56789;24.23850;       0.19848;3.43077;2
-122.53456;24.24184;       0.19853;3.43078;2
-122.50119;24.24517;       0.19855;3.43080;2
-122.46779;24.24850;       0.19857;3.43081;2
-122.43444;24.25184;       0.19860;3.43082;2
-122.40110;24.25517;       0.19861;3.43084;2
-122.36775;24.25850;       0.19865;3.43085;2
-122.33441;24.26184;       0.19869;3.43086;2
-122.30107;24.26517;       0.19873;3.43088;2
-122.26771;24.26850;       0.19879;3.43089;2
-122.23439;24.27183;       0.19894;3.43090;2
-122.20103;24.27517;       0.19913;3.43092;2
-122.16771;24.27850;       0.19921;3.43093;2
-122.13439;24.28183;       0.19930;3.43094;2
-122.10110;24.28517;       0.19936;3.43096;2
-122.06773;24.28850;       0.19941;3.43097;2
-122.03436;24.29183;       0.19944;3.43098;2
-122.00104;24.29517;       0.19951;3.43100;2
-121.96766;24.29850;       0.19959;3.43101;2
-121.93431;24.30183;       0.19964;3.43102;2
-121.90092;24.30517;       0.19970;3.43104;2
-121.86754;24.30850;       0.19981;3.43105;2
-121.83419;24.31183;       0.19988;3.43106;2
-121.80086;24.31517;       0.19997;3.43108;2
-121.76748;24.31850;       0.20007;3.43109;2
-121.73406;24.32183;       0.20017;3.43110;2
-121.70067;24.32516;       0.20022;3.43112;2
-121.66726;24.32850;       0.20025;3.43113;2
-121.63384;24.33183;       0.20031;3.43114;2
-121.60039;24.33516;       0.20039;3.43116;2
-121.56699;24.33850;       0.20045;3.43117;2
-121.53355;24.34183;       0.20054;3.43118;2
-121.50012;24.34516;       0.20061;3.43120;2
-121.46674;24.34850;       0.20067;3.43121;2
-121.43336;24.35183;       0.20076;3.43122;2
-121.39994;24.35516;       0.20082;3.43124;2
-121.36650;24.35850;       0.20084;3.43125;2
-121.33309;24.36183;       0.20086;3.43126;2
-121.29969;24.36516;       0.20091;3.43128;2
-121.26627;24.36850;       0.20096;3.43129;2
-121.23290;24.37183;       0.20105;3.43130;2
-121.19950;24.37516;       0.20111;3.43131;2
-121.16610;24.37849;       0.20119;3.43133;2
-121.13271;24.38183;       0.20125;3.43134;2
-121.09936;24.38516;       0.20135;3.43135;2
-121.06601;24.38849;       0.20145;3.43137;2
-121.03265;24.39183;       0.20154;3.43138;2
-120.99932;24.39516;       0.20162;3.43139;2
-120.96595;24.39849;       0.20175;3.43141;2
-120.93255;24.40183;       0.20193;3.43142;2
-120.89915;24.40516;       0.20200;3.43143;2
-120.86580;24.40849;       0.20207;3.43145;2
-120.83242;24.41183;       0.20212;3.43146;2
-120.79907;24.41516;       0.20217;3.43147;2
-120.76571;24.41849;       0.20228;3.43148;2
-120.73238;24.42183;       0.20234;3.43150;2
-120.69904;24.42516;       0.20240;3.43151;2
-120.66563;24.42849;       0.20247;3.43152;2
-120.63225;24.43182;       0.20254;3.43154;2
-120.59890;24.43516;       0.20266;3.43155;2
-120.56555;24.43849;       0.20275;3.43156;2
-120.53221;24.44182;       0.20282;3.43158;2
-120.49883;24.44516;       0.20289;3.43159;2
-120.46552;24.44849;       0.20294;3.43160;2
-120.43225;24.45182;       0.20304;3.43161;2
-120.39887;24.45516;       0.20323;3.43163;2
-120.36552;24.45849;       0.20338;3.43164;2
-120.33224;24.46182;       0.20350;3.43165;2
-120.29891;24.46516;       0.20356;3.43167;2
-120.26559;24.46849;       0.20357;3.43168;2
-120.23224;24.47182;       0.20359;3.43169;2
-120.19884;24.47516;       0.20359;3.43170;2
-120.16552;24.47849;       0.20361;3.43172;2
-120.13219;24.48182;       0.20367;3.43173;2
-120.09887;24.48516;       0.20377;3.43174;2
-120.06551;24.48849;       0.20389;3.43176;2
-120.03216;24.49182;       0.20395;3.43177;2
-119.99880;24.49515;       0.20401;3.43178;2
-119.96548;24.49849;       0.20402;3.43180;2
-119.93215;24.50182;       0.20408;3.43181;2
-119.89880;24.50515;       0.20412;3.43182;2
-119.86546;24.50849;       0.20414;3.43183;2
-119.83210;24.51182;       0.20421;3.43185;2
-119.79875;24.51515;       0.20433;3.43186;2
-119.76533;24.51849;       0.20442;3.43187;2
-119.73197;24.52182;       0.20448;3.43189;2
-119.69861;24.52515;       0.20454;3.43190;2
-119.66524;24.52849;       0.20459;3.43191;2
-119.63185;24.53182;       0.20461;3.43192;2
-119.59848;24.53515;       0.20459;3.43194;2
-119.56509;24.53849;       0.20458;3.43195;2
-119.53169;24.54182;       0.20458;3.43196;2
-119.49835;24.54515;       0.20462;3.43197;2
-119.46499;24.54848;       0.20466;3.43199;2
-119.43156;24.55182;       0.20473;3.43200;2
-119.39817;24.55515;       0.20481;3.43201;2
-119.36479;24.55848;       0.20488;3.43203;2
-119.33144;24.56182;       0.20494;3.43204;2
-119.29806;24.56515;       0.20502;3.43205;2
-119.26464;24.56848;       0.20504;3.43206;2
-119.23128;24.57182;       0.20510;3.43208;2
-119.19789;24.57515;       0.20518;3.43209;2
-119.16445;24.57848;       0.20525;3.43210;2
-119.13101;24.58182;       0.20532;3.43211;2
-119.09757;24.58515;       0.20538;3.43213;2
-119.06413;24.58848;       0.20548;3.43214;2
-119.03071;24.59182;       0.20561;3.43215;2
-118.99733;24.59515;       0.20575;3.43217;2
-118.96391;24.59848;       0.20591;3.43218;2
-118.93050;24.60181;       0.20608;3.43219;2
-118.89711;24.60515;       0.20615;3.43220;2
-118.86374;24.60848;       0.20617;3.43222;2
-118.83035;24.61181;       0.20621;3.43223;2
-118.79691;24.61515;       0.20623;3.43224;2
-118.76351;24.61848;       0.20625;3.43225;2
-118.73013;24.62181;       0.20630;3.43227;2
-118.69673;24.62515;       0.20635;3.43228;2
-118.66336;24.62848;       0.20643;3.43229;2
-118.63001;24.63181;       0.20651;3.43230;2
-118.59668;24.63515;       0.20654;3.43232;2
-118.56334;24.63848;       0.20658;3.43233;2
-118.52997;24.64181;       0.20665;3.43234;2
-118.49662;24.64515;       0.20668;3.43236;2
-118.46334;24.64848;       0.20672;3.43237;2
-118.42997;24.65181;       0.20682;3.43238;2
-118.39658;24.65514;       0.20685;3.43239;2
-118.36326;24.65848;       0.20689;3.43241;2
-118.32992;24.66181;       0.20693;3.43242;2
-118.29657;24.66514;       0.20697;3.43243;2
-118.26327;24.66848;       0.20703;3.43244;2
-118.22997;24.67181;       0.20709;3.43246;2
-118.19669;24.67514;       0.20712;3.43247;2
-118.16343;24.67848;       0.20716;3.43248;2
-118.13017;24.68181;       0.20721;3.43249;2
-118.09687;24.68514;       0.20724;3.43251;2
-118.06361;24.68848;       0.20730;3.43252;2
-118.03036;24.69181;       0.20733;3.43253;2
-117.99712;24.69514;       0.20734;3.43254;2
-117.96389;24.69848;       0.20735;3.43256;2
-117.93064;24.70181;       0.20738;3.43257;2
-117.89746;24.70514;       0.20743;3.43258;2
-117.86427;24.70847;       0.20742;3.43259;2
-117.83108;24.71181;       0.20743;3.43261;2
-117.79793;24.71514;       0.20752;3.43262;2
-117.76475;24.71847;       0.20762;3.43263;2
-117.73160;24.72181;       0.20770;3.43264;2
-117.69845;24.72514;       0.20775;3.43265;2
-117.66528;24.72847;       0.20781;3.43267;2
-117.63211;24.73181;       0.20786;3.43268;2
-117.59898;24.73514;       0.20788;3.43269;2
-117.56583;24.73847;       0.20790;3.43270;2
-117.53270;24.74181;       0.20790;3.43272;2
-117.49958;24.74514;       0.20791;3.43273;2
-117.46643;24.74847;       0.20797;3.43274;2
-117.43331;24.75181;       0.20805;3.43275;2
-117.40019;24.75514;       0.20807;3.43277;2
-117.36706;24.75847;       0.20808;3.43278;2
-117.33396;24.76180;       0.20811;3.43279;2
-117.30085;24.76514;       0.20813;3.43280;2
-117.26775;24.76847;       0.20819;3.43281;2
-117.23466;24.77180;       0.20825;3.43283;2
-117.20153;24.77514;       0.20829;3.43284;2
-117.16841;24.77847;       0.20832;3.43285;2
-117.13536;24.78180;       0.20836;3.43286;2
-117.10230;24.78514;       0.20838;3.43288;2
-117.06923;24.78847;       0.20844;3.43289;2
-117.03615;24.79180;       0.20858;3.43290;2
-117.00306;24.79514;       0.20866;3.43291;2
-116.96994;24.79847;       0.20867;3.43292;2
-116.93685;24.80180;       0.20870;3.43294;2
-116.90378;24.80514;       0.20874;3.43295;2
-116.87068;24.80847;       0.20877;3.43296;2
-116.83756;24.81180;       0.20877;3.43297;2
-116.80449;24.81513;       0.20878;3.43299;2
-116.77146;24.81847;       0.20880;3.43300;2
-116.73837;24.82180;       0.20883;3.43301;2
-116.70533;24.82513;       0.20885;3.43302;2
-116.67225;24.82847;       0.20883;3.43303;2
-116.63915;24.83180;       0.20884;3.43305;2
-116.60606;24.83513;       0.20887;3.43306;2
-116.57300;24.83847;       0.20897;3.43307;2
-116.53989;24.84180;       0.20905;3.43308;2
-116.50679;24.84513;       0.20913;3.43309;2
-116.47367;24.84847;       0.20914;3.43311;2
-116.44053;24.85180;       0.20914;3.43312;2
-116.40747;24.85513;       0.20914;3.43313;2
-116.37441;24.85847;       0.20909;3.43314;2
-116.34135;24.86180;       0.20900;3.43315;2
-116.30824;24.86513;       0.20904;3.43317;2
-116.27510;24.86846;       0.20913;3.43318;2
-116.24200;24.87180;       0.20919;3.43319;2
-116.20889;24.87513;       0.20925;3.43320;2
-116.17577;24.87846;       0.20930;3.43321;2
-116.14266;24.88180;       0.20935;3.43323;2
-116.10948;24.88513;       0.20942;3.43324;2
-116.07636;24.88846;       0.20948;3.43325;2
-116.04322;24.89180;       0.20954;3.43326;2
-116.01006;24.89513;       0.20961;3.43327;2
-115.97692;24.89846;       0.20970;3.43329;2
-115.94378;24.90180;       0.20976;3.43330;2
-115.91063;24.90513;       0.20981;3.43331;2
-115.87741;24.90846;       0.20984;3.43332;2
-115.84422;24.91180;       0.20989;3.43333;2
-115.81103;24.91513;       0.20996;3.43335;2
-115.77777;24.91846;       0.21002;3.43336;2
-115.74453;24.92179;       0.21013;3.43337;2
-115.71130;24.92513;       0.21024;3.43338;2
-115.67806;24.92846;       0.21031;3.43340;2
-115.64484;24.93179;       0.21040;3.43341;2
-115.61163;24.93513;       0.21050;3.43342;2
-115.57837;24.93846;       0.21059;3.43343;2
-115.54514;24.94179;       0.21066;3.43344;2
-115.51185;24.94513;       0.21075;3.43345;2
-115.47855;24.94846;       0.21085;3.43347;2
-115.44529;24.95179;       0.21093;3.43348;2
-115.41200;24.95513;       0.21097;3.43349;2
-115.37874;24.95846;       0.21100;3.43350;2
-115.34545;24.96179;       0.21103;3.43351;2
-115.31214;24.96513;       0.21108;3.43353;2
-115.27885;24.96846;       0.21115;3.43354;2
-115.24551;24.97179;       0.21122;3.43355;2
-115.21216;24.97512;       0.21133;3.43356;2
-115.17882;24.97846;       0.21136;3.43357;2
-115.14548;24.98179;       0.21138;3.43359;2
-115.11212;24.98512;       0.21139;3.43360;2
-115.07883;24.98846;       0.21140;3.43361;2
-115.04551;24.99179;       0.21145;3.43362;2
-115.01218;24.99512;       0.21150;3.43363;2
-114.97884;24.99846;       0.21158;3.43365;2
-114.94550;25.00179;       0.21170;3.43366;2
-114.91213;25.00512;       0.21177;3.43367;2
-114.87876;25.00846;       0.21187;3.43368;2
-114.84542;25.01179;       0.21208;3.43369;2
-114.81205;25.01512;       0.21223;3.43370;2
-114.77865;25.01846;       0.21229;3.43372;2
-114.74525;25.02179;       0.21239;3.43373;2
-114.71183;25.02512;       0.21251;3.43374;2
-114.67837;25.02845;       0.21259;3.43375;2
-114.64495;25.03179;       0.21264;3.43376;2
-114.61154;25.03512;       0.21266;3.43378;2
-114.57813;25.03845;       0.21275;3.43379;2
-114.54462;25.04179;       0.21287;3.43380;2
-114.51110;25.04512;       0.21293;3.43381;2
-114.47760;25.04845;       0.21302;3.43382;2
-114.44416;25.05179;       0.21313;3.43384;2
-114.41068;25.05512;       0.21327;3.43385;2
-114.37719;25.05845;       0.21340;3.43386;2
-114.34372;25.06179;       0.21352;3.43387;2
-114.31022;25.06512;       0.21366;3.43388;2
-114.27677;25.06845;       0.21378;3.43389;2
-114.24330;25.07179;       0.21387;3.43391;2
-114.20978;25.07512;       0.21397;3.43392;2
-114.17623;25.07845;       0.21410;3.43393;2
-114.14274;25.08178;       0.21419;3.43394;2
-114.10924;25.08512;       0.21426;3.43395;2
-114.07574;25.08845;       0.21434;3.43396;2
-114.04226;25.09178;       0.21440;3.43398;2
-114.00876;25.09512;       0.21450;3.43399;2
-113.97524;25.09845;       0.21466;3.43400;2
-113.94170;25.10178;       0.21487;3.43401;2
-113.90816;25.10512;       0.21504;3.43402;2
-113.87462;25.10845;       0.21518;3.43404;2
-113.84111;25.11178;       0.21526;3.43405;2
-113.80759;25.11512;       0.21534;3.43406;2
-113.77407;25.11845;       0.21538;3.43407;2
-113.74060;25.12178;       0.21541;3.43408;2
-113.70712;25.12512;       0.21551;3.43409;2
-113.67367;25.12845;       0.21561;3.43411;2
-113.64017;25.13178;       0.21581;3.43412;2
-113.60666;25.13511;       0.21597;3.43413;2
-113.57314;25.13845;       0.21601;3.43414;2
-113.53963;25.14178;       0.21608;3.43415;2
-113.50609;25.14511;       0.21619;3.43416;2
-113.47259;25.14845;       0.21631;3.43418;2
-113.43911;25.15178;       0.21646;3.43419;2
-113.40561;25.15511;       0.21662;3.43420;2
-113.37210;25.15845;       0.21673;3.43421;2
-113.33861;25.16178;       0.21684;3.43422;2
-113.30513;25.16511;       0.21694;3.43423;2
-113.27164;25.16845;       0.21705;3.43425;2
-113.23813;25.17178;       0.21714;3.43426;2
-113.20463;25.17511;       0.21723;3.43427;2
-113.17116;25.17845;       0.21726;3.43428;2
-113.13766;25.18178;       0.21731;3.43429;2
-113.10417;25.18511;       0.21735;3.43430;2
-113.07070;25.18844;       0.21737;3.43431;2
-113.03718;25.19178;       0.21740;3.43433;2
-113.00365;25.19511;       0.21744;3.43434;2
-112.97012;25.19844;       0.21748;3.43435;2
-112.93661;25.20178;       0.21756;3.43436;2
-112.90312;25.20511;       0.21765;3.43437;2
-112.86961;25.20844;       0.21775;3.43438;2
-112.83609;25.21178;       0.21785;3.43440;2
-112.80259;25.21511;       0.21794;3.43441;2
-112.76909;25.21844;       0.21803;3.43442;2
-112.73559;25.22178;       0.21815;3.43443;2
-112.70210;25.22511;       0.21822;3.43444;2
-112.66859;25.22844;       0.21827;3.43445;2
-112.63506;25.23178;       0.21831;3.43447;2
-112.60153;25.23511;       0.21835;3.43448;2
-112.56799;25.23844;       0.21840;3.43449;2
-112.53443;25.24177;       0.21848;3.43450;2
-112.50091;25.24511;       0.21855;3.43451;2
-112.46744;25.24844;       0.21864;3.43452;2
-112.43394;25.25177;       0.21874;3.43453;2
-112.40034;25.25511;       0.21883;3.43455;2
-112.36680;25.25844;       0.21889;3.43456;2
-112.33323;25.26177;       0.21893;3.43457;2
-112.29964;25.26511;       0.21890;3.43458;2
-112.26605;25.26844;       0.21893;3.43459;2
-112.23242;25.27177;       0.21901;3.43460;2
-112.19881;25.27511;       0.21903;3.43461;2
-112.16523;25.27844;       0.21910;3.43463;2
-112.13167;25.28177;       0.21915;3.43464;2
-112.09805;25.28511;       0.21919;3.43465;2
-112.06442;25.28844;       0.21925;3.43466;2
-112.03081;25.29177;       0.21931;3.43467;2
-111.99718;25.29511;       0.21937;3.43468;2
-111.96358;25.29844;       0.21943;3.43469;2
-111.92997;25.30177;       0.21950;3.43470;2
-111.89634;25.30510;       0.21958;3.43472;2
-111.86270;25.30844;       0.21967;3.43473;2
-111.82906;25.31177;       0.21978;3.43474;2
-111.79541;25.31510;       0.21987;3.43475;2
-111.76179;25.31844;       0.21993;3.43476;2
-111.72815;25.32177;       0.21996;3.43477;2
-111.69452;25.32510;       0.21996;3.43478;2
-111.66087;25.32844;       0.21996;3.43480;2
-111.62720;25.33177;       0.21999;3.43481;2
-111.59355;25.33510;       0.21999;3.43482;2
-111.55992;25.33844;       0.22003;3.43483;2
-111.52627;25.34177;       0.22015;3.43484;2
-111.49258;25.34510;       0.22022;3.43485;2
-111.45894;25.34844;       0.22026;3.43486;2
-111.42533;25.35177;       0.22034;3.43488;2
-111.39171;25.35510;       0.22055;3.43489;2
-111.35806;25.35843;       0.22066;3.43490;2
-111.32445;25.36177;       0.22075;3.43491;2
-111.29082;25.36510;       0.22084;3.43492;2
-111.25717;25.36843;       0.22089;3.43493;2
-111.22356;25.37177;       0.22094;3.43494;2
-111.18997;25.37510;       0.22099;3.43495;2
-111.15634;25.37843;       0.22103;3.43497;2
-111.12273;25.38177;       0.22108;3.43498;2
-111.08917;25.38510;       0.22116;3.43499;2
-111.05563;25.38843;       0.22128;3.43500;2
-111.02205;25.39177;       0.22139;3.43501;2
-110.98850;25.39510;       0.22149;3.43502;2
-110.95497;25.39843;       0.22157;3.43503;2
-110.92143;25.40177;       0.22164;3.43504;2
-110.88793;25.40510;       0.22166;3.43505;2
-110.85442;25.40843;       0.22166;3.43507;2
-110.82093;25.41176;       0.22167;3.43508;2
-110.78748;25.41510;       0.22166;3.43509;2
-110.75403;25.41843;       0.22170;3.43510;2
-110.72055;25.42176;       0.22177;3.43511;2
-110.68712;25.42510;       0.22185;3.43512;2
-110.65370;25.42843;       0.22190;3.43513;2
-110.62035;25.43176;       0.22196;3.43514;2
-110.58698;25.43510;       0.22206;3.43515;2
-110.55359;25.43843;       0.22217;3.43517;2
-110.52022;25.44176;       0.22226;3.43518;2
-110.48691;25.44510;       0.22237;3.43519;2
-110.45364;25.44843;       0.22247;3.43520;2
-110.42038;25.45176;       0.22257;3.43521;2
-110.38710;25.45510;       0.22265;3.43522;2
-110.35390;25.45843;       0.22271;3.43523;2
-110.32070;25.46176;       0.22270;3.43524;2
-110.28754;25.46509;       0.22270;3.43525;2
-110.25441;25.46843;       0.22275;3.43526;2
-110.22132;25.47176;       0.22278;3.43528;2
-110.18829;25.47509;       0.22285;3.43529;2
-110.15527;25.47843;       0.22292;3.43530;2
-110.12220;25.48176;       0.22296;3.43531;2
-110.08915;25.48509;       0.22301;3.43532;2
-110.05617;25.48843;       0.22304;3.43533;2
-110.02321;25.49176;       0.22306;3.43534;2
-109.99024;25.49509;       0.22310;3.43535;2
-109.95731;25.49843;       0.22314;3.43536;2
-109.92436;25.50176;       0.22313;3.43537;2
-109.89146;25.50509;       0.22312;3.43538;2
-109.85859;25.50843;       0.22314;3.43539;2
-109.82573;25.51176;       0.22317;3.43540;2
-109.79290;25.51509;       0.22322;3.43542;2
-109.76011;25.51842;       0.22327;3.43543;2
-109.72727;25.52176;       0.22329;3.43544;2
-109.69444;25.52509;       0.22331;3.43545;2
-109.66164;25.52842;       0.22335;3.43546;2
-109.62885;25.53176;       0.22340;3.43547;2
-109.59606;25.53509;       0.22347;3.43548;2
-109.56327;25.53842;       0.22352;3.43549;2
-109.53051;25.54176;       0.22353;3.43550;2
-109.49771;25.54509;       0.22354;3.43551;2
-109.46500;25.54842;       0.22351;3.43552;2
-109.43229;25.55176;       0.22349;3.43553;2
-109.39955;25.55509;       0.22347;3.43554;2
-109.36677;25.55842;       0.22343;3.43555;2
-109.33402;25.56176;       0.22342;3.43556;2
-109.30124;25.56509;       0.22341;3.43557;2
-109.26844;25.56842;       0.22338;3.43559;2
-109.23567;25.57175;       0.22333;3.43560;2
-109.20292;25.57509;       0.22326;3.43561;2
-109.17016;25.57842;       0.22318;3.43562;2
-109.13740;25.58175;       0.22312;3.43563;2
-109.10464;25.58509;       0.22311;3.43564;2
-109.07187;25.58842;       0.22311;3.43565;2
-109.03908;25.59175;       0.22313;3.43566;2
-109.00629;25.59509;       0.22309;3.43567;2
-108.97347;25.59842;       0.22299;3.43568;2
-108.94062;25.60175;       0.22293;3.43569;2
-108.90775;25.60509;       0.22292;3.43570;2
-108.87491;25.60842;       0.22289;3.43571;2
-108.84202;25.61175;       0.22284;3.43572;2
-108.80913;25.61509;       0.22281;3.43573;2
-108.77618;25.61842;       0.22277;3.43574;2
-108.74324;25.62175;       0.22276;3.43575;2
-108.71029;25.62508;       0.22277;3.43576;2
-108.67730;25.62842;       0.22281;3.43578;2
-108.64431;25.63175;       0.22284;3.43579;2
-108.61127;25.63508;       0.22289;3.43580;2
-108.57827;25.63842;       0.22291;3.43581;2
-108.54530;25.64175;       0.22295;3.43582;2
-108.51224;25.64508;       0.22294;3.43583;2
-108.47913;25.64842;       0.22294;3.43584;2
-108.44600;25.65175;       0.22301;3.43585;2
-108.41283;25.65508;       0.22311;3.43586;2
-108.37968;25.65842;       0.22311;3.43587;2
-108.34652;25.66175;       0.22313;3.43588;2
-108.31332;25.66508;       0.22318;3.43589;2
-108.28008;25.66842;       0.22324;3.43590;2
-108.24679;25.67175;       0.22330;3.43591;2
-108.21347;25.67508;       0.22335;3.43592;2
-108.18007;25.67841;       0.22341;3.43593;2
-108.14666;25.68175;       0.22347;3.43594;2
-108.11332;25.68508;       0.22354;3.43595;2
-108.07996;25.68841;       0.22359;3.43597;2
-108.04650;25.69175;       0.22366;3.43598;2
-108.01300;25.69508;       0.22376;3.43599;2
-107.97953;25.69841;       0.22386;3.43600;2
-107.94598;25.70175;       0.22392;3.43601;2
-107.91241;25.70508;       0.22398;3.43602;2
-107.87884;25.70841;       0.22407;3.43603;2
-107.84528;25.71175;       0.22415;3.43604;2
-107.81169;25.71508;       0.22428;3.43605;2
-107.77808;25.71841;       0.22448;3.43606;2
-107.74442;25.72175;       0.22466;3.43607;2
-107.71083;25.72508;       0.22490;3.43608;2
-107.67721;25.72841;       0.22507;3.43609;2
-107.64352;25.73174;       0.22519;3.43610;2
-107.60982;25.73508;       0.22529;3.43611;2
-107.57615;25.73841;       0.22540;3.43612;2
-107.54248;25.74174;       0.22554;3.43613;2
-107.50878;25.74508;       0.22571;3.43614;2
-107.47510;25.74841;       0.22585;3.43616;2
-107.44140;25.75174;       0.22598;3.43617;2
-107.40765;25.75508;       0.22610;3.43618;2
-107.37388;25.75841;       0.22627;3.43619;2
-107.34014;25.76174;       0.22652;3.43620;2
-107.30642;25.76508;       0.22667;3.43621;2
-107.27271;25.76841;       0.22675;3.43622;2
-107.23901;25.77174;       0.22686;3.43623;2
-107.20530;25.77508;       0.22700;3.43624;2
-107.17157;25.77841;       0.22716;3.43625;2
-107.13782;25.78174;       0.22731;3.43626;2
-107.10411;25.78507;       0.22743;3.43627;2
-107.07041;25.78841;       0.22755;3.43628;2
-107.03669;25.79174;       0.22766;3.43629;2
-107.00297;25.79507;       0.22776;3.43630;2
-106.96925;25.79841;       0.22792;3.43631;2
-106.93554;25.80174;       0.22805;3.43632;2
-106.90188;25.80507;       0.22819;3.43633;2
-106.86826;25.80841;       0.22829;3.43634;2
-106.83457;25.81174;       0.22840;3.43635;2
-106.80086;25.81507;       0.22855;3.43636;2
-106.76723;25.81841;       0.22867;3.43637;2
-106.73361;25.82174;       0.22880;3.43639;2
-106.69995;25.82507;       0.22891;3.43640;2
-106.66637;25.82841;       0.22902;3.43641;2
-106.63276;25.83174;       0.22914;3.43642;2
-106.59913;25.83507;       0.22929;3.43643;2
-106.56550;25.83840;       0.22942;3.43644;2
-106.53191;25.84174;       0.22955;3.43645;2
-106.49832;25.84507;       0.22973;3.43646;2
-106.46477;25.84840;       0.22988;3.43647;2
-106.43120;25.85174;       0.22999;3.43648;2
-106.39764;25.85507;       0.23009;3.43649;2
-106.36413;25.85840;       0.23019;3.43650;2
-106.33060;25.86174;       0.23026;3.43651;2
-106.29711;25.86507;       0.23029;3.43652;2
-106.26363;25.86840;       0.23038;3.43653;2
-106.23013;25.87174;       0.23047;3.43654;2
-106.19668;25.87507;       0.23057;3.43655;2
-106.16320;25.87840;       0.23061;3.43656;2
-106.12978;25.88174;       0.23058;3.43657;2
-106.09641;25.88507;       0.23059;3.43658;2
-106.06301;25.88840;       0.23065;3.43659;2
-106.02959;25.89173;       0.23074;3.43660;2
-105.99621;25.89507;       0.23084;3.43661;2
-105.96288;25.89840;       0.23092;3.43662;2
-105.92954;25.90173;       0.23097;3.43663;2
-105.89621;25.90507;       0.23099;3.43664;2
-105.86292;25.90840;       0.23103;3.43665;2
-105.82958;25.91173;       0.23112;3.43666;2
-105.79625;25.91507;       0.23122;3.43667;2
-105.76296;25.91840;       0.23129;3.43668;2
-105.72968;25.92173;       0.23134;3.43669;2
-105.69643;25.92507;       0.23132;3.43670;2
-105.66313;25.92840;       0.23132;3.43671;2
-105.62985;25.93173;       0.23138;3.43672;2
-105.59661;25.93507;       0.23151;3.43673;2
-105.56338;25.93840;       0.23159;3.43674;2
-105.53014;25.94173;       0.23160;3.43675;2
-105.49694;25.94506;       0.23165;3.43676;2
-105.46375;25.94840;       0.23170;3.43677;2
-105.43060;25.95173;       0.23173;3.43678;2
-105.39747;25.95506;       0.23180;3.43679;2
-105.36435;25.95840;       0.23184;3.43680;2
-105.33128;25.96173;       0.23187;3.43681;2
-105.29824;25.96506;       0.23193;3.43682;2
-105.26519;25.96840;       0.23198;3.43683;2
-105.23212;25.97173;       0.23200;3.43684;2
-105.19902;25.97506;       0.23204;3.43685;2
-105.16594;25.97840;       0.23207;3.43686;2
-105.13286;25.98173;       0.23215;3.43687;2
-105.09981;25.98506;       0.23224;3.43688;2
-105.06675;25.98840;       0.23229;3.43689;2
-105.03367;25.99173;       0.23230;3.43690;2
-105.00061;25.99506;       0.23233;3.43691;2
-104.96755;25.99839;       0.23235;3.43692;2
-104.93449;26.00173;       0.23241;3.43693;2
-104.90145;26.00506;       0.23247;3.43694;2
-104.86841;26.00839;       0.23249;3.43695;2
-104.83534;26.01173;       0.23246;3.43696;2
-104.80229;26.01506;       0.23246;3.43697;2
-104.76926;26.01839;       0.23248;3.43698;2
-104.73619;26.02173;       0.23248;3.43699;2
-104.70311;26.02506;       0.23247;3.43700;2
-104.67007;26.02839;       0.23246;3.43701;2
-104.63701;26.03173;       0.23244;3.43702;2
-104.60401;26.03506;       0.23241;3.43703;2
-104.57100;26.03839;       0.23240;3.43704;2
-104.53801;26.04173;       0.23241;3.43705;2
-104.50496;26.04506;       0.23244;3.43706;2
-104.47192;26.04839;       0.23246;3.43707;2
-104.43888;26.05172;       0.23247;3.43708;2
-104.40586;26.05506;       0.23249;3.43709;2
-104.37285;26.05839;       0.23251;3.43710;2
-104.33981;26.06172;       0.23251;3.43711;2
-104.30679;26.06506;       0.23255;3.43712;2
-104.27371;26.06839;       0.23257;3.43713;2
-104.24063;26.07172;       0.23260;3.43713;2
-104.20758;26.07506;       0.23262;3.43714;2
-104.17454;26.07839;       0.23264;3.43715;2
-104.14151;26.08172;       0.23264;3.43716;2
-104.10847;26.08506;       0.23266;3.43717;2
-104.07541;26.08839;       0.23267;3.43718;2
-104.04234;26.09172;       0.23271;3.43719;2
-104.00928;26.09506;       0.23272;3.43720;2
-103.97619;26.09839;       0.23270;3.43721;2
-103.94305;26.10172;       0.23267;3.43722;2
-103.90990;26.10506;       0.23268;3.43723;2
-103.87676;26.10839;       0.23272;3.43724;2
-103.84366;26.11172;       0.23276;3.43725;2
-103.81056;26.11505;       0.23279;3.43726;2
-103.77746;26.11839;       0.23277;3.43727;2
-103.74431;26.12172;       0.23278;3.43728;2
-103.71119;26.12505;       0.23285;3.43729;2
-103.67804;26.12839;       0.23292;3.43730;2
-103.64486;26.13172;       0.23295;3.43731;2
-103.61171;26.13505;       0.23297;3.43732;2
-103.57857;26.13839;       0.23301;3.43733;2
-103.54540;26.14172;       0.23305;3.43734;2
-103.51222;26.14505;       0.23312;3.43735;2
-103.47900;26.14839;       0.23320;3.43736;2
-103.44580;26.15172;       0.23326;3.43737;2
-103.41252;26.15505;       0.23330;3.43738;2
-103.37923;26.15839;       0.23336;3.43739;2
-103.34595;26.16172;       0.23344;3.43740;2
-103.31266;26.16505;       0.23350;3.43740;2
-103.27935;26.16838;       0.23358;3.43741;2
-103.24601;26.17172;       0.23360;3.43742;2
-103.21269;26.17505;       0.23365;3.43743;2
-103.17940;26.17838;       0.23370;3.43744;2
-103.14608;26.18172;       0.23376;3.43745;2
-103.11273;26.18505;       0.23383;3.43746;2
-103.07937;26.18838;       0.23389;3.43747;2
-103.04601;26.19172;       0.23392;3.43748;2
-103.01266;26.19505;       0.23397;3.43749;2
-102.97929;26.19838;       0.23408;3.43750;2
-102.94590;26.20172;       0.23420;3.43751;2
-102.91253;26.20505;       0.23442;3.43752;2
-102.87913;26.20838;       0.23450;3.43753;2
-102.84569;26.21172;       0.23457;3.43754;2
-102.81229;26.21505;       0.23469;3.43755;2
-102.77885;26.21838;       0.23480;3.43756;2
-102.74545;26.22171;       0.23491;3.43757;2
-102.71201;26.22505;       0.23499;3.43758;2
-102.67857;26.22838;       0.23506;3.43759;2
-102.64513;26.23171;       0.23511;3.43760;2
-102.61165;26.23505;       0.23519;3.43761;2
-102.57816;26.23838;       0.23526;3.43761;2
-102.54469;26.24171;       0.23537;3.43762;2
-102.51124;26.24505;       0.23547;3.43763;2
-102.47779;26.24838;       0.23556;3.43764;2
-102.44432;26.25171;       0.23565;3.43765;2
-102.41085;26.25505;       0.23576;3.43766;2
-102.37739;26.25838;       0.23583;3.43767;2
-102.34389;26.26171;       0.23588;3.43768;2
-102.31038;26.26505;       0.23600;3.43769;2
-102.27688;26.26838;       0.23613;3.43770;2
-102.24339;26.27171;       0.23623;3.43771;2
-102.20992;26.27504;       0.23630;3.43772;2
-102.17642;26.27838;       0.23637;3.43773;2
-102.14292;26.28171;       0.23644;3.43774;2
-102.10941;26.28504;       0.23654;3.43775;2
-102.07590;26.28838;       0.23666;3.43776;2
-102.04240;26.29171;       0.23675;3.43777;2
-102.00891;26.29504;       0.23682;3.43777;2
-101.97542;26.29838;       0.23682;3.43778;2
-101.94197;26.30171;       0.23689;3.43779;2
-101.90855;26.30504;       0.23696;3.43780;2
-101.87510;26.30838;       0.23706;3.43781;2
-101.84172;26.31171;       0.23721;3.43782;2
-101.80830;26.31504;       0.23737;3.43783;2
-101.77484;26.31838;       0.23750;3.43784;2
-101.74143;26.32171;       0.23760;3.43785;2
-101.70801;26.32504;       0.23767;3.43786;2
-101.67457;26.32837;       0.23768;3.43787;2
-101.64114;26.33171;       0.23767;3.43788;2
-101.60773;26.33504;       0.23769;3.43789;2
-101.57429;26.33837;       0.23775;3.43790;2
-101.54083;26.34171;       0.23789;3.43791;2
-101.50741;26.34504;       0.23810;3.43791;2
-101.47397;26.34837;       0.23823;3.43792;2
-101.44058;26.35171;       0.23838;3.43793;2
-101.40711;26.35504;       0.23853;3.43794;2
-101.37372;26.35837;       0.23862;3.43795;2
-101.34029;26.36171;       0.23865;3.43796;2
-101.30684;26.36504;       0.23871;3.43797;2
-101.27340;26.36837;       0.23877;3.43798;2
-101.23995;26.37171;       0.23884;3.43799;2
-101.20650;26.37504;       0.23891;3.43800;2
-101.17306;26.37837;       0.23898;3.43801;2
-101.13964;26.38170;       0.23909;3.43802;2
-101.10621;26.38504;       0.23919;3.43803;2
-101.07277;26.38837;       0.23927;3.43803;2
-101.03933;26.39170;       0.23936;3.43804;2
-101.00590;26.39504;       0.23948;3.43805;2
-100.97251;26.39837;       0.23954;3.43806;2
-100.93910;26.40170;       0.23954;3.43807;2
-100.90573;26.40504;       0.23953;3.43808;2
-100.87233;26.40837;       0.23955;3.43809;2
-100.83893;26.41170;       0.23956;3.43810;2
-100.80555;26.41504;       0.23956;3.43811;2
-100.77217;26.41837;       0.23960;3.43812;2
-100.73883;26.42170;       0.23969;3.43813;2
-100.70548;26.42504;       0.23976;3.43814;2
-100.67215;26.42837;       0.23982;3.43814;2
-100.63880;26.43170;       0.23992;3.43815;2
-100.60552;26.43503;       0.24004;3.43816;2
-100.57220;26.43837;       0.24010;3.43817;2
-100.53885;26.44170;       0.24019;3.43818;2
-100.50552;26.44503;       0.24025;3.43819;2
-100.47218;26.44837;       0.24032;3.43820;2
-100.43884;26.45170;       0.24040;3.43821;2
-100.40553;26.45503;       0.24044;3.43822;2
-100.37217;26.45837;       0.24046;3.43823;2
-100.33886;26.46170;       0.24053;3.43823;2
-100.30558;26.46503;       0.24059;3.43824;2
-100.27229;26.46837;       0.24063;3.43825;2
-100.23898;26.47170;       0.24070;3.43826;2
-100.20566;26.47503;       0.24079;3.43827;2
-100.17234;26.47837;       0.24087;3.43828;2
-100.13897;26.48170;       0.24097;3.43829;2
-100.10565;26.48503;       0.24105;3.43830;2
-100.07230;26.48836;       0.24109;3.43831;2
-100.03896;26.49170;       0.24115;3.43832;2
-100.00563;26.49503;       0.24116;3.43832;2
 -99.97229;26.49836;       0.24113;3.43833;2
 -99.93896;26.50170;       0.24115;3.43834;2
 -99.90560;26.50503;       0.24118;3.43835;2
 -99.87227;26.50836;       0.24123;3.43836;2
 -99.83891;26.51170;       0.24125;3.43837;2
 -99.80551;26.51503;       0.24128;3.43838;2
 -99.77214;26.51836;       0.24132;3.43839;2
 -99.73881;26.52170;       0.24135;3.43840;2
 -99.70541;26.52503;       0.24138;3.43840;2
 -99.67203;26.52836;       0.24144;3.43841;2
 -99.63865;26.53170;       0.24150;3.43842;2
 -99.60521;26.53503;       0.24155;3.43843;2
 -99.57183;26.53836;       0.24159;3.43844;2
 -99.53846;26.54169;       0.24162;3.43845;2
 -99.50508;26.54503;       0.24166;3.43846;2
 -99.47173;26.54836;       0.24169;3.43847;2
 -99.43834;26.55169;       0.24171;3.43848;2
 -99.40494;26.55503;       0.24175;3.43848;2
 -99.37158;26.55836;       0.24182;3.43849;2
 -99.33818;26.56169;       0.24188;3.43850;2
 -99.30480;26.56503;       0.24195;3.43851;2
 -99.27144;26.56836;       0.24199;3.43852;2
 -99.23807;26.57169;       0.24203;3.43853;2
 -99.20469;26.57503;       0.24208;3.43854;2
 -99.17131;26.57836;       0.24213;3.43855;2
 -99.13792;26.58169;       0.24219;3.43856;2
 -99.10453;26.58503;       0.24227;3.43856;2
 -99.07116;26.58836;       0.24234;3.43857;2
 -99.03779;26.59169;       0.24240;3.43858;2
 -99.00443;26.59502;       0.24244;3.43859;2
 -98.97106;26.59836;       0.24247;3.43860;2
 -98.93765;26.60169;       0.24255;3.43861;2
 -98.90422;26.60502;       0.24262;3.43862;2
 -98.87078;26.60836;       0.24267;3.43863;2
 -98.83736;26.61169;       0.24273;3.43863;2
 -98.80395;26.61502;       0.24284;3.43864;2
 -98.77050;26.61836;       0.24294;3.43865;2
 -98.73706;26.62169;       0.24304;3.43866;2
 -98.70361;26.62502;       0.24312;3.43867;2
 -98.67016;26.62836;       0.24319;3.43868;2
 -98.63670;26.63169;       0.24326;3.43869;2
 -98.60328;26.63502;       0.24333;3.43870;2
 -98.56979;26.63836;       0.24341;3.43870;2
 -98.53636;26.64169;       0.24350;3.43871;2
 -98.50294;26.64502;       0.24355;3.43872;2
 -98.46946;26.64835;       0.24362;3.43873;2
 -98.43598;26.65169;       0.24368;3.43874;2
 -98.40252;26.65502;       0.24369;3.43875;2
 -98.36904;26.65835;       0.24374;3.43876;2
 -98.33558;26.66169;       0.24385;3.43876;2
 -98.30215;26.66502;       0.24401;3.43877;2
 -98.26866;26.66835;       0.24409;3.43878;2
 -98.23520;26.67169;       0.24422;3.43879;2
 -98.20173;26.67502;       0.24434;3.43880;2
 -98.16823;26.67835;       0.24444;3.43881;2
 -98.13476;26.68169;       0.24448;3.43882;2
 -98.10135;26.68502;       0.24455;3.43883;2
 -98.06787;26.68835;       0.24461;3.43883;2
 -98.03441;26.69169;       0.24468;3.43884;2
 -98.00093;26.69502;       0.24477;3.43885;2
 -97.96747;26.69835;       0.24486;3.43886;2
 -97.93400;26.70168;       0.24496;3.43887;2
 -97.90052;26.70502;       0.24504;3.43888;2
 -97.86703;26.70835;       0.24516;3.43889;2
 -97.83354;26.71168;       0.24527;3.43889;2
 -97.80012;26.71502;       0.24537;3.43890;2
 -97.76666;26.71835;       0.24544;3.43891;2
 -97.73321;26.72168;       0.24547;3.43892;2
 -97.69973;26.72502;       0.24555;3.43893;2
 -97.66628;26.72835;       0.24564;3.43894;2
 -97.63281;26.73168;       0.24571;3.43894;2
 -97.59938;26.73502;       0.24572;3.43895;2
 -97.56600;26.73835;       0.24577;3.43896;2
 -97.53254;26.74168;       0.24587;3.43897;2
 -97.49909;26.74502;       0.24603;3.43898;2
 -97.46564;26.74835;       0.24609;3.43899;2
 -97.43218;26.75168;       0.24618;3.43900;2
 -97.39879;26.75501;       0.24633;3.43900;2
 -97.36532;26.75835;       0.24642;3.43901;2
 -97.33189;26.76168;       0.24646;3.43902;2
 -97.29849;26.76501;       0.24647;3.43903;2
 -97.26508;26.76835;       0.24647;3.43904;2
 -97.23169;26.77168;       0.24650;3.43905;2
 -97.19826;26.77501;       0.24660;3.43905;2
 -97.16485;26.77835;       0.24669;3.43906;2
 -97.13147;26.78168;       0.24683;3.43907;2
 -97.09808;26.78501;       0.24693;3.43908;2
 -97.06470;26.78835;       0.24702;3.43909;2
 -97.03129;26.79168;       0.24713;3.43910;2
 -96.99791;26.79501;       0.24723;3.43911;2
 -96.96453;26.79835;       0.24737;3.43911;2
 -96.93117;26.80168;       0.24745;3.43912;2
 -96.89784;26.80501;       0.24750;3.43913;2
 -96.86449;26.80834;       0.24748;3.43914;2
 -96.83118;26.81168;       0.24748;3.43915;2
 -96.79787;26.81501;       0.24753;3.43916;2
 -96.76456;26.81834;       0.24756;3.43916;2
 -96.73128;26.82168;       0.24754;3.43917;2
 -96.69799;26.82501;       0.24763;3.43918;2
 -96.66467;26.82834;       0.24781;3.43919;2
 -96.63135;26.83168;       0.24792;3.43920;2
 -96.59801;26.83501;       0.24804;3.43921;2
 -96.56471;26.83834;       0.24811;3.43921;2
 -96.53139;26.84168;       0.24813;3.43922;2
 -96.49805;26.84501;       0.24814;3.43923;2
 -96.46473;26.84834;       0.24813;3.43924;2
 -96.43144;26.85168;       0.24813;3.43925;2
 -96.39816;26.85501;       0.24815;3.43925;2
 -96.36488;26.85834;       0.24822;3.43926;2
 -96.33165;26.86167;       0.24826;3.43927;2
 -96.29840;26.86501;       0.24830;3.43928;2
 -96.26507;26.86834;       0.24833;3.43929;2
 -96.23182;26.87167;       0.24841;3.43930;2
 -96.19853;26.87501;       0.24853;3.43930;2
 -96.16525;26.87834;       0.24858;3.43931;2
 -96.13204;26.88167;       0.24861;3.43932;2
 -96.09879;26.88501;       0.24861;3.43933;2
 -96.06552;26.88834;       0.24865;3.43934;2
 -96.03226;26.89167;       0.24870;3.43934;2
 -95.99903;26.89501;       0.24876;3.43935;2
 -95.96586;26.89834;       0.24890;3.43936;2
 -95.93263;26.90167;       0.24903;3.43937;2
 -95.89937;26.90501;       0.24912;3.43938;2
 -95.86613;26.90834;       0.24917;3.43939;2
 -95.83293;26.91167;       0.24918;3.43939;2
 -95.79970;26.91501;       0.24914;3.43940;2
 -95.76644;26.91834;       0.24915;3.43941;2
 -95.73320;26.92167;       0.24915;3.43942;2
 -95.69994;26.92500;       0.24913;3.43943;2
 -95.66674;26.92834;       0.24917;3.43943;2
 -95.63355;26.93167;       0.24921;3.43944;2
 -95.60035;26.93500;       0.24925;3.43945;2
 -95.56716;26.93834;       0.24928;3.43946;2
 -95.53397;26.94167;       0.24932;3.43947;2
 -95.50079;26.94500;       0.24935;3.43947;2
 -95.46760;26.94834;       0.24939;3.43948;2
 -95.43442;26.95167;       0.24945;3.43949;2
 -95.40127;26.95500;       0.24954;3.43950;2
 -95.36809;26.95834;       0.24959;3.43951;2
 -95.33492;26.96167;       0.24963;3.43951;2
 -95.30175;26.96500;       0.24968;3.43952;2
 -95.26853;26.96834;       0.24973;3.43953;2
 -95.23531;26.97167;       0.24977;3.43954;2
 -95.20208;26.97500;       0.24980;3.43955;2
 -95.16893;26.97833;       0.24982;3.43955;2
 -95.13578;26.98167;       0.24984;3.43956;2
 -95.10260;26.98500;       0.24985;3.43957;2
 -95.06941;26.98833;       0.24990;3.43958;2
 -95.03619;26.99167;       0.24996;3.43959;2
 -95.00304;26.99500;       0.25001;3.43959;2
 -94.96987;26.99833;       0.25006;3.43960;2
 -94.93665;27.00167;       0.25009;3.43961;2
 -94.90343;27.00500;       0.25012;3.43962;2
 -94.87020;27.00833;       0.25017;3.43963;2
 -94.83703;27.01167;       0.25021;3.43963;2
 -94.80382;27.01500;       0.25025;3.43964;2
 -94.77060;27.01833;       0.25029;3.43965;2
 -94.73742;27.02167;       0.25030;3.43966;2
 -94.70423;27.02500;       0.25032;3.43967;2
 -94.67106;27.02833;       0.25035;3.43967;2
 -94.63791;27.03166;       0.25041;3.43968;2
 -94.60475;27.03500;       0.25045;3.43969;2
 -94.57158;27.03833;       0.25049;3.43970;2
 -94.53839;27.04166;       0.25054;3.43970;2
 -94.50522;27.04500;       0.25059;3.43971;2
 -94.47201;27.04833;       0.25063;3.43972;2
 -94.43883;27.05166;       0.25068;3.43973;2
 -94.40562;27.05500;       0.25074;3.43974;2
 -94.37238;27.05833;       0.25081;3.43974;2
 -94.33914;27.06166;       0.25088;3.43975;2
 -94.30589;27.06500;       0.25094;3.43976;2
 -94.27268;27.06833;       0.25107;3.43977;2
 -94.23949;27.07166;       0.25119;3.43977;2
 -94.20623;27.07500;       0.25127;3.43978;2
 -94.17305;27.07833;       0.25133;3.43979;2
 -94.13987;27.08166;       0.25136;3.43980;2
 -94.10665;27.08499;       0.25141;3.43981;2
 -94.07340;27.08833;       0.25146;3.43981;2
 -94.04016;27.09166;       0.25152;3.43982;2
 -94.00694;27.09499;       0.25157;3.43983;2
 -93.97372;27.09833;       0.25161;3.43984;2
 -93.94045;27.10166;       0.25166;3.43984;2
 -93.90718;27.10499;       0.25172;3.43985;2
 -93.87398;27.10833;       0.25178;3.43986;2
 -93.84076;27.11166;       0.25188;3.43987;2
 -93.80754;27.11499;       0.25192;3.43988;2
 -93.77431;27.11833;       0.25197;3.43988;2
 -93.74108;27.12166;       0.25202;3.43989;2
 -93.70783;27.12499;       0.25205;3.43990;2
 -93.67455;27.12833;       0.25211;3.43991;2
 -93.64129;27.13166;       0.25219;3.43991;2
 -93.60800;27.13499;       0.25229;3.43992;2
 -93.57468;27.13832;       0.25239;3.43993;2
 -93.54137;27.14166;       0.25248;3.43994;2
 -93.50804;27.14499;       0.25256;3.43994;2
 -93.47475;27.14832;       0.25268;3.43995;2
 -93.44146;27.15166;       0.25279;3.43996;2
 -93.40816;27.15499;       0.25288;3.43997;2
 -93.37483;27.15832;       0.25296;3.43998;2
 -93.34150;27.16166;       0.25297;3.43998;2
 -93.30822;27.16499;       0.25300;3.43999;2
 -93.27487;27.16832;       0.25301;3.44000;2
 -93.24157;27.17166;       0.25303;3.44001;2
 -93.20829;27.17499;       0.25316;3.44001;2
 -93.17501;27.17832;       0.25334;3.44002;2
 -93.14165;27.18166;       0.25342;3.44003;2
 -93.10829;27.18499;       0.25348;3.44004;2
 -93.07497;27.18832;       0.25355;3.44004;2
 -93.04164;27.19165;       0.25364;3.44005;2
 -93.00831;27.19499;       0.25370;3.44006;2
 -92.97493;27.19832;       0.25367;3.44007;2
 -92.94160;27.20165;       0.25367;3.44007;2
 -92.90825;27.20499;       0.25368;3.44008;2
 -92.87487;27.20832;       0.25376;3.44009;2
 -92.84147;27.21165;       0.25388;3.44010;2
 -92.80808;27.21499;       0.25394;3.44010;2
 -92.77467;27.21832;       0.25401;3.44011;2
 -92.74126;27.22165;       0.25416;3.44012;2
 -92.70782;27.22499;       0.25426;3.44013;2
 -92.67441;27.22832;       0.25432;3.44013;2
 -92.64098;27.23165;       0.25439;3.44014;2
 -92.60754;27.23499;       0.25449;3.44015;2
 -92.57410;27.23832;       0.25458;3.44016;2
 -92.54064;27.24165;       0.25468;3.44016;2
 -92.50718;27.24498;       0.25475;3.44017;2
 -92.47371;27.24832;       0.25481;3.44018;2
 -92.44027;27.25165;       0.25490;3.44019;2
 -92.40681;27.25498;       0.25498;3.44019;2
 -92.37338;27.25832;       0.25509;3.44020;2
 -92.33998;27.26165;       0.25517;3.44021;2
 -92.30658;27.26498;       0.25524;3.44022;2
 -92.27312;27.26832;       0.25524;3.44022;2
 -92.23965;27.27165;       0.25531;3.44023;2
 -92.20619;27.27498;       0.25536;3.44024;2
 -92.17274;27.27832;       0.25544;3.44025;2
 -92.13923;27.28165;       0.25552;3.44025;2
 -92.10576;27.28498;       0.25560;3.44026;2
 -92.07225;27.28832;       0.25570;3.44027;2
 -92.03876;27.29165;       0.25578;3.44028;2
 -92.00525;27.29498;       0.25587;3.44028;2
 -91.97172;27.29831;       0.25593;3.44029;2
 -91.93817;27.30165;       0.25601;3.44030;2
 -91.90461;27.30498;       0.25607;3.44031;2
 -91.87106;27.30831;       0.25614;3.44031;2
 -91.83748;27.31165;       0.25624;3.44032;2
 -91.80396;27.31498;       0.25634;3.44033;2
 -91.77042;27.31831;       0.25643;3.44034;2
 -91.73686;27.32165;       0.25646;3.44034;2
 -91.70333;27.32498;       0.25647;3.44035;2
 -91.66981;27.32831;       0.25653;3.44036;2
 -91.63630;27.33165;       0.25658;3.44037;2
 -91.60276;27.33498;       0.25665;3.44037;2
 -91.56923;27.33831;       0.25675;3.44038;2
 -91.53573;27.34165;       0.25685;3.44039;2
 -91.50216;27.34498;       0.25693;3.44039;2
 -91.46862;27.34831;       0.25701;3.44040;2
 -91.43506;27.35164;       0.25707;3.44041;2
 -91.40153;27.35498;       0.25716;3.44042;2
 -91.36799;27.35831;       0.25724;3.44042;2
 -91.33447;27.36164;       0.25731;3.44043;2
 -91.30092;27.36498;       0.25738;3.44044;2
 -91.26737;27.36831;       0.25745;3.44045;2
 -91.23387;27.37164;       0.25753;3.44045;2
 -91.20036;27.37498;       0.25759;3.44046;2
 -91.16682;27.37831;       0.25765;3.44047;2
 -91.13328;27.38164;       0.25774;3.44047;2
 -91.09976;27.38498;       0.25782;3.44048;2
 -91.06626;27.38831;       0.25788;3.44049;2
 -91.03272;27.39164;       0.25794;3.44050;2
 -90.99916;27.39498;       0.25795;3.44050;2
 -90.96571;27.39831;       0.25799;3.44051;2
 -90.93228;27.40164;       0.25805;3.44052;2
 -90.89881;27.40497;       0.25810;3.44052;2
 -90.86537;27.40831;       0.25814;3.44053;2
 -90.83193;27.41164;       0.25819;3.44054;2
 -90.79853;27.41497;       0.25826;3.44055;2
 -90.76512;27.41831;       0.25834;3.44055;2
 -90.73167;27.42164;       0.25842;3.44056;2
 -90.69822;27.42497;       0.25847;3.44057;2
 -90.66473;27.42831;       0.25855;3.44058;2
 -90.63124;27.43164;       0.25861;3.44058;2
 -90.59778;27.43497;       0.25868;3.44059;2
 -90.56432;27.43831;       0.25877;3.44060;2
 -90.53089;27.44164;       0.25885;3.44060;2
 -90.49750;27.44497;       0.25892;3.44061;2
 -90.46407;27.44831;       0.25900;3.44062;2
 -90.43068;27.45164;       0.25908;3.44062;2
 -90.39729;27.45497;       0.25916;3.44063;2
 -90.36387;27.45830;       0.25917;3.44064;2
 -90.33048;27.46164;       0.25926;3.44065;2
 -90.29704;27.46497;       0.25934;3.44065;2
 -90.26362;27.46830;       0.25938;3.44066;2
 -90.23024;27.47164;       0.25943;3.44067;2
 -90.19679;27.47497;       0.25952;3.44067;2
 -90.16331;27.47830;       0.25964;3.44068;2
 -90.12990;27.48164;       0.25973;3.44069;2
 -90.09648;27.48497;       0.25979;3.44070;2
 -90.06302;27.48830;       0.25985;3.44070;2
 -90.02957;27.49164;       0.25990;3.44071;2
 -89.99617;27.49497;       0.25991;3.44072;2
 -89.96279;27.49830;       0.25991;3.44072;2
 -89.92947;27.50164;       0.25994;3.44073;2
 -89.89611;27.50497;       0.25997;3.44074;2
 -89.86277;27.50830;       0.25998;3.44074;2
 -89.82942;27.51163;       0.26003;3.44075;2
 -89.79608;27.51497;       0.26006;3.44076;2
 -89.76274;27.51830;       0.26006;3.44077;2
 -89.72940;27.52163;       0.26007;3.44077;2
 -89.69606;27.52497;       0.26011;3.44078;2
 -89.66273;27.52830;       0.26012;3.44079;2
 -89.62941;27.53163;       0.26014;3.44079;2
 -89.59610;27.53497;       0.26021;3.44080;2
 -89.56280;27.53830;       0.26027;3.44081;2
 -89.52948;27.54163;       0.26030;3.44081;2
 -89.49617;27.54497;       0.26039;3.44082;2
 -89.46292;27.54830;       0.26045;3.44083;2
 -89.42961;27.55163;       0.26052;3.44083;2
 -89.39633;27.55497;       0.26060;3.44084;2
 -89.36302;27.55830;       0.26061;3.44085;2
 -89.32973;27.56163;       0.26063;3.44085;2
 -89.29642;27.56496;       0.26067;3.44086;2
 -89.26312;27.56830;       0.26073;3.44087;2
 -89.22982;27.57163;       0.26078;3.44088;2
 -89.19654;27.57496;       0.26083;3.44088;2
 -89.16323;27.57830;       0.26089;3.44089;2
 -89.12996;27.58163;       0.26092;3.44090;2
 -89.09669;27.58496;       0.26100;3.44090;2
 -89.06348;27.58830;       0.26108;3.44091;2
 -89.03020;27.59163;       0.26113;3.44092;2
 -88.99691;27.59496;       0.26115;3.44092;2
 -88.96371;27.59830;       0.26117;3.44093;2
 -88.93044;27.60163;       0.26122;3.44094;2
 -88.89716;27.60496;       0.26124;3.44094;2
 -88.86389;27.60830;       0.26128;3.44095;2
 -88.83060;27.61163;       0.26138;3.44096;2
 -88.79732;27.61496;       0.26142;3.44096;2
 -88.76405;27.61829;       0.26147;3.44097;2
 -88.73079;27.62163;       0.26150;3.44098;2
 -88.69755;27.62496;       0.26155;3.44098;2
 -88.66433;27.62829;       0.26161;3.44099;2
 -88.63114;27.63163;       0.26162;3.44100;2
 -88.59794;27.63496;       0.26169;3.44100;2
 -88.56469;27.63829;       0.26176;3.44101;2
 -88.53145;27.64163;       0.26179;3.44102;2
 -88.49820;27.64496;       0.26178;3.44102;2
 -88.46494;27.64829;       0.26178;3.44103;2
 -88.43168;27.65163;       0.26182;3.44104;2
 -88.39841;27.65496;       0.26183;3.44104;2
 -88.36514;27.65829;       0.26186;3.44105;2
 -88.33187;27.66163;       0.26191;3.44106;2
 -88.29859;27.66496;       0.26204;3.44106;2
 -88.26535;27.66829;       0.26212;3.44107;2
 -88.23212;27.67162;       0.26220;3.44108;2
 -88.19887;27.67496;       0.26225;3.44108;2
 -88.16568;27.67829;       0.26230;3.44109;2
 -88.13250;27.68162;       0.26236;3.44110;2
 -88.09926;27.68496;       0.26241;3.44110;2
 -88.06604;27.68829;       0.26246;3.44111;2
 -88.03287;27.69162;       0.26250;3.44112;2
 -87.99972;27.69496;       0.26255;3.44112;2
 -87.96656;27.69829;       0.26259;3.44113;2
 -87.93336;27.70162;       0.26263;3.44114;2
 -87.90013;27.70496;       0.26267;3.44114;2
 -87.86695;27.70829;       0.26270;3.44115;2
 -87.83377;27.71162;       0.26274;3.44116;2
 -87.80062;27.71496;       0.26273;3.44116;2
 -87.76748;27.71829;       0.26275;3.44117;2
 -87.73427;27.72162;       0.26278;3.44118;2
 -87.70107;27.72496;       0.26285;3.44118;2
 -87.66784;27.72829;       0.26296;3.44119;2
 -87.63461;27.73162;       0.26308;3.44119;2
 -87.60141;27.73495;       0.26316;3.44120;2
 -87.56819;27.73829;       0.26317;3.44121;2
 -87.53499;27.74162;       0.26315;3.44121;2
 -87.50178;27.74495;       0.26318;3.44122;2
 -87.46858;27.74829;       0.26320;3.44123;2
 -87.43536;27.75162;       0.26320;3.44123;2
 -87.40216;27.75495;       0.26323;3.44124;2
 -87.36896;27.75829;       0.26331;3.44125;2
 -87.33575;27.76162;       0.26338;3.44125;2
 -87.30249;27.76495;       0.26340;3.44126;2
 -87.26925;27.76829;       0.26344;3.44127;2
 -87.23604;27.77162;       0.26351;3.44127;2
 -87.20281;27.77495;       0.26356;3.44128;2
 -87.16957;27.77829;       0.26361;3.44129;2
 -87.13636;27.78162;       0.26365;3.44129;2
 -87.10311;27.78495;       0.26371;3.44130;2
 -87.06984;27.78828;       0.26375;3.44130;2
 -87.03653;27.79162;       0.26379;3.44131;2
 -87.00328;27.79495;       0.26385;3.44132;2
 -86.97005;27.79828;       0.26387;3.44132;2
 -86.93678;27.80162;       0.26389;3.44133;2
 -86.90347;27.80495;       0.26395;3.44134;2
 -86.87018;27.80828;       0.26399;3.44134;2
 -86.83689;27.81162;       0.26404;3.44135;2
 -86.80362;27.81495;       0.26408;3.44136;2
 -86.77035;27.81828;       0.26415;3.44136;2
 -86.73706;27.82162;       0.26422;3.44137;2
 -86.70376;27.82495;       0.26431;3.44137;2
 -86.67043;27.82828;       0.26445;3.44138;2
 -86.63712;27.83162;       0.26452;3.44139;2
 -86.60382;27.83495;       0.26457;3.44139;2
 -86.57052;27.83828;       0.26461;3.44140;2
 -86.53722;27.84161;       0.26466;3.44141;2
 -86.50394;27.84495;       0.26475;3.44141;2
 -86.47065;27.84828;       0.26483;3.44142;2
 -86.43740;27.85161;       0.26491;3.44142;2
 -86.40418;27.85495;       0.26500;3.44143;2
 -86.37086;27.85828;       0.26504;3.44144;2
 -86.33760;27.86161;       0.26508;3.44144;2
 -86.30436;27.86495;       0.26514;3.44145;2
 -86.27111;27.86828;       0.26520;3.44146;2
 -86.23782;27.87161;       0.26527;3.44146;2
 -86.20453;27.87495;       0.26533;3.44147;2
 -86.17121;27.87828;       0.26540;3.44147;2
 -86.13789;27.88161;       0.26545;3.44148;2
 -86.10460;27.88495;       0.26551;3.44149;2
 -86.07134;27.88828;       0.26553;3.44149;2
 -86.03809;27.89161;       0.26555;3.44150;2
 -86.00479;27.89494;       0.26561;3.44151;2
 -85.97149;27.89828;       0.26566;3.44151;2
 -85.93819;27.90161;       0.26571;3.44152;2
 -85.90491;27.90494;       0.26580;3.44152;2
 -85.87160;27.90828;       0.26589;3.44153;2
 -85.83831;27.91161;       0.26598;3.44154;2
 -85.80499;27.91494;       0.26601;3.44154;2
 -85.77164;27.91828;       0.26608;3.44155;2
 -85.73830;27.92161;       0.26615;3.44155;2
 -85.70496;27.92494;       0.26624;3.44156;2
 -85.67166;27.92828;       0.26633;3.44157;2
 -85.63835;27.93161;       0.26642;3.44157;2
 -85.60505;27.93494;       0.26653;3.44158;2
 -85.57173;27.93828;       0.26664;3.44159;2
 -85.53844;27.94161;       0.26671;3.44159;2
 -85.50511;27.94494;       0.26678;3.44160;2
 -85.47178;27.94827;       0.26685;3.44160;2
 -85.43844;27.95161;       0.26692;3.44161;2
 -85.40517;27.95494;       0.26697;3.44162;2
 -85.37187;27.95827;       0.26702;3.44162;2
 -85.33856;27.96161;       0.26707;3.44163;2
 -85.30528;27.96494;       0.26713;3.44163;2
 -85.27199;27.96827;       0.26720;3.44164;2
 -85.23866;27.97161;       0.26726;3.44165;2
 -85.20536;27.97494;       0.26735;3.44165;2
 -85.17206;27.97827;       0.26744;3.44166;2
 -85.13873;27.98161;       0.26752;3.44166;2
 -85.10541;27.98494;       0.26759;3.44167;2
 -85.07211;27.98827;       0.26765;3.44168;2
 -85.03883;27.99161;       0.26770;3.44168;2
 -85.00554;27.99494;       0.26778;3.44169;2
 -84.97225;27.99827;       0.26785;3.44169;2
 -84.93895;28.00160;       0.26792;3.44170;2
 -84.90566;28.00494;       0.26802;3.44171;2
 -84.87239;28.00827;       0.26809;3.44171;2
 -84.83909;28.01160;       0.26815;3.44172;2
 -84.80578;28.01494;       0.26816;3.44172;2
 -84.77248;28.01827;       0.26817;3.44173;2
 -84.73912;28.02160;       0.26820;3.44174;2
 -84.70579;28.02494;       0.26827;3.44174;2
 -84.67244;28.02827;       0.26844;3.44175;2
 -84.63915;28.03160;       0.26849;3.44175;2
 -84.60582;28.03494;       0.26854;3.44176;2
 -84.57251;28.03827;       0.26863;3.44177;2
 -84.53920;28.04160;       0.26869;3.44177;2
 -84.50595;28.04494;       0.26872;3.44178;2
 -84.47265;28.04827;       0.26876;3.44178;2
 -84.43934;28.05160;       0.26879;3.44179;2
 -84.40600;28.05493;       0.26884;3.44180;2
 -84.37268;28.05827;       0.26889;3.44180;2
 -84.33942;28.06160;       0.26899;3.44181;2
 -84.30613;28.06493;       0.26906;3.44181;2
 -84.27284;28.06827;       0.26906;3.44182;2
 -84.23953;28.07160;       0.26906;3.44182;2
 -84.20622;28.07493;       0.26910;3.44183;2
 -84.17292;28.07827;       0.26924;3.44184;2
 -84.13962;28.08160;       0.26936;3.44184;2
 -84.10634;28.08493;       0.26945;3.44185;2
 -84.07305;28.08827;       0.26956;3.44185;2
 -84.03970;28.09160;       0.26967;3.44186;2
 -84.00633;28.09493;       0.26977;3.44187;2
 -83.97297;28.09827;       0.26983;3.44187;2
 -83.93962;28.10160;       0.26992;3.44188;2
 -83.90629;28.10493;       0.26997;3.44188;2
 -83.87298;28.10826;       0.27003;3.44189;2
 -83.83967;28.11160;       0.27012;3.44189;2
 -83.80634;28.11493;       0.27020;3.44190;2
 -83.77302;28.11826;       0.27029;3.44191;2
 -83.73971;28.12160;       0.27037;3.44191;2
 -83.70642;28.12493;       0.27042;3.44192;2
 -83.67311;28.12826;       0.27048;3.44192;2
 -83.63980;28.13160;       0.27053;3.44193;2
 -83.60650;28.13493;       0.27058;3.44193;2
 -83.57314;28.13826;       0.27065;3.44194;2
 -83.53982;28.14160;       0.27071;3.44195;2
 -83.50647;28.14493;       0.27078;3.44195;2
 -83.47316;28.14826;       0.27080;3.44196;2
 -83.43986;28.15160;       0.27085;3.44196;2
 -83.40652;28.15493;       0.27094;3.44197;2
 -83.37317;28.15826;       0.27106;3.44197;2
 -83.33984;28.16159;       0.27112;3.44198;2
 -83.30648;28.16493;       0.27116;3.44199;2
 -83.27313;28.16826;       0.27124;3.44199;2
 -83.23983;28.17159;       0.27131;3.44200;2
 -83.20651;28.17493;       0.27137;3.44200;2
 -83.17316;28.17826;       0.27142;3.44201;2
 -83.13983;28.18159;       0.27147;3.44201;2
 -83.10650;28.18493;       0.27154;3.44202;2
 -83.07316;28.18826;       0.27162;3.44203;2
 -83.03981;28.19159;       0.27171;3.44203;2
 -83.00646;28.19493;       0.27179;3.44204;2
 -82.97313;28.19826;       0.27186;3.44204;2
 -82.93977;28.20159;       0.27192;3.44205;2
 -82.90640;28.20493;       0.27200;3.44205;2
 -82.87303;28.20826;       0.27209;3.44206;2
 -82.83965;28.21159;       0.27217;3.44206;2
 -82.80630;28.21492;       0.27228;3.44207;2
 -82.77295;28.21826;       0.27234;3.44208;2
 -82.73957;28.22159;       0.27240;3.44208;2
 -82.70625;28.22492;       0.27244;3.44209;2
 -82.67292;28.22826;       0.27248;3.44209;2
 -82.63958;28.23159;       0.27254;3.44210;2
 -82.60620;28.23492;       0.27258;3.44210;2
 -82.57288;28.23826;       0.27264;3.44211;2
 -82.53955;28.24159;       0.27267;3.44211;2
 -82.50621;28.24492;       0.27269;3.44212;2
 -82.47282;28.24826;       0.27274;3.44213;2
 -82.43947;28.25159;       0.27279;3.44213;2
 -82.40613;28.25492;       0.27287;3.44214;2
 -82.37277;28.25826;       0.27296;3.44214;2
 -82.33940;28.26159;       0.27306;3.44215;2
 -82.30600;28.26492;       0.27314;3.44215;2
 -82.27266;28.26825;       0.27320;3.44216;2
 -82.23928;28.27159;       0.27325;3.44216;2
 -82.20590;28.27492;       0.27329;3.44217;2
 -82.17254;28.27825;       0.27335;3.44217;2
 -82.13923;28.28159;       0.27338;3.44218;2
 -82.10585;28.28492;       0.27343;3.44219;2
 -82.07247;28.28825;       0.27348;3.44219;2
 -82.03909;28.29159;       0.27355;3.44220;2
 -82.00578;28.29492;       0.27361;3.44220;2
 -81.97246;28.29825;       0.27370;3.44221;2
 -81.93915;28.30159;       0.27378;3.44221;2
 -81.90580;28.30492;       0.27385;3.44222;2
 -81.87242;28.30825;       0.27392;3.44222;2
 -81.83905;28.31159;       0.27399;3.44223;2
 -81.80572;28.31492;       0.27407;3.44223;2
 -81.77236;28.31825;       0.27415;3.44224;2
 -81.73901;28.32158;       0.27417;3.44224;2
 -81.70564;28.32492;       0.27418;3.44225;2
 -81.67227;28.32825;       0.27419;3.44226;2
 -81.63893;28.33158;       0.27423;3.44226;2
 -81.60556;28.33492;       0.27435;3.44227;2
 -81.57220;28.33825;       0.27450;3.44227;2
 -81.53887;28.34158;       0.27459;3.44228;2
 -81.50550;28.34492;       0.27467;3.44228;2
 -81.47219;28.34825;       0.27473;3.44229;2
 -81.43882;28.35158;       0.27477;3.44229;2
 -81.40545;28.35492;       0.27481;3.44230;2
 -81.37209;28.35825;       0.27485;3.44230;2
 -81.33874;28.36158;       0.27484;3.44231;2
 -81.30542;28.36492;       0.27489;3.44231;2
 -81.27213;28.36825;       0.27498;3.44232;2
 -81.23881;28.37158;       0.27508;3.44232;2
 -81.20547;28.37491;       0.27516;3.44233;2
 -81.17214;28.37825;       0.27523;3.44233;2
 -81.13883;28.38158;       0.27533;3.44234;2
 -81.10555;28.38491;       0.27540;3.44235;2
 -81.07222;28.38825;       0.27549;3.44235;2
 -81.03893;28.39158;       0.27557;3.44236;2
 -81.00564;28.39491;       0.27564;3.44236;2
 -80.97234;28.39825;       0.27571;3.44237;2
 -80.93902;28.40158;       0.27580;3.44237;2
 -80.90572;28.40491;       0.27587;3.44238;2
 -80.87242;28.40825;       0.27591;3.44238;2
 -80.83914;28.41158;       0.27593;3.44239;2
 -80.80584;28.41491;       0.27598;3.44239;2
 -80.77253;28.41825;       0.27599;3.44240;2
 -80.73918;28.42158;       0.27598;3.44240;2
 -80.70585;28.42491;       0.27598;3.44241;2
 -80.67252;28.42824;       0.27602;3.44241;2
 -80.63915;28.43158;       0.27607;3.44242;2
 -80.60581;28.43491;       0.27612;3.44242;2
 -80.57251;28.43824;       0.27616;3.44243;2
 -80.53916;28.44158;       0.27620;3.44243;2
 -80.50578;28.44491;       0.27626;3.44244;2
 -80.47242;28.44824;       0.27630;3.44244;2
 -80.43910;28.45158;       0.27636;3.44245;2
 -80.40572;28.45491;       0.27641;3.44245;2
 -80.37235;28.45824;       0.27646;3.44246;2
 -80.33899;28.46158;       0.27653;3.44246;2
 -80.30562;28.46491;       0.27661;3.44247;2
 -80.27229;28.46824;       0.27671;3.44247;2
 -80.23889;28.47158;       0.27677;3.44248;2
 -80.20553;28.47491;       0.27679;3.44248;2
 -80.17219;28.47824;       0.27682;3.44249;2
 -80.13885;28.48157;       0.27685;3.44249;2
 -80.10546;28.48491;       0.27688;3.44250;2
 -80.07213;28.48824;       0.27692;3.44250;2
 -80.03881;28.49157;       0.27697;3.44251;2
 -80.00551;28.49491;       0.27703;3.44251;2
 -79.97216;28.49824;       0.27708;3.44252;2
 -79.93882;28.50157;       0.27714;3.44252;2
 -79.90549;28.50491;       0.27719;3.44253;2
 -79.87217;28.50824;       0.27722;3.44253;2
 -79.83883;28.51157;       0.27727;3.44254;2
 -79.80550;28.51491;       0.27733;3.44254;2
 -79.77213;28.51824;       0.27740;3.44255;2
 -79.73879;28.52157;       0.27746;3.44255;2
 -79.70545;28.52491;       0.27751;3.44256;2
 -79.67212;28.52824;       0.27757;3.44256;2
 -79.63875;28.53157;       0.27762;3.44257;2
 -79.60538;28.53490;       0.27768;3.44257;2
 -79.57200;28.53824;       0.27774;3.44258;2
 -79.53863;28.54157;       0.27781;3.44258;2
 -79.50528;28.54490;       0.27788;3.44259;2
 -79.47194;28.54824;       0.27795;3.44259;2
 -79.43855;28.55157;       0.27798;3.44260;2
 -79.40517;28.55490;       0.27802;3.44260;2
 -79.37179;28.55824;       0.27808;3.44261;2
 -79.33843;28.56157;       0.27815;3.44261;2
 -79.30505;28.56490;       0.27822;3.44262;2
 -79.27164;28.56824;       0.27829;3.44262;2
 -79.23823;28.57157;       0.27835;3.44263;2
 -79.20482;28.57490;       0.27845;3.44263;2
 -79.17140;28.57824;       0.27854;3.44264;2
 -79.13801;28.58157;       0.27864;3.44264;2
 -79.10459;28.58490;       0.27871;3.44265;2
 -79.07112;28.58824;       0.27878;3.44265;2
 -79.03772;28.59157;       0.27885;3.44266;2
 -79.00429;28.59490;       0.27896;3.44266;2
 -78.97085;28.59823;       0.27905;3.44267;2
 -78.93740;28.60157;       0.27913;3.44267;2
 -78.90397;28.60490;       0.27920;3.44268;2
 -78.87057;28.60823;       0.27926;3.44268;2
 -78.83715;28.61157;       0.27931;3.44269;2
 -78.80371;28.61490;       0.27933;3.44269;2
 -78.77027;28.61823;       0.27937;3.44270;2
 -78.73683;28.62157;       0.27941;3.44270;2
 -78.70343;28.62490;       0.27944;3.44271;2
 -78.67006;28.62823;       0.27951;3.44271;2
 -78.63668;28.63157;       0.27952;3.44271;2
 -78.60333;28.63490;       0.27953;3.44272;2
 -78.56996;28.63823;       0.27955;3.44272;2
 -78.53653;28.64157;       0.27963;3.44273;2
 -78.50313;28.64490;       0.27976;3.44273;2
 -78.46978;28.64823;       0.27989;3.44274;2
 -78.43639;28.65156;       0.27996;3.44274;2
 -78.40295;28.65490;       0.28008;3.44275;2
 -78.36959;28.65823;       0.28017;3.44275;2
 -78.33621;28.66156;       0.28020;3.44276;2
 -78.30284;28.66490;       0.28022;3.44276;2
 -78.26950;28.66823;       0.28026;3.44277;2
 -78.23614;28.67156;       0.28033;3.44277;2
 -78.20278;28.67490;       0.28041;3.44278;2
 -78.16941;28.67823;       0.28048;3.44278;2
 -78.13606;28.68156;       0.28056;3.44279;2
 -78.10268;28.68490;       0.28068;3.44279;2
 -78.06931;28.68823;       0.28082;3.44279;2
 -78.03593;28.69156;       0.28088;3.44280;2
 -78.00255;28.69490;       0.28091;3.44280;2
 -77.96917;28.69823;       0.28095;3.44281;2
 -77.93581;28.70156;       0.28103;3.44281;2
 -77.90242;28.70489;       0.28111;3.44282;2
 -77.86906;28.70823;       0.28119;3.44282;2
 -77.83571;28.71156;       0.28125;3.44283;2
 -77.80237;28.71489;       0.28129;3.44283;2
 -77.76902;28.71823;       0.28133;3.44284;2
 -77.73566;28.72156;       0.28138;3.44284;2
 -77.70230;28.72489;       0.28145;3.44285;2
 -77.66896;28.72823;       0.28146;3.44285;2
 -77.63560;28.73156;       0.28148;3.44285;2
 -77.60226;28.73489;       0.28153;3.44286;2
 -77.56892;28.73823;       0.28155;3.44286;2
 -77.53560;28.74156;       0.28160;3.44287;2
 -77.50229;28.74489;       0.28168;3.44287;2
 -77.46897;28.74823;       0.28177;3.44288;2
 -77.43562;28.75156;       0.28182;3.44288;2
 -77.40233;28.75489;       0.28181;3.44289;2
 -77.36902;28.75822;       0.28179;3.44289;2
 -77.33574;28.76156;       0.28181;3.44290;2
 -77.30245;28.76489;       0.28186;3.44290;2
 -77.26914;28.76822;       0.28196;3.44290;2
 -77.23585;28.77156;       0.28209;3.44291;2
 -77.20254;28.77489;       0.28215;3.44291;2
 -77.16926;28.77822;       0.28219;3.44292;2
 -77.13600;28.78156;       0.28224;3.44292;2
 -77.10274;28.78489;       0.28230;3.44293;2
 -77.06952;28.78822;       0.28234;3.44293;2
 -77.03627;28.79156;       0.28236;3.44294;2
 -77.00301;28.79489;       0.28239;3.44294;2
 -76.96977;28.79822;       0.28243;3.44294;2
 -76.93654;28.80156;       0.28245;3.44295;2
 -76.90327;28.80489;       0.28252;3.44295;2
 -76.87001;28.80822;       0.28256;3.44296;2
 -76.83674;28.81155;       0.28263;3.44296;2
 -76.80347;28.81489;       0.28270;3.44297;2
 -76.77020;28.81822;       0.28275;3.44297;2
 -76.73694;28.82155;       0.28283;3.44297;2
 -76.70368;28.82489;       0.28291;3.44298;2
 -76.67042;28.82822;       0.28296;3.44298;2
 -76.63714;28.83155;       0.28302;3.44299;2
 -76.60388;28.83489;       0.28309;3.44299;2
 -76.57058;28.83822;       0.28315;3.44300;2
 -76.53731;28.84155;       0.28322;3.44300;2
 -76.50408;28.84489;       0.28327;3.44301;2
 -76.47086;28.84822;       0.28330;3.44301;2
 -76.43758;28.85155;       0.28333;3.44301;2
 -76.40432;28.85489;       0.28333;3.44302;2
 -76.37108;28.85822;       0.28332;3.44302;2
 -76.33782;28.86155;       0.28333;3.44303;2
 -76.30456;28.86488;       0.28343;3.44303;2
 -76.27131;28.86822;       0.28352;3.44304;2
 -76.23801;28.87155;       0.28355;3.44304;2
 -76.20473;28.87488;       0.28359;3.44304;2
 -76.17149;28.87822;       0.28363;3.44305;2
 -76.13819;28.88155;       0.28367;3.44305;2
 -76.10487;28.88488;       0.28373;3.44306;2
 -76.07160;28.88822;       0.28378;3.44306;2
 -76.03833;28.89155;       0.28384;3.44306;2
 -76.00507;28.89488;       0.28384;3.44307;2
 -75.97180;28.89822;       0.28389;3.44307;2
 -75.93850;28.90155;       0.28396;3.44308;2
 -75.90520;28.90488;       0.28401;3.44308;2
 -75.87192;28.90822;       0.28402;3.44309;2
 -75.83863;28.91155;       0.28407;3.44309;2
 -75.80538;28.91488;       0.28413;3.44309;2
 -75.77211;28.91821;       0.28420;3.44310;2
 -75.73882;28.92155;       0.28426;3.44310;2
 -75.70556;28.92488;       0.28431;3.44311;2
 -75.67228;28.92821;       0.28437;3.44311;2
 -75.63899;28.93155;       0.28442;3.44311;2
 -75.60569;28.93488;       0.28447;3.44312;2
 -75.57238;28.93821;       0.28451;3.44312;2
 -75.53910;28.94155;       0.28456;3.44313;2
 -75.50580;28.94488;       0.28465;3.44313;2
 -75.47252;28.94821;       0.28474;3.44314;2
 -75.43923;28.95155;       0.28478;3.44314;2
 -75.40594;28.95488;       0.28488;3.44314;2
 -75.37260;28.95821;       0.28496;3.44315;2
 -75.33932;28.96155;       0.28503;3.44315;2
 -75.30602;28.96488;       0.28507;3.44316;2
 -75.27271;28.96821;       0.28503;3.44316;2
 -75.23942;28.97154;       0.28503;3.44316;2
 -75.20612;28.97488;       0.28504;3.44317;2
 -75.17281;28.97821;       0.28511;3.44317;2
 -75.13953;28.98154;       0.28529;3.44318;2
 -75.10622;28.98488;       0.28535;3.44318;2
 -75.07288;28.98821;       0.28545;3.44318;2
 -75.03956;28.99154;       0.28558;3.44319;2
 -75.00627;28.99488;       0.28566;3.44319;2
 -74.97297;28.99821;       0.28570;3.44320;2
 -74.93962;29.00154;       0.28573;3.44320;2
 -74.90629;29.00488;       0.28581;3.44320;2
 -74.87300;29.00821;       0.28584;3.44321;2
 -74.83970;29.01154;       0.28589;3.44321;2
 -74.80635;29.01488;       0.28598;3.44322;2
 -74.77303;29.01821;       0.28605;3.44322;2
 -74.73972;29.02154;       0.28613;3.44322;2
 -74.70642;29.02487;       0.28615;3.44323;2
 -74.67312;29.02821;       0.28620;3.44323;2
 -74.63982;29.03154;       0.28626;3.44324;2
 -74.60653;29.03487;       0.28630;3.44324;2
 -74.57322;29.03821;       0.28637;3.44324;2
 -74.53998;29.04154;       0.28643;3.44325;2
 -74.50670;29.04487;       0.28650;3.44325;2
 -74.47341;29.04821;       0.28656;3.44326;2
 -74.44007;29.05154;       0.28663;3.44326;2
 -74.40677;29.05487;       0.28671;3.44326;2
 -74.37347;29.05821;       0.28681;3.44327;2
 -74.34016;29.06154;       0.28687;3.44327;2
 -74.30685;29.06487;       0.28693;3.44328;2
 -74.27352;29.06821;       0.28697;3.44328;2
 -74.24020;29.07154;       0.28701;3.44328;2
 -74.20692;29.07487;       0.28706;3.44329;2
 -74.17365;29.07820;       0.28708;3.44329;2
 -74.14036;29.08154;       0.28714;3.44330;2
 -74.10709;29.08487;       0.28718;3.44330;2
 -74.07382;29.08820;       0.28721;3.44330;2
 -74.04050;29.09154;       0.28725;3.44331;2
 -74.00720;29.09487;       0.28728;3.44331;2
 -73.97390;29.09820;       0.28736;3.44331;2
 -73.94058;29.10154;       0.28741;3.44332;2
 -73.90727;29.10487;       0.28743;3.44332;2
 -73.87398;29.10820;       0.28747;3.44333;2
 -73.84069;29.11154;       0.28752;3.44333;2
 -73.80742;29.11487;       0.28757;3.44333;2
 -73.77406;29.11820;       0.28764;3.44334;2
 -73.74077;29.12154;       0.28770;3.44334;2
 -73.70746;29.12487;       0.28775;3.44334;2
 -73.67418;29.12820;       0.28779;3.44335;2
 -73.64092;29.13153;       0.28783;3.44335;2
 -73.60766;29.13487;       0.28785;3.44336;2
 -73.57440;29.13820;       0.28791;3.44336;2
 -73.54113;29.14153;       0.28798;3.44336;2
 -73.50786;29.14487;       0.28803;3.44337;2
 -73.47458;29.14820;       0.28808;3.44337;2
 -73.44127;29.15153;       0.28815;3.44337;2
 -73.40797;29.15487;       0.28817;3.44338;2
 -73.37466;29.15820;       0.28820;3.44338;2
 -73.34136;29.16153;       0.28825;3.44339;2
 -73.30806;29.16487;       0.28831;3.44339;2
 -73.27475;29.16820;       0.28838;3.44339;2
 -73.24146;29.17153;       0.28842;3.44340;2
 -73.20812;29.17487;       0.28848;3.44340;2
 -73.17473;29.17820;       0.28856;3.44340;2
 -73.14141;29.18153;       0.28861;3.44341;2
 -73.10808;29.18486;       0.28864;3.44341;2
 -73.07473;29.18820;       0.28869;3.44342;2
 -73.04141;29.19153;       0.28878;3.44342;2
 -73.00806;29.19486;       0.28886;3.44342;2
 -72.97473;29.19820;       0.28889;3.44343;2
 -72.94138;29.20153;       0.28891;3.44343;2
 -72.90808;29.20486;       0.28894;3.44343;2
 -72.87473;29.20820;       0.28898;3.44344;2
 -72.84137;29.21153;       0.28901;3.44344;2
 -72.80802;29.21486;       0.28905;3.44344;2
 -72.77471;29.21820;       0.28915;3.44345;2
 -72.74133;29.22153;       0.28920;3.44345;2
 -72.70797;29.22486;       0.28927;3.44345;2
 -72.67461;29.22820;       0.28933;3.44346;2
 -72.64124;29.23153;       0.28937;3.44346;2
 -72.60789;29.23486;       0.28945;3.44347;2
 -72.57450;29.23819;       0.28953;3.44347;2
 -72.54112;29.24153;       0.28959;3.44347;2
 -72.50772;29.24486;       0.28966;3.44348;2
 -72.47434;29.24819;       0.28973;3.44348;2
 -72.44095;29.25153;       0.28982;3.44348;2
 -72.40758;29.25486;       0.28990;3.44349;2
 -72.37420;29.25819;       0.28998;3.44349;2
 -72.34081;29.26153;       0.29008;3.44349;2
 -72.30748;29.26486;       0.29016;3.44350;2
 -72.27415;29.26819;       0.29023;3.44350;2
 -72.24082;29.27153;       0.29032;3.44350;2
 -72.20744;29.27486;       0.29041;3.44351;2
 -72.17402;29.27819;       0.29052;3.44351;2
 -72.14060;29.28153;       0.29062;3.44351;2
 -72.10717;29.28486;       0.29070;3.44352;2
 -72.07373;29.28819;       0.29078;3.44352;2
 -72.04031;29.29152;       0.29091;3.44353;2
 -72.00691;29.29486;       0.29100;3.44353;2
 -71.97352;29.29819;       0.29103;3.44353;2
 -71.94012;29.30152;       0.29106;3.44354;2
 -71.90672;29.30486;       0.29111;3.44354;2
 -71.87330;29.30819;       0.29119;3.44354;2
 -71.83988;29.31152;       0.29129;3.44355;2
 -71.80645;29.31486;       0.29137;3.44355;2
 -71.77300;29.31819;       0.29144;3.44355;2
 -71.73963;29.32152;       0.29153;3.44356;2
 -71.70618;29.32486;       0.29161;3.44356;2
 -71.67274;29.32819;       0.29165;3.44356;2
 -71.63934;29.33152;       0.29173;3.44357;2
 -71.60590;29.33486;       0.29180;3.44357;2
 -71.57245;29.33819;       0.29189;3.44357;2
 -71.53903;29.34152;       0.29197;3.44358;2
 -71.50557;29.34485;       0.29202;3.44358;2
 -71.47213;29.34819;       0.29208;3.44358;2
 -71.43871;29.35152;       0.29217;3.44359;2
 -71.40532;29.35485;       0.29224;3.44359;2
 -71.37187;29.35819;       0.29231;3.44359;2
 -71.33846;29.36152;       0.29241;3.44360;2
 -71.30506;29.36485;       0.29251;3.44360;2
 -71.27163;29.36819;       0.29261;3.44360;2
 -71.23819;29.37152;       0.29271;3.44361;2
 -71.20477;29.37485;       0.29281;3.44361;2
 -71.17140;29.37819;       0.29298;3.44361;2
 -71.13807;29.38152;       0.29304;3.44362;2
 -71.10468;29.38485;       0.29307;3.44362;2
 -71.07128;29.38819;       0.29314;3.44362;2
 -71.03790;29.39152;       0.29324;3.44363;2
 -71.00450;29.39485;       0.29333;3.44363;2
 -70.97114;29.39819;       0.29342;3.44363;2
 -70.93773;29.40152;       0.29348;3.44364;2
 -70.90437;29.40485;       0.29351;3.44364;2
 -70.87094;29.40818;       0.29355;3.44364;2
 -70.83756;29.41152;       0.29361;3.44365;2
 -70.80418;29.41485;       0.29373;3.44365;2
 -70.77078;29.41818;       0.29374;3.44365;2
 -70.73737;29.42152;       0.29381;3.44366;2
 -70.70405;29.42485;       0.29396;3.44366;2
 -70.67070;29.42818;       0.29408;3.44366;2
 -70.63733;29.43152;       0.29410;3.44366;2
 -70.60399;29.43485;       0.29411;3.44367;2
 -70.57063;29.43818;       0.29417;3.44367;2
 -70.53729;29.44152;       0.29428;3.44367;2
 -70.50393;29.44485;       0.29433;3.44368;2
 -70.47059;29.44818;       0.29439;3.44368;2
 -70.43724;29.45152;       0.29445;3.44368;2
 -70.40389;29.45485;       0.29448;3.44369;2
 -70.37056;29.45818;       0.29446;3.44369;2
 -70.33722;29.46151;       0.29448;3.44369;2
 -70.30387;29.46485;       0.29462;3.44370;2
 -70.27050;29.46818;       0.29465;3.44370;2
 -70.23712;29.47151;       0.29472;3.44370;2
 -70.20373;29.47485;       0.29481;3.44371;2
 -70.17036;29.47818;       0.29489;3.44371;2
 -70.13706;29.48151;       0.29506;3.44371;2
 -70.10374;29.48485;       0.29511;3.44371;2
 -70.07042;29.48818;       0.29518;3.44372;2
 -70.03713;29.49151;       0.29522;3.44372;2
 -70.00384;29.49485;       0.29524;3.44372;2
 -69.97054;29.49818;       0.29521;3.44373;2
 -69.93717;29.50151;       0.29521;3.44373;2
 -69.90382;29.50485;       0.29519;3.44373;2
 -69.87052;29.50818;       0.29526;3.44374;2
 -69.83725;29.51151;       0.29533;3.44374;2
 -69.80397;29.51484;       0.29534;3.44374;2
 -69.77067;29.51818;       0.29536;3.44374;2
 -69.73738;29.52151;       0.29543;3.44375;2
 -69.70407;29.52484;       0.29547;3.44375;2
 -69.67078;29.52818;       0.29547;3.44375;2
 -69.63752;29.53151;       0.29550;3.44376;2
 -69.60422;29.53484;       0.29551;3.44376;2
 -69.57088;29.53818;       0.29558;3.44376;2
 -69.53760;29.54151;       0.29570;3.44377;2
 -69.50428;29.54484;       0.29577;3.44377;2
 -69.47102;29.54818;       0.29585;3.44377;2
 -69.43773;29.55151;       0.29587;3.44377;2
 -69.40447;29.55484;       0.29591;3.44378;2
 -69.37114;29.55818;       0.29596;3.44378;2
 -69.33785;29.56151;       0.29598;3.44378;2
 -69.30458;29.56484;       0.29601;3.44379;2
 -69.27130;29.56817;       0.29605;3.44379;2
 -69.23801;29.57151;       0.29610;3.44379;2
 -69.20472;29.57484;       0.29611;3.44379;2
 -69.17142;29.57817;       0.29618;3.44380;2
 -69.13814;29.58151;       0.29623;3.44380;2
 -69.10483;29.58484;       0.29629;3.44380;2
 -69.07151;29.58817;       0.29634;3.44381;2
 -69.03819;29.59151;       0.29637;3.44381;2
 -69.00491;29.59484;       0.29640;3.44381;2
 -68.97160;29.59817;       0.29648;3.44381;2
 -68.93824;29.60151;       0.29658;3.44382;2
 -68.90494;29.60484;       0.29670;3.44382;2
 -68.87161;29.60817;       0.29681;3.44382;2
 -68.83830;29.61151;       0.29687;3.44383;2
 -68.80501;29.61484;       0.29692;3.44383;2
 -68.77174;29.61817;       0.29700;3.44383;2
 -68.73846;29.62150;       0.29706;3.44383;2
 -68.70518;29.62484;       0.29708;3.44384;2
 -68.67183;29.62817;       0.29702;3.44384;2
 -68.63852;29.63150;       0.29702;3.44384;2
 -68.60524;29.63484;       0.29702;3.44385;2
 -68.57194;29.63817;       0.29703;3.44385;2
 -68.53865;29.64150;       0.29707;3.44385;2
 -68.50537;29.64484;       0.29716;3.44385;2
 -68.47210;29.64817;       0.29725;3.44386;2
 -68.43877;29.65150;       0.29733;3.44386;2
 -68.40546;29.65484;       0.29741;3.44386;2
 -68.37216;29.65817;       0.29746;3.44386;2
 -68.33882;29.66150;       0.29753;3.44387;2
 -68.30552;29.66484;       0.29757;3.44387;2
 -68.27224;29.66817;       0.29761;3.44387;2
 -68.23893;29.67150;       0.29767;3.44388;2
 -68.20564;29.67483;       0.29772;3.44388;2
 -68.17237;29.67817;       0.29775;3.44388;2
 -68.13914;29.68150;       0.29780;3.44388;2
 -68.10585;29.68483;       0.29787;3.44389;2
 -68.07253;29.68817;       0.29792;3.44389;2
 -68.03922;29.69150;       0.29797;3.44389;2
 -68.00592;29.69483;       0.29804;3.44389;2
 -67.97261;29.69817;       0.29809;3.44390;2
 -67.93936;29.70150;       0.29814;3.44390;2
 -67.90613;29.70483;       0.29819;3.44390;2
 -67.87288;29.70817;       0.29822;3.44390;2
 -67.83960;29.71150;       0.29825;3.44391;2
 -67.80630;29.71483;       0.29828;3.44391;2
 -67.77300;29.71817;       0.29835;3.44391;2
 -67.73972;29.72150;       0.29845;3.44391;2
 -67.70640;29.72483;       0.29849;3.44392;2
 -67.67310;29.72816;       0.29853;3.44392;2
 -67.63981;29.73150;       0.29856;3.44392;2
 -67.60651;29.73483;       0.29858;3.44393;2
 -67.57318;29.73816;       0.29858;3.44393;2
 -67.53989;29.74150;       0.29862;3.44393;2
 -67.50661;29.74483;       0.29864;3.44393;2
 -67.47334;29.74816;       0.29870;3.44394;2
 -67.43999;29.75150;       0.29878;3.44394;2
 -67.40666;29.75483;       0.29880;3.44394;2
 -67.37330;29.75816;       0.29884;3.44394;2
 -67.33995;29.76150;       0.29892;3.44395;2
 -67.30664;29.76483;       0.29900;3.44395;2
 -67.27331;29.76816;       0.29908;3.44395;2
 -67.23997;29.77150;       0.29915;3.44395;2
 -67.20665;29.77483;       0.29923;3.44396;2
 -67.17332;29.77816;       0.29932;3.44396;2
 -67.13998;29.78149;       0.29939;3.44396;2
 -67.10665;29.78483;       0.29947;3.44396;2
 -67.07331;29.78816;       0.29955;3.44397;2
 -67.03999;29.79149;       0.29962;3.44397;2
 -67.00669;29.79483;       0.29977;3.44397;2
 -66.97337;29.79816;       0.29985;3.44397;2
 -66.94006;29.80149;       0.29993;3.44398;2
 -66.90677;29.80483;       0.29997;3.44398;2
 -66.87347;29.80816;       0.29999;3.44398;2
 -66.84010;29.81149;       0.30006;3.44398;2
 -66.80677;29.81483;       0.30010;3.44399;2
 -66.77342;29.81816;       0.30012;3.44399;2
 -66.74005;29.82149;       0.30016;3.44399;2
 -66.70670;29.82483;       0.30024;3.44399;2
 -66.67335;29.82816;       0.30030;3.44399;2
 -66.64003;29.83149;       0.30036;3.44400;2
 -66.60669;29.83482;       0.30042;3.44400;2
 -66.57332;29.83816;       0.30049;3.44400;2
 -66.53995;29.84149;       0.30059;3.44400;2
 -66.50656;29.84482;       0.30066;3.44401;2
 -66.47318;29.84816;       0.30072;3.44401;2
 -66.43978;29.85149;       0.30081;3.44401;2
 -66.40638;29.85482;       0.30089;3.44401;2
 -66.37298;29.85816;       0.30098;3.44402;2
 -66.33959;29.86149;       0.30105;3.44402;2
 -66.30623;29.86482;       0.30113;3.44402;2
 -66.27285;29.86816;       0.30118;3.44402;2
 -66.23947;29.87149;       0.30121;3.44403;2
 -66.20609;29.87482;       0.30128;3.44403;2
 -66.17268;29.87816;       0.30134;3.44403;2
 -66.13927;29.88149;       0.30137;3.44403;2
 -66.10586;29.88482;       0.30143;3.44403;2
 -66.07246;29.88815;       0.30150;3.44404;2
 -66.03908;29.89149;       0.30159;3.44404;2
 -66.00567;29.89482;       0.30169;3.44404;2
 -65.97227;29.89815;       0.30178;3.44404;2
 -65.93886;29.90149;       0.30186;3.44405;2
 -65.90538;29.90482;       0.30191;3.44405;2
 -65.87192;29.90815;       0.30199;3.44405;2
 -65.83848;29.91149;       0.30206;3.44405;2
 -65.80502;29.91482;       0.30211;3.44405;2
 -65.77160;29.91815;       0.30218;3.44406;2
 -65.73817;29.92149;       0.30224;3.44406;2
 -65.70473;29.92482;       0.30233;3.44406;2
 -65.67129;29.92815;       0.30240;3.44406;2
 -65.63787;29.93149;       0.30247;3.44407;2
 -65.60440;29.93482;       0.30254;3.44407;2
 -65.57093;29.93815;       0.30259;3.44407;2
 -65.53748;29.94148;       0.30261;3.44407;2
 -65.50406;29.94482;       0.30265;3.44407;2
 -65.47063;29.94815;       0.30283;3.44408;2
 -65.43716;29.95148;       0.30296;3.44408;2
 -65.40377;29.95482;       0.30303;3.44408;2
 -65.37033;29.95815;       0.30313;3.44408;2
 -65.33693;29.96148;       0.30326;3.44408;2
 -65.30355;29.96482;       0.30336;3.44409;2
 -65.27012;29.96815;       0.30346;3.44409;2
 -65.23666;29.97148;       0.30351;3.44409;2
 -65.20322;29.97482;       0.30357;3.44409;2
 -65.16978;29.97815;       0.30362;3.44410;2
 -65.13637;29.98148;       0.30367;3.44410;2
 -65.10297;29.98482;       0.30374;3.44410;2
 -65.06950;29.98815;       0.30380;3.44410;2
 -65.03605;29.99148;       0.30388;3.44410;2
 -65.00261;29.99481;       0.30394;3.44411;2
 -64.96915;29.99815;       0.30403;3.44411;2
 -64.93569;30.00148;       0.30408;3.44411;2
 -64.90222;30.00481;       0.30414;3.44411;2
 -64.86876;30.00815;       0.30423;3.44411;2
 -64.83531;30.01148;       0.30429;3.44412;2
 -64.80189;30.01481;       0.30435;3.44412;2
 -64.76844;30.01815;       0.30442;3.44412;2
 -64.73501;30.02148;       0.30448;3.44412;2
 -64.70158;30.02481;       0.30451;3.44412;2
 -64.66815;30.02815;       0.30453;3.44413;2
 -64.63477;30.03148;       0.30456;3.44413;2
 -64.60133;30.03481;       0.30458;3.44413;2
 -64.56793;30.03815;       0.30458;3.44413;2
 -64.53451;30.04148;       0.30462;3.44413;2
 -64.50107;30.04481;       0.30468;3.44414;2
 -64.46767;30.04814;       0.30479;3.44414;2
 -64.43428;30.05148;       0.30491;3.44414;2
 -64.40089;30.05481;       0.30495;3.44414;2
 -64.36752;30.05814;       0.30502;3.44414;2
 -64.33414;30.06148;       0.30510;3.44415;2
 -64.30073;30.06481;       0.30523;3.44415;2
 -64.26734;30.06814;       0.30532;3.44415;2
 -64.23395;30.07148;       0.30534;3.44415;2
 -64.20056;30.07481;       0.30539;3.44415;2
 -64.16716;30.07814;       0.30545;3.44416;2
 -64.13376;30.08148;       0.30548;3.44416;2
 -64.10038;30.08481;       0.30553;3.44416;2
 -64.06699;30.08814;       0.30568;3.44416;2
 -64.03358;30.09148;       0.30574;3.44416;2
 -64.00022;30.09481;       0.30573;3.44416;2
 -63.96687;30.09814;       0.30571;3.44417;2
 -63.93351;30.10147;       0.30578;3.44417;2
 -63.90017;30.10481;       0.30586;3.44417;2
 -63.86683;30.10814;       0.30588;3.44417;2
 -63.83351;30.11147;       0.30592;3.44417;2
 -63.80016;30.11481;       0.30599;3.44418;2
 -63.76682;30.11814;       0.30607;3.44418;2
 -63.73346;30.12147;       0.30615;3.44418;2
 -63.70012;30.12481;       0.30621;3.44418;2
 -63.66676;30.12814;       0.30622;3.44418;2
 -63.63346;30.13147;       0.30623;3.44419;2
 -63.60015;30.13481;       0.30622;3.44419;2
 -63.56682;30.13814;       0.30627;3.44419;2
 -63.53349;30.14147;       0.30631;3.44419;2
 -63.50017;30.14481;       0.30633;3.44419;2
 -63.46684;30.14814;       0.30639;3.44419;2
 -63.43350;30.15147;       0.30646;3.44420;2
 -63.40017;30.15480;       0.30653;3.44420;2
 -63.36683;30.15814;       0.30657;3.44420;2
 -63.33351;30.16147;       0.30663;3.44420;2
 -63.30016;30.16480;       0.30668;3.44420;2
 -63.26684;30.16814;       0.30671;3.44420;2
 -63.23356;30.17147;       0.30675;3.44421;2
 -63.20031;30.17480;       0.30679;3.44421;2
 -63.16703;30.17814;       0.30686;3.44421;2
 -63.13376;30.18147;       0.30693;3.44421;2
 -63.10048;30.18480;       0.30698;3.44421;2
 -63.06716;30.18814;       0.30701;3.44421;2
 -63.03386;30.19147;       0.30703;3.44422;2
 -63.00058;30.19480;       0.30711;3.44422;2
 -62.96729;30.19814;       0.30722;3.44422;2
 -62.93404;30.20147;       0.30727;3.44422;2
 -62.90078;30.20480;       0.30731;3.44422;2
 -62.86753;30.20814;       0.30735;3.44422;2
 -62.83425;30.21147;       0.30738;3.44423;2
 -62.80098;30.21480;       0.30744;3.44423;2
 -62.76776;30.21813;       0.30747;3.44423;2
 -62.73456;30.22147;       0.30753;3.44423;2
 -62.70131;30.22480;       0.30757;3.44423;2
 -62.66805;30.22813;       0.30759;3.44423;2
 -62.63475;30.23147;       0.30759;3.44424;2
 -62.60145;30.23480;       0.30764;3.44424;2
 -62.56820;30.23813;       0.30768;3.44424;2
 -62.53492;30.24147;       0.30772;3.44424;2
 -62.50172;30.24480;       0.30775;3.44424;2
 -62.46854;30.24813;       0.30779;3.44424;2
 -62.43538;30.25147;       0.30784;3.44425;2
 -62.40218;30.25480;       0.30793;3.44425;2
 -62.36898;30.25813;       0.30799;3.44425;2
 -62.33577;30.26147;       0.30802;3.44425;2
 -62.30256;30.26480;       0.30806;3.44425;2
 -62.26939;30.26813;       0.30808;3.44425;2
 -62.23621;30.27146;       0.30812;3.44425;2
 -62.20301;30.27480;       0.30814;3.44426;2
 -62.16976;30.27813;       0.30820;3.44426;2
 -62.13654;30.28146;       0.30825;3.44426;2
 -62.10332;30.28480;       0.30829;3.44426;2
 -62.07007;30.28813;       0.30834;3.44426;2
 -62.03680;30.29146;       0.30838;3.44426;2
 -62.00356;30.29480;       0.30844;3.44426;2
 -61.97029;30.29813;       0.30850;3.44427;2
 -61.93702;30.30146;       0.30855;3.44427;2
 -61.90375;30.30480;       0.30858;3.44427;2
 -61.87046;30.30813;       0.30862;3.44427;2
 -61.83723;30.31146;       0.30865;3.44427;2
 -61.80401;30.31480;       0.30869;3.44427;2
 -61.77077;30.31813;       0.30873;3.44427;2
 -61.73756;30.32146;       0.30881;3.44428;2
 -61.70431;30.32479;       0.30891;3.44428;2
 -61.67105;30.32813;       0.30890;3.44428;2
 -61.63785;30.33146;       0.30893;3.44428;2
 -61.60463;30.33479;       0.30895;3.44428;2
 -61.57140;30.33813;       0.30899;3.44428;2
 -61.53818;30.34146;       0.30901;3.44428;2
 -61.50495;30.34479;       0.30902;3.44429;2
 -61.47170;30.34813;       0.30904;3.44429;2
 -61.43844;30.35146;       0.30904;3.44429;2
 -61.40519;30.35479;       0.30907;3.44429;2
 -61.37192;30.35813;       0.30909;3.44429;2
 -61.33868;30.36146;       0.30915;3.44429;2
 -61.30545;30.36479;       0.30922;3.44429;2
 -61.27223;30.36813;       0.30934;3.44430;2
 -61.23897;30.37146;       0.30939;3.44430;2
 -61.20568;30.37479;       0.30942;3.44430;2
 -61.17244;30.37812;       0.30951;3.44430;2
 -61.13918;30.38146;       0.30955;3.44430;2
 -61.10590;30.38479;       0.30959;3.44430;2
 -61.07263;30.38812;       0.30960;3.44430;2
 -61.03937;30.39146;       0.30962;3.44430;2
 -61.00611;30.39479;       0.30969;3.44431;2
 -60.97287;30.39812;       0.30977;3.44431;2
 -60.93962;30.40146;       0.30977;3.44431;2
 -60.90636;30.40479;       0.30979;3.44431;2
 -60.87309;30.40812;       0.30986;3.44431;2
 -60.83982;30.41146;       0.30995;3.44431;2
 -60.80660;30.41479;       0.31000;3.44431;2
 -60.77337;30.41812;       0.31005;3.44431;2
 -60.74009;30.42146;       0.31012;3.44432;2
 -60.70681;30.42479;       0.31017;3.44432;2
 -60.67355;30.42812;       0.31022;3.44432;2
 -60.64030;30.43145;       0.31028;3.44432;2
 -60.60707;30.43479;       0.31033;3.44432;2
 -60.57381;30.43812;       0.31040;3.44432;2
 -60.54051;30.44145;       0.31048;3.44432;2
 -60.50724;30.44479;       0.31051;3.44432;2
 -60.47391;30.44812;       0.31055;3.44433;2
 -60.44058;30.45145;       0.31061;3.44433;2
 -60.40720;30.45479;       0.31066;3.44433;2
 -60.37385;30.45812;       0.31070;3.44433;2
 -60.34051;30.46145;       0.31075;3.44433;2
 -60.30717;30.46479;       0.31081;3.44433;2
 -60.27383;30.46812;       0.31088;3.44433;2
 -60.24048;30.47145;       0.31095;3.44433;2
 -60.20708;30.47479;       0.31100;3.44433;2
 -60.17372;30.47812;       0.31105;3.44433;2
 -60.14039;30.48145;       0.31111;3.44434;2
 -60.10704;30.48478;       0.31118;3.44434;2
 -60.07375;30.48812;       0.31125;3.44434;2
 -60.04044;30.49145;       0.31131;3.44434;2
 -60.00712;30.49478;       0.31138;3.44434;2
 -59.97380;30.49812;       0.31145;3.44434;2
 -59.94051;30.50145;       0.31152;3.44434;2
 -59.90719;30.50478;       0.31160;3.44434;2
 -59.87387;30.50812;       0.31165;3.44434;2
 -59.84056;30.51145;       0.31172;3.44435;2
 -59.80721;30.51478;       0.31177;3.44435;2
 -59.77387;30.51812;       0.31183;3.44435;2
 -59.74053;30.52145;       0.31190;3.44435;2
 -59.70715;30.52478;       0.31192;3.44435;2
 -59.67378;30.52812;       0.31191;3.44435;2
 -59.64042;30.53145;       0.31200;3.44435;2
 -59.60706;30.53478;       0.31216;3.44435;2
 -59.57366;30.53811;       0.31226;3.44435;2
 -59.54025;30.54145;       0.31232;3.44435;2
 -59.50688;30.54478;       0.31241;3.44436;2
 -59.47353;30.54811;       0.31253;3.44436;2
 -59.44019;30.55145;       0.31260;3.44436;2
 -59.40684;30.55478;       0.31263;3.44436;2
 -59.37347;30.55811;       0.31268;3.44436;2
 -59.34012;30.56145;       0.31277;3.44436;2
 -59.30675;30.56478;       0.31284;3.44436;2
 -59.27341;30.56811;       0.31287;3.44436;2
 -59.24003;30.57145;       0.31288;3.44436;2
 -59.20664;30.57478;       0.31293;3.44436;2
 -59.17328;30.57811;       0.31302;3.44437;2
 -59.13991;30.58145;       0.31307;3.44437;2
 -59.10657;30.58478;       0.31312;3.44437;2
 -59.07324;30.58811;       0.31315;3.44437;2
 -59.03988;30.59144;       0.31328;3.44437;2
 -59.00655;30.59478;       0.31343;3.44437;2
 -58.97324;30.59811;       0.31350;3.44437;2
 -58.93989;30.60144;       0.31358;3.44437;2
 -58.90651;30.60478;       0.31366;3.44437;2
 -58.87313;30.60811;       0.31372;3.44437;2
 -58.83976;30.61144;       0.31379;3.44437;2
 -58.80642;30.61478;       0.31388;3.44437;2
 -58.77305;30.61811;       0.31395;3.44438;2
 -58.73965;30.62144;       0.31400;3.44438;2
 -58.70625;30.62478;       0.31406;3.44438;2
 -58.67285;30.62811;       0.31415;3.44438;2
 -58.63952;30.63144;       0.31422;3.44438;2
 -58.60615;30.63478;       0.31430;3.44438;2
 -58.57277;30.63811;       0.31436;3.44438;2
 -58.53941;30.64144;       0.31444;3.44438;2
 -58.50610;30.64477;       0.31452;3.44438;2
 -58.47277;30.64811;       0.31459;3.44438;2
 -58.43943;30.65144;       0.31464;3.44438;2
 -58.40607;30.65477;       0.31468;3.44438;2
 -58.37273;30.65811;       0.31466;3.44439;2
 -58.33937;30.66144;       0.31468;3.44439;2
 -58.30602;30.66477;       0.31469;3.44439;2
 -58.27265;30.66811;       0.31471;3.44439;2
 -58.23927;30.67144;       0.31479;3.44439;2
 -58.20592;30.67477;       0.31493;3.44439;2
 -58.17256;30.67811;       0.31515;3.44439;2
 -58.13922;30.68144;       0.31526;3.44439;2
 -58.10589;30.68477;       0.31527;3.44439;2
 -58.07258;30.68811;       0.31528;3.44439;2
 -58.03917;30.69144;       0.31532;3.44439;2
 -58.00582;30.69477;       0.31532;3.44439;2
 -57.97248;30.69810;       0.31542;3.44439;2
 -57.93913;30.70144;       0.31557;3.44439;2
 -57.90576;30.70477;       0.31563;3.44440;2
 -57.87243;30.70810;       0.31565;3.44440;2
 -57.83909;30.71144;       0.31567;3.44440;2
 -57.80575;30.71477;       0.31573;3.44440;2
 -57.77240;30.71810;       0.31577;3.44440;2
 -57.73902;30.72144;       0.31579;3.44440;2
 -57.70565;30.72477;       0.31579;3.44440;2
 -57.67230;30.72810;       0.31580;3.44440;2
 -57.63897;30.73144;       0.31588;3.44440;2
 -57.60565;30.73477;       0.31596;3.44440;2
 -57.57230;30.73810;       0.31605;3.44440;2
 -57.53896;30.74144;       0.31612;3.44440;2
 -57.50564;30.74477;       0.31617;3.44440;2
 -57.47229;30.74810;       0.31620;3.44440;2
 -57.43895;30.75143;       0.31624;3.44440;2
 -57.40562;30.75477;       0.31625;3.44440;2
 -57.37224;30.75810;       0.31630;3.44440;2
 -57.33887;30.76143;       0.31636;3.44441;2
 -57.30553;30.76477;       0.31642;3.44441;2
 -57.27217;30.76810;       0.31649;3.44441;2
 -57.23881;30.77143;       0.31656;3.44441;2
 -57.20548;30.77477;       0.31666;3.44441;2
 -57.17215;30.77810;       0.31675;3.44441;2
 -57.13880;30.78143;       0.31684;3.44441;2
 -57.10543;30.78477;       0.31696;3.44441;2
 -57.07209;30.78810;       0.31699;3.44441;2
 -57.03873;30.79143;       0.31703;3.44441;2
 -57.00541;30.79477;       0.31709;3.44441;2
 -56.97207;30.79810;       0.31716;3.44441;2
 -56.93872;30.80143;       0.31725;3.44441;2
 -56.90542;30.80476;       0.31736;3.44441;2
 -56.87210;30.80810;       0.31745;3.44441;2
 -56.83877;30.81143;       0.31749;3.44441;2
 -56.80541;30.81476;       0.31745;3.44441;2
 -56.77203;30.81810;       0.31743;3.44441;2
 -56.73866;30.82143;       0.31744;3.44441;2
 -56.70531;30.82476;       0.31754;3.44441;2
 -56.67197;30.82810;       0.31763;3.44441;2
 -56.63862;30.83143;       0.31772;3.44442;2
 -56.60522;30.83476;       0.31779;3.44442;2
 -56.57185;30.83810;       0.31784;3.44442;2
 -56.53852;30.84143;       0.31786;3.44442;2
 -56.50517;30.84476;       0.31790;3.44442;2
 -56.47179;30.84810;       0.31794;3.44442;2
 -56.43840;30.85143;       0.31797;3.44442;2
 -56.40503;30.85476;       0.31803;3.44442;2
 -56.37167;30.85809;       0.31808;3.44442;2
 -56.33830;30.86143;       0.31814;3.44442;2
 -56.30499;30.86476;       0.31822;3.44442;2
 -56.27161;30.86809;       0.31828;3.44442;2
 -56.23826;30.87143;       0.31833;3.44442;2
 -56.20490;30.87476;       0.31837;3.44442;2
 -56.17150;30.87809;       0.31840;3.44442;2
 -56.13816;30.88143;       0.31846;3.44442;2
 -56.10480;30.88476;       0.31851;3.44442;2
 -56.07144;30.88809;       0.31857;3.44442;2
 -56.03809;30.89143;       0.31864;3.44442;2
 -56.00478;30.89476;       0.31870;3.44442;2
 -55.97147;30.89809;       0.31877;3.44442;2
 -55.93815;30.90143;       0.31882;3.44442;2
 -55.90486;30.90476;       0.31887;3.44442;2
 -55.87153;30.90809;       0.31895;3.44442;2
 -55.83817;30.91142;       0.31906;3.44442;2
 -55.80486;30.91476;       0.31912;3.44442;2
 -55.77153;30.91809;       0.31920;3.44442;2
 -55.73823;30.92142;       0.31926;3.44442;2
 -55.70494;30.92476;       0.31933;3.44442;2
 -55.67168;30.92809;       0.31939;3.44442;2
 -55.63843;30.93142;       0.31941;3.44442;2
 -55.60513;30.93476;       0.31944;3.44442;2
 -55.57180;30.93809;       0.31949;3.44442;2
 -55.53846;30.94142;       0.31957;3.44443;2
 -55.50516;30.94476;       0.31958;3.44443;2
 -55.47185;30.94809;       0.31962;3.44443;2
 -55.43857;30.95142;       0.31968;3.44443;2
 -55.40526;30.95476;       0.31979;3.44443;2
 -55.37196;30.95809;       0.31986;3.44443;2
 -55.33868;30.96142;       0.31993;3.44443;2
 -55.30540;30.96475;       0.31998;3.44443;2
 -55.27210;30.96809;       0.31996;3.44443;2
 -55.23885;30.97142;       0.31996;3.44443;2
 -55.20553;30.97475;       0.32000;3.44443;2
 -55.17223;30.97809;       0.32005;3.44443;2
 -55.13893;30.98142;       0.32008;3.44443;2
 -55.10561;30.98475;       0.32015;3.44443;2
 -55.07229;30.98809;       0.32021;3.44443;2
 -55.03893;30.99142;       0.32023;3.44443;2
 -55.00558;30.99475;       0.32027;3.44443;2
 -54.97223;30.99809;       0.32035;3.44443;2
 -54.93889;31.00142;       0.32048;3.44443;2
 -54.90554;31.00475;       0.32054;3.44443;2
 -54.87215;31.00809;       0.32063;3.44443;2
 -54.83878;31.01142;       0.32071;3.44443;2
 -54.80543;31.01475;       0.32077;3.44443;2
 -54.77212;31.01809;       0.32086;3.44443;2
 -54.73882;31.02142;       0.32094;3.44443;2
 -54.70548;31.02475;       0.32095;3.44443;2
 -54.67216;31.02808;       0.32100;3.44443;2
 -54.63881;31.03142;       0.32104;3.44443;2
 -54.60547;31.03475;       0.32109;3.44443;2
 -54.57214;31.03808;       0.32121;3.44443;2
 -54.53880;31.04142;       0.32127;3.44443;2
 -54.50546;31.04475;       0.32129;3.44443;2
 -54.47212;31.04808;       0.32132;3.44443;2
 -54.43879;31.05142;       0.32136;3.44443;2
 -54.40545;31.05475;       0.32141;3.44443;2
 -54.37213;31.05808;       0.32142;3.44443;2
 -54.33880;31.06142;       0.32147;3.44443;2
 -54.30551;31.06475;       0.32154;3.44443;2
 -54.27218;31.06808;       0.32160;3.44443;2
 -54.23890;31.07142;       0.32166;3.44443;2
 -54.20559;31.07475;       0.32173;3.44443;2
 -54.17226;31.07808;       0.32179;3.44443;2
 -54.13900;31.08141;       0.32186;3.44443;2
 -54.10570;31.08475;       0.32193;3.44443;2
 -54.07238;31.08808;       0.32200;3.44443;2
 -54.03906;31.09141;       0.32204;3.44443;2
 -54.00570;31.09475;       0.32210;3.44443;2
 -53.97236;31.09808;       0.32218;3.44443;2
 -53.93900;31.10141;       0.32226;3.44443;2
 -53.90568;31.10475;       0.32232;3.44443;2
 -53.87231;31.10808;       0.32238;3.44443;2
 -53.83893;31.11141;       0.32237;3.44443;2
 -53.80560;31.11475;       0.32240;3.44443;2
 -53.77222;31.11808;       0.32246;3.44443;2
 -53.73888;31.12141;       0.32258;3.44443;2
 -53.70552;31.12475;       0.32267;3.44443;2
 -53.67214;31.12808;       0.32271;3.44443;2
 -53.63875;31.13141;       0.32278;3.44443;2
 -53.60536;31.13474;       0.32289;3.44442;2
 -53.57201;31.13808;       0.32297;3.44442;2
 -53.53865;31.14141;       0.32304;3.44442;2
 -53.50531;31.14474;       0.32306;3.44442;2
 -53.47196;31.14808;       0.32301;3.44442;2
 -53.43858;31.15141;       0.32304;3.44442;2
 -53.40518;31.15474;       0.32312;3.44442;2
 -53.37182;31.15808;       0.32321;3.44442;2
 -53.33844;31.16141;       0.32330;3.44442;2
 -53.30509;31.16474;       0.32334;3.44442;2
 -53.27175;31.16808;       0.32338;3.44442;2
 -53.23841;31.17141;       0.32344;3.44442;2
 -53.20499;31.17474;       0.32352;3.44442;2
 -53.17162;31.17808;       0.32361;3.44442;2
 -53.13826;31.18141;       0.32369;3.44442;2
 -53.10489;31.18474;       0.32378;3.44442;2
 -53.07154;31.18807;       0.32386;3.44442;2
 -53.03817;31.19141;       0.32393;3.44442;2
 -53.00481;31.19474;       0.32395;3.44442;2
 -52.97143;31.19807;       0.32402;3.44442;2
 -52.93805;31.20141;       0.32407;3.44442;2
 -52.90465;31.20474;       0.32413;3.44442;2
 -52.87128;31.20807;       0.32421;3.44442;2
 -52.83794;31.21141;       0.32429;3.44442;2
 -52.80458;31.21474;       0.32435;3.44442;2
 -52.77120;31.21807;       0.32441;3.44442;2
 -52.73781;31.22141;       0.32444;3.44442;2
 -52.70444;31.22474;       0.32450;3.44442;2
 -52.67109;31.22807;       0.32456;3.44442;2
 -52.63772;31.23141;       0.32463;3.44442;2
 -52.60440;31.23474;       0.32468;3.44442;2
 -52.57105;31.23807;       0.32472;3.44442;2
 -52.53771;31.24140;       0.32480;3.44442;2
 -52.50435;31.24474;       0.32484;3.44442;2
 -52.47099;31.24807;       0.32490;3.44441;2
 -52.43763;31.25140;       0.32494;3.44441;2
 -52.40428;31.25474;       0.32500;3.44441;2
 -52.37095;31.25807;       0.32501;3.44441;2
 -52.33759;31.26140;       0.32503;3.44441;2
 -52.30425;31.26474;       0.32509;3.44441;2
 -52.27090;31.26807;       0.32520;3.44441;2
 -52.23753;31.27140;       0.32534;3.44441;2
 -52.20419;31.27474;       0.32545;3.44441;2
 -52.17087;31.27807;       0.32550;3.44441;2
 -52.13758;31.28140;       0.32552;3.44441;2
 -52.10425;31.28474;       0.32554;3.44441;2
 -52.07096;31.28807;       0.32558;3.44441;2
 -52.03767;31.29140;       0.32566;3.44441;2
 -52.00436;31.29473;       0.32572;3.44441;2
 -51.97105;31.29807;       0.32582;3.44441;2
 -51.93776;31.30140;       0.32591;3.44441;2
 -51.90444;31.30473;       0.32606;3.44441;2
 -51.87109;31.30807;       0.32613;3.44441;2
 -51.83776;31.31140;       0.32620;3.44441;2
 -51.80449;31.31473;       0.32626;3.44440;2
 -51.77119;31.31807;       0.32628;3.44440;2
 -51.73790;31.32140;       0.32633;3.44440;2
 -51.70457;31.32473;       0.32639;3.44440;2
 -51.67123;31.32807;       0.32643;3.44440;2
 -51.63792;31.33140;       0.32647;3.44440;2
 -51.60460;31.33473;       0.32653;3.44440;2
 -51.57125;31.33807;       0.32656;3.44440;2
 -51.53793;31.34140;       0.32661;3.44440;2
 -51.50462;31.34473;       0.32669;3.44440;2
 -51.47128;31.34806;       0.32676;3.44440;2
 -51.43793;31.35140;       0.32678;3.44440;2
 -51.40464;31.35473;       0.32678;3.44440;2
 -51.37133;31.35806;       0.32678;3.44440;2
 -51.33798;31.36140;       0.32680;3.44440;2
 -51.30464;31.36473;       0.32689;3.44440;2
 -51.27131;31.36806;       0.32701;3.44440;2
 -51.23793;31.37140;       0.32708;3.44439;2
 -51.20458;31.37473;       0.32715;3.44439;2
 -51.17124;31.37806;       0.32719;3.44439;2
 -51.13789;31.38140;       0.32723;3.44439;2
 -51.10454;31.38473;       0.32727;3.44439;2
 -51.07120;31.38806;       0.32732;3.44439;2
 -51.03788;31.39140;       0.32736;3.44439;2
 -51.00459;31.39473;       0.32739;3.44439;2
 -50.97129;31.39806;       0.32743;3.44439;2
 -50.93800;31.40139;       0.32751;3.44439;2
 -50.90469;31.40473;       0.32759;3.44439;2
 -50.87140;31.40806;       0.32764;3.44439;2
 -50.83808;31.41139;       0.32769;3.44439;2
 -50.80476;31.41473;       0.32778;3.44439;2
 -50.77149;31.41806;       0.32785;3.44438;2
 -50.73819;31.42139;       0.32790;3.44438;2
 -50.70490;31.42473;       0.32795;3.44438;2
 -50.67161;31.42806;       0.32801;3.44438;2
 -50.63832;31.43139;       0.32806;3.44438;2
 -50.60503;31.43473;       0.32806;3.44438;2
 -50.57173;31.43806;       0.32809;3.44438;2
 -50.53847;31.44139;       0.32810;3.44438;2
 -50.50516;31.44473;       0.32815;3.44438;2
 -50.47188;31.44806;       0.32823;3.44438;2
 -50.43859;31.45139;       0.32835;3.44438;2
 -50.40531;31.45472;       0.32847;3.44438;2
 -50.37201;31.45806;       0.32855;3.44438;2
 -50.33869;31.46139;       0.32859;3.44437;2
 -50.30542;31.46472;       0.32862;3.44437;2
 -50.27210;31.46806;       0.32868;3.44437;2
 -50.23876;31.47139;       0.32874;3.44437;2
 -50.20545;31.47472;       0.32884;3.44437;2
 -50.17209;31.47806;       0.32893;3.44437;2
 -50.13877;31.48139;       0.32899;3.44437;2
 -50.10544;31.48472;       0.32901;3.44437;2
 -50.07209;31.48806;       0.32903;3.44437;2
 -50.03869;31.49139;       0.32908;3.44437;2
 -50.00532;31.49472;       0.32914;3.44437;2
 -49.97197;31.49806;       0.32919;3.44436;2
 -49.93861;31.50139;       0.32927;3.44436;2
 -49.90527;31.50472;       0.32932;3.44436;2
 -49.87193;31.50805;       0.32933;3.44436;2
 -49.83860;31.51139;       0.32938;3.44436;2
 -49.80530;31.51472;       0.32947;3.44436;2
 -49.77199;31.51805;       0.32957;3.44436;2
 -49.73866;31.52139;       0.32962;3.44436;2
 -49.70531;31.52472;       0.32965;3.44436;2
 -49.67199;31.52805;       0.32972;3.44436;2
 -49.63870;31.53139;       0.32978;3.44436;2
 -49.60537;31.53472;       0.32985;3.44435;2
 -49.57203;31.53805;       0.32989;3.44435;2
 -49.53870;31.54139;       0.32995;3.44435;2
 -49.50536;31.54472;       0.32999;3.44435;2
 -49.47208;31.54805;       0.33007;3.44435;2
 -49.43880;31.55139;       0.33014;3.44435;2
 -49.40548;31.55472;       0.33019;3.44435;2
 -49.37216;31.55805;       0.33019;3.44435;2
 -49.33885;31.56138;       0.33020;3.44435;2
 -49.30555;31.56472;       0.33024;3.44435;2
 -49.27228;31.56805;       0.33032;3.44434;2
 -49.23895;31.57138;       0.33043;3.44434;2
 -49.20564;31.57472;       0.33051;3.44434;2
 -49.17233;31.57805;       0.33053;3.44434;2
 -49.13908;31.58138;       0.33055;3.44434;2
 -49.10581;31.58472;       0.33062;3.44434;2
 -49.07254;31.58805;       0.33072;3.44434;2
 -49.03919;31.59138;       0.33080;3.44434;2
 -49.00586;31.59472;       0.33090;3.44434;2
 -48.97250;31.59805;       0.33097;3.44433;2
 -48.93915;31.60138;       0.33103;3.44433;2
 -48.90583;31.60472;       0.33109;3.44433;2
 -48.87249;31.60805;       0.33114;3.44433;2
 -48.83914;31.61138;       0.33123;3.44433;2
 -48.80583;31.61471;       0.33128;3.44433;2
 -48.77248;31.61805;       0.33134;3.44433;2
 -48.73911;31.62138;       0.33140;3.44433;2
 -48.70580;31.62471;       0.33145;3.44433;2
 -48.67246;31.62805;       0.33150;3.44432;2
 -48.63911;31.63138;       0.33155;3.44432;2
 -48.60574;31.63471;       0.33154;3.44432;2
 -48.57240;31.63805;       0.33153;3.44432;2
 -48.53907;31.64138;       0.33158;3.44432;2
 -48.50570;31.64471;       0.33162;3.44432;2
 -48.47238;31.64805;       0.33167;3.44432;2
 -48.43905;31.65138;       0.33174;3.44432;2
 -48.40576;31.65471;       0.33183;3.44431;2
 -48.37245;31.65805;       0.33194;3.44431;2
 -48.33917;31.66138;       0.33208;3.44431;2
 -48.30584;31.66471;       0.33218;3.44431;2
 -48.27250;31.66804;       0.33225;3.44431;2
 -48.23918;31.67138;       0.33230;3.44431;2
 -48.20587;31.67471;       0.33236;3.44431;2
 -48.17254;31.67804;       0.33241;3.44431;2
 -48.13925;31.68138;       0.33246;3.44430;2
 -48.10594;31.68471;       0.33246;3.44430;2
 -48.07263;31.68804;       0.33248;3.44430;2
 -48.03932;31.69138;       0.33248;3.44430;2
 -48.00602;31.69471;       0.33255;3.44430;2
 -47.97272;31.69804;       0.33264;3.44430;2
 -47.93938;31.70138;       0.33269;3.44430;2
 -47.90606;31.70471;       0.33276;3.44430;2
 -47.87273;31.70804;       0.33281;3.44429;2
 -47.83943;31.71138;       0.33289;3.44429;2
 -47.80611;31.71471;       0.33298;3.44429;2
 -47.77278;31.71804;       0.33304;3.44429;2
 -47.73941;31.72137;       0.33308;3.44429;2
 -47.70606;31.72471;       0.33313;3.44429;2
 -47.67270;31.72804;       0.33317;3.44429;2
 -47.63934;31.73137;       0.33322;3.44429;2
 -47.60596;31.73471;       0.33331;3.44428;2
 -47.57263;31.73804;       0.33335;3.44428;2
 -47.53931;31.74137;       0.33335;3.44428;2
 -47.50601;31.74471;       0.33337;3.44428;2
 -47.47268;31.74804;       0.33340;3.44428;2
 -47.43930;31.75137;       0.33341;3.44428;2
 -47.40593;31.75471;       0.33344;3.44428;2
 -47.37257;31.75804;       0.33347;3.44427;2
 -47.33923;31.76137;       0.33352;3.44427;2
 -47.30589;31.76471;       0.33368;3.44427;2
 -47.27254;31.76804;       0.33384;3.44427;2
 -47.23917;31.77137;       0.33391;3.44427;2
 -47.20583;31.77470;       0.33401;3.44427;2
 -47.17249;31.77804;       0.33406;3.44427;2
 -47.13919;31.78137;       0.33410;3.44426;2
 -47.10582;31.78470;       0.33414;3.44426;2
 -47.07247;31.78804;       0.33418;3.44426;2
 -47.03912;31.79137;       0.33416;3.44426;2
 -47.00582;31.79470;       0.33412;3.44426;2
 -46.97252;31.79804;       0.33412;3.44426;2
 -46.93921;31.80137;       0.33414;3.44426;2
 -46.90586;31.80470;       0.33419;3.44425;2
 -46.87252;31.80804;       0.33424;3.44425;2
 -46.83918;31.81137;       0.33432;3.44425;2
 -46.80587;31.81470;       0.33440;3.44425;2
 -46.77253;31.81804;       0.33451;3.44425;2
 -46.73921;31.82137;       0.33457;3.44425;2
 -46.70593;31.82470;       0.33466;3.44424;2
 -46.67260;31.82804;       0.33470;3.44424;2
 -46.63929;31.83137;       0.33476;3.44424;2
 -46.60593;31.83470;       0.33475;3.44424;2
 -46.57261;31.83803;       0.33470;3.44424;2
 -46.53926;31.84137;       0.33473;3.44424;2
 -46.50591;31.84470;       0.33490;3.44423;2
 -46.47258;31.84803;       0.33506;3.44423;2
 -46.43920;31.85137;       0.33513;3.44423;2
 -46.40586;31.85470;       0.33515;3.44423;2
 -46.37248;31.85803;       0.33516;3.44423;2
 -46.33910;31.86137;       0.33522;3.44423;2
 -46.30572;31.86470;       0.33525;3.44423;2
 -46.27240;31.86803;       0.33533;3.44422;2
 -46.23905;31.87137;       0.33539;3.44422;2
 -46.20568;31.87470;       0.33538;3.44422;2
 -46.17236;31.87803;       0.33541;3.44422;2
 -46.13903;31.88137;       0.33548;3.44422;2
 -46.10566;31.88470;       0.33556;3.44422;2
 -46.07227;31.88803;       0.33566;3.44421;2
 -46.03890;31.89136;       0.33574;3.44421;2
 -46.00552;31.89470;       0.33578;3.44421;2
 -45.97217;31.89803;       0.33584;3.44421;2
 -45.93884;31.90136;       0.33591;3.44421;2
 -45.90548;31.90470;       0.33602;3.44421;2
 -45.87218;31.90803;       0.33610;3.44420;2
 -45.83886;31.91136;       0.33616;3.44420;2
 -45.80550;31.91470;       0.33616;3.44420;2
 -45.77216;31.91803;       0.33621;3.44420;2
 -45.73880;31.92136;       0.33623;3.44420;2
 -45.70545;31.92470;       0.33626;3.44419;2
 -45.67213;31.92803;       0.33633;3.44419;2
 -45.63883;31.93136;       0.33646;3.44419;2
 -45.60554;31.93470;       0.33651;3.44419;2
 -45.57225;31.93803;       0.33655;3.44419;2
 -45.53891;31.94136;       0.33659;3.44419;2
 -45.50557;31.94469;       0.33661;3.44418;2
 -45.47225;31.94803;       0.33668;3.44418;2
 -45.43892;31.95136;       0.33675;3.44418;2
 -45.40559;31.95469;       0.33685;3.44418;2
 -45.37226;31.95803;       0.33691;3.44418;2
 -45.33897;31.96136;       0.33697;3.44418;2
 -45.30563;31.96469;       0.33707;3.44417;2
 -45.27227;31.96803;       0.33714;3.44417;2
 -45.23893;31.97136;       0.33723;3.44417;2
 -45.20557;31.97469;       0.33731;3.44417;2
 -45.17224;31.97803;       0.33735;3.44417;2
 -45.13892;31.98136;       0.33740;3.44416;2
 -45.10556;31.98469;       0.33746;3.44416;2
 -45.07221;31.98803;       0.33758;3.44416;2
 -45.03888;31.99136;       0.33763;3.44416;2
 -45.00556;31.99469;       0.33767;3.44416;2
 -44.97222;31.99802;       0.33771;3.44415;2
 -44.93883;32.00136;       0.33770;3.44415;2
 -44.90550;32.00469;       0.33769;3.44415;2
 -44.87219;32.00802;       0.33771;3.44415;2
 -44.83889;32.01136;       0.33772;3.44415;2
 -44.80561;32.01469;       0.33775;3.44415;2
 -44.77229;32.01802;       0.33781;3.44414;2
 -44.73897;32.02136;       0.33793;3.44414;2
 -44.70566;32.02469;       0.33804;3.44414;2
 -44.67231;32.02802;       0.33808;3.44414;2
 -44.63899;32.03136;       0.33810;3.44414;2
 -44.60570;32.03469;       0.33811;3.44413;2
 -44.57239;32.03802;       0.33815;3.44413;2
 -44.53911;32.04136;       0.33822;3.44413;2
 -44.50581;32.04469;       0.33829;3.44413;2
 -44.47251;32.04802;       0.33836;3.44413;2
 -44.43917;32.05135;       0.33841;3.44412;2
 -44.40586;32.05469;       0.33852;3.44412;2
 -44.37254;32.05802;       0.33862;3.44412;2
 -44.33921;32.06135;       0.33865;3.44412;2
 -44.30590;32.06469;       0.33868;3.44412;2
 -44.27257;32.06802;       0.33875;3.44411;2
 -44.23926;32.07135;       0.33882;3.44411;2
 -44.20595;32.07469;       0.33886;3.44411;2
 -44.17264;32.07802;       0.33894;3.44411;2
 -44.13932;32.08135;       0.33899;3.44411;2
 -44.10601;32.08469;       0.33902;3.44410;2
 -44.07272;32.08802;       0.33908;3.44410;2
 -44.03946;32.09135;       0.33915;3.44410;2
 -44.00616;32.09469;       0.33919;3.44410;2
 -43.97287;32.09802;       0.33925;3.44409;2
 -43.93955;32.10135;       0.33931;3.44409;2
 -43.90622;32.10468;       0.33935;3.44409;2
 -43.87293;32.10802;       0.33941;3.44409;2
 -43.83961;32.11135;       0.33950;3.44409;2
 -43.80628;32.11468;       0.33955;3.44408;2
 -43.77295;32.11802;       0.33956;3.44408;2
 -43.73964;32.12135;       0.33958;3.44408;2
 -43.70631;32.12468;       0.33963;3.44408;2
 -43.67302;32.12802;       0.33969;3.44408;2
 -43.63969;32.13135;       0.33981;3.44407;2
 -43.60636;32.13468;       0.33987;3.44407;2
 -43.57302;32.13802;       0.33996;3.44407;2
 -43.53968;32.14135;       0.34004;3.44407;2
 -43.50636;32.14468;       0.34012;3.44406;2
 -43.47308;32.14802;       0.34022;3.44406;2
 -43.43972;32.15135;       0.34028;3.44406;2
 -43.40639;32.15468;       0.34027;3.44406;2
 -43.37307;32.15801;       0.34027;3.44406;2
 -43.33976;32.16135;       0.34028;3.44405;2
 -43.30643;32.16468;       0.34030;3.44405;2
 -43.27311;32.16801;       0.34035;3.44405;2
 -43.23980;32.17135;       0.34040;3.44405;2
 -43.20653;32.17468;       0.34050;3.44405;2
 -43.17325;32.17801;       0.34052;3.44404;2
 -43.13997;32.18135;       0.34059;3.44404;2
 -43.10666;32.18468;       0.34077;3.44404;2
 -43.07335;32.18801;       0.34088;3.44404;2
 -43.04004;32.19135;       0.34099;3.44403;2
 -43.00670;32.19468;       0.34098;3.44403;2
 -42.97337;32.19801;       0.34097;3.44403;2
 -42.94005;32.20135;       0.34107;3.44403;2
 -42.90677;32.20468;       0.34105;3.44402;2
 -42.87344;32.20801;       0.34109;3.44402;2
 -42.84010;32.21134;       0.34123;3.44402;2
 -42.80677;32.21468;       0.34132;3.44402;2
 -42.77341;32.21801;       0.34141;3.44402;2
 -42.74007;32.22134;       0.34153;3.44401;2
 -42.70677;32.22468;       0.34169;3.44401;2
 -42.67345;32.22801;       0.34181;3.44401;2
 -42.64009;32.23134;       0.34184;3.44401;2
 -42.60675;32.23468;       0.34189;3.44400;2
 -42.57339;32.23801;       0.34196;3.44400;2
 -42.54005;32.24134;       0.34197;3.44400;2
 -42.50667;32.24468;       0.34196;3.44400;2
 -42.47332;32.24801;       0.34198;3.44399;2
 -42.43996;32.25134;       0.34216;3.44399;2
 -42.40660;32.25468;       0.34231;3.44399;2
 -42.37325;32.25801;       0.34236;3.44399;2
 -42.33990;32.26134;       0.34237;3.44398;2
 -42.30661;32.26467;       0.34240;3.44398;2
 -42.27325;32.26801;       0.34246;3.44398;2
 -42.23990;32.27134;       0.34252;3.44398;2
 -42.20652;32.27467;       0.34258;3.44397;2
 -42.17315;32.27801;       0.34264;3.44397;2
 -42.13981;32.28134;       0.34273;3.44397;2
 -42.10645;32.28467;       0.34280;3.44397;2
 -42.07307;32.28801;       0.34287;3.44396;2
 -42.03968;32.29134;       0.34294;3.44396;2
 -42.00631;32.29467;       0.34296;3.44396;2
 -41.97293;32.29801;       0.34301;3.44396;2
 -41.93958;32.30134;       0.34308;3.44395;2
 -41.90622;32.30467;       0.34314;3.44395;2
 -41.87286;32.30801;       0.34320;3.44395;2
 -41.83952;32.31134;       0.34329;3.44395;2
 -41.80612;32.31467;       0.34337;3.44395;2
 -41.77275;32.31800;       0.34343;3.44394;2
 -41.73939;32.32134;       0.34353;3.44394;2
 -41.70602;32.32467;       0.34363;3.44394;2
 -41.67268;32.32800;       0.34370;3.44393;2
 -41.63932;32.33134;       0.34374;3.44393;2
 -41.60596;32.33467;       0.34380;3.44393;2
 -41.57260;32.33800;       0.34389;3.44393;2
 -41.53926;32.34134;       0.34399;3.44392;2
 -41.50588;32.34467;       0.34405;3.44392;2
 -41.47250;32.34800;       0.34410;3.44392;2
 -41.43910;32.35134;       0.34414;3.44392;2
 -41.40578;32.35467;       0.34418;3.44391;2
 -41.37240;32.35800;       0.34421;3.44391;2
 -41.33904;32.36134;       0.34424;3.44391;2
 -41.30568;32.36467;       0.34427;3.44391;2
 -41.27232;32.36800;       0.34430;3.44390;2
 -41.23897;32.37133;       0.34433;3.44390;2
 -41.20560;32.37467;       0.34439;3.44390;2
 -41.17219;32.37800;       0.34446;3.44390;2
 -41.13878;32.38133;       0.34454;3.44389;2
 -41.10537;32.38467;       0.34459;3.44389;2
 -41.07195;32.38800;       0.34466;3.44389;2
 -41.03855;32.39133;       0.34470;3.44388;2
 -41.00517;32.39467;       0.34473;3.44388;2
 -40.97182;32.39800;       0.34481;3.44388;2
 -40.93848;32.40133;       0.34488;3.44388;2
 -40.90512;32.40467;       0.34496;3.44387;2
 -40.87176;32.40800;       0.34502;3.44387;2
 -40.83844;32.41133;       0.34504;3.44387;2
 -40.80511;32.41467;       0.34502;3.44387;2
 -40.77176;32.41800;       0.34504;3.44386;2
 -40.73835;32.42133;       0.34520;3.44386;2
 -40.70496;32.42466;       0.34533;3.44386;2
 -40.67157;32.42800;       0.34549;3.44386;2
 -40.63820;32.43133;       0.34558;3.44385;2
 -40.60486;32.43466;       0.34566;3.44385;2
 -40.57150;32.43800;       0.34577;3.44385;2
 -40.53816;32.44133;       0.34587;3.44384;2
 -40.50482;32.44466;       0.34586;3.44384;2
 -40.47150;32.44800;       0.34575;3.44384;2
 -40.43818;32.45133;       0.34574;3.44384;2
 -40.40480;32.45466;       0.34576;3.44383;2
 -40.37146;32.45800;       0.34579;3.44383;2
 -40.33810;32.46133;       0.34580;3.44383;2
 -40.30474;32.46466;       0.34585;3.44382;2
 -40.27135;32.46800;       0.34589;3.44382;2
 -40.23799;32.47133;       0.34594;3.44382;2
 -40.20462;32.47466;       0.34598;3.44382;2
 -40.17127;32.47799;       0.34603;3.44381;2
 -40.13793;32.48133;       0.34610;3.44381;2
 -40.10454;32.48466;       0.34612;3.44381;2
 -40.07118;32.48799;       0.34612;3.44380;2
 -40.03781;32.49133;       0.34620;3.44380;2
 -40.00445;32.49466;       0.34631;3.44380;2
 -39.97107;32.49799;       0.34643;3.44380;2
 -39.93772;32.50133;       0.34643;3.44379;2
 -39.90436;32.50466;       0.34647;3.44379;2
 -39.87100;32.50799;       0.34656;3.44379;2
 -39.83764;32.51133;       0.34663;3.44378;2
 -39.80425;32.51466;       0.34667;3.44378;2
 -39.77088;32.51799;       0.34676;3.44378;2
 -39.73754;32.52133;       0.34683;3.44378;2
 -39.70419;32.52466;       0.34690;3.44377;2
 -39.67083;32.52799;       0.34693;3.44377;2
 -39.63749;32.53132;       0.34699;3.44377;2
 -39.60410;32.53466;       0.34701;3.44376;2
 -39.57077;32.53799;       0.34703;3.44376;2
 -39.53740;32.54132;       0.34707;3.44376;2
 -39.50404;32.54466;       0.34715;3.44376;2
 -39.47070;32.54799;       0.34722;3.44375;2
 -39.43736;32.55132;       0.34731;3.44375;2
 -39.40406;32.55466;       0.34737;3.44375;2
 -39.37071;32.55799;       0.34740;3.44374;2
 -39.33738;32.56132;       0.34745;3.44374;2
 -39.30402;32.56466;       0.34752;3.44374;2
 -39.27070;32.56799;       0.34759;3.44373;2
 -39.23737;32.57132;       0.34765;3.44373;2
 -39.20403;32.57466;       0.34769;3.44373;2
 -39.17073;32.57799;       0.34771;3.44373;2
 -39.13745;32.58132;       0.34767;3.44372;2
 -39.10417;32.58465;       0.34771;3.44372;2
 -39.07087;32.58799;       0.34776;3.44372;2
 -39.03763;32.59132;       0.34784;3.44371;2
 -39.00436;32.59465;       0.34794;3.44371;2
 -38.97108;32.59799;       0.34806;3.44371;2
 -38.93776;32.60132;       0.34810;3.44370;2
 -38.90443;32.60465;       0.34812;3.44370;2
 -38.87114;32.60799;       0.34817;3.44370;2
 -38.83782;32.61132;       0.34824;3.44369;2
 -38.80450;32.61465;       0.34829;3.44369;2
 -38.77119;32.61799;       0.34834;3.44369;2
 -38.73789;32.62132;       0.34843;3.44369;2
 -38.70465;32.62465;       0.34851;3.44368;2
 -38.67138;32.62799;       0.34860;3.44368;2
 -38.63812;32.63132;       0.34867;3.44368;2
 -38.60482;32.63465;       0.34873;3.44367;2
 -38.57153;32.63799;       0.34878;3.44367;2
 -38.53824;32.64132;       0.34876;3.44367;2
 -38.50493;32.64465;       0.34875;3.44366;2
 -38.47167;32.64798;       0.34875;3.44366;2
 -38.43834;32.65132;       0.34876;3.44366;2
 -38.40504;32.65465;       0.34878;3.44365;2
 -38.37178;32.65798;       0.34881;3.44365;2
 -38.33854;32.66132;       0.34884;3.44365;2
 -38.30525;32.66465;       0.34887;3.44364;2
 -38.27196;32.66798;       0.34897;3.44364;2
 -38.23870;32.67132;       0.34918;3.44364;2
 -38.20543;32.67465;       0.34934;3.44363;2
 -38.17217;32.67798;       0.34939;3.44363;2
 -38.13889;32.68132;       0.34936;3.44363;2
 -38.10560;32.68465;       0.34937;3.44362;2
 -38.07235;32.68798;       0.34945;3.44362;2
 -38.03908;32.69132;       0.34953;3.44362;2
 -38.00582;32.69465;       0.34958;3.44361;2
 -37.97256;32.69798;       0.34958;3.44361;2
 -37.93932;32.70131;       0.34955;3.44361;2
 -37.90605;32.70465;       0.34955;3.44360;2
 -37.87276;32.70798;       0.34957;3.44360;2
 -37.83950;32.71131;       0.34963;3.44360;2
 -37.80622;32.71465;       0.34968;3.44360;2
 -37.77298;32.71798;       0.34983;3.44359;2
 -37.73970;32.72131;       0.34990;3.44359;2
 -37.70644;32.72465;       0.34993;3.44359;2
 -37.67317;32.72798;       0.34996;3.44358;2
 -37.63994;32.73131;       0.35001;3.44358;2
 -37.60666;32.73465;       0.35006;3.44358;2
 -37.57340;32.73798;       0.35012;3.44357;2
 -37.54010;32.74131;       0.35018;3.44357;2
 -37.50683;32.74465;       0.35026;3.44357;2
 -37.47359;32.74798;       0.35027;3.44356;2
 -37.44035;32.75131;       0.35028;3.44356;2
 -37.40708;32.75464;       0.35032;3.44356;2
 -37.37375;32.75798;       0.35038;3.44355;2
 -37.34048;32.76131;       0.35042;3.44355;2
 -37.30721;32.76464;       0.35046;3.44354;2
 -37.27396;32.76798;       0.35048;3.44354;2
 -37.24066;32.77131;       0.35052;3.44354;2
 -37.20737;32.77464;       0.35057;3.44353;2
 -37.17410;32.77798;       0.35060;3.44353;2
 -37.14082;32.78131;       0.35063;3.44353;2
 -37.10750;32.78464;       0.35075;3.44352;2
 -37.07420;32.78798;       0.35080;3.44352;2
 -37.04090;32.79131;       0.35084;3.44352;2
 -37.00760;32.79464;       0.35087;3.44351;2
 -36.97430;32.79798;       0.35094;3.44351;2
 -36.94101;32.80131;       0.35098;3.44351;2
 -36.90773;32.80464;       0.35103;3.44350;2
 -36.87444;32.80797;       0.35112;3.44350;2
 -36.84113;32.81131;       0.35121;3.44350;2
 -36.80780;32.81464;       0.35132;3.44349;2
 -36.77451;32.81797;       0.35134;3.44349;2
 -36.74118;32.82131;       0.35135;3.44349;2
 -36.70787;32.82464;       0.35139;3.44348;2
 -36.67455;32.82797;       0.35147;3.44348;2
 -36.64122;32.83131;       0.35155;3.44348;2
 -36.60791;32.83464;       0.35160;3.44347;2
 -36.57463;32.83797;       0.35165;3.44347;2
 -36.54135;32.84131;       0.35172;3.44347;2
 -36.50804;32.84464;       0.35179;3.44346;2
 -36.47474;32.84797;       0.35182;3.44346;2
 -36.44140;32.85131;       0.35188;3.44345;2
 -36.40809;32.85464;       0.35195;3.44345;2
 -36.37478;32.85797;       0.35200;3.44345;2
 -36.34143;32.86130;       0.35202;3.44344;2
 -36.30806;32.86464;       0.35207;3.44344;2
 -36.27474;32.86797;       0.35212;3.44344;2
 -36.24141;32.87130;       0.35216;3.44343;2
 -36.20807;32.87464;       0.35219;3.44343;2
 -36.17474;32.87797;       0.35224;3.44343;2
 -36.14144;32.88130;       0.35228;3.44342;2
 -36.10812;32.88464;       0.35237;3.44342;2
 -36.07478;32.88797;       0.35244;3.44341;2
 -36.04144;32.89130;       0.35254;3.44341;2
 -36.00811;32.89464;       0.35260;3.44341;2
 -35.97479;32.89797;       0.35264;3.44340;2
 -35.94144;32.90130;       0.35268;3.44340;2
 -35.90808;32.90464;       0.35274;3.44340;2
 -35.87473;32.90797;       0.35280;3.44339;2
 -35.84140;32.91130;       0.35284;3.44339;2
 -35.80808;32.91463;       0.35290;3.44339;2
 -35.77476;32.91797;       0.35294;3.44338;2
 -35.74143;32.92130;       0.35299;3.44338;2
 -35.70811;32.92463;       0.35309;3.44337;2
 -35.67475;32.92797;       0.35316;3.44337;2
 -35.64143;32.93130;       0.35321;3.44337;2
 -35.60805;32.93463;       0.35324;3.44336;2
 -35.57475;32.93797;       0.35329;3.44336;2
 -35.54143;32.94130;       0.35340;3.44336;2
 -35.50808;32.94463;       0.35349;3.44335;2
 -35.47475;32.94797;       0.35355;3.44335;2
 -35.44139;32.95130;       0.35363;3.44334;2
 -35.40805;32.95463;       0.35374;3.44334;2
 -35.37471;32.95797;       0.35381;3.44334;2
 -35.34140;32.96130;       0.35391;3.44333;2
 -35.30805;32.96463;       0.35398;3.44333;2
 -35.27471;32.96796;       0.35409;3.44333;2
 -35.24137;32.97130;       0.35418;3.44332;2
 -35.20805;32.97463;       0.35424;3.44332;2
 -35.17470;32.97796;       0.35429;3.44331;2
 -35.14138;32.98130;       0.35433;3.44331;2
 -35.10805;32.98463;       0.35436;3.44331;2
 -35.07473;32.98796;       0.35441;3.44330;2
 -35.04138;32.99130;       0.35447;3.44330;2
 -35.00806;32.99463;       0.35454;3.44329;2
 -34.97477;32.99796;       0.35460;3.44329;2
 -34.94144;33.00130;       0.35470;3.44329;2
 -34.90813;33.00463;       0.35477;3.44328;2
 -34.87481;33.00796;       0.35480;3.44328;2
 -34.84149;33.01130;       0.35485;3.44327;2
 -34.80815;33.01463;       0.35492;3.44327;2
 -34.77485;33.01796;       0.35502;3.44327;2
 -34.74154;33.02129;       0.35509;3.44326;2
 -34.70828;33.02463;       0.35516;3.44326;2
 -34.67495;33.02796;       0.35523;3.44326;2
 -34.64166;33.03129;       0.35529;3.44325;2
 -34.60836;33.03463;       0.35535;3.44325;2
 -34.57500;33.03796;       0.35542;3.44324;2
 -34.54166;33.04129;       0.35547;3.44324;2
 -34.50830;33.04463;       0.35553;3.44324;2
 -34.47497;33.04796;       0.35555;3.44323;2
 -34.44162;33.05129;       0.35555;3.44323;2
 -34.40830;33.05463;       0.35559;3.44322;2
 -34.37500;33.05796;       0.35565;3.44322;2
 -34.34168;33.06129;       0.35569;3.44322;2
 -34.30839;33.06463;       0.35575;3.44321;2
 -34.27509;33.06796;       0.35584;3.44321;2
 -34.24182;33.07129;       0.35591;3.44320;2
 -34.20852;33.07462;       0.35595;3.44320;2
 -34.17525;33.07796;       0.35601;3.44320;2
 -34.14195;33.08129;       0.35608;3.44319;2
 -34.10864;33.08462;       0.35615;3.44319;2
 -34.07533;33.08796;       0.35621;3.44318;2
 -34.04204;33.09129;       0.35625;3.44318;2
 -34.00875;33.09462;       0.35628;3.44318;2
 -33.97543;33.09796;       0.35632;3.44317;2
 -33.94211;33.10129;       0.35638;3.44317;2
 -33.90882;33.10462;       0.35644;3.44316;2
 -33.87553;33.10796;       0.35651;3.44316;2
 -33.84222;33.11129;       0.35658;3.44316;2
 -33.80891;33.11462;       0.35663;3.44315;2
 -33.77559;33.11796;       0.35668;3.44315;2
 -33.74227;33.12129;       0.35673;3.44314;2
 -33.70896;33.12462;       0.35679;3.44314;2
 -33.67565;33.12795;       0.35686;3.44313;2
 -33.64234;33.13129;       0.35695;3.44313;2
 -33.60903;33.13462;       0.35705;3.44313;2
 -33.57572;33.13795;       0.35715;3.44312;2
 -33.54238;33.14129;       0.35723;3.44312;2
 -33.50904;33.14462;       0.35729;3.44311;2
 -33.47573;33.14795;       0.35733;3.44311;2
 -33.44238;33.15129;       0.35742;3.44311;2
 -33.40906;33.15462;       0.35748;3.44310;2
 -33.37570;33.15795;       0.35753;3.44310;2
 -33.34236;33.16129;       0.35754;3.44309;2
 -33.30902;33.16462;       0.35760;3.44309;2
 -33.27571;33.16795;       0.35765;3.44308;2
 -33.24234;33.17129;       0.35769;3.44308;2
 -33.20897;33.17462;       0.35775;3.44308;2
 -33.17561;33.17795;       0.35784;3.44307;2
 -33.14225;33.18128;       0.35791;3.44307;2
 -33.10886;33.18462;       0.35795;3.44306;2
 -33.07546;33.18795;       0.35801;3.44306;2
 -33.04206;33.19128;       0.35808;3.44306;2
 -33.00869;33.19462;       0.35815;3.44305;2
 -32.97532;33.19795;       0.35818;3.44305;2
 -32.94186;33.20128;       0.35822;3.44304;2
 -32.90843;33.20462;       0.35829;3.44304;2
 -32.87498;33.20795;       0.35846;3.44303;2
 -32.84159;33.21128;       0.35854;3.44303;2
 -32.80821;33.21462;       0.35862;3.44303;2
 -32.77485;33.21795;       0.35865;3.44302;2
 -32.74147;33.22128;       0.35871;3.44302;2
 -32.70806;33.22462;       0.35872;3.44301;2
 -32.67464;33.22795;       0.35875;3.44301;2
 -32.64130;33.23128;       0.35877;3.44300;2
 -32.60792;33.23461;       0.35881;3.44300;2
 -32.57453;33.23795;       0.35887;3.44299;2
 -32.54117;33.24128;       0.35893;3.44299;2
 -32.50780;33.24461;       0.35900;3.44299;2
 -32.47442;33.24795;       0.35906;3.44298;2
 -32.44109;33.25128;       0.35914;3.44298;2
 -32.40774;33.25461;       0.35927;3.44297;2
 -32.37434;33.25795;       0.35936;3.44297;2
 -32.34095;33.26128;       0.35943;3.44296;2
 -32.30758;33.26461;       0.35951;3.44296;2
 -32.27419;33.26795;       0.35958;3.44296;2
 -32.24083;33.27128;       0.35965;3.44295;2
 -32.20745;33.27461;       0.35976;3.44295;2
 -32.17408;33.27795;       0.35987;3.44294;2
 -32.14068;33.28128;       0.35999;3.44294;2
 -32.10728;33.28461;       0.36012;3.44293;2
 -32.07389;33.28794;       0.36023;3.44293;2
 -32.04050;33.29128;       0.36030;3.44292;2
 -32.00712;33.29461;       0.36036;3.44292;2
 -31.97373;33.29794;       0.36031;3.44292;2
 -31.94034;33.30128;       0.36030;3.44291;2
 -31.90695;33.30461;       0.36035;3.44291;2
 -31.87354;33.30794;       0.36051;3.44290;2
 -31.84013;33.31128;       0.36063;3.44290;2
 -31.80678;33.31461;       0.36071;3.44289;2
 -31.77338;33.31794;       0.36077;3.44289;2
 -31.73999;33.32128;       0.36084;3.44288;2
 -31.70662;33.32461;       0.36089;3.44288;2
 -31.67326;33.32794;       0.36096;3.44288;2
 -31.63988;33.33128;       0.36105;3.44287;2
 -31.60649;33.33461;       0.36113;3.44287;2
 -31.57310;33.33794;       0.36119;3.44286;2
 -31.53971;33.34127;       0.36128;3.44286;2
 -31.50632;33.34461;       0.36129;3.44285;2
 -31.47298;33.34794;       0.36128;3.44285;2
 -31.43964;33.35127;       0.36133;3.44284;2
 -31.40631;33.35461;       0.36141;3.44284;2
 -31.37295;33.35794;       0.36146;3.44283;2
 -31.33963;33.36127;       0.36152;3.44283;2
 -31.30630;33.36461;       0.36158;3.44283;2
 -31.27292;33.36794;       0.36167;3.44282;2
 -31.23957;33.37127;       0.36172;3.44282;2
 -31.20625;33.37461;       0.36178;3.44281;2
 -31.17293;33.37794;       0.36181;3.44281;2
 -31.13959;33.38127;       0.36187;3.44280;2
 -31.10629;33.38461;       0.36193;3.44280;2
 -31.07301;33.38794;       0.36204;3.44279;2
 -31.03970;33.39127;       0.36210;3.44279;2
 -31.00643;33.39460;       0.36220;3.44278;2
 -30.97311;33.39794;       0.36227;3.44278;2
 -30.93977;33.40127;       0.36234;3.44277;2
 -30.90652;33.40460;       0.36241;3.44277;2
 -30.87322;33.40794;       0.36247;3.44276;2
 -30.83996;33.41127;       0.36254;3.44276;2
 -30.80665;33.41460;       0.36260;3.44276;2
 -30.77336;33.41794;       0.36264;3.44275;2
 -30.74006;33.42127;       0.36272;3.44275;2
 -30.70675;33.42460;       0.36277;3.44274;2
 -30.67345;33.42794;       0.36280;3.44274;2
 -30.64015;33.43127;       0.36284;3.44273;2
 -30.60678;33.43460;       0.36289;3.44273;2
 -30.57343;33.43794;       0.36293;3.44272;2
 -30.54013;33.44127;       0.36297;3.44272;2
 -30.50683;33.44460;       0.36300;3.44271;2
 -30.47350;33.44794;       0.36305;3.44271;2
 -30.44016;33.45127;       0.36313;3.44270;2
 -30.40680;33.45460;       0.36314;3.44270;2
 -30.37348;33.45793;       0.36313;3.44269;2
 -30.34015;33.46127;       0.36313;3.44269;2
 -30.30684;33.46460;       0.36313;3.44268;2
 -30.27351;33.46793;       0.36315;3.44268;2
 -30.24017;33.47127;       0.36316;3.44267;2
 -30.20683;33.47460;       0.36320;3.44267;2
 -30.17347;33.47793;       0.36335;3.44267;2
 -30.14015;33.48127;       0.36344;3.44266;2
 -30.10682;33.48460;       0.36349;3.44266;2
 -30.07353;33.48793;       0.36354;3.44265;2
 -30.04022;33.49127;       0.36363;3.44265;2
 -30.00691;33.49460;       0.36368;3.44264;2
 -29.97359;33.49793;       0.36371;3.44264;2
 -29.94029;33.50127;       0.36371;3.44263;2
 -29.90698;33.50460;       0.36376;3.44263;2
 -29.87367;33.50793;       0.36386;3.44262;2
 -29.84038;33.51126;       0.36396;3.44262;2
 -29.80710;33.51460;       0.36407;3.44261;2
 -29.77378;33.51793;       0.36419;3.44261;2
 -29.74047;33.52126;       0.36426;3.44260;2
 -29.70718;33.52460;       0.36436;3.44260;2
 -29.67387;33.52793;       0.36440;3.44259;2
 -29.64056;33.53126;       0.36448;3.44259;2
 -29.60725;33.53460;       0.36457;3.44258;2
 -29.57396;33.53793;       0.36465;3.44258;2
 -29.54068;33.54126;       0.36469;3.44257;2
 -29.50739;33.54460;       0.36473;3.44257;2
 -29.47409;33.54793;       0.36468;3.44256;2
 -29.44078;33.55126;       0.36471;3.44256;2
 -29.40747;33.55460;       0.36473;3.44255;2
 -29.37415;33.55793;       0.36476;3.44255;2
 -29.34084;33.56126;       0.36478;3.44254;2
 -29.30749;33.56459;       0.36483;3.44254;2
 -29.27415;33.56793;       0.36496;3.44253;2
 -29.24084;33.57126;       0.36503;3.44253;2
 -29.20752;33.57459;       0.36512;3.44252;2
 -29.17421;33.57793;       0.36520;3.44252;2
 -29.14088;33.58126;       0.36522;3.44251;2
 -29.10759;33.58459;       0.36524;3.44251;2
 -29.07428;33.58793;       0.36527;3.44250;2
 -29.04096;33.59126;       0.36534;3.44250;2
 -29.00768;33.59459;       0.36537;3.44249;2
 -28.97437;33.59793;       0.36540;3.44249;2
 -28.94108;33.60126;       0.36547;3.44248;2
 -28.90778;33.60459;       0.36558;3.44248;2
 -28.87447;33.60793;       0.36564;3.44247;2
 -28.84115;33.61126;       0.36567;3.44247;2
 -28.80784;33.61459;       0.36572;3.44246;2
 -28.77451;33.61792;       0.36576;3.44246;2
 -28.74120;33.62126;       0.36584;3.44245;2
 -28.70784;33.62459;       0.36591;3.44245;2
 -28.67452;33.62792;       0.36598;3.44244;2
 -28.64121;33.63126;       0.36604;3.44244;2
 -28.60788;33.63459;       0.36610;3.44243;2
 -28.57459;33.63792;       0.36617;3.44243;2
 -28.54132;33.64126;       0.36619;3.44242;2
 -28.50800;33.64459;       0.36619;3.44242;2
 -28.47468;33.64792;       0.36622;3.44241;2
 -28.44139;33.65126;       0.36625;3.44241;2
 -28.40811;33.65459;       0.36630;3.44240;2
 -28.37481;33.65792;       0.36637;3.44240;2
 -28.34146;33.66126;       0.36643;3.44239;2
 -28.30818;33.66459;       0.36648;3.44239;2
 -28.27485;33.66792;       0.36653;3.44238;2
 -28.24153;33.67125;       0.36657;3.44238;2
 -28.20824;33.67459;       0.36662;3.44237;2
 -28.17492;33.67792;       0.36671;3.44236;2
 -28.14160;33.68125;       0.36681;3.44236;2
 -28.10825;33.68459;       0.36689;3.44235;2
 -28.07493;33.68792;       0.36699;3.44235;2
 -28.04158;33.69125;       0.36706;3.44234;2
 -28.00823;33.69459;       0.36712;3.44234;2
 -27.97489;33.69792;       0.36719;3.44233;2
 -27.94158;33.70125;       0.36717;3.44233;2
 -27.90823;33.70459;       0.36721;3.44232;2
 -27.87491;33.70792;       0.36732;3.44232;2
 -27.84160;33.71125;       0.36743;3.44231;2
 -27.80827;33.71459;       0.36750;3.44231;2
 -27.77495;33.71792;       0.36759;3.44230;2
 -27.74166;33.72125;       0.36768;3.44230;2
 -27.70835;33.72458;       0.36775;3.44229;2
 -27.67502;33.72792;       0.36781;3.44229;2
 -27.64173;33.73125;       0.36781;3.44228;2
 -27.60840;33.73458;       0.36777;3.44228;2
 -27.57510;33.73792;       0.36778;3.44227;2
 -27.54178;33.74125;       0.36783;3.44226;2
 -27.50844;33.74458;       0.36793;3.44226;2
 -27.47512;33.74792;       0.36803;3.44225;2
 -27.44179;33.75125;       0.36812;3.44225;2
 -27.40845;33.75458;       0.36817;3.44224;2
 -27.37514;33.75792;       0.36820;3.44224;2
 -27.34185;33.76125;       0.36822;3.44223;2
 -27.30854;33.76458;       0.36829;3.44223;2
 -27.27526;33.76792;       0.36836;3.44222;2
 -27.24195;33.77125;       0.36840;3.44222;2
 -27.20866;33.77458;       0.36847;3.44221;2
 -27.17535;33.77791;       0.36857;3.44221;2
 -27.14204;33.78125;       0.36862;3.44220;2
 -27.10869;33.78458;       0.36869;3.44219;2
 -27.07535;33.78791;       0.36874;3.44219;2
 -27.04201;33.79125;       0.36881;3.44218;2
 -27.00865;33.79458;       0.36890;3.44218;2
 -26.97529;33.79791;       0.36901;3.44217;2
 -26.94191;33.80125;       0.36907;3.44217;2
 -26.90857;33.80458;       0.36911;3.44216;2
 -26.87521;33.80791;       0.36910;3.44216;2
 -26.84188;33.81125;       0.36911;3.44215;2
 -26.80856;33.81458;       0.36917;3.44215;2
 -26.77522;33.81791;       0.36928;3.44214;2
 -26.74191;33.82125;       0.36939;3.44213;2
 -26.70859;33.82458;       0.36947;3.44213;2
 -26.67528;33.82791;       0.36953;3.44212;2
 -26.64195;33.83124;       0.36962;3.44212;2
 -26.60865;33.83458;       0.36973;3.44211;2
 -26.57532;33.83791;       0.36977;3.44211;2
 -26.54198;33.84124;       0.36985;3.44210;2
 -26.50867;33.84458;       0.36992;3.44210;2
 -26.47534;33.84791;       0.37000;3.44209;2
 -26.44201;33.85124;       0.37011;3.44209;2
 -26.40869;33.85458;       0.37018;3.44208;2
 -26.37534;33.85791;       0.37022;3.44207;2
 -26.34201;33.86124;       0.37022;3.44207;2
 -26.30875;33.86458;       0.37025;3.44206;2
 -26.27545;33.86791;       0.37027;3.44206;2
 -26.24214;33.87124;       0.37035;3.44205;2
 -26.20885;33.87458;       0.37039;3.44205;2
 -26.17556;33.87791;       0.37046;3.44204;2
 -26.14225;33.88124;       0.37053;3.44203;2
 -26.10896;33.88457;       0.37060;3.44203;2
 -26.07570;33.88791;       0.37069;3.44202;2
 -26.04240;33.89124;       0.37078;3.44202;2
 -26.00911;33.89457;       0.37086;3.44201;2
 -25.97582;33.89791;       0.37088;3.44201;2
 -25.94254;33.90124;       0.37094;3.44200;2
 -25.90921;33.90457;       0.37100;3.44200;2
 -25.87587;33.90791;       0.37109;3.44199;2
 -25.84253;33.91124;       0.37111;3.44198;2
 -25.80922;33.91457;       0.37115;3.44198;2
 -25.77589;33.91791;       0.37120;3.44197;2
 -25.74253;33.92124;       0.37126;3.44197;2
 -25.70919;33.92457;       0.37132;3.44196;2
 -25.67585;33.92791;       0.37141;3.44196;2
 -25.64250;33.93124;       0.37149;3.44195;2
 -25.60911;33.93457;       0.37152;3.44194;2
 -25.57575;33.93790;       0.37157;3.44194;2
 -25.54239;33.94124;       0.37166;3.44193;2
 -25.50903;33.94457;       0.37172;3.44193;2
 -25.47566;33.94790;       0.37177;3.44192;2
 -25.44227;33.95124;       0.37183;3.44192;2
 -25.40889;33.95457;       0.37190;3.44191;2
 -25.37553;33.95790;       0.37196;3.44190;2
 -25.34216;33.96124;       0.37204;3.44190;2
 -25.30877;33.96457;       0.37211;3.44189;2
 -25.27539;33.96790;       0.37219;3.44189;2
 -25.24196;33.97124;       0.37226;3.44188;2
 -25.20859;33.97457;       0.37232;3.44188;2
 -25.17520;33.97790;       0.37239;3.44187;2
 -25.14181;33.98124;       0.37247;3.44186;2
 -25.10840;33.98457;       0.37258;3.44186;2
 -25.07503;33.98790;       0.37266;3.44185;2
 -25.04167;33.99123;       0.37273;3.44185;2
 -25.00831;33.99457;       0.37278;3.44184;2
 -24.97492;33.99790;       0.37285;3.44183;2
 -24.94155;34.00123;       0.37289;3.44183;2
 -24.90822;34.00457;       0.37296;3.44182;2
 -24.87486;34.00790;       0.37299;3.44182;2
 -24.84152;34.01123;       0.37303;3.44181;2
 -24.80812;34.01457;       0.37313;3.44181;2
 -24.77475;34.01790;       0.37324;3.44180;2
 -24.74139;34.02123;       0.37331;3.44179;2
 -24.70802;34.02457;       0.37332;3.44179;2
 -24.67466;34.02790;       0.37340;3.44178;2
 -24.64132;34.03123;       0.37349;3.44178;2
 -24.60796;34.03457;       0.37358;3.44177;2
 -24.57455;34.03790;       0.37369;3.44176;2
 -24.54116;34.04123;       0.37374;3.44176;2
 -24.50778;34.04456;       0.37380;3.44175;2
 -24.47437;34.04790;       0.37386;3.44175;2
 -24.44100;34.05123;       0.37394;3.44174;2
 -24.40760;34.05456;       0.37404;3.44173;2
 -24.37418;34.05790;       0.37414;3.44173;2
 -24.34079;34.06123;       0.37419;3.44172;2
 -24.30740;34.06456;       0.37425;3.44172;2
 -24.27397;34.06790;       0.37429;3.44171;2
 -24.24053;34.07123;       0.37435;3.44170;2
 -24.20713;34.07456;       0.37439;3.44170;2
 -24.17370;34.07790;       0.37440;3.44169;2
 -24.14028;34.08123;       0.37442;3.44169;2
 -24.10689;34.08456;       0.37446;3.44168;2
 -24.07349;34.08790;       0.37462;3.44167;2
 -24.04005;34.09123;       0.37474;3.44167;2
 -24.00663;34.09456;       0.37486;3.44166;2
 -23.97321;34.09789;       0.37490;3.44166;2
 -23.93981;34.10123;       0.37500;3.44165;2
 -23.90639;34.10456;       0.37504;3.44164;2
 -23.87302;34.10789;       0.37510;3.44164;2
 -23.83966;34.11123;       0.37513;3.44163;2
 -23.80630;34.11456;       0.37516;3.44163;2
 -23.77289;34.11789;       0.37520;3.44162;2
 -23.73950;34.12123;       0.37525;3.44161;2
 -23.70613;34.12456;       0.37540;3.44161;2
 -23.67274;34.12789;       0.37550;3.44160;2
 -23.63938;34.13123;       0.37560;3.44160;2
 -23.60602;34.13456;       0.37570;3.44159;2
 -23.57266;34.13789;       0.37575;3.44158;2
 -23.53929;34.14123;       0.37583;3.44158;2
 -23.50591;34.14456;       0.37588;3.44157;2
 -23.47254;34.14789;       0.37594;3.44156;2
 -23.43918;34.15122;       0.37601;3.44156;2
 -23.40586;34.15456;       0.37610;3.44155;2
 -23.37249;34.15789;       0.37619;3.44155;2
 -23.33914;34.16122;       0.37626;3.44154;2
 -23.30578;34.16456;       0.37634;3.44153;2
 -23.27245;34.16789;       0.37640;3.44153;2
 -23.23910;34.17122;       0.37649;3.44152;2
 -23.20581;34.17456;       0.37659;3.44152;2
 -23.17249;34.17789;       0.37661;3.44151;2
 -23.13917;34.18122;       0.37661;3.44150;2
 -23.10584;34.18456;       0.37665;3.44150;2
 -23.07252;34.18789;       0.37669;3.44149;2
 -23.03923;34.19122;       0.37677;3.44148;2
 -23.00590;34.19456;       0.37685;3.44148;2
 -22.97258;34.19789;       0.37692;3.44147;2
 -22.93930;34.20122;       0.37700;3.44147;2
 -22.90598;34.20455;       0.37705;3.44146;2
 -22.87262;34.20789;       0.37709;3.44145;2
 -22.83925;34.21122;       0.37712;3.44145;2
 -22.80589;34.21455;       0.37714;3.44144;2
 -22.77258;34.21789;       0.37719;3.44143;2
 -22.73922;34.22122;       0.37731;3.44143;2
 -22.70587;34.22455;       0.37748;3.44142;2
 -22.67252;34.22789;       0.37761;3.44142;2
 -22.63918;34.23122;       0.37770;3.44141;2
 -22.60585;34.23455;       0.37777;3.44140;2
 -22.57250;34.23789;       0.37782;3.44140;2
 -22.53917;34.24122;       0.37788;3.44139;2
 -22.50584;34.24455;       0.37798;3.44138;2
 -22.47249;34.24789;       0.37805;3.44138;2
 -22.43916;34.25122;       0.37814;3.44137;2
 -22.40584;34.25455;       0.37822;3.44137;2
 -22.37251;34.25789;       0.37820;3.44136;2
 -22.33920;34.26122;       0.37822;3.44135;2
 -22.30588;34.26455;       0.37828;3.44135;2
 -22.27255;34.26788;       0.37838;3.44134;2
 -22.23920;34.27122;       0.37844;3.44133;2
 -22.20585;34.27455;       0.37848;3.44133;2
 -22.17254;34.27788;       0.37849;3.44132;2
 -22.13925;34.28122;       0.37852;3.44131;2
 -22.10595;34.28455;       0.37854;3.44131;2
 -22.07261;34.28788;       0.37858;3.44130;2
 -22.03930;34.29122;       0.37863;3.44130;2
 -22.00599;34.29455;       0.37869;3.44129;2
 -21.97269;34.29788;       0.37876;3.44128;2
 -21.93941;34.30122;       0.37880;3.44128;2
 -21.90608;34.30455;       0.37886;3.44127;2
 -21.87275;34.30788;       0.37891;3.44126;2
 -21.83943;34.31122;       0.37899;3.44126;2
 -21.80612;34.31455;       0.37903;3.44125;2
 -21.77279;34.31788;       0.37908;3.44124;2
 -21.73949;34.32121;       0.37916;3.44124;2
 -21.70621;34.32455;       0.37927;3.44123;2
 -21.67290;34.32788;       0.37932;3.44122;2
 -21.63961;34.33121;       0.37935;3.44122;2
 -21.60626;34.33455;       0.37939;3.44121;2
 -21.57294;34.33788;       0.37938;3.44120;2
 -21.53965;34.34121;       0.37941;3.44120;2
 -21.50635;34.34455;       0.37947;3.44119;2
 -21.47304;34.34788;       0.37948;3.44119;2
 -21.43973;34.35121;       0.37953;3.44118;2
 -21.40642;34.35455;       0.37956;3.44117;2
 -21.37310;34.35788;       0.37961;3.44117;2
 -21.33979;34.36121;       0.37964;3.44116;2
 -21.30650;34.36455;       0.37969;3.44115;2
 -21.27317;34.36788;       0.37976;3.44115;2
 -21.23983;34.37121;       0.37982;3.44114;2
 -21.20650;34.37454;       0.37988;3.44113;2
 -21.17312;34.37788;       0.37994;3.44113;2
 -21.13975;34.38121;       0.38001;3.44112;2
 -21.10639;34.38454;       0.38006;3.44111;2
 -21.07305;34.38788;       0.38011;3.44111;2
 -21.03972;34.39121;       0.38015;3.44110;2
 -21.00640;34.39454;       0.38020;3.44109;2
 -20.97305;34.39788;       0.38029;3.44109;2
 -20.93971;34.40121;       0.38037;3.44108;2
 -20.90637;34.40454;       0.38041;3.44107;2
 -20.87299;34.40788;       0.38046;3.44107;2
 -20.83966;34.41121;       0.38056;3.44106;2
 -20.80638;34.41454;       0.38065;3.44105;2
 -20.77309;34.41788;       0.38075;3.44105;2
 -20.73976;34.42121;       0.38082;3.44104;2
 -20.70645;34.42454;       0.38087;3.44103;2
 -20.67316;34.42787;       0.38091;3.44103;2
 -20.63983;34.43121;       0.38101;3.44102;2
 -20.60647;34.43454;       0.38113;3.44101;2
 -20.57312;34.43787;       0.38124;3.44101;2
 -20.53982;34.44121;       0.38132;3.44100;2
 -20.50649;34.44454;       0.38138;3.44099;2
 -20.47317;34.44787;       0.38137;3.44099;2
 -20.43989;34.45121;       0.38136;3.44098;2
 -20.40655;34.45454;       0.38135;3.44097;2
 -20.37323;34.45787;       0.38137;3.44097;2
 -20.33990;34.46121;       0.38152;3.44096;2
 -20.30657;34.46454;       0.38157;3.44095;2
 -20.27326;34.46787;       0.38162;3.44095;2
 -20.23996;34.47121;       0.38170;3.44094;2
 -20.20668;34.47454;       0.38174;3.44093;2
 -20.17335;34.47787;       0.38177;3.44093;2
 -20.14001;34.48120;       0.38182;3.44092;2
 -20.10666;34.48454;       0.38189;3.44091;2
 -20.07331;34.48787;       0.38193;3.44091;2
 -20.04000;34.49120;       0.38198;3.44090;2
 -20.00665;34.49454;       0.38204;3.44089;2
 -19.97332;34.49787;       0.38211;3.44088;2
 -19.94000;34.50120;       0.38220;3.44088;2
 -19.90663;34.50454;       0.38227;3.44087;2
 -19.87331;34.50787;       0.38233;3.44086;2
 -19.83998;34.51120;       0.38241;3.44086;2
 -19.80667;34.51454;       0.38247;3.44085;2
 -19.77333;34.51787;       0.38254;3.44084;2
 -19.74000;34.52120;       0.38262;3.44084;2
 -19.70666;34.52454;       0.38272;3.44083;2
 -19.67332;34.52787;       0.38280;3.44082;2
 -19.63997;34.53120;       0.38286;3.44082;2
 -19.60662;34.53453;       0.38296;3.44081;2
 -19.57331;34.53787;       0.38302;3.44080;2
 -19.53996;34.54120;       0.38309;3.44080;2
 -19.50660;34.54453;       0.38314;3.44079;2
 -19.47328;34.54787;       0.38316;3.44078;2
 -19.43995;34.55120;       0.38319;3.44077;2
 -19.40661;34.55453;       0.38322;3.44077;2
 -19.37327;34.55787;       0.38332;3.44076;2
 -19.33991;34.56120;       0.38351;3.44075;2
 -19.30660;34.56453;       0.38360;3.44075;2
 -19.27326;34.56787;       0.38364;3.44074;2
 -19.23995;34.57120;       0.38366;3.44073;2
 -19.20661;34.57453;       0.38366;3.44073;2
 -19.17330;34.57787;       0.38370;3.44072;2
 -19.14001;34.58120;       0.38380;3.44071;2
 -19.10673;34.58453;       0.38389;3.44071;2
 -19.07344;34.58786;       0.38401;3.44070;2
 -19.04013;34.59120;       0.38412;3.44069;2
 -19.00680;34.59453;       0.38415;3.44068;2
 -18.97348;34.59786;       0.38411;3.44068;2
 -18.94015;34.60120;       0.38408;3.44067;2
 -18.90681;34.60453;       0.38411;3.44066;2
 -18.87348;34.60786;       0.38418;3.44066;2
 -18.84018;34.61120;       0.38422;3.44065;2
 -18.80690;34.61453;       0.38430;3.44064;2
 -18.77357;34.61786;       0.38443;3.44064;2
 -18.74023;34.62120;       0.38446;3.44063;2
 -18.70688;34.62453;       0.38451;3.44062;2
 -18.67356;34.62786;       0.38458;3.44061;2
 -18.64022;34.63120;       0.38462;3.44061;2
 -18.60689;34.63453;       0.38467;3.44060;2
 -18.57357;34.63786;       0.38476;3.44059;2
 -18.54022;34.64119;       0.38482;3.44059;2
 -18.50683;34.64453;       0.38489;3.44058;2
 -18.47351;34.64786;       0.38493;3.44057;2
 -18.44020;34.65119;       0.38501;3.44056;2
 -18.40685;34.65453;       0.38509;3.44056;2
 -18.37353;34.65786;       0.38517;3.44055;2
 -18.34018;34.66119;       0.38525;3.44054;2
 -18.30686;34.66453;       0.38531;3.44054;2
 -18.27355;34.66786;       0.38540;3.44053;2
 -18.24023;34.67119;       0.38547;3.44052;2
 -18.20689;34.67453;       0.38560;3.44051;2
 -18.17351;34.67786;       0.38570;3.44051;2
 -18.14020;34.68119;       0.38582;3.44050;2
 -18.10689;34.68453;       0.38592;3.44049;2
 -18.07358;34.68786;       0.38598;3.44049;2
 -18.04024;34.69119;       0.38601;3.44048;2
 -18.00691;34.69452;       0.38606;3.44047;2
 -17.97361;34.69786;       0.38610;3.44046;2
 -17.94031;34.70119;       0.38616;3.44046;2
 -17.90697;34.70452;       0.38627;3.44045;2
 -17.87366;34.70786;       0.38635;3.44044;2
 -17.84033;34.71119;       0.38641;3.44044;2
 -17.80702;34.71452;       0.38648;3.44043;2
 -17.77364;34.71786;       0.38658;3.44042;2
 -17.74031;34.72119;       0.38663;3.44041;2
 -17.70698;34.72452;       0.38673;3.44041;2
 -17.67362;34.72786;       0.38680;3.44040;2
 -17.64024;34.73119;       0.38686;3.44039;2
 -17.60690;34.73452;       0.38691;3.44038;2
 -17.57358;34.73786;       0.38696;3.44038;2
 -17.54025;34.74119;       0.38700;3.44037;2
 -17.50689;34.74452;       0.38704;3.44036;2
 -17.47355;34.74785;       0.38707;3.44035;2
 -17.44021;34.75119;       0.38715;3.44035;2
 -17.40687;34.75452;       0.38720;3.44034;2
 -17.37352;34.75785;       0.38728;3.44033;2
 -17.34018;34.76119;       0.38734;3.44033;2
 -17.30689;34.76452;       0.38739;3.44032;2
 -17.27356;34.76785;       0.38740;3.44031;2
 -17.24025;34.77119;       0.38747;3.44030;2
 -17.20689;34.77452;       0.38754;3.44030;2
 -17.17355;34.77785;       0.38760;3.44029;2
 -17.14023;34.78119;       0.38766;3.44028;2
 -17.10692;34.78452;       0.38773;3.44027;2
 -17.07359;34.78785;       0.38778;3.44027;2
 -17.04025;34.79119;       0.38785;3.44026;2
 -17.00691;34.79452;       0.38795;3.44025;2
 -16.97358;34.79785;       0.38803;3.44024;2
 -16.94026;34.80118;       0.38809;3.44024;2
 -16.90695;34.80452;       0.38811;3.44023;2
 -16.87365;34.80785;       0.38813;3.44022;2
 -16.84029;34.81118;       0.38818;3.44021;2
 -16.80695;34.81452;       0.38825;3.44021;2
 -16.77361;34.81785;       0.38834;3.44020;2
 -16.74027;34.82118;       0.38841;3.44019;2
 -16.70694;34.82452;       0.38848;3.44018;2
 -16.67361;34.82785;       0.38854;3.44018;2
 -16.64028;34.83118;       0.38858;3.44017;2
 -16.60698;34.83452;       0.38861;3.44016;2
 -16.57366;34.83785;       0.38866;3.44015;2
 -16.54036;34.84118;       0.38873;3.44015;2
 -16.50704;34.84452;       0.38881;3.44014;2
 -16.47378;34.84785;       0.38886;3.44013;2
 -16.44050;34.85118;       0.38891;3.44012;2
 -16.40716;34.85451;       0.38896;3.44012;2
 -16.37387;34.85785;       0.38905;3.44011;2
 -16.34054;34.86118;       0.38908;3.44010;2
 -16.30723;34.86451;       0.38915;3.44009;2
 -16.27394;34.86785;       0.38919;3.44009;2
 -16.24063;34.87118;       0.38924;3.44008;2
 -16.20734;34.87451;       0.38931;3.44007;2
 -16.17406;34.87785;       0.38935;3.44006;2
 -16.14080;34.88118;       0.38939;3.44006;2
 -16.10751;34.88451;       0.38944;3.44005;2
 -16.07419;34.88785;       0.38950;3.44004;2
 -16.04085;34.89118;       0.38956;3.44003;2
 -16.00756;34.89451;       0.38963;3.44003;2
 -15.97423;34.89785;       0.38970;3.44002;2
 -15.94093;34.90118;       0.38972;3.44001;2
 -15.90760;34.90451;       0.38973;3.44000;2
 -15.87429;34.90784;       0.38979;3.44000;2
 -15.84096;34.91118;       0.38988;3.43999;2
 -15.80764;34.91451;       0.38995;3.43998;2
 -15.77429;34.91784;       0.39007;3.43997;2
 -15.74097;34.92118;       0.39009;3.43997;2
 -15.70766;34.92451;       0.39014;3.43996;2
 -15.67432;34.92784;       0.39021;3.43995;2
 -15.64103;34.93118;       0.39032;3.43994;2
 -15.60773;34.93451;       0.39038;3.43994;2
 -15.57443;34.93784;       0.39038;3.43993;2
 -15.54111;34.94118;       0.39040;3.43992;2
 -15.50777;34.94451;       0.39049;3.43991;2
 -15.47450;34.94784;       0.39062;3.43990;2
 -15.44118;34.95118;       0.39072;3.43990;2
 -15.40786;34.95451;       0.39079;3.43989;2
 -15.37455;34.95784;       0.39088;3.43988;2
 -15.34126;34.96117;       0.39098;3.43987;2
 -15.30797;34.96451;       0.39105;3.43987;2
 -15.27464;34.96784;       0.39111;3.43986;2
 -15.24131;34.97117;       0.39120;3.43985;2
 -15.20797;34.97451;       0.39128;3.43984;2
 -15.17466;34.97784;       0.39137;3.43983;2
 -15.14137;34.98117;       0.39142;3.43983;2
 -15.10802;34.98451;       0.39145;3.43982;2
 -15.07466;34.98784;       0.39151;3.43981;2
 -15.04129;34.99117;       0.39159;3.43980;2
 -15.00795;34.99451;       0.39166;3.43980;2
 -14.97466;34.99784;       0.39175;3.43979;2
 -14.94133;35.00117;       0.39187;3.43978;2
 -14.90797;35.00451;       0.39196;3.43977;2
 -14.87463;35.00784;       0.39200;3.43976;2
 -14.84127;35.01117;       0.39208;3.43976;2
 -14.80795;35.01450;       0.39215;3.43975;2
 -14.77463;35.01784;       0.39224;3.43974;2
 -14.74127;35.02117;       0.39233;3.43973;2
 -14.70793;35.02450;       0.39246;3.43973;2
 -14.67459;35.02784;       0.39254;3.43972;2
 -14.64123;35.03117;       0.39260;3.43971;2
 -14.60789;35.03450;       0.39266;3.43970;2
 -14.57450;35.03784;       0.39275;3.43969;2
 -14.54114;35.04117;       0.39283;3.43969;2
 -14.50777;35.04450;       0.39293;3.43968;2
 -14.47446;35.04784;       0.39302;3.43967;2
 -14.44107;35.05117;       0.39311;3.43966;2
 -14.40765;35.05450;       0.39319;3.43965;2
 -14.37430;35.05784;       0.39327;3.43965;2
 -14.34092;35.06117;       0.39335;3.43964;2
 -14.30758;35.06450;       0.39341;3.43963;2
 -14.27424;35.06784;       0.39348;3.43962;2
 -14.24084;35.07117;       0.39349;3.43961;2
 -14.20749;35.07450;       0.39354;3.43961;2
 -14.17409;35.07783;       0.39359;3.43960;2
 -14.14072;35.08117;       0.39361;3.43959;2
 -14.10736;35.08450;       0.39371;3.43958;2
 -14.07402;35.08783;       0.39385;3.43957;2
 -14.04061;35.09117;       0.39400;3.43957;2
 -14.00726;35.09450;       0.39414;3.43956;2
 -13.97392;35.09783;       0.39421;3.43955;2
 -13.94059;35.10117;       0.39422;3.43954;2
 -13.90721;35.10450;       0.39428;3.43954;2
 -13.87387;35.10783;       0.39435;3.43953;2
 -13.84049;35.11117;       0.39446;3.43952;2
 -13.80717;35.11450;       0.39455;3.43951;2
 -13.77386;35.11783;       0.39459;3.43950;2
 -13.74055;35.12117;       0.39466;3.43949;2
 -13.70722;35.12450;       0.39473;3.43949;2
 -13.67387;35.12783;       0.39482;3.43948;2
 -13.64054;35.13116;       0.39492;3.43947;2
 -13.60720;35.13450;       0.39501;3.43946;2
 -13.57386;35.13783;       0.39511;3.43945;2
 -13.54053;35.14116;       0.39519;3.43945;2
 -13.50717;35.14450;       0.39528;3.43944;2
 -13.47386;35.14783;       0.39538;3.43943;2
 -13.44052;35.15116;       0.39547;3.43942;2
 -13.40718;35.15450;       0.39557;3.43941;2
 -13.37385;35.15783;       0.39570;3.43941;2
 -13.34049;35.16116;       0.39577;3.43940;2
 -13.30713;35.16450;       0.39587;3.43939;2
 -13.27379;35.16783;       0.39599;3.43938;2
 -13.24045;35.17116;       0.39613;3.43937;2
 -13.20709;35.17450;       0.39623;3.43937;2
 -13.17375;35.17783;       0.39634;3.43936;2
 -13.14042;35.18116;       0.39647;3.43935;2
 -13.10708;35.18449;       0.39660;3.43934;2
 -13.07376;35.18783;       0.39669;3.43933;2
 -13.04045;35.19116;       0.39682;3.43932;2
 -13.00714;35.19449;       0.39697;3.43932;2
 -12.97383;35.19783;       0.39711;3.43931;2
 -12.94049;35.20116;       0.39719;3.43930;2
 -12.90718;35.20449;       0.39721;3.43929;2
 -12.87387;35.20783;       0.39722;3.43928;2
 -12.84050;35.21116;       0.39716;3.43928;2
 -12.80715;35.21449;       0.39716;3.43927;2
 -12.77384;35.21783;       0.39729;3.43926;2
 -12.74052;35.22116;       0.39736;3.43925;2
 -12.70723;35.22449;       0.39740;3.43924;2
 -12.67393;35.22783;       0.39740;3.43923;2
 -12.64061;35.23116;       0.39747;3.43923;2
 -12.60731;35.23449;       0.39758;3.43922;2
 -12.57401;35.23782;       0.39767;3.43921;2
 -12.54073;35.24116;       0.39783;3.43920;2
 -12.50738;35.24449;       0.39799;3.43919;2
 -12.47406;35.24782;       0.39811;3.43918;2
 -12.44071;35.25116;       0.39817;3.43918;2
 -12.40739;35.25449;       0.39826;3.43917;2
 -12.37410;35.25782;       0.39836;3.43916;2
 -12.34077;35.26116;       0.39846;3.43915;2
 -12.30743;35.26449;       0.39855;3.43914;2
 -12.27410;35.26782;       0.39868;3.43913;2
 -12.24074;35.27116;       0.39878;3.43913;2
 -12.20742;35.27449;       0.39882;3.43912;2
 -12.17407;35.27782;       0.39883;3.43911;2
 -12.14075;35.28116;       0.39884;3.43910;2
 -12.10739;35.28449;       0.39885;3.43909;2
 -12.07405;35.28782;       0.39893;3.43908;2
 -12.04071;35.29115;       0.39905;3.43908;2
 -12.00742;35.29449;       0.39916;3.43907;2
 -11.97410;35.29782;       0.39923;3.43906;2
 -11.94076;35.30115;       0.39932;3.43905;2
 -11.90746;35.30449;       0.39937;3.43904;2
 -11.87418;35.30782;       0.39941;3.43903;2
 -11.84085;35.31115;       0.39944;3.43903;2
 -11.80754;35.31449;       0.39952;3.43902;2
 -11.77421;35.31782;       0.39964;3.43901;2
 -11.74085;35.32115;       0.39975;3.43900;2
 -11.70751;35.32449;       0.39987;3.43899;2
 -11.67419;35.32782;       0.39997;3.43898;2
 -11.64090;35.33115;       0.40004;3.43897;2
 -11.60759;35.33449;       0.40018;3.43897;2
 -11.57426;35.33782;       0.40030;3.43896;2
 -11.54095;35.34115;       0.40039;3.43895;2
 -11.50763;35.34448;       0.40044;3.43894;2
 -11.47432;35.34782;       0.40042;3.43893;2
 -11.44101;35.35115;       0.40046;3.43892;2
 -11.40768;35.35448;       0.40052;3.43892;2
 -11.37441;35.35782;       0.40060;3.43891;2
 -11.34108;35.36115;       0.40078;3.43890;2
 -11.30781;35.36448;       0.40082;3.43889;2
 -11.27451;35.36782;       0.40085;3.43888;2
 -11.24120;35.37115;       0.40088;3.43887;2
 -11.20794;35.37448;       0.40098;3.43886;2
 -11.17465;35.37782;       0.40113;3.43886;2
 -11.14137;35.38115;       0.40123;3.43885;2
 -11.10804;35.38448;       0.40132;3.43884;2
 -11.07472;35.38782;       0.40141;3.43883;2
 -11.04137;35.39115;       0.40150;3.43882;2
 -11.00803;35.39448;       0.40158;3.43881;2
 -10.97472;35.39781;       0.40167;3.43880;2
 -10.94140;35.40115;       0.40176;3.43880;2
 -10.90807;35.40448;       0.40182;3.43879;2
 -10.87473;35.40781;       0.40191;3.43878;2
 -10.84139;35.41115;       0.40201;3.43877;2
 -10.80806;35.41448;       0.40208;3.43876;2
 -10.77477;35.41781;       0.40212;3.43875;2
 -10.74146;35.42115;       0.40218;3.43874;2
 -10.70812;35.42448;       0.40224;3.43874;2
 -10.67479;35.42781;       0.40232;3.43873;2
 -10.64142;35.43115;       0.40241;3.43872;2
 -10.60812;35.43448;       0.40254;3.43871;2
 -10.57480;35.43781;       0.40262;3.43870;2
 -10.54149;35.44115;       0.40272;3.43869;2
 -10.50815;35.44448;       0.40279;3.43868;2
 -10.47486;35.44781;       0.40285;3.43867;2
 -10.44156;35.45114;       0.40292;3.43867;2
 -10.40827;35.45448;       0.40300;3.43866;2
 -10.37498;35.45781;       0.40307;3.43865;2
 -10.34168;35.46114;       0.40314;3.43864;2
 -10.30841;35.46448;       0.40323;3.43863;2
 -10.27509;35.46781;       0.40329;3.43862;2
 -10.24177;35.47114;       0.40341;3.43861;2
 -10.20850;35.47448;       0.40360;3.43861;2
 -10.17522;35.47781;       0.40369;3.43860;2
 -10.14194;35.48114;       0.40376;3.43859;2
 -10.10867;35.48448;       0.40377;3.43858;2
 -10.07539;35.48781;       0.40379;3.43857;2
 -10.04213;35.49114;       0.40387;3.43856;2
 -10.00882;35.49448;       0.40395;3.43855;2
  -9.97553;35.49781;       0.40406;3.43854;2
  -9.94223;35.50114;       0.40420;3.43854;2
  -9.90894;35.50447;       0.40426;3.43853;2
  -9.87558;35.50781;       0.40430;3.43852;2
  -9.84225;35.51114;       0.40428;3.43851;2
  -9.80893;35.51447;       0.40433;3.43850;2
  -9.77562;35.51781;       0.40444;3.43849;2
  -9.74234;35.52114;       0.40458;3.43848;2
  -9.70905;35.52447;       0.40471;3.43847;2
  -9.67574;35.52781;       0.40483;3.43846;2
  -9.64245;35.53114;       0.40493;3.43846;2
  -9.60915;35.53447;       0.40503;3.43845;2
  -9.57585;35.53781;       0.40508;3.43844;2
  -9.54257;35.54114;       0.40514;3.43843;2
  -9.50928;35.54447;       0.40520;3.43842;2
  -9.47598;35.54781;       0.40529;3.43841;2
  -9.44267;35.55114;       0.40533;3.43840;2
  -9.40936;35.55447;       0.40539;3.43839;2
  -9.37605;35.55780;       0.40546;3.43838;2
  -9.34273;35.56114;       0.40553;3.43838;2
  -9.30942;35.56447;       0.40561;3.43837;2
  -9.27611;35.56780;       0.40571;3.43836;2
  -9.24280;35.57114;       0.40583;3.43835;2
  -9.20949;35.57447;       0.40591;3.43834;2
  -9.17613;35.57780;       0.40600;3.43833;2
  -9.14282;35.58114;       0.40607;3.43832;2
  -9.10950;35.58447;       0.40614;3.43831;2
  -9.07620;35.58780;       0.40623;3.43830;2
  -9.04293;35.59114;       0.40636;3.43830;2
  -9.00967;35.59447;       0.40646;3.43829;2
  -8.97635;35.59780;       0.40651;3.43828;2
  -8.94303;35.60114;       0.40651;3.43827;2
  -8.90972;35.60447;       0.40657;3.43826;2
  -8.87639;35.60780;       0.40670;3.43825;2
  -8.84307;35.61113;       0.40678;3.43824;2
  -8.80979;35.61447;       0.40689;3.43823;2
  -8.77648;35.61780;       0.40705;3.43822;2
  -8.74315;35.62113;       0.40717;3.43821;2
  -8.70981;35.62447;       0.40727;3.43821;2
  -8.67649;35.62780;       0.40736;3.43820;2
  -8.64315;35.63113;       0.40748;3.43819;2
  -8.60984;35.63447;       0.40758;3.43818;2
  -8.57648;35.63780;       0.40763;3.43817;2
  -8.54315;35.64113;       0.40758;3.43816;2
  -8.50983;35.64447;       0.40760;3.43815;2
  -8.47654;35.64780;       0.40765;3.43814;2
  -8.44324;35.65113;       0.40772;3.43813;2
  -8.40990;35.65447;       0.40777;3.43812;2
  -8.37656;35.65780;       0.40794;3.43811;2
  -8.34327;35.66113;       0.40806;3.43811;2
  -8.30999;35.66446;       0.40816;3.43810;2
  -8.27670;35.66780;       0.40831;3.43809;2
  -8.24342;35.67113;       0.40842;3.43808;2
  -8.21014;35.67446;       0.40855;3.43807;2
  -8.17683;35.67780;       0.40868;3.43806;2
  -8.14350;35.68113;       0.40881;3.43805;2
  -8.11018;35.68446;       0.40889;3.43804;2
  -8.07687;35.68780;       0.40894;3.43803;2
  -8.04356;35.69113;       0.40898;3.43802;2
  -8.01022;35.69446;       0.40904;3.43801;2
  -7.97693;35.69780;       0.40913;3.43801;2
  -7.94362;35.70113;       0.40920;3.43800;2
  -7.91029;35.70446;       0.40929;3.43799;2
  -7.87698;35.70780;       0.40939;3.43798;2
  -7.84369;35.71113;       0.40948;3.43797;2
  -7.81034;35.71446;       0.40956;3.43796;2
  -7.77704;35.71779;       0.40962;3.43795;2
  -7.74372;35.72113;       0.40972;3.43794;2
  -7.71036;35.72446;       0.40978;3.43793;2
  -7.67703;35.72779;       0.40987;3.43792;2
  -7.64372;35.73113;       0.40997;3.43791;2
  -7.61041;35.73446;       0.41010;3.43790;2
  -7.57706;35.73779;       0.41019;3.43789;2
  -7.54370;35.74113;       0.41031;3.43789;2
  -7.51034;35.74446;       0.41039;3.43788;2
  -7.47697;35.74779;       0.41049;3.43787;2
  -7.44365;35.75113;       0.41058;3.43786;2
  -7.41030;35.75446;       0.41065;3.43785;2
  -7.37694;35.75779;       0.41072;3.43784;2
  -7.34360;35.76113;       0.41080;3.43783;2
  -7.31026;35.76446;       0.41090;3.43782;2
  -7.27695;35.76779;       0.41101;3.43781;2
  -7.24361;35.77112;       0.41110;3.43780;2
  -7.21025;35.77446;       0.41124;3.43779;2
  -7.17689;35.77779;       0.41135;3.43778;2
  -7.14358;35.78112;       0.41145;3.43777;2
  -7.11024;35.78446;       0.41155;3.43776;2
  -7.07690;35.78779;       0.41165;3.43776;2
  -7.04352;35.79112;       0.41174;3.43775;2
  -7.01014;35.79446;       0.41187;3.43774;2
  -6.97675;35.79779;       0.41200;3.43773;2
  -6.94343;35.80112;       0.41211;3.43772;2
  -6.91011;35.80446;       0.41220;3.43771;2
  -6.87680;35.80779;       0.41229;3.43770;2
  -6.84347;35.81112;       0.41239;3.43769;2
  -6.81014;35.81446;       0.41246;3.43768;2
  -6.77678;35.81779;       0.41257;3.43767;2
  -6.74348;35.82112;       0.41273;3.43766;2
  -6.71017;35.82445;       0.41290;3.43765;2
  -6.67683;35.82779;       0.41301;3.43764;2
  -6.64353;35.83112;       0.41311;3.43763;2
  -6.61020;35.83445;       0.41320;3.43762;2
  -6.57688;35.83779;       0.41336;3.43761;2
  -6.54357;35.84112;       0.41349;3.43760;2
  -6.51023;35.84445;       0.41356;3.43760;2
  -6.47692;35.84779;       0.41368;3.43759;2
  -6.44357;35.85112;       0.41379;3.43758;2
  -6.41022;35.85445;       0.41394;3.43757;2
  -6.37687;35.85779;       0.41408;3.43756;2
  -6.34353;35.86112;       0.41420;3.43755;2
  -6.31015;35.86445;       0.41430;3.43754;2
  -6.27674;35.86779;       0.41438;3.43753;2
  -6.24334;35.87112;       0.41445;3.43752;2
  -6.20996;35.87445;       0.41453;3.43751;2
  -6.17659;35.87779;       0.41465;3.43750;2
  -6.14321;35.88112;       0.41478;3.43749;2
  -6.10986;35.88445;       0.41492;3.43748;2
  -6.07648;35.88778;       0.41505;3.43747;2
  -6.04309;35.89112;       0.41518;3.43746;2
  -6.00970;35.89445;       0.41533;3.43745;2
  -5.97632;35.89778;       0.41547;3.43744;2
  -5.94296;35.90112;       0.41562;3.43743;2
  -5.90959;35.90445;       0.41570;3.43742;2
  -5.87622;35.90778;       0.41576;3.43741;2
  -5.84286;35.91112;       0.41583;3.43740;2
  -5.80948;35.91445;       0.41592;3.43739;2
  -5.77612;35.91778;       0.41605;3.43738;2
  -5.74273;35.92112;       0.41616;3.43738;2
  -5.70934;35.92445;       0.41625;3.43737;2
  -5.67597;35.92778;       0.41631;3.43736;2
  -5.64263;35.93112;       0.41640;3.43735;2
  -5.60928;35.93445;       0.41655;3.43734;2
  -5.57592;35.93778;       0.41669;3.43733;2
  -5.54260;35.94111;       0.41680;3.43732;2
  -5.50926;35.94445;       0.41693;3.43731;2
  -5.47591;35.94778;       0.41704;3.43730;2
  -5.44259;35.95111;       0.41718;3.43729;2
  -5.40923;35.95445;       0.41726;3.43728;2
  -5.37592;35.95778;       0.41738;3.43727;2
  -5.34263;35.96111;       0.41748;3.43726;2
  -5.30932;35.96445;       0.41761;3.43725;2
  -5.27599;35.96778;       0.41773;3.43724;2
  -5.24267;35.97111;       0.41786;3.43723;2
  -5.20932;35.97445;       0.41794;3.43722;2
  -5.17602;35.97778;       0.41803;3.43721;2
  -5.14270;35.98111;       0.41812;3.43720;2
  -5.10935;35.98445;       0.41821;3.43719;2
  -5.07600;35.98778;       0.41831;3.43718;2
  -5.04266;35.99111;       0.41838;3.43717;2
  -5.00937;35.99444;       0.41845;3.43716;2
  -4.97608;35.99778;       0.41851;3.43715;2
  -4.94278;36.00111;       0.41860;3.43714;2
  -4.90942;36.00444;       0.41868;3.43713;2
  -4.87608;36.00778;       0.41876;3.43712;2
  -4.84272;36.01111;       0.41885;3.43711;2
  -4.80940;36.01444;       0.41895;3.43710;2
  -4.77607;36.01778;       0.41906;3.43709;2
  -4.74275;36.02111;       0.41918;3.43708;2
  -4.70942;36.02444;       0.41931;3.43707;2
  -4.67608;36.02778;       0.41943;3.43706;2
  -4.64277;36.03111;       0.41949;3.43705;2
  -4.60941;36.03444;       0.41947;3.43704;2
  -4.57607;36.03778;       0.41946;3.43703;2
  -4.54276;36.04111;       0.41950;3.43703;2
  -4.50944;36.04444;       0.41956;3.43701;2
  -4.47614;36.04777;       0.41965;3.43701;2
  -4.44283;36.05111;       0.41981;3.43700;2
  -4.40949;36.05444;       0.41997;3.43699;2
  -4.37618;36.05777;       0.42014;3.43698;2
  -4.34287;36.06111;       0.42025;3.43697;2
  -4.30956;36.06444;       0.42025;3.43696;2
  -4.27620;36.06777;       0.42026;3.43695;2
  -4.24288;36.07111;       0.42032;3.43694;2
  -4.20957;36.07444;       0.42049;3.43693;2
  -4.17626;36.07777;       0.42066;3.43692;2
  -4.14295;36.08111;       0.42082;3.43691;2
  -4.10962;36.08444;       0.42100;3.43690;2
  -4.07628;36.08777;       0.42112;3.43689;2
  -4.04297;36.09111;       0.42127;3.43688;2
  -4.00966;36.09444;       0.42140;3.43687;2
  -3.97639;36.09777;       0.42151;3.43686;2
  -3.94306;36.10110;       0.42163;3.43685;2
  -3.90973;36.10444;       0.42176;3.43684;2
  -3.87643;36.10777;       0.42191;3.43683;2
  -3.84311;36.11110;       0.42208;3.43682;2
  -3.80979;36.11444;       0.42222;3.43681;2
  -3.77648;36.11777;       0.42238;3.43680;2
  -3.74319;36.12110;       0.42251;3.43679;2
  -3.70993;36.12444;       0.42264;3.43678;2
  -3.67663;36.12777;       0.42271;3.43677;2
  -3.64334;36.13110;       0.42275;3.43676;2
  -3.61003;36.13444;       0.42286;3.43675;2
  -3.57669;36.13777;       0.42301;3.43674;2
  -3.54336;36.14110;       0.42315;3.43673;2
  -3.51002;36.14444;       0.42328;3.43672;2
  -3.47671;36.14777;       0.42339;3.43671;2
  -3.44342;36.15110;       0.42352;3.43670;2
  -3.41011;36.15443;       0.42366;3.43669;2
  -3.37676;36.15777;       0.42379;3.43668;2
  -3.34340;36.16110;       0.42392;3.43667;2
  -3.31003;36.16443;       0.42406;3.43666;2
  -3.27667;36.16777;       0.42421;3.43665;2
  -3.24331;36.17110;       0.42436;3.43664;2
  -3.20992;36.17443;       0.42453;3.43663;2
  -3.17660;36.17777;       0.42476;3.43662;2
  -3.14322;36.18110;       0.42493;3.43661;2
  -3.10988;36.18443;       0.42510;3.43660;2
  -3.07656;36.18777;       0.42526;3.43659;2
  -3.04323;36.19110;       0.42539;3.43658;2
  -3.00987;36.19443;       0.42555;3.43657;2
  -2.97649;36.19777;       0.42569;3.43655;2
  -2.94312;36.20110;       0.42584;3.43654;2
  -2.90976;36.20443;       0.42600;3.43653;2
  -2.87645;36.20776;       0.42617;3.43652;2
  -2.84311;36.21110;       0.42632;3.43651;2
  -2.80978;36.21443;       0.42652;3.43650;2
  -2.77641;36.21776;       0.42671;3.43649;2
  -2.74305;36.22110;       0.42689;3.43648;2
  -2.70965;36.22443;       0.42708;3.43647;2
  -2.67626;36.22776;       0.42724;3.43646;2
  -2.64289;36.23110;       0.42741;3.43645;2
  -2.60950;36.23443;       0.42762;3.43644;2
  -2.57614;36.23776;       0.42782;3.43643;2
  -2.54278;36.24110;       0.42800;3.43642;2
  -2.50937;36.24443;       0.42819;3.43641;2
  -2.47601;36.24776;       0.42838;3.43640;2
  -2.44262;36.25110;       0.42857;3.43639;2
  -2.40921;36.25443;       0.42880;3.43638;2
  -2.37582;36.25776;       0.42900;3.43637;2
  -2.34240;36.26109;       0.42922;3.43636;2
  -2.30899;36.26443;       0.42942;3.43635;2
  -2.27557;36.26776;       0.42962;3.43634;2
  -2.24219;36.27109;       0.42978;3.43633;2
  -2.20878;36.27443;       0.42986;3.43632;2
  -2.17536;36.27776;       0.43001;3.43631;2
  -2.14197;36.28109;       0.43022;3.43630;2
  -2.10858;36.28443;       0.43049;3.43629;2
  -2.07517;36.28776;       0.43070;3.43628;2
  -2.04176;36.29109;       0.43087;3.43627;2
  -2.00832;36.29443;       0.43109;3.43626;2
  -1.97489;36.29776;       0.43131;3.43625;2
  -1.94144;36.30109;       0.43162;3.43624;2
  -1.90801;36.30443;       0.43193;3.43623;2
  -1.87457;36.30776;       0.43224;3.43622;2
  -1.84111;36.31109;       0.43254;3.43621;2
  -1.80771;36.31442;       0.43284;3.43619;2
  -1.77428;36.31776;       0.43316;3.43618;2
  -1.74084;36.32109;       0.43346;3.43617;2
  -1.70735;36.32442;       0.43375;3.43616;2
  -1.67384;36.32776;       0.43405;3.43615;2
  -1.64039;36.33109;       0.43431;3.43614;2
  -1.60693;36.33442;       0.43463;3.43613;2
  -1.57347;36.33776;       0.43500;3.43612;2
  -1.54003;36.34109;       0.43536;3.43611;2
  -1.50659;36.34442;       0.43568;3.43610;2
  -1.47314;36.34776;       0.43601;3.43609;2
  -1.43968;36.35109;       0.43634;3.43608;2
  -1.40624;36.35442;       0.43672;3.43607;2
  -1.37280;36.35776;       0.43715;3.43606;2
  -1.33938;36.36109;       0.43762;3.43605;2
  -1.30595;36.36442;       0.43819;3.43604;2
  -1.27253;36.36775;       0.43866;3.43603;2
  -1.23909;36.37109;       0.43909;3.43602;2
  -1.20566;36.37442;       0.43952;3.43601;2
  -1.17225;36.37775;       0.44003;3.43600;2
  -1.13881;36.38109;       0.44061;3.43598;2
  -1.10539;36.38442;       0.44117;3.43597;2
  -1.07193;36.38775;       0.44173;3.43596;2
  -1.03847;36.39109;       0.44229;3.43595;2
  -1.00502;36.39442;       0.44299;3.43594;2
  -0.97161;36.39775;       0.44369;3.43593;2
  -0.93820;36.40109;       0.44447;3.43592;2
  -0.90475;36.40442;       0.44523;3.43591;2
  -0.87132;36.40775;       0.44597;3.43590;2
  -0.83790;36.41109;       0.44682;3.43589;2
  -0.80449;36.41442;       0.44763;3.43588;2
  -0.77107;36.41775;       0.44847;3.43587;2
  -0.73768;36.42108;       0.44940;3.43586;2
  -0.70430;36.42442;       0.45047;3.43585;2
  -0.67097;36.42775;       0.45160;3.43584;2
  -0.63764;36.43108;       0.45276;3.43583;2
  -0.60428;36.43442;       0.45398;3.43582;2
  -0.57095;36.43775;       0.45543;3.43580;2
  -0.53759;36.44108;       0.45691;3.43579;2
  -0.50426;36.44442;       0.45850;3.43578;2
  -0.47096;36.44775;       0.46016;3.43577;2
  -0.43762;36.45108;       0.46206;3.43576;2
  -0.40429;36.45442;       0.46413;3.43575;2
  -0.37099;36.45775;       0.46625;3.43574;2
  -0.33770;36.46108;       0.46864;3.43573;2
  -0.30445;36.46442;       0.47126;3.43572;2
  -0.27119;36.46775;       0.47412;3.43571;2
  -0.23793;36.47108;       0.47731;3.43570;2
  -0.20471;36.47441;       0.48071;3.43569;2
  -0.17148;36.47775;       0.48454;3.43568;2
  -0.13827;36.48108;       0.48872;3.43567;2
  -0.10499;36.48441;       0.49352;3.43566;2
  -0.07175;36.48775;       0.49881;3.43564;2
  -0.03856;36.49108;       0.50460;3.43563;2
  -0.00538;36.49441;       0.51104;3.43562;2
   0.02777;36.49775;       0.51825;3.43561;2
   0.06095;36.50108;       0.52618;3.43560;2
   0.09414;36.50441;       0.53496;3.43559;2
   0.12734;36.50775;       0.54488;3.43558;2
   0.16049;36.51108;       0.55568;3.43557;2
   0.19362;36.51441;       0.56764;3.43556;2
   0.22679;36.51775;       0.58063;3.43555;2
   0.25995;36.52108;       0.59458;3.43554;2
   0.29309;36.52441;       0.60939;3.43553;2
   0.32620;36.52774;       0.62510;3.43552;2
   0.35930;36.53108;       0.64155;3.43551;2
   0.39241;36.53441;       0.65860;3.43549;2
   0.42551;36.53774;       0.67622;3.43548;2
   0.45860;36.54108;       0.69440;3.43547;2
   0.49170;36.54441;       0.71302;3.43546;2
   0.52481;36.54774;       0.73193;3.43545;2
   0.55789;36.55108;       0.75129;3.43544;2
   0.59099;36.55441;       0.77097;3.43543;2
   0.62410;36.55774;       0.79096;3.43542;2
   0.65718;36.56108;       0.81123;3.43541;2
   0.69024;36.56441;       0.83163;3.43540;2
   0.72331;36.56774;       0.85224;3.43539;2
   0.75639;36.57108;       0.87298;3.43538;2
   0.78945;36.57441;       0.89393;3.43537;2
   0.82255;36.57774;       0.91489;3.43535;2
   0.85559;36.58107;       0.93588;3.43534;2
   0.88862;36.58441;       0.95701;3.43533;2
   0.92165;36.58774;       0.97808;3.43532;2
   0.95463;36.59107;       0.99918;3.43531;2
   0.98766;36.59441;       1.02024;3.43530;2
   1.02068;36.59774;       1.04126;3.43529;2
   1.05373;36.60107;       1.06245;3.43528;2
   1.08675;36.60441;       1.08368;3.43527;2
   1.11975;36.60774;       1.10487;3.43526;2
   1.15280;36.61107;       1.12608;3.43525;2
   1.18587;36.61441;       1.14729;3.43524;2
   1.21891;36.61774;       1.16847;3.43522;2
   1.25196;36.62107;       1.18963;3.43521;2
   1.28499;36.62441;       1.21085;3.43520;2
   1.31804;36.62774;       1.23208;3.43519;2
   1.35112;36.63107;       1.25326;3.43518;2
   1.38418;36.63440;       1.27449;3.43517;2
   1.41723;36.63774;       1.29568;3.43516;2
   1.45029;36.64107;       1.31681;3.43515;2
   1.48332;36.64440;       1.33789;3.43514;2
   1.51636;36.64774;       1.35899;3.43513;2
   1.54944;36.65107;       1.38011;3.43512;2
   1.58248;36.65440;       1.40127;3.43510;2
   1.61553;36.65774;       1.42244;3.43509;2
   1.64861;36.66107;       1.44371;3.43508;2
   1.68171;36.66440;       1.46490;3.43507;2
   1.71480;36.66774;       1.48607;3.43506;2
   1.74788;36.67107;       1.50724;3.43505;2
   1.78098;36.67440;       1.52837;3.43504;2
   1.81409;36.67774;       1.54945;3.43503;2
   1.84717;36.68107;       1.57055;3.43502;2
   1.88025;36.68440;       1.59166;3.43501;2
   1.91333;36.68773;       1.61277;3.43499;2
   1.94645;36.69107;       1.63387;3.43498;2
   1.97963;36.69440;       1.65495;3.43497;2
   2.01277;36.69773;       1.67602;3.43496;2
   2.04595;36.70107;       1.69710;3.43495;2
   2.07910;36.70440;       1.71819;3.43494;2
   2.11222;36.70773;       1.73930;3.43493;2
   2.14534;36.71107;       1.76043;3.43492;2
   2.17848;36.71440;       1.78154;3.43491;2
   2.21163;36.71773;       1.80260;3.43489;2
   2.24479;36.72107;       1.82366;3.43488;2
   2.27796;36.72440;       1.84471;3.43487;2
   2.31113;36.72773;       1.86574;3.43486;2
   2.34430;36.73107;       1.88682;3.43485;2
   2.37749;36.73440;       1.90802;3.43484;2
   2.41069;36.73773;       1.92919;3.43483;2
   2.44392;36.74107;       1.95031;3.43482;2
   2.47714;36.74440;       1.97143;3.43481;2
   2.51039;36.74773;       1.99259;3.43479;2
   2.54363;36.75106;       2.01379;3.43478;2
   2.57689;36.75440;       2.03503;3.43477;2
   2.61012;36.75773;       2.05648;3.43476;2
   2.64338;36.76106;       2.07795;3.43475;2
   2.67666;36.76440;       2.09939;3.43474;2
   2.70995;36.76773;       2.12096;3.43473;2
   2.74326;36.77106;       2.14257;3.43472;2
   2.77654;36.77440;       2.16434;3.43470;2
   2.80981;36.77773;       2.18610;3.43469;2
   2.84304;36.78106;       2.20804;3.43468;2
   2.87637;36.78440;       2.23001;3.43467;2
   2.90973;36.78773;       2.25217;3.43466;2
   2.94308;36.79106;       2.27442;3.43465;2
   2.97645;36.79440;       2.29665;3.43464;2
   3.00977;36.79773;       2.31883;3.43463;2
   3.04312;36.80106;       2.34108;3.43461;2
   3.07644;36.80439;       2.36337;3.43460;2
   3.10979;36.80773;       2.38566;3.43459;2
   3.14318;36.81106;       2.40796;3.43458;2
   3.17653;36.81439;       2.43032;3.43457;2
   3.20986;36.81773;       2.45272;3.43456;2
   3.24324;36.82106;       2.47514;3.43455;2
   3.27661;36.82439;       2.49756;3.43453;2
   3.30999;36.82773;       2.52006;3.43452;2
   3.34334;36.83106;       2.54243;3.43451;2
   3.37671;36.83439;       2.56472;3.43450;2
   3.41013;36.83773;       2.58704;3.43449;2
   3.44354;36.84106;       2.60931;3.43448;2
   3.47693;36.84439;       2.63158;3.43447;2
   3.51036;36.84773;       2.65389;3.43445;2
   3.54380;36.85106;       2.67617;3.43444;2
   3.57726;36.85439;       2.69841;3.43443;2
   3.61073;36.85772;       2.72046;3.43442;2
   3.64420;36.86106;       2.74258;3.43441;2
   3.67764;36.86439;       2.76467;3.43440;2
   3.71108;36.86772;       2.78673;3.43438;2
   3.74454;36.87106;       2.80866;3.43437;2
   3.77800;36.87439;       2.83063;3.43436;2
   3.81142;36.87772;       2.85266;3.43435;2
   3.84488;36.88106;       2.87472;3.43434;2
   3.87835;36.88439;       2.89676;3.43433;2
   3.91186;36.88772;       2.91878;3.43432;2
   3.94537;36.89106;       2.94074;3.43430;2
   3.97885;36.89439;       2.96266;3.43429;2
   4.01229;36.89772;       2.98460;3.43428;2
   4.04579;36.90106;       3.00654;3.43427;2
   4.07928;36.90439;       3.02843;3.43426;2
   4.11277;36.90772;       3.05040;3.43425;2
   4.14627;36.91105;       3.07231;3.43423;2
   4.17976;36.91439;       3.09416;3.43422;2
   4.21325;36.91772;       3.11599;3.43421;2
   4.24676;36.92105;       3.13786;3.43420;2
   4.28026;36.92439;       3.15973;3.43419;2
   4.31377;36.92772;       3.18156;3.43418;2
   4.34724;36.93105;       3.20339;3.43416;2
   4.38073;36.93439;       3.22525;3.43415;2
   4.41422;36.93772;       3.24711;3.43414;2
   4.44771;36.94105;       3.26893;3.43413;2
   4.48120;36.94439;       3.29076;3.43412;2
   4.51469;36.94772;       3.31256;3.43411;2
   4.54813;36.95105;       3.33440;3.43409;2
   4.58161;36.95439;       3.35622;3.43408;2
   4.61510;36.95772;       3.37805;3.43407;2
   4.64858;36.96105;       3.39986;3.43406;2
   4.68206;36.96438;       3.42160;3.43405;2
   4.71555;36.96772;       3.44321;3.43404;2
   4.74902;36.97105;       3.46456;3.43402;2
   4.78250;36.97438;       3.48593;3.43401;2
   4.81602;36.97772;       3.50720;3.43400;2
   4.84954;36.98105;       3.52829;3.43399;2
   4.88306;36.98438;       3.54935;3.43398;2
   4.91657;36.98772;       3.57028;3.43397;2
   4.95004;36.99105;       3.59117;3.43395;2
   4.98353;36.99438;       3.61203;3.43394;2
   5.01702;36.99772;       3.63291;3.43393;2
   5.05051;37.00105;       3.65382;3.43392;2
   5.08400;37.00438;       3.67475;3.43391;2
   5.11746;37.00772;       3.69573;3.43390;2
   5.15095;37.01105;       3.71670;3.43388;2
   5.18437;37.01438;       3.73764;3.43387;2
   5.21783;37.01771;       3.75856;3.43386;2
   5.25130;37.02105;       3.77939;3.43385;2
   5.28476;37.02438;       3.80017;3.43384;2
   5.31823;37.02771;       3.82076;3.43382;2
   5.35167;37.03105;       3.84141;3.43381;2
   5.38516;37.03438;       3.86201;3.43380;2
   5.41863;37.03771;       3.88267;3.43379;2
   5.45207;37.04105;       3.90338;3.43378;2
   5.48550;37.04438;       3.92414;3.43377;2
   5.51894;37.04771;       3.94513;3.43375;2
   5.55238;37.05105;       3.96629;3.43374;2
   5.58582;37.05438;       3.98743;3.43373;2
   5.61926;37.05771;       4.00851;3.43372;2
   5.65267;37.06105;       4.02944;3.43371;2
   5.68607;37.06438;       4.04973;3.43369;2
   5.71950;37.06771;       4.06978;3.43368;2
   5.75296;37.07104;       4.08985;3.43367;2
   5.78641;37.07438;       4.10989;3.43366;2
   5.81987;37.07771;       4.13011;3.43365;2
   5.85333;37.08104;       4.15036;3.43363;2
   5.88678;37.08438;       4.17051;3.43362;2
   5.92021;37.08771;       4.19056;3.43361;2
   5.95365;37.09104;       4.21061;3.43360;2
   5.98707;37.09438;       4.23043;3.43359;2
   6.02050;37.09771;       4.24995;3.43357;2
   6.05395;37.10104;       4.26911;3.43356;2
   6.08738;37.10438;       4.28806;3.43355;2
   6.12082;37.10771;       4.30677;3.43354;2
   6.15421;37.11104;       4.32539;3.43353;2
   6.18762;37.11438;       4.34376;3.43351;2
   6.22101;37.11771;       4.36178;3.43350;2
   6.25445;37.12104;       4.37941;3.43349;2
   6.28787;37.12437;       4.39691;3.43348;2
   6.32130;37.12771;       4.41431;3.43347;2
   6.35469;37.13104;       4.43167;3.43346;2
   6.38810;37.13437;       4.44916;3.43344;2
   6.42150;37.13771;       4.46680;3.43343;2
   6.45489;37.14104;       4.48441;3.43342;2
   6.48828;37.14437;       4.50191;3.43341;2
   6.52166;37.14771;       4.51929;3.43340;2
   6.55505;37.15104;       4.53645;3.43338;2
   6.58846;37.15437;       4.55358;3.43337;2
   6.62185;37.15771;       4.57058;3.43336;2
   6.65522;37.16104;       4.58736;3.43335;2
   6.68862;37.16437;       4.60377;3.43333;2
   6.72201;37.16771;       4.62019;3.43332;2
   6.75540;37.17104;       4.63701;3.43331;2
   6.78877;37.17437;       4.65406;3.43330;2
   6.82215;37.17770;       4.67104;3.43329;2
   6.85547;37.18104;       4.68788;3.43327;2
   6.88880;37.18437;       4.70471;3.43326;2
   6.92214;37.18770;       4.72214;3.43325;2
   6.95547;37.19104;       4.74040;3.43324;2
   6.98881;37.19437;       4.75904;3.43323;2
   7.02213;37.19770;       4.77762;3.43321;2
   7.05546;37.20104;       4.79602;3.43320;2
   7.08877;37.20437;       4.81401;3.43319;2
   7.12211;37.20770;       4.83153;3.43318;2
   7.15549;37.21104;       4.84855;3.43316;2
   7.18883;37.21437;       4.86516;3.43315;2
   7.22217;37.21770;       4.88163;3.43314;2
   7.25550;37.22104;       4.89860;3.43313;2
   7.28882;37.22437;       4.91656;3.43312;2
   7.32216;37.22770;       4.93558;3.43310;2
   7.35547;37.23103;       4.95520;3.43309;2
   7.38880;37.23437;       4.97523;3.43308;2
   7.42211;37.23770;       4.99500;3.43307;2
   7.45540;37.24103;       5.01417;3.43306;2
   7.48871;37.24437;       5.03233;3.43304;2
   7.52200;37.24770;       5.04969;3.43303;2
   7.55535;37.25103;       5.06655;3.43302;2
   7.58865;37.25437;       5.08372;3.43301;2
   7.62195;37.25770;       5.10177;3.43299;2
   7.65521;37.26103;       5.12073;3.43298;2
   7.68850;37.26437;       5.14023;3.43297;2
   7.72179;37.26770;       5.16020;3.43296;2
   7.75507;37.27103;       5.18024;3.43295;2
   7.78831;37.27437;       5.20015;3.43293;2
   7.82159;37.27770;       5.21963;3.43292;2
   7.85485;37.28103;       5.23833;3.43291;2
   7.88809;37.28436;       5.25576;3.43290;2
   7.92132;37.28770;       5.27211;3.43288;2
   7.95460;37.29103;       5.28773;3.43287;2
   7.98784;37.29436;       5.30313;3.43286;2
   8.02108;37.29770;       5.31880;3.43285;2
   8.05434;37.30103;       5.33488;3.43284;2
   8.08759;37.30436;       5.35152;3.43282;2
   8.12083;37.30770;       5.36867;3.43281;2
   8.15406;37.31103;       5.38628;3.43280;2
   8.18732;37.31436;       5.40417;3.43279;2
   8.22055;37.31770;       5.42232;3.43277;2
   8.25382;37.32103;       5.44061;3.43276;2
   8.28705;37.32436;       5.45899;3.43275;2
   8.32028;37.32770;       5.47745;3.43274;2
   8.35349;37.33103;       5.49600;3.43272;2
   8.38672;37.33436;       5.51472;3.43271;2
   8.41998;37.33769;       5.53362;3.43270;2
   8.45325;37.34103;       5.55225;3.43269;2
   8.48650;37.34436;       5.57051;3.43267;2
   8.51978;37.34769;       5.58825;3.43266;2
   8.55305;37.35103;       5.60563;3.43265;2
   8.58631;37.35436;       5.62269;3.43264;2
   8.61964;37.35769;       5.63933;3.43263;2
   8.65293;37.36103;       5.65546;3.43261;2
   8.68617;37.36436;       5.67120;3.43260;2
   8.71942;37.36769;       5.68664;3.43259;2
   8.75269;37.37103;       5.70216;3.43258;2
   8.78594;37.37436;       5.71823;3.43256;2
   8.81922;37.37769;       5.73502;3.43255;2
   8.85248;37.38103;       5.75232;3.43254;2
   8.88575;37.38436;       5.77014;3.43253;2
   8.91905;37.38769;       5.78844;3.43251;2
   8.95234;37.39102;       5.80659;3.43250;2
   8.98562;37.39436;       5.82443;3.43249;2
   9.01889;37.39769;       5.84182;3.43248;2
   9.05217;37.40102;       5.85877;3.43246;2
   9.08545;37.40436;       5.87541;3.43245;2
   9.11876;37.40769;       5.89191;3.43244;2
   9.15205;37.41102;       5.90830;3.43243;2
   9.18529;37.41436;       5.92458;3.43241;2
   9.21859;37.41769;       5.94074;3.43240;2
   9.25188;37.42102;       5.95682;3.43239;2
   9.28521;37.42436;       5.97285;3.43238;2
   9.31853;37.42769;       5.98861;3.43236;2
   9.35182;37.43102;       6.00415;3.43235;2
   9.38512;37.43436;       6.01916;3.43234;2
   9.41843;37.43769;       6.03392;3.43233;2
   9.45174;37.44102;       6.04839;3.43231;2
   9.48510;37.44435;       6.06277;3.43230;2
   9.51839;37.44769;       6.07718;3.43229;2
   9.55173;37.45102;       6.09158;3.43228;2
   9.58506;37.45435;       6.10616;3.43226;2
   9.61843;37.45769;       6.12072;3.43225;2
   9.65178;37.46102;       6.13521;3.43224;2
   9.68517;37.46435;       6.14957;3.43222;2
   9.71856;37.46769;       6.16354;3.43221;2
   9.75194;37.47102;       6.17723;3.43220;2
   9.78534;37.47435;       6.19062;3.43219;2
   9.81873;37.47769;       6.20381;3.43217;2
   9.85209;37.48102;       6.21701;3.43216;2
   9.88545;37.48435;       6.23038;3.43215;2
   9.91883;37.48769;       6.24400;3.43214;2
   9.95220;37.49102;       6.25771;3.43212;2
   9.98559;37.49435;       6.27122;3.43211;2
  10.01897;37.49768;       6.28401;3.43210;2
  10.05234;37.50102;       6.29643;3.43209;2
  10.08572;37.50435;       6.30887;3.43207;2
  10.11907;37.50768;       6.32115;3.43206;2
  10.15243;37.51102;       6.33344;3.43205;2
  10.18578;37.51435;       6.34576;3.43203;2
  10.21917;37.51768;       6.35767;3.43202;2
  10.25258;37.52102;       6.36856;3.43201;2
  10.28597;37.52435;       6.37880;3.43200;2
  10.31938;37.52768;       6.38902;3.43198;2
  10.35277;37.53102;       6.39950;3.43197;2
  10.38618;37.53435;       6.41036;3.43196;2
  10.41960;37.53768;       6.42131;3.43194;2
  10.45301;37.54102;       6.43188;3.43193;2
  10.48642;37.54435;       6.44184;3.43192;2
  10.51982;37.54768;       6.45144;3.43191;2
  10.55316;37.55102;       6.46141;3.43189;2
  10.58656;37.55435;       6.47192;3.43188;2
  10.61996;37.55768;       6.48244;3.43187;2
  10.65334;37.56101;       6.49272;3.43185;2
  10.68668;37.56435;       6.50310;3.43184;2
  10.72009;37.56768;       6.51374;3.43183;2
  10.75348;37.57101;       6.52429;3.43182;2
  10.78684;37.57435;       6.53437;3.43180;2
  10.82021;37.57768;       6.54322;3.43179;2
  10.85357;37.58101;       6.55082;3.43178;2
  10.88695;37.58435;       6.55822;3.43176;2
  10.92030;37.58768;       6.56594;3.43175;2
  10.95370;37.59101;       6.57380;3.43174;2
  10.98711;37.59435;       6.58103;3.43173;2
  11.02050;37.59768;       6.58770;3.43171;2
  11.05390;37.60101;       6.59443;3.43170;2
  11.08726;37.60435;       6.60172;3.43169;2
  11.12067;37.60768;       6.60974;3.43167;2
  11.15404;37.61101;       6.61815;3.43166;2
  11.18740;37.61434;       6.62711;3.43165;2
  11.22083;37.61768;       6.63651;3.43164;2
  11.25424;37.62101;       6.64661;3.43162;2
  11.28766;37.62434;       6.65740;3.43161;2
  11.32105;37.62768;       6.66794;3.43160;2
  11.35443;37.63101;       6.67794;3.43158;2
  11.38780;37.63434;       6.68762;3.43157;2
  11.42123;37.63768;       6.69710;3.43156;2
  11.45464;37.64101;       6.70630;3.43154;2
  11.48806;37.64434;       6.71523;3.43153;2
  11.52142;37.64768;       6.72416;3.43152;2
  11.55484;37.65101;       6.73271;3.43151;2
  11.58827;37.65434;       6.74048;3.43149;2
  11.62167;37.65768;       6.74805;3.43148;2
  11.65506;37.66101;       6.75564;3.43147;2
  11.68849;37.66434;       6.76282;3.43145;2
  11.72186;37.66767;       6.76966;3.43144;2
  11.75522;37.67101;       6.77587;3.43143;2
  11.78861;37.67434;       6.78144;3.43141;2
  11.82200;37.67767;       6.78660;3.43140;2
  11.85541;37.68101;       6.79168;3.43139;2
  11.88882;37.68434;       6.79697;3.43138;2
  11.92226;37.68767;       6.80230;3.43136;2
  11.95570;37.69101;       6.80686;3.43135;2
  11.98914;37.69434;       6.81008;3.43134;2
  12.02257;37.69767;       6.81257;3.43132;2
  12.05603;37.70101;       6.81334;3.43131;2
  12.08950;37.70434;       6.81183;3.43130;2
  12.12297;37.70767;       6.80867;3.43128;2
  12.15645;37.71101;       6.80553;3.43127;2
  12.18994;37.71434;       6.80435;3.43126;2
  12.22343;37.71767;       6.80530;3.43124;2
  12.25686;37.72100;       6.80687;3.43123;2
  12.29029;37.72434;       6.80781;3.43122;2
  12.32375;37.72767;       6.80725;3.43120;2
  12.35722;37.73100;       6.80419;3.43119;2
  12.39071;37.73434;       6.79893;3.43118;2
  12.42422;37.73767;       6.79265;3.43116;2
  12.45771;37.74100;       6.78638;3.43115;2
  12.49120;37.74434;       6.78133;3.43114;2
  12.52467;37.74767;       6.77667;3.43112;2
  12.55820;37.75100;       6.76985;3.43111;2
  12.59173;37.75434;       6.75928;3.43110;2
  12.62524;37.75767;       6.74490;3.43108;2
  12.65878;37.76100;       6.72687;3.43107;2
  12.69232;37.76434;       6.70636;3.43106;2
  12.72593;37.76767;       6.68522;3.43104;2
  12.75951;37.77100;       6.66455;3.43103;2
  12.79314;37.77433;       6.64478;3.43102;2
  12.82678;37.77767;       6.62594;3.43100;2
  12.86043;37.78100;       6.60859;3.43099;2
  12.89408;37.78433;       6.59321;3.43098;2
  12.92777;37.78767;       6.57931;3.43096;2
  12.96147;37.79100;       6.56628;3.43095;2
  12.99511;37.79433;       6.55362;3.43094;2
  13.02876;37.79767;       6.54041;3.43092;2
  13.06243;37.80100;       6.52545;3.43091;2
  13.09614;37.80433;       6.50872;3.43090;2
  13.12989;37.80767;       6.49004;3.43088;2
  13.16361;37.81100;       6.46855;3.43087;2
  13.19735;37.81433;       6.44407;3.43086;2
  13.23112;37.81767;       6.41662;3.43084;2
  13.26488;37.82100;       6.38664;3.43083;2
  13.29864;37.82433;       6.35464;3.43082;2
  13.33239;37.82766;       6.32074;3.43080;2
  13.36612;37.83100;       6.28502;3.43079;2
  13.39991;37.83433;       6.24719;3.43078;2
  13.43370;37.83766;       6.20668;3.43076;2
  13.46750;37.84100;       6.16270;3.43075;2
  13.50132;37.84433;       6.11418;3.43074;2
  13.53512;37.84766;       6.06005;3.43072;2
  13.56893;37.85100;       5.99931;3.43071;2
  13.60275;37.85433;       5.93140;3.43069;2
  13.63659;37.85766;       5.85751;3.43068;2
  13.67040;37.86100;       5.77978;3.43067;2
  13.70420;37.86433;       5.70023;3.43065;2
  13.73800;37.86766;       5.62051;3.43064;2
  13.77181;37.87100;       5.54133;3.43063;2
  13.80564;37.87433;       5.46344;3.43061;2
  13.83946;37.87766;       5.38692;3.43060;2
  13.87326;37.88099;       5.31188;3.43059;2
  13.90704;37.88433;       5.23825;3.43057;2
  13.94086;37.88766;       5.16614;3.43056;2
  13.97466;37.89099;       5.09546;3.43054;2
  14.00848;37.89433;       5.02608;3.43053;2
  14.04228;37.89766;       4.95802;3.43052;2
  14.07610;37.90099;       4.89117;3.43050;2
  14.10988;37.90433;       4.82561;3.43049;2
  14.14365;37.90766;       4.76118;3.43048;2
  14.17740;37.91099;       4.69785;3.43046;2
  14.21115;37.91433;       4.63559;3.43045;2
  14.24494;37.91766;       4.57435;3.43044;2
  14.27871;37.92099;       4.51416;3.43042;2
  14.31250;37.92433;       4.45499;3.43041;2
  14.34633;37.92766;       4.39670;3.43039;2
  14.38011;37.93099;       4.33935;3.43038;2
  14.41385;37.93432;       4.28293;3.43037;2
  14.44758;37.93766;       4.22761;3.43035;2
  14.48128;37.94099;       4.17312;3.43034;2
  14.51499;37.94432;       4.11950;3.43033;2
  14.54871;37.94766;       4.06662;3.43031;2
  14.58244;37.95099;       4.01461;3.43030;2
  14.61613;37.95432;       3.96345;3.43028;2
  14.64981;37.95766;       3.91315;3.43027;2
  14.68351;37.96099;       3.86361;3.43026;2
  14.71712;37.96432;       3.81485;3.43024;2
  14.75072;37.96766;       3.76678;3.43023;2
  14.78432;37.97099;       3.71949;3.43022;2
  14.81791;37.97432;       3.67308;3.43020;2
  14.85150;37.97766;       3.62746;3.43019;2
  14.88505;37.98099;       3.58242;3.43017;2
  14.91861;37.98432;       3.53805;3.43016;2
  14.95215;37.98765;       3.49438;3.43015;2
  14.98565;37.99099;       3.45141;3.43013;2
  15.01916;37.99432;       3.40915;3.43012;2
  15.05268;37.99765;       3.36766;3.43011;2
  15.08619;38.00099;       3.32685;3.43009;2
  15.11967;38.00432;       3.28664;3.43008;2
  15.15311;38.00765;       3.24704;3.43006;2
  15.18650;38.01099;       3.20808;3.43005;2
  15.21988;38.01432;       3.16972;3.43004;2
  15.25327;38.01765;       3.13196;3.43002;2
  15.28661;38.02099;       3.09483;3.43001;2
  15.31993;38.02432;       3.05834;3.43000;2
  15.35323;38.02765;       3.02224;3.42998;2
  15.38652;38.03099;       2.98672;3.42997;2
  15.41981;38.03432;       2.95176;3.42995;2
  15.45309;38.03765;       2.91745;3.42994;2
  15.48636;38.04098;       2.88371;3.42993;2
  15.51957;38.04432;       2.85054;3.42991;2
  15.55275;38.04765;       2.81797;3.42990;2
  15.58591;38.05098;       2.78579;3.42989;2
  15.61909;38.05432;       2.75404;3.42987;2
  15.65225;38.05765;       2.72289;3.42986;2
  15.68538;38.06098;       2.69224;3.42984;2
  15.71849;38.06432;       2.66209;3.42983;2
  15.75160;38.06765;       2.63239;3.42982;2
  15.78472;38.07098;       2.60315;3.42980;2
  15.81784;38.07432;       2.57444;3.42979;2
  15.85094;38.07765;       2.54623;3.42978;2
  15.88402;38.08098;       2.51837;3.42976;2
  15.91707;38.08432;       2.49091;3.42975;2
  15.95011;38.08765;       2.46398;3.42974;2
  15.98313;38.09098;       2.43752;3.42972;2
  16.01614;38.09431;       2.41136;3.42971;2
  16.04912;38.09765;       2.38566;3.42969;2
  16.08212;38.10098;       2.36039;3.42968;2
  16.11510;38.10431;       2.33550;3.42967;2
  16.14810;38.10765;       2.31109;3.42965;2
  16.18108;38.11098;       2.28700;3.42964;2
  16.21404;38.11431;       2.26327;3.42962;2
  16.24701;38.11765;       2.23982;3.42961;2
  16.27992;38.12098;       2.21687;3.42960;2
  16.31284;38.12431;       2.19428;3.42958;2
  16.34579;38.12765;       2.17203;3.42957;2
  16.37867;38.13098;       2.15010;3.42956;2
  16.41155;38.13431;       2.12857;3.42954;2
  16.44447;38.13765;       2.10744;3.42953;2
  16.47739;38.14098;       2.08666;3.42951;2
  16.51030;38.14431;       2.06615;3.42950;2
  16.54318;38.14764;       2.04599;3.42949;2
  16.57603;38.15098;       2.02612;3.42947;2
  16.60890;38.15431;       2.00654;3.42946;2
  16.64175;38.15764;       1.98726;3.42945;2
  16.67462;38.16098;       1.96840;3.42943;2
  16.70745;38.16431;       1.94978;3.42942;2
  16.74032;38.16764;       1.93142;3.42940;2
  16.77318;38.17098;       1.91339;3.42939;2
  16.80600;38.17431;       1.89568;3.42938;2
  16.83882;38.17764;       1.87828;3.42936;2
  16.87158;38.18098;       1.86118;3.42935;2
  16.90439;38.18431;       1.84436;3.42934;2
  16.93719;38.18764;       1.82782;3.42932;2
  16.97002;38.19098;       1.81144;3.42931;2
  17.00284;38.19431;       1.79545;3.42929;2
  17.03564;38.19764;       1.77969;3.42928;2
  17.06842;38.20097;       1.76407;3.42927;2
  17.10119;38.20431;       1.74874;3.42925;2
  17.13400;38.20764;       1.73376;3.42924;2
  17.16680;38.21097;       1.71895;3.42922;2
  17.19965;38.21431;       1.70432;3.42921;2
  17.23248;38.21764;       1.68996;3.42920;2
  17.26528;38.22097;       1.67588;3.42918;2
  17.29812;38.22431;       1.66208;3.42917;2
  17.33099;38.22764;       1.64847;3.42915;2
  17.36385;38.23097;       1.63511;3.42914;2
  17.39669;38.23431;       1.62198;3.42913;2
  17.42955;38.23764;       1.60905;3.42911;2
  17.46240;38.24097;       1.59635;3.42910;2
  17.49525;38.24431;       1.58380;3.42909;2
  17.52812;38.24764;       1.57147;3.42907;2
  17.56104;38.25097;       1.55936;3.42906;2
  17.59394;38.25430;       1.54749;3.42904;2
  17.62684;38.25764;       1.53581;3.42903;2
  17.65974;38.26097;       1.52431;3.42902;2
  17.69265;38.26430;       1.51288;3.42900;2
  17.72559;38.26764;       1.50176;3.42899;2
  17.75852;38.27097;       1.49082;3.42897;2
  17.79144;38.27430;       1.48001;3.42896;2
  17.82439;38.27764;       1.46940;3.42895;2
  17.85733;38.28097;       1.45904;3.42893;2
  17.89028;38.28430;       1.44882;3.42892;2
  17.92330;38.28764;       1.43877;3.42890;2
  17.95628;38.29097;       1.42892;3.42889;2
  17.98930;38.29430;       1.41921;3.42887;2
  18.02231;38.29764;       1.40959;3.42886;2
  18.05533;38.30097;       1.40020;3.42885;2
  18.08839;38.30430;       1.39093;3.42883;2
  18.12142;38.30763;       1.38188;3.42882;2
  18.15445;38.31097;       1.37292;3.42880;2
  18.18748;38.31430;       1.36409;3.42879;2
  18.22055;38.31763;       1.35546;3.42878;2
  18.25361;38.32097;       1.34700;3.42876;2
  18.28669;38.32430;       1.33865;3.42875;2
  18.31980;38.32763;       1.33043;3.42873;2
  18.35287;38.33097;       1.32239;3.42872;2
  18.38598;38.33430;       1.31447;3.42870;2
  18.41911;38.33763;       1.30678;3.42869;2
  18.45220;38.34097;       1.29906;3.42868;2
  18.48530;38.34430;       1.29145;3.42866;2
  18.51843;38.34763;       1.28405;3.42865;2
  18.55160;38.35097;       1.27681;3.42863;2
  18.58476;38.35430;       1.26970;3.42862;2
  18.61790;38.35763;       1.26267;3.42861;2
  18.65106;38.36097;       1.25582;3.42859;2
  18.68424;38.36430;       1.24902;3.42858;2
  18.71744;38.36763;       1.24233;3.42856;2
  18.75065;38.37096;       1.23575;3.42855;2
  18.78384;38.37430;       1.22932;3.42853;2
  18.81707;38.37763;       1.22311;3.42852;2
  18.85032;38.38096;       1.21693;3.42850;2
  18.88358;38.38430;       1.21071;3.42849;2
  18.91684;38.38763;       1.20471;3.42848;2
  18.95008;38.39096;       1.19883;3.42846;2
  18.98334;38.39430;       1.19304;3.42845;2
  19.01659;38.39763;       1.18742;3.42843;2
  19.04986;38.40096;       1.18186;3.42842;2
  19.08317;38.40430;       1.17638;3.42840;2
  19.11648;38.40763;       1.17096;3.42839;2
  19.14978;38.41096;       1.16566;3.42837;2
  19.18307;38.41430;       1.16050;3.42836;2
  19.21636;38.41763;       1.15544;3.42835;2
  19.24969;38.42096;       1.15039;3.42833;2
  19.28303;38.42429;       1.14541;3.42832;2
  19.31639;38.42763;       1.14052;3.42830;2
  19.34972;38.43096;       1.13576;3.42829;2
  19.38308;38.43429;       1.13112;3.42827;2
  19.41645;38.43763;       1.12653;3.42826;2
  19.44981;38.44096;       1.12205;3.42824;2
  19.48319;38.44429;       1.11763;3.42823;2
  19.51656;38.44763;       1.11327;3.42821;2
  19.54995;38.45096;       1.10891;3.42820;2
  19.58333;38.45429;       1.10462;3.42819;2
  19.61675;38.45763;       1.10054;3.42817;2
  19.65016;38.46096;       1.09654;3.42816;2
  19.68357;38.46429;       1.09264;3.42814;2
  19.71698;38.46763;       1.08877;3.42813;2
  19.75038;38.47096;       1.08496;3.42811;2
  19.78381;38.47429;       1.08117;3.42810;2
  19.81723;38.47762;       1.07743;3.42808;2
  19.85062;38.48096;       1.07375;3.42807;2
  19.88403;38.48429;       1.07014;3.42805;2
  19.91745;38.48762;       1.06662;3.42804;2
  19.95083;38.49096;       1.06323;3.42802;2
  19.98427;38.49429;       1.05984;3.42801;2
  20.01764;38.49762;       1.05648;3.42800;2
  20.05105;38.50096;       1.05322;3.42798;2
  20.08449;38.50429;       1.05002;3.42797;2
  20.11788;38.50762;       1.04688;3.42795;2
  20.15129;38.51096;       1.04373;3.42794;2
  20.18468;38.51429;       1.04067;3.42792;2
  20.21811;38.51762;       1.03768;3.42791;2
  20.25155;38.52096;       1.03467;3.42789;2
  20.28499;38.52429;       1.03172;3.42788;2
  20.31840;38.52762;       1.02883;3.42786;2
  20.35182;38.53095;       1.02599;3.42785;2
  20.38528;38.53429;       1.02324;3.42783;2
  20.41870;38.53762;       1.02052;3.42782;2
  20.45214;38.54095;       1.01789;3.42780;2
  20.48559;38.54429;       1.01531;3.42779;2
  20.51904;38.54762;       1.01283;3.42777;2
  20.55247;38.55095;       1.01028;3.42776;2
  20.58592;38.55429;       1.00785;3.42774;2
  20.61936;38.55762;       1.00547;3.42773;2
  20.65279;38.56095;       1.00312;3.42772;2
  20.68623;38.56429;       1.00083;3.42770;2
  20.71968;38.56762;       0.99858;3.42769;2
  20.75311;38.57095;       0.99630;3.42767;2
  20.78657;38.57429;       0.99402;3.42766;2
  20.82002;38.57762;       0.99183;3.42764;2
  20.85346;38.58095;       0.98968;3.42763;2
  20.88687;38.58428;       0.98758;3.42761;2
  20.92031;38.58762;       0.98549;3.42760;2
  20.95375;38.59095;       0.98344;3.42758;2
  20.98719;38.59428;       0.98147;3.42757;2
  21.02062;38.59762;       0.97959;3.42755;2
  21.05406;38.60095;       0.97764;3.42754;2
  21.08748;38.60428;       0.97579;3.42752;2
  21.12089;38.60762;       0.97394;3.42751;2
  21.15431;38.61095;       0.97208;3.42749;2
  21.18772;38.61428;       0.97028;3.42748;2
  21.22115;38.61762;       0.96864;3.42746;2
  21.25455;38.62095;       0.96697;3.42745;2
  21.28794;38.62428;       0.96527;3.42743;2
  21.32135;38.62762;       0.96356;3.42742;2
  21.35474;38.63095;       0.96186;3.42740;2
  21.38815;38.63428;       0.96021;3.42739;2
  21.42156;38.63761;       0.95858;3.42737;2
  21.45497;38.64095;       0.95710;3.42736;2
  21.48837;38.64428;       0.95561;3.42734;2
  21.52175;38.64761;       0.95410;3.42733;2
  21.55516;38.65095;       0.95256;3.42731;2
  21.58855;38.65428;       0.95113;3.42730;2
  21.62196;38.65761;       0.94968;3.42728;2
  21.65533;38.66095;       0.94829;3.42727;2
  21.68872;38.66428;       0.94690;3.42725;2
  21.72208;38.66761;       0.94550;3.42724;2
  21.75541;38.67095;       0.94417;3.42722;2
  21.78878;38.67428;       0.94283;3.42721;2
  21.82210;38.67761;       0.94150;3.42719;2
  21.85543;38.68095;       0.94033;3.42718;2
  21.88877;38.68428;       0.93914;3.42716;2
  21.92213;38.68761;       0.93794;3.42715;2
  21.95547;38.69094;       0.93676;3.42713;2
  21.98885;38.69428;       0.93555;3.42712;2
  22.02223;38.69761;       0.93434;3.42710;2
  22.05562;38.70094;       0.93317;3.42709;2
  22.08899;38.70428;       0.93201;3.42707;2
  22.12233;38.70761;       0.93091;3.42706;2
  22.15569;38.71094;       0.92989;3.42704;2
  22.18905;38.71428;       0.92888;3.42703;2
  22.22241;38.71761;       0.92788;3.42701;2
  22.25577;38.72094;       0.92690;3.42700;2
  22.28913;38.72428;       0.92592;3.42698;2
  22.32249;38.72761;       0.92492;3.42697;2
  22.35588;38.73094;       0.92394;3.42695;2
  22.38925;38.73428;       0.92295;3.42694;2
  22.42259;38.73761;       0.92205;3.42692;2
  22.45594;38.74094;       0.92118;3.42691;2
  22.48928;38.74427;       0.92029;3.42689;2
  22.52264;38.74761;       0.91941;3.42688;2
  22.55600;38.75094;       0.91857;3.42686;2
  22.58934;38.75427;       0.91777;3.42685;2
  22.62265;38.75761;       0.91697;3.42683;2
  22.65599;38.76094;       0.91618;3.42682;2
  22.68931;38.76427;       0.91538;3.42680;2
  22.72264;38.76761;       0.91459;3.42679;2
  22.75593;38.77094;       0.91381;3.42677;2
  22.78927;38.77427;       0.91301;3.42675;2
  22.82258;38.77761;       0.91224;3.42674;2
  22.85591;38.78094;       0.91154;3.42672;2
  22.88927;38.78427;       0.91087;3.42671;2
  22.92264;38.78761;       0.91021;3.42669;2
  22.95597;38.79094;       0.90960;3.42668;2
  22.98929;38.79427;       0.90896;3.42666;2
  23.02260;38.79760;       0.90835;3.42665;2
  23.05593;38.80094;       0.90778;3.42663;2
  23.08922;38.80427;       0.90721;3.42662;2
  23.12253;38.80760;       0.90660;3.42660;2
  23.15589;38.81094;       0.90598;3.42659;2
  23.18923;38.81427;       0.90536;3.42657;2
  23.22259;38.81760;       0.90473;3.42656;2
  23.25590;38.82094;       0.90411;3.42654;2
  23.28923;38.82427;       0.90352;3.42653;2
  23.32255;38.82760;       0.90294;3.42651;2
  23.35586;38.83094;       0.90240;3.42650;2
  23.38914;38.83427;       0.90194;3.42648;2
  23.42241;38.83760;       0.90145;3.42647;2
  23.45571;38.84094;       0.90099;3.42645;2
  23.48902;38.84427;       0.90056;3.42643;2
  23.52231;38.84760;       0.90012;3.42642;2
  23.55562;38.85093;       0.89971;3.42640;2
  23.58890;38.85427;       0.89931;3.42639;2
  23.62219;38.85760;       0.89891;3.42637;2
  23.65548;38.86093;       0.89847;3.42636;2
  23.68874;38.86427;       0.89806;3.42634;2
  23.72200;38.86760;       0.89768;3.42633;2
  23.75531;38.87093;       0.89729;3.42631;2
  23.78864;38.87427;       0.89691;3.42630;2
  23.82191;38.87760;       0.89653;3.42628;2
  23.85519;38.88093;       0.89616;3.42627;2
  23.88852;38.88427;       0.89580;3.42625;2
  23.92183;38.88760;       0.89542;3.42624;2
  23.95512;38.89093;       0.89503;3.42622;2
  23.98840;38.89427;       0.89467;3.42620;2
  24.02166;38.89760;       0.89430;3.42619;2
  24.05488;38.90093;       0.89393;3.42617;2
  24.08814;38.90426;       0.89357;3.42616;2
  24.12137;38.90760;       0.89332;3.42614;2
  24.15463;38.91093;       0.89315;3.42613;2
  24.18789;38.91426;       0.89293;3.42611;2
  24.22117;38.91760;       0.89266;3.42610;2
  24.25444;38.92093;       0.89237;3.42608;2
  24.28770;38.92426;       0.89209;3.42607;2
  24.32093;38.92760;       0.89179;3.42605;2
  24.35414;38.93093;       0.89151;3.42603;2
  24.38739;38.93426;       0.89122;3.42602;2
  24.42061;38.93760;       0.89097;3.42600;2
  24.45386;38.94093;       0.89089;3.42599;2
  24.48712;38.94426;       0.89072;3.42597;2
  24.52036;38.94760;       0.89048;3.42596;2
  24.55359;38.95093;       0.89024;3.42594;2
  24.58682;38.95426;       0.88999;3.42593;2
  24.62010;38.95759;       0.88972;3.42591;2
  24.65337;38.96093;       0.88949;3.42590;2
  24.68660;38.96426;       0.88924;3.42588;2
  24.71988;38.96759;       0.88917;3.42586;2
  24.75315;38.97093;       0.88905;3.42585;2
  24.78645;38.97426;       0.88883;3.42583;2
  24.81970;38.97759;       0.88864;3.42582;2
  24.85297;38.98093;       0.88840;3.42580;2
  24.88622;38.98426;       0.88821;3.42579;2
  24.91944;38.98759;       0.88805;3.42577;2
  24.95270;38.99093;       0.88786;3.42576;2
  24.98597;38.99426;       0.88769;3.42574;2
  25.01923;38.99759;       0.88753;3.42572;2
  25.05251;39.00093;       0.88737;3.42571;2
  25.08577;39.00426;       0.88723;3.42569;2
  25.11906;39.00759;       0.88711;3.42568;2
  25.15234;39.01092;       0.88698;3.42566;2
  25.18557;39.01426;       0.88692;3.42565;2
  25.21881;39.01759;       0.88679;3.42563;2
  25.25206;39.02092;       0.88668;3.42562;2
  25.28537;39.02426;       0.88654;3.42560;2
  25.31866;39.02759;       0.88647;3.42558;2
  25.35193;39.03092;       0.88645;3.42557;2
  25.38519;39.03426;       0.88653;3.42555;2
  25.41849;39.03759;       0.88655;3.42554;2
  25.45180;39.04092;       0.88656;3.42552;2
  25.48509;39.04426;       0.88651;3.42551;2
  25.51835;39.04759;       0.88646;3.42549;2
  25.55164;39.05092;       0.88640;3.42547;2
  25.58495;39.05426;       0.88635;3.42546;2
  25.61828;39.05759;       0.88628;3.42544;2
  25.65161;39.06092;       0.88618;3.42543;2
  25.68490;39.06425;       0.88613;3.42541;2
  25.71822;39.06759;       0.88611;3.42540;2
  25.75153;39.07092;       0.88611;3.42538;2
  25.78484;39.07425;       0.88611;3.42536;2
  25.81817;39.07759;       0.88606;3.42535;2
  25.85150;39.08092;       0.88596;3.42533;2
  25.88485;39.08425;       0.88597;3.42532;2
  25.91818;39.08759;       0.88596;3.42530;2
  25.95147;39.09092;       0.88595;3.42528;2
  25.98480;39.09425;       0.88589;3.42527;2
  26.01814;39.09759;       0.88587;3.42525;2
  26.05150;39.10092;       0.88589;3.42524;2
  26.08487;39.10425;       0.88592;3.42522;2
  26.11822;39.10759;       0.88596;3.42521;2
  26.15161;39.11092;       0.88600;3.42519;2
  26.18497;39.11425;       0.88608;3.42517;2
  26.21833;39.11758;       0.88616;3.42516;2
  26.25165;39.12092;       0.88625;3.42514;2
  26.28501;39.12425;       0.88629;3.42513;2
  26.31835;39.12758;       0.88634;3.42511;2
  26.35171;39.13092;       0.88642;3.42509;2
  26.38507;39.13425;       0.88645;3.42508;2
  26.41841;39.13758;       0.88650;3.42506;2
  26.45175;39.14092;       0.88665;3.42505;2
  26.48511;39.14425;       0.88675;3.42503;2
  26.51846;39.14758;       0.88681;3.42501;2
  26.55185;39.15092;       0.88690;3.42500;2
  26.58524;39.15425;       0.88699;3.42498;2
  26.61863;39.15758;       0.88705;3.42497;2
  26.65199;39.16092;       0.88713;3.42495;2
  26.68535;39.16425;       0.88719;3.42494;2
  26.71875;39.16758;       0.88727;3.42492;2
  26.75211;39.17092;       0.88734;3.42490;2
  26.78549;39.17425;       0.88740;3.42489;2
  26.81886;39.17758;       0.88747;3.42487;2
  26.85224;39.18091;       0.88756;3.42486;2
  26.88561;39.18425;       0.88765;3.42484;2
  26.91899;39.18758;       0.88774;3.42482;2
  26.95238;39.19091;       0.88790;3.42481;2
  26.98574;39.19425;       0.88806;3.42479;2
  27.01908;39.19758;       0.88818;3.42478;2
  27.05244;39.20091;       0.88827;3.42476;2
  27.08583;39.20425;       0.88827;3.42474;2
  27.11919;39.20758;       0.88828;3.42473;2
  27.15258;39.21091;       0.88839;3.42471;2
  27.18596;39.21425;       0.88849;3.42469;2
  27.21935;39.21758;       0.88865;3.42468;2
  27.25274;39.22091;       0.88882;3.42466;2
  27.28613;39.22425;       0.88901;3.42465;2
  27.31949;39.22758;       0.88917;3.42463;2
  27.35286;39.23091;       0.88933;3.42461;2
  27.38625;39.23424;       0.88949;3.42460;2
  27.41966;39.23758;       0.88963;3.42458;2
  27.45305;39.24091;       0.88976;3.42457;2
  27.48643;39.24424;       0.88991;3.42455;2
  27.51979;39.24758;       0.89006;3.42453;2
  27.55318;39.25091;       0.89019;3.42452;2
  27.58654;39.25424;       0.89035;3.42450;2
  27.61988;39.25758;       0.89052;3.42449;2
  27.65322;39.26091;       0.89066;3.42447;2
  27.68653;39.26424;       0.89072;3.42445;2
  27.71992;39.26758;       0.89081;3.42444;2
  27.75328;39.27091;       0.89101;3.42442;2
  27.78666;39.27424;       0.89114;3.42440;2
  27.82005;39.27758;       0.89129;3.42439;2
  27.85342;39.28091;       0.89148;3.42437;2
  27.88678;39.28424;       0.89169;3.42436;2
  27.92016;39.28757;       0.89187;3.42434;2
  27.95353;39.29091;       0.89193;3.42432;2
  27.98694;39.29424;       0.89206;3.42431;2
  28.02030;39.29757;       0.89220;3.42429;2
  28.05366;39.30091;       0.89238;3.42428;2
  28.08703;39.30424;       0.89256;3.42426;2
  28.12037;39.30757;       0.89272;3.42424;2
  28.15375;39.31091;       0.89291;3.42423;2
  28.18711;39.31424;       0.89318;3.42421;2
  28.22046;39.31757;       0.89332;3.42419;2
  28.25382;39.32091;       0.89341;3.42418;2
  28.28720;39.32424;       0.89352;3.42416;2
  28.32056;39.32757;       0.89369;3.42415;2
  28.35393;39.33091;       0.89383;3.42413;2
  28.38729;39.33424;       0.89389;3.42411;2
  28.42068;39.33757;       0.89408;3.42410;2
  28.45406;39.34090;       0.89427;3.42408;2
  28.48745;39.34424;       0.89443;3.42406;2
  28.52081;39.34757;       0.89458;3.42405;2
  28.55420;39.35090;       0.89474;3.42403;2
  28.58751;39.35424;       0.89492;3.42401;2
  28.62085;39.35757;       0.89508;3.42400;2
  28.65419;39.36090;       0.89526;3.42398;2
  28.68753;39.36424;       0.89547;3.42397;2
  28.72088;39.36757;       0.89567;3.42395;2
  28.75425;39.37090;       0.89585;3.42393;2
  28.78764;39.37424;       0.89602;3.42392;2
  28.82102;39.37757;       0.89614;3.42390;2
  28.85438;39.38090;       0.89629;3.42388;2
  28.88774;39.38424;       0.89647;3.42387;2
  28.92111;39.38757;       0.89666;3.42385;2
  28.95449;39.39090;       0.89682;3.42383;2
  28.98786;39.39423;       0.89699;3.42382;2
  29.02122;39.39757;       0.89718;3.42380;2
  29.05461;39.40090;       0.89737;3.42379;2
  29.08797;39.40423;       0.89754;3.42377;2
  29.12131;39.40757;       0.89771;3.42375;2
  29.15465;39.41090;       0.89788;3.42374;2
  29.18798;39.41423;       0.89805;3.42372;2
  29.22134;39.41757;       0.89821;3.42370;2
  29.25470;39.42090;       0.89839;3.42369;2
  29.28802;39.42423;       0.89856;3.42367;2
  29.32136;39.42757;       0.89875;3.42365;2
  29.35469;39.43090;       0.89892;3.42364;2
  29.38800;39.43423;       0.89911;3.42362;2
  29.42131;39.43757;       0.89934;3.42360;2
  29.45463;39.44090;       0.89964;3.42359;2
  29.48798;39.44423;       0.89987;3.42357;2
  29.52130;39.44756;       0.90007;3.42356;2
  29.55463;39.45090;       0.90016;3.42354;2
  29.58794;39.45423;       0.90024;3.42352;2
  29.62131;39.45756;       0.90040;3.42351;2
  29.65467;39.46090;       0.90052;3.42349;2
  29.68800;39.46423;       0.90070;3.42347;2
  29.72132;39.46756;       0.90096;3.42346;2
  29.75462;39.47090;       0.90118;3.42344;2
  29.78797;39.47423;       0.90136;3.42342;2
  29.82130;39.47756;       0.90155;3.42341;2
  29.85459;39.48090;       0.90176;3.42339;2
  29.88789;39.48423;       0.90193;3.42337;2
  29.92121;39.48756;       0.90214;3.42336;2
  29.95452;39.49090;       0.90239;3.42334;2
  29.98785;39.49423;       0.90261;3.42332;2
  30.02116;39.49756;       0.90280;3.42331;2
  30.05448;39.50089;       0.90300;3.42329;2
  30.08782;39.50423;       0.90320;3.42327;2
  30.12115;39.50756;       0.90337;3.42326;2
  30.15449;39.51089;       0.90353;3.42324;2
  30.18777;39.51423;       0.90370;3.42322;2
  30.22106;39.51756;       0.90385;3.42321;2
  30.25435;39.52089;       0.90407;3.42319;2
  30.28765;39.52423;       0.90432;3.42317;2
  30.32094;39.52756;       0.90455;3.42316;2
  30.35422;39.53089;       0.90478;3.42314;2
  30.38751;39.53423;       0.90503;3.42312;2
  30.42080;39.53756;       0.90525;3.42311;2
  30.45410;39.54089;       0.90546;3.42309;2
  30.48737;39.54423;       0.90566;3.42307;2
  30.52063;39.54756;       0.90585;3.42306;2
  30.55394;39.55089;       0.90599;3.42304;2
  30.58724;39.55422;       0.90620;3.42302;2
  30.62056;39.55756;       0.90640;3.42301;2
  30.65387;39.56089;       0.90662;3.42299;2
  30.68716;39.56422;       0.90681;3.42297;2
  30.72044;39.56756;       0.90699;3.42296;2
  30.75377;39.57089;       0.90719;3.42294;2
  30.78703;39.57422;       0.90737;3.42292;2
  30.82029;39.57756;       0.90759;3.42291;2
  30.85356;39.58089;       0.90774;3.42289;2
  30.88682;39.58422;       0.90792;3.42287;2
  30.92008;39.58756;       0.90811;3.42286;2
  30.95336;39.59089;       0.90831;3.42284;2
  30.98662;39.59422;       0.90851;3.42282;2
  31.01991;39.59756;       0.90873;3.42281;2
  31.05319;39.60089;       0.90896;3.42279;2
  31.08645;39.60422;       0.90924;3.42277;2
  31.11976;39.60755;       0.90949;3.42276;2
  31.15304;39.61089;       0.90972;3.42274;2
  31.18635;39.61422;       0.90991;3.42272;2
  31.21962;39.61755;       0.91012;3.42271;2
  31.25288;39.62089;       0.91032;3.42269;2
  31.28614;39.62422;       0.91054;3.42267;2
  31.31944;39.62755;       0.91074;3.42266;2
  31.35271;39.63089;       0.91091;3.42264;2
  31.38602;39.63422;       0.91109;3.42262;2
  31.41935;39.63755;       0.91128;3.42261;2
  31.45266;39.64089;       0.91143;3.42259;2
  31.48598;39.64422;       0.91159;3.42257;2
  31.51929;39.64755;       0.91180;3.42256;2
  31.55262;39.65089;       0.91199;3.42254;2
  31.58596;39.65422;       0.91225;3.42252;2
  31.61927;39.65755;       0.91252;3.42250;2
  31.65256;39.66088;       0.91275;3.42249;2
  31.68587;39.66422;       0.91302;3.42247;2
  31.71918;39.66755;       0.91328;3.42245;2
  31.75254;39.67088;       0.91351;3.42244;2
  31.78587;39.67422;       0.91370;3.42242;2
  31.81918;39.67755;       0.91391;3.42240;2
  31.85249;39.68088;       0.91410;3.42239;2
  31.88581;39.68422;       0.91432;3.42237;2
  31.91917;39.68755;       0.91457;3.42235;2
  31.95251;39.69088;       0.91488;3.42233;2
  31.98587;39.69422;       0.91514;3.42232;2
  32.01918;39.69755;       0.91540;3.42230;2
  32.05252;39.70088;       0.91568;3.42228;2
  32.08585;39.70422;       0.91595;3.42227;2
  32.11917;39.70755;       0.91622;3.42225;2
  32.15252;39.71088;       0.91647;3.42223;2
  32.18586;39.71421;       0.91674;3.42222;2
  32.21923;39.71755;       0.91697;3.42220;2
  32.25259;39.72088;       0.91723;3.42218;2
  32.28597;39.72421;       0.91753;3.42216;2
  32.31934;39.72755;       0.91780;3.42215;2
  32.35272;39.73088;       0.91805;3.42213;2
  32.38611;39.73421;       0.91833;3.42211;2
  32.41950;39.73755;       0.91865;3.42210;2
  32.45289;39.74088;       0.91893;3.42208;2
  32.48627;39.74421;       0.91922;3.42206;2
  32.51967;39.74755;       0.91951;3.42205;2
  32.55305;39.75088;       0.91979;3.42203;2
  32.58642;39.75421;       0.92007;3.42201;2
  32.61978;39.75755;       0.92032;3.42199;2
  32.65314;39.76088;       0.92060;3.42198;2
  32.68652;39.76421;       0.92086;3.42196;2
  32.71991;39.76754;       0.92107;3.42194;2
  32.75333;39.77088;       0.92129;3.42193;2
  32.78667;39.77421;       0.92157;3.42191;2
  32.82007;39.77754;       0.92192;3.42189;2
  32.85349;39.78088;       0.92225;3.42187;2
  32.88693;39.78421;       0.92254;3.42186;2
  32.92037;39.78754;       0.92282;3.42184;2
  32.95385;39.79088;       0.92310;3.42182;2
  32.98727;39.79421;       0.92335;3.42181;2
  33.02069;39.79754;       0.92361;3.42179;2
  33.05408;39.80088;       0.92389;3.42177;2
  33.08754;39.80421;       0.92418;3.42175;2
  33.12098;39.80754;       0.92447;3.42174;2
  33.15442;39.81088;       0.92478;3.42172;2
  33.18786;39.81421;       0.92509;3.42170;2
  33.22125;39.81754;       0.92538;3.42168;2
  33.25470;39.82087;       0.92569;3.42167;2
  33.28814;39.82421;       0.92598;3.42165;2
  33.32158;39.82754;       0.92624;3.42163;2
  33.35500;39.83087;       0.92649;3.42162;2
  33.38843;39.83421;       0.92677;3.42160;2
  33.42187;39.83754;       0.92706;3.42158;2
  33.45529;39.84087;       0.92733;3.42156;2
  33.48873;39.84421;       0.92757;3.42155;2
  33.52210;39.84754;       0.92784;3.42153;2
  33.55548;39.85087;       0.92810;3.42151;2
  33.58889;39.85421;       0.92837;3.42149;2
  33.62228;39.85754;       0.92862;3.42148;2
  33.65570;39.86087;       0.92891;3.42146;2
  33.68908;39.86421;       0.92922;3.42144;2
  33.72247;39.86754;       0.92955;3.42143;2
  33.75588;39.87087;       0.92986;3.42141;2
  33.78927;39.87420;       0.93018;3.42139;2
  33.82266;39.87754;       0.93046;3.42137;2
  33.85605;39.88087;       0.93075;3.42136;2
  33.88946;39.88420;       0.93106;3.42134;2
  33.92285;39.88754;       0.93133;3.42132;2
  33.95624;39.89087;       0.93160;3.42130;2
  33.98960;39.89420;       0.93186;3.42129;2
  34.02294;39.89754;       0.93214;3.42127;2
  34.05632;39.90087;       0.93243;3.42125;2
  34.08968;39.90420;       0.93275;3.42123;2
  34.12303;39.90754;       0.93306;3.42122;2
  34.15639;39.91087;       0.93337;3.42120;2
  34.18972;39.91420;       0.93372;3.42118;2
  34.22306;39.91754;       0.93407;3.42116;2
  34.25642;39.92087;       0.93440;3.42115;2
  34.28976;39.92420;       0.93472;3.42113;2
  34.32314;39.92753;       0.93496;3.42111;2
  34.35648;39.93087;       0.93521;3.42109;2
  34.38984;39.93420;       0.93546;3.42108;2
  34.42318;39.93753;       0.93574;3.42106;2
  34.45651;39.94087;       0.93600;3.42104;2
  34.48986;39.94420;       0.93629;3.42102;2
  34.52321;39.94753;       0.93658;3.42101;2
  34.55657;39.95087;       0.93686;3.42099;2
  34.58994;39.95420;       0.93716;3.42097;2
  34.62330;39.95753;       0.93746;3.42095;2
  34.65667;39.96087;       0.93778;3.42094;2
  34.69003;39.96420;       0.93810;3.42092;2
  34.72337;39.96753;       0.93837;3.42090;2
  34.75668;39.97087;       0.93865;3.42088;2
  34.79001;39.97420;       0.93884;3.42087;2
  34.82338;39.97753;       0.93903;3.42085;2
  34.85671;39.98087;       0.93928;3.42083;2
  34.89002;39.98420;       0.93960;3.42081;2
  34.92330;39.98753;       0.93989;3.42080;2
  34.95659;39.99086;       0.94016;3.42078;2
  34.98985;39.99420;       0.94041;3.42076;2
  35.02313;39.99753;       0.94068;3.42074;2
  35.05642;40.00086;       0.94096;3.42073;2
  35.08970;40.00420;       0.94126;3.42071;2
  35.12296;40.00753;       0.94155;3.42069;2
  35.15625;40.01086;       0.94184;3.42067;2
  35.18951;40.01420;       0.94212;3.42066;2
  35.22277;40.01753;       0.94241;3.42064;2
  35.25610;40.02086;       0.94272;3.42062;2
  35.28937;40.02420;       0.94297;3.42060;2
  35.32266;40.02753;       0.94320;3.42059;2
  35.35594;40.03086;       0.94345;3.42057;2
  35.38922;40.03420;       0.94373;3.42055;2
  35.42251;40.03753;       0.94395;3.42053;2
  35.45575;40.04086;       0.94419;3.42052;2
  35.48903;40.04419;       0.94444;3.42050;2
  35.52229;40.04753;       0.94468;3.42048;2
  35.55559;40.05086;       0.94493;3.42046;2
  35.58889;40.05419;       0.94524;3.42045;2
  35.62215;40.05753;       0.94558;3.42043;2
  35.65543;40.06086;       0.94586;3.42041;2
  35.68869;40.06419;       0.94613;3.42039;2
  35.72197;40.06753;       0.94641;3.42038;2
  35.75523;40.07086;       0.94669;3.42036;2
  35.78849;40.07419;       0.94694;3.42034;2
  35.82177;40.07753;       0.94719;3.42032;2
  35.85504;40.08086;       0.94745;3.42030;2
  35.88829;40.08419;       0.94775;3.42029;2
  35.92155;40.08753;       0.94801;3.42027;2
  35.95482;40.09086;       0.94829;3.42025;2
  35.98808;40.09419;       0.94852;3.42023;2
  36.02138;40.09752;       0.94879;3.42022;2
  36.05467;40.10086;       0.94905;3.42020;2
  36.08798;40.10419;       0.94930;3.42018;2
  36.12124;40.10752;       0.94957;3.42016;2
  36.15456;40.11086;       0.94989;3.42014;2
  36.18787;40.11419;       0.95018;3.42013;2
  36.22118;40.11752;       0.95047;3.42011;2
  36.25449;40.12086;       0.95074;3.42009;2
  36.28780;40.12419;       0.95101;3.42007;2
  36.32111;40.12752;       0.95128;3.42006;2
  36.35440;40.13086;       0.95154;3.42004;2
  36.38770;40.13419;       0.95182;3.42002;2
  36.42101;40.13752;       0.95210;3.42000;2
  36.45430;40.14086;       0.95239;3.41998;2
  36.48761;40.14419;       0.95271;3.41997;2
  36.52089;40.14752;       0.95304;3.41995;2
  36.55420;40.15085;       0.95334;3.41993;2
  36.58747;40.15419;       0.95364;3.41991;2
  36.62077;40.15752;       0.95394;3.41990;2
  36.65406;40.16085;       0.95421;3.41988;2
  36.68732;40.16419;       0.95446;3.41986;2
  36.72063;40.16752;       0.95462;3.41984;2
  36.75392;40.17085;       0.95491;3.41982;2
  36.78725;40.17419;       0.95525;3.41981;2
  36.82054;40.17752;       0.95563;3.41979;2
  36.85383;40.18085;       0.95593;3.41977;2
  36.88714;40.18419;       0.95623;3.41975;2
  36.92044;40.18752;       0.95651;3.41973;2
  36.95374;40.19085;       0.95680;3.41972;2
  36.98705;40.19419;       0.95711;3.41970;2
  37.02036;40.19752;       0.95740;3.41968;2
  37.05366;40.20085;       0.95769;3.41966;2
  37.08697;40.20418;       0.95801;3.41964;2
  37.12029;40.20752;       0.95835;3.41963;2
  37.15362;40.21085;       0.95869;3.41961;2
  37.18691;40.21418;       0.95902;3.41959;2
  37.22024;40.21752;       0.95933;3.41957;2
  37.25358;40.22085;       0.95968;3.41956;2
  37.28689;40.22418;       0.96000;3.41954;2
  37.32023;40.22752;       0.96034;3.41952;2
  37.35354;40.23085;       0.96067;3.41950;2
  37.38685;40.23418;       0.96098;3.41948;2
  37.42017;40.23752;       0.96127;3.41947;2
  37.45348;40.24085;       0.96160;3.41945;2
  37.48683;40.24418;       0.96193;3.41943;2
  37.52012;40.24752;       0.96228;3.41941;2
  37.55346;40.25085;       0.96258;3.41939;2
  37.58680;40.25418;       0.96290;3.41937;2
  37.62015;40.25751;       0.96323;3.41936;2
  37.65350;40.26085;       0.96358;3.41934;2
  37.68681;40.26418;       0.96391;3.41932;2
  37.72016;40.26751;       0.96421;3.41930;2
  37.75352;40.27085;       0.96451;3.41928;2
  37.78691;40.27418;       0.96486;3.41927;2
  37.82030;40.27751;       0.96518;3.41925;2
  37.85364;40.28085;       0.96552;3.41923;2
  37.88698;40.28418;       0.96584;3.41921;2
  37.92037;40.28751;       0.96617;3.41919;2
  37.95373;40.29085;       0.96648;3.41918;2
  37.98709;40.29418;       0.96680;3.41916;2
  38.02043;40.29751;       0.96714;3.41914;2
  38.05378;40.30085;       0.96747;3.41912;2
  38.08713;40.30418;       0.96783;3.41910;2
  38.12051;40.30751;       0.96819;3.41909;2
  38.15390;40.31084;       0.96861;3.41907;2
  38.18724;40.31418;       0.96904;3.41905;2
  38.22060;40.31751;       0.96940;3.41903;2
  38.25394;40.32084;       0.96974;3.41901;2
  38.28727;40.32418;       0.97010;3.41899;2
  38.32061;40.32751;       0.97045;3.41898;2
  38.35397;40.33084;       0.97076;3.41896;2
  38.38731;40.33418;       0.97105;3.41894;2
  38.42067;40.33751;       0.97143;3.41892;2
  38.45400;40.34084;       0.97178;3.41890;2
  38.48739;40.34418;       0.97213;3.41889;2
  38.52073;40.34751;       0.97247;3.41887;2
  38.55411;40.35084;       0.97284;3.41885;2
  38.58746;40.35418;       0.97320;3.41883;2
  38.62082;40.35751;       0.97358;3.41881;2
  38.65420;40.36084;       0.97395;3.41879;2
  38.68756;40.36417;       0.97433;3.41878;2
  38.72093;40.36751;       0.97468;3.41876;2
  38.75429;40.37084;       0.97504;3.41874;2
  38.78770;40.37417;       0.97535;3.41872;2
  38.82109;40.37751;       0.97566;3.41870;2
  38.85443;40.38084;       0.97598;3.41868;2
  38.88779;40.38417;       0.97637;3.41867;2
  38.92115;40.38751;       0.97674;3.41865;2
  38.95452;40.39084;       0.97710;3.41863;2
  38.98787;40.39417;       0.97747;3.41861;2
  39.02123;40.39751;       0.97789;3.41859;2
  39.05462;40.40084;       0.97826;3.41857;2
  39.08798;40.40417;       0.97861;3.41856;2
  39.12136;40.40751;       0.97897;3.41854;2
  39.15472;40.41084;       0.97931;3.41852;2
  39.18809;40.41417;       0.97969;3.41850;2
  39.22149;40.41750;       0.98007;3.41848;2
  39.25489;40.42084;       0.98045;3.41846;2
  39.28830;40.42417;       0.98087;3.41845;2
  39.32168;40.42750;       0.98128;3.41843;2
  39.35507;40.43084;       0.98169;3.41841;2
  39.38847;40.43417;       0.98204;3.41839;2
  39.42178;40.43750;       0.98236;3.41837;2
  39.45518;40.44084;       0.98270;3.41835;2
  39.48855;40.44417;       0.98299;3.41833;2
  39.52193;40.44750;       0.98333;3.41832;2
  39.55532;40.45084;       0.98369;3.41830;2
  39.58862;40.45417;       0.98403;3.41828;2
  39.62198;40.45750;       0.98444;3.41826;2
  39.65545;40.46084;       0.98484;3.41824;2
  39.68886;40.46417;       0.98524;3.41822;2
  39.72231;40.46750;       0.98560;3.41820;2
  39.75568;40.47083;       0.98595;3.41819;2
  39.78909;40.47417;       0.98629;3.41817;2
  39.82246;40.47750;       0.98666;3.41815;2
  39.85579;40.48083;       0.98701;3.41813;2
  39.88915;40.48417;       0.98734;3.41811;2
  39.92180;40.48750;       0.98769;3.41809;2
  39.95534;40.49083;       0.98806;3.41808;2

