#EXPORTTYPE:DATA SINGLE
#FILE:VEG_HEPES.ngb-ddg
#FORMAT:NETZSCH5
#FTYPE:ANSI
#IDENTITY:VEG_HEPES
#DECIMAL:POINT
#SEPARATOR:SEMICOLON
#MTYPE:DSC
#INSTRUMENT:NETZSCH DSC 214
#PROJECT:
#DATE/TIME:22.05.2026 13:14
#CORR. FILE:correction_2.ngb-bdg
#TEMPCAL:applied
#SENSITIVITY:applied
#LABORATORY:Proc. de Nanocerâmicas
#OPERATOR:Danilo Janes
#REMARK:
#SAMPLE:VEG_HEPES
#SAMPLE MASS /mg:17.3
#MATERIAL:
#REFERENCE:
#REFERENCE MASS /mg:0
#TYPE OF CRUCIBLE:Concavus Pan Al, pierced lid
#SAMPLE CRUCIBLE MASS /mg:0
#REFERENCE CRUCIBLE MASS /mg:0
#M.RANGE /µV:5000
#TAU-R:---
#CORR. CODE:020
#EXO:-1
#RANGE:25°C/10,0(K/min)/-170°C/10,0(K/min)/40°C/
#SEGMENT:S1-2/2
#SEG. 1:25°C/10,0(K/min)/-170°C
#SEG. 2:-170°C/10,0(K/min)/40°C

##Temp./°C;Time/min;DSC/(mW/mg);Sensit./(uV/mW);Segment
  24.99500; 0.00000; 6.401834e-002;3.42574;1
  24.99633; 0.00333; 6.396699e-002;3.42573;1
  24.99700; 0.00667; 6.392850e-002;3.42573;1
  24.99714; 0.01000; 6.390289e-002;3.42573;1
  24.99722; 0.01333; 6.388988e-002;3.42573;1
  24.99718; 0.01667; 6.387714e-002;3.42573;1
  24.99723; 0.02000; 6.383853e-002;3.42573;1
  24.99713; 0.02333; 6.381278e-002;3.42573;1
  24.99700; 0.02667; 6.378690e-002;3.42573;1
  24.99684; 0.03000; 6.377429e-002;3.42573;1
  24.99667; 0.03333; 6.372279e-002;3.42573;1
  24.99635; 0.03666; 6.372290e-002;3.42573;1
  24.99612; 0.04000; 6.371030e-002;3.42573;1
  24.99585; 0.04333; 6.368431e-002;3.42574;1
  24.99541; 0.04666; 6.363293e-002;3.42574;1
  24.99500; 0.05000; 6.360720e-002;3.42574;1
  24.99455; 0.05333; 6.351702e-002;3.42574;1
  24.99403; 0.05666; 6.342724e-002;3.42574;1
  24.99349; 0.06000; 6.334994e-002;3.42574;1
  24.99282; 0.06333; 6.318278e-002;3.42574;1
  24.99210; 0.06666; 6.302852e-002;3.42574;1
  24.99130; 0.07000; 6.288702e-002;3.42574;1
  24.99038; 0.07333; 6.274547e-002;3.42574;1
  24.98934; 0.07666; 6.255263e-002;3.42574;1
  24.98817; 0.08000; 6.241120e-002;3.42574;1
  24.98681; 0.08333; 6.227005e-002;3.42574;1
  24.98529; 0.08666; 6.207694e-002;3.42574;1
  24.98366; 0.08999; 6.192248e-002;3.42574;1
  24.98188; 0.09333; 6.169086e-002;3.42574;1
  24.97987; 0.09666; 6.147206e-002;3.42574;1
  24.97769; 0.09999; 6.130521e-002;3.42574;1
  24.97620; 0.10333; 6.118920e-002;3.42574;1
  24.97458; 0.10666; 6.103550e-002;3.42575;1
  24.97287; 0.10999; 6.080374e-002;3.42575;1
  24.97105; 0.11333; 6.057250e-002;3.42575;1
  24.96915; 0.11666; 6.034104e-002;3.42575;1
  24.96710; 0.11999; 6.010954e-002;3.42575;1
  24.96497; 0.12333; 5.989073e-002;3.42575;1
  24.96271; 0.12666; 5.963356e-002;3.42575;1
  24.96035; 0.12999; 5.938932e-002;3.42575;1
  24.95788; 0.13333; 5.914470e-002;3.42575;1
  24.95525; 0.13666; 5.892628e-002;3.42575;1
  24.95248; 0.13999; 5.872056e-002;3.42576;1
  24.94955; 0.14332; 5.847646e-002;3.42576;1
  24.94650; 0.14666; 5.812914e-002;3.42576;1
  24.94330; 0.14999; 5.779474e-002;3.42576;1
  24.93991; 0.15332; 5.746007e-002;3.42576;1
  24.93642; 0.15666; 5.709988e-002;3.42576;1
  24.93277; 0.15999; 5.670115e-002;3.42576;1
  24.92898; 0.16332; 5.635333e-002;3.42577;1
  24.92500; 0.16666; 5.599350e-002;3.42577;1
  24.92083; 0.16999; 5.559441e-002;3.42577;1
  24.91652; 0.17332; 5.515726e-002;3.42577;1
  24.91205; 0.17666; 5.465579e-002;3.42577;1
  24.90738; 0.17999; 5.410288e-002;3.42578;1
  24.90254; 0.18332; 5.353650e-002;3.42578;1
  24.89753; 0.18666; 5.299589e-002;3.42578;1
  24.89231; 0.18999; 5.239121e-002;3.42578;1
  24.88694; 0.19332; 5.176064e-002;3.42579;1
  24.88133; 0.19665; 5.115567e-002;3.42579;1
  24.87553; 0.19999; 5.052553e-002;3.42579;1
  24.86947; 0.20332; 4.981741e-002;3.42579;1
  24.86322; 0.20665; 4.910975e-002;3.42580;1
  24.85676; 0.20999; 4.836364e-002;3.42580;1
  24.85011; 0.21332; 4.750188e-002;3.42580;1
  24.84321; 0.21665; 4.665232e-002;3.42581;1
  24.83610; 0.21999; 4.576435e-002;3.42581;1
  24.82875; 0.22332; 4.478623e-002;3.42581;1
  24.82120; 0.22665; 4.384653e-002;3.42582;1
  24.81341; 0.22999; 4.288153e-002;3.42582;1
  24.80540; 0.23332; 4.186510e-002;3.42582;1
  24.79715; 0.23665; 4.078413e-002;3.42583;1
  24.78863; 0.23999; 3.967713e-002;3.42583;1
  24.77988; 0.24332; 3.855767e-002;3.42584;1
  24.77086; 0.24665; 3.739932e-002;3.42584;1
  24.76163; 0.24998; 3.613862e-002;3.42584;1
  24.75213; 0.25332; 3.476148e-002;3.42585;1
  24.74239; 0.25665; 3.333279e-002;3.42585;1
  24.73243; 0.25998; 3.198095e-002;3.42586;1
  24.72215; 0.26332; 3.066845e-002;3.42586;1
  24.71164; 0.26665; 2.918903e-002;3.42587;1
  24.70087; 0.26998; 2.759330e-002;3.42587;1
  24.68986; 0.27332; 2.599715e-002;3.42588;1
  24.67855; 0.27665; 2.436284e-002;3.42588;1
  24.66696; 0.27998; 2.266390e-002;3.42589;1
  24.65510; 0.28332; 2.096514e-002;3.42589;1
  24.64292; 0.28665; 1.927903e-002;3.42590;1
  24.63051; 0.28998; 1.752881e-002;3.42591;1
  24.61784; 0.29332; 1.573954e-002;3.42591;1
  24.60489; 0.29665; 1.393800e-002;3.42592;1
  24.59162; 0.29998; 1.195625e-002;3.42592;1
  24.57806; 0.30331; 9.974145e-003;3.42593;1
  24.56423; 0.30665; 7.902065e-003;3.42594;1
  24.55013; 0.30998; 5.842797e-003;3.42594;1
  24.53572; 0.31331; 3.745070e-003;3.42595;1
  24.52104; 0.31665; 1.621529e-003;3.42596;1
  24.50601; 0.31998;-5.659948e-004;3.42596;1
  24.49072; 0.32331;-2.856995e-003;3.42597;1
  24.47511; 0.32665;-5.109620e-003;3.42598;1
  24.45918; 0.32998;-7.400377e-003;3.42599;1
  24.44294; 0.33331;-9.704184e-003;3.42599;1
  24.42635; 0.33665;-1.205880e-002;3.42600;1
  24.40948; 0.33998;-1.455544e-002;3.42601;1
  24.39232; 0.34331;-1.707841e-002;3.42602;1
  24.37482; 0.34665;-1.956266e-002;3.42603;1
  24.35702; 0.34998;-2.205930e-002;3.42603;1
  24.33889; 0.35331;-2.458165e-002;3.42604;1
  24.32048; 0.35664;-2.718120e-002;3.42605;1
  24.30170; 0.35998;-2.981933e-002;3.42606;1
  24.28257; 0.36331;-3.250938e-002;3.42607;1
  24.26310; 0.36664;-3.521198e-002;3.42608;1
  24.24328; 0.36998;-3.795322e-002;3.42609;1
  24.22312; 0.37331;-4.070743e-002;3.42610;1
  24.20260; 0.37664;-4.349949e-002;3.42610;1
  24.18167; 0.37998;-4.644627e-002;3.42611;1
  24.16043; 0.38331;-4.938080e-002;3.42612;1
  24.13880; 0.38664;-5.232820e-002;3.42613;1
  24.11682; 0.38998;-5.531324e-002;3.42614;1
  24.09446; 0.39331;-5.838909e-002;3.42615;1
  24.07171; 0.39664;-6.146438e-002;3.42617;1
  24.04858; 0.39998;-6.469475e-002;3.42618;1
  24.02510; 0.40331;-6.778398e-002;3.42619;1
  24.00125; 0.40664;-7.094933e-002;3.42620;1
  23.97704; 0.40997;-7.415368e-002;3.42621;1
  23.95240; 0.41331;-7.739644e-002;3.42622;1
  23.92736; 0.41664;-8.070356e-002;3.42623;1
  23.90190; 0.41997;-8.401067e-002;3.42624;1
  23.87602; 0.42331;-8.743344e-002;3.42626;1
  23.84972; 0.42664;-9.085698e-002;3.42627;1
  23.82300; 0.42997;-9.426724e-002;3.42628;1
  23.79586; 0.43331;-9.774099e-002;3.42629;1
  23.76824; 0.43664;      -0.10129;3.42631;1
  23.74015; 0.43997;      -0.10490;3.42632;1
  23.71161; 0.44331;      -0.10855;3.42633;1
  23.68260; 0.44664;      -0.11229;3.42635;1
  23.65312; 0.44997;      -0.11606;3.42636;1
  23.62314; 0.45331;      -0.11994;3.42637;1
  23.59267; 0.45664;      -0.12382;3.42639;1
  23.56169; 0.45997;      -0.12770;3.42640;1
  23.53019; 0.46330;      -0.13162;3.42642;1
  23.49820; 0.46664;      -0.13558;3.42643;1
  23.46568; 0.46997;      -0.13968;3.42645;1
  23.43260; 0.47330;      -0.14374;3.42646;1
  23.39899; 0.47664;      -0.14785;3.42648;1
  23.36481; 0.47997;      -0.15207;3.42649;1
  23.33005; 0.48330;      -0.15638;3.42651;1
  23.29471; 0.48664;      -0.16072;3.42652;1
  23.25880; 0.48997;      -0.16514;3.42654;1
  23.22227; 0.49330;      -0.16960;3.42656;1
  23.18513; 0.49664;      -0.17402;3.42657;1
  23.14735; 0.49997;      -0.17856;3.42659;1
  23.10897; 0.50330;      -0.18323;3.42661;1
  23.06993; 0.50664;      -0.18787;3.42663;1
  23.03026; 0.50997;      -0.19260;3.42664;1
  22.98994; 0.51330;      -0.19737;3.42666;1
  22.94895; 0.51663;      -0.20215;3.42668;1
  22.90724; 0.51997;      -0.20710;3.42670;1
  22.86489; 0.52330;      -0.21207;3.42672;1
  22.82183; 0.52663;      -0.21705;3.42674;1
  22.77804; 0.52997;      -0.22215;3.42676;1
  22.73356; 0.53330;      -0.22727;3.42678;1
  22.68835; 0.53663;      -0.23255;3.42680;1
  22.64243; 0.53997;      -0.23795;3.42682;1
  22.59574; 0.54330;      -0.24345;3.42684;1
  22.54830; 0.54663;      -0.24904;3.42686;1
  22.50012; 0.54997;      -0.25462;3.42689;1
  22.45113; 0.55330;      -0.26037;3.42691;1
  22.40137; 0.55663;      -0.26617;3.42693;1
  22.35081; 0.55997;      -0.27199;3.42695;1
  22.29947; 0.56330;      -0.27788;3.42698;1
  22.24734; 0.56663;      -0.28393;3.42700;1
  22.19435; 0.56996;      -0.29004;3.42702;1
  22.14058; 0.57330;      -0.29632;3.42705;1
  22.08596; 0.57663;      -0.30266;3.42707;1
  22.03057; 0.57996;      -0.30910;3.42710;1
  21.97435; 0.58330;      -0.31566;3.42712;1
  21.91726; 0.58663;      -0.32230;3.42715;1
  21.85923; 0.58996;      -0.32909;3.42718;1
  21.80032; 0.59330;      -0.33594;3.42720;1
  21.74053; 0.59663;      -0.34290;3.42723;1
  21.67992; 0.59996;      -0.35009;3.42726;1
  21.61843; 0.60330;      -0.35737;3.42728;1
  21.55605; 0.60663;      -0.36476;3.42731;1
  21.49274; 0.60996;      -0.37224;3.42734;1
  21.42849; 0.61330;      -0.37984;3.42737;1
  21.36334; 0.61663;      -0.38764;3.42740;1
  21.29730; 0.61996;      -0.39552;3.42743;1
  21.23040; 0.62329;      -0.40349;3.42746;1
  21.16256; 0.62663;      -0.41151;3.42749;1
  21.09379; 0.62996;      -0.41968;3.42752;1
  21.02407; 0.63329;      -0.42800;3.42755;1
  20.95341; 0.63663;      -0.43643;3.42758;1
  20.88187; 0.63996;      -0.44503;3.42761;1
  20.80941; 0.64329;      -0.45376;3.42765;1
  20.73602; 0.64663;      -0.46255;3.42768;1
  20.66167; 0.64996;      -0.47148;3.42771;1
  20.58639; 0.65329;      -0.48053;3.42774;1
  20.51018; 0.65663;      -0.48970;3.42778;1
  20.43305; 0.65996;      -0.49893;3.42781;1
  20.35500; 0.66329;      -0.50831;3.42785;1
  20.27598; 0.66663;      -0.51784;3.42788;1
  20.19603; 0.66996;      -0.52744;3.42792;1
  20.11516; 0.67329;      -0.53715;3.42795;1
  20.03338; 0.67662;      -0.54698;3.42799;1
  19.95062; 0.67996;      -0.55691;3.42803;1
  19.86697; 0.68329;      -0.56688;3.42806;1
  19.78243; 0.68662;      -0.57706;3.42810;1
  19.69693; 0.68996;      -0.58731;3.42814;1
  19.61054; 0.69329;      -0.59763;3.42817;1
  19.52325; 0.69662;      -0.60810;3.42821;1
  19.43502; 0.69996;      -0.61868;3.42825;1
  19.34589; 0.70329;      -0.62938;3.42829;1
  19.25591; 0.70662;      -0.63992;3.42833;1
  19.16500; 0.70996;      -0.65063;3.42837;1
  19.07320; 0.71329;      -0.66151;3.42841;1
  18.98047; 0.71662;      -0.67246;3.42845;1
  18.88686; 0.71996;      -0.68350;3.42849;1
  18.79240; 0.72329;      -0.69454;3.42853;1
  18.69703; 0.72662;      -0.70575;3.42857;1
  18.60081; 0.72995;      -0.71708;3.42861;1
  18.50380; 0.73329;      -0.72841;3.42865;1
  18.40590; 0.73662;      -0.73989;3.42870;1
  18.30715; 0.73995;      -0.75122;3.42874;1
  18.20753; 0.74329;      -0.76271;3.42878;1
  18.10707; 0.74662;      -0.77421;3.42882;1
  18.00581; 0.74995;      -0.78590;3.42887;1
  17.90368; 0.75329;      -0.79762;3.42891;1
  17.80078; 0.75662;      -0.80942;3.42896;1
  17.69704; 0.75995;      -0.82127;3.42900;1
  17.59248; 0.76329;      -0.83310;3.42904;1
  17.48714; 0.76662;      -0.84496;3.42909;1
  17.38099; 0.76995;      -0.85690;3.42913;1
  17.27409; 0.77329;      -0.86882;3.42918;1
  17.16639; 0.77662;      -0.88076;3.42923;1
  17.05795; 0.77995;      -0.89290;3.42927;1
  16.94869; 0.78328;      -0.90502;3.42932;1
  16.83871; 0.78662;      -0.91720;3.42936;1
  16.72794; 0.78995;      -0.92933;3.42941;1
  16.61650; 0.79328;      -0.94149;3.42946;1
  16.50430; 0.79662;      -0.95369;3.42950;1
  16.39143; 0.79995;      -0.96583;3.42955;1
  16.27779; 0.80328;      -0.97806;3.42960;1
  16.16344; 0.80662;      -0.99030;3.42965;1
  16.04835; 0.80995;      -1.00259;3.42969;1
  15.93259; 0.81328;      -1.01488;3.42974;1
  15.81616; 0.81662;      -1.02723;3.42979;1
  15.69901; 0.81995;      -1.03958;3.42984;1
  15.58118; 0.82328;      -1.05190;3.42989;1
  15.46261; 0.82662;      -1.06420;3.42994;1
  15.34341; 0.82995;      -1.07650;3.42999;1
  15.22359; 0.83328;      -1.08885;3.43004;1
  15.10315; 0.83662;      -1.10113;3.43008;1
  14.98204; 0.83995;      -1.11340;3.43013;1
  14.86027; 0.84328;      -1.12562;3.43018;1
  14.73789; 0.84661;      -1.13781;3.43023;1
  14.61491; 0.84995;      -1.15002;3.43028;1
  14.49132; 0.85328;      -1.16224;3.43034;1
  14.36711; 0.85661;      -1.17446;3.43039;1
  14.24229; 0.85995;      -1.18670;3.43044;1
  14.11689; 0.86328;      -1.19890;3.43049;1
  13.99094; 0.86661;      -1.21108;3.43054;1
  13.86447; 0.86995;      -1.22323;3.43059;1
  13.73744; 0.87328;      -1.23540;3.43064;1
  13.60983; 0.87661;      -1.24753;3.43069;1
  13.48170; 0.87995;      -1.25967;3.43074;1
  13.35311; 0.88328;      -1.27176;3.43080;1
  13.22403; 0.88661;      -1.28380;3.43085;1
  13.09450; 0.88995;      -1.29577;3.43090;1
  12.96459; 0.89328;      -1.30771;3.43095;1
  12.83436; 0.89661;      -1.31960;3.43100;1
  12.70387; 0.89994;      -1.33148;3.43105;1
  12.57319; 0.90328;      -1.34330;3.43111;1
  12.44241; 0.90661;      -1.35512;3.43116;1
  12.31157; 0.90994;      -1.36676;3.43121;1
  12.18080; 0.91328;      -1.37837;3.43126;1
  12.05018; 0.91661;      -1.39003;3.43131;1
  11.91983; 0.91994;      -1.40161;3.43136;1
  11.78979; 0.92328;      -1.41307;3.43141;1
  11.66020; 0.92661;      -1.42450;3.43146;1
  11.53117; 0.92994;      -1.43593;3.43152;1
  11.40277; 0.93328;      -1.44733;3.43156;1
  11.27511; 0.93661;      -1.45866;3.43161;1
  11.14833; 0.93994;      -1.46986;3.43166;1
  11.02255; 0.94328;      -1.48102;3.43171;1
  10.89790; 0.94661;      -1.49210;3.43176;1
  10.77446; 0.94994;      -1.50317;3.43181;1
  10.65229; 0.95327;      -1.51415;3.43186;1
  10.53165; 0.95661;      -1.52505;3.43190;1
  10.41251; 0.95994;      -1.53602;3.43195;1
  10.29505; 0.96327;      -1.54691;3.43199;1
  10.17937; 0.96661;      -1.55780;3.43204;1
  10.06552; 0.96994;      -1.56869;3.43208;1
   9.95365; 0.97327;      -1.57940;3.43212;1
   9.84385; 0.97661;      -1.58987;3.43216;1
   9.73628; 0.97994;      -1.60005;3.43221;1
   9.63095; 0.98327;      -1.60994;3.43225;1
   9.52804; 0.98661;      -1.61945;3.43228;1
   9.42759; 0.98994;      -1.62851;3.43232;1
   9.32974; 0.99327;      -1.63733;3.43236;1
   9.23457; 0.99661;      -1.64566;3.43240;1
   9.14216; 0.99994;      -1.65354;3.43243;1
   9.05256; 1.00327;      -1.66096;3.43246;1
   8.96588; 1.00660;      -1.66807;3.43250;1
   8.88226; 1.00994;      -1.67471;3.43253;1
   8.80173; 1.01327;      -1.68094;3.43256;1
   8.72434; 1.01660;      -1.68667;3.43259;1
   8.65016; 1.01994;      -1.69188;3.43261;1
   8.57933; 1.02327;      -1.69658;3.43264;1
   8.51187; 1.02660;      -1.70078;3.43267;1
   8.44783; 1.02994;      -1.70432;3.43269;1
   8.38726; 1.03327;      -1.70713;3.43271;1
   8.33024; 1.03660;      -1.70929;3.43273;1
   8.27680; 1.03994;      -1.71058;3.43275;1
   8.22702; 1.04327;      -1.71091;3.43277;1
   8.18094; 1.04660;      -1.71052;3.43279;1
   8.13856; 1.04994;      -1.70926;3.43280;1
   8.09998; 1.05327;      -1.70708;3.43282;1
   8.06523; 1.05660;      -1.70399;3.43283;1
   8.03437; 1.05993;      -1.70000;3.43284;1
   8.00738; 1.06327;      -1.69493;3.43285;1
   7.98427; 1.06660;      -1.68879;3.43286;1
   7.96506; 1.06993;      -1.68153;3.43287;1
   7.94980; 1.07327;      -1.67332;3.43287;1
   7.93850; 1.07660;      -1.66406;3.43288;1
   7.93117; 1.07993;      -1.65374;3.43288;1
   7.92781; 1.08327;      -1.64233;3.43288;1
   7.92842; 1.08660;      -1.62973;3.43288;1
   7.93298; 1.08993;      -1.61598;3.43288;1
   7.94146; 1.09327;      -1.60120;3.43288;1
   7.95384; 1.09660;      -1.58542;3.43287;1
   7.97004; 1.09993;      -1.56874;3.43287;1
   7.99000; 1.10327;      -1.55082;3.43286;1
   8.01369; 1.10660;      -1.53188;3.43285;1
   8.04104; 1.10993;      -1.51198;3.43284;1
   8.07193; 1.11326;      -1.49099;3.43283;1
   8.10629; 1.11660;      -1.46912;3.43282;1
   8.14397; 1.11993;      -1.44634;3.43280;1
   8.18492; 1.12326;      -1.42263;3.43279;1
   8.22901; 1.12660;      -1.39796;3.43277;1
   8.27613; 1.12993;      -1.37236;3.43275;1
   8.32617; 1.13326;      -1.34603;3.43273;1
   8.37899; 1.13660;      -1.31889;3.43271;1
   8.43447; 1.13993;      -1.29116;3.43269;1
   8.49250; 1.14326;      -1.26268;3.43267;1
   8.55289; 1.14660;      -1.23350;3.43265;1
   8.61558; 1.14993;      -1.20372;3.43263;1
   8.68038; 1.15326;      -1.17342;3.43260;1
   8.74717; 1.15660;      -1.14257;3.43258;1
   8.81575; 1.15993;      -1.11124;3.43255;1
   8.88604; 1.16326;      -1.07939;3.43253;1
   8.95791; 1.16659;      -1.04710;3.43250;1
   9.03117; 1.16993;      -1.01465;3.43247;1
   9.10576; 1.17326;      -0.98180;3.43244;1
   9.18152; 1.17659;      -0.94876;3.43242;1
   9.25830; 1.17993;      -0.91541;3.43239;1
   9.33591; 1.18326;      -0.88194;3.43236;1
   9.41432; 1.18659;      -0.84823;3.43233;1
   9.49332; 1.18993;      -0.81449;3.43230;1
   9.57278; 1.19326;      -0.78076;3.43227;1
   9.65259; 1.19659;      -0.74699;3.43224;1
   9.73265; 1.19993;      -0.71321;3.43221;1
   9.81282; 1.20326;      -0.67952;3.43218;1
   9.89296; 1.20659;      -0.64611;3.43215;1
   9.97298; 1.20993;      -0.61269;3.43212;1
  10.05272; 1.21326;      -0.57949;3.43209;1
  10.13207; 1.21659;      -0.54654;3.43205;1
  10.21096; 1.21992;      -0.51400;3.43202;1
  10.28928; 1.22326;      -0.48169;3.43199;1
  10.36687; 1.22659;      -0.44967;3.43197;1
  10.44367; 1.22992;      -0.41803;3.43194;1
  10.51962; 1.23326;      -0.38683;3.43191;1
  10.59459; 1.23659;      -0.35607;3.43188;1
  10.66845; 1.23992;      -0.32570;3.43185;1
  10.74114; 1.24326;      -0.29587;3.43182;1
  10.81260; 1.24659;      -0.26660;3.43179;1
  10.88270; 1.24992;      -0.23787;3.43177;1
  10.95141; 1.25326;      -0.20973;3.43174;1
  11.01859; 1.25659;      -0.18228;3.43171;1
  11.08419; 1.25992;      -0.15529;3.43169;1
  11.14819; 1.26326;      -0.12891;3.43166;1
  11.21051; 1.26659;      -0.10325;3.43164;1
  11.27107; 1.26992;-7.831887e-002;3.43162;1
  11.32983; 1.27325;-5.415390e-002;3.43159;1
  11.38669; 1.27659;-3.070823e-002;3.43157;1
  11.44169; 1.27992;-7.997409e-003;3.43155;1
  11.49475; 1.28325; 1.411204e-002;3.43153;1
  11.54581; 1.28659; 3.535061e-002;3.43151;1
  11.59482; 1.28992; 5.587872e-002;3.43149;1
  11.64180; 1.29325; 7.566421e-002;3.43147;1
  11.68667; 1.29659; 9.465329e-002;3.43145;1
  11.72941; 1.29992;       0.11285;3.43144;1
  11.77001; 1.30325;       0.13019;3.43142;1
  11.80846; 1.30659;       0.14683;3.43141;1
  11.84467; 1.30992;       0.16264;3.43139;1
  11.87866; 1.31325;       0.17774;3.43138;1
  11.91047; 1.31659;       0.19193;3.43137;1
  11.94004; 1.31992;       0.20526;3.43136;1
  11.96741; 1.32325;       0.21793;3.43134;1
  11.99253; 1.32658;       0.22985;3.43133;1
  12.01541; 1.32992;       0.24077;3.43133;1
  12.03611; 1.33325;       0.25092;3.43132;1
  12.05456; 1.33658;       0.26042;3.43131;1
  12.07077; 1.33992;       0.26913;3.43130;1
  12.08476; 1.34325;       0.27710;3.43130;1
  12.09655; 1.34658;       0.28419;3.43129;1
  12.10618; 1.34992;       0.29061;3.43129;1
  12.11361; 1.35325;       0.29620;3.43129;1
  12.11889; 1.35658;       0.30108;3.43128;1
  12.12208; 1.35992;       0.30516;3.43128;1
  12.12315; 1.36325;       0.30867;3.43128;1
  12.12217; 1.36658;       0.31149;3.43128;1
  12.11909; 1.36992;       0.31366;3.43128;1
  12.11402; 1.37325;       0.31503;3.43129;1
  12.10694; 1.37658;       0.31563;3.43129;1
  12.09788; 1.37991;       0.31564;3.43129;1
  12.08691; 1.38325;       0.31505;3.43130;1
  12.07403; 1.38658;       0.31390;3.43130;1
  12.05927; 1.38991;       0.31202;3.43131;1
  12.04268; 1.39325;       0.30956;3.43132;1
  12.02430; 1.39658;       0.30653;3.43132;1
  12.00418; 1.39991;       0.30294;3.43133;1
  11.98231; 1.40325;       0.29876;3.43134;1
  11.95875; 1.40658;       0.29412;3.43135;1
  11.93358; 1.40991;       0.28897;3.43136;1
  11.90682; 1.41325;       0.28313;3.43137;1
  11.87850; 1.41658;       0.27690;3.43138;1
  11.84869; 1.41991;       0.27033;3.43139;1
  11.81740; 1.42325;       0.26316;3.43140;1
  11.78469; 1.42658;       0.25555;3.43142;1
  11.75063; 1.42991;       0.24753;3.43143;1
  11.71520; 1.43324;       0.23909;3.43144;1
  11.67850; 1.43658;       0.23047;3.43146;1
  11.64052; 1.43991;       0.22137;3.43147;1
  11.60139; 1.44324;       0.21194;3.43149;1
  11.56108; 1.44658;       0.20221;3.43150;1
  11.51962; 1.44991;       0.19220;3.43152;1
  11.47714; 1.45324;       0.18193;3.43154;1
  11.43366; 1.45658;       0.17136;3.43155;1
  11.38921; 1.45991;       0.16053;3.43157;1
  11.34385; 1.46324;       0.14935;3.43159;1
  11.29761; 1.46658;       0.13802;3.43161;1
  11.25055; 1.46991;       0.12653;3.43162;1
  11.20271; 1.47324;       0.11481;3.43164;1
  11.15411; 1.47658;       0.10296;3.43166;1
  11.10484; 1.47991; 9.101398e-002;3.43168;1
  11.05489; 1.48324; 7.878712e-002;3.43170;1
  11.00429; 1.48657; 6.641376e-002;3.43172;1
  10.95314; 1.48991; 5.397670e-002;3.43174;1
  10.90149; 1.49324; 4.145070e-002;3.43176;1
  10.84934; 1.49657; 2.885596e-002;3.43178;1
  10.79675; 1.49991; 1.636568e-002;3.43180;1
  10.74374; 1.50324; 3.751387e-003;3.43182;1
  10.69036; 1.50657;-8.956633e-003;3.43184;1
  10.63667; 1.50991;-2.165160e-002;3.43186;1
  10.58268; 1.51324;-3.442120e-002;3.43188;1
  10.52845; 1.51657;-4.725812e-002;3.43190;1
  10.47395; 1.51991;-5.999524e-002;3.43192;1
  10.41927; 1.52324;-7.265229e-002;3.43195;1
  10.36442; 1.52657;-8.532090e-002;3.43197;1
  10.30944; 1.52991;-9.794297e-002;3.43199;1
  10.25440; 1.53324;      -0.11036;3.43201;1
  10.19929; 1.53657;      -0.12278;3.43203;1
  10.14415; 1.53990;      -0.13509;3.43205;1
  10.08900; 1.54324;      -0.14737;3.43207;1
  10.03391; 1.54657;      -0.15954;3.43209;1
   9.97886; 1.54990;      -0.17153;3.43211;1
   9.92389; 1.55324;      -0.18341;3.43213;1
   9.86901; 1.55657;      -0.19522;3.43216;1
   9.81428; 1.55990;      -0.20689;3.43218;1
   9.75971; 1.56324;      -0.21841;3.43220;1
   9.70531; 1.56657;      -0.22971;3.43222;1
   9.65111; 1.56990;      -0.24084;3.43224;1
   9.59717; 1.57324;      -0.25187;3.43226;1
   9.54350; 1.57657;      -0.26265;3.43228;1
   9.49005; 1.57990;      -0.27329;3.43230;1
   9.43688; 1.58324;      -0.28379;3.43232;1
   9.38399; 1.58657;      -0.29415;3.43234;1
   9.33146; 1.58990;      -0.30420;3.43236;1
   9.27926; 1.59323;      -0.31413;3.43238;1
   9.22740; 1.59657;      -0.32377;3.43240;1
   9.17591; 1.59990;      -0.33315;3.43242;1
   9.12476; 1.60323;      -0.34240;3.43244;1
   9.07403; 1.60657;      -0.35150;3.43246;1
   9.02368; 1.60990;      -0.36039;3.43247;1
   8.97373; 1.61323;      -0.36893;3.43249;1
   8.92423; 1.61657;      -0.37732;3.43251;1
   8.87512; 1.61990;      -0.38547;3.43253;1
   8.82646; 1.62323;      -0.39341;3.43255;1
   8.77823; 1.62657;      -0.40113;3.43257;1
   8.73047; 1.62990;      -0.40863;3.43258;1
   8.68311; 1.63323;      -0.41598;3.43260;1
   8.63623; 1.63657;      -0.42313;3.43262;1
   8.58980; 1.63990;      -0.43001;3.43264;1
   8.54387; 1.64323;      -0.43674;3.43265;1
   8.49840; 1.64657;      -0.44319;3.43267;1
   8.45340; 1.64990;      -0.44943;3.43269;1
   8.40888; 1.65323;      -0.45542;3.43270;1
   8.36480; 1.65656;      -0.46105;3.43272;1
   8.32120; 1.65990;      -0.46652;3.43274;1
   8.27808; 1.66323;      -0.47185;3.43275;1
   8.23539; 1.66656;      -0.47675;3.43277;1
   8.19315; 1.66990;      -0.48159;3.43278;1
   8.15139; 1.67323;      -0.48635;3.43280;1
   8.11008; 1.67656;      -0.49080;3.43281;1
   8.06925; 1.67990;      -0.49499;3.43283;1
   8.02888; 1.68323;      -0.49898;3.43284;1
   7.98891; 1.68656;      -0.50274;3.43286;1
   7.94947; 1.68990;      -0.50629;3.43287;1
   7.91045; 1.69323;      -0.50965;3.43289;1
   7.87181; 1.69656;      -0.51278;3.43290;1
   7.83361; 1.69990;      -0.51579;3.43292;1
   7.79582; 1.70323;      -0.51861;3.43293;1
   7.75847; 1.70656;      -0.52117;3.43294;1
   7.72151; 1.70989;      -0.52361;3.43296;1
   7.68494; 1.71323;      -0.52604;3.43297;1
   7.64880; 1.71656;      -0.52829;3.43298;1
   7.61305; 1.71989;      -0.53023;3.43300;1
   7.57766; 1.72323;      -0.53201;3.43301;1
   7.54264; 1.72656;      -0.53370;3.43302;1
   7.50799; 1.72989;      -0.53521;3.43304;1
   7.47372; 1.73323;      -0.53652;3.43305;1
   7.43976; 1.73656;      -0.53770;3.43306;1
   7.40611; 1.73989;      -0.53883;3.43307;1
   7.37281; 1.74323;      -0.53980;3.43309;1
   7.33982; 1.74656;      -0.54054;3.43310;1
   7.30715; 1.74989;      -0.54121;3.43311;1
   7.27480; 1.75323;      -0.54180;3.43312;1
   7.24271; 1.75656;      -0.54228;3.43313;1
   7.21093; 1.75989;      -0.54263;3.43314;1
   7.17939; 1.76322;      -0.54277;3.43316;1
   7.14810; 1.76656;      -0.54283;3.43317;1
   7.11705; 1.76989;      -0.54279;3.43318;1
   7.08627; 1.77322;      -0.54277;3.43319;1
   7.05572; 1.77656;      -0.54268;3.43320;1
   7.02534; 1.77989;      -0.54242;3.43321;1
   6.99522; 1.78322;      -0.54207;3.43322;1
   6.96531; 1.78656;      -0.54165;3.43323;1
   6.93557; 1.78989;      -0.54115;3.43325;1
   6.90600; 1.79322;      -0.54055;3.43326;1
   6.87661; 1.79656;      -0.53990;3.43327;1
   6.84738; 1.79989;      -0.53923;3.43328;1
   6.81830; 1.80322;      -0.53853;3.43329;1
   6.78938; 1.80656;      -0.53767;3.43330;1
   6.76059; 1.80989;      -0.53675;3.43331;1
   6.73193; 1.81322;      -0.53582;3.43332;1
   6.70340; 1.81655;      -0.53493;3.43333;1
   6.67492; 1.81989;      -0.53402;3.43334;1
   6.64659; 1.82322;      -0.53303;3.43335;1
   6.61832; 1.82655;      -0.53203;3.43336;1
   6.59012; 1.82989;      -0.53089;3.43337;1
   6.56195; 1.83322;      -0.52974;3.43338;1
   6.53390; 1.83655;      -0.52847;3.43339;1
   6.50589; 1.83989;      -0.52718;3.43340;1
   6.47792; 1.84322;      -0.52585;3.43341;1
   6.44996; 1.84655;      -0.52460;3.43342;1
   6.42201; 1.84989;      -0.52337;3.43343;1
   6.39409; 1.85322;      -0.52206;3.43344;1
   6.36622; 1.85655;      -0.52083;3.43345;1
   6.33837; 1.85989;      -0.51949;3.43346;1
   6.31054; 1.86322;      -0.51815;3.43347;1
   6.28265; 1.86655;      -0.51684;3.43348;1
   6.25480; 1.86988;      -0.51551;3.43349;1
   6.22692; 1.87322;      -0.51413;3.43350;1
   6.19900; 1.87655;      -0.51270;3.43351;1
   6.17106; 1.87988;      -0.51141;3.43352;1
   6.14306; 1.88322;      -0.51021;3.43353;1
   6.11503; 1.88655;      -0.50898;3.43354;1
   6.08697; 1.88988;      -0.50769;3.43355;1
   6.05882; 1.89322;      -0.50637;3.43356;1
   6.03063; 1.89655;      -0.50506;3.43357;1
   6.00240; 1.89988;      -0.50375;3.43358;1
   5.97410; 1.90322;      -0.50249;3.43359;1
   5.94574; 1.90655;      -0.50132;3.43360;1
   5.91730; 1.90988;      -0.50053;3.43361;1
   5.88880; 1.91322;      -0.49963;3.43362;1
   5.86021; 1.91655;      -0.49859;3.43363;1
   5.83153; 1.91988;      -0.49750;3.43364;1
   5.80272; 1.92321;      -0.49632;3.43365;1
   5.77384; 1.92655;      -0.49516;3.43366;1
   5.74484; 1.92988;      -0.49408;3.43367;1
   5.71576; 1.93321;      -0.49314;3.43368;1
   5.68659; 1.93655;      -0.49218;3.43369;1
   5.65733; 1.93988;      -0.49128;3.43370;1
   5.62799; 1.94321;      -0.49042;3.43371;1
   5.59852; 1.94655;      -0.48963;3.43373;1
   5.56896; 1.94988;      -0.48886;3.43374;1
   5.53926; 1.95321;      -0.48812;3.43375;1
   5.50946; 1.95655;      -0.48752;3.43376;1
   5.47956; 1.95988;      -0.48701;3.43377;1
   5.44955; 1.96321;      -0.48644;3.43378;1
   5.41946; 1.96655;      -0.48591;3.43379;1
   5.38924; 1.96988;      -0.48545;3.43380;1
   5.35891; 1.97321;      -0.48496;3.43381;1
   5.32845; 1.97654;      -0.48454;3.43382;1
   5.29786; 1.97988;      -0.48423;3.43383;1
   5.26718; 1.98321;      -0.48391;3.43384;1
   5.23637; 1.98654;      -0.48367;3.43385;1
   5.20542; 1.98988;      -0.48343;3.43386;1
   5.17441; 1.99321;      -0.48318;3.43388;1
   5.14330; 1.99654;      -0.48291;3.43389;1
   5.11203; 1.99988;      -0.48264;3.43390;1
   5.08066; 2.00321;      -0.48243;3.43391;1
   5.04919; 2.00654;      -0.48227;3.43392;1
   5.01762; 2.00988;      -0.48216;3.43393;1
   4.98592; 2.01321;      -0.48209;3.43394;1
   4.95411; 2.01654;      -0.48193;3.43395;1
   4.92216; 2.01988;      -0.48189;3.43396;1
   4.89014; 2.02321;      -0.48184;3.43398;1
   4.85799; 2.02654;      -0.48179;3.43399;1
   4.82580; 2.02987;      -0.48185;3.43400;1
   4.79351; 2.03321;      -0.48201;3.43401;1
   4.76114; 2.03654;      -0.48228;3.43402;1
   4.72864; 2.03987;      -0.48260;3.43403;1
   4.69607; 2.04321;      -0.48289;3.43404;1
   4.66339; 2.04654;      -0.48315;3.43405;1
   4.63065; 2.04987;      -0.48344;3.43407;1
   4.59781; 2.05321;      -0.48371;3.43408;1
   4.56490; 2.05654;      -0.48403;3.43409;1
   4.53187; 2.05987;      -0.48441;3.43410;1
   4.49876; 2.06321;      -0.48471;3.43411;1
   4.46555; 2.06654;      -0.48501;3.43412;1
   4.43231; 2.06987;      -0.48538;3.43414;1
   4.39895; 2.07321;      -0.48584;3.43415;1
   4.36555; 2.07654;      -0.48637;3.43416;1
   4.33206; 2.07987;      -0.48694;3.43417;1
   4.29849; 2.08320;      -0.48740;3.43418;1
   4.26487; 2.08654;      -0.48788;3.43419;1
   4.23117; 2.08987;      -0.48840;3.43421;1
   4.19744; 2.09320;      -0.48886;3.43422;1
   4.16364; 2.09654;      -0.48938;3.43423;1
   4.12978; 2.09987;      -0.48990;3.43424;1
   4.09583; 2.10320;      -0.49047;3.43425;1
   4.06185; 2.10654;      -0.49103;3.43426;1
   4.02781; 2.10987;      -0.49158;3.43428;1
   3.99371; 2.11320;      -0.49214;3.43429;1
   3.95957; 2.11654;      -0.49280;3.43430;1
   3.92541; 2.11987;      -0.49347;3.43431;1
   3.89117; 2.12320;      -0.49411;3.43432;1
   3.85691; 2.12654;      -0.49473;3.43433;1
   3.82262; 2.12987;      -0.49533;3.43435;1
   3.78831; 2.13320;      -0.49596;3.43436;1
   3.75397; 2.13653;      -0.49661;3.43437;1
   3.71959; 2.13987;      -0.49729;3.43438;1
   3.68520; 2.14320;      -0.49794;3.43439;1
   3.65073; 2.14653;      -0.49861;3.43441;1
   3.61629; 2.14987;      -0.49928;3.43442;1
   3.58182; 2.15320;      -0.49995;3.43443;1
   3.54731; 2.15653;      -0.50060;3.43444;1
   3.51276; 2.15987;      -0.50128;3.43445;1
   3.47820; 2.16320;      -0.50195;3.43447;1
   3.44365; 2.16653;      -0.50264;3.43448;1
   3.40905; 2.16987;      -0.50336;3.43449;1
   3.37444; 2.17320;      -0.50402;3.43450;1
   3.33984; 2.17653;      -0.50471;3.43451;1
   3.30522; 2.17987;      -0.50543;3.43452;1
   3.27057; 2.18320;      -0.50614;3.43454;1
   3.23591; 2.18653;      -0.50684;3.43455;1
   3.20126; 2.18986;      -0.50752;3.43456;1
   3.16659; 2.19320;      -0.50819;3.43457;1
   3.13189; 2.19653;      -0.50881;3.43458;1
   3.09722; 2.19986;      -0.50947;3.43460;1
   3.06253; 2.20320;      -0.51011;3.43461;1
   3.02788; 2.20653;      -0.51076;3.43462;1
   2.99321; 2.20986;      -0.51140;3.43463;1
   2.95849; 2.21320;      -0.51207;3.43464;1
   2.92380; 2.21653;      -0.51267;3.43465;1
   2.88913; 2.21986;      -0.51326;3.43467;1
   2.85448; 2.22320;      -0.51381;3.43468;1
   2.81981; 2.22653;      -0.51430;3.43469;1
   2.78514; 2.22986;      -0.51476;3.43470;1
   2.75047; 2.23320;      -0.51534;3.43471;1
   2.71578; 2.23653;      -0.51592;3.43472;1
   2.68109; 2.23986;      -0.51640;3.43474;1
   2.64641; 2.24319;      -0.51688;3.43475;1
   2.61174; 2.24653;      -0.51741;3.43476;1
   2.57710; 2.24986;      -0.51785;3.43477;1
   2.54246; 2.25319;      -0.51830;3.43478;1
   2.50784; 2.25653;      -0.51879;3.43479;1
   2.47320; 2.25986;      -0.51925;3.43481;1
   2.43860; 2.26319;      -0.51969;3.43482;1
   2.40398; 2.26653;      -0.52013;3.43483;1
   2.36939; 2.26986;      -0.52061;3.43484;1
   2.33482; 2.27319;      -0.52104;3.43485;1
   2.30028; 2.27653;      -0.52159;3.43486;1
   2.26574; 2.27986;      -0.52213;3.43488;1
   2.23120; 2.28319;      -0.52264;3.43489;1
   2.19667; 2.28653;      -0.52313;3.43490;1
   2.16218; 2.28986;      -0.52356;3.43491;1
   2.12769; 2.29319;      -0.52400;3.43492;1
   2.09320; 2.29652;      -0.52441;3.43493;1
   2.05871; 2.29986;      -0.52473;3.43495;1
   2.02424; 2.30319;      -0.52507;3.43496;1
   1.98980; 2.30652;      -0.52541;3.43497;1
   1.95537; 2.30986;      -0.52574;3.43498;1
   1.92095; 2.31319;      -0.52608;3.43499;1
   1.88656; 2.31652;      -0.52642;3.43500;1
   1.85215; 2.31986;      -0.52674;3.43501;1
   1.81776; 2.32319;      -0.52704;3.43503;1
   1.78340; 2.32652;      -0.52733;3.43504;1
   1.74907; 2.32986;      -0.52758;3.43505;1
   1.71475; 2.33319;      -0.52785;3.43506;1
   1.68043; 2.33652;      -0.52803;3.43507;1
   1.64616; 2.33986;      -0.52822;3.43508;1
   1.61188; 2.34319;      -0.52846;3.43509;1
   1.57759; 2.34652;      -0.52870;3.43511;1
   1.54334; 2.34985;      -0.52896;3.43512;1
   1.50908; 2.35319;      -0.52924;3.43513;1
   1.47484; 2.35652;      -0.52949;3.43514;1
   1.44064; 2.35985;      -0.52973;3.43515;1
   1.40645; 2.36319;      -0.52998;3.43516;1
   1.37227; 2.36652;      -0.53006;3.43517;1
   1.33806; 2.36985;      -0.53022;3.43518;1
   1.30391; 2.37319;      -0.53042;3.43520;1
   1.26976; 2.37652;      -0.53063;3.43521;1
   1.23565; 2.37985;      -0.53077;3.43522;1
   1.20155; 2.38319;      -0.53093;3.43523;1
   1.16746; 2.38652;      -0.53106;3.43524;1
   1.13341; 2.38985;      -0.53125;3.43525;1
   1.09935; 2.39319;      -0.53144;3.43526;1
   1.06533; 2.39652;      -0.53163;3.43527;1
   1.03133; 2.39985;      -0.53184;3.43529;1
   0.99735; 2.40318;      -0.53200;3.43530;1
   0.96341; 2.40652;      -0.53219;3.43531;1
   0.92950; 2.40985;      -0.53235;3.43532;1
   0.89558; 2.41318;      -0.53246;3.43533;1
   0.86170; 2.41652;      -0.53256;3.43534;1
   0.82781; 2.41985;      -0.53268;3.43535;1
   0.79395; 2.42318;      -0.53277;3.43536;1
   0.76008; 2.42652;      -0.53285;3.43538;1
   0.72627; 2.42985;      -0.53297;3.43539;1
   0.69249; 2.43318;      -0.53313;3.43540;1
   0.65869; 2.43652;      -0.53326;3.43541;1
   0.62493; 2.43985;      -0.53329;3.43542;1
   0.59120; 2.44318;      -0.53331;3.43543;1
   0.55749; 2.44652;      -0.53341;3.43544;1
   0.52379; 2.44985;      -0.53353;3.43545;1
   0.49012; 2.45318;      -0.53361;3.43546;1
   0.45643; 2.45652;      -0.53369;3.43547;1
   0.42278; 2.45985;      -0.53376;3.43548;1
   0.38917; 2.46318;      -0.53383;3.43550;1
   0.35558; 2.46651;      -0.53384;3.43551;1
   0.32200; 2.46985;      -0.53385;3.43552;1
   0.28841; 2.47318;      -0.53381;3.43553;1
   0.25484; 2.47651;      -0.53380;3.43554;1
   0.22125; 2.47985;      -0.53379;3.43555;1
   0.18772; 2.48318;      -0.53382;3.43556;1
   0.15423; 2.48651;      -0.53384;3.43557;1
   0.12076; 2.48985;      -0.53385;3.43558;1
   0.08727; 2.49318;      -0.53386;3.43559;1
   0.05381; 2.49651;      -0.53390;3.43560;1
   0.02038; 2.49985;      -0.53396;3.43561;1
  -0.01304; 2.50318;      -0.53396;3.43563;1
  -0.04642; 2.50651;      -0.53395;3.43564;1
  -0.07979; 2.50985;      -0.53392;3.43565;1
  -0.11317; 2.51318;      -0.53389;3.43566;1
  -0.14651; 2.51651;      -0.53381;3.43567;1
  -0.17989; 2.51984;      -0.53371;3.43568;1
  -0.21320; 2.52318;      -0.53367;3.43569;1
  -0.24654; 2.52651;      -0.53362;3.43570;1
  -0.27983; 2.52984;      -0.53358;3.43571;1
  -0.31314; 2.53318;      -0.53353;3.43572;1
  -0.34645; 2.53651;      -0.53341;3.43573;1
  -0.37973; 2.53984;      -0.53332;3.43574;1
  -0.41302; 2.54318;      -0.53323;3.43575;1
  -0.44632; 2.54651;      -0.53314;3.43576;1
  -0.47959; 2.54984;      -0.53306;3.43578;1
  -0.51284; 2.55318;      -0.53301;3.43579;1
  -0.54608; 2.55651;      -0.53300;3.43580;1
  -0.57929; 2.55984;      -0.53300;3.43581;1
  -0.61254; 2.56318;      -0.53297;3.43582;1
  -0.64576; 2.56651;      -0.53293;3.43583;1
  -0.67901; 2.56984;      -0.53284;3.43584;1
  -0.71220; 2.57317;      -0.53277;3.43585;1
  -0.74545; 2.57651;      -0.53273;3.43586;1
  -0.77867; 2.57984;      -0.53267;3.43587;1
  -0.81192; 2.58317;      -0.53250;3.43588;1
  -0.84516; 2.58651;      -0.53237;3.43589;1
  -0.87839; 2.58984;      -0.53228;3.43590;1
  -0.91162; 2.59317;      -0.53220;3.43591;1
  -0.94484; 2.59651;      -0.53214;3.43592;1
  -0.97809; 2.59984;      -0.53214;3.43593;1
  -1.01131; 2.60317;      -0.53208;3.43594;1
  -1.04461; 2.60651;      -0.53191;3.43596;1
  -1.07790; 2.60984;      -0.53177;3.43597;1
  -1.11122; 2.61317;      -0.53164;3.43598;1
  -1.14450; 2.61651;      -0.53153;3.43599;1
  -1.17776; 2.61984;      -0.53146;3.43600;1
  -1.21104; 2.62317;      -0.53145;3.43601;1
  -1.24432; 2.62650;      -0.53137;3.43602;1
  -1.27758; 2.62984;      -0.53128;3.43603;1
  -1.31087; 2.63317;      -0.53114;3.43604;1
  -1.34419; 2.63650;      -0.53100;3.43605;1
  -1.37749; 2.63984;      -0.53086;3.43606;1
  -1.41081; 2.64317;      -0.53074;3.43607;1
  -1.44412; 2.64650;      -0.53059;3.43608;1
  -1.47745; 2.64984;      -0.53042;3.43609;1
  -1.51077; 2.65317;      -0.53025;3.43610;1
  -1.54411; 2.65650;      -0.53014;3.43611;1
  -1.57747; 2.65984;      -0.53009;3.43612;1
  -1.61084; 2.66317;      -0.53001;3.43613;1
  -1.64427; 2.66650;      -0.52991;3.43614;1
  -1.67768; 2.66984;      -0.52975;3.43615;1
  -1.71108; 2.67317;      -0.52963;3.43616;1
  -1.74449; 2.67650;      -0.52953;3.43617;1
  -1.77793; 2.67983;      -0.52940;3.43619;1
  -1.81134; 2.68317;      -0.52927;3.43620;1
  -1.84479; 2.68650;      -0.52914;3.43621;1
  -1.87827; 2.68983;      -0.52903;3.43622;1
  -1.91174; 2.69317;      -0.52892;3.43623;1
  -1.94521; 2.69650;      -0.52882;3.43624;1
  -1.97869; 2.69983;      -0.52872;3.43625;1
  -2.01221; 2.70317;      -0.52859;3.43626;1
  -2.04568; 2.70650;      -0.52856;3.43627;1
  -2.07920; 2.70983;      -0.52855;3.43628;1
  -2.11272; 2.71317;      -0.52852;3.43629;1
  -2.14626; 2.71650;      -0.52847;3.43630;1
  -2.17979; 2.71983;      -0.52843;3.43631;1
  -2.21329; 2.72317;      -0.52839;3.43632;1
  -2.24685; 2.72650;      -0.52831;3.43633;1
  -2.28035; 2.72983;      -0.52826;3.43634;1
  -2.31391; 2.73316;      -0.52820;3.43635;1
  -2.34745; 2.73650;      -0.52815;3.43636;1
  -2.38099; 2.73983;      -0.52817;3.43637;1
  -2.41456; 2.74316;      -0.52816;3.43638;1
  -2.44813; 2.74650;      -0.52808;3.43639;1
  -2.48170; 2.74983;      -0.52808;3.43640;1
  -2.51530; 2.75316;      -0.52809;3.43641;1
  -2.54891; 2.75650;      -0.52811;3.43642;1
  -2.58251; 2.75983;      -0.52815;3.43643;1
  -2.61612; 2.76316;      -0.52814;3.43644;1
  -2.64969; 2.76650;      -0.52811;3.43645;1
  -2.68328; 2.76983;      -0.52812;3.43647;1
  -2.71683; 2.77316;      -0.52809;3.43648;1
  -2.75044; 2.77650;      -0.52811;3.43649;1
  -2.78401; 2.77983;      -0.52813;3.43650;1
  -2.81758; 2.78316;      -0.52813;3.43651;1
  -2.85115; 2.78649;      -0.52810;3.43652;1
  -2.88472; 2.78983;      -0.52806;3.43653;1
  -2.91830; 2.79316;      -0.52804;3.43654;1
  -2.95187; 2.79649;      -0.52805;3.43655;1
  -2.98541; 2.79983;      -0.52810;3.43656;1
  -3.01895; 2.80316;      -0.52812;3.43657;1
  -3.05250; 2.80649;      -0.52816;3.43658;1
  -3.08604; 2.80983;      -0.52820;3.43659;1
  -3.11957; 2.81316;      -0.52823;3.43660;1
  -3.15307; 2.81649;      -0.52824;3.43661;1
  -3.18659; 2.81983;      -0.52826;3.43662;1
  -3.22013; 2.82316;      -0.52831;3.43663;1
  -3.25364; 2.82649;      -0.52837;3.43664;1
  -3.28713; 2.82983;      -0.52841;3.43665;1
  -3.32065; 2.83316;      -0.52845;3.43666;1
  -3.35416; 2.83649;      -0.52849;3.43667;1
  -3.38762; 2.83982;      -0.52852;3.43668;1
  -3.42109; 2.84316;      -0.52857;3.43669;1
  -3.45458; 2.84649;      -0.52858;3.43670;1
  -3.48805; 2.84982;      -0.52857;3.43671;1
  -3.52151; 2.85316;      -0.52854;3.43672;1
  -3.55497; 2.85649;      -0.52857;3.43673;1
  -3.58841; 2.85982;      -0.52859;3.43674;1
  -3.62183; 2.86316;      -0.52864;3.43675;1
  -3.65524; 2.86649;      -0.52869;3.43676;1
  -3.68862; 2.86982;      -0.52865;3.43677;1
  -3.72201; 2.87316;      -0.52862;3.43678;1
  -3.75539; 2.87649;      -0.52865;3.43679;1
  -3.78878; 2.87982;      -0.52868;3.43680;1
  -3.82214; 2.88316;      -0.52869;3.43681;1
  -3.85548; 2.88649;      -0.52866;3.43682;1
  -3.88884; 2.88982;      -0.52867;3.43683;1
  -3.92220; 2.89315;      -0.52864;3.43684;1
  -3.95554; 2.89649;      -0.52864;3.43685;1
  -3.98887; 2.89982;      -0.52863;3.43686;1
  -4.02221; 2.90315;      -0.52864;3.43687;1
  -4.05552; 2.90649;      -0.52865;3.43688;1
  -4.08886; 2.90982;      -0.52865;3.43689;1
  -4.12219; 2.91315;      -0.52861;3.43690;1
  -4.15550; 2.91649;      -0.52859;3.43691;1
  -4.18877; 2.91982;      -0.52853;3.43692;1
  -4.22207; 2.92315;      -0.52848;3.43693;1
  -4.25534; 2.92649;      -0.52844;3.43694;1
  -4.28860; 2.92982;      -0.52841;3.43695;1
  -4.32187; 2.93315;      -0.52837;3.43696;1
  -4.35511; 2.93649;      -0.52823;3.43697;1
  -4.38834; 2.93982;      -0.52814;3.43698;1
  -4.42155; 2.94315;      -0.52808;3.43699;1
  -4.45476; 2.94648;      -0.52802;3.43700;1
  -4.48797; 2.94982;      -0.52793;3.43701;1
  -4.52120; 2.95315;      -0.52787;3.43702;1
  -4.55440; 2.95648;      -0.52782;3.43703;1
  -4.58758; 2.95982;      -0.52778;3.43704;1
  -4.62072; 2.96315;      -0.52773;3.43705;1
  -4.65390; 2.96648;      -0.52766;3.43706;1
  -4.68711; 2.96982;      -0.52759;3.43707;1
  -4.72029; 2.97315;      -0.52749;3.43708;1
  -4.75345; 2.97648;      -0.52744;3.43709;1
  -4.78661; 2.97982;      -0.52739;3.43710;1
  -4.81976; 2.98315;      -0.52733;3.43711;1
  -4.85292; 2.98648;      -0.52723;3.43712;1
  -4.88607; 2.98982;      -0.52709;3.43713;1
  -4.91920; 2.99315;      -0.52705;3.43714;1
  -4.95233; 2.99648;      -0.52699;3.43715;1
  -4.98544; 2.99981;      -0.52692;3.43716;1
  -5.01860; 3.00315;      -0.52684;3.43716;1
  -5.05176; 3.00648;      -0.52677;3.43717;1
  -5.08486; 3.00981;      -0.52671;3.43718;1
  -5.11797; 3.01315;      -0.52668;3.43719;1
  -5.15108; 3.01648;      -0.52665;3.43720;1
  -5.18420; 3.01981;      -0.52661;3.43721;1
  -5.21731; 3.02315;      -0.52657;3.43722;1
  -5.25038; 3.02648;      -0.52651;3.43723;1
  -5.28349; 3.02981;      -0.52643;3.43724;1
  -5.31660; 3.03315;      -0.52636;3.43725;1
  -5.34968; 3.03648;      -0.52631;3.43726;1
  -5.38279; 3.03981;      -0.52625;3.43727;1
  -5.41592; 3.04315;      -0.52622;3.43728;1
  -5.44903; 3.04648;      -0.52607;3.43729;1
  -5.48210; 3.04981;      -0.52591;3.43730;1
  -5.51519; 3.05314;      -0.52578;3.43731;1
  -5.54827; 3.05648;      -0.52573;3.43732;1
  -5.58137; 3.05981;      -0.52571;3.43733;1
  -5.61448; 3.06314;      -0.52562;3.43734;1
  -5.64758; 3.06648;      -0.52554;3.43735;1
  -5.68069; 3.06981;      -0.52545;3.43736;1
  -5.71380; 3.07314;      -0.52536;3.43737;1
  -5.74693; 3.07648;      -0.52527;3.43738;1
  -5.78005; 3.07981;      -0.52518;3.43739;1
  -5.81314; 3.08314;      -0.52505;3.43740;1
  -5.84624; 3.08648;      -0.52495;3.43741;1
  -5.87935; 3.08981;      -0.52484;3.43741;1
  -5.91246; 3.09314;      -0.52472;3.43742;1
  -5.94555; 3.09648;      -0.52465;3.43743;1
  -5.97864; 3.09981;      -0.52456;3.43744;1
  -6.01174; 3.10314;      -0.52447;3.43745;1
  -6.04483; 3.10647;      -0.52436;3.43746;1
  -6.07793; 3.10981;      -0.52424;3.43747;1
  -6.11103; 3.11314;      -0.52412;3.43748;1
  -6.14411; 3.11647;      -0.52403;3.43749;1
  -6.17722; 3.11981;      -0.52394;3.43750;1
  -6.21035; 3.12314;      -0.52392;3.43751;1
  -6.24348; 3.12647;      -0.52392;3.43752;1
  -6.27659; 3.12981;      -0.52393;3.43753;1
  -6.30970; 3.13314;      -0.52392;3.43754;1
  -6.34286; 3.13647;      -0.52399;3.43755;1
  -6.37604; 3.13981;      -0.52397;3.43756;1
  -6.40922; 3.14314;      -0.52382;3.43757;1
  -6.44242; 3.14647;      -0.52371;3.43758;1
  -6.47564; 3.14981;      -0.52368;3.43759;1
  -6.50883; 3.15314;      -0.52363;3.43759;1
  -6.54201; 3.15647;      -0.52355;3.43760;1
  -6.57520; 3.15980;      -0.52346;3.43761;1
  -6.60844; 3.16314;      -0.52343;3.43762;1
  -6.64170; 3.16647;      -0.52341;3.43763;1
  -6.67497; 3.16980;      -0.52342;3.43764;1
  -6.70821; 3.17314;      -0.52342;3.43765;1
  -6.74147; 3.17647;      -0.52341;3.43766;1
  -6.77476; 3.17980;      -0.52338;3.43767;1
  -6.80802; 3.18314;      -0.52329;3.43768;1
  -6.84133; 3.18647;      -0.52323;3.43769;1
  -6.87462; 3.18980;      -0.52316;3.43770;1
  -6.90791; 3.19314;      -0.52307;3.43771;1
  -6.94126; 3.19647;      -0.52297;3.43772;1
  -6.97457; 3.19980;      -0.52283;3.43773;1
  -7.00792; 3.20314;      -0.52275;3.43774;1
  -7.04125; 3.20647;      -0.52268;3.43775;1
  -7.07456; 3.20980;      -0.52264;3.43775;1
  -7.10793; 3.21313;      -0.52260;3.43776;1
  -7.14129; 3.21647;      -0.52257;3.43777;1
  -7.17467; 3.21980;      -0.52251;3.43778;1
  -7.20804; 3.22313;      -0.52244;3.43779;1
  -7.24143; 3.22647;      -0.52239;3.43780;1
  -7.27484; 3.22980;      -0.52231;3.43781;1
  -7.30824; 3.23313;      -0.52223;3.43782;1
  -7.34167; 3.23647;      -0.52219;3.43783;1
  -7.37508; 3.23980;      -0.52216;3.43784;1
  -7.40848; 3.24313;      -0.52211;3.43785;1
  -7.44189; 3.24647;      -0.52206;3.43786;1
  -7.47530; 3.24980;      -0.52203;3.43787;1
  -7.50874; 3.25313;      -0.52204;3.43788;1
  -7.54215; 3.25647;      -0.52208;3.43789;1
  -7.57562; 3.25980;      -0.52209;3.43789;1
  -7.60908; 3.26313;      -0.52210;3.43790;1
  -7.64255; 3.26647;      -0.52209;3.43791;1
  -7.67604; 3.26980;      -0.52210;3.43792;1
  -7.70953; 3.27313;      -0.52210;3.43793;1
  -7.74302; 3.27646;      -0.52207;3.43794;1
  -7.77651; 3.27980;      -0.52207;3.43795;1
  -7.80998; 3.28313;      -0.52205;3.43796;1
  -7.84348; 3.28646;      -0.52205;3.43797;1
  -7.87699; 3.28980;      -0.52204;3.43798;1
  -7.91051; 3.29313;      -0.52205;3.43799;1
  -7.94402; 3.29646;      -0.52208;3.43800;1
  -7.97756; 3.29980;      -0.52213;3.43801;1
  -8.01111; 3.30313;      -0.52217;3.43801;1
  -8.04470; 3.30646;      -0.52222;3.43802;1
  -8.07827; 3.30980;      -0.52231;3.43803;1
  -8.11184; 3.31313;      -0.52236;3.43804;1
  -8.14540; 3.31646;      -0.52248;3.43805;1
  -8.17900; 3.31980;      -0.52255;3.43806;1
  -8.21257; 3.32313;      -0.52254;3.43807;1
  -8.24613; 3.32646;      -0.52258;3.43808;1
  -8.27971; 3.32979;      -0.52268;3.43809;1
  -8.31335; 3.33313;      -0.52274;3.43810;1
  -8.34697; 3.33646;      -0.52279;3.43811;1
  -8.38059; 3.33979;      -0.52285;3.43812;1
  -8.41420; 3.34313;      -0.52291;3.43813;1
  -8.44780; 3.34646;      -0.52294;3.43813;1
  -8.48139; 3.34979;      -0.52295;3.43814;1
  -8.51496; 3.35313;      -0.52296;3.43815;1
  -8.54857; 3.35646;      -0.52301;3.43816;1
  -8.58217; 3.35979;      -0.52307;3.43817;1
  -8.61576; 3.36313;      -0.52312;3.43818;1
  -8.64936; 3.36646;      -0.52313;3.43819;1
  -8.68300; 3.36979;      -0.52316;3.43820;1
  -8.71662; 3.37313;      -0.52321;3.43821;1
  -8.75024; 3.37646;      -0.52323;3.43822;1
  -8.78385; 3.37979;      -0.52328;3.43823;1
  -8.81747; 3.38312;      -0.52338;3.43823;1
  -8.85110; 3.38646;      -0.52346;3.43824;1
  -8.88473; 3.38979;      -0.52353;3.43825;1
  -8.91835; 3.39312;      -0.52353;3.43826;1
  -8.95198; 3.39646;      -0.52358;3.43827;1
  -8.98560; 3.39979;      -0.52361;3.43828;1
  -9.01924; 3.40312;      -0.52364;3.43829;1
  -9.05286; 3.40646;      -0.52369;3.43830;1
  -9.08648; 3.40979;      -0.52372;3.43831;1
  -9.12012; 3.41312;      -0.52376;3.43832;1
  -9.15376; 3.41646;      -0.52377;3.43833;1
  -9.18736; 3.41979;      -0.52377;3.43833;1
  -9.22098; 3.42312;      -0.52377;3.43834;1
  -9.25462; 3.42646;      -0.52378;3.43835;1
  -9.28824; 3.42979;      -0.52380;3.43836;1
  -9.32186; 3.43312;      -0.52390;3.43837;1
  -9.35545; 3.43645;      -0.52399;3.43838;1
  -9.38905; 3.43979;      -0.52401;3.43839;1
  -9.42269; 3.44312;      -0.52405;3.43840;1
  -9.45628; 3.44645;      -0.52410;3.43841;1
  -9.48987; 3.44979;      -0.52413;3.43842;1
  -9.52347; 3.45312;      -0.52417;3.43842;1
  -9.55708; 3.45645;      -0.52425;3.43843;1
  -9.59072; 3.45979;      -0.52431;3.43844;1
  -9.62429; 3.46312;      -0.52437;3.43845;1
  -9.65788; 3.46645;      -0.52442;3.43846;1
  -9.69143; 3.46979;      -0.52439;3.43847;1
  -9.72499; 3.47312;      -0.52437;3.43848;1
  -9.75851; 3.47645;      -0.52441;3.43849;1
  -9.79208; 3.47979;      -0.52445;3.43850;1
  -9.82564; 3.48312;      -0.52447;3.43850;1
  -9.85923; 3.48645;      -0.52453;3.43851;1
  -9.89275; 3.48978;      -0.52457;3.43852;1
  -9.92627; 3.49312;      -0.52461;3.43853;1
  -9.95980; 3.49645;      -0.52463;3.43854;1
  -9.99333; 3.49978;      -0.52465;3.43855;1
 -10.02686; 3.50312;      -0.52463;3.43856;1
 -10.06032; 3.50645;      -0.52465;3.43857;1
 -10.09378; 3.50978;      -0.52465;3.43857;1
 -10.12725; 3.51312;      -0.52467;3.43858;1
 -10.16075; 3.51645;      -0.52465;3.43859;1
 -10.19426; 3.51978;      -0.52466;3.43860;1
 -10.22772; 3.52312;      -0.52467;3.43861;1
 -10.26119; 3.52645;      -0.52468;3.43862;1
 -10.29468; 3.52978;      -0.52477;3.43863;1
 -10.32814; 3.53312;      -0.52481;3.43864;1
 -10.36157; 3.53645;      -0.52483;3.43865;1
 -10.39499; 3.53978;      -0.52485;3.43865;1
 -10.42843; 3.54311;      -0.52486;3.43866;1
 -10.46184; 3.54645;      -0.52488;3.43867;1
 -10.49528; 3.54978;      -0.52491;3.43868;1
 -10.52869; 3.55311;      -0.52487;3.43869;1
 -10.56209; 3.55645;      -0.52487;3.43870;1
 -10.59549; 3.55978;      -0.52485;3.43871;1
 -10.62888; 3.56311;      -0.52483;3.43872;1
 -10.66229; 3.56645;      -0.52475;3.43872;1
 -10.69565; 3.56978;      -0.52468;3.43873;1
 -10.72899; 3.57311;      -0.52463;3.43874;1
 -10.76235; 3.57645;      -0.52453;3.43875;1
 -10.79572; 3.57978;      -0.52446;3.43876;1
 -10.82905; 3.58311;      -0.52441;3.43877;1
 -10.86239; 3.58645;      -0.52435;3.43878;1
 -10.89573; 3.58978;      -0.52429;3.43878;1
 -10.92906; 3.59311;      -0.52425;3.43879;1
 -10.96240; 3.59644;      -0.52422;3.43880;1
 -10.99573; 3.59978;      -0.52418;3.43881;1
 -11.02904; 3.60311;      -0.52415;3.43882;1
 -11.06236; 3.60644;      -0.52407;3.43883;1
 -11.09569; 3.60978;      -0.52399;3.43884;1
 -11.12900; 3.61311;      -0.52390;3.43884;1
 -11.16228; 3.61644;      -0.52380;3.43885;1
 -11.19557; 3.61978;      -0.52373;3.43886;1
 -11.22886; 3.62311;      -0.52366;3.43887;1
 -11.26214; 3.62644;      -0.52360;3.43888;1
 -11.29540; 3.62978;      -0.52351;3.43889;1
 -11.32869; 3.63311;      -0.52345;3.43890;1
 -11.36199; 3.63644;      -0.52337;3.43890;1
 -11.39528; 3.63978;      -0.52330;3.43891;1
 -11.42856; 3.64311;      -0.52323;3.43892;1
 -11.46180; 3.64644;      -0.52315;3.43893;1
 -11.49509; 3.64977;      -0.52294;3.43894;1
 -11.52837; 3.65311;      -0.52280;3.43895;1
 -11.56165; 3.65644;      -0.52267;3.43895;1
 -11.59489; 3.65977;      -0.52256;3.43896;1
 -11.62817; 3.66311;      -0.52246;3.43897;1
 -11.66143; 3.66644;      -0.52238;3.43898;1
 -11.69470; 3.66977;      -0.52226;3.43899;1
 -11.72801; 3.67311;      -0.52218;3.43900;1
 -11.76131; 3.67644;      -0.52212;3.43901;1
 -11.79462; 3.67977;      -0.52205;3.43901;1
 -11.82786; 3.68311;      -0.52197;3.43902;1
 -11.86114; 3.68644;      -0.52191;3.43903;1
 -11.89440; 3.68977;      -0.52189;3.43904;1
 -11.92770; 3.69311;      -0.52190;3.43905;1
 -11.96103; 3.69644;      -0.52189;3.43906;1
 -11.99431; 3.69977;      -0.52187;3.43906;1
 -12.02759; 3.70310;      -0.52184;3.43907;1
 -12.06089; 3.70644;      -0.52175;3.43908;1
 -12.09423; 3.70977;      -0.52170;3.43909;1
 -12.12757; 3.71310;      -0.52167;3.43910;1
 -12.16093; 3.71644;      -0.52161;3.43911;1
 -12.19425; 3.71977;      -0.52154;3.43911;1
 -12.22757; 3.72310;      -0.52145;3.43912;1
 -12.26091; 3.72644;      -0.52139;3.43913;1
 -12.29422; 3.72977;      -0.52138;3.43914;1
 -12.32753; 3.73310;      -0.52132;3.43915;1
 -12.36086; 3.73644;      -0.52130;3.43916;1
 -12.39423; 3.73977;      -0.52126;3.43916;1
 -12.42759; 3.74310;      -0.52125;3.43917;1
 -12.46092; 3.74644;      -0.52122;3.43918;1
 -12.49427; 3.74977;      -0.52116;3.43919;1
 -12.52763; 3.75310;      -0.52111;3.43920;1
 -12.56104; 3.75643;      -0.52107;3.43921;1
 -12.59444; 3.75977;      -0.52110;3.43921;1
 -12.62787; 3.76310;      -0.52105;3.43922;1
 -12.66129; 3.76643;      -0.52097;3.43923;1
 -12.69468; 3.76977;      -0.52095;3.43924;1
 -12.72811; 3.77310;      -0.52094;3.43925;1
 -12.76155; 3.77643;      -0.52087;3.43926;1
 -12.79497; 3.77977;      -0.52081;3.43926;1
 -12.82839; 3.78310;      -0.52077;3.43927;1
 -12.86190; 3.78643;      -0.52074;3.43928;1
 -12.89536; 3.78977;      -0.52069;3.43929;1
 -12.92881; 3.79310;      -0.52066;3.43930;1
 -12.96230; 3.79643;      -0.52067;3.43931;1
 -12.99576; 3.79977;      -0.52062;3.43931;1
 -13.02926; 3.80310;      -0.52058;3.43932;1
 -13.06278; 3.80643;      -0.52053;3.43933;1
 -13.09629; 3.80976;      -0.52047;3.43934;1
 -13.12981; 3.81310;      -0.52042;3.43935;1
 -13.16335; 3.81643;      -0.52033;3.43935;1
 -13.19695; 3.81976;      -0.52026;3.43936;1
 -13.23052; 3.82310;      -0.52019;3.43937;1
 -13.26413; 3.82643;      -0.52018;3.43938;1
 -13.29773; 3.82976;      -0.52017;3.43939;1
 -13.33138; 3.83310;      -0.52014;3.43940;1
 -13.36501; 3.83643;      -0.52010;3.43940;1
 -13.39862; 3.83976;      -0.52010;3.43941;1
 -13.43228; 3.84310;      -0.52008;3.43942;1
 -13.46594; 3.84643;      -0.52005;3.43943;1
 -13.49963; 3.84976;      -0.52003;3.43944;1
 -13.53333; 3.85310;      -0.52002;3.43944;1
 -13.56707; 3.85643;      -0.51999;3.43945;1
 -13.60081; 3.85976;      -0.51998;3.43946;1
 -13.63462; 3.86309;      -0.51995;3.43947;1
 -13.66837; 3.86643;      -0.51991;3.43948;1
 -13.70220; 3.86976;      -0.51990;3.43949;1
 -13.73600; 3.87309;      -0.51989;3.43949;1
 -13.76983; 3.87643;      -0.51988;3.43950;1
 -13.80367; 3.87976;      -0.51990;3.43951;1
 -13.83754; 3.88309;      -0.51986;3.43952;1
 -13.87145; 3.88643;      -0.51988;3.43953;1
 -13.90530; 3.88976;      -0.51989;3.43953;1
 -13.93919; 3.89309;      -0.51988;3.43954;1
 -13.97311; 3.89643;      -0.51989;3.43955;1
 -14.00705; 3.89976;      -0.51990;3.43956;1
 -14.04103; 3.90309;      -0.51992;3.43957;1
 -14.07503; 3.90643;      -0.51996;3.43958;1
 -14.10901; 3.90976;      -0.52000;3.43958;1
 -14.14303; 3.91309;      -0.52005;3.43959;1
 -14.17704; 3.91642;      -0.52008;3.43960;1
 -14.21104; 3.91976;      -0.52015;3.43961;1
 -14.24511; 3.92309;      -0.52021;3.43962;1
 -14.27918; 3.92642;      -0.52026;3.43962;1
 -14.31327; 3.92976;      -0.52031;3.43963;1
 -14.34737; 3.93309;      -0.52038;3.43964;1
 -14.38149; 3.93642;      -0.52042;3.43965;1
 -14.41564; 3.93976;      -0.52047;3.43966;1
 -14.44978; 3.94309;      -0.52051;3.43966;1
 -14.48393; 3.94642;      -0.52069;3.43967;1
 -14.51809; 3.94976;      -0.52086;3.43968;1
 -14.55228; 3.95309;      -0.52100;3.43969;1
 -14.58649; 3.95642;      -0.52104;3.43970;1
 -14.62067; 3.95976;      -0.52113;3.43970;1
 -14.65488; 3.96309;      -0.52124;3.43971;1
 -14.68911; 3.96642;      -0.52137;3.43972;1
 -14.72332; 3.96975;      -0.52147;3.43973;1
 -14.75756; 3.97309;      -0.52155;3.43974;1
 -14.79182; 3.97642;      -0.52164;3.43975;1
 -14.82607; 3.97975;      -0.52174;3.43975;1
 -14.86029; 3.98309;      -0.52184;3.43976;1
 -14.89454; 3.98642;      -0.52191;3.43977;1
 -14.92875; 3.98975;      -0.52199;3.43978;1
 -14.96301; 3.99309;      -0.52209;3.43979;1
 -14.99727; 3.99642;      -0.52221;3.43979;1
 -15.03153; 3.99975;      -0.52230;3.43980;1
 -15.06582; 4.00309;      -0.52242;3.43981;1
 -15.10007; 4.00642;      -0.52263;3.43982;1
 -15.13428; 4.00975;      -0.52280;3.43983;1
 -15.16850; 4.01309;      -0.52297;3.43983;1
 -15.20275; 4.01642;      -0.52313;3.43984;1
 -15.23701; 4.01975;      -0.52327;3.43985;1
 -15.27119; 4.02308;      -0.52344;3.43986;1
 -15.30540; 4.02642;      -0.52361;3.43987;1
 -15.33961; 4.02975;      -0.52378;3.43987;1
 -15.37381; 4.03308;      -0.52393;3.43988;1
 -15.40799; 4.03642;      -0.52408;3.43989;1
 -15.44213; 4.03975;      -0.52418;3.43990;1
 -15.47633; 4.04308;      -0.52422;3.43990;1
 -15.51047; 4.04642;      -0.52428;3.43991;1
 -15.54462; 4.04975;      -0.52442;3.43992;1
 -15.57877; 4.05308;      -0.52454;3.43993;1
 -15.61287; 4.05642;      -0.52470;3.43994;1
 -15.64693; 4.05975;      -0.52484;3.43994;1
 -15.68098; 4.06308;      -0.52498;3.43995;1
 -15.71498; 4.06642;      -0.52516;3.43996;1
 -15.74898; 4.06975;      -0.52538;3.43997;1
 -15.78293; 4.07308;      -0.52553;3.43998;1
 -15.81690; 4.07641;      -0.52564;3.43998;1
 -15.85080; 4.07975;      -0.52575;3.43999;1
 -15.88470; 4.08308;      -0.52575;3.44000;1
 -15.91852; 4.08641;      -0.52584;3.44001;1
 -15.95235; 4.08975;      -0.52591;3.44001;1
 -15.98621; 4.09308;      -0.52599;3.44002;1
 -16.02001; 4.09641;      -0.52613;3.44003;1
 -16.05380; 4.09975;      -0.52630;3.44004;1
 -16.08750; 4.10308;      -0.52638;3.44005;1
 -16.12121; 4.10641;      -0.52648;3.44005;1
 -16.15485; 4.10975;      -0.52657;3.44006;1
 -16.18849; 4.11308;      -0.52661;3.44007;1
 -16.22206; 4.11641;      -0.52663;3.44008;1
 -16.25565; 4.11975;      -0.52669;3.44008;1
 -16.28920; 4.12308;      -0.52677;3.44009;1
 -16.32269; 4.12641;      -0.52688;3.44010;1
 -16.35618; 4.12975;      -0.52698;3.44011;1
 -16.38961; 4.13308;      -0.52704;3.44011;1
 -16.42303; 4.13641;      -0.52706;3.44012;1
 -16.45644; 4.13974;      -0.52708;3.44013;1
 -16.48980; 4.14308;      -0.52700;3.44014;1
 -16.52311; 4.14641;      -0.52698;3.44014;1
 -16.55641; 4.14974;      -0.52695;3.44015;1
 -16.58969; 4.15308;      -0.52690;3.44016;1
 -16.62289; 4.15641;      -0.52680;3.44017;1
 -16.65605; 4.15974;      -0.52680;3.44017;1
 -16.68917; 4.16308;      -0.52676;3.44018;1
 -16.72225; 4.16641;      -0.52670;3.44019;1
 -16.75530; 4.16974;      -0.52666;3.44020;1
 -16.78835; 4.17308;      -0.52657;3.44020;1
 -16.82137; 4.17641;      -0.52644;3.44021;1
 -16.85433; 4.17974;      -0.52634;3.44022;1
 -16.88728; 4.18308;      -0.52624;3.44023;1
 -16.92022; 4.18641;      -0.52617;3.44023;1
 -16.95309; 4.18974;      -0.52603;3.44024;1
 -16.98596; 4.19307;      -0.52585;3.44025;1
 -17.01879; 4.19641;      -0.52564;3.44025;1
 -17.05158; 4.19974;      -0.52545;3.44026;1
 -17.08435; 4.20307;      -0.52524;3.44027;1
 -17.11708; 4.20641;      -0.52498;3.44028;1
 -17.14976; 4.20974;      -0.52477;3.44028;1
 -17.18246; 4.21307;      -0.52454;3.44029;1
 -17.21517; 4.21641;      -0.52429;3.44030;1
 -17.24781; 4.21974;      -0.52410;3.44031;1
 -17.28040; 4.22307;      -0.52392;3.44031;1
 -17.31304; 4.22641;      -0.52370;3.44032;1
 -17.34561; 4.22974;      -0.52348;3.44033;1
 -17.37817; 4.23307;      -0.52320;3.44033;1
 -17.41071; 4.23641;      -0.52294;3.44034;1
 -17.44317; 4.23974;      -0.52271;3.44035;1
 -17.47563; 4.24307;      -0.52244;3.44036;1
 -17.50806; 4.24640;      -0.52216;3.44036;1
 -17.54048; 4.24974;      -0.52184;3.44037;1
 -17.57289; 4.25307;      -0.52155;3.44038;1
 -17.60527; 4.25640;      -0.52126;3.44038;1
 -17.63763; 4.25974;      -0.52097;3.44039;1
 -17.67000; 4.26307;      -0.52071;3.44040;1
 -17.70238; 4.26640;      -0.52043;3.44041;1
 -17.73472; 4.26974;      -0.52013;3.44041;1
 -17.76706; 4.27307;      -0.51981;3.44042;1
 -17.79939; 4.27640;      -0.51947;3.44043;1
 -17.83170; 4.27974;      -0.51917;3.44043;1
 -17.86400; 4.28307;      -0.51886;3.44044;1
 -17.89630; 4.28640;      -0.51856;3.44045;1
 -17.92861; 4.28974;      -0.51818;3.44045;1
 -17.96091; 4.29307;      -0.51782;3.44046;1
 -17.99318; 4.29640;      -0.51749;3.44047;1
 -18.02548; 4.29973;      -0.51714;3.44047;1
 -18.05771; 4.30307;      -0.51681;3.44048;1
 -18.09000; 4.30640;      -0.51645;3.44049;1
 -18.12226; 4.30973;      -0.51610;3.44050;1
 -18.15458; 4.31307;      -0.51576;3.44050;1
 -18.18685; 4.31640;      -0.51538;3.44051;1
 -18.21917; 4.31973;      -0.51505;3.44052;1
 -18.25146; 4.32307;      -0.51470;3.44052;1
 -18.28380; 4.32640;      -0.51441;3.44053;1
 -18.31611; 4.32973;      -0.51415;3.44054;1
 -18.34842; 4.33307;      -0.51386;3.44054;1
 -18.38076; 4.33640;      -0.51347;3.44055;1
 -18.41312; 4.33973;      -0.51310;3.44056;1
 -18.44546; 4.34307;      -0.51279;3.44057;1
 -18.47784; 4.34640;      -0.51246;3.44057;1
 -18.51023; 4.34973;      -0.51213;3.44058;1
 -18.54265; 4.35306;      -0.51173;3.44059;1
 -18.57510; 4.35640;      -0.51132;3.44059;1
 -18.60759; 4.35973;      -0.51099;3.44060;1
 -18.64009; 4.36306;      -0.51071;3.44061;1
 -18.67264; 4.36640;      -0.51041;3.44061;1
 -18.70523; 4.36973;      -0.51012;3.44062;1
 -18.73785; 4.37306;      -0.50979;3.44063;1
 -18.77043; 4.37640;      -0.50944;3.44063;1
 -18.80303; 4.37973;      -0.50907;3.44064;1
 -18.83566; 4.38306;      -0.50872;3.44065;1
 -18.86830; 4.38640;      -0.50838;3.44066;1
 -18.90096; 4.38973;      -0.50809;3.44066;1
 -18.93370; 4.39306;      -0.50793;3.44067;1
 -18.96642; 4.39640;      -0.50770;3.44068;1
 -18.99916; 4.39973;      -0.50746;3.44068;1
 -19.03196; 4.40306;      -0.50724;3.44069;1
 -19.06478; 4.40639;      -0.50696;3.44070;1
 -19.09761; 4.40973;      -0.50669;3.44070;1
 -19.13051; 4.41306;      -0.50645;3.44071;1
 -19.16342; 4.41639;      -0.50623;3.44072;1
 -19.19631; 4.41973;      -0.50599;3.44072;1
 -19.22925; 4.42306;      -0.50580;3.44073;1
 -19.26225; 4.42639;      -0.50564;3.44074;1
 -19.29520; 4.42973;      -0.50550;3.44074;1
 -19.32818; 4.43306;      -0.50532;3.44075;1
 -19.36119; 4.43639;      -0.50522;3.44076;1
 -19.39425; 4.43973;      -0.50517;3.44077;1
 -19.42734; 4.44306;      -0.50502;3.44077;1
 -19.46050; 4.44639;      -0.50485;3.44078;1
 -19.49363; 4.44973;      -0.50470;3.44079;1
 -19.52682; 4.45306;      -0.50455;3.44079;1
 -19.56003; 4.45639;      -0.50446;3.44080;1
 -19.59327; 4.45972;      -0.50436;3.44081;1
 -19.62654; 4.46306;      -0.50434;3.44081;1
 -19.65981; 4.46639;      -0.50431;3.44082;1
 -19.69309; 4.46972;      -0.50426;3.44083;1
 -19.72643; 4.47306;      -0.50422;3.44083;1
 -19.75979; 4.47639;      -0.50419;3.44084;1
 -19.79316; 4.47972;      -0.50418;3.44085;1
 -19.82660; 4.48306;      -0.50412;3.44085;1
 -19.86004; 4.48639;      -0.50408;3.44086;1
 -19.89348; 4.48972;      -0.50408;3.44087;1
 -19.92697; 4.49306;      -0.50412;3.44088;1
 -19.96047; 4.49639;      -0.50421;3.44088;1
 -19.99398; 4.49972;      -0.50427;3.44089;1
 -20.02747; 4.50306;      -0.50437;3.44090;1
 -20.06102; 4.50639;      -0.50444;3.44090;1
 -20.09457; 4.50972;      -0.50452;3.44091;1
 -20.12815; 4.51305;      -0.50462;3.44092;1
 -20.16167; 4.51639;      -0.50477;3.44092;1
 -20.19527; 4.51972;      -0.50487;3.44093;1
 -20.22887; 4.52305;      -0.50497;3.44094;1
 -20.26249; 4.52639;      -0.50503;3.44094;1
 -20.29611; 4.52972;      -0.50514;3.44095;1
 -20.32975; 4.53305;      -0.50527;3.44096;1
 -20.36340; 4.53639;      -0.50540;3.44096;1
 -20.39706; 4.53972;      -0.50551;3.44097;1
 -20.43072; 4.54305;      -0.50560;3.44098;1
 -20.46441; 4.54639;      -0.50570;3.44098;1
 -20.49807; 4.54972;      -0.50583;3.44099;1
 -20.53173; 4.55305;      -0.50596;3.44100;1
 -20.56541; 4.55639;      -0.50606;3.44100;1
 -20.59904; 4.55972;      -0.50616;3.44101;1
 -20.63271; 4.56305;      -0.50630;3.44102;1
 -20.66638; 4.56638;      -0.50644;3.44103;1
 -20.70005; 4.56972;      -0.50659;3.44103;1
 -20.73371; 4.57305;      -0.50671;3.44104;1
 -20.76733; 4.57638;      -0.50684;3.44105;1
 -20.80099; 4.57972;      -0.50695;3.44105;1
 -20.83470; 4.58305;      -0.50705;3.44106;1
 -20.86840; 4.58638;      -0.50716;3.44107;1
 -20.90210; 4.58972;      -0.50726;3.44107;1
 -20.93579; 4.59305;      -0.50735;3.44108;1
 -20.96947; 4.59638;      -0.50744;3.44109;1
 -21.00319; 4.59972;      -0.50754;3.44109;1
 -21.03688; 4.60305;      -0.50763;3.44110;1
 -21.07058; 4.60638;      -0.50773;3.44111;1
 -21.10425; 4.60972;      -0.50783;3.44111;1
 -21.13797; 4.61305;      -0.50793;3.44112;1
 -21.17166; 4.61638;      -0.50802;3.44113;1
 -21.20535; 4.61971;      -0.50811;3.44113;1
 -21.23906; 4.62305;      -0.50822;3.44114;1
 -21.27274; 4.62638;      -0.50835;3.44115;1
 -21.30638; 4.62971;      -0.50846;3.44115;1
 -21.34007; 4.63305;      -0.50860;3.44116;1
 -21.37379; 4.63638;      -0.50874;3.44117;1
 -21.40748; 4.63971;      -0.50890;3.44117;1
 -21.44118; 4.64305;      -0.50897;3.44118;1
 -21.47492; 4.64638;      -0.50902;3.44119;1
 -21.50865; 4.64971;      -0.50916;3.44119;1
 -21.54242; 4.65305;      -0.50929;3.44120;1
 -21.57613; 4.65638;      -0.50939;3.44121;1
 -21.60983; 4.65971;      -0.50947;3.44121;1
 -21.64355; 4.66305;      -0.50955;3.44122;1
 -21.67725; 4.66638;      -0.50960;3.44123;1
 -21.71100; 4.66971;      -0.50964;3.44123;1
 -21.74472; 4.67304;      -0.50969;3.44124;1
 -21.77844; 4.67638;      -0.50974;3.44124;1
 -21.81216; 4.67971;      -0.50980;3.44125;1
 -21.84588; 4.68304;      -0.50985;3.44126;1
 -21.87955; 4.68638;      -0.50991;3.44126;1
 -21.91325; 4.68971;      -0.51001;3.44127;1
 -21.94694; 4.69304;      -0.51014;3.44128;1
 -21.98063; 4.69638;      -0.51021;3.44128;1
 -22.01430; 4.69971;      -0.51030;3.44129;1
 -22.04798; 4.70304;      -0.51043;3.44130;1
 -22.08169; 4.70638;      -0.51056;3.44130;1
 -22.11537; 4.70971;      -0.51065;3.44131;1
 -22.14904; 4.71304;      -0.51080;3.44132;1
 -22.18273; 4.71638;      -0.51087;3.44132;1
 -22.21645; 4.71971;      -0.51087;3.44133;1
 -22.25013; 4.72304;      -0.51091;3.44134;1
 -22.28384; 4.72637;      -0.51099;3.44134;1
 -22.31754; 4.72971;      -0.51104;3.44135;1
 -22.35121; 4.73304;      -0.51113;3.44135;1
 -22.38490; 4.73637;      -0.51119;3.44136;1
 -22.41859; 4.73971;      -0.51131;3.44137;1
 -22.45224; 4.74304;      -0.51148;3.44137;1
 -22.48591; 4.74637;      -0.51159;3.44138;1
 -22.51956; 4.74971;      -0.51167;3.44139;1
 -22.55325; 4.75304;      -0.51169;3.44139;1
 -22.58690; 4.75637;      -0.51177;3.44140;1
 -22.62056; 4.75971;      -0.51186;3.44141;1
 -22.65423; 4.76304;      -0.51198;3.44141;1
 -22.68785; 4.76637;      -0.51204;3.44142;1
 -22.72146; 4.76971;      -0.51211;3.44143;1
 -22.75509; 4.77304;      -0.51217;3.44143;1
 -22.78870; 4.77637;      -0.51223;3.44144;1
 -22.82233; 4.77970;      -0.51230;3.44144;1
 -22.85596; 4.78304;      -0.51230;3.44145;1
 -22.88956; 4.78637;      -0.51229;3.44146;1
 -22.92315; 4.78970;      -0.51231;3.44146;1
 -22.95674; 4.79304;      -0.51236;3.44147;1
 -22.99034; 4.79637;      -0.51242;3.44148;1
 -23.02393; 4.79970;      -0.51248;3.44148;1
 -23.05750; 4.80304;      -0.51251;3.44149;1
 -23.09109; 4.80637;      -0.51253;3.44149;1
 -23.12464; 4.80970;      -0.51249;3.44150;1
 -23.15816; 4.81304;      -0.51247;3.44151;1
 -23.19167; 4.81637;      -0.51248;3.44151;1
 -23.22517; 4.81970;      -0.51251;3.44152;1
 -23.25866; 4.82304;      -0.51252;3.44153;1
 -23.29215; 4.82637;      -0.51251;3.44153;1
 -23.32567; 4.82970;      -0.51249;3.44154;1
 -23.35920; 4.83303;      -0.51249;3.44154;1
 -23.39269; 4.83637;      -0.51249;3.44155;1
 -23.42618; 4.83970;      -0.51251;3.44156;1
 -23.45967; 4.84303;      -0.51252;3.44156;1
 -23.49316; 4.84637;      -0.51245;3.44157;1
 -23.52660; 4.84970;      -0.51241;3.44157;1
 -23.56003; 4.85303;      -0.51240;3.44158;1
 -23.59342; 4.85637;      -0.51237;3.44159;1
 -23.62683; 4.85970;      -0.51234;3.44159;1
 -23.66024; 4.86303;      -0.51222;3.44160;1
 -23.69363; 4.86637;      -0.51210;3.44161;1
 -23.72702; 4.86970;      -0.51203;3.44161;1
 -23.76043; 4.87303;      -0.51202;3.44162;1
 -23.79382; 4.87637;      -0.51199;3.44162;1
 -23.82721; 4.87970;      -0.51196;3.44163;1
 -23.86056; 4.88303;      -0.51188;3.44164;1
 -23.89391; 4.88636;      -0.51182;3.44164;1
 -23.92729; 4.88970;      -0.51179;3.44165;1
 -23.96066; 4.89303;      -0.51173;3.44165;1
 -23.99404; 4.89636;      -0.51169;3.44166;1
 -24.02738; 4.89970;      -0.51165;3.44167;1
 -24.06075; 4.90303;      -0.51161;3.44167;1
 -24.09413; 4.90636;      -0.51158;3.44168;1
 -24.12748; 4.90970;      -0.51150;3.44168;1
 -24.16085; 4.91303;      -0.51142;3.44169;1
 -24.19421; 4.91636;      -0.51131;3.44170;1
 -24.22755; 4.91970;      -0.51113;3.44170;1
 -24.26088; 4.92303;      -0.51101;3.44171;1
 -24.29425; 4.92636;      -0.51092;3.44171;1
 -24.32757; 4.92970;      -0.51081;3.44172;1
 -24.36086; 4.93303;      -0.51071;3.44173;1
 -24.39418; 4.93636;      -0.51062;3.44173;1
 -24.42751; 4.93970;      -0.51052;3.44174;1
 -24.46083; 4.94303;      -0.51043;3.44174;1
 -24.49419; 4.94636;      -0.51032;3.44175;1
 -24.52756; 4.94969;      -0.51019;3.44176;1
 -24.56091; 4.95303;      -0.51006;3.44176;1
 -24.59424; 4.95636;      -0.50988;3.44177;1
 -24.62756; 4.95969;      -0.50974;3.44177;1
 -24.66092; 4.96303;      -0.50961;3.44178;1
 -24.69425; 4.96636;      -0.50949;3.44179;1
 -24.72757; 4.96969;      -0.50938;3.44179;1
 -24.76093; 4.97303;      -0.50919;3.44180;1
 -24.79426; 4.97636;      -0.50899;3.44180;1
 -24.82761; 4.97969;      -0.50882;3.44181;1
 -24.86096; 4.98303;      -0.50866;3.44181;1
 -24.89430; 4.98636;      -0.50851;3.44182;1
 -24.92764; 4.98969;      -0.50842;3.44183;1
 -24.96098; 4.99303;      -0.50830;3.44183;1
 -24.99431; 4.99636;      -0.50820;3.44184;1
 -25.02768; 4.99969;      -0.50810;3.44184;1
 -25.06104; 5.00302;      -0.50793;3.44185;1
 -25.09440; 5.00636;      -0.50781;3.44186;1
 -25.12774; 5.00969;      -0.50768;3.44186;1
 -25.16111; 5.01302;      -0.50755;3.44187;1
 -25.19450; 5.01636;      -0.50743;3.44187;1
 -25.22790; 5.01969;      -0.50727;3.44188;1
 -25.26128; 5.02302;      -0.50722;3.44188;1
 -25.29471; 5.02636;      -0.50721;3.44189;1
 -25.32809; 5.02969;      -0.50719;3.44190;1
 -25.36149; 5.03302;      -0.50702;3.44190;1
 -25.39490; 5.03636;      -0.50687;3.44191;1
 -25.42832; 5.03969;      -0.50679;3.44191;1
 -25.46172; 5.04302;      -0.50672;3.44192;1
 -25.49514; 5.04636;      -0.50663;3.44193;1
 -25.52852; 5.04969;      -0.50646;3.44193;1
 -25.56192; 5.05302;      -0.50628;3.44194;1
 -25.59534; 5.05635;      -0.50614;3.44194;1
 -25.62880; 5.05969;      -0.50602;3.44195;1
 -25.66229; 5.06302;      -0.50592;3.44195;1
 -25.69576; 5.06635;      -0.50586;3.44196;1
 -25.72926; 5.06969;      -0.50578;3.44197;1
 -25.76274; 5.07302;      -0.50568;3.44197;1
 -25.79620; 5.07635;      -0.50556;3.44198;1
 -25.82963; 5.07969;      -0.50554;3.44198;1
 -25.86306; 5.08302;      -0.50551;3.44199;1
 -25.89655; 5.08635;      -0.50546;3.44199;1
 -25.93002; 5.08969;      -0.50539;3.44200;1
 -25.96350; 5.09302;      -0.50532;3.44200;1
 -25.99696; 5.09635;      -0.50522;3.44201;1
 -26.03041; 5.09969;      -0.50518;3.44202;1
 -26.06392; 5.10302;      -0.50514;3.44202;1
 -26.09739; 5.10635;      -0.50511;3.44203;1
 -26.13083; 5.10968;      -0.50514;3.44203;1
 -26.16432; 5.11302;      -0.50512;3.44204;1
 -26.19777; 5.11635;      -0.50513;3.44204;1
 -26.23122; 5.11968;      -0.50508;3.44205;1
 -26.26469; 5.12302;      -0.50504;3.44206;1
 -26.29817; 5.12635;      -0.50499;3.44206;1
 -26.33159; 5.12968;      -0.50492;3.44207;1
 -26.36508; 5.13302;      -0.50486;3.44207;1
 -26.39856; 5.13635;      -0.50480;3.44208;1
 -26.43200; 5.13968;      -0.50476;3.44208;1
 -26.46544; 5.14302;      -0.50475;3.44209;1
 -26.49888; 5.14635;      -0.50475;3.44209;1
 -26.53232; 5.14968;      -0.50471;3.44210;1
 -26.56573; 5.15302;      -0.50465;3.44211;1
 -26.59918; 5.15635;      -0.50458;3.44211;1
 -26.63261; 5.15968;      -0.50451;3.44212;1
 -26.66605; 5.16301;      -0.50445;3.44212;1
 -26.69947; 5.16635;      -0.50440;3.44213;1
 -26.73291; 5.16968;      -0.50437;3.44213;1
 -26.76640; 5.17301;      -0.50435;3.44214;1
 -26.79984; 5.17635;      -0.50439;3.44214;1
 -26.83331; 5.17968;      -0.50441;3.44215;1
 -26.86674; 5.18301;      -0.50440;3.44216;1
 -26.90020; 5.18635;      -0.50445;3.44216;1
 -26.93365; 5.18968;      -0.50450;3.44217;1
 -26.96711; 5.19301;      -0.50453;3.44217;1
 -27.00055; 5.19635;      -0.50452;3.44218;1
 -27.03401; 5.19968;      -0.50449;3.44218;1
 -27.06743; 5.20301;      -0.50450;3.44219;1
 -27.10088; 5.20635;      -0.50452;3.44219;1
 -27.13428; 5.20968;      -0.50443;3.44220;1
 -27.16772; 5.21301;      -0.50439;3.44220;1
 -27.20115; 5.21634;      -0.50441;3.44221;1
 -27.23457; 5.21968;      -0.50443;3.44222;1
 -27.26797; 5.22301;      -0.50442;3.44222;1
 -27.30137; 5.22634;      -0.50438;3.44223;1
 -27.33476; 5.22968;      -0.50427;3.44223;1
 -27.36819; 5.23301;      -0.50425;3.44224;1
 -27.40155; 5.23634;      -0.50423;3.44224;1
 -27.43492; 5.23968;      -0.50424;3.44225;1
 -27.46830; 5.24301;      -0.50421;3.44225;1
 -27.50169; 5.24634;      -0.50419;3.44226;1
 -27.53508; 5.24968;      -0.50417;3.44226;1
 -27.56846; 5.25301;      -0.50417;3.44227;1
 -27.60186; 5.25634;      -0.50415;3.44227;1
 -27.63521; 5.25968;      -0.50413;3.44228;1
 -27.66857; 5.26301;      -0.50413;3.44228;1
 -27.70187; 5.26634;      -0.50408;3.44229;1
 -27.73518; 5.26967;      -0.50404;3.44230;1
 -27.76847; 5.27301;      -0.50396;3.44230;1
 -27.80178; 5.27634;      -0.50384;3.44231;1
 -27.83506; 5.27967;      -0.50377;3.44231;1
 -27.86838; 5.28301;      -0.50371;3.44232;1
 -27.90166; 5.28634;      -0.50366;3.44232;1
 -27.93493; 5.28967;      -0.50359;3.44233;1
 -27.96823; 5.29301;      -0.50354;3.44233;1
 -28.00148; 5.29634;      -0.50348;3.44234;1
 -28.03475; 5.29967;      -0.50342;3.44234;1
 -28.06801; 5.30301;      -0.50337;3.44235;1
 -28.10124; 5.30634;      -0.50332;3.44235;1
 -28.13447; 5.30967;      -0.50325;3.44236;1
 -28.16771; 5.31301;      -0.50312;3.44236;1
 -28.20093; 5.31634;      -0.50301;3.44237;1
 -28.23415; 5.31967;      -0.50293;3.44237;1
 -28.26736; 5.32300;      -0.50290;3.44238;1
 -28.30059; 5.32634;      -0.50285;3.44238;1
 -28.33380; 5.32967;      -0.50281;3.44239;1
 -28.36703; 5.33300;      -0.50276;3.44239;1
 -28.40021; 5.33634;      -0.50282;3.44240;1
 -28.43339; 5.33967;      -0.50281;3.44240;1
 -28.46658; 5.34300;      -0.50277;3.44241;1
 -28.49978; 5.34634;      -0.50273;3.44242;1
 -28.53297; 5.34967;      -0.50270;3.44242;1
 -28.56617; 5.35300;      -0.50262;3.44243;1
 -28.59935; 5.35634;      -0.50258;3.44243;1
 -28.63250; 5.35967;      -0.50254;3.44244;1
 -28.66564; 5.36300;      -0.50250;3.44244;1
 -28.69880; 5.36634;      -0.50246;3.44245;1
 -28.73196; 5.36967;      -0.50242;3.44245;1
 -28.76513; 5.37300;      -0.50243;3.44246;1
 -28.79826; 5.37633;      -0.50242;3.44246;1
 -28.83139; 5.37967;      -0.50239;3.44247;1
 -28.86450; 5.38300;      -0.50238;3.44247;1
 -28.89766; 5.38633;      -0.50234;3.44248;1
 -28.93076; 5.38967;      -0.50229;3.44248;1
 -28.96389; 5.39300;      -0.50219;3.44249;1
 -28.99699; 5.39633;      -0.50211;3.44249;1
 -29.03010; 5.39967;      -0.50207;3.44250;1
 -29.06318; 5.40300;      -0.50202;3.44250;1
 -29.09626; 5.40633;      -0.50198;3.44251;1
 -29.12931; 5.40967;      -0.50189;3.44251;1
 -29.16240; 5.41300;      -0.50180;3.44252;1
 -29.19544; 5.41633;      -0.50173;3.44252;1
 -29.22848; 5.41967;      -0.50167;3.44253;1
 -29.26156; 5.42300;      -0.50162;3.44253;1
 -29.29463; 5.42633;      -0.50153;3.44254;1
 -29.32769; 5.42966;      -0.50140;3.44254;1
 -29.36072; 5.43300;      -0.50132;3.44255;1
 -29.39379; 5.43633;      -0.50120;3.44255;1
 -29.42685; 5.43966;      -0.50110;3.44256;1
 -29.45993; 5.44300;      -0.50101;3.44256;1
 -29.49298; 5.44633;      -0.50095;3.44257;1
 -29.52602; 5.44966;      -0.50089;3.44257;1
 -29.55907; 5.45300;      -0.50082;3.44258;1
 -29.59212; 5.45633;      -0.50074;3.44258;1
 -29.62518; 5.45966;      -0.50066;3.44259;1
 -29.65829; 5.46300;      -0.50058;3.44259;1
 -29.69136; 5.46633;      -0.50048;3.44259;1
 -29.72445; 5.46966;      -0.50040;3.44260;1
 -29.75756; 5.47300;      -0.50027;3.44260;1
 -29.79067; 5.47633;      -0.50015;3.44261;1
 -29.82380; 5.47966;      -0.50003;3.44261;1
 -29.85695; 5.48299;      -0.49990;3.44262;1
 -29.89009; 5.48633;      -0.49979;3.44262;1
 -29.92327; 5.48966;      -0.49968;3.44263;1
 -29.95641; 5.49299;      -0.49959;3.44263;1
 -29.98957; 5.49633;      -0.49949;3.44264;1
 -30.02275; 5.49966;      -0.49937;3.44264;1
 -30.05591; 5.50299;      -0.49926;3.44265;1
 -30.08909; 5.50633;      -0.49913;3.44265;1
 -30.12227; 5.50966;      -0.49903;3.44266;1
 -30.15548; 5.51299;      -0.49893;3.44266;1
 -30.18872; 5.51633;      -0.49882;3.44267;1
 -30.22196; 5.51966;      -0.49873;3.44267;1
 -30.25521; 5.52299;      -0.49861;3.44268;1
 -30.28845; 5.52633;      -0.49848;3.44268;1
 -30.32166; 5.52966;      -0.49833;3.44269;1
 -30.35490; 5.53299;      -0.49817;3.44269;1
 -30.38815; 5.53632;      -0.49802;3.44270;1
 -30.42139; 5.53966;      -0.49790;3.44270;1
 -30.45468; 5.54299;      -0.49780;3.44271;1
 -30.48799; 5.54632;      -0.49771;3.44271;1
 -30.52128; 5.54966;      -0.49763;3.44271;1
 -30.55458; 5.55299;      -0.49751;3.44272;1
 -30.58787; 5.55632;      -0.49737;3.44272;1
 -30.62118; 5.55966;      -0.49726;3.44273;1
 -30.65450; 5.56299;      -0.49715;3.44273;1
 -30.68784; 5.56632;      -0.49704;3.44274;1
 -30.72121; 5.56966;      -0.49694;3.44274;1
 -30.75457; 5.57299;      -0.49680;3.44275;1
 -30.78792; 5.57632;      -0.49677;3.44275;1
 -30.82127; 5.57966;      -0.49672;3.44276;1
 -30.85468; 5.58299;      -0.49669;3.44276;1
 -30.88809; 5.58632;      -0.49666;3.44277;1
 -30.92148; 5.58965;      -0.49658;3.44277;1
 -30.95488; 5.59299;      -0.49647;3.44278;1
 -30.98829; 5.59632;      -0.49638;3.44278;1
 -31.02170; 5.59965;      -0.49631;3.44279;1
 -31.05513; 5.60299;      -0.49625;3.44279;1
 -31.08861; 5.60632;      -0.49614;3.44279;1
 -31.12206; 5.60965;      -0.49610;3.44280;1
 -31.15554; 5.61299;      -0.49609;3.44280;1
 -31.18901; 5.61632;      -0.49608;3.44281;1
 -31.22256; 5.61965;      -0.49606;3.44281;1
 -31.25609; 5.62299;      -0.49603;3.44282;1
 -31.28957; 5.62632;      -0.49599;3.44282;1
 -31.32309; 5.62965;      -0.49594;3.44283;1
 -31.35663; 5.63299;      -0.49591;3.44283;1
 -31.39020; 5.63632;      -0.49589;3.44284;1
 -31.42376; 5.63965;      -0.49588;3.44284;1
 -31.45733; 5.64298;      -0.49586;3.44285;1
 -31.49085; 5.64632;      -0.49584;3.44285;1
 -31.52442; 5.64965;      -0.49586;3.44285;1
 -31.55801; 5.65298;      -0.49586;3.44286;1
 -31.59158; 5.65632;      -0.49586;3.44286;1
 -31.62520; 5.65965;      -0.49584;3.44287;1
 -31.65873; 5.66298;      -0.49582;3.44287;1
 -31.69225; 5.66632;      -0.49582;3.44288;1
 -31.72577; 5.66965;      -0.49579;3.44288;1
 -31.75933; 5.67298;      -0.49577;3.44289;1
 -31.79288; 5.67632;      -0.49575;3.44289;1
 -31.82641; 5.67965;      -0.49577;3.44290;1
 -31.85994; 5.68298;      -0.49577;3.44290;1
 -31.89349; 5.68632;      -0.49575;3.44291;1
 -31.92700; 5.68965;      -0.49571;3.44291;1
 -31.96048; 5.69298;      -0.49571;3.44291;1
 -31.99402; 5.69631;      -0.49571;3.44292;1
 -32.02751; 5.69965;      -0.49573;3.44292;1
 -32.06103; 5.70298;      -0.49573;3.44293;1
 -32.09454; 5.70631;      -0.49573;3.44293;1
 -32.12803; 5.70965;      -0.49579;3.44294;1
 -32.16152; 5.71298;      -0.49582;3.44294;1
 -32.19498; 5.71631;      -0.49581;3.44294;1
 -32.22844; 5.71965;      -0.49576;3.44295;1
 -32.26192; 5.72298;      -0.49573;3.44295;1
 -32.29542; 5.72631;      -0.49571;3.44296;1
 -32.32890; 5.72965;      -0.49571;3.44296;1
 -32.36240; 5.73298;      -0.49570;3.44297;1
 -32.39587; 5.73631;      -0.49570;3.44297;1
 -32.42934; 5.73965;      -0.49572;3.44298;1
 -32.46280; 5.74298;      -0.49572;3.44298;1
 -32.49625; 5.74631;      -0.49568;3.44298;1
 -32.52966; 5.74965;      -0.49566;3.44299;1
 -32.56306; 5.75298;      -0.49562;3.44299;1
 -32.59647; 5.75631;      -0.49559;3.44300;1
 -32.62989; 5.75964;      -0.49561;3.44300;1
 -32.66330; 5.76298;      -0.49565;3.44301;1
 -32.69671; 5.76631;      -0.49567;3.44301;1
 -32.73018; 5.76964;      -0.49565;3.44302;1
 -32.76358; 5.77298;      -0.49562;3.44302;1
 -32.79697; 5.77631;      -0.49556;3.44302;1
 -32.83036; 5.77964;      -0.49554;3.44303;1
 -32.86374; 5.78298;      -0.49553;3.44303;1
 -32.89711; 5.78631;      -0.49551;3.44304;1
 -32.93047; 5.78964;      -0.49552;3.44304;1
 -32.96383; 5.79298;      -0.49553;3.44305;1
 -32.99719; 5.79631;      -0.49559;3.44305;1
 -33.03055; 5.79964;      -0.49563;3.44305;1
 -33.06388; 5.80298;      -0.49560;3.44306;1
 -33.09720; 5.80631;      -0.49560;3.44306;1
 -33.13051; 5.80964;      -0.49556;3.44307;1
 -33.16384; 5.81297;      -0.49542;3.44307;1
 -33.19716; 5.81631;      -0.49533;3.44307;1
 -33.23048; 5.81964;      -0.49527;3.44308;1
 -33.26374; 5.82297;      -0.49520;3.44308;1
 -33.29703; 5.82631;      -0.49516;3.44309;1
 -33.33032; 5.82964;      -0.49516;3.44309;1
 -33.36362; 5.83297;      -0.49510;3.44310;1
 -33.39690; 5.83631;      -0.49505;3.44310;1
 -33.43016; 5.83964;      -0.49499;3.44310;1
 -33.46342; 5.84297;      -0.49484;3.44311;1
 -33.49668; 5.84631;      -0.49475;3.44311;1
 -33.52997; 5.84964;      -0.49473;3.44312;1
 -33.56323; 5.85297;      -0.49475;3.44312;1
 -33.59648; 5.85631;      -0.49476;3.44312;1
 -33.62969; 5.85964;      -0.49462;3.44313;1
 -33.66291; 5.86297;      -0.49448;3.44313;1
 -33.69619; 5.86630;      -0.49433;3.44314;1
 -33.72945; 5.86964;      -0.49427;3.44314;1
 -33.76277; 5.87297;      -0.49427;3.44315;1
 -33.79605; 5.87630;      -0.49419;3.44315;1
 -33.82933; 5.87964;      -0.49410;3.44315;1
 -33.86260; 5.88297;      -0.49400;3.44316;1
 -33.89590; 5.88630;      -0.49398;3.44316;1
 -33.92916; 5.88964;      -0.49399;3.44317;1
 -33.96243; 5.89297;      -0.49394;3.44317;1
 -33.99577; 5.89630;      -0.49388;3.44317;1
 -34.02907; 5.89964;      -0.49372;3.44318;1
 -34.06238; 5.90297;      -0.49358;3.44318;1
 -34.09563; 5.90630;      -0.49347;3.44319;1
 -34.12890; 5.90964;      -0.49334;3.44319;1
 -34.16222; 5.91297;      -0.49323;3.44319;1
 -34.19554; 5.91630;      -0.49312;3.44320;1
 -34.22889; 5.91963;      -0.49301;3.44320;1
 -34.26220; 5.92297;      -0.49295;3.44321;1
 -34.29551; 5.92630;      -0.49287;3.44321;1
 -34.32882; 5.92963;      -0.49277;3.44321;1
 -34.36214; 5.93297;      -0.49265;3.44322;1
 -34.39550; 5.93630;      -0.49257;3.44322;1
 -34.42884; 5.93963;      -0.49251;3.44323;1
 -34.46217; 5.94297;      -0.49244;3.44323;1
 -34.49552; 5.94630;      -0.49246;3.44323;1
 -34.52888; 5.94963;      -0.49241;3.44324;1
 -34.56224; 5.95297;      -0.49233;3.44324;1
 -34.59563; 5.95630;      -0.49222;3.44325;1
 -34.62904; 5.95963;      -0.49213;3.44325;1
 -34.66240; 5.96297;      -0.49209;3.44325;1
 -34.69576; 5.96630;      -0.49209;3.44326;1
 -34.72910; 5.96963;      -0.49207;3.44326;1
 -34.76241; 5.97296;      -0.49202;3.44327;1
 -34.79575; 5.97630;      -0.49197;3.44327;1
 -34.82906; 5.97963;      -0.49194;3.44327;1
 -34.86242; 5.98296;      -0.49187;3.44328;1
 -34.89578; 5.98630;      -0.49183;3.44328;1
 -34.92912; 5.98963;      -0.49183;3.44328;1
 -34.96246; 5.99296;      -0.49179;3.44329;1
 -34.99581; 5.99630;      -0.49177;3.44329;1
 -35.02913; 5.99963;      -0.49180;3.44330;1
 -35.06246; 6.00296;      -0.49180;3.44330;1
 -35.09583; 6.00630;      -0.49181;3.44330;1
 -35.12917; 6.00963;      -0.49180;3.44331;1
 -35.16253; 6.01296;      -0.49178;3.44331;1
 -35.19586; 6.01630;      -0.49173;3.44332;1
 -35.22917; 6.01963;      -0.49164;3.44332;1
 -35.26251; 6.02296;      -0.49158;3.44332;1
 -35.29584; 6.02629;      -0.49157;3.44333;1
 -35.32916; 6.02963;      -0.49158;3.44333;1
 -35.36249; 6.03296;      -0.49160;3.44333;1
 -35.39582; 6.03629;      -0.49166;3.44334;1
 -35.42913; 6.03963;      -0.49169;3.44334;1
 -35.46244; 6.04296;      -0.49171;3.44335;1
 -35.49572; 6.04629;      -0.49173;3.44335;1
 -35.52901; 6.04963;      -0.49171;3.44335;1
 -35.56227; 6.05296;      -0.49155;3.44336;1
 -35.59555; 6.05629;      -0.49148;3.44336;1
 -35.62882; 6.05963;      -0.49141;3.44337;1
 -35.66210; 6.06296;      -0.49135;3.44337;1
 -35.69536; 6.06629;      -0.49126;3.44337;1
 -35.72861; 6.06963;      -0.49119;3.44338;1
 -35.76185; 6.07296;      -0.49115;3.44338;1
 -35.79506; 6.07629;      -0.49108;3.44338;1
 -35.82831; 6.07962;      -0.49102;3.44339;1
 -35.86152; 6.08296;      -0.49098;3.44339;1
 -35.89475; 6.08629;      -0.49097;3.44339;1
 -35.92793; 6.08962;      -0.49090;3.44340;1
 -35.96113; 6.09296;      -0.49081;3.44340;1
 -35.99437; 6.09629;      -0.49075;3.44341;1
 -36.02753; 6.09962;      -0.49074;3.44341;1
 -36.06071; 6.10296;      -0.49071;3.44341;1
 -36.09390; 6.10629;      -0.49069;3.44342;1
 -36.12713; 6.10962;      -0.49062;3.44342;1
 -36.16034; 6.11296;      -0.49048;3.44342;1
 -36.19353; 6.11629;      -0.49034;3.44343;1
 -36.22673; 6.11962;      -0.49022;3.44343;1
 -36.25989; 6.12296;      -0.49014;3.44343;1
 -36.29310; 6.12629;      -0.49007;3.44344;1
 -36.32630; 6.12962;      -0.49002;3.44344;1
 -36.35948; 6.13295;      -0.48997;3.44345;1
 -36.39264; 6.13629;      -0.48991;3.44345;1
 -36.42580; 6.13962;      -0.48982;3.44345;1
 -36.45898; 6.14295;      -0.48974;3.44346;1
 -36.49216; 6.14629;      -0.48963;3.44346;1
 -36.52531; 6.14962;      -0.48950;3.44346;1
 -36.55845; 6.15295;      -0.48937;3.44347;1
 -36.59163; 6.15629;      -0.48928;3.44347;1
 -36.62476; 6.15962;      -0.48917;3.44347;1
 -36.65789; 6.16295;      -0.48908;3.44348;1
 -36.69106; 6.16629;      -0.48897;3.44348;1
 -36.72424; 6.16962;      -0.48882;3.44348;1
 -36.75741; 6.17295;      -0.48871;3.44349;1
 -36.79057; 6.17629;      -0.48863;3.44349;1
 -36.82371; 6.17962;      -0.48852;3.44349;1
 -36.85689; 6.18295;      -0.48840;3.44350;1
 -36.89005; 6.18628;      -0.48830;3.44350;1
 -36.92321; 6.18962;      -0.48821;3.44351;1
 -36.95638; 6.19295;      -0.48812;3.44351;1
 -36.98955; 6.19628;      -0.48803;3.44351;1
 -37.02272; 6.19962;      -0.48793;3.44352;1
 -37.05591; 6.20295;      -0.48782;3.44352;1
 -37.08909; 6.20628;      -0.48772;3.44352;1
 -37.12224; 6.20962;      -0.48765;3.44353;1
 -37.15540; 6.21295;      -0.48758;3.44353;1
 -37.18857; 6.21628;      -0.48746;3.44353;1
 -37.22178; 6.21962;      -0.48737;3.44354;1
 -37.25501; 6.22295;      -0.48728;3.44354;1
 -37.28820; 6.22628;      -0.48724;3.44354;1
 -37.32143; 6.22962;      -0.48725;3.44355;1
 -37.35463; 6.23295;      -0.48721;3.44355;1
 -37.38782; 6.23628;      -0.48716;3.44355;1
 -37.42105; 6.23961;      -0.48710;3.44356;1
 -37.45426; 6.24295;      -0.48701;3.44356;1
 -37.48748; 6.24628;      -0.48693;3.44356;1
 -37.52076; 6.24961;      -0.48694;3.44357;1
 -37.55400; 6.25295;      -0.48695;3.44357;1
 -37.58726; 6.25628;      -0.48694;3.44357;1
 -37.62051; 6.25961;      -0.48691;3.44358;1
 -37.65376; 6.26295;      -0.48689;3.44358;1
 -37.68707; 6.26628;      -0.48683;3.44358;1
 -37.72033; 6.26961;      -0.48681;3.44359;1
 -37.75364; 6.27295;      -0.48670;3.44359;1
 -37.78695; 6.27628;      -0.48663;3.44359;1
 -37.82026; 6.27961;      -0.48659;3.44360;1
 -37.85355; 6.28295;      -0.48653;3.44360;1
 -37.88686; 6.28628;      -0.48645;3.44360;1
 -37.92015; 6.28961;      -0.48638;3.44361;1
 -37.95349; 6.29294;      -0.48636;3.44361;1
 -37.98682; 6.29628;      -0.48635;3.44361;1
 -38.02017; 6.29961;      -0.48632;3.44362;1
 -38.05353; 6.30294;      -0.48628;3.44362;1
 -38.08689; 6.30628;      -0.48623;3.44362;1
 -38.12026; 6.30961;      -0.48619;3.44363;1
 -38.15362; 6.31294;      -0.48612;3.44363;1
 -38.18701; 6.31628;      -0.48610;3.44363;1
 -38.22039; 6.31961;      -0.48605;3.44364;1
 -38.25376; 6.32294;      -0.48600;3.44364;1
 -38.28717; 6.32628;      -0.48597;3.44364;1
 -38.32055; 6.32961;      -0.48592;3.44365;1
 -38.35391; 6.33294;      -0.48588;3.44365;1
 -38.38726; 6.33628;      -0.48585;3.44365;1
 -38.42064; 6.33961;      -0.48582;3.44366;1
 -38.45400; 6.34294;      -0.48579;3.44366;1
 -38.48739; 6.34627;      -0.48574;3.44366;1
 -38.52073; 6.34961;      -0.48568;3.44366;1
 -38.55412; 6.35294;      -0.48568;3.44367;1
 -38.58751; 6.35627;      -0.48565;3.44367;1
 -38.62087; 6.35961;      -0.48563;3.44367;1
 -38.65427; 6.36294;      -0.48556;3.44368;1
 -38.68769; 6.36627;      -0.48550;3.44368;1
 -38.72105; 6.36961;      -0.48544;3.44368;1
 -38.75443; 6.37294;      -0.48540;3.44369;1
 -38.78784; 6.37627;      -0.48537;3.44369;1
 -38.82125; 6.37961;      -0.48534;3.44369;1
 -38.85467; 6.38294;      -0.48532;3.44370;1
 -38.88810; 6.38627;      -0.48527;3.44370;1
 -38.92150; 6.38961;      -0.48523;3.44370;1
 -38.95494; 6.39294;      -0.48518;3.44371;1
 -38.98837; 6.39627;      -0.48514;3.44371;1
 -39.02178; 6.39960;      -0.48509;3.44371;1
 -39.05519; 6.40294;      -0.48502;3.44371;1
 -39.08856; 6.40627;      -0.48498;3.44372;1
 -39.12195; 6.40960;      -0.48495;3.44372;1
 -39.15539; 6.41294;      -0.48499;3.44372;1
 -39.18882; 6.41627;      -0.48496;3.44373;1
 -39.22221; 6.41960;      -0.48489;3.44373;1
 -39.25562; 6.42294;      -0.48487;3.44373;1
 -39.28901; 6.42627;      -0.48487;3.44374;1
 -39.32241; 6.42960;      -0.48486;3.44374;1
 -39.35582; 6.43294;      -0.48484;3.44374;1
 -39.38923; 6.43627;      -0.48482;3.44374;1
 -39.42264; 6.43960;      -0.48481;3.44375;1
 -39.45603; 6.44294;      -0.48480;3.44375;1
 -39.48947; 6.44627;      -0.48478;3.44375;1
 -39.52286; 6.44960;      -0.48479;3.44376;1
 -39.55625; 6.45293;      -0.48481;3.44376;1
 -39.58966; 6.45627;      -0.48480;3.44376;1
 -39.62310; 6.45960;      -0.48476;3.44377;1
 -39.65654; 6.46293;      -0.48469;3.44377;1
 -39.68997; 6.46627;      -0.48462;3.44377;1
 -39.72336; 6.46960;      -0.48459;3.44377;1
 -39.75678; 6.47293;      -0.48455;3.44378;1
 -39.79019; 6.47627;      -0.48451;3.44378;1
 -39.82364; 6.47960;      -0.48447;3.44378;1
 -39.85707; 6.48293;      -0.48442;3.44379;1
 -39.89048; 6.48627;      -0.48437;3.44379;1
 -39.92387; 6.48960;      -0.48430;3.44379;1
 -39.95729; 6.49293;      -0.48424;3.44380;1
 -39.99073; 6.49627;      -0.48419;3.44380;1
 -40.02416; 6.49960;      -0.48419;3.44380;1
 -40.05757; 6.50293;      -0.48413;3.44380;1
 -40.09096; 6.50626;      -0.48407;3.44381;1
 -40.12434; 6.50960;      -0.48402;3.44381;1
 -40.15771; 6.51293;      -0.48398;3.44381;1
 -40.19109; 6.51626;      -0.48395;3.44381;1
 -40.22442; 6.51960;      -0.48387;3.44382;1
 -40.25779; 6.52293;      -0.48381;3.44382;1
 -40.29118; 6.52626;      -0.48374;3.44382;1
 -40.32457; 6.52960;      -0.48369;3.44383;1
 -40.35796; 6.53293;      -0.48365;3.44383;1
 -40.39135; 6.53626;      -0.48362;3.44383;1
 -40.42476; 6.53960;      -0.48356;3.44383;1
 -40.45818; 6.54293;      -0.48348;3.44384;1
 -40.49162; 6.54626;      -0.48342;3.44384;1
 -40.52501; 6.54960;      -0.48331;3.44384;1
 -40.55845; 6.55293;      -0.48327;3.44385;1
 -40.59189; 6.55626;      -0.48327;3.44385;1
 -40.62532; 6.55960;      -0.48324;3.44385;1
 -40.65875; 6.56293;      -0.48318;3.44385;1
 -40.69218; 6.56626;      -0.48316;3.44386;1
 -40.72559; 6.56959;      -0.48310;3.44386;1
 -40.75901; 6.57293;      -0.48301;3.44386;1
 -40.79243; 6.57626;      -0.48293;3.44387;1
 -40.82591; 6.57959;      -0.48284;3.44387;1
 -40.85934; 6.58293;      -0.48277;3.44387;1
 -40.89274; 6.58626;      -0.48272;3.44387;1
 -40.92617; 6.58959;      -0.48273;3.44388;1
 -40.95959; 6.59293;      -0.48272;3.44388;1
 -40.99300; 6.59626;      -0.48269;3.44388;1
 -41.02642; 6.59959;      -0.48265;3.44388;1
 -41.05985; 6.60293;      -0.48260;3.44389;1
 -41.09327; 6.60626;      -0.48254;3.44389;1
 -41.12674; 6.60959;      -0.48246;3.44389;1
 -41.16020; 6.61293;      -0.48243;3.44389;1
 -41.19365; 6.61626;      -0.48238;3.44390;1
 -41.22711; 6.61959;      -0.48228;3.44390;1
 -41.26060; 6.62292;      -0.48225;3.44390;1
 -41.29407; 6.62626;      -0.48225;3.44391;1
 -41.32754; 6.62959;      -0.48223;3.44391;1
 -41.36102; 6.63292;      -0.48221;3.44391;1
 -41.39448; 6.63626;      -0.48221;3.44391;1
 -41.42795; 6.63959;      -0.48219;3.44392;1
 -41.46145; 6.64292;      -0.48214;3.44392;1
 -41.49494; 6.64626;      -0.48210;3.44392;1
 -41.52842; 6.64959;      -0.48206;3.44392;1
 -41.56192; 6.65292;      -0.48202;3.44393;1
 -41.59541; 6.65626;      -0.48201;3.44393;1
 -41.62887; 6.65959;      -0.48196;3.44393;1
 -41.66232; 6.66292;      -0.48189;3.44393;1
 -41.69576; 6.66626;      -0.48185;3.44394;1
 -41.72920; 6.66959;      -0.48181;3.44394;1
 -41.76266; 6.67292;      -0.48178;3.44394;1
 -41.79616; 6.67625;      -0.48173;3.44394;1
 -41.82960; 6.67959;      -0.48169;3.44395;1
 -41.86303; 6.68292;      -0.48169;3.44395;1
 -41.89646; 6.68625;      -0.48168;3.44395;1
 -41.92993; 6.68959;      -0.48165;3.44395;1
 -41.96341; 6.69292;      -0.48161;3.44396;1
 -41.99688; 6.69625;      -0.48158;3.44396;1
 -42.03030; 6.69959;      -0.48155;3.44396;1
 -42.06372; 6.70292;      -0.48151;3.44396;1
 -42.09716; 6.70625;      -0.48146;3.44397;1
 -42.13063; 6.70959;      -0.48145;3.44397;1
 -42.16407; 6.71292;      -0.48140;3.44397;1
 -42.19751; 6.71625;      -0.48137;3.44397;1
 -42.23098; 6.71959;      -0.48137;3.44398;1
 -42.26447; 6.72292;      -0.48140;3.44398;1
 -42.29793; 6.72625;      -0.48142;3.44398;1
 -42.33137; 6.72958;      -0.48141;3.44398;1
 -42.36478; 6.73292;      -0.48141;3.44399;1
 -42.39821; 6.73625;      -0.48137;3.44399;1
 -42.43163; 6.73958;      -0.48135;3.44399;1
 -42.46507; 6.74292;      -0.48131;3.44399;1
 -42.49847; 6.74625;      -0.48127;3.44400;1
 -42.53184; 6.74958;      -0.48122;3.44400;1
 -42.56525; 6.75292;      -0.48118;3.44400;1
 -42.59867; 6.75625;      -0.48117;3.44400;1
 -42.63205; 6.75958;      -0.48117;3.44401;1
 -42.66541; 6.76292;      -0.48119;3.44401;1
 -42.69878; 6.76625;      -0.48116;3.44401;1
 -42.73217; 6.76958;      -0.48114;3.44401;1
 -42.76556; 6.77292;      -0.48106;3.44401;1
 -42.79897; 6.77625;      -0.48097;3.44402;1
 -42.83234; 6.77958;      -0.48086;3.44402;1
 -42.86565; 6.78291;      -0.48081;3.44402;1
 -42.89901; 6.78625;      -0.48083;3.44402;1
 -42.93242; 6.78958;      -0.48084;3.44403;1
 -42.96580; 6.79291;      -0.48083;3.44403;1
 -42.99916; 6.79625;      -0.48082;3.44403;1
 -43.03251; 6.79958;      -0.48077;3.44403;1
 -43.06582; 6.80291;      -0.48074;3.44404;1
 -43.09914; 6.80625;      -0.48066;3.44404;1
 -43.13249; 6.80958;      -0.48053;3.44404;1
 -43.16578; 6.81291;      -0.48046;3.44404;1
 -43.19908; 6.81625;      -0.48038;3.44404;1
 -43.23234; 6.81958;      -0.48025;3.44405;1
 -43.26561; 6.82291;      -0.48014;3.44405;1
 -43.29889; 6.82625;      -0.48010;3.44405;1
 -43.33218; 6.82958;      -0.48014;3.44405;1
 -43.36548; 6.83291;      -0.48012;3.44406;1
 -43.39874; 6.83624;      -0.48009;3.44406;1
 -43.43201; 6.83958;      -0.48006;3.44406;1
 -43.46529; 6.84291;      -0.47995;3.44406;1
 -43.49854; 6.84624;      -0.47982;3.44406;1
 -43.53177; 6.84958;      -0.47972;3.44407;1
 -43.56500; 6.85291;      -0.47960;3.44407;1
 -43.59822; 6.85624;      -0.47949;3.44407;1
 -43.63145; 6.85958;      -0.47939;3.44407;1
 -43.66469; 6.86291;      -0.47931;3.44408;1
 -43.69795; 6.86624;      -0.47926;3.44408;1
 -43.73120; 6.86958;      -0.47920;3.44408;1
 -43.76445; 6.87291;      -0.47910;3.44408;1
 -43.79769; 6.87624;      -0.47900;3.44408;1
 -43.83090; 6.87958;      -0.47893;3.44409;1
 -43.86415; 6.88291;      -0.47884;3.44409;1
 -43.89740; 6.88624;      -0.47876;3.44409;1
 -43.93063; 6.88957;      -0.47870;3.44409;1
 -43.96384; 6.89291;      -0.47862;3.44409;1
 -43.99705; 6.89624;      -0.47857;3.44410;1
 -44.03026; 6.89957;      -0.47852;3.44410;1
 -44.06349; 6.90291;      -0.47840;3.44410;1
 -44.09675; 6.90624;      -0.47828;3.44410;1
 -44.12999; 6.90957;      -0.47819;3.44410;1
 -44.16322; 6.91291;      -0.47811;3.44411;1
 -44.19649; 6.91624;      -0.47801;3.44411;1
 -44.22977; 6.91957;      -0.47790;3.44411;1
 -44.26302; 6.92291;      -0.47787;3.44411;1
 -44.29624; 6.92624;      -0.47778;3.44412;1
 -44.32949; 6.92957;      -0.47768;3.44412;1
 -44.36271; 6.93291;      -0.47764;3.44412;1
 -44.39600; 6.93624;      -0.47758;3.44412;1
 -44.42927; 6.93957;      -0.47747;3.44412;1
 -44.46251; 6.94290;      -0.47736;3.44412;1
 -44.49575; 6.94624;      -0.47727;3.44413;1
 -44.52904; 6.94957;      -0.47713;3.44413;1
 -44.56232; 6.95290;      -0.47700;3.44413;1
 -44.59560; 6.95624;      -0.47696;3.44413;1
 -44.62887; 6.95957;      -0.47691;3.44413;1
 -44.66215; 6.96290;      -0.47682;3.44414;1
 -44.69546; 6.96624;      -0.47669;3.44414;1
 -44.72875; 6.96957;      -0.47658;3.44414;1
 -44.76203; 6.97290;      -0.47648;3.44414;1
 -44.79532; 6.97624;      -0.47635;3.44414;1
 -44.82860; 6.97957;      -0.47619;3.44415;1
 -44.86189; 6.98290;      -0.47608;3.44415;1
 -44.89520; 6.98624;      -0.47600;3.44415;1
 -44.92847; 6.98957;      -0.47591;3.44415;1
 -44.96170; 6.99290;      -0.47584;3.44415;1
 -44.99493; 6.99623;      -0.47581;3.44416;1
 -45.02822; 6.99957;      -0.47581;3.44416;1
 -45.06152; 7.00290;      -0.47577;3.44416;1
 -45.09481; 7.00623;      -0.47567;3.44416;1
 -45.12810; 7.00957;      -0.47556;3.44416;1
 -45.16139; 7.01290;      -0.47543;3.44417;1
 -45.19475; 7.01623;      -0.47535;3.44417;1
 -45.22811; 7.01957;      -0.47527;3.44417;1
 -45.26146; 7.02290;      -0.47523;3.44417;1
 -45.29482; 7.02623;      -0.47517;3.44417;1
 -45.32814; 7.02957;      -0.47510;3.44417;1
 -45.36143; 7.03290;      -0.47504;3.44418;1
 -45.39472; 7.03623;      -0.47497;3.44418;1
 -45.42805; 7.03957;      -0.47491;3.44418;1
 -45.46136; 7.04290;      -0.47482;3.44418;1
 -45.49467; 7.04623;      -0.47474;3.44418;1
 -45.52799; 7.04956;      -0.47468;3.44419;1
 -45.56135; 7.05290;      -0.47469;3.44419;1
 -45.59469; 7.05623;      -0.47470;3.44419;1
 -45.62803; 7.05956;      -0.47470;3.44419;1
 -45.66137; 7.06290;      -0.47464;3.44419;1
 -45.69473; 7.06623;      -0.47456;3.44419;1
 -45.72805; 7.06956;      -0.47453;3.44420;1
 -45.76137; 7.07290;      -0.47450;3.44420;1
 -45.79471; 7.07623;      -0.47447;3.44420;1
 -45.82807; 7.07956;      -0.47441;3.44420;1
 -45.86143; 7.08290;      -0.47433;3.44420;1
 -45.89477; 7.08623;      -0.47424;3.44420;1
 -45.92811; 7.08956;      -0.47417;3.44421;1
 -45.96150; 7.09290;      -0.47411;3.44421;1
 -45.99489; 7.09623;      -0.47405;3.44421;1
 -46.02825; 7.09956;      -0.47397;3.44421;1
 -46.06161; 7.10289;      -0.47389;3.44421;1
 -46.09500; 7.10623;      -0.47383;3.44421;1
 -46.12832; 7.10956;      -0.47374;3.44422;1
 -46.16165; 7.11289;      -0.47364;3.44422;1
 -46.19500; 7.11623;      -0.47358;3.44422;1
 -46.22831; 7.11956;      -0.47354;3.44422;1
 -46.26164; 7.12289;      -0.47350;3.44422;1
 -46.29497; 7.12623;      -0.47344;3.44422;1
 -46.32833; 7.12956;      -0.47340;3.44423;1
 -46.36167; 7.13289;      -0.47335;3.44423;1
 -46.39506; 7.13623;      -0.47329;3.44423;1
 -46.42840; 7.13956;      -0.47322;3.44423;1
 -46.46175; 7.14289;      -0.47318;3.44423;1
 -46.49514; 7.14623;      -0.47312;3.44423;1
 -46.52850; 7.14956;      -0.47304;3.44424;1
 -46.56185; 7.15289;      -0.47299;3.44424;1
 -46.59519; 7.15622;      -0.47295;3.44424;1
 -46.62854; 7.15956;      -0.47291;3.44424;1
 -46.66189; 7.16289;      -0.47287;3.44424;1
 -46.69525; 7.16622;      -0.47282;3.44424;1
 -46.72859; 7.16956;      -0.47270;3.44425;1
 -46.76195; 7.17289;      -0.47262;3.44425;1
 -46.79528; 7.17622;      -0.47255;3.44425;1
 -46.82859; 7.17956;      -0.47249;3.44425;1
 -46.86189; 7.18289;      -0.47242;3.44425;1
 -46.89525; 7.18622;      -0.47235;3.44425;1
 -46.92861; 7.18956;      -0.47228;3.44425;1
 -46.96198; 7.19289;      -0.47224;3.44426;1
 -46.99537; 7.19622;      -0.47221;3.44426;1
 -47.02876; 7.19956;      -0.47214;3.44426;1
 -47.06214; 7.20289;      -0.47208;3.44426;1
 -47.09551; 7.20622;      -0.47203;3.44426;1
 -47.12892; 7.20955;      -0.47196;3.44426;1
 -47.16231; 7.21289;      -0.47191;3.44426;1
 -47.19569; 7.21622;      -0.47187;3.44427;1
 -47.22900; 7.21955;      -0.47183;3.44427;1
 -47.26234; 7.22289;      -0.47178;3.44427;1
 -47.29569; 7.22622;      -0.47173;3.44427;1
 -47.32901; 7.22955;      -0.47168;3.44427;1
 -47.36238; 7.23289;      -0.47165;3.44427;1
 -47.39571; 7.23622;      -0.47161;3.44428;1
 -47.42907; 7.23955;      -0.47153;3.44428;1
 -47.46243; 7.24289;      -0.47147;3.44428;1
 -47.49581; 7.24622;      -0.47142;3.44428;1
 -47.52921; 7.24955;      -0.47137;3.44428;1
 -47.56258; 7.25289;      -0.47131;3.44428;1
 -47.59597; 7.25622;      -0.47129;3.44428;1
 -47.62935; 7.25955;      -0.47130;3.44429;1
 -47.66274; 7.26288;      -0.47128;3.44429;1
 -47.69610; 7.26622;      -0.47125;3.44429;1
 -47.72951; 7.26955;      -0.47120;3.44429;1
 -47.76294; 7.27288;      -0.47115;3.44429;1
 -47.79635; 7.27622;      -0.47108;3.44429;1
 -47.82973; 7.27955;      -0.47098;3.44429;1
 -47.86312; 7.28288;      -0.47092;3.44429;1
 -47.89649; 7.28622;      -0.47090;3.44430;1
 -47.92990; 7.28955;      -0.47093;3.44430;1
 -47.96329; 7.29288;      -0.47092;3.44430;1
 -47.99667; 7.29622;      -0.47087;3.44430;1
 -48.03001; 7.29955;      -0.47080;3.44430;1
 -48.06341; 7.30288;      -0.47074;3.44430;1
 -48.09681; 7.30622;      -0.47068;3.44430;1
 -48.13018; 7.30955;      -0.47065;3.44430;1
 -48.16359; 7.31288;      -0.47062;3.44431;1
 -48.19696; 7.31621;      -0.47060;3.44431;1
 -48.23033; 7.31955;      -0.47056;3.44431;1
 -48.26372; 7.32288;      -0.47051;3.44431;1
 -48.29708; 7.32621;      -0.47046;3.44431;1
 -48.33047; 7.32955;      -0.47040;3.44431;1
 -48.36386; 7.33288;      -0.47035;3.44431;1
 -48.39725; 7.33621;      -0.47032;3.44431;1
 -48.43061; 7.33955;      -0.47028;3.44432;1
 -48.46400; 7.34288;      -0.47024;3.44432;1
 -48.49736; 7.34621;      -0.47019;3.44432;1
 -48.53072; 7.34955;      -0.47013;3.44432;1
 -48.56412; 7.35288;      -0.47006;3.44432;1
 -48.59751; 7.35621;      -0.47002;3.44432;1
 -48.63092; 7.35955;      -0.46998;3.44432;1
 -48.66430; 7.36288;      -0.46994;3.44432;1
 -48.69767; 7.36621;      -0.46995;3.44433;1
 -48.73105; 7.36955;      -0.46992;3.44433;1
 -48.76440; 7.37288;      -0.46987;3.44433;1
 -48.79777; 7.37621;      -0.46978;3.44433;1
 -48.83116; 7.37954;      -0.46969;3.44433;1
 -48.86453; 7.38288;      -0.46963;3.44433;1
 -48.89792; 7.38621;      -0.46956;3.44433;1
 -48.93129; 7.38954;      -0.46952;3.44433;1
 -48.96462; 7.39288;      -0.46949;3.44433;1
 -48.99794; 7.39621;      -0.46944;3.44434;1
 -49.03127; 7.39954;      -0.46944;3.44434;1
 -49.06462; 7.40288;      -0.46945;3.44434;1
 -49.09797; 7.40621;      -0.46945;3.44434;1
 -49.13131; 7.40954;      -0.46942;3.44434;1
 -49.16462; 7.41288;      -0.46938;3.44434;1
 -49.19793; 7.41621;      -0.46934;3.44434;1
 -49.23128; 7.41954;      -0.46924;3.44434;1
 -49.26464; 7.42288;      -0.46910;3.44434;1
 -49.29799; 7.42621;      -0.46903;3.44435;1
 -49.33134; 7.42954;      -0.46898;3.44435;1
 -49.36473; 7.43287;      -0.46894;3.44435;1
 -49.39811; 7.43621;      -0.46889;3.44435;1
 -49.43148; 7.43954;      -0.46884;3.44435;1
 -49.46483; 7.44287;      -0.46879;3.44435;1
 -49.49819; 7.44621;      -0.46874;3.44435;1
 -49.53153; 7.44954;      -0.46870;3.44435;1
 -49.56489; 7.45287;      -0.46865;3.44435;1
 -49.59823; 7.45621;      -0.46863;3.44435;1
 -49.63153; 7.45954;      -0.46859;3.44436;1
 -49.66485; 7.46287;      -0.46857;3.44436;1
 -49.69815; 7.46621;      -0.46851;3.44436;1
 -49.73147; 7.46954;      -0.46847;3.44436;1
 -49.76475; 7.47287;      -0.46842;3.44436;1
 -49.79807; 7.47621;      -0.46836;3.44436;1
 -49.83140; 7.47954;      -0.46833;3.44436;1
 -49.86473; 7.48287;      -0.46828;3.44436;1
 -49.89802; 7.48620;      -0.46822;3.44436;1
 -49.93135; 7.48954;      -0.46818;3.44436;1
 -49.96462; 7.49287;      -0.46814;3.44436;1
 -49.99787; 7.49620;      -0.46806;3.44437;1
 -50.03115; 7.49954;      -0.46799;3.44437;1
 -50.06445; 7.50287;      -0.46793;3.44437;1
 -50.09773; 7.50620;      -0.46788;3.44437;1
 -50.13101; 7.50954;      -0.46780;3.44437;1
 -50.16426; 7.51287;      -0.46773;3.44437;1
 -50.19753; 7.51620;      -0.46759;3.44437;1
 -50.23081; 7.51954;      -0.46755;3.44437;1
 -50.26408; 7.52287;      -0.46754;3.44437;1
 -50.29738; 7.52620;      -0.46746;3.44437;1
 -50.33066; 7.52954;      -0.46737;3.44437;1
 -50.36390; 7.53287;      -0.46730;3.44438;1
 -50.39717; 7.53620;      -0.46723;3.44438;1
 -50.43044; 7.53953;      -0.46712;3.44438;1
 -50.46370; 7.54287;      -0.46703;3.44438;1
 -50.49694; 7.54620;      -0.46695;3.44438;1
 -50.53020; 7.54953;      -0.46689;3.44438;1
 -50.56346; 7.55287;      -0.46685;3.44438;1
 -50.59672; 7.55620;      -0.46678;3.44438;1
 -50.62997; 7.55953;      -0.46668;3.44438;1
 -50.66321; 7.56287;      -0.46658;3.44438;1
 -50.69646; 7.56620;      -0.46649;3.44438;1
 -50.72970; 7.56953;      -0.46642;3.44438;1
 -50.76293; 7.57287;      -0.46632;3.44438;1
 -50.79619; 7.57620;      -0.46625;3.44439;1
 -50.82942; 7.57953;      -0.46617;3.44439;1
 -50.86263; 7.58287;      -0.46607;3.44439;1
 -50.89587; 7.58620;      -0.46601;3.44439;1
 -50.92911; 7.58953;      -0.46596;3.44439;1
 -50.96237; 7.59286;      -0.46597;3.44439;1
 -50.99566; 7.59620;      -0.46596;3.44439;1
 -51.02897; 7.59953;      -0.46592;3.44439;1
 -51.06225; 7.60286;      -0.46582;3.44439;1
 -51.09551; 7.60620;      -0.46574;3.44439;1
 -51.12880; 7.60953;      -0.46565;3.44439;1
 -51.16209; 7.61286;      -0.46557;3.44439;1
 -51.19539; 7.61620;      -0.46550;3.44439;1
 -51.22868; 7.61953;      -0.46542;3.44439;1
 -51.26196; 7.62286;      -0.46532;3.44440;1
 -51.29525; 7.62620;      -0.46521;3.44440;1
 -51.32853; 7.62953;      -0.46510;3.44440;1
 -51.36182; 7.63286;      -0.46496;3.44440;1
 -51.39509; 7.63620;      -0.46482;3.44440;1
 -51.42833; 7.63953;      -0.46474;3.44440;1
 -51.46163; 7.64286;      -0.46469;3.44440;1
 -51.49495; 7.64619;      -0.46461;3.44440;1
 -51.52826; 7.64953;      -0.46451;3.44440;1
 -51.56158; 7.65286;      -0.46444;3.44440;1
 -51.59482; 7.65619;      -0.46443;3.44440;1
 -51.62812; 7.65953;      -0.46442;3.44440;1
 -51.66144; 7.66286;      -0.46435;3.44440;1
 -51.69475; 7.66619;      -0.46423;3.44440;1
 -51.72807; 7.66953;      -0.46413;3.44440;1
 -51.76141; 7.67286;      -0.46404;3.44440;1
 -51.79473; 7.67619;      -0.46393;3.44440;1
 -51.82801; 7.67953;      -0.46386;3.44441;1
 -51.86128; 7.68286;      -0.46377;3.44441;1
 -51.89457; 7.68619;      -0.46368;3.44441;1
 -51.92787; 7.68953;      -0.46360;3.44441;1
 -51.96114; 7.69286;      -0.46351;3.44441;1
 -51.99445; 7.69619;      -0.46342;3.44441;1
 -52.02775; 7.69952;      -0.46333;3.44441;1
 -52.06102; 7.70286;      -0.46325;3.44441;1
 -52.09431; 7.70619;      -0.46322;3.44441;1
 -52.12762; 7.70952;      -0.46316;3.44441;1
 -52.16093; 7.71286;      -0.46309;3.44441;1
 -52.19425; 7.71619;      -0.46302;3.44441;1
 -52.22757; 7.71952;      -0.46295;3.44441;1
 -52.26087; 7.72286;      -0.46287;3.44441;1
 -52.29418; 7.72619;      -0.46278;3.44441;1
 -52.32749; 7.72952;      -0.46268;3.44441;1
 -52.36080; 7.73286;      -0.46261;3.44441;1
 -52.39411; 7.73619;      -0.46254;3.44441;1
 -52.42744; 7.73952;      -0.46247;3.44441;1
 -52.46072; 7.74286;      -0.46241;3.44441;1
 -52.49401; 7.74619;      -0.46235;3.44441;1
 -52.52733; 7.74952;      -0.46229;3.44442;1
 -52.56064; 7.75285;      -0.46224;3.44442;1
 -52.59395; 7.75619;      -0.46219;3.44442;1
 -52.62723; 7.75952;      -0.46212;3.44442;1
 -52.66052; 7.76285;      -0.46208;3.44442;1
 -52.69386; 7.76619;      -0.46205;3.44442;1
 -52.72719; 7.76952;      -0.46199;3.44442;1
 -52.76051; 7.77285;      -0.46201;3.44442;1
 -52.79385; 7.77619;      -0.46200;3.44442;1
 -52.82718; 7.77952;      -0.46197;3.44442;1
 -52.86049; 7.78285;      -0.46192;3.44442;1
 -52.89384; 7.78619;      -0.46184;3.44442;1
 -52.92720; 7.78952;      -0.46177;3.44442;1
 -52.96056; 7.79285;      -0.46169;3.44442;1
 -52.99388; 7.79619;      -0.46159;3.44442;1
 -53.02717; 7.79952;      -0.46151;3.44442;1
 -53.06048; 7.80285;      -0.46142;3.44442;1
 -53.09379; 7.80618;      -0.46142;3.44442;1
 -53.12713; 7.80952;      -0.46140;3.44442;1
 -53.16044; 7.81285;      -0.46134;3.44442;1
 -53.19375; 7.81618;      -0.46128;3.44442;1
 -53.22712; 7.81952;      -0.46123;3.44442;1
 -53.26045; 7.82285;      -0.46116;3.44442;1
 -53.29379; 7.82618;      -0.46111;3.44442;1
 -53.32711; 7.82952;      -0.46105;3.44442;1
 -53.36041; 7.83285;      -0.46101;3.44442;1
 -53.39374; 7.83618;      -0.46096;3.44442;1
 -53.42707; 7.83952;      -0.46090;3.44442;1
 -53.46045; 7.84285;      -0.46086;3.44442;1
 -53.49378; 7.84618;      -0.46085;3.44442;1
 -53.52711; 7.84952;      -0.46084;3.44442;1
 -53.56043; 7.85285;      -0.46079;3.44442;1
 -53.59376; 7.85618;      -0.46075;3.44442;1
 -53.62710; 7.85951;      -0.46067;3.44443;1
 -53.66041; 7.86285;      -0.46050;3.44443;1
 -53.69376; 7.86618;      -0.46033;3.44443;1
 -53.72711; 7.86951;      -0.46022;3.44443;1
 -53.76044; 7.87285;      -0.46018;3.44443;1
 -53.79375; 7.87618;      -0.46018;3.44443;1
 -53.82706; 7.87951;      -0.46019;3.44443;1
 -53.86039; 7.88285;      -0.46018;3.44443;1
 -53.89377; 7.88618;      -0.46017;3.44443;1
 -53.92710; 7.88951;      -0.46010;3.44443;1
 -53.96045; 7.89285;      -0.45996;3.44443;1
 -53.99381; 7.89618;      -0.45984;3.44443;1
 -54.02715; 7.89951;      -0.45972;3.44443;1
 -54.06054; 7.90285;      -0.45963;3.44443;1
 -54.09392; 7.90618;      -0.45959;3.44443;1
 -54.12725; 7.90951;      -0.45952;3.44443;1
 -54.16059; 7.91284;      -0.45953;3.44443;1
 -54.19393; 7.91618;      -0.45957;3.44443;1
 -54.22729; 7.91951;      -0.45960;3.44443;1
 -54.26066; 7.92284;      -0.45953;3.44443;1
 -54.29402; 7.92618;      -0.45946;3.44443;1
 -54.32736; 7.92951;      -0.45928;3.44443;1
 -54.36073; 7.93284;      -0.45918;3.44443;1
 -54.39413; 7.93618;      -0.45910;3.44443;1
 -54.42748; 7.93951;      -0.45904;3.44443;1
 -54.46080; 7.94284;      -0.45906;3.44443;1
 -54.49415; 7.94618;      -0.45908;3.44443;1
 -54.52752; 7.94951;      -0.45906;3.44443;1
 -54.56084; 7.95284;      -0.45896;3.44443;1
 -54.59420; 7.95618;      -0.45885;3.44443;1
 -54.62752; 7.95951;      -0.45880;3.44443;1
 -54.66085; 7.96284;      -0.45877;3.44443;1
 -54.69420; 7.96617;      -0.45872;3.44443;1
 -54.72749; 7.96951;      -0.45866;3.44443;1
 -54.76082; 7.97284;      -0.45857;3.44443;1
 -54.79414; 7.97617;      -0.45858;3.44443;1
 -54.82748; 7.97951;      -0.45859;3.44443;1
 -54.86084; 7.98284;      -0.45860;3.44443;1
 -54.89420; 7.98617;      -0.45859;3.44443;1
 -54.92754; 7.98951;      -0.45858;3.44443;1
 -54.96087; 7.99284;      -0.45855;3.44443;1
 -54.99419; 7.99617;      -0.45853;3.44443;1
 -55.02753; 7.99951;      -0.45850;3.44443;1
 -55.06088; 8.00284;      -0.45840;3.44443;1
 -55.09422; 8.00617;      -0.45836;3.44443;1
 -55.12755; 8.00951;      -0.45829;3.44443;1
 -55.16086; 8.01284;      -0.45826;3.44443;1
 -55.19415; 8.01617;      -0.45822;3.44443;1
 -55.22749; 8.01950;      -0.45828;3.44443;1
 -55.26078; 8.02284;      -0.45819;3.44443;1
 -55.29409; 8.02617;      -0.45805;3.44443;1
 -55.32742; 8.02950;      -0.45796;3.44443;1
 -55.36079; 8.03284;      -0.45789;3.44443;1
 -55.39414; 8.03617;      -0.45782;3.44443;1
 -55.42748; 8.03950;      -0.45775;3.44443;1
 -55.46079; 8.04284;      -0.45772;3.44443;1
 -55.49408; 8.04617;      -0.45765;3.44443;1
 -55.52735; 8.04950;      -0.45760;3.44443;1
 -55.56067; 8.05284;      -0.45754;3.44442;1
 -55.59395; 8.05617;      -0.45748;3.44442;1
 -55.62723; 8.05950;      -0.45741;3.44442;1
 -55.66053; 8.06284;      -0.45736;3.44442;1
 -55.69385; 8.06617;      -0.45728;3.44442;1
 -55.72713; 8.06950;      -0.45723;3.44442;1
 -55.76040; 8.07283;      -0.45719;3.44442;1
 -55.79371; 8.07617;      -0.45714;3.44442;1
 -55.82699; 8.07950;      -0.45709;3.44442;1
 -55.86028; 8.08283;      -0.45703;3.44442;1
 -55.89357; 8.08617;      -0.45695;3.44442;1
 -55.92684; 8.08950;      -0.45688;3.44442;1
 -55.96008; 8.09283;      -0.45678;3.44442;1
 -55.99336; 8.09617;      -0.45670;3.44442;1
 -56.02661; 8.09950;      -0.45661;3.44442;1
 -56.05993; 8.10283;      -0.45652;3.44442;1
 -56.09321; 8.10617;      -0.45642;3.44442;1
 -56.12646; 8.10950;      -0.45636;3.44442;1
 -56.15975; 8.11283;      -0.45632;3.44442;1
 -56.19302; 8.11617;      -0.45627;3.44442;1
 -56.22625; 8.11950;      -0.45619;3.44442;1
 -56.25948; 8.12283;      -0.45611;3.44442;1
 -56.29270; 8.12616;      -0.45603;3.44442;1
 -56.32592; 8.12950;      -0.45593;3.44442;1
 -56.35912; 8.13283;      -0.45585;3.44442;1
 -56.39230; 8.13616;      -0.45580;3.44442;1
 -56.42547; 8.13950;      -0.45572;3.44442;1
 -56.45869; 8.14283;      -0.45561;3.44442;1
 -56.49189; 8.14616;      -0.45551;3.44442;1
 -56.52509; 8.14950;      -0.45543;3.44442;1
 -56.55828; 8.15283;      -0.45536;3.44442;1
 -56.59149; 8.15616;      -0.45532;3.44442;1
 -56.62467; 8.15950;      -0.45530;3.44442;1
 -56.65787; 8.16283;      -0.45523;3.44441;1
 -56.69103; 8.16616;      -0.45517;3.44441;1
 -56.72418; 8.16950;      -0.45511;3.44441;1
 -56.75731; 8.17283;      -0.45505;3.44441;1
 -56.79045; 8.17616;      -0.45497;3.44441;1
 -56.82362; 8.17950;      -0.45488;3.44441;1
 -56.85675; 8.18283;      -0.45478;3.44441;1
 -56.88986; 8.18616;      -0.45470;3.44441;1
 -56.92298; 8.18949;      -0.45461;3.44441;1
 -56.95608; 8.19283;      -0.45453;3.44441;1
 -56.98917; 8.19616;      -0.45445;3.44441;1
 -57.02227; 8.19949;      -0.45436;3.44441;1
 -57.05535; 8.20283;      -0.45429;3.44441;1
 -57.08845; 8.20616;      -0.45423;3.44441;1
 -57.12151; 8.20949;      -0.45416;3.44441;1
 -57.15462; 8.21283;      -0.45414;3.44441;1
 -57.18770; 8.21616;      -0.45411;3.44441;1
 -57.22078; 8.21949;      -0.45402;3.44441;1
 -57.25384; 8.22283;      -0.45396;3.44441;1
 -57.28687; 8.22616;      -0.45389;3.44441;1
 -57.31989; 8.22949;      -0.45381;3.44441;1
 -57.35289; 8.23283;      -0.45370;3.44440;1
 -57.38588; 8.23616;      -0.45358;3.44440;1
 -57.41891; 8.23949;      -0.45348;3.44440;1
 -57.45190; 8.24282;      -0.45339;3.44440;1
 -57.48492; 8.24616;      -0.45334;3.44440;1
 -57.51794; 8.24949;      -0.45331;3.44440;1
 -57.55098; 8.25282;      -0.45327;3.44440;1
 -57.58398; 8.25616;      -0.45319;3.44440;1
 -57.61703; 8.25949;      -0.45308;3.44440;1
 -57.65006; 8.26282;      -0.45295;3.44440;1
 -57.68311; 8.26616;      -0.45285;3.44440;1
 -57.71612; 8.26949;      -0.45274;3.44440;1
 -57.74915; 8.27282;      -0.45262;3.44440;1
 -57.78219; 8.27616;      -0.45252;3.44440;1
 -57.81526; 8.27949;      -0.45240;3.44440;1
 -57.84831; 8.28282;      -0.45220;3.44440;1
 -57.88134; 8.28616;      -0.45202;3.44440;1
 -57.91437; 8.28949;      -0.45188;3.44439;1
 -57.94741; 8.29282;      -0.45174;3.44439;1
 -57.98051; 8.29615;      -0.45158;3.44439;1
 -58.01356; 8.29949;      -0.45141;3.44439;1
 -58.04662; 8.30282;      -0.45128;3.44439;1
 -58.07967; 8.30615;      -0.45115;3.44439;1
 -58.11273; 8.30949;      -0.45103;3.44439;1
 -58.14581; 8.31282;      -0.45091;3.44439;1
 -58.17890; 8.31615;      -0.45078;3.44439;1
 -58.21201; 8.31949;      -0.45065;3.44439;1
 -58.24515; 8.32282;      -0.45051;3.44439;1
 -58.27830; 8.32615;      -0.45036;3.44439;1
 -58.31143; 8.32949;      -0.45021;3.44439;1
 -58.34461; 8.33282;      -0.45009;3.44439;1
 -58.37782; 8.33615;      -0.44996;3.44439;1
 -58.41102; 8.33949;      -0.44983;3.44438;1
 -58.44420; 8.34282;      -0.44972;3.44438;1
 -58.47739; 8.34615;      -0.44959;3.44438;1
 -58.51060; 8.34948;      -0.44944;3.44438;1
 -58.54382; 8.35282;      -0.44929;3.44438;1
 -58.57708; 8.35615;      -0.44912;3.44438;1
 -58.61030; 8.35948;      -0.44896;3.44438;1
 -58.64353; 8.36282;      -0.44880;3.44438;1
 -58.67684; 8.36615;      -0.44867;3.44438;1
 -58.71015; 8.36948;      -0.44856;3.44438;1
 -58.74347; 8.37282;      -0.44846;3.44438;1
 -58.77682; 8.37615;      -0.44841;3.44438;1
 -58.81017; 8.37948;      -0.44843;3.44437;1
 -58.84351; 8.38282;      -0.44842;3.44437;1
 -58.87685; 8.38615;      -0.44839;3.44437;1
 -58.91026; 8.38948;      -0.44823;3.44437;1
 -58.94369; 8.39282;      -0.44811;3.44437;1
 -58.97714; 8.39615;      -0.44803;3.44437;1
 -59.01063; 8.39948;      -0.44798;3.44437;1
 -59.04409; 8.40281;      -0.44790;3.44437;1
 -59.07756; 8.40615;      -0.44784;3.44437;1
 -59.11107; 8.40948;      -0.44776;3.44437;1
 -59.14460; 8.41281;      -0.44769;3.44437;1
 -59.17810; 8.41615;      -0.44765;3.44436;1
 -59.21164; 8.41948;      -0.44762;3.44436;1
 -59.24519; 8.42281;      -0.44762;3.44436;1
 -59.27874; 8.42615;      -0.44761;3.44436;1
 -59.31235; 8.42948;      -0.44757;3.44436;1
 -59.34599; 8.43281;      -0.44753;3.44436;1
 -59.37963; 8.43615;      -0.44752;3.44436;1
 -59.41326; 8.43948;      -0.44750;3.44436;1
 -59.44693; 8.44281;      -0.44750;3.44436;1
 -59.48062; 8.44615;      -0.44749;3.44436;1
 -59.51427; 8.44948;      -0.44747;3.44436;1
 -59.54798; 8.45281;      -0.44745;3.44435;1
 -59.58167; 8.45614;      -0.44744;3.44435;1
 -59.61537; 8.45948;      -0.44742;3.44435;1
 -59.64908; 8.46281;      -0.44739;3.44435;1
 -59.68281; 8.46614;      -0.44736;3.44435;1
 -59.71653; 8.46948;      -0.44733;3.44435;1
 -59.75029; 8.47281;      -0.44732;3.44435;1
 -59.78407; 8.47614;      -0.44737;3.44435;1
 -59.81786; 8.47948;      -0.44741;3.44435;1
 -59.85163; 8.48281;      -0.44744;3.44435;1
 -59.88543; 8.48614;      -0.44747;3.44434;1
 -59.91930; 8.48948;      -0.44751;3.44434;1
 -59.95315; 8.49281;      -0.44759;3.44434;1
 -59.98698; 8.49614;      -0.44765;3.44434;1
 -60.02086; 8.49948;      -0.44771;3.44434;1
 -60.05473; 8.50281;      -0.44776;3.44434;1
 -60.08863; 8.50614;      -0.44783;3.44434;1
 -60.12250; 8.50947;      -0.44800;3.44434;1
 -60.15640; 8.51281;      -0.44806;3.44434;1
 -60.19032; 8.51614;      -0.44808;3.44433;1
 -60.22422; 8.51947;      -0.44810;3.44433;1
 -60.25815; 8.52281;      -0.44808;3.44433;1
 -60.29211; 8.52614;      -0.44812;3.44433;1
 -60.32608; 8.52947;      -0.44821;3.44433;1
 -60.36005; 8.53281;      -0.44831;3.44433;1
 -60.39404; 8.53614;      -0.44840;3.44433;1
 -60.42803; 8.53947;      -0.44850;3.44433;1
 -60.46206; 8.54281;      -0.44858;3.44433;1
 -60.49609; 8.54614;      -0.44860;3.44432;1
 -60.53012; 8.54947;      -0.44862;3.44432;1
 -60.56413; 8.55281;      -0.44867;3.44432;1
 -60.59819; 8.55614;      -0.44870;3.44432;1
 -60.63223; 8.55947;      -0.44871;3.44432;1
 -60.66628; 8.56280;      -0.44875;3.44432;1
 -60.70037; 8.56614;      -0.44887;3.44432;1
 -60.73441; 8.56947;      -0.44900;3.44432;1
 -60.76849; 8.57280;      -0.44913;3.44431;1
 -60.80257; 8.57614;      -0.44924;3.44431;1
 -60.83664; 8.57947;      -0.44931;3.44431;1
 -60.87068; 8.58280;      -0.44935;3.44431;1
 -60.90476; 8.58614;      -0.44936;3.44431;1
 -60.93886; 8.58947;      -0.44940;3.44431;1
 -60.97289; 8.59280;      -0.44944;3.44431;1
 -61.00695; 8.59614;      -0.44947;3.44431;1
 -61.04098; 8.59947;      -0.44951;3.44430;1
 -61.07499; 8.60280;      -0.44963;3.44430;1
 -61.10902; 8.60614;      -0.44972;3.44430;1
 -61.14306; 8.60947;      -0.44977;3.44430;1
 -61.17710; 8.61280;      -0.44979;3.44430;1
 -61.21110; 8.61613;      -0.44983;3.44430;1
 -61.24511; 8.61947;      -0.44988;3.44430;1
 -61.27912; 8.62280;      -0.44999;3.44429;1
 -61.31315; 8.62613;      -0.45005;3.44429;1
 -61.34721; 8.62947;      -0.45011;3.44429;1
 -61.38124; 8.63280;      -0.45019;3.44429;1
 -61.41523; 8.63613;      -0.45027;3.44429;1
 -61.44923; 8.63947;      -0.45034;3.44429;1
 -61.48320; 8.64280;      -0.45045;3.44429;1
 -61.51717; 8.64613;      -0.45055;3.44429;1
 -61.55112; 8.64947;      -0.45061;3.44428;1
 -61.58508; 8.65280;      -0.45062;3.44428;1
 -61.61900; 8.65613;      -0.45064;3.44428;1
 -61.65296; 8.65947;      -0.45065;3.44428;1
 -61.68691; 8.66280;      -0.45065;3.44428;1
 -61.72085; 8.66613;      -0.45068;3.44428;1
 -61.75477; 8.66946;      -0.45074;3.44428;1
 -61.78867; 8.67280;      -0.45082;3.44427;1
 -61.82254; 8.67613;      -0.45089;3.44427;1
 -61.85640; 8.67946;      -0.45094;3.44427;1
 -61.89020; 8.68280;      -0.45098;3.44427;1
 -61.92400; 8.68613;      -0.45101;3.44427;1
 -61.95779; 8.68946;      -0.45102;3.44427;1
 -61.99155; 8.69280;      -0.45104;3.44427;1
 -62.02528; 8.69613;      -0.45108;3.44426;1
 -62.05907; 8.69946;      -0.45112;3.44426;1
 -62.09281; 8.70280;      -0.45116;3.44426;1
 -62.12653; 8.70613;      -0.45122;3.44426;1
 -62.16021; 8.70946;      -0.45127;3.44426;1
 -62.19388; 8.71280;      -0.45132;3.44426;1
 -62.22755; 8.71613;      -0.45133;3.44425;1
 -62.26119; 8.71946;      -0.45133;3.44425;1
 -62.29480; 8.72279;      -0.45134;3.44425;1
 -62.32837; 8.72613;      -0.45130;3.44425;1
 -62.36189; 8.72946;      -0.45127;3.44425;1
 -62.39543; 8.73279;      -0.45126;3.44425;1
 -62.42896; 8.73613;      -0.45125;3.44425;1
 -62.46242; 8.73946;      -0.45123;3.44424;1
 -62.49584; 8.74279;      -0.45121;3.44424;1
 -62.52923; 8.74613;      -0.45117;3.44424;1
 -62.56264; 8.74946;      -0.45115;3.44424;1
 -62.59603; 8.75279;      -0.45111;3.44424;1
 -62.62940; 8.75613;      -0.45104;3.44424;1
 -62.66273; 8.75946;      -0.45100;3.44423;1
 -62.69604; 8.76279;      -0.45094;3.44423;1
 -62.72933; 8.76613;      -0.45086;3.44423;1
 -62.76260; 8.76946;      -0.45077;3.44423;1
 -62.79583; 8.77279;      -0.45070;3.44423;1
 -62.82902; 8.77612;      -0.45063;3.44423;1
 -62.86221; 8.77946;      -0.45047;3.44422;1
 -62.89539; 8.78279;      -0.45032;3.44422;1
 -62.92856; 8.78612;      -0.45021;3.44422;1
 -62.96166; 8.78946;      -0.45012;3.44422;1
 -62.99476; 8.79279;      -0.45001;3.44422;1
 -63.02783; 8.79612;      -0.44990;3.44422;1
 -63.06086; 8.79946;      -0.44976;3.44421;1
 -63.09389; 8.80279;      -0.44958;3.44421;1
 -63.12690; 8.80612;      -0.44943;3.44421;1
 -63.15988; 8.80946;      -0.44928;3.44421;1
 -63.19284; 8.81279;      -0.44914;3.44421;1
 -63.22574; 8.81612;      -0.44901;3.44421;1
 -63.25869; 8.81946;      -0.44888;3.44420;1
 -63.29166; 8.82279;      -0.44873;3.44420;1
 -63.32452; 8.82612;      -0.44859;3.44420;1
 -63.35734; 8.82945;      -0.44846;3.44420;1
 -63.39013; 8.83279;      -0.44834;3.44420;1
 -63.42295; 8.83612;      -0.44818;3.44420;1
 -63.45578; 8.83945;      -0.44800;3.44419;1
 -63.48856; 8.84279;      -0.44781;3.44419;1
 -63.52136; 8.84612;      -0.44764;3.44419;1
 -63.55414; 8.84945;      -0.44742;3.44419;1
 -63.58689; 8.85279;      -0.44718;3.44419;1
 -63.61964; 8.85612;      -0.44694;3.44419;1
 -63.65241; 8.85945;      -0.44672;3.44418;1
 -63.68512; 8.86279;      -0.44652;3.44418;1
 -63.71785; 8.86612;      -0.44626;3.44418;1
 -63.75061; 8.86945;      -0.44603;3.44418;1
 -63.78330; 8.87279;      -0.44582;3.44418;1
 -63.81597; 8.87612;      -0.44559;3.44418;1
 -63.84864; 8.87945;      -0.44532;3.44417;1
 -63.88131; 8.88278;      -0.44502;3.44417;1
 -63.91399; 8.88612;      -0.44477;3.44417;1
 -63.94671; 8.88945;      -0.44455;3.44417;1
 -63.97939; 8.89278;      -0.44434;3.44417;1
 -64.01206; 8.89612;      -0.44415;3.44416;1
 -64.04473; 8.89945;      -0.44397;3.44416;1
 -64.07739; 8.90278;      -0.44378;3.44416;1
 -64.11001; 8.90612;      -0.44359;3.44416;1
 -64.14264; 8.90945;      -0.44337;3.44416;1
 -64.17531; 8.91278;      -0.44315;3.44416;1
 -64.20797; 8.91612;      -0.44294;3.44415;1
 -64.24062; 8.91945;      -0.44269;3.44415;1
 -64.27329; 8.92278;      -0.44243;3.44415;1
 -64.30597; 8.92612;      -0.44219;3.44415;1
 -64.33863; 8.92945;      -0.44194;3.44415;1
 -64.37127; 8.93278;      -0.44169;3.44414;1
 -64.40391; 8.93611;      -0.44140;3.44414;1
 -64.43655; 8.93945;      -0.44113;3.44414;1
 -64.46921; 8.94278;      -0.44086;3.44414;1
 -64.50191; 8.94611;      -0.44059;3.44414;1
 -64.53463; 8.94945;      -0.44030;3.44413;1
 -64.56733; 8.95278;      -0.44002;3.44413;1
 -64.60002; 8.95611;      -0.43975;3.44413;1
 -64.63275; 8.95945;      -0.43950;3.44413;1
 -64.66549; 8.96278;      -0.43927;3.44413;1
 -64.69820; 8.96611;      -0.43905;3.44412;1
 -64.73095; 8.96945;      -0.43882;3.44412;1
 -64.76367; 8.97278;      -0.43859;3.44412;1
 -64.79646; 8.97611;      -0.43835;3.44412;1
 -64.82928; 8.97945;      -0.43811;3.44412;1
 -64.86204; 8.98278;      -0.43784;3.44411;1
 -64.89483; 8.98611;      -0.43762;3.44411;1
 -64.92764; 8.98945;      -0.43738;3.44411;1
 -64.96045; 8.99278;      -0.43714;3.44411;1
 -64.99327; 8.99611;      -0.43685;3.44411;1
 -65.02614; 8.99944;      -0.43660;3.44410;1
 -65.05904; 9.00278;      -0.43643;3.44410;1
 -65.09195; 9.00611;      -0.43624;3.44410;1
 -65.12488; 9.00944;      -0.43607;3.44410;1
 -65.15783; 9.01278;      -0.43594;3.44410;1
 -65.19077; 9.01611;      -0.43580;3.44409;1
 -65.22375; 9.01944;      -0.43566;3.44409;1
 -65.25672; 9.02278;      -0.43552;3.44409;1
 -65.28969; 9.02611;      -0.43537;3.44409;1
 -65.32276; 9.02944;      -0.43521;3.44409;1
 -65.35586; 9.03278;      -0.43507;3.44408;1
 -65.38895; 9.03611;      -0.43492;3.44408;1
 -65.42202; 9.03944;      -0.43478;3.44408;1
 -65.45509; 9.04278;      -0.43463;3.44408;1
 -65.48823; 9.04611;      -0.43449;3.44408;1
 -65.52137; 9.04944;      -0.43437;3.44407;1
 -65.55451; 9.05277;      -0.43426;3.44407;1
 -65.58768; 9.05611;      -0.43417;3.44407;1
 -65.62086; 9.05944;      -0.43405;3.44407;1
 -65.65403; 9.06277;      -0.43392;3.44406;1
 -65.68727; 9.06611;      -0.43388;3.44406;1
 -65.72049; 9.06944;      -0.43380;3.44406;1
 -65.75371; 9.07277;      -0.43369;3.44406;1
 -65.78699; 9.07611;      -0.43358;3.44406;1
 -65.82028; 9.07944;      -0.43349;3.44405;1
 -65.85362; 9.08277;      -0.43345;3.44405;1
 -65.88693; 9.08611;      -0.43338;3.44405;1
 -65.92027; 9.08944;      -0.43329;3.44405;1
 -65.95358; 9.09277;      -0.43320;3.44404;1
 -65.98695; 9.09611;      -0.43312;3.44404;1
 -66.02032; 9.09944;      -0.43309;3.44404;1
 -66.05374; 9.10277;      -0.43305;3.44404;1
 -66.08715; 9.10610;      -0.43303;3.44404;1
 -66.12057; 9.10944;      -0.43297;3.44403;1
 -66.15403; 9.11277;      -0.43289;3.44403;1
 -66.18746; 9.11610;      -0.43281;3.44403;1
 -66.22096; 9.11944;      -0.43283;3.44403;1
 -66.25444; 9.12277;      -0.43290;3.44402;1
 -66.28792; 9.12610;      -0.43293;3.44402;1
 -66.32139; 9.12944;      -0.43293;3.44402;1
 -66.35491; 9.13277;      -0.43292;3.44402;1
 -66.38849; 9.13610;      -0.43291;3.44402;1
 -66.42201; 9.13944;      -0.43291;3.44401;1
 -66.45556; 9.14277;      -0.43289;3.44401;1
 -66.48916; 9.14610;      -0.43287;3.44401;1
 -66.52278; 9.14944;      -0.43287;3.44401;1
 -66.55634; 9.15277;      -0.43287;3.44400;1
 -66.58992; 9.15610;      -0.43290;3.44400;1
 -66.62353; 9.15943;      -0.43289;3.44400;1
 -66.65712; 9.16277;      -0.43290;3.44400;1
 -66.69072; 9.16610;      -0.43290;3.44399;1
 -66.72438; 9.16943;      -0.43294;3.44399;1
 -66.75802; 9.17277;      -0.43302;3.44399;1
 -66.79169; 9.17610;      -0.43305;3.44399;1
 -66.82533; 9.17943;      -0.43307;3.44398;1
 -66.85896; 9.18277;      -0.43305;3.44398;1
 -66.89266; 9.18610;      -0.43305;3.44398;1
 -66.92635; 9.18943;      -0.43306;3.44398;1
 -66.96006; 9.19277;      -0.43312;3.44397;1
 -66.99377; 9.19610;      -0.43319;3.44397;1
 -67.02747; 9.19943;      -0.43322;3.44397;1
 -67.06115; 9.20277;      -0.43325;3.44397;1
 -67.09480; 9.20610;      -0.43330;3.44396;1
 -67.12848; 9.20943;      -0.43332;3.44396;1
 -67.16217; 9.21276;      -0.43341;3.44396;1
 -67.19584; 9.21610;      -0.43355;3.44396;1
 -67.22954; 9.21943;      -0.43366;3.44395;1
 -67.26323; 9.22276;      -0.43376;3.44395;1
 -67.29690; 9.22610;      -0.43385;3.44395;1
 -67.33057; 9.22943;      -0.43386;3.44395;1
 -67.36423; 9.23276;      -0.43394;3.44394;1
 -67.39790; 9.23610;      -0.43406;3.44394;1
 -67.43154; 9.23943;      -0.43413;3.44394;1
 -67.46520; 9.24276;      -0.43419;3.44394;1
 -67.49888; 9.24610;      -0.43427;3.44393;1
 -67.53250; 9.24943;      -0.43432;3.44393;1
 -67.56615; 9.25276;      -0.43436;3.44393;1
 -67.59978; 9.25610;      -0.43441;3.44393;1
 -67.63338; 9.25943;      -0.43450;3.44392;1
 -67.66700; 9.26276;      -0.43463;3.44392;1
 -67.70063; 9.26609;      -0.43470;3.44392;1
 -67.73421; 9.26943;      -0.43474;3.44392;1
 -67.76783; 9.27276;      -0.43482;3.44391;1
 -67.80140; 9.27609;      -0.43498;3.44391;1
 -67.83495; 9.27943;      -0.43511;3.44391;1
 -67.86854; 9.28276;      -0.43520;3.44390;1
 -67.90208; 9.28609;      -0.43521;3.44390;1
 -67.93569; 9.28943;      -0.43519;3.44390;1
 -67.96930; 9.29276;      -0.43515;3.44390;1
 -68.00286; 9.29609;      -0.43513;3.44389;1
 -68.03642; 9.29943;      -0.43514;3.44389;1
 -68.06998; 9.30276;      -0.43515;3.44389;1
 -68.10347; 9.30609;      -0.43516;3.44389;1
 -68.13700; 9.30943;      -0.43520;3.44388;1
 -68.17055; 9.31276;      -0.43522;3.44388;1
 -68.20405; 9.31609;      -0.43521;3.44388;1
 -68.23758; 9.31942;      -0.43522;3.44388;1
 -68.27107; 9.32276;      -0.43529;3.44387;1
 -68.30457; 9.32609;      -0.43533;3.44387;1
 -68.33808; 9.32942;      -0.43535;3.44387;1
 -68.37163; 9.33276;      -0.43534;3.44386;1
 -68.40514; 9.33609;      -0.43533;3.44386;1
 -68.43866; 9.33942;      -0.43530;3.44386;1
 -68.47217; 9.34276;      -0.43529;3.44386;1
 -68.50566; 9.34609;      -0.43527;3.44385;1
 -68.53914; 9.34942;      -0.43522;3.44385;1
 -68.57257; 9.35276;      -0.43518;3.44385;1
 -68.60605; 9.35609;      -0.43513;3.44385;1
 -68.63955; 9.35942;      -0.43509;3.44384;1
 -68.67307; 9.36276;      -0.43504;3.44384;1
 -68.70660; 9.36609;      -0.43502;3.44384;1
 -68.74011; 9.36942;      -0.43500;3.44383;1
 -68.77359; 9.37275;      -0.43492;3.44383;1
 -68.80714; 9.37609;      -0.43484;3.44383;1
 -68.84068; 9.37942;      -0.43476;3.44383;1
 -68.87421; 9.38275;      -0.43459;3.44382;1
 -68.90772; 9.38609;      -0.43441;3.44382;1
 -68.94124; 9.38942;      -0.43426;3.44382;1
 -68.97476; 9.39275;      -0.43417;3.44381;1
 -69.00828; 9.39609;      -0.43412;3.44381;1
 -69.04184; 9.39942;      -0.43403;3.44381;1
 -69.07542; 9.40275;      -0.43395;3.44381;1
 -69.10899; 9.40609;      -0.43386;3.44380;1
 -69.14259; 9.40942;      -0.43377;3.44380;1
 -69.17618; 9.41275;      -0.43360;3.44380;1
 -69.20974; 9.41609;      -0.43340;3.44379;1
 -69.24333; 9.41942;      -0.43324;3.44379;1
 -69.27693; 9.42275;      -0.43313;3.44379;1
 -69.31051; 9.42608;      -0.43304;3.44379;1
 -69.34413; 9.42942;      -0.43289;3.44378;1
 -69.37775; 9.43275;      -0.43278;3.44378;1
 -69.41137; 9.43608;      -0.43267;3.44378;1
 -69.44497; 9.43942;      -0.43258;3.44377;1
 -69.47862; 9.44275;      -0.43249;3.44377;1
 -69.51226; 9.44608;      -0.43243;3.44377;1
 -69.54591; 9.44942;      -0.43235;3.44376;1
 -69.57957; 9.45275;      -0.43226;3.44376;1
 -69.61323; 9.45608;      -0.43218;3.44376;1
 -69.64693; 9.45942;      -0.43207;3.44376;1
 -69.68064; 9.46275;      -0.43196;3.44375;1
 -69.71432; 9.46608;      -0.43190;3.44375;1
 -69.74805; 9.46942;      -0.43188;3.44375;1
 -69.78178; 9.47275;      -0.43186;3.44374;1
 -69.81548; 9.47608;      -0.43183;3.44374;1
 -69.84922; 9.47941;      -0.43177;3.44374;1
 -69.88297; 9.48275;      -0.43170;3.44373;1
 -69.91672; 9.48608;      -0.43158;3.44373;1
 -69.95048; 9.48941;      -0.43155;3.44373;1
 -69.98417; 9.49275;      -0.43155;3.44373;1
 -70.01791; 9.49608;      -0.43152;3.44372;1
 -70.05170; 9.49941;      -0.43150;3.44372;1
 -70.08547; 9.50275;      -0.43143;3.44372;1
 -70.11923; 9.50608;      -0.43141;3.44371;1
 -70.15302; 9.50941;      -0.43139;3.44371;1
 -70.18679; 9.51275;      -0.43135;3.44371;1
 -70.22060; 9.51608;      -0.43133;3.44370;1
 -70.25440; 9.51941;      -0.43129;3.44370;1
 -70.28819; 9.52275;      -0.43125;3.44370;1
 -70.32199; 9.52608;      -0.43123;3.44369;1
 -70.35579; 9.52941;      -0.43120;3.44369;1
 -70.38959; 9.53274;      -0.43118;3.44369;1
 -70.42335; 9.53608;      -0.43117;3.44368;1
 -70.45714; 9.53941;      -0.43117;3.44368;1
 -70.49090; 9.54274;      -0.43118;3.44368;1
 -70.52470; 9.54608;      -0.43119;3.44367;1
 -70.55848; 9.54941;      -0.43118;3.44367;1
 -70.59228; 9.55274;      -0.43112;3.44367;1
 -70.62608; 9.55608;      -0.43109;3.44367;1
 -70.65988; 9.55941;      -0.43108;3.44366;1
 -70.69360; 9.56274;      -0.43106;3.44366;1
 -70.72733; 9.56608;      -0.43106;3.44366;1
 -70.76108; 9.56941;      -0.43104;3.44365;1
 -70.79482; 9.57274;      -0.43107;3.44365;1
 -70.82853; 9.57608;      -0.43109;3.44365;1
 -70.86219; 9.57941;      -0.43100;3.44364;1
 -70.89587; 9.58274;      -0.43097;3.44364;1
 -70.92953; 9.58607;      -0.43098;3.44364;1
 -70.96321; 9.58941;      -0.43094;3.44363;1
 -70.99689; 9.59274;      -0.43092;3.44363;1
 -71.03053; 9.59607;      -0.43095;3.44363;1
 -71.06419; 9.59941;      -0.43094;3.44362;1
 -71.09777; 9.60274;      -0.43093;3.44362;1
 -71.13135; 9.60607;      -0.43094;3.44362;1
 -71.16493; 9.60941;      -0.43100;3.44361;1
 -71.19848; 9.61274;      -0.43100;3.44361;1
 -71.23204; 9.61607;      -0.43099;3.44361;1
 -71.26560; 9.61941;      -0.43100;3.44360;1
 -71.29911; 9.62274;      -0.43102;3.44360;1
 -71.33262; 9.62607;      -0.43102;3.44360;1
 -71.36611; 9.62941;      -0.43100;3.44359;1
 -71.39959; 9.63274;      -0.43106;3.44359;1
 -71.43303; 9.63607;      -0.43107;3.44359;1
 -71.46647; 9.63940;      -0.43104;3.44358;1
 -71.49990; 9.64274;      -0.43102;3.44358;1
 -71.53331; 9.64607;      -0.43102;3.44358;1
 -71.56669; 9.64940;      -0.43101;3.44357;1
 -71.60008; 9.65274;      -0.43100;3.44357;1
 -71.63346; 9.65607;      -0.43097;3.44357;1
 -71.66681; 9.65940;      -0.43100;3.44356;1
 -71.70015; 9.66274;      -0.43098;3.44356;1
 -71.73349; 9.66607;      -0.43095;3.44356;1
 -71.76682; 9.66940;      -0.43093;3.44355;1
 -71.80010; 9.67274;      -0.43090;3.44355;1
 -71.83339; 9.67607;      -0.43088;3.44355;1
 -71.86667; 9.67940;      -0.43079;3.44354;1
 -71.89994; 9.68274;      -0.43070;3.44354;1
 -71.93317; 9.68607;      -0.43065;3.44354;1
 -71.96644; 9.68940;      -0.43059;3.44353;1
 -71.99969; 9.69273;      -0.43054;3.44353;1
 -72.03294; 9.69607;      -0.43050;3.44353;1
 -72.06609; 9.69940;      -0.43044;3.44352;1
 -72.09930; 9.70273;      -0.43036;3.44352;1
 -72.13245; 9.70607;      -0.43032;3.44352;1
 -72.16560; 9.70940;      -0.43025;3.44351;1
 -72.19874; 9.71273;      -0.43016;3.44351;1
 -72.23188; 9.71607;      -0.43006;3.44351;1
 -72.26494; 9.71940;      -0.42995;3.44350;1
 -72.29799; 9.72273;      -0.42984;3.44350;1
 -72.33108; 9.72607;      -0.42974;3.44350;1
 -72.36413; 9.72940;      -0.42964;3.44349;1
 -72.39716; 9.73273;      -0.42954;3.44349;1
 -72.43016; 9.73607;      -0.42942;3.44348;1
 -72.46321; 9.73940;      -0.42924;3.44348;1
 -72.49620; 9.74273;      -0.42905;3.44348;1
 -72.52919; 9.74606;      -0.42888;3.44347;1
 -72.56217; 9.74940;      -0.42875;3.44347;1
 -72.59518; 9.75273;      -0.42863;3.44347;1
 -72.62810; 9.75606;      -0.42852;3.44346;1
 -72.66110; 9.75940;      -0.42840;3.44346;1
 -72.69404; 9.76273;      -0.42824;3.44346;1
 -72.72702; 9.76606;      -0.42811;3.44345;1
 -72.75995; 9.76940;      -0.42799;3.44345;1
 -72.79285; 9.77273;      -0.42785;3.44345;1
 -72.82573; 9.77606;      -0.42768;3.44344;1
 -72.85862; 9.77940;      -0.42755;3.44344;1
 -72.89149; 9.78273;      -0.42742;3.44344;1
 -72.92435; 9.78606;      -0.42731;3.44343;1
 -72.95722; 9.78940;      -0.42716;3.44343;1
 -72.99007; 9.79273;      -0.42703;3.44342;1
 -73.02294; 9.79606;      -0.42688;3.44342;1
 -73.05580; 9.79940;      -0.42674;3.44342;1
 -73.08860; 9.80273;      -0.42659;3.44341;1
 -73.12142; 9.80606;      -0.42647;3.44341;1
 -73.15422; 9.80939;      -0.42631;3.44341;1
 -73.18706; 9.81273;      -0.42614;3.44340;1
 -73.21989; 9.81606;      -0.42599;3.44340;1
 -73.25270; 9.81939;      -0.42585;3.44340;1
 -73.28551; 9.82273;      -0.42570;3.44339;1
 -73.31832; 9.82606;      -0.42554;3.44339;1
 -73.35114; 9.82939;      -0.42534;3.44338;1
 -73.38400; 9.83273;      -0.42515;3.44338;1
 -73.41683; 9.83606;      -0.42496;3.44338;1
 -73.44965; 9.83939;      -0.42475;3.44337;1
 -73.48252; 9.84273;      -0.42454;3.44337;1
 -73.51538; 9.84606;      -0.42432;3.44337;1
 -73.54824; 9.84939;      -0.42413;3.44336;1
 -73.58109; 9.85273;      -0.42395;3.44336;1
 -73.61395; 9.85606;      -0.42375;3.44336;1
 -73.64683; 9.85939;      -0.42357;3.44335;1
 -73.67968; 9.86272;      -0.42342;3.44335;1
 -73.71251; 9.86606;      -0.42330;3.44334;1
 -73.74536; 9.86939;      -0.42316;3.44334;1
 -73.77818; 9.87272;      -0.42301;3.44334;1
 -73.81101; 9.87606;      -0.42280;3.44333;1
 -73.84382; 9.87939;      -0.42251;3.44333;1
 -73.87665; 9.88272;      -0.42230;3.44333;1
 -73.90947; 9.88606;      -0.42210;3.44332;1
 -73.94229; 9.88939;      -0.42195;3.44332;1
 -73.97505; 9.89272;      -0.42181;3.44331;1
 -74.00783; 9.89606;      -0.42164;3.44331;1
 -74.04061; 9.89939;      -0.42147;3.44331;1
 -74.07340; 9.90272;      -0.42131;3.44330;1
 -74.10611; 9.90606;      -0.42115;3.44330;1
 -74.13884; 9.90939;      -0.42100;3.44330;1
 -74.17158; 9.91272;      -0.42084;3.44329;1
 -74.20431; 9.91605;      -0.42070;3.44329;1
 -74.23699; 9.91939;      -0.42056;3.44328;1
 -74.26975; 9.92272;      -0.42047;3.44328;1
 -74.30249; 9.92605;      -0.42037;3.44328;1
 -74.33520; 9.92939;      -0.42022;3.44327;1
 -74.36791; 9.93272;      -0.42005;3.44327;1
 -74.40065; 9.93605;      -0.41986;3.44327;1
 -74.43339; 9.93939;      -0.41972;3.44326;1
 -74.46608; 9.94272;      -0.41957;3.44326;1
 -74.49878; 9.94605;      -0.41942;3.44325;1
 -74.53147; 9.94939;      -0.41930;3.44325;1
 -74.56417; 9.95272;      -0.41917;3.44325;1
 -74.59681; 9.95605;      -0.41905;3.44324;1
 -74.62951; 9.95939;      -0.41893;3.44324;1
 -74.66213; 9.96272;      -0.41880;3.44323;1
 -74.69477; 9.96605;      -0.41868;3.44323;1
 -74.72741; 9.96938;      -0.41856;3.44323;1
 -74.76008; 9.97272;      -0.41835;3.44322;1
 -74.79275; 9.97605;      -0.41821;3.44322;1
 -74.82543; 9.97938;      -0.41806;3.44321;1
 -74.85811; 9.98272;      -0.41795;3.44321;1
 -74.89079; 9.98605;      -0.41786;3.44321;1
 -74.92345; 9.98938;      -0.41775;3.44320;1
 -74.95609; 9.99272;      -0.41762;3.44320;1
 -74.98872; 9.99605;      -0.41751;3.44319;1
 -75.02130; 9.99938;      -0.41738;3.44319;1
 -75.05388;10.00272;      -0.41727;3.44319;1
 -75.08649;10.00605;      -0.41717;3.44318;1
 -75.11914;10.00938;      -0.41708;3.44318;1
 -75.15181;10.01272;      -0.41698;3.44317;1
 -75.18444;10.01605;      -0.41690;3.44317;1
 -75.21705;10.01938;      -0.41679;3.44317;1
 -75.24965;10.02271;      -0.41666;3.44316;1
 -75.28227;10.02605;      -0.41653;3.44316;1
 -75.31490;10.02938;      -0.41639;3.44316;1
 -75.34753;10.03271;      -0.41624;3.44315;1
 -75.38011;10.03605;      -0.41610;3.44315;1
 -75.41268;10.03938;      -0.41592;3.44314;1
 -75.44525;10.04271;      -0.41574;3.44314;1
 -75.47781;10.04605;      -0.41557;3.44314;1
 -75.51035;10.04938;      -0.41537;3.44313;1
 -75.54289;10.05271;      -0.41522;3.44313;1
 -75.57543;10.05605;      -0.41504;3.44312;1
 -75.60793;10.05938;      -0.41487;3.44312;1
 -75.64042;10.06271;      -0.41471;3.44311;1
 -75.67294;10.06605;      -0.41456;3.44311;1
 -75.70545;10.06938;      -0.41442;3.44311;1
 -75.73795;10.07271;      -0.41425;3.44310;1
 -75.77045;10.07604;      -0.41407;3.44310;1
 -75.80302;10.07938;      -0.41389;3.44309;1
 -75.83558;10.08271;      -0.41371;3.44309;1
 -75.86813;10.08604;      -0.41354;3.44309;1
 -75.90070;10.08938;      -0.41338;3.44308;1
 -75.93328;10.09271;      -0.41322;3.44308;1
 -75.96590;10.09604;      -0.41308;3.44307;1
 -75.99851;10.09938;      -0.41295;3.44307;1
 -76.03111;10.10271;      -0.41293;3.44307;1
 -76.06377;10.10604;      -0.41287;3.44306;1
 -76.09645;10.10938;      -0.41263;3.44306;1
 -76.12917;10.11271;      -0.41242;3.44305;1
 -76.16187;10.11604;      -0.41223;3.44305;1
 -76.19459;10.11938;      -0.41209;3.44304;1
 -76.22733;10.12271;      -0.41199;3.44304;1
 -76.26008;10.12604;      -0.41189;3.44304;1
 -76.29289;10.12937;      -0.41178;3.44303;1
 -76.32572;10.13271;      -0.41164;3.44303;1
 -76.35856;10.13604;      -0.41152;3.44302;1
 -76.39139;10.13937;      -0.41139;3.44302;1
 -76.42427;10.14271;      -0.41123;3.44302;1
 -76.45713;10.14604;      -0.41113;3.44301;1
 -76.49004;10.14937;      -0.41103;3.44301;1
 -76.52297;10.15271;      -0.41091;3.44300;1
 -76.55592;10.15604;      -0.41078;3.44300;1
 -76.58895;10.15937;      -0.41063;3.44299;1
 -76.62197;10.16271;      -0.41049;3.44299;1
 -76.65499;10.16604;      -0.41036;3.44299;1
 -76.68806;10.16937;      -0.41026;3.44298;1
 -76.72115;10.17271;      -0.41016;3.44298;1
 -76.75422;10.17604;      -0.41003;3.44297;1
 -76.78734;10.17937;      -0.40987;3.44297;1
 -76.82047;10.18270;      -0.40969;3.44296;1
 -76.85364;10.18604;      -0.40949;3.44296;1
 -76.88680;10.18937;      -0.40932;3.44295;1
 -76.92003;10.19270;      -0.40916;3.44295;1
 -76.95332;10.19604;      -0.40904;3.44295;1
 -76.98664;10.19937;      -0.40887;3.44294;1
 -77.01999;10.20270;      -0.40874;3.44294;1
 -77.05337;10.20604;      -0.40864;3.44293;1
 -77.08678;10.20937;      -0.40856;3.44293;1
 -77.12023;10.21270;      -0.40852;3.44292;1
 -77.15370;10.21604;      -0.40848;3.44292;1
 -77.18718;10.21937;      -0.40843;3.44291;1
 -77.22072;10.22270;      -0.40839;3.44291;1
 -77.25431;10.22604;      -0.40837;3.44291;1
 -77.28794;10.22937;      -0.40833;3.44290;1
 -77.32159;10.23270;      -0.40832;3.44290;1
 -77.35527;10.23603;      -0.40834;3.44289;1
 -77.38894;10.23937;      -0.40836;3.44289;1
 -77.42267;10.24270;      -0.40838;3.44288;1
 -77.45646;10.24603;      -0.40845;3.44288;1
 -77.49025;10.24937;      -0.40849;3.44287;1
 -77.52409;10.25270;      -0.40853;3.44287;1
 -77.55796;10.25603;      -0.40858;3.44286;1
 -77.59189;10.25937;      -0.40862;3.44286;1
 -77.62589;10.26270;      -0.40867;3.44286;1
 -77.65992;10.26603;      -0.40872;3.44285;1
 -77.69398;10.26937;      -0.40877;3.44285;1
 -77.72807;10.27270;      -0.40876;3.44284;1
 -77.76214;10.27603;      -0.40876;3.44284;1
 -77.79634;10.27937;      -0.40889;3.44283;1
 -77.83049;10.28270;      -0.40903;3.44283;1
 -77.86472;10.28603;      -0.40917;3.44282;1
 -77.89897;10.28936;      -0.40927;3.44282;1
 -77.93323;10.29270;      -0.40933;3.44281;1
 -77.96755;10.29603;      -0.40937;3.44281;1
 -78.00189;10.29936;      -0.40938;3.44280;1
 -78.03626;10.30270;      -0.40940;3.44280;1
 -78.07067;10.30603;      -0.40942;3.44279;1
 -78.10510;10.30936;      -0.40944;3.44279;1
 -78.13955;10.31270;      -0.40961;3.44278;1
 -78.17404;10.31603;      -0.40979;3.44278;1
 -78.20863;10.31936;      -0.40991;3.44278;1
 -78.24324;10.32270;      -0.41003;3.44277;1
 -78.27785;10.32603;      -0.41017;3.44277;1
 -78.31246;10.32936;      -0.41033;3.44276;1
 -78.34706;10.33270;      -0.41049;3.44276;1
 -78.38169;10.33603;      -0.41062;3.44275;1
 -78.41635;10.33936;      -0.41076;3.44275;1
 -78.45100;10.34269;      -0.41089;3.44274;1
 -78.48568;10.34603;      -0.41105;3.44274;1
 -78.52042;10.34936;      -0.41123;3.44273;1
 -78.55517;10.35269;      -0.41142;3.44273;1
 -78.58997;10.35603;      -0.41161;3.44272;1
 -78.62473;10.35936;      -0.41180;3.44272;1
 -78.65950;10.36269;      -0.41195;3.44271;1
 -78.69433;10.36603;      -0.41213;3.44271;1
 -78.72919;10.36936;      -0.41230;3.44270;1
 -78.76407;10.37269;      -0.41246;3.44270;1
 -78.79892;10.37603;      -0.41266;3.44269;1
 -78.83380;10.37936;      -0.41291;3.44269;1
 -78.86869;10.38269;      -0.41317;3.44268;1
 -78.90357;10.38603;      -0.41342;3.44268;1
 -78.93846;10.38936;      -0.41362;3.44267;1
 -78.97339;10.39269;      -0.41377;3.44267;1
 -79.00828;10.39602;      -0.41392;3.44266;1
 -79.04318;10.39936;      -0.41405;3.44266;1
 -79.07808;10.40269;      -0.41422;3.44265;1
 -79.11296;10.40602;      -0.41453;3.44265;1
 -79.14788;10.40936;      -0.41487;3.44264;1
 -79.18276;10.41269;      -0.41517;3.44264;1
 -79.21759;10.41602;      -0.41545;3.44263;1
 -79.25244;10.41936;      -0.41570;3.44263;1
 -79.28731;10.42269;      -0.41594;3.44262;1
 -79.32219;10.42602;      -0.41614;3.44262;1
 -79.35702;10.42936;      -0.41638;3.44261;1
 -79.39180;10.43269;      -0.41662;3.44261;1
 -79.42659;10.43602;      -0.41683;3.44260;1
 -79.46138;10.43936;      -0.41711;3.44260;1
 -79.49619;10.44269;      -0.41748;3.44259;1
 -79.53096;10.44602;      -0.41781;3.44259;1
 -79.56573;10.44935;      -0.41815;3.44258;1
 -79.60045;10.45269;      -0.41848;3.44258;1
 -79.63516;10.45602;      -0.41876;3.44257;1
 -79.66990;10.45935;      -0.41899;3.44256;1
 -79.70457;10.46269;      -0.41914;3.44256;1
 -79.73919;10.46602;      -0.41927;3.44255;1
 -79.77378;10.46935;      -0.41941;3.44255;1
 -79.80838;10.47269;      -0.41962;3.44254;1
 -79.84293;10.47602;      -0.41986;3.44254;1
 -79.87752;10.47935;      -0.42005;3.44253;1
 -79.91201;10.48269;      -0.42020;3.44253;1
 -79.94649;10.48602;      -0.42038;3.44252;1
 -79.98092;10.48935;      -0.42056;3.44252;1
 -80.01533;10.49269;      -0.42073;3.44251;1
 -80.04968;10.49602;      -0.42095;3.44251;1
 -80.08398;10.49935;      -0.42098;3.44250;1
 -80.11822;10.50268;      -0.42103;3.44250;1
 -80.15249;10.50602;      -0.42117;3.44249;1
 -80.18668;10.50935;      -0.42133;3.44249;1
 -80.22087;10.51268;      -0.42149;3.44248;1
 -80.25501;10.51602;      -0.42162;3.44248;1
 -80.28912;10.51935;      -0.42177;3.44247;1
 -80.32312;10.52268;      -0.42189;3.44247;1
 -80.35711;10.52602;      -0.42201;3.44246;1
 -80.39108;10.52935;      -0.42208;3.44246;1
 -80.42505;10.53268;      -0.42208;3.44245;1
 -80.45899;10.53602;      -0.42208;3.44245;1
 -80.49291;10.53935;      -0.42209;3.44244;1
 -80.52677;10.54268;      -0.42213;3.44244;1
 -80.56061;10.54602;      -0.42219;3.44243;1
 -80.59439;10.54935;      -0.42222;3.44242;1
 -80.62812;10.55268;      -0.42224;3.44242;1
 -80.66182;10.55601;      -0.42222;3.44241;1
 -80.69550;10.55935;      -0.42218;3.44241;1
 -80.72916;10.56268;      -0.42210;3.44240;1
 -80.76276;10.56601;      -0.42196;3.44240;1
 -80.79629;10.56935;      -0.42183;3.44239;1
 -80.82981;10.57268;      -0.42174;3.44239;1
 -80.86325;10.57601;      -0.42167;3.44238;1
 -80.89674;10.57935;      -0.42157;3.44238;1
 -80.93017;10.58268;      -0.42147;3.44237;1
 -80.96351;10.58601;      -0.42134;3.44237;1
 -80.99687;10.58935;      -0.42120;3.44236;1
 -81.03016;10.59268;      -0.42112;3.44236;1
 -81.06341;10.59601;      -0.42092;3.44235;1
 -81.09664;10.59935;      -0.42074;3.44235;1
 -81.12986;10.60268;      -0.42061;3.44234;1
 -81.16305;10.60601;      -0.42052;3.44234;1
 -81.19624;10.60935;      -0.42032;3.44233;1
 -81.22936;10.61268;      -0.42014;3.44233;1
 -81.26245;10.61601;      -0.41997;3.44232;1
 -81.29553;10.61934;      -0.41981;3.44232;1
 -81.32854;10.62268;      -0.41961;3.44231;1
 -81.36153;10.62601;      -0.41939;3.44230;1
 -81.39449;10.62934;      -0.41910;3.44230;1
 -81.42746;10.63268;      -0.41885;3.44229;1
 -81.46043;10.63601;      -0.41861;3.44229;1
 -81.49338;10.63934;      -0.41834;3.44228;1
 -81.52633;10.64268;      -0.41797;3.44228;1
 -81.55927;10.64601;      -0.41766;3.44227;1
 -81.59223;10.64934;      -0.41737;3.44227;1
 -81.62514;10.65268;      -0.41715;3.44226;1
 -81.65809;10.65601;      -0.41695;3.44226;1
 -81.69102;10.65934;      -0.41668;3.44225;1
 -81.72389;10.66268;      -0.41637;3.44225;1
 -81.75677;10.66601;      -0.41606;3.44224;1
 -81.78962;10.66934;      -0.41581;3.44224;1
 -81.82251;10.67267;      -0.41556;3.44223;1
 -81.85540;10.67601;      -0.41527;3.44223;1
 -81.88827;10.67934;      -0.41496;3.44222;1
 -81.92110;10.68267;      -0.41461;3.44222;1
 -81.95401;10.68601;      -0.41428;3.44221;1
 -81.98690;10.68934;      -0.41397;3.44220;1
 -82.01978;10.69267;      -0.41365;3.44220;1
 -82.05269;10.69601;      -0.41331;3.44219;1
 -82.08566;10.69934;      -0.41296;3.44219;1
 -82.11866;10.70267;      -0.41256;3.44218;1
 -82.15164;10.70601;      -0.41220;3.44218;1
 -82.18462;10.70934;      -0.41192;3.44217;1
 -82.21766;10.71267;      -0.41164;3.44217;1
 -82.25066;10.71601;      -0.41134;3.44216;1
 -82.28372;10.71934;      -0.41103;3.44216;1
 -82.31682;10.72267;      -0.41077;3.44215;1
 -82.34994;10.72600;      -0.41052;3.44215;1
 -82.38305;10.72934;      -0.41026;3.44214;1
 -82.41616;10.73267;      -0.41003;3.44213;1
 -82.44932;10.73600;      -0.40981;3.44213;1
 -82.48248;10.73934;      -0.40957;3.44212;1
 -82.51567;10.74267;      -0.40933;3.44212;1
 -82.54892;10.74600;      -0.40904;3.44211;1
 -82.58218;10.74934;      -0.40881;3.44211;1
 -82.61548;10.75267;      -0.40857;3.44210;1
 -82.64882;10.75600;      -0.40835;3.44210;1
 -82.68214;10.75934;      -0.40818;3.44209;1
 -82.71548;10.76267;      -0.40800;3.44208;1
 -82.74882;10.76600;      -0.40775;3.44208;1
 -82.78222;10.76934;      -0.40742;3.44207;1
 -82.81564;10.77267;      -0.40715;3.44207;1
 -82.84908;10.77600;      -0.40690;3.44206;1
 -82.88254;10.77933;      -0.40669;3.44206;1
 -82.91597;10.78267;      -0.40656;3.44205;1
 -82.94947;10.78600;      -0.40639;3.44205;1
 -82.98299;10.78933;      -0.40624;3.44204;1
 -83.01650;10.79267;      -0.40618;3.44203;1
 -83.05005;10.79600;      -0.40612;3.44203;1
 -83.08365;10.79933;      -0.40605;3.44202;1
 -83.11727;10.80267;      -0.40589;3.44202;1
 -83.15088;10.80600;      -0.40571;3.44201;1
 -83.18451;10.80933;      -0.40566;3.44201;1
 -83.21818;10.81267;      -0.40560;3.44200;1
 -83.25184;10.81600;      -0.40553;3.44199;1
 -83.28559;10.81933;      -0.40552;3.44199;1
 -83.31937;10.82267;      -0.40545;3.44198;1
 -83.35317;10.82600;      -0.40542;3.44198;1
 -83.38696;10.82933;      -0.40543;3.44197;1
 -83.42076;10.83266;      -0.40545;3.44197;1
 -83.45455;10.83600;      -0.40545;3.44196;1
 -83.48835;10.83933;      -0.40550;3.44195;1
 -83.52213;10.84266;      -0.40553;3.44195;1
 -83.55592;10.84600;      -0.40560;3.44194;1
 -83.58972;10.84933;      -0.40565;3.44194;1
 -83.62352;10.85266;      -0.40566;3.44193;1
 -83.65732;10.85600;      -0.40563;3.44193;1
 -83.69109;10.85933;      -0.40560;3.44192;1
 -83.72485;10.86266;      -0.40559;3.44191;1
 -83.75859;10.86600;      -0.40559;3.44191;1
 -83.79233;10.86933;      -0.40557;3.44190;1
 -83.82613;10.87266;      -0.40560;3.44190;1
 -83.85989;10.87600;      -0.40566;3.44189;1
 -83.89366;10.87933;      -0.40573;3.44188;1
 -83.92748;10.88266;      -0.40576;3.44188;1
 -83.96130;10.88599;      -0.40573;3.44187;1
 -83.99505;10.88933;      -0.40567;3.44187;1
 -84.02878;10.89266;      -0.40566;3.44186;1
 -84.06251;10.89599;      -0.40564;3.44186;1
 -84.09620;10.89933;      -0.40571;3.44185;1
 -84.12986;10.90266;      -0.40575;3.44184;1
 -84.16351;10.90599;      -0.40570;3.44184;1
 -84.19717;10.90933;      -0.40570;3.44183;1
 -84.23081;10.91266;      -0.40576;3.44183;1
 -84.26439;10.91599;      -0.40579;3.44182;1
 -84.29797;10.91933;      -0.40575;3.44181;1
 -84.33149;10.92266;      -0.40570;3.44181;1
 -84.36496;10.92599;      -0.40568;3.44180;1
 -84.39846;10.92933;      -0.40561;3.44180;1
 -84.43196;10.93266;      -0.40548;3.44179;1
 -84.46541;10.93599;      -0.40544;3.44178;1
 -84.49883;10.93932;      -0.40539;3.44178;1
 -84.53226;10.94266;      -0.40530;3.44177;1
 -84.56564;10.94599;      -0.40527;3.44177;1
 -84.59892;10.94932;      -0.40523;3.44176;1
 -84.63223;10.95266;      -0.40514;3.44176;1
 -84.66549;10.95599;      -0.40501;3.44175;1
 -84.69873;10.95932;      -0.40492;3.44174;1
 -84.73197;10.96266;      -0.40487;3.44174;1
 -84.76518;10.96599;      -0.40480;3.44173;1
 -84.79836;10.96932;      -0.40475;3.44173;1
 -84.83150;10.97266;      -0.40474;3.44172;1
 -84.86461;10.97599;      -0.40471;3.44171;1
 -84.89770;10.97932;      -0.40471;3.44171;1
 -84.93075;10.98266;      -0.40469;3.44170;1
 -84.96378;10.98599;      -0.40450;3.44170;1
 -84.99675;10.98932;      -0.40432;3.44169;1
 -85.02970;10.99265;      -0.40418;3.44168;1
 -85.06264;10.99599;      -0.40405;3.44168;1
 -85.09555;10.99932;      -0.40391;3.44167;1
 -85.12841;11.00265;      -0.40379;3.44167;1
 -85.16123;11.00599;      -0.40372;3.44166;1
 -85.19405;11.00932;      -0.40359;3.44165;1
 -85.22682;11.01265;      -0.40344;3.44165;1
 -85.25952;11.01599;      -0.40329;3.44164;1
 -85.29224;11.01932;      -0.40307;3.44164;1
 -85.32491;11.02265;      -0.40282;3.44163;1
 -85.35752;11.02599;      -0.40258;3.44162;1
 -85.39014;11.02932;      -0.40234;3.44162;1
 -85.42272;11.03265;      -0.40226;3.44161;1
 -85.45527;11.03599;      -0.40226;3.44161;1
 -85.48778;11.03932;      -0.40216;3.44160;1
 -85.52026;11.04265;      -0.40195;3.44159;1
 -85.55272;11.04598;      -0.40169;3.44159;1
 -85.58515;11.04932;      -0.40146;3.44158;1
 -85.61758;11.05265;      -0.40126;3.44158;1
 -85.64999;11.05598;      -0.40108;3.44157;1
 -85.68239;11.05932;      -0.40088;3.44156;1
 -85.71479;11.06265;      -0.40068;3.44156;1
 -85.74718;11.06598;      -0.40047;3.44155;1
 -85.77959;11.06932;      -0.40028;3.44155;1
 -85.81197;11.07265;      -0.40006;3.44154;1
 -85.84429;11.07598;      -0.39989;3.44154;1
 -85.87662;11.07932;      -0.39973;3.44153;1
 -85.90889;11.08265;      -0.39953;3.44152;1
 -85.94113;11.08598;      -0.39939;3.44152;1
 -85.97337;11.08932;      -0.39926;3.44151;1
 -86.00557;11.09265;      -0.39907;3.44151;1
 -86.03773;11.09598;      -0.39880;3.44150;1
 -86.06991;11.09931;      -0.39860;3.44149;1
 -86.10205;11.10265;      -0.39840;3.44149;1
 -86.13420;11.10598;      -0.39819;3.44148;1
 -86.16628;11.10931;      -0.39795;3.44148;1
 -86.19840;11.11265;      -0.39779;3.44147;1
 -86.23052;11.11598;      -0.39767;3.44146;1
 -86.26264;11.11931;      -0.39745;3.44146;1
 -86.29476;11.12265;      -0.39721;3.44145;1
 -86.32686;11.12598;      -0.39695;3.44145;1
 -86.35896;11.12931;      -0.39663;3.44144;1
 -86.39099;11.13265;      -0.39637;3.44143;1
 -86.42301;11.13598;      -0.39615;3.44143;1
 -86.45505;11.13931;      -0.39591;3.44142;1
 -86.48705;11.14265;      -0.39570;3.44142;1
 -86.51907;11.14598;      -0.39545;3.44141;1
 -86.55103;11.14931;      -0.39525;3.44140;1
 -86.58306;11.15264;      -0.39499;3.44140;1
 -86.61506;11.15598;      -0.39471;3.44139;1
 -86.64706;11.15931;      -0.39447;3.44138;1
 -86.67903;11.16264;      -0.39424;3.44138;1
 -86.71097;11.16598;      -0.39402;3.44137;1
 -86.74293;11.16931;      -0.39383;3.44137;1
 -86.77489;11.17264;      -0.39359;3.44136;1
 -86.80688;11.17598;      -0.39338;3.44135;1
 -86.83887;11.17931;      -0.39316;3.44135;1
 -86.87083;11.18264;      -0.39295;3.44134;1
 -86.90286;11.18598;      -0.39267;3.44134;1
 -86.93486;11.18931;      -0.39238;3.44133;1
 -86.96687;11.19264;      -0.39212;3.44132;1
 -86.99889;11.19598;      -0.39184;3.44132;1
 -87.03096;11.19931;      -0.39156;3.44131;1
 -87.06299;11.20264;      -0.39132;3.44131;1
 -87.09507;11.20597;      -0.39114;3.44130;1
 -87.12716;11.20931;      -0.39096;3.44129;1
 -87.15921;11.21264;      -0.39078;3.44129;1
 -87.19128;11.21597;      -0.39057;3.44128;1
 -87.22340;11.21931;      -0.39035;3.44127;1
 -87.25552;11.22264;      -0.39015;3.44127;1
 -87.28763;11.22597;      -0.38994;3.44126;1
 -87.31974;11.22931;      -0.38967;3.44126;1
 -87.35181;11.23264;      -0.38937;3.44125;1
 -87.38395;11.23597;      -0.38912;3.44124;1
 -87.41611;11.23931;      -0.38897;3.44124;1
 -87.44829;11.24264;      -0.38882;3.44123;1
 -87.48050;11.24597;      -0.38862;3.44122;1
 -87.51273;11.24931;      -0.38849;3.44122;1
 -87.54493;11.25264;      -0.38837;3.44121;1
 -87.57716;11.25597;      -0.38819;3.44121;1
 -87.60942;11.25930;      -0.38798;3.44120;1
 -87.64167;11.26264;      -0.38775;3.44119;1
 -87.67391;11.26597;      -0.38754;3.44119;1
 -87.70619;11.26930;      -0.38736;3.44118;1
 -87.73850;11.27264;      -0.38724;3.44117;1
 -87.77085;11.27597;      -0.38710;3.44117;1
 -87.80322;11.27930;      -0.38695;3.44116;1
 -87.83560;11.28264;      -0.38688;3.44116;1
 -87.86803;11.28597;      -0.38671;3.44115;1
 -87.90044;11.28930;      -0.38650;3.44114;1
 -87.93287;11.29264;      -0.38634;3.44114;1
 -87.96532;11.29597;      -0.38625;3.44113;1
 -87.99782;11.29930;      -0.38620;3.44112;1
 -88.03033;11.30264;      -0.38614;3.44112;1
 -88.06292;11.30597;      -0.38603;3.44111;1
 -88.09552;11.30930;      -0.38598;3.44110;1
 -88.12812;11.31263;      -0.38593;3.44110;1
 -88.16074;11.31597;      -0.38581;3.44109;1
 -88.19335;11.31930;      -0.38568;3.44108;1
 -88.22594;11.32263;      -0.38556;3.44108;1
 -88.25853;11.32597;      -0.38549;3.44107;1
 -88.29121;11.32930;      -0.38548;3.44107;1
 -88.32388;11.33263;      -0.38550;3.44106;1
 -88.35657;11.33597;      -0.38549;3.44105;1
 -88.38932;11.33930;      -0.38542;3.44105;1
 -88.42208;11.34263;      -0.38534;3.44104;1
 -88.45487;11.34597;      -0.38522;3.44103;1
 -88.48763;11.34930;      -0.38513;3.44103;1
 -88.52047;11.35263;      -0.38508;3.44102;1
 -88.55331;11.35597;      -0.38500;3.44101;1
 -88.58613;11.35930;      -0.38492;3.44101;1
 -88.61897;11.36263;      -0.38486;3.44100;1
 -88.65184;11.36596;      -0.38488;3.44099;1
 -88.68477;11.36930;      -0.38489;3.44099;1
 -88.71769;11.37263;      -0.38483;3.44098;1
 -88.75063;11.37596;      -0.38478;3.44097;1
 -88.78358;11.37930;      -0.38474;3.44097;1
 -88.81654;11.38263;      -0.38471;3.44096;1
 -88.84952;11.38596;      -0.38468;3.44095;1
 -88.88246;11.38930;      -0.38462;3.44095;1
 -88.91547;11.39263;      -0.38458;3.44094;1
 -88.94852;11.39596;      -0.38455;3.44093;1
 -88.98158;11.39930;      -0.38452;3.44093;1
 -89.01465;11.40263;      -0.38451;3.44092;1
 -89.04777;11.40596;      -0.38450;3.44091;1
 -89.08088;11.40930;      -0.38447;3.44091;1
 -89.11398;11.41263;      -0.38441;3.44090;1
 -89.14714;11.41596;      -0.38435;3.44089;1
 -89.18036;11.41930;      -0.38433;3.44089;1
 -89.21354;11.42263;      -0.38434;3.44088;1
 -89.24674;11.42596;      -0.38435;3.44087;1
 -89.27996;11.42929;      -0.38439;3.44087;1
 -89.31325;11.43263;      -0.38442;3.44086;1
 -89.34658;11.43596;      -0.38441;3.44085;1
 -89.37991;11.43929;      -0.38441;3.44084;1
 -89.41323;11.44263;      -0.38442;3.44084;1
 -89.44657;11.44596;      -0.38442;3.44083;1
 -89.47990;11.44929;      -0.38444;3.44082;1
 -89.51324;11.45263;      -0.38444;3.44082;1
 -89.54661;11.45596;      -0.38445;3.44081;1
 -89.57996;11.45929;      -0.38446;3.44080;1
 -89.61331;11.46263;      -0.38449;3.44080;1
 -89.64671;11.46596;      -0.38455;3.44079;1
 -89.68013;11.46929;      -0.38457;3.44078;1
 -89.71354;11.47263;      -0.38458;3.44078;1
 -89.74694;11.47596;      -0.38461;3.44077;1
 -89.78030;11.47929;      -0.38469;3.44076;1
 -89.81371;11.48262;      -0.38474;3.44075;1
 -89.84712;11.48596;      -0.38479;3.44075;1
 -89.88053;11.48929;      -0.38484;3.44074;1
 -89.91395;11.49262;      -0.38486;3.44073;1
 -89.94738;11.49596;      -0.38491;3.44073;1
 -89.98087;11.49929;      -0.38496;3.44072;1
 -90.01436;11.50262;      -0.38504;3.44071;1
 -90.04785;11.50596;      -0.38509;3.44071;1
 -90.08131;11.50929;      -0.38519;3.44070;1
 -90.11478;11.51262;      -0.38531;3.44069;1
 -90.14829;11.51596;      -0.38538;3.44068;1
 -90.18180;11.51929;      -0.38543;3.44068;1
 -90.21531;11.52262;      -0.38545;3.44067;1
 -90.24885;11.52596;      -0.38542;3.44066;1
 -90.28243;11.52929;      -0.38542;3.44066;1
 -90.31594;11.53262;      -0.38543;3.44065;1
 -90.34947;11.53595;      -0.38545;3.44064;1
 -90.38304;11.53929;      -0.38550;3.44064;1
 -90.41659;11.54262;      -0.38558;3.44063;1
 -90.45011;11.54595;      -0.38565;3.44062;1
 -90.48365;11.54929;      -0.38567;3.44061;1
 -90.51716;11.55262;      -0.38568;3.44061;1
 -90.55066;11.55595;      -0.38570;3.44060;1
 -90.58417;11.55929;      -0.38572;3.44059;1
 -90.61770;11.56262;      -0.38581;3.44059;1
 -90.65125;11.56595;      -0.38586;3.44058;1
 -90.68485;11.56929;      -0.38590;3.44057;1
 -90.71845;11.57262;      -0.38595;3.44056;1
 -90.75199;11.57595;      -0.38597;3.44056;1
 -90.78556;11.57929;      -0.38598;3.44055;1
 -90.81909;11.58262;      -0.38601;3.44054;1
 -90.85263;11.58595;      -0.38606;3.44054;1
 -90.88622;11.58928;      -0.38611;3.44053;1
 -90.91987;11.59262;      -0.38611;3.44052;1
 -90.95349;11.59595;      -0.38612;3.44051;1
 -90.98708;11.59928;      -0.38610;3.44051;1
 -91.02067;11.60262;      -0.38612;3.44050;1
 -91.05425;11.60595;      -0.38617;3.44049;1
 -91.08779;11.60928;      -0.38621;3.44048;1
 -91.12136;11.61262;      -0.38626;3.44048;1
 -91.15495;11.61595;      -0.38628;3.44047;1
 -91.18857;11.61928;      -0.38627;3.44046;1
 -91.22217;11.62262;      -0.38625;3.44046;1
 -91.25582;11.62595;      -0.38627;3.44045;1
 -91.28947;11.62928;      -0.38629;3.44044;1
 -91.32315;11.63262;      -0.38636;3.44043;1
 -91.35680;11.63595;      -0.38646;3.44043;1
 -91.39045;11.63928;      -0.38648;3.44042;1
 -91.42405;11.64261;      -0.38644;3.44041;1
 -91.45769;11.64595;      -0.38643;3.44040;1
 -91.49133;11.64928;      -0.38645;3.44040;1
 -91.52497;11.65261;      -0.38644;3.44039;1
 -91.55861;11.65595;      -0.38647;3.44038;1
 -91.59226;11.65928;      -0.38650;3.44037;1
 -91.62592;11.66261;      -0.38652;3.44037;1
 -91.65960;11.66595;      -0.38655;3.44036;1
 -91.69322;11.66928;      -0.38656;3.44035;1
 -91.72687;11.67261;      -0.38661;3.44035;1
 -91.76050;11.67595;      -0.38661;3.44034;1
 -91.79413;11.67928;      -0.38662;3.44033;1
 -91.82779;11.68261;      -0.38663;3.44032;1
 -91.86139;11.68595;      -0.38665;3.44032;1
 -91.89500;11.68928;      -0.38665;3.44031;1
 -91.92861;11.69261;      -0.38663;3.44030;1
 -91.96219;11.69594;      -0.38662;3.44029;1
 -91.99575;11.69928;      -0.38660;3.44029;1
 -92.02937;11.70261;      -0.38661;3.44028;1
 -92.06297;11.70594;      -0.38657;3.44027;1
 -92.09654;11.70928;      -0.38654;3.44026;1
 -92.13009;11.71261;      -0.38653;3.44026;1
 -92.16361;11.71594;      -0.38652;3.44025;1
 -92.19715;11.71928;      -0.38651;3.44024;1
 -92.23067;11.72261;      -0.38651;3.44023;1
 -92.26421;11.72594;      -0.38649;3.44023;1
 -92.29775;11.72928;      -0.38652;3.44022;1
 -92.33128;11.73261;      -0.38653;3.44021;1
 -92.36478;11.73594;      -0.38657;3.44020;1
 -92.39833;11.73928;      -0.38657;3.44020;1
 -92.43184;11.74261;      -0.38661;3.44019;1
 -92.46538;11.74594;      -0.38660;3.44018;1
 -92.49889;11.74927;      -0.38659;3.44017;1
 -92.53239;11.75261;      -0.38656;3.44017;1
 -92.56591;11.75594;      -0.38654;3.44016;1
 -92.59946;11.75927;      -0.38654;3.44015;1
 -92.63302;11.76261;      -0.38655;3.44014;1
 -92.66656;11.76594;      -0.38659;3.44014;1
 -92.70010;11.76927;      -0.38661;3.44013;1
 -92.73359;11.77261;      -0.38661;3.44012;1
 -92.76706;11.77594;      -0.38661;3.44011;1
 -92.80056;11.77927;      -0.38665;3.44011;1
 -92.83402;11.78261;      -0.38669;3.44010;1
 -92.86752;11.78594;      -0.38672;3.44009;1
 -92.90102;11.78927;      -0.38672;3.44008;1
 -92.93448;11.79261;      -0.38670;3.44008;1
 -92.96794;11.79594;      -0.38666;3.44007;1
 -93.00138;11.79927;      -0.38658;3.44006;1
 -93.03484;11.80260;      -0.38653;3.44005;1
 -93.06832;11.80594;      -0.38645;3.44005;1
 -93.10178;11.80927;      -0.38642;3.44004;1
 -93.13524;11.81260;      -0.38640;3.44003;1
 -93.16866;11.81594;      -0.38639;3.44002;1
 -93.20208;11.81927;      -0.38636;3.44001;1
 -93.23549;11.82260;      -0.38623;3.44001;1
 -93.26887;11.82594;      -0.38614;3.44000;1
 -93.30223;11.82927;      -0.38610;3.43999;1
 -93.33559;11.83260;      -0.38605;3.43998;1
 -93.36893;11.83594;      -0.38597;3.43998;1
 -93.40231;11.83927;      -0.38591;3.43997;1
 -93.43566;11.84260;      -0.38583;3.43996;1
 -93.46906;11.84594;      -0.38575;3.43995;1
 -93.50243;11.84927;      -0.38571;3.43995;1
 -93.53580;11.85260;      -0.38567;3.43994;1
 -93.56919;11.85593;      -0.38562;3.43993;1
 -93.60260;11.85927;      -0.38556;3.43992;1
 -93.63599;11.86260;      -0.38547;3.43992;1
 -93.66940;11.86593;      -0.38534;3.43991;1
 -93.70278;11.86927;      -0.38523;3.43990;1
 -93.73618;11.87260;      -0.38516;3.43989;1
 -93.76957;11.87593;      -0.38503;3.43988;1
 -93.80298;11.87927;      -0.38489;3.43988;1
 -93.83638;11.88260;      -0.38478;3.43987;1
 -93.86980;11.88593;      -0.38465;3.43986;1
 -93.90323;11.88927;      -0.38452;3.43985;1
 -93.93664;11.89260;      -0.38446;3.43985;1
 -93.97007;11.89593;      -0.38440;3.43984;1
 -94.00358;11.89927;      -0.38425;3.43983;1
 -94.03707;11.90260;      -0.38416;3.43982;1
 -94.07047;11.90593;      -0.38408;3.43981;1
 -94.10391;11.90926;      -0.38403;3.43981;1
 -94.13738;11.91260;      -0.38397;3.43980;1
 -94.17087;11.91593;      -0.38390;3.43979;1
 -94.20437;11.91926;      -0.38389;3.43978;1
 -94.23786;11.92260;      -0.38381;3.43978;1
 -94.27131;11.92593;      -0.38374;3.43977;1
 -94.30478;11.92926;      -0.38368;3.43976;1
 -94.33827;11.93260;      -0.38362;3.43975;1
 -94.37177;11.93593;      -0.38358;3.43974;1
 -94.40530;11.93926;      -0.38356;3.43974;1
 -94.43877;11.94260;      -0.38351;3.43973;1
 -94.47229;11.94593;      -0.38348;3.43972;1
 -94.50577;11.94926;      -0.38339;3.43971;1
 -94.53929;11.95260;      -0.38333;3.43970;1
 -94.57282;11.95593;      -0.38330;3.43970;1
 -94.60636;11.95926;      -0.38325;3.43969;1
 -94.63985;11.96259;      -0.38320;3.43968;1
 -94.67332;11.96593;      -0.38323;3.43967;1
 -94.70680;11.96926;      -0.38327;3.43966;1
 -94.74030;11.97259;      -0.38327;3.43966;1
 -94.77377;11.97593;      -0.38329;3.43965;1
 -94.80728;11.97926;      -0.38329;3.43964;1
 -94.84082;11.98259;      -0.38324;3.43963;1
 -94.87436;11.98593;      -0.38320;3.43962;1
 -94.90789;11.98926;      -0.38319;3.43962;1
 -94.94139;11.99259;      -0.38319;3.43961;1
 -94.97490;11.99593;      -0.38315;3.43960;1
 -95.00838;11.99926;      -0.38314;3.43959;1
 -95.04186;12.00259;      -0.38311;3.43958;1
 -95.07536;12.00593;      -0.38311;3.43958;1
 -95.10883;12.00926;      -0.38300;3.43957;1
 -95.14232;12.01259;      -0.38297;3.43956;1
 -95.17584;12.01592;      -0.38297;3.43955;1
 -95.20934;12.01926;      -0.38297;3.43954;1
 -95.24287;12.02259;      -0.38293;3.43954;1
 -95.27631;12.02592;      -0.38289;3.43953;1
 -95.30976;12.02926;      -0.38282;3.43952;1
 -95.34322;12.03259;      -0.38277;3.43951;1
 -95.37665;12.03592;      -0.38275;3.43950;1
 -95.41005;12.03926;      -0.38273;3.43950;1
 -95.44343;12.04259;      -0.38271;3.43949;1
 -95.47677;12.04592;      -0.38268;3.43948;1
 -95.51013;12.04926;      -0.38269;3.43947;1
 -95.54350;12.05259;      -0.38268;3.43946;1
 -95.57685;12.05592;      -0.38262;3.43946;1
 -95.61017;12.05926;      -0.38257;3.43945;1
 -95.64348;12.06259;      -0.38253;3.43944;1
 -95.67679;12.06592;      -0.38250;3.43943;1
 -95.71009;12.06925;      -0.38245;3.43942;1
 -95.74342;12.07259;      -0.38240;3.43942;1
 -95.77669;12.07592;      -0.38231;3.43941;1
 -95.80998;12.07925;      -0.38223;3.43940;1
 -95.84327;12.08259;      -0.38215;3.43939;1
 -95.87656;12.08592;      -0.38210;3.43938;1
 -95.90984;12.08925;      -0.38201;3.43937;1
 -95.94312;12.09259;      -0.38192;3.43937;1
 -95.97638;12.09592;      -0.38184;3.43936;1
 -96.00966;12.09925;      -0.38179;3.43935;1
 -96.04288;12.10259;      -0.38178;3.43934;1
 -96.07614;12.10592;      -0.38179;3.43933;1
 -96.10942;12.10925;      -0.38176;3.43933;1
 -96.14269;12.11259;      -0.38171;3.43932;1
 -96.17594;12.11592;      -0.38167;3.43931;1
 -96.20923;12.11925;      -0.38164;3.43930;1
 -96.24252;12.12258;      -0.38158;3.43929;1
 -96.27583;12.12592;      -0.38152;3.43928;1
 -96.30914;12.12925;      -0.38145;3.43928;1
 -96.34246;12.13258;      -0.38139;3.43927;1
 -96.37575;12.13592;      -0.38131;3.43926;1
 -96.40901;12.13925;      -0.38125;3.43925;1
 -96.44231;12.14258;      -0.38118;3.43924;1
 -96.47564;12.14592;      -0.38106;3.43924;1
 -96.50893;12.14925;      -0.38093;3.43923;1
 -96.54225;12.15258;      -0.38079;3.43922;1
 -96.57560;12.15592;      -0.38068;3.43921;1
 -96.60890;12.15925;      -0.38058;3.43920;1
 -96.64221;12.16258;      -0.38047;3.43919;1
 -96.67556;12.16592;      -0.38036;3.43919;1
 -96.70894;12.16925;      -0.38027;3.43918;1
 -96.74230;12.17258;      -0.38018;3.43917;1
 -96.77564;12.17591;      -0.38009;3.43916;1
 -96.80901;12.17925;      -0.37996;3.43915;1
 -96.84236;12.18258;      -0.37985;3.43914;1
 -96.87573;12.18591;      -0.37979;3.43914;1
 -96.90912;12.18925;      -0.37970;3.43913;1
 -96.94251;12.19258;      -0.37964;3.43912;1
 -96.97588;12.19591;      -0.37952;3.43911;1
 -97.00921;12.19925;      -0.37942;3.43910;1
 -97.04261;12.20258;      -0.37931;3.43909;1
 -97.07598;12.20591;      -0.37916;3.43909;1
 -97.10935;12.20925;      -0.37905;3.43908;1
 -97.14274;12.21258;      -0.37891;3.43907;1
 -97.17613;12.21591;      -0.37878;3.43906;1
 -97.20953;12.21925;      -0.37868;3.43905;1
 -97.24296;12.22258;      -0.37858;3.43904;1
 -97.27634;12.22591;      -0.37842;3.43904;1
 -97.30974;12.22924;      -0.37827;3.43903;1
 -97.34315;12.23258;      -0.37820;3.43902;1
 -97.37656;12.23591;      -0.37815;3.43901;1
 -97.40999;12.23924;      -0.37806;3.43900;1
 -97.44344;12.24258;      -0.37796;3.43899;1
 -97.47686;12.24591;      -0.37787;3.43898;1
 -97.51032;12.24924;      -0.37781;3.43898;1
 -97.54380;12.25258;      -0.37774;3.43897;1
 -97.57726;12.25591;      -0.37766;3.43896;1
 -97.61075;12.25924;      -0.37759;3.43895;1
 -97.64429;12.26258;      -0.37752;3.43894;1
 -97.67777;12.26591;      -0.37745;3.43893;1
 -97.71127;12.26924;      -0.37737;3.43893;1
 -97.74474;12.27258;      -0.37726;3.43892;1
 -97.77819;12.27591;      -0.37717;3.43891;1
 -97.81172;12.27924;      -0.37708;3.43890;1
 -97.84521;12.28258;      -0.37700;3.43889;1
 -97.87868;12.28591;      -0.37696;3.43888;1
 -97.91216;12.28924;      -0.37697;3.43887;1
 -97.94565;12.29257;      -0.37697;3.43887;1
 -97.97915;12.29591;      -0.37694;3.43886;1
 -98.01268;12.29924;      -0.37692;3.43885;1
 -98.04616;12.30257;      -0.37690;3.43884;1
 -98.07965;12.30591;      -0.37683;3.43883;1
 -98.11311;12.30924;      -0.37673;3.43882;1
 -98.14658;12.31257;      -0.37668;3.43881;1
 -98.18004;12.31591;      -0.37661;3.43880;1
 -98.21350;12.31924;      -0.37654;3.43880;1
 -98.24691;12.32257;      -0.37647;3.43879;1
 -98.28035;12.32591;      -0.37644;3.43878;1
 -98.31377;12.32924;      -0.37641;3.43877;1
 -98.34717;12.33257;      -0.37639;3.43876;1
 -98.38057;12.33591;      -0.37637;3.43875;1
 -98.41398;12.33924;      -0.37636;3.43874;1
 -98.44742;12.34257;      -0.37639;3.43874;1
 -98.48084;12.34590;      -0.37644;3.43873;1
 -98.51425;12.34924;      -0.37648;3.43872;1
 -98.54768;12.35257;      -0.37648;3.43871;1
 -98.58109;12.35590;      -0.37649;3.43870;1
 -98.61448;12.35924;      -0.37651;3.43869;1
 -98.64793;12.36257;      -0.37650;3.43868;1
 -98.68137;12.36590;      -0.37652;3.43867;1
 -98.71482;12.36924;      -0.37654;3.43867;1
 -98.74824;12.37257;      -0.37647;3.43866;1
 -98.78171;12.37590;      -0.37638;3.43865;1
 -98.81521;12.37924;      -0.37630;3.43864;1
 -98.84871;12.38257;      -0.37624;3.43863;1
 -98.88222;12.38590;      -0.37618;3.43862;1
 -98.91567;12.38924;      -0.37609;3.43861;1
 -98.94915;12.39257;      -0.37601;3.43860;1
 -98.98263;12.39590;      -0.37592;3.43860;1
 -99.01611;12.39923;      -0.37582;3.43859;1
 -99.04964;12.40257;      -0.37574;3.43858;1
 -99.08314;12.40590;      -0.37567;3.43857;1
 -99.11665;12.40923;      -0.37560;3.43856;1
 -99.15018;12.41257;      -0.37557;3.43855;1
 -99.18374;12.41590;      -0.37551;3.43854;1
 -99.21731;12.41923;      -0.37541;3.43853;1
 -99.25086;12.42257;      -0.37530;3.43853;1
 -99.28439;12.42590;      -0.37523;3.43852;1
 -99.31794;12.42923;      -0.37514;3.43851;1
 -99.35153;12.43257;      -0.37505;3.43850;1
 -99.38511;12.43590;      -0.37496;3.43849;1
 -99.41872;12.43923;      -0.37488;3.43848;1
 -99.45229;12.44257;      -0.37480;3.43847;1
 -99.48589;12.44590;      -0.37470;3.43846;1
 -99.51950;12.44923;      -0.37462;3.43845;1
 -99.55309;12.45256;      -0.37453;3.43845;1
 -99.58665;12.45590;      -0.37440;3.43844;1
 -99.62021;12.45923;      -0.37431;3.43843;1
 -99.65376;12.46256;      -0.37427;3.43842;1
 -99.68731;12.46590;      -0.37426;3.43841;1
 -99.72092;12.46923;      -0.37417;3.43840;1
 -99.75452;12.47256;      -0.37404;3.43839;1
 -99.78808;12.47590;      -0.37397;3.43838;1
 -99.82166;12.47923;      -0.37390;3.43837;1
 -99.85524;12.48256;      -0.37389;3.43836;1
 -99.88884;12.48590;      -0.37392;3.43836;1
 -99.92242;12.48923;      -0.37394;3.43835;1
 -99.95598;12.49256;      -0.37393;3.43834;1
 -99.98957;12.49590;      -0.37384;3.43833;1
-100.02314;12.49923;      -0.37376;3.43832;1
-100.05674;12.50256;      -0.37367;3.43831;1
-100.09035;12.50589;      -0.37361;3.43830;1
-100.12394;12.50923;      -0.37359;3.43829;1
-100.15754;12.51256;      -0.37360;3.43828;1
-100.19113;12.51589;      -0.37362;3.43827;1
-100.22476;12.51923;      -0.37367;3.43827;1
-100.25838;12.52256;      -0.37366;3.43826;1
-100.29202;12.52589;      -0.37362;3.43825;1
-100.32563;12.52923;      -0.37363;3.43824;1
-100.35922;12.53256;      -0.37358;3.43823;1
-100.39285;12.53589;      -0.37358;3.43822;1
-100.42646;12.53923;      -0.37361;3.43821;1
-100.46006;12.54256;      -0.37363;3.43820;1
-100.49365;12.54589;      -0.37363;3.43819;1
-100.52727;12.54923;      -0.37364;3.43818;1
-100.56084;12.55256;      -0.37364;3.43817;1
-100.59438;12.55589;      -0.37365;3.43817;1
-100.62794;12.55922;      -0.37366;3.43816;1
-100.66151;12.56256;      -0.37364;3.43815;1
-100.69501;12.56589;      -0.37362;3.43814;1
-100.72849;12.56922;      -0.37360;3.43813;1
-100.76196;12.57256;      -0.37358;3.43812;1
-100.79545;12.57589;      -0.37360;3.43811;1
-100.82889;12.57922;      -0.37360;3.43810;1
-100.86228;12.58256;      -0.37360;3.43809;1
-100.89566;12.58589;      -0.37359;3.43808;1
-100.92903;12.58922;      -0.37354;3.43807;1
-100.96245;12.59256;      -0.37348;3.43807;1
-100.99583;12.59589;      -0.37336;3.43806;1
-101.02919;12.59922;      -0.37324;3.43805;1
-101.06259;12.60256;      -0.37316;3.43804;1
-101.09594;12.60589;      -0.37309;3.43803;1
-101.12928;12.60922;      -0.37309;3.43802;1
-101.16262;12.61255;      -0.37310;3.43801;1
-101.19592;12.61589;      -0.37306;3.43800;1
-101.22914;12.61922;      -0.37303;3.43799;1
-101.26237;12.62255;      -0.37298;3.43798;1
-101.29561;12.62589;      -0.37294;3.43797;1
-101.32885;12.62922;      -0.37290;3.43796;1
-101.36209;12.63255;      -0.37290;3.43795;1
-101.39534;12.63589;      -0.37292;3.43795;1
-101.42856;12.63922;      -0.37292;3.43794;1
-101.46175;12.64255;      -0.37287;3.43793;1
-101.49495;12.64589;      -0.37284;3.43792;1
-101.52813;12.64922;      -0.37280;3.43791;1
-101.56129;12.65255;      -0.37274;3.43790;1
-101.59445;12.65589;      -0.37268;3.43789;1
-101.62763;12.65922;      -0.37259;3.43788;1
-101.66079;12.66255;      -0.37243;3.43787;1
-101.69393;12.66588;      -0.37229;3.43786;1
-101.72709;12.66922;      -0.37218;3.43785;1
-101.76021;12.67255;      -0.37207;3.43784;1
-101.79333;12.67588;      -0.37196;3.43784;1
-101.82650;12.67922;      -0.37180;3.43783;1
-101.85965;12.68255;      -0.37168;3.43782;1
-101.89276;12.68588;      -0.37155;3.43781;1
-101.92586;12.68922;      -0.37139;3.43780;1
-101.95899;12.69255;      -0.37120;3.43779;1
-101.99214;12.69588;      -0.37092;3.43778;1
-102.02528;12.69922;      -0.37069;3.43777;1
-102.05844;12.70255;      -0.37051;3.43776;1
-102.09154;12.70588;      -0.37035;3.43775;1
-102.12466;12.70922;      -0.37019;3.43774;1
-102.15779;12.71255;      -0.37002;3.43773;1
-102.19089;12.71588;      -0.36994;3.43772;1
-102.22403;12.71921;      -0.36983;3.43771;1
-102.25716;12.72255;      -0.36971;3.43771;1
-102.29029;12.72588;      -0.36961;3.43770;1
-102.32343;12.72921;      -0.36950;3.43769;1
-102.35656;12.73255;      -0.36941;3.43768;1
-102.38971;12.73588;      -0.36936;3.43767;1
-102.42284;12.73921;      -0.36929;3.43766;1
-102.45599;12.74255;      -0.36917;3.43765;1
-102.48914;12.74588;      -0.36906;3.43764;1
-102.52232;12.74921;      -0.36893;3.43763;1
-102.55545;12.75255;      -0.36882;3.43762;1
-102.58861;12.75588;      -0.36871;3.43761;1
-102.62185;12.75921;      -0.36862;3.43760;1
-102.65503;12.76255;      -0.36852;3.43759;1
-102.68821;12.76588;      -0.36844;3.43758;1
-102.72144;12.76921;      -0.36834;3.43757;1
-102.75466;12.77254;      -0.36819;3.43756;1
-102.78790;12.77588;      -0.36810;3.43755;1
-102.82113;12.77921;      -0.36798;3.43755;1
-102.85433;12.78254;      -0.36788;3.43754;1
-102.88759;12.78588;      -0.36776;3.43753;1
-102.92086;12.78921;      -0.36762;3.43752;1
-102.95413;12.79254;      -0.36759;3.43751;1
-102.98740;12.79588;      -0.36758;3.43750;1
-103.02066;12.79921;      -0.36738;3.43749;1
-103.05389;12.80254;      -0.36719;3.43748;1
-103.08712;12.80588;      -0.36701;3.43747;1
-103.12037;12.80921;      -0.36687;3.43746;1
-103.15364;12.81254;      -0.36666;3.43745;1
-103.18693;12.81588;      -0.36648;3.43744;1
-103.22026;12.81921;      -0.36636;3.43743;1
-103.25362;12.82254;      -0.36623;3.43742;1
-103.28693;12.82587;      -0.36606;3.43741;1
-103.32021;12.82921;      -0.36595;3.43740;1
-103.35350;12.83254;      -0.36589;3.43739;1
-103.38679;12.83587;      -0.36580;3.43738;1
-103.42008;12.83921;      -0.36568;3.43737;1
-103.45340;12.84254;      -0.36559;3.43736;1
-103.48674;12.84587;      -0.36549;3.43735;1
-103.52005;12.84921;      -0.36545;3.43734;1
-103.55338;12.85254;      -0.36539;3.43733;1
-103.58668;12.85587;      -0.36533;3.43733;1
-103.62001;12.85921;      -0.36525;3.43732;1
-103.65335;12.86254;      -0.36519;3.43731;1
-103.68672;12.86587;      -0.36512;3.43730;1
-103.72007;12.86921;      -0.36505;3.43729;1
-103.75343;12.87254;      -0.36500;3.43728;1
-103.78682;12.87587;      -0.36495;3.43727;1
-103.82019;12.87920;      -0.36487;3.43726;1
-103.85354;12.88254;      -0.36482;3.43725;1
-103.88689;12.88587;      -0.36478;3.43724;1
-103.92027;12.88920;      -0.36475;3.43723;1
-103.95368;12.89254;      -0.36478;3.43722;1
-103.98706;12.89587;      -0.36482;3.43721;1
-104.02045;12.89920;      -0.36483;3.43720;1
-104.05378;12.90254;      -0.36483;3.43719;1
-104.08710;12.90587;      -0.36480;3.43718;1
-104.12044;12.90920;      -0.36475;3.43717;1
-104.15377;12.91254;      -0.36476;3.43716;1
-104.18710;12.91587;      -0.36478;3.43715;1
-104.22046;12.91920;      -0.36473;3.43714;1
-104.25382;12.92254;      -0.36470;3.43713;1
-104.28717;12.92587;      -0.36470;3.43712;1
-104.32050;12.92920;      -0.36466;3.43711;1
-104.35382;12.93253;      -0.36460;3.43710;1
-104.38717;12.93587;      -0.36456;3.43709;1
-104.42050;12.93920;      -0.36454;3.43708;1
-104.45385;12.94253;      -0.36452;3.43707;1
-104.48715;12.94587;      -0.36453;3.43706;1
-104.52045;12.94920;      -0.36453;3.43705;1
-104.55376;12.95253;      -0.36450;3.43704;1
-104.58707;12.95587;      -0.36444;3.43703;1
-104.62037;12.95920;      -0.36438;3.43702;1
-104.65366;12.96253;      -0.36437;3.43701;1
-104.68700;12.96587;      -0.36438;3.43700;1
-104.72029;12.96920;      -0.36431;3.43699;1
-104.75356;12.97253;      -0.36415;3.43698;1
-104.78686;12.97587;      -0.36401;3.43697;1
-104.82016;12.97920;      -0.36389;3.43696;1
-104.85344;12.98253;      -0.36381;3.43695;1
-104.88674;12.98586;      -0.36375;3.43694;1
-104.92004;12.98920;      -0.36372;3.43693;1
-104.95335;12.99253;      -0.36365;3.43692;1
-104.98662;12.99586;      -0.36356;3.43691;1
-105.01988;12.99920;      -0.36345;3.43690;1
-105.05315;13.00253;      -0.36335;3.43689;1
-105.08645;13.00586;      -0.36326;3.43688;1
-105.11977;13.00920;      -0.36315;3.43687;1
-105.15309;13.01253;      -0.36305;3.43686;1
-105.18637;13.01586;      -0.36299;3.43685;1
-105.21969;13.01920;      -0.36289;3.43684;1
-105.25298;13.02253;      -0.36278;3.43683;1
-105.28624;13.02586;      -0.36266;3.43682;1
-105.31948;13.02920;      -0.36257;3.43681;1
-105.35277;13.03253;      -0.36247;3.43681;1
-105.38606;13.03586;      -0.36240;3.43679;1
-105.41938;13.03919;      -0.36230;3.43679;1
-105.45267;13.04253;      -0.36227;3.43677;1
-105.48594;13.04586;      -0.36220;3.43676;1
-105.51920;13.04919;      -0.36213;3.43676;1
-105.55252;13.05253;      -0.36207;3.43674;1
-105.58582;13.05586;      -0.36203;3.43674;1
-105.61919;13.05919;      -0.36199;3.43672;1
-105.65251;13.06253;      -0.36194;3.43671;1
-105.68580;13.06586;      -0.36186;3.43670;1
-105.71913;13.06919;      -0.36174;3.43669;1
-105.75247;13.07253;      -0.36167;3.43668;1
-105.78579;13.07586;      -0.36163;3.43667;1
-105.81908;13.07919;      -0.36163;3.43666;1
-105.85240;13.08253;      -0.36155;3.43665;1
-105.88575;13.08586;      -0.36155;3.43664;1
-105.91910;13.08919;      -0.36159;3.43663;1
-105.95243;13.09253;      -0.36158;3.43662;1
-105.98575;13.09586;      -0.36160;3.43661;1
-106.01912;13.09919;      -0.36162;3.43660;1
-106.05247;13.10252;      -0.36160;3.43659;1
-106.08589;13.10586;      -0.36152;3.43658;1
-106.11933;13.10919;      -0.36144;3.43657;1
-106.15270;13.11252;      -0.36141;3.43656;1
-106.18609;13.11586;      -0.36138;3.43655;1
-106.21951;13.11919;      -0.36134;3.43654;1
-106.25296;13.12252;      -0.36131;3.43653;1
-106.28635;13.12586;      -0.36129;3.43652;1
-106.31972;13.12919;      -0.36125;3.43651;1
-106.35312;13.13252;      -0.36119;3.43650;1
-106.38653;13.13586;      -0.36117;3.43649;1
-106.41996;13.13919;      -0.36117;3.43648;1
-106.45340;13.14252;      -0.36113;3.43647;1
-106.48681;13.14586;      -0.36111;3.43646;1
-106.52026;13.14919;      -0.36109;3.43645;1
-106.55370;13.15252;      -0.36106;3.43644;1
-106.58710;13.15585;      -0.36101;3.43643;1
-106.62046;13.15919;      -0.36095;3.43642;1
-106.65383;13.16252;      -0.36087;3.43641;1
-106.68718;13.16585;      -0.36084;3.43640;1
-106.72051;13.16919;      -0.36084;3.43639;1
-106.75388;13.17252;      -0.36083;3.43638;1
-106.78728;13.17585;      -0.36080;3.43637;1
-106.82064;13.17919;      -0.36076;3.43636;1
-106.85394;13.18252;      -0.36073;3.43635;1
-106.88731;13.18585;      -0.36069;3.43634;1
-106.92066;13.18919;      -0.36062;3.43633;1
-106.95399;13.19252;      -0.36054;3.43632;1
-106.98731;13.19585;      -0.36046;3.43631;1
-107.02066;13.19919;      -0.36040;3.43630;1
-107.05404;13.20252;      -0.36032;3.43629;1
-107.08740;13.20585;      -0.36027;3.43628;1
-107.12075;13.20918;      -0.36020;3.43627;1
-107.15407;13.21252;      -0.36014;3.43626;1
-107.18740;13.21585;      -0.36008;3.43624;1
-107.22074;13.21918;      -0.36004;3.43623;1
-107.25405;13.22252;      -0.35999;3.43622;1
-107.28740;13.22585;      -0.35995;3.43621;1
-107.32077;13.22918;      -0.35986;3.43620;1
-107.35415;13.23252;      -0.35975;3.43619;1
-107.38752;13.23585;      -0.35969;3.43618;1
-107.42091;13.23918;      -0.35963;3.43617;1
-107.45429;13.24252;      -0.35958;3.43616;1
-107.48769;13.24585;      -0.35957;3.43615;1
-107.52110;13.24918;      -0.35956;3.43614;1
-107.55448;13.25252;      -0.35957;3.43613;1
-107.58785;13.25585;      -0.35957;3.43612;1
-107.62123;13.25918;      -0.35954;3.43611;1
-107.65460;13.26251;      -0.35949;3.43610;1
-107.68799;13.26585;      -0.35945;3.43609;1
-107.72139;13.26918;      -0.35942;3.43608;1
-107.75474;13.27251;      -0.35937;3.43607;1
-107.78811;13.27585;      -0.35932;3.43606;1
-107.82151;13.27918;      -0.35921;3.43605;1
-107.85489;13.28251;      -0.35909;3.43604;1
-107.88826;13.28585;      -0.35903;3.43603;1
-107.92162;13.28918;      -0.35886;3.43602;1
-107.95500;13.29251;      -0.35874;3.43600;1
-107.98835;13.29585;      -0.35862;3.43599;1
-108.02170;13.29918;      -0.35851;3.43598;1
-108.05506;13.30251;      -0.35836;3.43597;1
-108.08841;13.30585;      -0.35818;3.43596;1
-108.12171;13.30918;      -0.35807;3.43595;1
-108.15502;13.31251;      -0.35794;3.43594;1
-108.18839;13.31584;      -0.35780;3.43593;1
-108.22174;13.31918;      -0.35768;3.43592;1
-108.25507;13.32251;      -0.35758;3.43591;1
-108.28838;13.32584;      -0.35752;3.43590;1
-108.32172;13.32918;      -0.35748;3.43589;1
-108.35504;13.33251;      -0.35743;3.43588;1
-108.38831;13.33584;      -0.35740;3.43587;1
-108.42157;13.33918;      -0.35734;3.43586;1
-108.45479;13.34251;      -0.35728;3.43585;1
-108.48803;13.34584;      -0.35721;3.43584;1
-108.52126;13.34918;      -0.35716;3.43583;1
-108.55449;13.35251;      -0.35718;3.43581;1
-108.58771;13.35584;      -0.35720;3.43580;1
-108.62098;13.35918;      -0.35718;3.43579;1
-108.65426;13.36251;      -0.35716;3.43578;1
-108.68753;13.36584;      -0.35710;3.43577;1
-108.72080;13.36917;      -0.35710;3.43576;1
-108.75407;13.37251;      -0.35714;3.43575;1
-108.78735;13.37584;      -0.35714;3.43574;1
-108.82063;13.37917;      -0.35706;3.43573;1
-108.85398;13.38251;      -0.35694;3.43572;1
-108.88739;13.38584;      -0.35684;3.43571;1
-108.92079;13.38917;      -0.35673;3.43570;1
-108.95418;13.39251;      -0.35665;3.43569;1
-108.98756;13.39584;      -0.35656;3.43568;1
-109.02099;13.39917;      -0.35646;3.43567;1
-109.05443;13.40251;      -0.35636;3.43565;1
-109.08783;13.40584;      -0.35629;3.43564;1
-109.12129;13.40917;      -0.35627;3.43563;1
-109.15478;13.41251;      -0.35632;3.43562;1
-109.18824;13.41584;      -0.35637;3.43561;1
-109.22174;13.41917;      -0.35638;3.43560;1
-109.25524;13.42250;      -0.35636;3.43559;1
-109.28870;13.42584;      -0.35631;3.43558;1
-109.32216;13.42917;      -0.35623;3.43557;1
-109.35558;13.43250;      -0.35618;3.43556;1
-109.38905;13.43584;      -0.35607;3.43555;1
-109.42257;13.43917;      -0.35592;3.43554;1
-109.45603;13.44250;      -0.35581;3.43552;1
-109.48949;13.44584;      -0.35573;3.43551;1
-109.52294;13.44917;      -0.35570;3.43550;1
-109.55641;13.45250;      -0.35563;3.43549;1
-109.58990;13.45584;      -0.35555;3.43548;1
-109.62341;13.45917;      -0.35546;3.43547;1
-109.65692;13.46250;      -0.35540;3.43546;1
-109.69037;13.46584;      -0.35540;3.43545;1
-109.72387;13.46917;      -0.35542;3.43544;1
-109.75737;13.47250;      -0.35540;3.43543;1
-109.79091;13.47583;      -0.35531;3.43542;1
-109.82438;13.47917;      -0.35521;3.43540;1
-109.85781;13.48250;      -0.35512;3.43539;1
-109.89129;13.48583;      -0.35500;3.43538;1
-109.92478;13.48917;      -0.35489;3.43537;1
-109.95827;13.49250;      -0.35477;3.43536;1
-109.99176;13.49583;      -0.35468;3.43535;1
-110.02525;13.49917;      -0.35459;3.43534;1
-110.05875;13.50250;      -0.35449;3.43533;1
-110.09225;13.50583;      -0.35438;3.43532;1
-110.12572;13.50917;      -0.35427;3.43531;1
-110.15923;13.51250;      -0.35419;3.43530;1
-110.19277;13.51583;      -0.35415;3.43528;1
-110.22627;13.51917;      -0.35413;3.43527;1
-110.25974;13.52250;      -0.35407;3.43526;1
-110.29318;13.52583;      -0.35392;3.43525;1
-110.32662;13.52916;      -0.35387;3.43524;1
-110.36006;13.53250;      -0.35385;3.43523;1
-110.39349;13.53583;      -0.35383;3.43522;1
-110.42700;13.53916;      -0.35386;3.43521;1
-110.46050;13.54250;      -0.35386;3.43520;1
-110.49402;13.54583;      -0.35390;3.43519;1
-110.52751;13.54916;      -0.35386;3.43517;1
-110.56103;13.55250;      -0.35377;3.43516;1
-110.59454;13.55583;      -0.35372;3.43515;1
-110.62805;13.55916;      -0.35371;3.43514;1
-110.66160;13.56250;      -0.35368;3.43513;1
-110.69517;13.56583;      -0.35367;3.43512;1
-110.72874;13.56916;      -0.35371;3.43511;1
-110.76233;13.57250;      -0.35375;3.43510;1
-110.79589;13.57583;      -0.35375;3.43509;1
-110.82946;13.57916;      -0.35373;3.43507;1
-110.86299;13.58249;      -0.35361;3.43506;1
-110.89652;13.58583;      -0.35347;3.43505;1
-110.92999;13.58916;      -0.35339;3.43504;1
-110.96346;13.59249;      -0.35337;3.43503;1
-110.99691;13.59583;      -0.35337;3.43502;1
-111.03033;13.59916;      -0.35336;3.43501;1
-111.06371;13.60249;      -0.35334;3.43500;1
-111.09709;13.60583;      -0.35330;3.43499;1
-111.13048;13.60916;      -0.35329;3.43497;1
-111.16380;13.61249;      -0.35326;3.43496;1
-111.19711;13.61583;      -0.35326;3.43495;1
-111.23043;13.61916;      -0.35325;3.43494;1
-111.26372;13.62249;      -0.35325;3.43493;1
-111.29700;13.62583;      -0.35323;3.43492;1
-111.33033;13.62916;      -0.35321;3.43491;1
-111.36365;13.63249;      -0.35320;3.43490;1
-111.39703;13.63582;      -0.35309;3.43488;1
-111.43039;13.63916;      -0.35295;3.43487;1
-111.46369;13.64249;      -0.35291;3.43486;1
-111.49697;13.64582;      -0.35290;3.43485;1
-111.53024;13.64916;      -0.35290;3.43484;1
-111.56354;13.65249;      -0.35291;3.43483;1
-111.59685;13.65582;      -0.35289;3.43482;1
-111.63017;13.65916;      -0.35283;3.43481;1
-111.66340;13.66249;      -0.35266;3.43480;1
-111.69661;13.66582;      -0.35255;3.43478;1
-111.72990;13.66916;      -0.35249;3.43477;1
-111.76316;13.67249;      -0.35246;3.43476;1
-111.79640;13.67582;      -0.35246;3.43475;1
-111.82963;13.67916;      -0.35244;3.43474;1
-111.86288;13.68249;      -0.35239;3.43473;1
-111.89613;13.68582;      -0.35236;3.43472;1
-111.92935;13.68915;      -0.35234;3.43471;1
-111.96256;13.69249;      -0.35230;3.43469;1
-111.99579;13.69582;      -0.35223;3.43468;1
-112.02896;13.69915;      -0.35214;3.43467;1
-112.06214;13.70249;      -0.35205;3.43466;1
-112.09532;13.70582;      -0.35197;3.43465;1
-112.12849;13.70915;      -0.35191;3.43464;1
-112.16169;13.71249;      -0.35182;3.43463;1
-112.19483;13.71582;      -0.35176;3.43462;1
-112.22796;13.71915;      -0.35168;3.43460;1
-112.26110;13.72249;      -0.35163;3.43459;1
-112.29424;13.72582;      -0.35157;3.43458;1
-112.32741;13.72915;      -0.35150;3.43457;1
-112.36059;13.73249;      -0.35141;3.43456;1
-112.39373;13.73582;      -0.35133;3.43455;1
-112.42692;13.73915;      -0.35124;3.43454;1
-112.46006;13.74248;      -0.35116;3.43452;1
-112.49319;13.74582;      -0.35107;3.43451;1
-112.52632;13.74915;      -0.35096;3.43450;1
-112.55947;13.75248;      -0.35088;3.43449;1
-112.59264;13.75582;      -0.35073;3.43448;1
-112.62577;13.75915;      -0.35061;3.43447;1
-112.65890;13.76248;      -0.35056;3.43446;1
-112.69199;13.76582;      -0.35049;3.43445;1
-112.72511;13.76915;      -0.35042;3.43443;1
-112.75821;13.77248;      -0.35033;3.43442;1
-112.79127;13.77582;      -0.35022;3.43441;1
-112.82443;13.77915;      -0.35011;3.43440;1
-112.85753;13.78248;      -0.34999;3.43439;1
-112.89067;13.78582;      -0.34979;3.43438;1
-112.92376;13.78915;      -0.34962;3.43437;1
-112.95689;13.79248;      -0.34945;3.43435;1
-112.99002;13.79581;      -0.34930;3.43434;1
-113.02313;13.79915;      -0.34922;3.43433;1
-113.05633;13.80248;      -0.34914;3.43432;1
-113.08952;13.80581;      -0.34908;3.43431;1
-113.12268;13.80915;      -0.34901;3.43430;1
-113.15587;13.81248;      -0.34890;3.43429;1
-113.18907;13.81581;      -0.34879;3.43427;1
-113.22223;13.81915;      -0.34864;3.43426;1
-113.25542;13.82248;      -0.34850;3.43425;1
-113.28861;13.82581;      -0.34839;3.43424;1
-113.32176;13.82915;      -0.34824;3.43423;1
-113.35489;13.83248;      -0.34813;3.43422;1
-113.38797;13.83581;      -0.34805;3.43421;1
-113.42103;13.83915;      -0.34797;3.43419;1
-113.45409;13.84248;      -0.34790;3.43418;1
-113.48712;13.84581;      -0.34780;3.43417;1
-113.52018;13.84914;      -0.34772;3.43416;1
-113.55327;13.85248;      -0.34762;3.43415;1
-113.58630;13.85581;      -0.34750;3.43414;1
-113.61930;13.85914;      -0.34741;3.43412;1
-113.65230;13.86248;      -0.34731;3.43411;1
-113.68537;13.86581;      -0.34720;3.43410;1
-113.71846;13.86914;      -0.34705;3.43409;1
-113.75147;13.87248;      -0.34695;3.43408;1
-113.78449;13.87581;      -0.34686;3.43407;1
-113.81751;13.87914;      -0.34678;3.43406;1
-113.85054;13.88248;      -0.34669;3.43404;1
-113.88355;13.88581;      -0.34662;3.43403;1
-113.91655;13.88914;      -0.34652;3.43402;1
-113.94958;13.89248;      -0.34644;3.43401;1
-113.98262;13.89581;      -0.34637;3.43400;1
-114.01560;13.89914;      -0.34627;3.43399;1
-114.04864;13.90248;      -0.34623;3.43397;1
-114.08174;13.90581;      -0.34622;3.43396;1
-114.11485;13.90914;      -0.34618;3.43395;1
-114.14794;13.91247;      -0.34606;3.43394;1
-114.18101;13.91581;      -0.34595;3.43393;1
-114.21412;13.91914;      -0.34587;3.43392;1
-114.24724;13.92247;      -0.34580;3.43390;1
-114.28039;13.92581;      -0.34575;3.43389;1
-114.31357;13.92914;      -0.34571;3.43388;1
-114.34675;13.93247;      -0.34569;3.43387;1
-114.37991;13.93581;      -0.34566;3.43386;1
-114.41309;13.93914;      -0.34558;3.43385;1
-114.44627;13.94247;      -0.34544;3.43383;1
-114.47944;13.94581;      -0.34527;3.43382;1
-114.51265;13.94914;      -0.34512;3.43381;1
-114.54583;13.95247;      -0.34501;3.43380;1
-114.57906;13.95581;      -0.34491;3.43379;1
-114.61228;13.95914;      -0.34481;3.43378;1
-114.64555;13.96247;      -0.34468;3.43376;1
-114.67886;13.96580;      -0.34455;3.43375;1
-114.71213;13.96914;      -0.34442;3.43374;1
-114.74541;13.97247;      -0.34431;3.43373;1
-114.77872;13.97580;      -0.34423;3.43372;1
-114.81203;13.97914;      -0.34421;3.43370;1
-114.84533;13.98247;      -0.34424;3.43369;1
-114.87865;13.98580;      -0.34422;3.43368;1
-114.91200;13.98914;      -0.34415;3.43367;1
-114.94532;13.99247;      -0.34411;3.43366;1
-114.97864;13.99580;      -0.34403;3.43365;1
-115.01198;13.99914;      -0.34393;3.43363;1
-115.04540;14.00247;      -0.34385;3.43362;1
-115.07879;14.00580;      -0.34378;3.43361;1
-115.11215;14.00914;      -0.34366;3.43360;1
-115.14552;14.01247;      -0.34354;3.43359;1
-115.17888;14.01580;      -0.34339;3.43357;1
-115.21227;14.01913;      -0.34324;3.43356;1
-115.24568;14.02247;      -0.34310;3.43355;1
-115.27910;14.02580;      -0.34299;3.43354;1
-115.31252;14.02913;      -0.34291;3.43353;1
-115.34599;14.03247;      -0.34286;3.43351;1
-115.37947;14.03580;      -0.34286;3.43350;1
-115.41301;14.03913;      -0.34290;3.43349;1
-115.44652;14.04247;      -0.34293;3.43348;1
-115.48003;14.04580;      -0.34293;3.43347;1
-115.51359;14.04913;      -0.34289;3.43345;1
-115.54715;14.05247;      -0.34284;3.43344;1
-115.58071;14.05580;      -0.34278;3.43343;1
-115.61433;14.05913;      -0.34266;3.43342;1
-115.64793;14.06247;      -0.34255;3.43341;1
-115.68151;14.06580;      -0.34248;3.43339;1
-115.71510;14.06913;      -0.34240;3.43338;1
-115.74869;14.07246;      -0.34230;3.43337;1
-115.78230;14.07580;      -0.34219;3.43336;1
-115.81592;14.07913;      -0.34213;3.43335;1
-115.84957;14.08246;      -0.34209;3.43333;1
-115.88321;14.08580;      -0.34203;3.43332;1
-115.91693;14.08913;      -0.34200;3.43331;1
-115.95058;14.09246;      -0.34202;3.43330;1
-115.98425;14.09580;      -0.34207;3.43328;1
-116.01791;14.09913;      -0.34211;3.43327;1
-116.05161;14.10246;      -0.34210;3.43326;1
-116.08527;14.10580;      -0.34212;3.43325;1
-116.11888;14.10913;      -0.34214;3.43324;1
-116.15247;14.11246;      -0.34215;3.43322;1
-116.18606;14.11580;      -0.34216;3.43321;1
-116.21969;14.11913;      -0.34215;3.43320;1
-116.25333;14.12246;      -0.34214;3.43319;1
-116.28691;14.12579;      -0.34212;3.43317;1
-116.32048;14.12913;      -0.34213;3.43316;1
-116.35405;14.13246;      -0.34211;3.43315;1
-116.38763;14.13579;      -0.34209;3.43314;1
-116.42124;14.13913;      -0.34209;3.43313;1
-116.45487;14.14246;      -0.34209;3.43311;1
-116.48846;14.14579;      -0.34212;3.43310;1
-116.52206;14.14913;      -0.34216;3.43309;1
-116.55568;14.15246;      -0.34219;3.43308;1
-116.58931;14.15579;      -0.34221;3.43306;1
-116.62287;14.15913;      -0.34222;3.43305;1
-116.65646;14.16246;      -0.34219;3.43304;1
-116.69005;14.16579;      -0.34220;3.43303;1
-116.72362;14.16913;      -0.34220;3.43301;1
-116.75724;14.17246;      -0.34220;3.43300;1
-116.79084;14.17579;      -0.34222;3.43299;1
-116.82442;14.17912;      -0.34222;3.43298;1
-116.85801;14.18246;      -0.34223;3.43297;1
-116.89153;14.18579;      -0.34224;3.43295;1
-116.92508;14.18912;      -0.34223;3.43294;1
-116.95862;14.19246;      -0.34222;3.43293;1
-116.99220;14.19579;      -0.34218;3.43292;1
-117.02577;14.19912;      -0.34216;3.43290;1
-117.05931;14.20246;      -0.34216;3.43289;1
-117.09280;14.20579;      -0.34216;3.43288;1
-117.12627;14.20912;      -0.34213;3.43287;1
-117.15978;14.21246;      -0.34212;3.43285;1
-117.19332;14.21579;      -0.34204;3.43284;1
-117.22684;14.21912;      -0.34195;3.43283;1
-117.26036;14.22246;      -0.34185;3.43282;1
-117.29389;14.22579;      -0.34178;3.43280;1
-117.32738;14.22912;      -0.34172;3.43279;1
-117.36092;14.23245;      -0.34164;3.43278;1
-117.39439;14.23579;      -0.34158;3.43277;1
-117.42786;14.23912;      -0.34149;3.43276;1
-117.46131;14.24245;      -0.34145;3.43274;1
-117.49476;14.24579;      -0.34143;3.43273;1
-117.52821;14.24912;      -0.34140;3.43272;1
-117.56165;14.25245;      -0.34130;3.43271;1
-117.59508;14.25579;      -0.34119;3.43269;1
-117.62851;14.25912;      -0.34111;3.43268;1
-117.66196;14.26245;      -0.34101;3.43267;1
-117.69541;14.26579;      -0.34095;3.43266;1
-117.72883;14.26912;      -0.34088;3.43264;1
-117.76223;14.27245;      -0.34083;3.43263;1
-117.79567;14.27579;      -0.34078;3.43262;1
-117.82914;14.27912;      -0.34071;3.43261;1
-117.86254;14.28245;      -0.34064;3.43259;1
-117.89590;14.28578;      -0.34060;3.43258;1
-117.92929;14.28912;      -0.34058;3.43257;1
-117.96262;14.29245;      -0.34055;3.43256;1
-117.99600;14.29578;      -0.34051;3.43254;1
-118.02934;14.29912;      -0.34045;3.43253;1
-118.06267;14.30245;      -0.34036;3.43252;1
-118.09602;14.30578;      -0.34030;3.43251;1
-118.12935;14.30912;      -0.34025;3.43249;1
-118.16269;14.31245;      -0.34025;3.43248;1
-118.19602;14.31578;      -0.34027;3.43247;1
-118.22935;14.31912;      -0.34027;3.43246;1
-118.26263;14.32245;      -0.34020;3.43244;1
-118.29593;14.32578;      -0.34014;3.43243;1
-118.32922;14.32912;      -0.34009;3.43242;1
-118.36249;14.33245;      -0.34006;3.43241;1
-118.39580;14.33578;      -0.34004;3.43239;1
-118.42906;14.33911;      -0.34002;3.43238;1
-118.46230;14.34245;      -0.34000;3.43237;1
-118.49557;14.34578;      -0.33997;3.43236;1
-118.52884;14.34911;      -0.33993;3.43234;1
-118.56212;14.35245;      -0.33990;3.43233;1
-118.59538;14.35578;      -0.33976;3.43232;1
-118.62862;14.35911;      -0.33968;3.43231;1
-118.66186;14.36245;      -0.33964;3.43229;1
-118.69510;14.36578;      -0.33961;3.43228;1
-118.72835;14.36911;      -0.33960;3.43227;1
-118.76156;14.37245;      -0.33958;3.43226;1
-118.79474;14.37578;      -0.33956;3.43224;1
-118.82788;14.37911;      -0.33955;3.43223;1
-118.86102;14.38245;      -0.33949;3.43222;1
-118.89420;14.38578;      -0.33945;3.43220;1
-118.92743;14.38911;      -0.33939;3.43219;1
-118.96062;14.39244;      -0.33933;3.43218;1
-118.99378;14.39578;      -0.33928;3.43217;1
-119.02692;14.39911;      -0.33922;3.43215;1
-119.06007;14.40244;      -0.33919;3.43214;1
-119.09322;14.40578;      -0.33917;3.43213;1
-119.12639;14.40911;      -0.33913;3.43212;1
-119.15957;14.41244;      -0.33910;3.43210;1
-119.19272;14.41578;      -0.33903;3.43209;1
-119.22582;14.41911;      -0.33896;3.43208;1
-119.25892;14.42244;      -0.33885;3.43207;1
-119.29199;14.42578;      -0.33876;3.43205;1
-119.32505;14.42911;      -0.33870;3.43204;1
-119.35813;14.43244;      -0.33863;3.43203;1
-119.39118;14.43578;      -0.33860;3.43202;1
-119.42428;14.43911;      -0.33855;3.43200;1
-119.45735;14.44244;      -0.33845;3.43199;1
-119.49044;14.44577;      -0.33837;3.43198;1
-119.52349;14.44911;      -0.33827;3.43197;1
-119.55653;14.45244;      -0.33818;3.43195;1
-119.58958;14.45577;      -0.33812;3.43194;1
-119.62264;14.45911;      -0.33803;3.43193;1
-119.65567;14.46244;      -0.33788;3.43191;1
-119.68868;14.46577;      -0.33773;3.43190;1
-119.72171;14.46911;      -0.33762;3.43189;1
-119.75480;14.47244;      -0.33751;3.43188;1
-119.78784;14.47577;      -0.33743;3.43186;1
-119.82084;14.47911;      -0.33735;3.43185;1
-119.85385;14.48244;      -0.33721;3.43184;1
-119.88688;14.48577;      -0.33709;3.43183;1
-119.91995;14.48911;      -0.33696;3.43181;1
-119.95297;14.49244;      -0.33686;3.43180;1
-119.98601;14.49577;      -0.33679;3.43179;1
-120.01908;14.49910;      -0.33670;3.43177;1
-120.05217;14.50244;      -0.33662;3.43176;1
-120.08527;14.50577;      -0.33653;3.43175;1
-120.11830;14.50910;      -0.33645;3.43174;1
-120.15137;14.51244;      -0.33635;3.43172;1
-120.18444;14.51577;      -0.33624;3.43171;1
-120.21750;14.51910;      -0.33611;3.43170;1
-120.25055;14.52244;      -0.33599;3.43168;1
-120.28362;14.52577;      -0.33588;3.43167;1
-120.31669;14.52910;      -0.33577;3.43166;1
-120.34978;14.53244;      -0.33569;3.43165;1
-120.38289;14.53577;      -0.33562;3.43163;1
-120.41599;14.53910;      -0.33554;3.43162;1
-120.44911;14.54244;      -0.33548;3.43161;1
-120.48225;14.54577;      -0.33543;3.43160;1
-120.51538;14.54910;      -0.33537;3.43158;1
-120.54851;14.55243;      -0.33531;3.43157;1
-120.58165;14.55577;      -0.33525;3.43156;1
-120.61484;14.55910;      -0.33521;3.43154;1
-120.64806;14.56243;      -0.33513;3.43153;1
-120.68127;14.56577;      -0.33503;3.43152;1
-120.71448;14.56910;      -0.33492;3.43150;1
-120.74768;14.57243;      -0.33481;3.43149;1
-120.78091;14.57577;      -0.33471;3.43148;1
-120.81415;14.57910;      -0.33460;3.43147;1
-120.84744;14.58243;      -0.33448;3.43145;1
-120.88069;14.58577;      -0.33435;3.43144;1
-120.91393;14.58910;      -0.33419;3.43143;1
-120.94718;14.59243;      -0.33406;3.43141;1
-120.98042;14.59577;      -0.33397;3.43140;1
-121.01368;14.59910;      -0.33389;3.43139;1
-121.04694;14.60243;      -0.33379;3.43137;1
-121.08020;14.60576;      -0.33367;3.43136;1
-121.11346;14.60910;      -0.33357;3.43135;1
-121.14673;14.61243;      -0.33345;3.43134;1
-121.18001;14.61576;      -0.33333;3.43132;1
-121.21336;14.61910;      -0.33322;3.43131;1
-121.24670;14.62243;      -0.33307;3.43130;1
-121.28004;14.62576;      -0.33293;3.43128;1
-121.31344;14.62910;      -0.33281;3.43127;1
-121.34686;14.63243;      -0.33269;3.43126;1
-121.38031;14.63576;      -0.33257;3.43124;1
-121.41374;14.63910;      -0.33246;3.43123;1
-121.44717;14.64243;      -0.33243;3.43122;1
-121.48064;14.64576;      -0.33239;3.43120;1
-121.51412;14.64910;      -0.33230;3.43119;1
-121.54767;14.65243;      -0.33221;3.43118;1
-121.58126;14.65576;      -0.33214;3.43116;1
-121.61484;14.65909;      -0.33215;3.43115;1
-121.64840;14.66243;      -0.33216;3.43114;1
-121.68203;14.66576;      -0.33213;3.43112;1
-121.71564;14.66909;      -0.33209;3.43111;1
-121.74927;14.67243;      -0.33207;3.43110;1
-121.78284;14.67576;      -0.33200;3.43108;1
-121.81646;14.67909;      -0.33193;3.43107;1
-121.85016;14.68243;      -0.33186;3.43106;1
-121.88380;14.68576;      -0.33185;3.43104;1
-121.91750;14.68909;      -0.33188;3.43103;1
-121.95118;14.69243;      -0.33190;3.43102;1
-121.98492;14.69576;      -0.33188;3.43100;1
-122.01868;14.69909;      -0.33183;3.43099;1
-122.05245;14.70243;      -0.33182;3.43098;1
-122.08623;14.70576;      -0.33180;3.43096;1
-122.11997;14.70909;      -0.33177;3.43095;1
-122.15376;14.71243;      -0.33177;3.43094;1
-122.18759;14.71576;      -0.33176;3.43092;1
-122.22141;14.71909;      -0.33175;3.43091;1
-122.25526;14.72242;      -0.33178;3.43090;1
-122.28912;14.72576;      -0.33184;3.43088;1
-122.32299;14.72909;      -0.33188;3.43087;1
-122.35687;14.73242;      -0.33193;3.43086;1
-122.39076;14.73576;      -0.33199;3.43084;1
-122.42467;14.73909;      -0.33205;3.43083;1
-122.45860;14.74242;      -0.33207;3.43082;1
-122.49256;14.74576;      -0.33208;3.43080;1
-122.52652;14.74909;      -0.33207;3.43079;1
-122.56043;14.75242;      -0.33204;3.43077;1
-122.59434;14.75576;      -0.33201;3.43076;1
-122.62831;14.75909;      -0.33199;3.43075;1
-122.66223;14.76242;      -0.33196;3.43073;1
-122.69610;14.76576;      -0.33194;3.43072;1
-122.73005;14.76909;      -0.33187;3.43071;1
-122.76398;14.77242;      -0.33184;3.43069;1
-122.79792;14.77575;      -0.33184;3.43068;1
-122.83186;14.77909;      -0.33182;3.43067;1
-122.86581;14.78242;      -0.33178;3.43065;1
-122.89979;14.78575;      -0.33176;3.43064;1
-122.93382;14.78909;      -0.33176;3.43062;1
-122.96784;14.79242;      -0.33175;3.43061;1
-123.00187;14.79575;      -0.33168;3.43060;1
-123.03589;14.79909;      -0.33165;3.43058;1
-123.06993;14.80242;      -0.33164;3.43057;1
-123.10404;14.80575;      -0.33163;3.43056;1
-123.13812;14.80909;      -0.33162;3.43054;1
-123.17224;14.81242;      -0.33166;3.43053;1
-123.20635;14.81575;      -0.33170;3.43051;1
-123.24047;14.81909;      -0.33172;3.43050;1
-123.27458;14.82242;      -0.33175;3.43049;1
-123.30883;14.82575;      -0.33176;3.43047;1
-123.34305;14.82908;      -0.33174;3.43046;1
-123.37718;14.83242;      -0.33172;3.43045;1
-123.41140;14.83575;      -0.33171;3.43043;1
-123.44559;14.83908;      -0.33170;3.43042;1
-123.47982;14.84242;      -0.33169;3.43040;1
-123.51411;14.84575;      -0.33169;3.43039;1
-123.54839;14.84908;      -0.33168;3.43038;1
-123.58268;14.85242;      -0.33168;3.43036;1
-123.61699;14.85575;      -0.33169;3.43035;1
-123.65129;14.85908;      -0.33172;3.43033;1
-123.68565;14.86242;      -0.33172;3.43032;1
-123.72004;14.86575;      -0.33176;3.43031;1
-123.75441;14.86908;      -0.33178;3.43029;1
-123.78884;14.87242;      -0.33175;3.43028;1
-123.82325;14.87575;      -0.33174;3.43026;1
-123.85773;14.87908;      -0.33174;3.43025;1
-123.89227;14.88241;      -0.33177;3.43024;1
-123.92680;14.88575;      -0.33175;3.43022;1
-123.96140;14.88908;      -0.33174;3.43021;1
-123.99600;14.89241;      -0.33172;3.43019;1
-124.03069;14.89575;      -0.33171;3.43018;1
-124.06536;14.89908;      -0.33170;3.43016;1
-124.10010;14.90241;      -0.33167;3.43015;1
-124.13486;14.90575;      -0.33166;3.43014;1
-124.16965;14.90908;      -0.33166;3.43012;1
-124.20456;14.91241;      -0.33165;3.43011;1
-124.23949;14.91575;      -0.33166;3.43009;1
-124.27448;14.91908;      -0.33170;3.43008;1
-124.30953;14.92241;      -0.33174;3.43006;1
-124.34465;14.92575;      -0.33178;3.43005;1
-124.37984;14.92908;      -0.33183;3.43004;1
-124.41506;14.93241;      -0.33187;3.43002;1
-124.45033;14.93574;      -0.33193;3.43001;1
-124.48567;14.93908;      -0.33199;3.42999;1
-124.52107;14.94241;      -0.33204;3.42998;1
-124.55656;14.94574;      -0.33208;3.42996;1
-124.59208;14.94908;      -0.33213;3.42995;1
-124.62763;14.95241;      -0.33218;3.42993;1
-124.66329;14.95574;      -0.33234;3.42992;1
-124.69903;14.95908;      -0.33244;3.42990;1
-124.73480;14.96241;      -0.33253;3.42989;1
-124.77066;14.96574;      -0.33260;3.42987;1
-124.80666;14.96908;      -0.33268;3.42986;1
-124.84263;14.97241;      -0.33273;3.42984;1
-124.87868;14.97574;      -0.33273;3.42983;1
-124.91484;14.97908;      -0.33275;3.42981;1
-124.95108;14.98241;      -0.33276;3.42980;1
-124.98740;14.98574;      -0.33279;3.42978;1
-125.02379;14.98907;      -0.33284;3.42977;1
-125.06021;14.99241;      -0.33292;3.42975;1
-125.09670;14.99574;      -0.33306;3.42974;1
-125.13326;14.99907;      -0.33314;3.42972;1
-125.16989;15.00241;      -0.33320;3.42971;1
-125.20657;15.00574;      -0.33324;3.42969;1
-125.24327;15.00907;      -0.33331;3.42968;1
-125.28004;15.01241;      -0.33341;3.42966;1
-125.31690;15.01574;      -0.33351;3.42965;1
-125.35384;15.01907;      -0.33363;3.42963;1
-125.39083;15.02241;      -0.33376;3.42962;1
-125.42787;15.02574;      -0.33389;3.42960;1
-125.46490;15.02907;      -0.33403;3.42959;1
-125.50202;15.03241;      -0.33420;3.42957;1
-125.53924;15.03574;      -0.33445;3.42955;1
-125.57645;15.03907;      -0.33467;3.42954;1
-125.61371;15.04240;      -0.33491;3.42952;1
-125.65098;15.04574;      -0.33507;3.42951;1
-125.68824;15.04907;      -0.33516;3.42949;1
-125.72559;15.05240;      -0.33536;3.42948;1
-125.76297;15.05574;      -0.33560;3.42946;1
-125.80034;15.05907;      -0.33579;3.42945;1
-125.83779;15.06240;      -0.33599;3.42943;1
-125.87520;15.06574;      -0.33616;3.42941;1
-125.91257;15.06907;      -0.33634;3.42940;1
-125.94994;15.07240;      -0.33651;3.42938;1
-125.98732;15.07574;      -0.33664;3.42937;1
-126.02468;15.07907;      -0.33683;3.42935;1
-126.06207;15.08240;      -0.33706;3.42934;1
-126.09947;15.08574;      -0.33729;3.42932;1
-126.13685;15.08907;      -0.33751;3.42930;1
-126.17419;15.09240;      -0.33776;3.42929;1
-126.21150;15.09573;      -0.33798;3.42927;1
-126.24873;15.09907;      -0.33820;3.42926;1
-126.28593;15.10240;      -0.33835;3.42924;1
-126.32313;15.10573;      -0.33849;3.42922;1
-126.36023;15.10907;      -0.33864;3.42921;1
-126.39730;15.11240;      -0.33887;3.42919;1
-126.43433;15.11573;      -0.33915;3.42918;1
-126.47132;15.11907;      -0.33940;3.42916;1
-126.50819;15.12240;      -0.33955;3.42915;1
-126.54504;15.12573;      -0.33972;3.42913;1
-126.58175;15.12907;      -0.33992;3.42912;1
-126.61836;15.13240;      -0.34013;3.42910;1
-126.65489;15.13573;      -0.34034;3.42908;1
-126.69134;15.13907;      -0.34044;3.42907;1
-126.72768;15.14240;      -0.34055;3.42905;1
-126.76389;15.14573;      -0.34070;3.42904;1
-126.79996;15.14906;      -0.34084;3.42902;1
-126.83595;15.15240;      -0.34099;3.42901;1
-126.87184;15.15573;      -0.34113;3.42899;1
-126.90757;15.15906;      -0.34125;3.42898;1
-126.94317;15.16240;      -0.34142;3.42896;1
-126.97864;15.16573;      -0.34146;3.42895;1
-127.01395;15.16906;      -0.34149;3.42893;1
-127.04907;15.17240;      -0.34146;3.42892;1
-127.08409;15.17573;      -0.34146;3.42890;1
-127.11899;15.17906;      -0.34147;3.42889;1
-127.15369;15.18240;      -0.34141;3.42887;1
-127.18819;15.18573;      -0.34131;3.42886;1
-127.22252;15.18906;      -0.34123;3.42884;1
-127.25668;15.19240;      -0.34111;3.42883;1
-127.29069;15.19573;      -0.34091;3.42881;1
-127.32451;15.19906;      -0.34070;3.42880;1
-127.35815;15.20239;      -0.34045;3.42878;1
-127.39162;15.20573;      -0.34018;3.42877;1
-127.42492;15.20906;      -0.33994;3.42876;1
-127.45810;15.21239;      -0.33971;3.42874;1
-127.49113;15.21573;      -0.33949;3.42873;1
-127.52390;15.21906;      -0.33926;3.42871;1
-127.55646;15.22239;      -0.33892;3.42870;1
-127.58884;15.22573;      -0.33852;3.42869;1
-127.62101;15.22906;      -0.33809;3.42867;1
-127.65292;15.23239;      -0.33757;3.42866;1
-127.68466;15.23573;      -0.33703;3.42864;1
-127.71622;15.23906;      -0.33656;3.42863;1
-127.74761;15.24239;      -0.33610;3.42862;1
-127.77882;15.24573;      -0.33564;3.42860;1
-127.80988;15.24906;      -0.33516;3.42859;1
-127.84073;15.25239;      -0.33467;3.42858;1
-127.87138;15.25572;      -0.33415;3.42856;1
-127.90182;15.25906;      -0.33359;3.42855;1
-127.93208;15.26239;      -0.33301;3.42854;1
-127.96210;15.26572;      -0.33236;3.42852;1
-127.99202;15.26906;      -0.33170;3.42851;1
-128.02178;15.27239;      -0.33106;3.42850;1
-128.05134;15.27572;      -0.33043;3.42849;1
-128.08071;15.27906;      -0.32976;3.42847;1
-128.10997;15.28239;      -0.32910;3.42846;1
-128.13898;15.28572;      -0.32842;3.42845;1
-128.16779;15.28906;      -0.32769;3.42843;1
-128.19648;15.29239;      -0.32691;3.42842;1
-128.22497;15.29572;      -0.32614;3.42841;1
-128.25335;15.29906;      -0.32533;3.42840;1
-128.28159;15.30239;      -0.32446;3.42839;1
-128.30965;15.30572;      -0.32355;3.42837;1
-128.33753;15.30905;      -0.32270;3.42836;1
-128.36531;15.31239;      -0.32185;3.42835;1
-128.39299;15.31572;      -0.32102;3.42834;1
-128.42047;15.31905;      -0.32016;3.42833;1
-128.44788;15.32239;      -0.31935;3.42831;1
-128.47516;15.32572;      -0.31846;3.42830;1
-128.50228;15.32905;      -0.31752;3.42829;1
-128.52934;15.33239;      -0.31654;3.42828;1
-128.55626;15.33572;      -0.31557;3.42827;1
-128.58310;15.33905;      -0.31460;3.42825;1
-128.60980;15.34239;      -0.31358;3.42824;1
-128.63639;15.34572;      -0.31250;3.42823;1
-128.66298;15.34905;      -0.31142;3.42822;1
-128.68946;15.35239;      -0.31036;3.42821;1
-128.71584;15.35572;      -0.30929;3.42820;1
-128.74215;15.35905;      -0.30817;3.42818;1
-128.76841;15.36238;      -0.30704;3.42817;1
-128.79456;15.36572;      -0.30597;3.42816;1
-128.82067;15.36905;      -0.30489;3.42815;1
-128.84673;15.37238;      -0.30376;3.42814;1
-128.87277;15.37572;      -0.30263;3.42813;1
-128.89875;15.37905;      -0.30155;3.42812;1
-128.92473;15.38238;      -0.30056;3.42810;1
-128.95071;15.38572;      -0.29957;3.42809;1
-128.97668;15.38905;      -0.29850;3.42808;1
-129.00261;15.39238;      -0.29744;3.42807;1
-129.02853;15.39572;      -0.29637;3.42806;1
-129.05449;15.39905;      -0.29520;3.42805;1
-129.08041;15.40238;      -0.29398;3.42804;1
-129.10634;15.40572;      -0.29277;3.42803;1
-129.13227;15.40905;      -0.29161;3.42801;1
-129.15822;15.41238;      -0.29035;3.42800;1
-129.18419;15.41571;      -0.28918;3.42799;1
-129.21016;15.41905;      -0.28816;3.42798;1
-129.23621;15.42238;      -0.28713;3.42797;1
-129.26236;15.42571;      -0.28606;3.42796;1
-129.28853;15.42905;      -0.28498;3.42795;1
-129.31475;15.43238;      -0.28392;3.42793;1
-129.34106;15.43571;      -0.28284;3.42792;1
-129.36740;15.43905;      -0.28177;3.42791;1
-129.39384;15.44238;      -0.28074;3.42790;1
-129.42031;15.44571;      -0.27974;3.42789;1
-129.44687;15.44905;      -0.27881;3.42788;1
-129.47351;15.45238;      -0.27787;3.42786;1
-129.50024;15.45571;      -0.27694;3.42785;1
-129.52709;15.45905;      -0.27594;3.42784;1
-129.55401;15.46238;      -0.27493;3.42783;1
-129.58112;15.46571;      -0.27398;3.42782;1
-129.60834;15.46904;      -0.27306;3.42780;1
-129.63561;15.47238;      -0.27214;3.42779;1
-129.66299;15.47571;      -0.27130;3.42778;1
-129.69053;15.47904;      -0.27044;3.42777;1
-129.71817;15.48238;      -0.26959;3.42776;1
-129.74594;15.48571;      -0.26872;3.42774;1
-129.77387;15.48904;      -0.26788;3.42773;1
-129.80187;15.49238;      -0.26707;3.42772;1
-129.82999;15.49571;      -0.26630;3.42771;1
-129.85831;15.49904;      -0.26550;3.42769;1
-129.88670;15.50238;      -0.26466;3.42768;1
-129.91523;15.50571;      -0.26386;3.42767;1
-129.94391;15.50904;      -0.26313;3.42766;1
-129.97271;15.51238;      -0.26249;3.42764;1
-130.00170;15.51571;      -0.26187;3.42763;1
-130.03078;15.51904;      -0.26128;3.42762;1
-130.06005;15.52238;      -0.26064;3.42760;1
-130.08942;15.52571;      -0.25996;3.42759;1
-130.11895;15.52904;      -0.25926;3.42758;1
-130.14864;15.53237;      -0.25861;3.42756;1
-130.17844;15.53571;      -0.25801;3.42755;1
-130.20844;15.53904;      -0.25738;3.42754;1
-130.23860;15.54237;      -0.25678;3.42752;1
-130.26891;15.54571;      -0.25621;3.42751;1
-130.29939;15.54904;      -0.25566;3.42750;1
-130.32998;15.55237;      -0.25513;3.42748;1
-130.36072;15.55571;      -0.25460;3.42747;1
-130.39159;15.55904;      -0.25398;3.42746;1
-130.42261;15.56237;      -0.25348;3.42744;1
-130.45376;15.56571;      -0.25312;3.42743;1
-130.48508;15.56904;      -0.25271;3.42741;1
-130.51649;15.57237;      -0.25223;3.42740;1
-130.54804;15.57571;      -0.25180;3.42739;1
-130.57977;15.57904;      -0.25148;3.42737;1
-130.61164;15.58237;      -0.25114;3.42736;1
-130.64356;15.58570;      -0.25079;3.42734;1
-130.67558;15.58904;      -0.25032;3.42733;1
-130.70776;15.59237;      -0.25011;3.42731;1
-130.74010;15.59570;      -0.24991;3.42730;1
-130.77253;15.59904;      -0.24964;3.42729;1
-130.80507;15.60237;      -0.24929;3.42727;1
-130.83777;15.60570;      -0.24896;3.42726;1
-130.87058;15.60904;      -0.24863;3.42724;1
-130.90351;15.61237;      -0.24835;3.42723;1
-130.93654;15.61570;      -0.24802;3.42721;1
-130.96969;15.61904;      -0.24762;3.42720;1
-131.00294;15.62237;      -0.24725;3.42718;1
-131.03627;15.62570;      -0.24691;3.42717;1
-131.06967;15.62904;      -0.24670;3.42715;1
-131.10318;15.63237;      -0.24659;3.42714;1
-131.13678;15.63570;      -0.24646;3.42712;1
-131.17049;15.63903;      -0.24641;3.42711;1
-131.20431;15.64237;      -0.24631;3.42709;1
-131.23818;15.64570;      -0.24617;3.42708;1
-131.27214;15.64903;      -0.24600;3.42706;1
-131.30616;15.65237;      -0.24584;3.42705;1
-131.34026;15.65570;      -0.24569;3.42703;1
-131.37446;15.65903;      -0.24557;3.42701;1
-131.40871;15.66237;      -0.24547;3.42700;1
-131.44301;15.66570;      -0.24534;3.42698;1
-131.47734;15.66903;      -0.24532;3.42697;1
-131.51171;15.67237;      -0.24534;3.42695;1
-131.54616;15.67570;      -0.24530;3.42694;1
-131.58070;15.67903;      -0.24527;3.42692;1
-131.61529;15.68237;      -0.24528;3.42691;1
-131.64998;15.68570;      -0.24528;3.42689;1
-131.68467;15.68903;      -0.24521;3.42687;1
-131.71942;15.69236;      -0.24510;3.42686;1
-131.75425;15.69570;      -0.24502;3.42684;1
-131.78907;15.69903;      -0.24497;3.42683;1
-131.82393;15.70236;      -0.24493;3.42681;1
-131.85888;15.70570;      -0.24486;3.42679;1
-131.89384;15.70903;      -0.24480;3.42678;1
-131.92884;15.71236;      -0.24476;3.42676;1
-131.96386;15.71570;      -0.24472;3.42675;1
-131.99883;15.71903;      -0.24467;3.42673;1
-132.03385;15.72236;      -0.24463;3.42671;1
-132.06887;15.72570;      -0.24459;3.42670;1
-132.10391;15.72903;      -0.24454;3.42668;1
-132.13900;15.73236;      -0.24447;3.42667;1
-132.17408;15.73570;      -0.24432;3.42665;1
-132.20912;15.73903;      -0.24421;3.42663;1
-132.24420;15.74236;      -0.24414;3.42662;1
-132.27925;15.74569;      -0.24404;3.42660;1
-132.31436;15.74903;      -0.24390;3.42659;1
-132.34948;15.75236;      -0.24376;3.42657;1
-132.38459;15.75569;      -0.24361;3.42655;1
-132.41969;15.75903;      -0.24349;3.42654;1
-132.45480;15.76236;      -0.24338;3.42652;1
-132.48991;15.76569;      -0.24326;3.42651;1
-132.52503;15.76903;      -0.24312;3.42649;1
-132.56017;15.77236;      -0.24298;3.42647;1
-132.59533;15.77569;      -0.24284;3.42646;1
-132.63042;15.77903;      -0.24269;3.42644;1
-132.66550;15.78236;      -0.24255;3.42643;1
-132.70058;15.78569;      -0.24241;3.42641;1
-132.73567;15.78903;      -0.24226;3.42639;1
-132.77076;15.79236;      -0.24206;3.42638;1
-132.80581;15.79569;      -0.24181;3.42636;1
-132.84088;15.79902;      -0.24160;3.42634;1
-132.87595;15.80236;      -0.24142;3.42633;1
-132.91101;15.80569;      -0.24125;3.42631;1
-132.94609;15.80902;      -0.24103;3.42630;1
-132.98117;15.81236;      -0.24078;3.42628;1
-133.01623;15.81569;      -0.24055;3.42626;1
-133.05134;15.81902;      -0.24032;3.42625;1
-133.08641;15.82236;      -0.24016;3.42623;1
-133.12143;15.82569;      -0.23999;3.42622;1
-133.15643;15.82902;      -0.23976;3.42620;1
-133.19141;15.83236;      -0.23952;3.42618;1
-133.22639;15.83569;      -0.23926;3.42617;1
-133.26139;15.83902;      -0.23903;3.42615;1
-133.29636;15.84236;      -0.23880;3.42613;1
-133.33133;15.84569;      -0.23864;3.42612;1
-133.36627;15.84902;      -0.23843;3.42610;1
-133.40121;15.85235;      -0.23818;3.42609;1
-133.43616;15.85569;      -0.23797;3.42607;1
-133.47109;15.85902;      -0.23776;3.42605;1
-133.50599;15.86235;      -0.23751;3.42604;1
-133.54090;15.86569;      -0.23712;3.42602;1
-133.57580;15.86902;      -0.23675;3.42600;1
-133.61063;15.87235;      -0.23648;3.42599;1
-133.64546;15.87569;      -0.23623;3.42597;1
-133.68029;15.87902;      -0.23598;3.42596;1
-133.71508;15.88235;      -0.23576;3.42594;1
-133.74985;15.88569;      -0.23552;3.42592;1
-133.78460;15.88902;      -0.23523;3.42591;1
-133.81933;15.89235;      -0.23496;3.42589;1
-133.85405;15.89569;      -0.23473;3.42587;1
-133.88872;15.89902;      -0.23445;3.42586;1
-133.92339;15.90235;      -0.23415;3.42584;1
-133.95807;15.90568;      -0.23384;3.42583;1
-133.99271;15.90902;      -0.23352;3.42581;1
-134.02734;15.91235;      -0.23325;3.42579;1
-134.06195;15.91568;      -0.23301;3.42578;1
-134.09655;15.91902;      -0.23275;3.42576;1
-134.13114;15.92235;      -0.23239;3.42575;1
-134.16568;15.92568;      -0.23198;3.42573;1
-134.20022;15.92902;      -0.23160;3.42571;1
-134.23473;15.93235;      -0.23126;3.42570;1
-134.26921;15.93568;      -0.23096;3.42568;1
-134.30371;15.93902;      -0.23065;3.42566;1
-134.33823;15.94235;      -0.23035;3.42565;1
-134.37273;15.94568;      -0.23006;3.42563;1
-134.40723;15.94902;      -0.22976;3.42562;1
-134.44170;15.95235;      -0.22945;3.42560;1
-134.47611;15.95568;      -0.22912;3.42558;1
-134.51051;15.95901;      -0.22880;3.42557;1
-134.54488;15.96235;      -0.22848;3.42555;1
-134.57926;15.96568;      -0.22815;3.42553;1
-134.61360;15.96901;      -0.22782;3.42552;1
-134.64794;15.97235;      -0.22751;3.42550;1
-134.68227;15.97568;      -0.22720;3.42549;1
-134.71658;15.97901;      -0.22691;3.42547;1
-134.75094;15.98235;      -0.22661;3.42545;1
-134.78526;15.98568;      -0.22627;3.42544;1
-134.81954;15.98901;      -0.22593;3.42542;1
-134.85381;15.99235;      -0.22562;3.42541;1
-134.88808;15.99568;      -0.22528;3.42539;1
-134.92233;15.99901;      -0.22494;3.42537;1
-134.95653;16.00235;      -0.22460;3.42536;1
-134.99070;16.00568;      -0.22431;3.42534;1
-135.02486;16.00901;      -0.22402;3.42532;1
-135.05898;16.01234;      -0.22372;3.42531;1
-135.09311;16.01568;      -0.22343;3.42529;1
-135.12721;16.01901;      -0.22312;3.42528;1
-135.16123;16.02234;      -0.22278;3.42526;1
-135.19521;16.02568;      -0.22241;3.42524;1
-135.22925;16.02901;      -0.22207;3.42523;1
-135.26329;16.03234;      -0.22173;3.42521;1
-135.29732;16.03568;      -0.22136;3.42519;1
-135.33134;16.03901;      -0.22099;3.42518;1
-135.36536;16.04234;      -0.22067;3.42516;1
-135.39938;16.04568;      -0.22032;3.42515;1
-135.43340;16.04901;      -0.21994;3.42513;1
-135.46740;16.05234;      -0.21957;3.42511;1
-135.50142;16.05568;      -0.21921;3.42510;1
-135.53541;16.05901;      -0.21883;3.42508;1
-135.56936;16.06234;      -0.21842;3.42507;1
-135.60329;16.06567;      -0.21801;3.42505;1
-135.63714;16.06901;      -0.21763;3.42503;1
-135.67101;16.07234;      -0.21727;3.42502;1
-135.70495;16.07567;      -0.21690;3.42500;1
-135.73891;16.07901;      -0.21654;3.42498;1
-135.77284;16.08234;      -0.21618;3.42497;1
-135.80677;16.08567;      -0.21581;3.42495;1
-135.84070;16.08901;      -0.21542;3.42494;1
-135.87458;16.09234;      -0.21504;3.42492;1
-135.90845;16.09567;      -0.21469;3.42490;1
-135.94229;16.09901;      -0.21433;3.42489;1
-135.97621;16.10234;      -0.21397;3.42487;1
-136.01011;16.10567;      -0.21361;3.42485;1
-136.04395;16.10901;      -0.21321;3.42484;1
-136.07781;16.11234;      -0.21282;3.42482;1
-136.11167;16.11567;      -0.21241;3.42481;1
-136.14549;16.11900;      -0.21200;3.42479;1
-136.17932;16.12234;      -0.21159;3.42477;1
-136.21316;16.12567;      -0.21120;3.42476;1
-136.24706;16.12900;      -0.21085;3.42474;1
-136.28096;16.13234;      -0.21055;3.42472;1
-136.31485;16.13567;      -0.21024;3.42471;1
-136.34873;16.13900;      -0.20992;3.42469;1
-136.38263;16.14234;      -0.20957;3.42468;1
-136.41654;16.14567;      -0.20922;3.42466;1
-136.45041;16.14900;      -0.20890;3.42464;1
-136.48431;16.15234;      -0.20854;3.42463;1
-136.51821;16.15567;      -0.20818;3.42461;1
-136.55205;16.15900;      -0.20782;3.42459;1
-136.58592;16.16234;      -0.20746;3.42458;1
-136.61982;16.16567;      -0.20707;3.42456;1
-136.65369;16.16900;      -0.20669;3.42455;1
-136.68758;16.17233;      -0.20634;3.42453;1
-136.72147;16.17567;      -0.20597;3.42451;1
-136.75536;16.17900;      -0.20559;3.42450;1
-136.78927;16.18233;      -0.20523;3.42448;1
-136.82313;16.18567;      -0.20487;3.42446;1
-136.85698;16.18900;      -0.20447;3.42445;1
-136.89082;16.19233;      -0.20410;3.42443;1
-136.92465;16.19567;      -0.20377;3.42441;1
-136.95851;16.19900;      -0.20342;3.42440;1
-136.99241;16.20233;      -0.20312;3.42438;1
-137.02634;16.20567;      -0.20287;3.42436;1
-137.06027;16.20900;      -0.20266;3.42435;1
-137.09423;16.21233;      -0.20240;3.42433;1
-137.12817;16.21567;      -0.20207;3.42432;1
-137.16212;16.21900;      -0.20169;3.42430;1
-137.19608;16.22233;      -0.20132;3.42428;1
-137.23004;16.22566;      -0.20088;3.42427;1
-137.26401;16.22900;      -0.20047;3.42425;1
-137.29795;16.23233;      -0.20013;3.42423;1
-137.33195;16.23566;      -0.19975;3.42422;1
-137.36597;16.23900;      -0.19939;3.42420;1
-137.39997;16.24233;      -0.19906;3.42418;1
-137.43393;16.24566;      -0.19871;3.42417;1
-137.46788;16.24900;      -0.19836;3.42415;1
-137.50184;16.25233;      -0.19804;3.42413;1
-137.53580;16.25566;      -0.19771;3.42412;1
-137.56972;16.25900;      -0.19743;3.42410;1
-137.60368;16.26233;      -0.19716;3.42408;1
-137.63766;16.26566;      -0.19684;3.42407;1
-137.67160;16.26900;      -0.19654;3.42405;1
-137.70562;16.27233;      -0.19624;3.42403;1
-137.73965;16.27566;      -0.19597;3.42402;1
-137.77360;16.27899;      -0.19570;3.42400;1
-137.80758;16.28233;      -0.19544;3.42398;1
-137.84156;16.28566;      -0.19518;3.42397;1
-137.87552;16.28899;      -0.19495;3.42395;1
-137.90947;16.29233;      -0.19475;3.42393;1
-137.94339;16.29566;      -0.19449;3.42392;1
-137.97736;16.29899;      -0.19422;3.42390;1
-138.01137;16.30233;      -0.19396;3.42388;1
-138.04538;16.30566;      -0.19371;3.42387;1
-138.07939;16.30899;      -0.19349;3.42385;1
-138.11343;16.31233;      -0.19325;3.42383;1
-138.14747;16.31566;      -0.19300;3.42382;1
-138.18152;16.31899;      -0.19272;3.42380;1
-138.21562;16.32233;      -0.19245;3.42378;1
-138.24970;16.32566;      -0.19216;3.42377;1
-138.28376;16.32899;      -0.19186;3.42375;1
-138.31775;16.33233;      -0.19159;3.42373;1
-138.35170;16.33566;      -0.19135;3.42372;1
-138.38562;16.33899;      -0.19110;3.42370;1
-138.41958;16.34232;      -0.19084;3.42368;1
-138.45347;16.34566;      -0.19059;3.42367;1
-138.48738;16.34899;      -0.19033;3.42365;1
-138.52129;16.35232;      -0.19007;3.42363;1
-138.55512;16.35566;      -0.18973;3.42362;1
-138.58894;16.35899;      -0.18940;3.42360;1
-138.62282;16.36232;      -0.18909;3.42358;1
-138.65670;16.36566;      -0.18883;3.42357;1
-138.69059;16.36899;      -0.18860;3.42355;1
-138.72451;16.37232;      -0.18839;3.42353;1
-138.75845;16.37566;      -0.18817;3.42352;1
-138.79236;16.37899;      -0.18794;3.42350;1
-138.82623;16.38232;      -0.18775;3.42348;1
-138.86012;16.38566;      -0.18753;3.42347;1
-138.89402;16.38899;      -0.18728;3.42345;1
-138.92794;16.39232;      -0.18705;3.42343;1
-138.96191;16.39565;      -0.18676;3.42341;1
-138.99586;16.39899;      -0.18652;3.42340;1
-139.02979;16.40232;      -0.18631;3.42338;1
-139.06370;16.40565;      -0.18605;3.42336;1
-139.09763;16.40899;      -0.18573;3.42335;1
-139.13150;16.41232;      -0.18543;3.42333;1
-139.16535;16.41565;      -0.18518;3.42331;1
-139.19926;16.41899;      -0.18495;3.42330;1
-139.23308;16.42232;      -0.18469;3.42328;1
-139.26689;16.42565;      -0.18448;3.42326;1
-139.30072;16.42899;      -0.18428;3.42325;1
-139.33456;16.43232;      -0.18404;3.42323;1
-139.36842;16.43565;      -0.18381;3.42321;1
-139.40221;16.43899;      -0.18360;3.42320;1
-139.43599;16.44232;      -0.18340;3.42318;1
-139.46976;16.44565;      -0.18319;3.42316;1
-139.50354;16.44898;      -0.18294;3.42314;1
-139.53732;16.45232;      -0.18269;3.42313;1
-139.57107;16.45565;      -0.18245;3.42311;1
-139.60486;16.45898;      -0.18223;3.42309;1
-139.63864;16.46232;      -0.18201;3.42308;1
-139.67243;16.46565;      -0.18177;3.42306;1
-139.70621;16.46898;      -0.18155;3.42304;1
-139.74000;16.47232;      -0.18135;3.42303;1
-139.77378;16.47565;      -0.18112;3.42301;1
-139.80757;16.47898;      -0.18089;3.42299;1
-139.84137;16.48232;      -0.18063;3.42298;1
-139.87510;16.48565;      -0.18034;3.42296;1
-139.90882;16.48898;      -0.18005;3.42294;1
-139.94253;16.49232;      -0.17981;3.42292;1
-139.97622;16.49565;      -0.17958;3.42291;1
-140.00991;16.49898;      -0.17944;3.42289;1
-140.04356;16.50231;      -0.17929;3.42287;1
-140.07720;16.50565;      -0.17905;3.42286;1
-140.11079;16.50898;      -0.17883;3.42284;1
-140.14437;16.51231;      -0.17862;3.42282;1
-140.17795;16.51565;      -0.17842;3.42281;1
-140.21150;16.51898;      -0.17825;3.42279;1
-140.24506;16.52231;      -0.17808;3.42277;1
-140.27860;16.52565;      -0.17790;3.42276;1
-140.31216;16.52898;      -0.17772;3.42274;1
-140.34574;16.53231;      -0.17753;3.42272;1
-140.37936;16.53565;      -0.17732;3.42270;1
-140.41304;16.53898;      -0.17713;3.42269;1
-140.44672;16.54231;      -0.17694;3.42267;1
-140.48036;16.54565;      -0.17674;3.42265;1
-140.51402;16.54898;      -0.17658;3.42264;1
-140.54761;16.55231;      -0.17642;3.42262;1
-140.58121;16.55564;      -0.17624;3.42260;1
-140.61485;16.55898;      -0.17606;3.42259;1
-140.64850;16.56231;      -0.17600;3.42257;1
-140.68212;16.56564;      -0.17588;3.42255;1
-140.71578;16.56898;      -0.17571;3.42253;1
-140.74937;16.57231;      -0.17553;3.42252;1
-140.78294;16.57564;      -0.17535;3.42250;1
-140.81648;16.57898;      -0.17517;3.42248;1
-140.85002;16.58231;      -0.17498;3.42247;1
-140.88361;16.58564;      -0.17479;3.42245;1
-140.91714;16.58898;      -0.17464;3.42243;1
-140.95069;16.59231;      -0.17447;3.42242;1
-140.98429;16.59564;      -0.17427;3.42240;1
-141.01785;16.59898;      -0.17409;3.42238;1
-141.05142;16.60231;      -0.17385;3.42236;1
-141.08495;16.60564;      -0.17359;3.42235;1
-141.11849;16.60897;      -0.17334;3.42233;1
-141.15199;16.61231;      -0.17311;3.42231;1
-141.18551;16.61564;      -0.17292;3.42230;1
-141.21899;16.61897;      -0.17280;3.42228;1
-141.25250;16.62231;      -0.17261;3.42226;1
-141.28602;16.62564;      -0.17238;3.42224;1
-141.31958;16.62897;      -0.17219;3.42223;1
-141.35311;16.63231;      -0.17200;3.42221;1
-141.38666;16.63564;      -0.17187;3.42219;1
-141.42018;16.63897;      -0.17173;3.42218;1
-141.45371;16.64231;      -0.17151;3.42216;1
-141.48724;16.64564;      -0.17131;3.42214;1
-141.52077;16.64897;      -0.17113;3.42213;1
-141.55430;16.65231;      -0.17096;3.42211;1
-141.58782;16.65564;      -0.17077;3.42209;1
-141.62135;16.65897;      -0.17052;3.42207;1
-141.65483;16.66230;      -0.17031;3.42206;1
-141.68832;16.66564;      -0.17012;3.42204;1
-141.72176;16.66897;      -0.16993;3.42202;1
-141.75524;16.67230;      -0.16973;3.42200;1
-141.78872;16.67564;      -0.16955;3.42199;1
-141.82214;16.67897;      -0.16934;3.42197;1
-141.85554;16.68230;      -0.16915;3.42195;1
-141.88897;16.68564;      -0.16897;3.42194;1
-141.92237;16.68897;      -0.16883;3.42192;1
-141.95584;16.69230;      -0.16868;3.42190;1
-141.98929;16.69564;      -0.16851;3.42188;1
-142.02280;16.69897;      -0.16834;3.42187;1
-142.05633;16.70230;      -0.16819;3.42185;1
-142.08987;16.70564;      -0.16805;3.42183;1
-142.12338;16.70897;      -0.16793;3.42182;1
-142.15683;16.71230;      -0.16784;3.42180;1
-142.19034;16.71563;      -0.16771;3.42178;1
-142.22383;16.71897;      -0.16755;3.42176;1
-142.25732;16.72230;      -0.16738;3.42175;1
-142.29079;16.72563;      -0.16720;3.42173;1
-142.32428;16.72897;      -0.16708;3.42171;1
-142.35775;16.73230;      -0.16697;3.42169;1
-142.39127;16.73563;      -0.16685;3.42168;1
-142.42480;16.73897;      -0.16671;3.42166;1
-142.45827;16.74230;      -0.16656;3.42164;1
-142.49170;16.74563;      -0.16644;3.42163;1
-142.52510;16.74897;      -0.16632;3.42161;1
-142.55851;16.75230;      -0.16619;3.42159;1
-142.59187;16.75563;      -0.16604;3.42157;1
-142.62527;16.75897;      -0.16589;3.42156;1
-142.65865;16.76230;      -0.16572;3.42154;1
-142.69198;16.76563;      -0.16554;3.42152;1
-142.72531;16.76896;      -0.16536;3.42150;1
-142.75858;16.77230;      -0.16519;3.42149;1
-142.79184;16.77563;      -0.16510;3.42147;1
-142.82513;16.77896;      -0.16502;3.42145;1
-142.85842;16.78230;      -0.16489;3.42144;1
-142.89172;16.78563;      -0.16469;3.42142;1
-142.92496;16.78896;      -0.16452;3.42140;1
-142.95822;16.79230;      -0.16437;3.42138;1
-142.99150;16.79563;      -0.16421;3.42137;1
-143.02470;16.79896;      -0.16406;3.42135;1
-143.05788;16.80230;      -0.16391;3.42133;1
-143.09109;16.80563;      -0.16377;3.42131;1
-143.12431;16.80896;      -0.16364;3.42130;1
-143.15751;16.81230;      -0.16348;3.42128;1
-143.19069;16.81563;      -0.16326;3.42126;1
-143.22390;16.81896;      -0.16307;3.42125;1
-143.25711;16.82229;      -0.16296;3.42123;1
-143.29030;16.82563;      -0.16283;3.42121;1
-143.32355;16.82896;      -0.16270;3.42119;1
-143.35677;16.83229;      -0.16257;3.42118;1
-143.38999;16.83563;      -0.16240;3.42116;1
-143.42323;16.83896;      -0.16226;3.42114;1
-143.45644;16.84229;      -0.16215;3.42112;1
-143.48967;16.84563;      -0.16202;3.42111;1
-143.52287;16.84896;      -0.16190;3.42109;1
-143.55605;16.85229;      -0.16176;3.42107;1
-143.58924;16.85563;      -0.16164;3.42105;1
-143.62243;16.85896;      -0.16156;3.42104;1
-143.65558;16.86229;      -0.16148;3.42102;1
-143.68875;16.86563;      -0.16141;3.42100;1
-143.72192;16.86896;      -0.16130;3.42099;1
-143.75507;16.87229;      -0.16116;3.42097;1
-143.78822;16.87562;      -0.16104;3.42095;1
-143.82141;16.87896;      -0.16082;3.42093;1
-143.85461;16.88229;      -0.16064;3.42092;1
-143.88784;16.88562;      -0.16046;3.42090;1
-143.92105;16.88896;      -0.16031;3.42088;1
-143.95429;16.89229;      -0.16029;3.42086;1
-143.98747;16.89562;      -0.16025;3.42085;1
-144.02067;16.89896;      -0.16013;3.42083;1
-144.05386;16.90229;      -0.16001;3.42081;1
-144.08706;16.90562;      -0.15990;3.42079;1
-144.12032;16.90896;      -0.15968;3.42078;1
-144.15350;16.91229;      -0.15947;3.42076;1
-144.18674;16.91562;      -0.15933;3.42074;1
-144.21990;16.91896;      -0.15919;3.42072;1
-144.25305;16.92229;      -0.15903;3.42071;1
-144.28625;16.92562;      -0.15887;3.42069;1
-144.31945;16.92895;      -0.15870;3.42067;1
-144.35268;16.93229;      -0.15850;3.42065;1
-144.38590;16.93562;      -0.15830;3.42064;1
-144.41908;16.93895;      -0.15811;3.42062;1
-144.45227;16.94229;      -0.15796;3.42060;1
-144.48545;16.94562;      -0.15782;3.42058;1
-144.51870;16.94895;      -0.15777;3.42057;1
-144.55198;16.95229;      -0.15774;3.42055;1
-144.58525;16.95562;      -0.15770;3.42053;1
-144.61856;16.95895;      -0.15765;3.42051;1
-144.65188;16.96229;      -0.15757;3.42050;1
-144.68522;16.96562;      -0.15747;3.42048;1
-144.71860;16.96895;      -0.15731;3.42046;1
-144.75200;16.97229;      -0.15718;3.42044;1
-144.78537;16.97562;      -0.15704;3.42042;1
-144.81875;16.97895;      -0.15693;3.42041;1
-144.85210;16.98228;      -0.15688;3.42039;1
-144.88545;16.98562;      -0.15681;3.42037;1
-144.91881;16.98895;      -0.15668;3.42035;1
-144.95219;16.99228;      -0.15653;3.42034;1
-144.98560;16.99562;      -0.15639;3.42032;1
-145.01899;16.99895;      -0.15628;3.42030;1
-145.05242;17.00228;      -0.15612;3.42028;1
-145.08584;17.00562;      -0.15598;3.42027;1
-145.11924;17.00895;      -0.15590;3.42025;1
-145.15267;17.01228;      -0.15586;3.42023;1
-145.18608;17.01562;      -0.15583;3.42021;1
-145.21950;17.01895;      -0.15576;3.42019;1
-145.25296;17.02228;      -0.15569;3.42018;1
-145.28642;17.02562;      -0.15555;3.42016;1
-145.31987;17.02895;      -0.15541;3.42014;1
-145.35328;17.03228;      -0.15532;3.42012;1
-145.38672;17.03561;      -0.15520;3.42010;1
-145.42016;17.03895;      -0.15509;3.42009;1
-145.45355;17.04228;      -0.15496;3.42007;1
-145.48699;17.04561;      -0.15484;3.42005;1
-145.52038;17.04895;      -0.15477;3.42003;1
-145.55378;17.05228;      -0.15472;3.42002;1
-145.58723;17.05561;      -0.15472;3.42000;1
-145.62064;17.05895;      -0.15466;3.41998;1
-145.65408;17.06228;      -0.15452;3.41996;1
-145.68755;17.06561;      -0.15438;3.41994;1
-145.72102;17.06895;      -0.15425;3.41993;1
-145.75452;17.07228;      -0.15414;3.41991;1
-145.78801;17.07561;      -0.15402;3.41989;1
-145.82146;17.07895;      -0.15389;3.41987;1
-145.85489;17.08228;      -0.15379;3.41985;1
-145.88835;17.08561;      -0.15370;3.41984;1
-145.92179;17.08894;      -0.15362;3.41982;1
-145.95524;17.09228;      -0.15356;3.41980;1
-145.98871;17.09561;      -0.15348;3.41978;1
-146.02219;17.09894;      -0.15347;3.41976;1
-146.05566;17.10228;      -0.15342;3.41975;1
-146.08912;17.10561;      -0.15333;3.41973;1
-146.12258;17.10894;      -0.15319;3.41971;1
-146.15600;17.11228;      -0.15309;3.41969;1
-146.18944;17.11561;      -0.15298;3.41967;1
-146.22293;17.11894;      -0.15288;3.41966;1
-146.25648;17.12228;      -0.15282;3.41964;1
-146.29005;17.12561;      -0.15272;3.41962;1
-146.32355;17.12894;      -0.15261;3.41960;1
-146.35706;17.13228;      -0.15252;3.41958;1
-146.39051;17.13561;      -0.15241;3.41957;1
-146.42395;17.13894;      -0.15224;3.41955;1
-146.45739;17.14228;      -0.15209;3.41953;1
-146.49078;17.14561;      -0.15197;3.41951;1
-146.52422;17.14894;      -0.15184;3.41949;1
-146.55761;17.15227;      -0.15170;3.41948;1
-146.59103;17.15561;      -0.15160;3.41946;1
-146.62445;17.15894;      -0.15152;3.41944;1
-146.65787;17.16227;      -0.15149;3.41942;1
-146.69132;17.16561;      -0.15148;3.41940;1
-146.72473;17.16894;      -0.15145;3.41939;1
-146.75813;17.17227;      -0.15137;3.41937;1
-146.79152;17.17561;      -0.15124;3.41935;1
-146.82493;17.17894;      -0.15112;3.41933;1
-146.85834;17.18227;      -0.15103;3.41931;1
-146.89181;17.18561;      -0.15094;3.41929;1
-146.92531;17.18894;      -0.15089;3.41928;1
-146.95879;17.19227;      -0.15087;3.41926;1
-146.99225;17.19561;      -0.15084;3.41924;1
-147.02571;17.19894;      -0.15073;3.41922;1
-147.05914;17.20227;      -0.15066;3.41920;1
-147.09258;17.20560;      -0.15059;3.41919;1
-147.12604;17.20894;      -0.15050;3.41917;1
-147.15953;17.21227;      -0.15043;3.41915;1
-147.19296;17.21560;      -0.15035;3.41913;1
-147.22645;17.21894;      -0.15027;3.41911;1
-147.25987;17.22227;      -0.15019;3.41909;1
-147.29328;17.22560;      -0.15013;3.41908;1
-147.32672;17.22894;      -0.15005;3.41906;1
-147.36016;17.23227;      -0.15001;3.41904;1
-147.39362;17.23560;      -0.14999;3.41902;1
-147.42705;17.23894;      -0.14992;3.41900;1
-147.46047;17.24227;      -0.14984;3.41899;1
-147.49391;17.24560;      -0.14977;3.41897;1
-147.52737;17.24894;      -0.14970;3.41895;1
-147.56085;17.25227;      -0.14963;3.41893;1
-147.59432;17.25560;      -0.14957;3.41891;1
-147.62778;17.25893;      -0.14951;3.41889;1
-147.66126;17.26227;      -0.14952;3.41888;1
-147.69473;17.26560;      -0.14906;3.41886;1
-147.72820;17.26893;      -0.14807;3.41884;1
-147.76164;17.27227;      -0.14720;3.41882;1
-147.79502;17.27560;      -0.14687;3.41880;1
-147.82845;17.27893;      -0.14687;3.41878;1
-147.86193;17.28227;      -0.14694;3.41877;1
-147.89536;17.28560;      -0.14704;3.41875;1
-147.92876;17.28893;      -0.14711;3.41873;1
-147.96216;17.29227;      -0.14713;3.41871;1
-147.99555;17.29560;      -0.14713;3.41869;1
-148.02894;17.29893;      -0.14715;3.41867;1
-148.06232;17.30227;      -0.14724;3.41866;1
-148.09569;17.30560;      -0.14734;3.41864;1
-148.12903;17.30893;      -0.14739;3.41862;1
-148.16238;17.31226;      -0.14741;3.41860;1
-148.19568;17.31560;      -0.14744;3.41858;1
-148.22899;17.31893;      -0.14744;3.41856;1
-148.26228;17.32226;      -0.14743;3.41855;1
-148.29555;17.32560;      -0.14737;3.41853;1
-148.32885;17.32893;      -0.14731;3.41851;1
-148.36217;17.33226;      -0.14727;3.41849;1
-148.39547;17.33560;      -0.14723;3.41847;1
-148.42878;17.33893;      -0.14719;3.41845;1
-148.46210;17.34226;      -0.14710;3.41844;1
-148.49544;17.34560;      -0.14702;3.41842;1
-148.52877;17.34893;      -0.14697;3.41840;1
-148.56209;17.35226;      -0.14688;3.41838;1
-148.59544;17.35560;      -0.14683;3.41836;1
-148.62878;17.35893;      -0.14681;3.41834;1
-148.66210;17.36226;      -0.14677;3.41832;1
-148.69543;17.36559;      -0.14676;3.41831;1
-148.72875;17.36893;      -0.14673;3.41829;1
-148.76210;17.37226;      -0.14669;3.41827;1
-148.79544;17.37559;      -0.14669;3.41825;1
-148.82879;17.37893;      -0.14670;3.41823;1
-148.86221;17.38226;      -0.14670;3.41821;1
-148.89566;17.38559;      -0.14671;3.41820;1
-148.92907;17.38893;      -0.14675;3.41818;1
-148.96242;17.39226;      -0.14675;3.41816;1
-148.99573;17.39559;      -0.14673;3.41814;1
-149.02909;17.39893;      -0.14672;3.41812;1
-149.06243;17.40226;      -0.14671;3.41810;1
-149.09579;17.40559;      -0.14666;3.41808;1
-149.12913;17.40893;      -0.14663;3.41807;1
-149.16249;17.41226;      -0.14659;3.41805;1
-149.19581;17.41559;      -0.14658;3.41803;1
-149.22917;17.41892;      -0.14657;3.41801;1
-149.26250;17.42226;      -0.14656;3.41799;1
-149.29589;17.42559;      -0.14648;3.41797;1
-149.32925;17.42892;      -0.14642;3.41795;1
-149.36255;17.43226;      -0.14637;3.41794;1
-149.39587;17.43559;      -0.14629;3.41792;1
-149.42916;17.43892;      -0.14621;3.41790;1
-149.46247;17.44226;      -0.14613;3.41788;1
-149.49577;17.44559;      -0.14603;3.41786;1
-149.52906;17.44892;      -0.14597;3.41784;1
-149.56233;17.45226;      -0.14588;3.41783;1
-149.59562;17.45559;      -0.14578;3.41781;1
-149.62894;17.45892;      -0.14569;3.41779;1
-149.66223;17.46226;      -0.14556;3.41777;1
-149.69556;17.46559;      -0.14547;3.41775;1
-149.72893;17.46892;      -0.14545;3.41773;1
-149.76224;17.47225;      -0.14542;3.41771;1
-149.79555;17.47559;      -0.14537;3.41769;1
-149.82892;17.47892;      -0.14529;3.41768;1
-149.86226;17.48225;      -0.14518;3.41766;1
-149.89556;17.48559;      -0.14507;3.41764;1
-149.92889;17.48892;      -0.14497;3.41762;1
-149.96221;17.49225;      -0.14489;3.41760;1
-149.99550;17.49559;      -0.14484;3.41758;1
-150.02877;17.49892;      -0.14479;3.41756;1
-150.06199;17.50225;      -0.14471;3.41755;1
-150.09523;17.50559;      -0.14465;3.41753;1
-150.12851;17.50892;      -0.14461;3.41751;1
-150.16183;17.51225;      -0.14457;3.41749;1
-150.19516;17.51559;      -0.14452;3.41747;1
-150.22849;17.51892;      -0.14446;3.41745;1
-150.26192;17.52225;      -0.14441;3.41743;1
-150.29529;17.52558;      -0.14434;3.41741;1
-150.32865;17.52892;      -0.14427;3.41740;1
-150.36197;17.53225;      -0.14420;3.41738;1
-150.39532;17.53558;      -0.14416;3.41736;1
-150.42861;17.53892;      -0.14412;3.41734;1
-150.46189;17.54225;      -0.14404;3.41732;1
-150.49521;17.54558;      -0.14393;3.41730;1
-150.52852;17.54892;      -0.14385;3.41728;1
-150.56189;17.55225;      -0.14372;3.41726;1
-150.59523;17.55558;      -0.14361;3.41725;1
-150.62855;17.55892;      -0.14356;3.41723;1
-150.66191;17.56225;      -0.14350;3.41721;1
-150.69526;17.56558;      -0.14344;3.41719;1
-150.72856;17.56892;      -0.14338;3.41717;1
-150.76187;17.57225;      -0.14333;3.41715;1
-150.79522;17.57558;      -0.14328;3.41713;1
-150.82856;17.57891;      -0.14323;3.41711;1
-150.86190;17.58225;      -0.14318;3.41710;1
-150.89523;17.58558;      -0.14312;3.41708;1
-150.92854;17.58891;      -0.14302;3.41706;1
-150.96180;17.59225;      -0.14296;3.41704;1
-150.99515;17.59558;      -0.14286;3.41702;1
-151.02853;17.59891;      -0.14278;3.41700;1
-151.06191;17.60225;      -0.14273;3.41698;1
-151.09528;17.60558;      -0.14269;3.41696;1
-151.12867;17.60891;      -0.14264;3.41694;1
-151.16211;17.61225;      -0.14257;3.41692;1
-151.19553;17.61558;      -0.14255;3.41691;1
-151.22892;17.61891;      -0.14254;3.41689;1
-151.26233;17.62225;      -0.14256;3.41687;1
-151.29570;17.62558;      -0.14256;3.41685;1
-151.32908;17.62891;      -0.14253;3.41683;1
-151.36246;17.63224;      -0.14248;3.41681;1
-151.39586;17.63558;      -0.14244;3.41679;1
-151.42927;17.63891;      -0.14239;3.41677;1
-151.46266;17.64224;      -0.14232;3.41675;1
-151.49608;17.64558;      -0.14224;3.41674;1
-151.52954;17.64891;      -0.14212;3.41672;1
-151.56300;17.65224;      -0.14200;3.41670;1
-151.59643;17.65558;      -0.14190;3.41668;1
-151.62980;17.65891;      -0.14182;3.41666;1
-151.66313;17.66224;      -0.14174;3.41664;1
-151.69648;17.66558;      -0.14165;3.41662;1
-151.72979;17.66891;      -0.14156;3.41660;1
-151.76305;17.67224;      -0.14146;3.41658;1
-151.79638;17.67558;      -0.14139;3.41656;1
-151.82971;17.67891;      -0.14130;3.41655;1
-151.86297;17.68224;      -0.14122;3.41653;1
-151.89629;17.68557;      -0.14109;3.41651;1
-151.92962;17.68891;      -0.14095;3.41649;1
-151.96292;17.69224;      -0.14085;3.41647;1
-151.99625;17.69557;      -0.14074;3.41645;1
-152.02962;17.69891;      -0.14066;3.41643;1
-152.06307;17.70224;      -0.14057;3.41641;1
-152.09647;17.70557;      -0.14049;3.41639;1
-152.12990;17.70891;      -0.14041;3.41637;1
-152.16328;17.71224;      -0.14039;3.41635;1
-152.19660;17.71557;      -0.14039;3.41634;1
-152.22991;17.71891;      -0.14035;3.41632;1
-152.26328;17.72224;      -0.14031;3.41630;1
-152.29658;17.72557;      -0.14028;3.41628;1
-152.32992;17.72891;      -0.14024;3.41626;1
-152.36327;17.73224;      -0.14016;3.41624;1
-152.39661;17.73557;      -0.14007;3.41622;1
-152.42992;17.73890;      -0.14001;3.41620;1
-152.46331;17.74224;      -0.13998;3.41618;1
-152.49671;17.74557;      -0.13992;3.41616;1
-152.53003;17.74890;      -0.13989;3.41614;1
-152.56337;17.75224;      -0.13987;3.41612;1
-152.59669;17.75557;      -0.13985;3.41611;1
-152.63001;17.75890;      -0.13984;3.41609;1
-152.66339;17.76224;      -0.13983;3.41607;1
-152.69672;17.76557;      -0.13979;3.41605;1
-152.73008;17.76890;      -0.13974;3.41603;1
-152.76351;17.77224;      -0.13967;3.41601;1
-152.79689;17.77557;      -0.13962;3.41599;1
-152.83023;17.77890;      -0.13958;3.41597;1
-152.86359;17.78224;      -0.13951;3.41595;1
-152.89691;17.78557;      -0.13943;3.41593;1
-152.93018;17.78890;      -0.13940;3.41591;1
-152.96347;17.79223;      -0.13938;3.41589;1
-152.99678;17.79557;      -0.13936;3.41587;1
-153.03006;17.79890;      -0.13930;3.41586;1
-153.06331;17.80223;      -0.13927;3.41584;1
-153.09658;17.80557;      -0.13921;3.41582;1
-153.12981;17.80890;      -0.13914;3.41580;1
-153.16303;17.81223;      -0.13908;3.41578;1
-153.19619;17.81557;      -0.13901;3.41576;1
-153.22938;17.81890;      -0.13894;3.41574;1
-153.26262;17.82223;      -0.13888;3.41572;1
-153.29583;17.82557;      -0.13880;3.41570;1
-153.32912;17.82890;      -0.13875;3.41568;1
-153.36237;17.83223;      -0.13868;3.41566;1
-153.39563;17.83557;      -0.13864;3.41564;1
-153.42896;17.83890;      -0.13858;3.41562;1
-153.46227;17.84223;      -0.13849;3.41560;1
-153.49560;17.84556;      -0.13834;3.41559;1
-153.52888;17.84890;      -0.13821;3.41557;1
-153.56213;17.85223;      -0.13810;3.41555;1
-153.59540;17.85556;      -0.13800;3.41553;1
-153.62871;17.85890;      -0.13792;3.41551;1
-153.66207;17.86223;      -0.13780;3.41549;1
-153.69545;17.86556;      -0.13766;3.41547;1
-153.72883;17.86890;      -0.13754;3.41545;1
-153.76218;17.87223;      -0.13746;3.41543;1
-153.79557;17.87556;      -0.13738;3.41541;1
-153.82894;17.87890;      -0.13731;3.41539;1
-153.86232;17.88223;      -0.13724;3.41537;1
-153.89576;17.88556;      -0.13716;3.41535;1
-153.92915;17.88890;      -0.13705;3.41533;1
-153.96250;17.89223;      -0.13693;3.41531;1
-153.99588;17.89556;      -0.13684;3.41529;1
-154.02925;17.89889;      -0.13678;3.41527;1
-154.06261;17.90223;      -0.13676;3.41526;1
-154.09597;17.90556;      -0.13678;3.41524;1
-154.12935;17.90889;      -0.13678;3.41522;1
-154.16271;17.91223;      -0.13673;3.41520;1
-154.19610;17.91556;      -0.13664;3.41518;1
-154.22955;17.91889;      -0.13659;3.41516;1
-154.26299;17.92223;      -0.13654;3.41514;1
-154.29641;17.92556;      -0.13648;3.41512;1
-154.32983;17.92889;      -0.13640;3.41510;1
-154.36328;17.93223;      -0.13635;3.41508;1
-154.39672;17.93556;      -0.13631;3.41506;1
-154.43019;17.93889;      -0.13628;3.41504;1
-154.46363;17.94223;      -0.13627;3.41502;1
-154.49706;17.94556;      -0.13625;3.41500;1
-154.53051;17.94889;      -0.13622;3.41498;1
-154.56401;17.95223;      -0.13621;3.41496;1
-154.59747;17.95556;      -0.13617;3.41494;1
-154.63094;17.95889;      -0.13612;3.41492;1
-154.66442;17.96222;      -0.13606;3.41490;1
-154.69782;17.96556;      -0.13600;3.41488;1
-154.73123;17.96889;      -0.13592;3.41486;1
-154.76461;17.97222;      -0.13588;3.41484;1
-154.79801;17.97556;      -0.13586;3.41482;1
-154.83140;17.97889;      -0.13583;3.41480;1
-154.86475;17.98222;      -0.13581;3.41478;1
-154.89814;17.98556;      -0.13579;3.41477;1
-154.93157;17.98889;      -0.13574;3.41475;1
-154.96499;17.99222;      -0.13572;3.41473;1
-154.99841;17.99556;      -0.13573;3.41471;1
-155.03181;17.99889;      -0.13569;3.41469;1
-155.06525;18.00222;      -0.13564;3.41467;1
-155.09871;18.00556;      -0.13561;3.41465;1
-155.13216;18.00889;      -0.13559;3.41463;1
-155.16565;18.01222;      -0.13557;3.41461;1
-155.19910;18.01555;      -0.13552;3.41459;1
-155.23258;18.01889;      -0.13544;3.41457;1
-155.26600;18.02222;      -0.13538;3.41455;1
-155.29941;18.02555;      -0.13534;3.41453;1
-155.33280;18.02889;      -0.13524;3.41451;1
-155.36612;18.03222;      -0.13515;3.41449;1
-155.39952;18.03555;      -0.13507;3.41447;1
-155.43289;18.03889;      -0.13504;3.41445;1
-155.46620;18.04222;      -0.13504;3.41443;1
-155.49953;18.04555;      -0.13492;3.41441;1
-155.53285;18.04889;      -0.13481;3.41439;1
-155.56621;18.05222;      -0.13476;3.41437;1
-155.59961;18.05555;      -0.13470;3.41435;1
-155.63296;18.05889;      -0.13464;3.41433;1
-155.66625;18.06222;      -0.13455;3.41431;1
-155.69956;18.06555;      -0.13449;3.41429;1
-155.73293;18.06888;      -0.13442;3.41427;1
-155.76629;18.07222;      -0.13437;3.41425;1
-155.79961;18.07555;      -0.13432;3.41423;1
-155.83287;18.07888;      -0.13424;3.41421;1
-155.86619;18.08222;      -0.13418;3.41419;1
-155.89954;18.08555;      -0.13414;3.41417;1
-155.93287;18.08888;      -0.13409;3.41415;1
-155.96620;18.09222;      -0.13402;3.41413;1
-155.99958;18.09555;      -0.13395;3.41411;1
-156.03293;18.09888;      -0.13386;3.41409;1
-156.06628;18.10222;      -0.13377;3.41407;1
-156.09966;18.10555;      -0.13369;3.41405;1
-156.13296;18.10888;      -0.13363;3.41403;1
-156.16625;18.11222;      -0.13356;3.41401;1
-156.19958;18.11555;      -0.13350;3.41399;1
-156.23291;18.11888;      -0.13343;3.41397;1
-156.26625;18.12221;      -0.13336;3.41395;1
-156.29953;18.12555;      -0.13328;3.41393;1
-156.33279;18.12888;      -0.13323;3.41392;1
-156.36611;18.13221;      -0.13317;3.41389;1
-156.39939;18.13555;      -0.13309;3.41388;1
-156.43273;18.13888;      -0.13301;3.41386;1
-156.46603;18.14221;      -0.13292;3.41384;1
-156.49935;18.14555;      -0.13286;3.41382;1
-156.53268;18.14888;      -0.13276;3.41380;1
-156.56601;18.15221;      -0.13267;3.41378;1
-156.59931;18.15555;      -0.13262;3.41376;1
-156.63263;18.15888;      -0.13259;3.41374;1
-156.66592;18.16221;      -0.13256;3.41372;1
-156.69920;18.16555;      -0.13251;3.41370;1
-156.73254;18.16888;      -0.13246;3.41368;1
-156.76585;18.17221;      -0.13241;3.41366;1
-156.79919;18.17554;      -0.13234;3.41364;1
-156.83247;18.17888;      -0.13223;3.41362;1
-156.86578;18.18221;      -0.13211;3.41360;1
-156.89914;18.18554;      -0.13200;3.41358;1
-156.93243;18.18888;      -0.13191;3.41356;1
-156.96571;18.19221;      -0.13183;3.41354;1
-156.99894;18.19554;      -0.13176;3.41352;1
-157.03219;18.19888;      -0.13168;3.41350;1
-157.06546;18.20221;      -0.13159;3.41348;1
-157.09871;18.20554;      -0.13152;3.41346;1
-157.13194;18.20888;      -0.13145;3.41344;1
-157.16515;18.21221;      -0.13139;3.41342;1
-157.19833;18.21554;      -0.13139;3.41340;1
-157.23153;18.21888;      -0.13140;3.41338;1
-157.26474;18.22221;      -0.13139;3.41336;1
-157.29800;18.22554;      -0.13135;3.41334;1
-157.33125;18.22887;      -0.13129;3.41332;1
-157.36454;18.23221;      -0.13122;3.41330;1
-157.39780;18.23554;      -0.13118;3.41328;1
-157.43103;18.23887;      -0.13111;3.41326;1
-157.46430;18.24221;      -0.13101;3.41324;1
-157.49754;18.24554;      -0.13092;3.41322;1
-157.53073;18.24887;      -0.13084;3.41320;1
-157.56394;18.25221;      -0.13076;3.41318;1
-157.59719;18.25554;      -0.13070;3.41316;1
-157.63039;18.25887;      -0.13060;3.41314;1
-157.66360;18.26221;      -0.13055;3.41312;1
-157.69686;18.26554;      -0.13050;3.41310;1
-157.73011;18.26887;      -0.13046;3.41308;1
-157.76331;18.27221;      -0.13043;3.41305;1
-157.79650;18.27554;      -0.13038;3.41303;1
-157.82977;18.27887;      -0.13032;3.41301;1
-157.86309;18.28220;      -0.13026;3.41299;1
-157.89639;18.28554;      -0.13020;3.41297;1
-157.92965;18.28887;      -0.13011;3.41295;1
-157.96291;18.29220;      -0.13003;3.41293;1
-157.99619;18.29554;      -0.12995;3.41291;1
-158.02941;18.29887;      -0.12987;3.41289;1
-158.06267;18.30220;      -0.12985;3.41287;1
-158.09592;18.30554;      -0.12987;3.41285;1
-158.12919;18.30887;      -0.12985;3.41283;1
-158.16246;18.31220;      -0.12980;3.41281;1
-158.19578;18.31554;      -0.12976;3.41279;1
-158.22908;18.31887;      -0.12971;3.41277;1
-158.26239;18.32220;      -0.12959;3.41275;1
-158.29566;18.32554;      -0.12941;3.41273;1
-158.32892;18.32887;      -0.12926;3.41271;1
-158.36225;18.33220;      -0.12915;3.41269;1
-158.39560;18.33553;      -0.12904;3.41267;1
-158.42892;18.33887;      -0.12898;3.41265;1
-158.46219;18.34220;      -0.12897;3.41263;1
-158.49550;18.34553;      -0.12895;3.41261;1
-158.52883;18.34887;      -0.12893;3.41259;1
-158.56210;18.35220;      -0.12886;3.41257;1
-158.59532;18.35553;      -0.12876;3.41255;1
-158.62856;18.35887;      -0.12868;3.41253;1
-158.66181;18.36220;      -0.12861;3.41251;1
-158.69506;18.36553;      -0.12853;3.41249;1
-158.72833;18.36887;      -0.12848;3.41247;1
-158.76161;18.37220;      -0.12843;3.41245;1
-158.79487;18.37553;      -0.12834;3.41243;1
-158.82816;18.37887;      -0.12825;3.41241;1
-158.86149;18.38220;      -0.12819;3.41239;1
-158.89478;18.38553;      -0.12813;3.41237;1
-158.92807;18.38886;      -0.12808;3.41235;1
-158.96136;18.39220;      -0.12802;3.41233;1
-158.99467;18.39553;      -0.12803;3.41231;1
-159.02802;18.39886;      -0.12803;3.41228;1
-159.06133;18.40220;      -0.12798;3.41226;1
-159.09466;18.40553;      -0.12792;3.41224;1
-159.12804;18.40886;      -0.12788;3.41222;1
-159.16141;18.41220;      -0.12785;3.41220;1
-159.19478;18.41553;      -0.12780;3.41218;1
-159.22813;18.41886;      -0.12775;3.41216;1
-159.26151;18.42220;      -0.12771;3.41214;1
-159.29488;18.42553;      -0.12768;3.41212;1
-159.32823;18.42886;      -0.12764;3.41210;1
-159.36160;18.43220;      -0.12758;3.41208;1
-159.39494;18.43553;      -0.12751;3.41206;1
-159.42839;18.43886;      -0.12745;3.41204;1
-159.46180;18.44219;      -0.12742;3.41202;1
-159.49517;18.44553;      -0.12739;3.41200;1
-159.52863;18.44886;      -0.12735;3.41198;1
-159.56212;18.45219;      -0.12727;3.41196;1
-159.59559;18.45553;      -0.12723;3.41194;1
-159.62898;18.45886;      -0.12718;3.41192;1
-159.66239;18.46219;      -0.12710;3.41190;1
-159.69578;18.46553;      -0.12705;3.41187;1
-159.72921;18.46886;      -0.12701;3.41185;1
-159.76264;18.47219;      -0.12700;3.41183;1
-159.79603;18.47553;      -0.12697;3.41181;1
-159.82943;18.47886;      -0.12693;3.41179;1
-159.86283;18.48219;      -0.12688;3.41177;1
-159.89622;18.48553;      -0.12683;3.41175;1
-159.92956;18.48886;      -0.12680;3.41173;1
-159.96289;18.49219;      -0.12677;3.41171;1
-159.99624;18.49552;      -0.12672;3.41169;1
-160.02963;18.49886;      -0.12667;3.41167;1
-160.06307;18.50219;      -0.12661;3.41165;1
-160.09649;18.50552;      -0.12655;3.41163;1
-160.12988;18.50886;      -0.12650;3.41161;1
-160.16325;18.51219;      -0.12641;3.41159;1
-160.19660;18.51552;      -0.12632;3.41156;1
-160.22999;18.51886;      -0.12625;3.41154;1
-160.26334;18.52219;      -0.12615;3.41152;1
-160.29668;18.52552;      -0.12607;3.41150;1
-160.33005;18.52886;      -0.12603;3.41148;1
-160.36352;18.53219;      -0.12600;3.41146;1
-160.39695;18.53552;      -0.12597;3.41144;1
-160.43033;18.53886;      -0.12593;3.41142;1
-160.46376;18.54219;      -0.12588;3.41140;1
-160.49719;18.54552;      -0.12583;3.41138;1
-160.53061;18.54885;      -0.12579;3.41136;1
-160.56400;18.55219;      -0.12574;3.41134;1
-160.59741;18.55552;      -0.12571;3.41132;1
-160.63083;18.55885;      -0.12569;3.41130;1
-160.66426;18.56219;      -0.12567;3.41127;1
-160.69769;18.56552;      -0.12563;3.41125;1
-160.73112;18.56885;      -0.12558;3.41123;1
-160.76456;18.57219;      -0.12555;3.41121;1
-160.79796;18.57552;      -0.12550;3.41119;1
-160.83140;18.57885;      -0.12545;3.41117;1
-160.86481;18.58219;      -0.12540;3.41115;1
-160.89823;18.58552;      -0.12537;3.41113;1
-160.93163;18.58885;      -0.12533;3.41111;1
-160.96498;18.59219;      -0.12532;3.41109;1
-160.99839;18.59552;      -0.12535;3.41107;1
-161.03177;18.59885;      -0.12535;3.41105;1
-161.06519;18.60218;      -0.12534;3.41102;1
-161.09862;18.60552;      -0.12524;3.41100;1
-161.13207;18.60885;      -0.12514;3.41098;1
-161.16543;18.61218;      -0.12512;3.41096;1
-161.19880;18.61552;      -0.12508;3.41094;1
-161.23222;18.61885;      -0.12504;3.41092;1
-161.26571;18.62218;      -0.12497;3.41090;1
-161.29917;18.62552;      -0.12486;3.41088;1
-161.33260;18.62885;      -0.12477;3.41086;1
-161.36607;18.63218;      -0.12474;3.41084;1
-161.39951;18.63552;      -0.12474;3.41082;1
-161.43294;18.63885;      -0.12471;3.41079;1
-161.46633;18.64218;      -0.12465;3.41077;1
-161.49971;18.64552;      -0.12458;3.41075;1
-161.53312;18.64885;      -0.12451;3.41073;1
-161.56647;18.65218;      -0.12444;3.41071;1
-161.59981;18.65551;      -0.12435;3.41069;1
-161.63311;18.65885;      -0.12421;3.41067;1
-161.66645;18.66218;      -0.12410;3.41065;1
-161.69980;18.66551;      -0.12402;3.41063;1
-161.73319;18.66885;      -0.12393;3.41061;1
-161.76654;18.67218;      -0.12388;3.41059;1
-161.79982;18.67551;      -0.12383;3.41056;1
-161.83316;18.67885;      -0.12380;3.41054;1
-161.86652;18.68218;      -0.12374;3.41052;1
-161.89990;18.68551;      -0.12369;3.41050;1
-161.93328;18.68885;      -0.12364;3.41048;1
-161.96668;18.69218;      -0.12359;3.41046;1
-162.00006;18.69551;      -0.12352;3.41044;1
-162.03346;18.69885;      -0.12348;3.41042;1
-162.06679;18.70218;      -0.12345;3.41040;1
-162.10010;18.70551;      -0.12346;3.41038;1
-162.13339;18.70884;      -0.12345;3.41035;1
-162.16673;18.71218;      -0.12342;3.41033;1
-162.20006;18.71551;      -0.12344;3.41031;1
-162.23346;18.71884;      -0.12340;3.41029;1
-162.26685;18.72218;      -0.12334;3.41027;1
-162.30019;18.72551;      -0.12329;3.41025;1
-162.33353;18.72884;      -0.12323;3.41023;1
-162.36688;18.73218;      -0.12320;3.41021;1
-162.40016;18.73551;      -0.12317;3.41019;1
-162.43345;18.73884;      -0.12312;3.41017;1
-162.46676;18.74218;      -0.12306;3.41014;1
-162.50003;18.74551;      -0.12299;3.41012;1
-162.53328;18.74884;      -0.12292;3.41010;1
-162.56655;18.75218;      -0.12286;3.41008;1
-162.59984;18.75551;      -0.12277;3.41006;1
-162.63313;18.75884;      -0.12269;3.41004;1
-162.66647;18.76218;      -0.12262;3.41002;1
-162.69982;18.76551;      -0.12259;3.41000;1
-162.73316;18.76884;      -0.12257;3.40998;1
-162.76645;18.77217;      -0.12256;3.40995;1
-162.79972;18.77551;      -0.12252;3.40993;1
-162.83300;18.77884;      -0.12247;3.40991;1
-162.86625;18.78217;      -0.12240;3.40989;1
-162.89948;18.78551;      -0.12231;3.40987;1
-162.93275;18.78884;      -0.12222;3.40985;1
-162.96605;18.79217;      -0.12213;3.40983;1
-162.99934;18.79551;      -0.12201;3.40981;1
-163.03265;18.79884;      -0.12191;3.40979;1
-163.06600;18.80217;      -0.12184;3.40976;1
-163.09930;18.80551;      -0.12173;3.40974;1
-163.13262;18.80884;      -0.12156;3.40972;1
-163.16589;18.81217;      -0.12145;3.40970;1
-163.19917;18.81551;      -0.12142;3.40968;1
-163.23243;18.81884;      -0.12140;3.40966;1
-163.26565;18.82217;      -0.12136;3.40964;1
-163.29884;18.82550;      -0.12132;3.40962;1
-163.33202;18.82884;      -0.12122;3.40959;1
-163.36522;18.83217;      -0.12114;3.40957;1
-163.39843;18.83550;      -0.12111;3.40955;1
-163.43165;18.83884;      -0.12109;3.40953;1
-163.46495;18.84217;      -0.12108;3.40951;1
-163.49824;18.84550;      -0.12107;3.40949;1
-163.53150;18.84884;      -0.12108;3.40947;1
-163.56479;18.85217;      -0.12108;3.40945;1
-163.59814;18.85550;      -0.12105;3.40942;1
-163.63147;18.85884;      -0.12099;3.40940;1
-163.66482;18.86217;      -0.12094;3.40938;1
-163.69817;18.86550;      -0.12093;3.40936;1
-163.73149;18.86884;      -0.12091;3.40934;1
-163.76480;18.87217;      -0.12083;3.40932;1
-163.79812;18.87550;      -0.12069;3.40930;1
-163.83152;18.87883;      -0.12060;3.40928;1
-163.86487;18.88217;      -0.12057;3.40925;1
-163.89822;18.88550;      -0.12054;3.40923;1
-163.93156;18.88883;      -0.12051;3.40921;1
-163.96492;18.89217;      -0.12045;3.40919;1
-163.99830;18.89550;      -0.12039;3.40917;1
-164.03167;18.89883;      -0.12036;3.40915;1
-164.06502;18.90217;      -0.12036;3.40913;1
-164.09840;18.90550;      -0.12036;3.40910;1
-164.13180;18.90883;      -0.12022;3.40908;1
-164.16525;18.91217;      -0.12011;3.40906;1
-164.19867;18.91550;      -0.12004;3.40904;1
-164.23212;18.91883;      -0.11996;3.40902;1
-164.26550;18.92217;      -0.11992;3.40900;1
-164.29884;18.92550;      -0.11987;3.40898;1
-164.33225;18.92883;      -0.11981;3.40895;1
-164.36564;18.93216;      -0.11975;3.40893;1
-164.39904;18.93550;      -0.11973;3.40891;1
-164.43248;18.93883;      -0.11972;3.40889;1
-164.46583;18.94216;      -0.11971;3.40887;1
-164.49919;18.94550;      -0.11971;3.40885;1
-164.53256;18.94883;      -0.11963;3.40883;1
-164.56592;18.95216;      -0.11953;3.40880;1
-164.59925;18.95550;      -0.11948;3.40878;1
-164.63258;18.95883;      -0.11943;3.40876;1
-164.66595;18.96216;      -0.11939;3.40874;1
-164.69932;18.96550;      -0.11934;3.40872;1
-164.73270;18.96883;      -0.11930;3.40870;1
-164.76606;18.97216;      -0.11924;3.40868;1
-164.79944;18.97550;      -0.11916;3.40865;1
-164.83284;18.97883;      -0.11912;3.40863;1
-164.86620;18.98216;      -0.11908;3.40861;1
-164.89962;18.98549;      -0.11907;3.40859;1
-164.93303;18.98883;      -0.11908;3.40857;1
-164.96641;18.99216;      -0.11904;3.40855;1
-164.99980;18.99549;      -0.11901;3.40852;1
-165.03324;18.99883;      -0.11895;3.40850;1
-165.06664;19.00216;      -0.11890;3.40848;1
-165.10006;19.00549;      -0.11887;3.40846;1
-165.13347;19.00883;      -0.11882;3.40844;1
-165.16688;19.01216;      -0.11877;3.40842;1
-165.20032;19.01549;      -0.11871;3.40839;1
-165.23377;19.01883;      -0.11863;3.40837;1
-165.26725;19.02216;      -0.11856;3.40835;1
-165.30075;19.02549;      -0.11851;3.40833;1
-165.33424;19.02883;      -0.11846;3.40831;1
-165.36771;19.03216;      -0.11836;3.40829;1
-165.40115;19.03549;      -0.11822;3.40826;1
-165.43453;19.03882;      -0.11814;3.40824;1
-165.46794;19.04216;      -0.11812;3.40822;1
-165.50131;19.04549;      -0.11811;3.40820;1
-165.53464;19.04882;      -0.11810;3.40818;1
-165.56800;19.05216;      -0.11811;3.40816;1
-165.60133;19.05549;      -0.11814;3.40813;1
-165.63461;19.05882;      -0.11811;3.40811;1
-165.66791;19.06216;      -0.11809;3.40809;1
-165.70121;19.06549;      -0.11803;3.40807;1
-165.73451;19.06882;      -0.11796;3.40805;1
-165.76786;19.07216;      -0.11791;3.40803;1
-165.80117;19.07549;      -0.11784;3.40800;1
-165.83450;19.07882;      -0.11776;3.40798;1
-165.86772;19.08216;      -0.11770;3.40796;1
-165.90094;19.08549;      -0.11765;3.40794;1
-165.93418;19.08882;      -0.11759;3.40792;1
-165.96739;19.09215;      -0.11754;3.40790;1
-166.00059;19.09549;      -0.11750;3.40787;1
-166.03378;19.09882;      -0.11741;3.40785;1
-166.06701;19.10215;      -0.11732;3.40783;1
-166.10025;19.10549;      -0.11728;3.40781;1
-166.13352;19.10882;      -0.11726;3.40779;1
-166.16677;19.11215;      -0.11725;3.40777;1
-166.19999;19.11549;      -0.11723;3.40774;1
-166.23322;19.11882;      -0.11715;3.40772;1
-166.26644;19.12215;      -0.11701;3.40770;1
-166.29969;19.12549;      -0.11696;3.40768;1
-166.33297;19.12882;      -0.11694;3.40766;1
-166.36621;19.13215;      -0.11689;3.40763;1
-166.39952;19.13549;      -0.11690;3.40761;1
-166.43285;19.13882;      -0.11692;3.40759;1
-166.46616;19.14215;      -0.11688;3.40757;1
-166.49951;19.14548;      -0.11683;3.40755;1
-166.53282;19.14882;      -0.11676;3.40753;1
-166.56617;19.15215;      -0.11670;3.40750;1
-166.59955;19.15548;      -0.11664;3.40748;1
-166.63293;19.15882;      -0.11658;3.40746;1
-166.66630;19.16215;      -0.11647;3.40744;1
-166.69966;19.16548;      -0.11632;3.40742;1
-166.73300;19.16882;      -0.11619;3.40739;1
-166.76631;19.17215;      -0.11607;3.40737;1
-166.79963;19.17548;      -0.11601;3.40735;1
-166.83299;19.17882;      -0.11593;3.40733;1
-166.86637;19.18215;      -0.11584;3.40731;1
-166.89981;19.18548;      -0.11579;3.40728;1
-166.93321;19.18882;      -0.11571;3.40726;1
-166.96662;19.19215;      -0.11565;3.40724;1
-167.00003;19.19548;      -0.11559;3.40722;1
-167.03341;19.19881;      -0.11552;3.40720;1
-167.06681;19.20215;      -0.11542;3.40717;1
-167.10018;19.20548;      -0.11534;3.40715;1
-167.13350;19.20881;      -0.11527;3.40713;1
-167.16686;19.21215;      -0.11521;3.40711;1
-167.20022;19.21548;      -0.11518;3.40709;1
-167.23355;19.21881;      -0.11517;3.40706;1
-167.26687;19.22215;      -0.11514;3.40704;1
-167.30019;19.22548;      -0.11513;3.40702;1
-167.33348;19.22881;      -0.11513;3.40700;1
-167.36675;19.23215;      -0.11506;3.40698;1
-167.40005;19.23548;      -0.11498;3.40695;1
-167.43342;19.23881;      -0.11495;3.40693;1
-167.46679;19.24215;      -0.11486;3.40691;1
-167.50016;19.24548;      -0.11475;3.40689;1
-167.53352;19.24881;      -0.11471;3.40687;1
-167.56687;19.25214;      -0.11469;3.40684;1
-167.60024;19.25548;      -0.11459;3.40682;1
-167.63360;19.25881;      -0.11453;3.40680;1
-167.66693;19.26214;      -0.11449;3.40678;1
-167.70026;19.26548;      -0.11445;3.40676;1
-167.73362;19.26881;      -0.11442;3.40673;1
-167.76695;19.27214;      -0.11437;3.40671;1
-167.80027;19.27548;      -0.11433;3.40669;1
-167.83364;19.27881;      -0.11431;3.40667;1
-167.86694;19.28214;      -0.11437;3.40665;1
-167.90037;19.28548;      -0.11438;3.40662;1
-167.93381;19.28881;      -0.11434;3.40660;1
-167.96721;19.29214;      -0.11432;3.40658;1
-168.00059;19.29548;      -0.11430;3.40656;1
-168.03397;19.29881;      -0.11428;3.40653;1
-168.06741;19.30214;      -0.11422;3.40651;1
-168.10084;19.30547;      -0.11416;3.40649;1
-168.13425;19.30881;      -0.11413;3.40647;1
-168.16760;19.31214;      -0.11412;3.40645;1
-168.20101;19.31547;      -0.11411;3.40642;1
-168.23439;19.31881;      -0.11406;3.40640;1
-168.26777;19.32214;      -0.11399;3.40638;1
-168.30117;19.32547;      -0.11397;3.40636;1
-168.33457;19.32881;      -0.11396;3.40633;1
-168.36795;19.33214;      -0.11393;3.40631;1
-168.40140;19.33547;      -0.11384;3.40629;1
-168.43480;19.33881;      -0.11375;3.40627;1
-168.46815;19.34214;      -0.11368;3.40625;1
-168.50148;19.34547;      -0.11366;3.40622;1
-168.53486;19.34881;      -0.11364;3.40620;1
-168.56828;19.35214;      -0.11347;3.40618;1
-168.60163;19.35547;      -0.11335;3.40616;1
-168.63494;19.35880;      -0.11333;3.40613;1
-168.66827;19.36214;      -0.11326;3.40611;1
-168.70161;19.36547;      -0.11321;3.40609;1
-168.73498;19.36880;      -0.11306;3.40607;1
-168.76834;19.37214;      -0.11296;3.40605;1
-168.80174;19.37547;      -0.11297;3.40602;1
-168.83514;19.37880;      -0.11298;3.40600;1
-168.86850;19.38214;      -0.11298;3.40598;1
-168.90187;19.38547;      -0.11298;3.40596;1
-168.93524;19.38880;      -0.11297;3.40593;1
-168.96862;19.39214;      -0.11292;3.40591;1
-169.00200;19.39547;      -0.11287;3.40589;1
-169.03531;19.39880;      -0.11282;3.40587;1
-169.06855;19.40214;      -0.11276;3.40584;1
-169.10179;19.40547;      -0.11270;3.40582;1
-169.13505;19.40880;      -0.11265;3.40580;1
-169.16830;19.41213;      -0.11262;3.40578;1
-169.20166;19.41547;      -0.11260;3.40576;1
-169.23504;19.41880;      -0.11256;3.40573;1
-169.26835;19.42213;      -0.11254;3.40571;1
-169.30168;19.42547;      -0.11253;3.40569;1
-169.33512;19.42880;      -0.11250;3.40567;1
-169.36862;19.43213;      -0.11244;3.40564;1
-169.40220;19.43547;      -0.11241;3.40562;1
-169.43578;19.43880;      -0.11237;3.40560;1
-169.46934;19.44213;      -0.11228;3.40558;1
-169.50290;19.44547;      -0.11217;3.40555;1
-169.53654;19.44880;      -0.11211;3.40553;1
-169.57009;19.45213;      -0.11207;3.40551;1
-169.60358;19.45547;      -0.11206;3.40548;1
-169.63717;19.45880;      -0.11198;3.40546;1
-169.67068;19.46213;      -0.11191;3.40544;1
-169.70426;19.46546;      -0.11188;3.40542;1
-169.73775;19.46880;      -0.11184;3.40539;1
-169.77131;19.47213;      -0.11178;3.40537;1
-169.80471;19.47546;      -0.11172;3.40535;1
-169.83838;19.47880;      -0.11170;3.40533;1
-169.87230;19.48213;      -0.11169;3.40530;1
-169.90630;19.48546;      -0.11169;3.40528;1
-169.93968;19.48880;      -0.11166;3.40526;1
-169.97513;19.49213;      -0.11162;3.40523;1
-170.00145;19.49546;      -0.11159;3.40522;1
-170.03833;19.49880;      -0.11157;3.40519;2
-170.08356;19.50213;      -0.11155;3.40516;2
-170.11393;19.50546;      -0.11151;3.40514;2
-170.14761;19.50880;      -0.11145;3.40512;2
-170.18047;19.51213;      -0.11136;3.40510;2
-170.21269;19.51546;      -0.11126;3.40507;2
-170.24384;19.51879;      -0.11120;3.40505;2
-170.27354;19.52213;      -0.11116;3.40503;2
-170.30043;19.52546;      -0.11120;3.40501;2
-170.32397;19.52879;      -0.11123;3.40500;2
-170.34371;19.53213;      -0.11128;3.40499;2
-170.35966;19.53546;      -0.11127;3.40497;2
-170.37150;19.53879;      -0.11113;3.40497;2
-170.37914;19.54213;      -0.11101;3.40496;2
-170.38273;19.54546;      -0.11094;3.40496;2
-170.38244;19.54879;      -0.11081;3.40496;2
-170.37818;19.55213;      -0.11072;3.40496;2
-170.37020;19.55546;      -0.11058;3.40497;2
-170.35863;19.55879;      -0.11030;3.40498;2
-170.34379;19.56213;      -0.11004;3.40499;2
-170.32600;19.56546;      -0.10962;3.40500;2
-170.30525;19.56879;      -0.10916;3.40501;2
-170.28180;19.57213;      -0.10877;3.40503;2
-170.25584;19.57546;      -0.10830;3.40504;2
-170.22751;19.57879;      -0.10768;3.40506;2
-170.19708;19.58212;      -0.10692;3.40508;2
-170.16469;19.58546;      -0.10608;3.40511;2
-170.13043;19.58879;      -0.10512;3.40513;2
-170.09426;19.59212;      -0.10413;3.40515;2
-170.05706;19.59546;      -0.10297;3.40518;2
-170.01645;19.59879;      -0.10155;3.40521;2
-169.98317;19.60212;      -0.10005;3.40523;2
-169.96277;19.60546;-9.832693e-002;3.40524;2
-169.93823;19.60879;-9.653054e-002;3.40526;2
-169.91286;19.61212;-9.468657e-002;3.40528;2
-169.88583;19.61546;-9.270797e-002;3.40529;2
-169.85732;19.61879;-9.057349e-002;3.40531;2
-169.82728;19.62212;-8.844525e-002;3.40533;2
-169.79579;19.62546;-8.620129e-002;3.40536;2
-169.76282;19.62879;-8.374890e-002;3.40538;2
-169.72842;19.63212;-8.125113e-002;3.40540;2
-169.69268;19.63545;-7.865715e-002;3.40542;2
-169.65551;19.63879;-7.595125e-002;3.40545;2
-169.61694;19.64212;-7.318180e-002;3.40548;2
-169.57703;19.64545;-7.035411e-002;3.40550;2
-169.53590;19.64879;-6.740576e-002;3.40553;2
-169.49360;19.65212;-6.428292e-002;3.40556;2
-169.45014;19.65545;-6.117183e-002;3.40559;2
-169.40563;19.65879;-5.806182e-002;3.40562;2
-169.36019;19.66212;-5.495060e-002;3.40565;2
-169.31380;19.66545;-5.176440e-002;3.40568;2
-169.26651;19.66879;-4.847860e-002;3.40571;2
-169.21839;19.67212;-4.511106e-002;3.40574;2
-169.16953;19.67545;-4.180614e-002;3.40578;2
-169.12000;19.67879;-3.856917e-002;3.40581;2
-169.06979;19.68212;-3.529051e-002;3.40584;2
-169.01904;19.68545;-3.184018e-002;3.40588;2
-168.96780;19.68878;-2.830263e-002;3.40591;2
-168.91606;19.69212;-2.496017e-002;3.40595;2
-168.86387;19.69545;-2.169659e-002;3.40598;2
-168.81129;19.69878;-1.825141e-002;3.40602;2
-168.75846;19.70212;-1.477716e-002;3.40605;2
-168.70536;19.70545;-1.142598e-002;3.40609;2
-168.65204;19.70878;-8.096512e-003;3.40612;2
-168.59855;19.71212;-4.741677e-003;3.40616;2
-168.54490;19.71545;-1.332364e-003;3.40619;2
-168.49118;19.71878; 1.985809e-003;3.40623;2
-168.43741;19.72212; 5.254361e-003;3.40627;2
-168.38363;19.72545; 8.626206e-003;3.40630;2
-168.32981;19.72878; 1.204145e-002;3.40634;2
-168.27602;19.73212; 1.535752e-002;3.40637;2
-168.22225;19.73545; 1.859287e-002;3.40641;2
-168.16862;19.73878; 2.178722e-002;3.40645;2
-168.11511;19.74211; 2.492607e-002;3.40648;2
-168.06166;19.74545; 2.803049e-002;3.40652;2
-168.00843;19.74878; 3.108068e-002;3.40655;2
-167.95540;19.75211; 3.412001e-002;3.40659;2
-167.90258;19.75545; 3.707326e-002;3.40662;2
-167.85002;19.75878; 3.994708e-002;3.40666;2
-167.79764;19.76211; 4.278401e-002;3.40669;2
-167.74550;19.76545; 4.559094e-002;3.40673;2
-167.69362;19.76878; 4.836242e-002;3.40676;2
-167.64199;19.77211; 5.107381e-002;3.40679;2
-167.59070;19.77545; 5.373449e-002;3.40683;2
-167.53970;19.77878; 5.632459e-002;3.40686;2
-167.48907;19.78211; 5.886379e-002;3.40690;2
-167.43877;19.78545; 6.140893e-002;3.40693;2
-167.38883;19.78878; 6.383552e-002;3.40696;2
-167.33920;19.79211; 6.619738e-002;3.40699;2
-167.28995;19.79544; 6.847804e-002;3.40703;2
-167.24110;19.79878; 7.077230e-002;3.40706;2
-167.19261;19.80211; 7.304284e-002;3.40709;2
-167.14445;19.80544; 7.518828e-002;3.40712;2
-167.09665;19.80878; 7.729030e-002;3.40715;2
-167.04922;19.81211; 7.933912e-002;3.40719;2
-167.00218;19.81544; 8.132089e-002;3.40722;2
-166.95552;19.81878; 8.321845e-002;3.40725;2
-166.90928;19.82211; 8.498962e-002;3.40728;2
-166.86338;19.82544; 8.673444e-002;3.40731;2
-166.81790;19.82878; 8.845099e-002;3.40734;2
-166.77277;19.83211; 9.013574e-002;3.40737;2
-166.72795;19.83544; 9.176920e-002;3.40740;2
-166.68349;19.83878; 9.338859e-002;3.40743;2
-166.63943;19.84211; 9.492587e-002;3.40746;2
-166.59574;19.84544; 9.638009e-002;3.40748;2
-166.55246;19.84877; 9.783326e-002;3.40751;2
-166.50956;19.85211; 9.922494e-002;3.40754;2
-166.46701;19.85544;       0.10053;3.40757;2
-166.42483;19.85877;       0.10181;3.40760;2
-166.38300;19.86211;       0.10300;3.40762;2
-166.34149;19.86544;       0.10418;3.40765;2
-166.30033;19.86877;       0.10527;3.40768;2
-166.25951;19.87211;       0.10625;3.40770;2
-166.21903;19.87544;       0.10726;3.40773;2
-166.17888;19.87877;       0.10830;3.40776;2
-166.13909;19.88211;       0.10925;3.40778;2
-166.09972;19.88544;       0.11008;3.40781;2
-166.06063;19.88877;       0.11089;3.40783;2
-166.02182;19.89211;       0.11170;3.40786;2
-165.98334;19.89544;       0.11245;3.40788;2
-165.94516;19.89877;       0.11311;3.40791;2
-165.90724;19.90210;       0.11368;3.40793;2
-165.86959;19.90544;       0.11427;3.40796;2
-165.83221;19.90877;       0.11487;3.40798;2
-165.79511;19.91210;       0.11542;3.40801;2
-165.75826;19.91544;       0.11591;3.40803;2
-165.72169;19.91877;       0.11645;3.40806;2
-165.68535;19.92210;       0.11700;3.40808;2
-165.64928;19.92544;       0.11742;3.40810;2
-165.61341;19.92877;       0.11780;3.40813;2
-165.57775;19.93210;       0.11809;3.40815;2
-165.54228;19.93544;       0.11836;3.40817;2
-165.50707;19.93877;       0.11869;3.40819;2
-165.47206;19.94210;       0.11894;3.40822;2
-165.43717;19.94544;       0.11913;3.40824;2
-165.40248;19.94877;       0.11921;3.40826;2
-165.36799;19.95210;       0.11920;3.40829;2
-165.33368;19.95543;       0.11939;3.40831;2
-165.29956;19.95877;       0.11962;3.40833;2
-165.26549;19.96210;       0.11987;3.40835;2
-165.23158;19.96543;       0.11996;3.40837;2
-165.19783;19.96877;       0.11992;3.40840;2
-165.16419;19.97210;       0.11987;3.40842;2
-165.13071;19.97543;       0.11992;3.40844;2
-165.09735;19.97877;       0.11999;3.40846;2
-165.06412;19.98210;       0.12003;3.40848;2
-165.03098;19.98543;       0.12012;3.40850;2
-164.99796;19.98877;       0.12021;3.40853;2
-164.96505;19.99210;       0.12027;3.40855;2
-164.93222;19.99543;       0.12028;3.40857;2
-164.89944;19.99877;       0.12028;3.40859;2
-164.86676;20.00210;       0.12028;3.40861;2
-164.83413;20.00543;       0.12028;3.40863;2
-164.80163;20.00876;       0.12032;3.40865;2
-164.76923;20.01210;       0.12030;3.40867;2
-164.73683;20.01543;       0.12026;3.40869;2
-164.70446;20.01876;       0.12021;3.40871;2
-164.67218;20.02210;       0.12012;3.40874;2
-164.63991;20.02543;       0.12004;3.40876;2
-164.60773;20.02876;       0.11997;3.40878;2
-164.57559;20.03210;       0.11981;3.40880;2
-164.54347;20.03543;       0.11968;3.40882;2
-164.51139;20.03876;       0.11961;3.40884;2
-164.47933;20.04210;       0.11949;3.40886;2
-164.44728;20.04543;       0.11931;3.40888;2
-164.41528;20.04876;       0.11915;3.40890;2
-164.38332;20.05210;       0.11901;3.40892;2
-164.35134;20.05543;       0.11881;3.40894;2
-164.31934;20.05876;       0.11868;3.40896;2
-164.28738;20.06209;       0.11855;3.40898;2
-164.25543;20.06543;       0.11840;3.40900;2
-164.22349;20.06876;       0.11826;3.40902;2
-164.19155;20.07209;       0.11812;3.40904;2
-164.15962;20.07543;       0.11791;3.40907;2
-164.12771;20.07876;       0.11772;3.40909;2
-164.09580;20.08209;       0.11750;3.40911;2
-164.06392;20.08543;       0.11726;3.40913;2
-164.03192;20.08876;       0.11706;3.40915;2
-163.99992;20.09209;       0.11682;3.40917;2
-163.96797;20.09543;       0.11657;3.40919;2
-163.93597;20.09876;       0.11642;3.40921;2
-163.90394;20.10209;       0.11632;3.40923;2
-163.87192;20.10543;       0.11620;3.40925;2
-163.83985;20.10876;       0.11607;3.40927;2
-163.80776;20.11209;       0.11595;3.40929;2
-163.77570;20.11542;       0.11584;3.40931;2
-163.74361;20.11876;       0.11576;3.40933;2
-163.71151;20.12209;       0.11567;3.40935;2
-163.67936;20.12542;       0.11559;3.40937;2
-163.64719;20.12876;       0.11553;3.40939;2
-163.61504;20.13209;       0.11545;3.40941;2
-163.58278;20.13542;       0.11537;3.40943;2
-163.55049;20.13876;       0.11532;3.40946;2
-163.51818;20.14209;       0.11522;3.40948;2
-163.48585;20.14542;       0.11512;3.40950;2
-163.45352;20.14876;       0.11500;3.40952;2
-163.42119;20.15209;       0.11485;3.40954;2
-163.38880;20.15542;       0.11469;3.40956;2
-163.35632;20.15876;       0.11454;3.40958;2
-163.32382;20.16209;       0.11444;3.40960;2
-163.29138;20.16542;       0.11439;3.40962;2
-163.25898;20.16875;       0.11434;3.40964;2
-163.22649;20.17209;       0.11434;3.40966;2
-163.19399;20.17542;       0.11440;3.40968;2
-163.16145;20.17875;       0.11442;3.40970;2
-163.12890;20.18209;       0.11442;3.40972;2
-163.09619;20.18542;       0.11438;3.40975;2
-163.06349;20.18875;       0.11434;3.40977;2
-163.03085;20.19209;       0.11434;3.40979;2
-162.99810;20.19542;       0.11430;3.40981;2
-162.96530;20.19875;       0.11425;3.40983;2
-162.93252;20.20209;       0.11420;3.40985;2
-162.89970;20.20542;       0.11414;3.40987;2
-162.86686;20.20875;       0.11407;3.40989;2
-162.83394;20.21209;       0.11403;3.40991;2
-162.80098;20.21542;       0.11401;3.40993;2
-162.76805;20.21875;       0.11399;3.40995;2
-162.73512;20.22208;       0.11400;3.40997;2
-162.70211;20.22542;       0.11400;3.40999;2
-162.66911;20.22875;       0.11397;3.41002;2
-162.63610;20.23208;       0.11397;3.41004;2
-162.60306;20.23542;       0.11398;3.41006;2
-162.57001;20.23875;       0.11392;3.41008;2
-162.53696;20.24208;       0.11382;3.41010;2
-162.50387;20.24542;       0.11382;3.41012;2
-162.47076;20.24875;       0.11387;3.41014;2
-162.43757;20.25208;       0.11396;3.41016;2
-162.40430;20.25542;       0.11398;3.41018;2
-162.37111;20.25875;       0.11400;3.41020;2
-162.33793;20.26208;       0.11402;3.41023;2
-162.30469;20.26542;       0.11406;3.41025;2
-162.27148;20.26875;       0.11407;3.41027;2
-162.23823;20.27208;       0.11405;3.41029;2
-162.20492;20.27541;       0.11403;3.41031;2
-162.17162;20.27875;       0.11404;3.41033;2
-162.13827;20.28208;       0.11406;3.41035;2
-162.10493;20.28541;       0.11410;3.41037;2
-162.07149;20.28875;       0.11416;3.41039;2
-162.03812;20.29208;       0.11420;3.41041;2
-162.00471;20.29541;       0.11425;3.41044;2
-161.97123;20.29875;       0.11424;3.41046;2
-161.93778;20.30208;       0.11424;3.41048;2
-161.90432;20.30541;       0.11427;3.41050;2
-161.87086;20.30875;       0.11429;3.41052;2
-161.83748;20.31208;       0.11435;3.41054;2
-161.80408;20.31541;       0.11439;3.41056;2
-161.77064;20.31875;       0.11439;3.41058;2
-161.73723;20.32208;       0.11441;3.41060;2
-161.70378;20.32541;       0.11443;3.41063;2
-161.67034;20.32874;       0.11447;3.41065;2
-161.63687;20.33208;       0.11458;3.41067;2
-161.60336;20.33541;       0.11469;3.41069;2
-161.56997;20.33874;       0.11477;3.41071;2
-161.53659;20.34208;       0.11487;3.41073;2
-161.50318;20.34541;       0.11494;3.41075;2
-161.46975;20.34874;       0.11497;3.41077;2
-161.43636;20.35208;       0.11500;3.41079;2
-161.40292;20.35541;       0.11504;3.41081;2
-161.36943;20.35874;       0.11508;3.41083;2
-161.33594;20.36208;       0.11516;3.41086;2
-161.30247;20.36541;       0.11527;3.41088;2
-161.26894;20.36874;       0.11534;3.41090;2
-161.23534;20.37208;       0.11539;3.41092;2
-161.20180;20.37541;       0.11548;3.41094;2
-161.16828;20.37874;       0.11557;3.41096;2
-161.13471;20.38207;       0.11566;3.41098;2
-161.10110;20.38541;       0.11574;3.41100;2
-161.06761;20.38874;       0.11580;3.41102;2
-161.03409;20.39207;       0.11585;3.41104;2
-161.00051;20.39541;       0.11590;3.41107;2
-160.96700;20.39874;       0.11597;3.41109;2
-160.93346;20.40207;       0.11603;3.41111;2
-160.89992;20.40541;       0.11607;3.41113;2
-160.86634;20.40874;       0.11616;3.41115;2
-160.83272;20.41207;       0.11628;3.41117;2
-160.79914;20.41541;       0.11638;3.41119;2
-160.76550;20.41874;       0.11644;3.41121;2
-160.73187;20.42207;       0.11648;3.41123;2
-160.69822;20.42541;       0.11655;3.41125;2
-160.66461;20.42874;       0.11663;3.41127;2
-160.63097;20.43207;       0.11670;3.41130;2
-160.59729;20.43541;       0.11680;3.41132;2
-160.56362;20.43874;       0.11694;3.41134;2
-160.52993;20.44207;       0.11703;3.41136;2
-160.49625;20.44540;       0.11713;3.41138;2
-160.46261;20.44874;       0.11725;3.41140;2
-160.42897;20.45207;       0.11737;3.41142;2
-160.39538;20.45540;       0.11745;3.41144;2
-160.36178;20.45874;       0.11756;3.41146;2
-160.32811;20.46207;       0.11768;3.41148;2
-160.29442;20.46540;       0.11777;3.41150;2
-160.26070;20.46874;       0.11780;3.41153;2
-160.22694;20.47207;       0.11782;3.41155;2
-160.19321;20.47540;       0.11785;3.41157;2
-160.15948;20.47874;       0.11789;3.41159;2
-160.12572;20.48207;       0.11796;3.41161;2
-160.09194;20.48540;       0.11801;3.41163;2
-160.05809;20.48874;       0.11805;3.41165;2
-160.02430;20.49207;       0.11809;3.41167;2
-159.99045;20.49540;       0.11813;3.41169;2
-159.95658;20.49873;       0.11817;3.41171;2
-159.92275;20.50207;       0.11820;3.41173;2
-159.88891;20.50540;       0.11823;3.41176;2
-159.85505;20.50873;       0.11830;3.41178;2
-159.82114;20.51207;       0.11836;3.41180;2
-159.78716;20.51540;       0.11845;3.41182;2
-159.75318;20.51873;       0.11851;3.41184;2
-159.71919;20.52207;       0.11861;3.41186;2
-159.68515;20.52540;       0.11877;3.41188;2
-159.65110;20.52873;       0.11887;3.41190;2
-159.61704;20.53207;       0.11899;3.41192;2
-159.58299;20.53540;       0.11908;3.41194;2
-159.54888;20.53873;       0.11913;3.41196;2
-159.51467;20.54207;       0.11917;3.41199;2
-159.48048;20.54540;       0.11918;3.41201;2
-159.44628;20.54873;       0.11921;3.41203;2
-159.41204;20.55206;       0.11926;3.41205;2
-159.37773;20.55540;       0.11932;3.41207;2
-159.34343;20.55873;       0.11936;3.41209;2
-159.30919;20.56206;       0.11941;3.41211;2
-159.27486;20.56540;       0.11950;3.41213;2
-159.24047;20.56873;       0.11962;3.41215;2
-159.20607;20.57206;       0.11974;3.41218;2
-159.17165;20.57540;       0.11986;3.41220;2
-159.13719;20.57873;       0.11992;3.41222;2
-159.10263;20.58206;       0.12006;3.41224;2
-159.06811;20.58540;       0.12023;3.41226;2
-159.03357;20.58873;       0.12029;3.41228;2
-158.99896;20.59206;       0.12037;3.41230;2
-158.96430;20.59540;       0.12044;3.41232;2
-158.92952;20.59873;       0.12045;3.41235;2
-158.89469;20.60206;       0.12052;3.41237;2
-158.85990;20.60539;       0.12061;3.41239;2
-158.82503;20.60873;       0.12069;3.41241;2
-158.79012;20.61206;       0.12077;3.41243;2
-158.75522;20.61539;       0.12085;3.41245;2
-158.72024;20.61873;       0.12093;3.41247;2
-158.68525;20.62206;       0.12100;3.41249;2
-158.65024;20.62539;       0.12115;3.41252;2
-158.61512;20.62873;       0.12121;3.41254;2
-158.57990;20.63206;       0.12131;3.41256;2
-158.54470;20.63539;       0.12144;3.41258;2
-158.50943;20.63873;       0.12155;3.41260;2
-158.47410;20.64206;       0.12169;3.41262;2
-158.43873;20.64539;       0.12182;3.41264;2
-158.40331;20.64873;       0.12194;3.41267;2
-158.36784;20.65206;       0.12206;3.41269;2
-158.33233;20.65539;       0.12222;3.41271;2
-158.29682;20.65872;       0.12239;3.41273;2
-158.26126;20.66206;       0.12258;3.41275;2
-158.22570;20.66539;       0.12273;3.41277;2
-158.19016;20.66872;       0.12286;3.41280;2
-158.15460;20.67206;       0.12300;3.41282;2
-158.11900;20.67539;       0.12317;3.41284;2
-158.08333;20.67872;       0.12336;3.41286;2
-158.04766;20.68206;       0.12352;3.41288;2
-158.01204;20.68539;       0.12363;3.41290;2
-157.97638;20.68872;       0.12378;3.41293;2
-157.94072;20.69206;       0.12396;3.41295;2
-157.90499;20.69539;       0.12409;3.41297;2
-157.86927;20.69872;       0.12423;3.41299;2
-157.83355;20.70206;       0.12432;3.41301;2
-157.79779;20.70539;       0.12443;3.41303;2
-157.76208;20.70872;       0.12457;3.41306;2
-157.72638;20.71205;       0.12468;3.41308;2
-157.69071;20.71539;       0.12480;3.41310;2
-157.65506;20.71872;       0.12491;3.41312;2
-157.61946;20.72205;       0.12500;3.41314;2
-157.58383;20.72539;       0.12507;3.41316;2
-157.54819;20.72872;       0.12519;3.41318;2
-157.51263;20.73205;       0.12529;3.41321;2
-157.47706;20.73539;       0.12536;3.41323;2
-157.44150;20.73872;       0.12546;3.41325;2
-157.40600;20.74205;       0.12550;3.41327;2
-157.37057;20.74539;       0.12554;3.41329;2
-157.33517;20.74872;       0.12556;3.41331;2
-157.29982;20.75205;       0.12552;3.41333;2
-157.26449;20.75539;       0.12558;3.41336;2
-157.22922;20.75872;       0.12575;3.41338;2
-157.19400;20.76205;       0.12600;3.41340;2
-157.15876;20.76538;       0.12618;3.41342;2
-157.12360;20.76872;       0.12630;3.41344;2
-157.08849;20.77205;       0.12644;3.41346;2
-157.05344;20.77538;       0.12660;3.41348;2
-157.01846;20.77872;       0.12677;3.41350;2
-156.98354;20.78205;       0.12694;3.41353;2
-156.94868;20.78538;       0.12709;3.41355;2
-156.91384;20.78872;       0.12723;3.41357;2
-156.87907;20.79205;       0.12738;3.41359;2
-156.84433;20.79538;       0.12752;3.41361;2
-156.80966;20.79872;       0.12766;3.41363;2
-156.77513;20.80205;       0.12781;3.41365;2
-156.74069;20.80538;       0.12795;3.41367;2
-156.70628;20.80872;       0.12809;3.41369;2
-156.67199;20.81205;       0.12822;3.41371;2
-156.63783;20.81538;       0.12835;3.41373;2
-156.60378;20.81871;       0.12854;3.41375;2
-156.56982;20.82205;       0.12874;3.41377;2
-156.53593;20.82538;       0.12892;3.41379;2
-156.50208;20.82871;       0.12909;3.41381;2
-156.46842;20.83205;       0.12922;3.41383;2
-156.43486;20.83538;       0.12934;3.41385;2
-156.40136;20.83871;       0.12949;3.41387;2
-156.36798;20.84205;       0.12962;3.41389;2
-156.33473;20.84538;       0.12969;3.41391;2
-156.30158;20.84871;       0.12979;3.41393;2
-156.26849;20.85205;       0.12991;3.41395;2
-156.23548;20.85538;       0.13003;3.41397;2
-156.20253;20.85871;       0.13010;3.41399;2
-156.16963;20.86205;       0.13014;3.41401;2
-156.13678;20.86538;       0.13019;3.41403;2
-156.10396;20.86871;       0.13027;3.41405;2
-156.07124;20.87204;       0.13030;3.41407;2
-156.03860;20.87538;       0.13022;3.41409;2
-156.00601;20.87871;       0.13016;3.41411;2
-155.97353;20.88204;       0.13011;3.41413;2
-155.94109;20.88538;       0.13009;3.41415;2
-155.90872;20.88871;       0.13011;3.41417;2
-155.87642;20.89204;       0.13012;3.41419;2
-155.84417;20.89538;       0.13014;3.41421;2
-155.81196;20.89871;       0.13016;3.41423;2
-155.77980;20.90204;       0.13018;3.41424;2
-155.74776;20.90538;       0.13021;3.41426;2
-155.71577;20.90871;       0.13023;3.41428;2
-155.68377;20.91204;       0.13024;3.41430;2
-155.65181;20.91538;       0.13023;3.41432;2
-155.61990;20.91871;       0.13022;3.41434;2
-155.58799;20.92204;       0.13018;3.41436;2
-155.55608;20.92537;       0.13012;3.41438;2
-155.52420;20.92871;       0.13006;3.41440;2
-155.49239;20.93204;       0.13002;3.41441;2
-155.46056;20.93537;       0.12994;3.41443;2
-155.42875;20.93871;       0.12984;3.41445;2
-155.39702;20.94204;       0.12977;3.41447;2
-155.36527;20.94537;       0.12968;3.41449;2
-155.33345;20.94871;       0.12952;3.41451;2
-155.30162;20.95204;       0.12933;3.41453;2
-155.26988;20.95537;       0.12918;3.41455;2
-155.23818;20.95871;       0.12901;3.41457;2
-155.20646;20.96204;       0.12883;3.41458;2
-155.17471;20.96537;       0.12865;3.41460;2
-155.14306;20.96871;       0.12847;3.41462;2
-155.11139;20.97204;       0.12831;3.41464;2
-155.07977;20.97537;       0.12818;3.41466;2
-155.04815;20.97870;       0.12804;3.41468;2
-155.01650;20.98204;       0.12788;3.41470;2
-154.98485;20.98537;       0.12774;3.41471;2
-154.95318;20.98870;       0.12761;3.41473;2
-154.92155;20.99204;       0.12748;3.41475;2
-154.88987;20.99537;       0.12731;3.41477;2
-154.85820;20.99870;       0.12717;3.41479;2
-154.82653;21.00204;       0.12704;3.41481;2
-154.79483;21.00537;       0.12689;3.41483;2
-154.76311;21.00870;       0.12673;3.41485;2
-154.73136;21.01204;       0.12661;3.41486;2
-154.69960;21.01537;       0.12651;3.41488;2
-154.66776;21.01870;       0.12642;3.41490;2
-154.63585;21.02204;       0.12631;3.41492;2
-154.60392;21.02537;       0.12618;3.41494;2
-154.57194;21.02870;       0.12600;3.41496;2
-154.53991;21.03203;       0.12582;3.41498;2
-154.50786;21.03537;       0.12569;3.41499;2
-154.47582;21.03870;       0.12567;3.41501;2
-154.44375;21.04203;       0.12568;3.41503;2
-154.41158;21.04537;       0.12561;3.41505;2
-154.37936;21.04870;       0.12557;3.41507;2
-154.34714;21.05203;       0.12553;3.41509;2
-154.31492;21.05537;       0.12545;3.41511;2
-154.28263;21.05870;       0.12535;3.41513;2
-154.25029;21.06203;       0.12527;3.41515;2
-154.21796;21.06537;       0.12523;3.41516;2
-154.18568;21.06870;       0.12524;3.41518;2
-154.15334;21.07203;       0.12522;3.41520;2
-154.12090;21.07537;       0.12516;3.41522;2
-154.08844;21.07870;       0.12515;3.41524;2
-154.05598;21.08203;       0.12514;3.41526;2
-154.02347;21.08536;       0.12511;3.41528;2
-153.99092;21.08870;       0.12509;3.41530;2
-153.95834;21.09203;       0.12507;3.41532;2
-153.92575;21.09536;       0.12503;3.41534;2
-153.89315;21.09870;       0.12500;3.41535;2
-153.86053;21.10203;       0.12501;3.41537;2
-153.82786;21.10536;       0.12506;3.41539;2
-153.79513;21.10870;       0.12513;3.41541;2
-153.76238;21.11203;       0.12526;3.41543;2
-153.72963;21.11536;       0.12531;3.41545;2
-153.69690;21.11870;       0.12534;3.41547;2
-153.66412;21.12203;       0.12537;3.41549;2
-153.63127;21.12536;       0.12536;3.41551;2
-153.59843;21.12870;       0.12528;3.41553;2
-153.56562;21.13203;       0.12519;3.41554;2
-153.53275;21.13536;       0.12515;3.41556;2
-153.49987;21.13869;       0.12512;3.41558;2
-153.46694;21.14203;       0.12512;3.41560;2
-153.43393;21.14536;       0.12516;3.41562;2
-153.40095;21.14869;       0.12521;3.41564;2
-153.36808;21.15203;       0.12529;3.41566;2
-153.33518;21.15536;       0.12534;3.41568;2
-153.30217;21.15869;       0.12539;3.41570;2
-153.26912;21.16203;       0.12543;3.41572;2
-153.23613;21.16536;       0.12545;3.41574;2
-153.20311;21.16869;       0.12553;3.41576;2
-153.17001;21.17203;       0.12564;3.41577;2
-153.13697;21.17536;       0.12573;3.41579;2
-153.10390;21.17869;       0.12578;3.41581;2
-153.07078;21.18203;       0.12578;3.41583;2
-153.03772;21.18536;       0.12584;3.41585;2
-153.00468;21.18869;       0.12596;3.41587;2
-152.97167;21.19202;       0.12611;3.41589;2
-152.93862;21.19536;       0.12619;3.41591;2
-152.90556;21.19869;       0.12630;3.41593;2
-152.87253;21.20202;       0.12640;3.41595;2
-152.83948;21.20536;       0.12643;3.41597;2
-152.80652;21.20869;       0.12642;3.41598;2
-152.77354;21.21202;       0.12646;3.41600;2
-152.74052;21.21536;       0.12652;3.41602;2
-152.70754;21.21869;       0.12660;3.41604;2
-152.67458;21.22202;       0.12669;3.41606;2
-152.64163;21.22536;       0.12680;3.41608;2
-152.60865;21.22869;       0.12691;3.41610;2
-152.57570;21.23202;       0.12701;3.41612;2
-152.54283;21.23536;       0.12711;3.41614;2
-152.50991;21.23869;       0.12720;3.41616;2
-152.47698;21.24202;       0.12728;3.41617;2
-152.44408;21.24536;       0.12735;3.41619;2
-152.41122;21.24869;       0.12741;3.41621;2
-152.37835;21.25202;       0.12748;3.41623;2
-152.34546;21.25535;       0.12757;3.41625;2
-152.31255;21.25869;       0.12767;3.41627;2
-152.27967;21.26202;       0.12778;3.41629;2
-152.24681;21.26535;       0.12786;3.41631;2
-152.21392;21.26869;       0.12795;3.41633;2
-152.18104;21.27202;       0.12808;3.41634;2
-152.14821;21.27535;       0.12822;3.41636;2
-152.11541;21.27869;       0.12835;3.41638;2
-152.08264;21.28202;       0.12847;3.41640;2
-152.04980;21.28535;       0.12857;3.41642;2
-152.01702;21.28869;       0.12859;3.41644;2
-151.98424;21.29202;       0.12870;3.41646;2
-151.95142;21.29535;       0.12892;3.41648;2
-151.91863;21.29869;       0.12903;3.41649;2
-151.88587;21.30202;       0.12919;3.41651;2
-151.85310;21.30535;       0.12936;3.41653;2
-151.82037;21.30868;       0.12951;3.41655;2
-151.78764;21.31202;       0.12963;3.41657;2
-151.75493;21.31535;       0.12968;3.41659;2
-151.72218;21.31868;       0.12972;3.41661;2
-151.68942;21.32202;       0.12978;3.41663;2
-151.65669;21.32535;       0.12981;3.41664;2
-151.62397;21.32868;       0.12983;3.41666;2
-151.59124;21.33202;       0.12986;3.41668;2
-151.55843;21.33535;       0.12988;3.41670;2
-151.52560;21.33868;       0.12986;3.41672;2
-151.49278;21.34202;       0.12983;3.41674;2
-151.45997;21.34535;       0.12986;3.41676;2
-151.42715;21.34868;       0.12987;3.41677;2
-151.39429;21.35202;       0.12987;3.41679;2
-151.36138;21.35535;       0.12988;3.41681;2
-151.32849;21.35868;       0.12987;3.41683;2
-151.29558;21.36201;       0.12989;3.41685;2
-151.26261;21.36535;       0.12993;3.41687;2
-151.22959;21.36868;       0.12997;3.41689;2
-151.19663;21.37201;       0.12999;3.41691;2
-151.16366;21.37535;       0.13002;3.41692;2
-151.13066;21.37868;       0.13005;3.41694;2
-151.09762;21.38201;       0.13006;3.41696;2
-151.06455;21.38535;       0.13011;3.41698;2
-151.03147;21.38868;       0.13019;3.41700;2
-150.99828;21.39201;       0.13021;3.41702;2
-150.96511;21.39535;       0.13021;3.41704;2
-150.93195;21.39868;       0.13018;3.41706;2
-150.89879;21.40201;       0.13015;3.41707;2
-150.86561;21.40535;       0.13011;3.41709;2
-150.83243;21.40868;       0.13005;3.41711;2
-150.79917;21.41201;       0.13002;3.41713;2
-150.76594;21.41534;       0.13001;3.41715;2
-150.73273;21.41868;       0.13000;3.41717;2
-150.69949;21.42201;       0.12998;3.41719;2
-150.66617;21.42534;       0.13002;3.41721;2
-150.63286;21.42868;       0.13003;3.41722;2
-150.59959;21.43201;       0.13007;3.41724;2
-150.56630;21.43534;       0.13010;3.41726;2
-150.53297;21.43868;       0.13015;3.41728;2
-150.49971;21.44201;       0.13019;3.41730;2
-150.46634;21.44534;       0.13024;3.41732;2
-150.43290;21.44868;       0.13030;3.41734;2
-150.39956;21.45201;       0.13044;3.41736;2
-150.36622;21.45534;       0.13059;3.41737;2
-150.33285;21.45868;       0.13062;3.41739;2
-150.29949;21.46201;       0.13064;3.41741;2
-150.26612;21.46534;       0.13065;3.41743;2
-150.23275;21.46867;       0.13070;3.41745;2
-150.19939;21.47201;       0.13080;3.41747;2
-150.16598;21.47534;       0.13091;3.41749;2
-150.13256;21.47867;       0.13099;3.41751;2
-150.09911;21.48201;       0.13114;3.41752;2
-150.06568;21.48534;       0.13135;3.41754;2
-150.03234;21.48867;       0.13147;3.41756;2
-149.99893;21.49201;       0.13158;3.41758;2
-149.96552;21.49534;       0.13172;3.41760;2
-149.93210;21.49867;       0.13188;3.41762;2
-149.89868;21.50201;       0.13205;3.41764;2
-149.86525;21.50534;       0.13219;3.41766;2
-149.83185;21.50867;       0.13234;3.41767;2
-149.79842;21.51201;       0.13248;3.41769;2
-149.76495;21.51534;       0.13261;3.41771;2
-149.73144;21.51867;       0.13275;3.41773;2
-149.69792;21.52200;       0.13294;3.41775;2
-149.66436;21.52534;       0.13317;3.41777;2
-149.63086;21.52867;       0.13336;3.41779;2
-149.59742;21.53200;       0.13349;3.41781;2
-149.56398;21.53534;       0.13354;3.41782;2
-149.53057;21.53867;       0.13365;3.41784;2
-149.49718;21.54200;       0.13372;3.41786;2
-149.46379;21.54534;       0.13379;3.41788;2
-149.43040;21.54867;       0.13391;3.41790;2
-149.39706;21.55200;       0.13402;3.41792;2
-149.36372;21.55534;       0.13416;3.41794;2
-149.33034;21.55867;       0.13430;3.41795;2
-149.29697;21.56200;       0.13440;3.41797;2
-149.26362;21.56534;       0.13450;3.41799;2
-149.23032;21.56867;       0.13461;3.41801;2
-149.19704;21.57200;       0.13474;3.41803;2
-149.16375;21.57533;       0.13482;3.41805;2
-149.13047;21.57867;       0.13481;3.41807;2
-149.09717;21.58200;       0.13486;3.41808;2
-149.06390;21.58533;       0.13489;3.41810;2
-149.03068;21.58867;       0.13496;3.41812;2
-148.99748;21.59200;       0.13503;3.41814;2
-148.96428;21.59533;       0.13510;3.41816;2
-148.93106;21.59867;       0.13518;3.41818;2
-148.89784;21.60200;       0.13520;3.41819;2
-148.86466;21.60533;       0.13521;3.41821;2
-148.83146;21.60867;       0.13531;3.41823;2
-148.79824;21.61200;       0.13539;3.41825;2
-148.76504;21.61533;       0.13546;3.41827;2
-148.73184;21.61867;       0.13549;3.41829;2
-148.69862;21.62200;       0.13552;3.41830;2
-148.66539;21.62533;       0.13554;3.41832;2
-148.63227;21.62866;       0.13556;3.41834;2
-148.59912;21.63200;       0.13563;3.41836;2
-148.56598;21.63533;       0.13572;3.41838;2
-148.53285;21.63866;       0.13575;3.41840;2
-148.49973;21.64200;       0.13578;3.41841;2
-148.46652;21.64533;       0.13576;3.41843;2
-148.43341;21.64866;       0.13572;3.41845;2
-148.40036;21.65200;       0.13573;3.41847;2
-148.36724;21.65533;       0.13577;3.41849;2
-148.33410;21.65866;       0.13581;3.41851;2
-148.30101;21.66200;       0.13583;3.41852;2
-148.26793;21.66533;       0.13584;3.41854;2
-148.23486;21.66866;       0.13586;3.41856;2
-148.20183;21.67200;       0.13590;3.41858;2
-148.16875;21.67533;       0.13598;3.41860;2
-148.13571;21.67866;       0.13604;3.41862;2
-148.10267;21.68199;       0.13608;3.41863;2
-148.06962;21.68533;       0.13614;3.41865;2
-148.03652;21.68866;       0.13622;3.41867;2
-148.00342;21.69199;       0.13632;3.41869;2
-147.97034;21.69533;       0.13642;3.41871;2
-147.93732;21.69866;       0.13655;3.41872;2
-147.90428;21.70199;       0.13662;3.41874;2
-147.87121;21.70533;       0.13668;3.41876;2
-147.83814;21.70866;       0.13673;3.41878;2
-147.80506;21.71199;       0.13677;3.41880;2
-147.77199;21.71533;       0.13683;3.41882;2
-147.73903;21.71866;       0.13688;3.41883;2
-147.70606;21.72199;       0.13694;3.41885;2
-147.67310;21.72533;       0.13702;3.41887;2
-147.64012;21.72866;       0.13712;3.41889;2
-147.60710;21.73199;       0.13722;3.41890;2
-147.57406;21.73532;       0.13731;3.41892;2
-147.54102;21.73866;       0.13739;3.41894;2
-147.50803;21.74199;       0.13746;3.41896;2
-147.47501;21.74532;       0.13754;3.41898;2
-147.44203;21.74866;       0.13764;3.41900;2
-147.40903;21.75199;       0.13775;3.41901;2
-147.37602;21.75532;       0.13786;3.41903;2
-147.34305;21.75866;       0.13795;3.41905;2
-147.31007;21.76199;       0.13803;3.41907;2
-147.27711;21.76532;       0.13814;3.41909;2
-147.24418;21.76866;       0.13826;3.41910;2
-147.21126;21.77199;       0.13836;3.41912;2
-147.17828;21.77532;       0.13848;3.41914;2
-147.14534;21.77866;       0.13857;3.41916;2
-147.11233;21.78199;       0.13862;3.41917;2
-147.07931;21.78532;       0.13868;3.41919;2
-147.04630;21.78865;       0.13878;3.41921;2
-147.01326;21.79199;       0.13887;3.41923;2
-146.98020;21.79532;       0.13902;3.41925;2
-146.94720;21.79865;       0.13920;3.41926;2
-146.91423;21.80199;       0.13923;3.41928;2
-146.88128;21.80532;       0.13920;3.41930;2
-146.84829;21.80865;       0.13923;3.41932;2
-146.81528;21.81199;       0.13931;3.41934;2
-146.78230;21.81532;       0.13936;3.41935;2
-146.74935;21.81865;       0.13941;3.41937;2
-146.71638;21.82199;       0.13943;3.41939;2
-146.68343;21.82532;       0.13946;3.41941;2
-146.65043;21.82865;       0.13950;3.41943;2
-146.61738;21.83199;       0.13955;3.41944;2
-146.58437;21.83532;       0.13961;3.41946;2
-146.55130;21.83865;       0.13966;3.41948;2
-146.51825;21.84198;       0.13968;3.41950;2
-146.48519;21.84532;       0.13971;3.41951;2
-146.45216;21.84865;       0.13975;3.41953;2
-146.41918;21.85198;       0.13978;3.41955;2
-146.38613;21.85532;       0.13982;3.41957;2
-146.35306;21.85865;       0.13991;3.41959;2
-146.32000;21.86198;       0.13998;3.41960;2
-146.28690;21.86532;       0.14002;3.41962;2
-146.25378;21.86865;       0.14009;3.41964;2
-146.22071;21.87198;       0.14018;3.41966;2
-146.18765;21.87532;       0.14024;3.41967;2
-146.15457;21.87865;       0.14028;3.41969;2
-146.12145;21.88198;       0.14033;3.41971;2
-146.08829;21.88532;       0.14041;3.41973;2
-146.05514;21.88865;       0.14049;3.41975;2
-146.02197;21.89198;       0.14055;3.41976;2
-145.98876;21.89531;       0.14060;3.41978;2
-145.95557;21.89865;       0.14065;3.41980;2
-145.92240;21.90198;       0.14072;3.41982;2
-145.88927;21.90531;       0.14078;3.41984;2
-145.85613;21.90865;       0.14085;3.41985;2
-145.82298;21.91198;       0.14090;3.41987;2
-145.78983;21.91531;       0.14093;3.41989;2
-145.75666;21.91865;       0.14093;3.41991;2
-145.72344;21.92198;       0.14093;3.41992;2
-145.69022;21.92531;       0.14095;3.41994;2
-145.65706;21.92865;       0.14100;3.41996;2
-145.62392;21.93198;       0.14105;3.41998;2
-145.59082;21.93531;       0.14112;3.42000;2
-145.55775;21.93865;       0.14122;3.42001;2
-145.52465;21.94198;       0.14133;3.42003;2
-145.49151;21.94531;       0.14144;3.42005;2
-145.45842;21.94864;       0.14147;3.42007;2
-145.42531;21.95198;       0.14144;3.42008;2
-145.39220;21.95531;       0.14142;3.42010;2
-145.35911;21.95864;       0.14149;3.42012;2
-145.32598;21.96198;       0.14154;3.42014;2
-145.29287;21.96531;       0.14158;3.42015;2
-145.25978;21.96864;       0.14165;3.42017;2
-145.22666;21.97198;       0.14176;3.42019;2
-145.19351;21.97531;       0.14187;3.42021;2
-145.16038;21.97864;       0.14193;3.42022;2
-145.12719;21.98198;       0.14197;3.42024;2
-145.09410;21.98531;       0.14200;3.42026;2
-145.06103;21.98864;       0.14204;3.42028;2
-145.02796;21.99198;       0.14208;3.42030;2
-144.99486;21.99531;       0.14211;3.42031;2
-144.96179;21.99864;       0.14209;3.42033;2
-144.92868;22.00197;       0.14203;3.42035;2
-144.89550;22.00531;       0.14203;3.42037;2
-144.86237;22.00864;       0.14206;3.42038;2
-144.82926;22.01197;       0.14212;3.42040;2
-144.79618;22.01531;       0.14219;3.42042;2
-144.76312;22.01864;       0.14228;3.42044;2
-144.73000;22.02197;       0.14236;3.42045;2
-144.69690;22.02531;       0.14245;3.42047;2
-144.66381;22.02864;       0.14251;3.42049;2
-144.63076;22.03197;       0.14257;3.42051;2
-144.59769;22.03531;       0.14263;3.42052;2
-144.56466;22.03864;       0.14268;3.42054;2
-144.53166;22.04197;       0.14276;3.42056;2
-144.49858;22.04531;       0.14282;3.42058;2
-144.46551;22.04864;       0.14288;3.42059;2
-144.43246;22.05197;       0.14294;3.42061;2
-144.39935;22.05531;       0.14298;3.42063;2
-144.36623;22.05864;       0.14304;3.42065;2
-144.33313;22.06197;       0.14310;3.42066;2
-144.29999;22.06530;       0.14316;3.42068;2
-144.26684;22.06864;       0.14320;3.42070;2
-144.23371;22.07197;       0.14327;3.42072;2
-144.20049;22.07530;       0.14334;3.42073;2
-144.16721;22.07864;       0.14339;3.42075;2
-144.13399;22.08197;       0.14346;3.42077;2
-144.10080;22.08530;       0.14354;3.42079;2
-144.06760;22.08864;       0.14364;3.42080;2
-144.03441;22.09197;       0.14373;3.42082;2
-144.00121;22.09530;       0.14381;3.42084;2
-143.96800;22.09864;       0.14390;3.42086;2
-143.93474;22.10197;       0.14398;3.42087;2
-143.90141;22.10530;       0.14406;3.42089;2
-143.86806;22.10864;       0.14415;3.42091;2
-143.83470;22.11197;       0.14424;3.42093;2
-143.80134;22.11530;       0.14431;3.42094;2
-143.76798;22.11863;       0.14442;3.42096;2
-143.73456;22.12197;       0.14453;3.42098;2
-143.70113;22.12530;       0.14464;3.42100;2
-143.66766;22.12863;       0.14471;3.42101;2
-143.63417;22.13197;       0.14474;3.42103;2
-143.60068;22.13530;       0.14479;3.42105;2
-143.56711;22.13863;       0.14486;3.42107;2
-143.53346;22.14197;       0.14491;3.42108;2
-143.49980;22.14530;       0.14493;3.42110;2
-143.46613;22.14863;       0.14497;3.42112;2
-143.43245;22.15197;       0.14498;3.42114;2
-143.39872;22.15530;       0.14501;3.42115;2
-143.36498;22.15863;       0.14508;3.42117;2
-143.33121;22.16197;       0.14512;3.42119;2
-143.29742;22.16530;       0.14516;3.42121;2
-143.26365;22.16863;       0.14522;3.42122;2
-143.22985;22.17196;       0.14529;3.42124;2
-143.19601;22.17530;       0.14538;3.42126;2
-143.16218;22.17863;       0.14543;3.42128;2
-143.12840;22.18196;       0.14547;3.42130;2
-143.09459;22.18530;       0.14550;3.42131;2
-143.06074;22.18863;       0.14554;3.42133;2
-143.02684;22.19196;       0.14561;3.42135;2
-142.99287;22.19530;       0.14567;3.42137;2
-142.95897;22.19863;       0.14576;3.42138;2
-142.92507;22.20196;       0.14582;3.42140;2
-142.89113;22.20530;       0.14588;3.42142;2
-142.85726;22.20863;       0.14596;3.42144;2
-142.82333;22.21196;       0.14603;3.42145;2
-142.78942;22.21530;       0.14609;3.42147;2
-142.75547;22.21863;       0.14619;3.42149;2
-142.72151;22.22196;       0.14627;3.42151;2
-142.68755;22.22529;       0.14640;3.42152;2
-142.65354;22.22863;       0.14657;3.42154;2
-142.61953;22.23196;       0.14667;3.42156;2
-142.58556;22.23529;       0.14677;3.42158;2
-142.55160;22.23863;       0.14690;3.42159;2
-142.51759;22.24196;       0.14701;3.42161;2
-142.48358;22.24529;       0.14716;3.42163;2
-142.44960;22.24863;       0.14735;3.42165;2
-142.41557;22.25196;       0.14746;3.42167;2
-142.38158;22.25529;       0.14760;3.42168;2
-142.34755;22.25863;       0.14774;3.42170;2
-142.31353;22.26196;       0.14787;3.42172;2
-142.27955;22.26529;       0.14800;3.42174;2
-142.24561;22.26863;       0.14811;3.42175;2
-142.21172;22.27196;       0.14823;3.42177;2
-142.17787;22.27529;       0.14835;3.42179;2
-142.14402;22.27862;       0.14848;3.42181;2
-142.11017;22.28196;       0.14860;3.42182;2
-142.07632;22.28529;       0.14868;3.42184;2
-142.04250;22.28862;       0.14880;3.42186;2
-142.00871;22.29196;       0.14902;3.42187;2
-141.97496;22.29529;       0.14920;3.42189;2
-141.94126;22.29862;       0.14931;3.42191;2
-141.90751;22.30196;       0.14939;3.42193;2
-141.87383;22.30529;       0.14953;3.42194;2
-141.84020;22.30862;       0.14967;3.42196;2
-141.80654;22.31196;       0.14983;3.42198;2
-141.77297;22.31529;       0.14997;3.42200;2
-141.73942;22.31862;       0.15014;3.42201;2
-141.70589;22.32196;       0.15032;3.42203;2
-141.67240;22.32529;       0.15047;3.42205;2
-141.63895;22.32862;       0.15061;3.42206;2
-141.60555;22.33195;       0.15075;3.42208;2
-141.57215;22.33529;       0.15079;3.42210;2
-141.53875;22.33862;       0.15077;3.42212;2
-141.50535;22.34195;       0.15079;3.42213;2
-141.47204;22.34529;       0.15084;3.42215;2
-141.43880;22.34862;       0.15092;3.42217;2
-141.40554;22.35195;       0.15099;3.42218;2
-141.37230;22.35529;       0.15106;3.42220;2
-141.33912;22.35862;       0.15114;3.42222;2
-141.30593;22.36195;       0.15122;3.42223;2
-141.27280;22.36529;       0.15129;3.42225;2
-141.23975;22.36862;       0.15137;3.42227;2
-141.20665;22.37195;       0.15142;3.42229;2
-141.17356;22.37529;       0.15148;3.42230;2
-141.14049;22.37862;       0.15153;3.42232;2
-141.10748;22.38195;       0.15150;3.42234;2
-141.07444;22.38528;       0.15147;3.42235;2
-141.04143;22.38862;       0.15148;3.42237;2
-141.00846;22.39195;       0.15150;3.42239;2
-140.97555;22.39528;       0.15153;3.42240;2
-140.94266;22.39862;       0.15157;3.42242;2
-140.90973;22.40195;       0.15167;3.42244;2
-140.87682;22.40528;       0.15176;3.42245;2
-140.84392;22.40862;       0.15184;3.42247;2
-140.81099;22.41195;       0.15195;3.42249;2
-140.77810;22.41528;       0.15202;3.42250;2
-140.74522;22.41862;       0.15205;3.42252;2
-140.71235;22.42195;       0.15207;3.42254;2
-140.67949;22.42528;       0.15209;3.42255;2
-140.64660;22.42862;       0.15209;3.42257;2
-140.61376;22.43195;       0.15211;3.42259;2
-140.58095;22.43528;       0.15216;3.42260;2
-140.54808;22.43861;       0.15222;3.42262;2
-140.51525;22.44195;       0.15225;3.42264;2
-140.48239;22.44528;       0.15231;3.42265;2
-140.44951;22.44861;       0.15236;3.42267;2
-140.41666;22.45195;       0.15239;3.42269;2
-140.38386;22.45528;       0.15244;3.42270;2
-140.35100;22.45861;       0.15253;3.42272;2
-140.31820;22.46195;       0.15262;3.42274;2
-140.28541;22.46528;       0.15268;3.42275;2
-140.25262;22.46861;       0.15276;3.42277;2
-140.21983;22.47195;       0.15285;3.42279;2
-140.18703;22.47528;       0.15290;3.42280;2
-140.15414;22.47861;       0.15294;3.42282;2
-140.12129;22.48195;       0.15299;3.42283;2
-140.08845;22.48528;       0.15300;3.42285;2
-140.05557;22.48861;       0.15302;3.42287;2
-140.02267;22.49194;       0.15304;3.42288;2
-139.98979;22.49528;       0.15303;3.42290;2
-139.95687;22.49861;       0.15304;3.42292;2
-139.92394;22.50194;       0.15307;3.42293;2
-139.89111;22.50528;       0.15305;3.42295;2
-139.85821;22.50861;       0.15301;3.42297;2
-139.82530;22.51194;       0.15304;3.42298;2
-139.79241;22.51528;       0.15311;3.42300;2
-139.75946;22.51861;       0.15315;3.42302;2
-139.72653;22.52194;       0.15314;3.42303;2
-139.69359;22.52528;       0.15311;3.42305;2
-139.66064;22.52861;       0.15307;3.42307;2
-139.62769;22.53194;       0.15304;3.42308;2
-139.59472;22.53528;       0.15304;3.42310;2
-139.56176;22.53861;       0.15304;3.42312;2
-139.52881;22.54194;       0.15307;3.42313;2
-139.49590;22.54527;       0.15310;3.42315;2
-139.46297;22.54861;       0.15312;3.42316;2
-139.43000;22.55194;       0.15313;3.42318;2
-139.39707;22.55527;       0.15314;3.42320;2
-139.36409;22.55861;       0.15315;3.42321;2
-139.33114;22.56194;       0.15311;3.42323;2
-139.29819;22.56527;       0.15307;3.42325;2
-139.26520;22.56861;       0.15305;3.42326;2
-139.23218;22.57194;       0.15302;3.42328;2
-139.19916;22.57527;       0.15302;3.42330;2
-139.16612;22.57861;       0.15301;3.42331;2
-139.13307;22.58194;       0.15297;3.42333;2
-139.09995;22.58527;       0.15299;3.42335;2
-139.06686;22.58861;       0.15300;3.42336;2
-139.03378;22.59194;       0.15304;3.42338;2
-139.00064;22.59527;       0.15314;3.42340;2
-138.96742;22.59860;       0.15317;3.42341;2
-138.93424;22.60194;       0.15322;3.42343;2
-138.90106;22.60527;       0.15325;3.42344;2
-138.86783;22.60860;       0.15323;3.42346;2
-138.83465;22.61194;       0.15318;3.42348;2
-138.80144;22.61527;       0.15317;3.42349;2
-138.76821;22.61860;       0.15318;3.42351;2
-138.73498;22.62194;       0.15321;3.42353;2
-138.70170;22.62527;       0.15322;3.42354;2
-138.66842;22.62860;       0.15323;3.42356;2
-138.63516;22.63194;       0.15327;3.42358;2
-138.60188;22.63527;       0.15341;3.42359;2
-138.56856;22.63860;       0.15354;3.42361;2
-138.53524;22.64194;       0.15360;3.42363;2
-138.50189;22.64527;       0.15366;3.42364;2
-138.46854;22.64860;       0.15372;3.42366;2
-138.43524;22.65193;       0.15377;3.42367;2
-138.40187;22.65527;       0.15384;3.42369;2
-138.36844;22.65860;       0.15392;3.42371;2
-138.33507;22.66193;       0.15401;3.42372;2
-138.30162;22.66527;       0.15410;3.42374;2
-138.26817;22.66860;       0.15419;3.42376;2
-138.23471;22.67193;       0.15428;3.42377;2
-138.20117;22.67527;       0.15434;3.42379;2
-138.16765;22.67860;       0.15438;3.42381;2
-138.13414;22.68193;       0.15439;3.42382;2
-138.10064;22.68527;       0.15441;3.42384;2
-138.06715;22.68860;       0.15444;3.42386;2
-138.03363;22.69193;       0.15445;3.42387;2
-138.00011;22.69527;       0.15449;3.42389;2
-137.96658;22.69860;       0.15454;3.42391;2
-137.93300;22.70193;       0.15464;3.42392;2
-137.89943;22.70526;       0.15483;3.42394;2
-137.86583;22.70860;       0.15495;3.42396;2
-137.83222;22.71193;       0.15506;3.42397;2
-137.79859;22.71526;       0.15517;3.42399;2
-137.76493;22.71860;       0.15527;3.42400;2
-137.73125;22.72193;       0.15538;3.42402;2
-137.69754;22.72526;       0.15556;3.42404;2
-137.66381;22.72860;       0.15569;3.42405;2
-137.63013;22.73193;       0.15582;3.42407;2
-137.59642;22.73526;       0.15594;3.42409;2
-137.56271;22.73860;       0.15602;3.42410;2
-137.52900;22.74193;       0.15612;3.42412;2
-137.49530;22.74526;       0.15623;3.42414;2
-137.46159;22.74860;       0.15632;3.42415;2
-137.42787;22.75193;       0.15642;3.42417;2
-137.39414;22.75526;       0.15651;3.42419;2
-137.36042;22.75859;       0.15660;3.42420;2
-137.32670;22.76193;       0.15667;3.42422;2
-137.29293;22.76526;       0.15675;3.42424;2
-137.25921;22.76859;       0.15683;3.42425;2
-137.22546;22.77193;       0.15694;3.42427;2
-137.19169;22.77526;       0.15706;3.42428;2
-137.15791;22.77859;       0.15719;3.42430;2
-137.12415;22.78193;       0.15734;3.42432;2
-137.09043;22.78526;       0.15751;3.42433;2
-137.05671;22.78859;       0.15769;3.42435;2
-137.02300;22.79193;       0.15786;3.42437;2
-136.98932;22.79526;       0.15800;3.42438;2
-136.95566;22.79859;       0.15802;3.42440;2
-136.92203;22.80193;       0.15808;3.42442;2
-136.88840;22.80526;       0.15823;3.42443;2
-136.85479;22.80859;       0.15841;3.42445;2
-136.82117;22.81192;       0.15859;3.42446;2
-136.78755;22.81526;       0.15873;3.42448;2
-136.75396;22.81859;       0.15883;3.42450;2
-136.72037;22.82192;       0.15889;3.42451;2
-136.68673;22.82526;       0.15895;3.42453;2
-136.65312;22.82859;       0.15904;3.42455;2
-136.61955;22.83192;       0.15915;3.42456;2
-136.58601;22.83526;       0.15925;3.42458;2
-136.55246;22.83859;       0.15937;3.42459;2
-136.51894;22.84192;       0.15948;3.42461;2
-136.48540;22.84526;       0.15961;3.42463;2
-136.45188;22.84859;       0.15976;3.42464;2
-136.41833;22.85192;       0.15991;3.42466;2
-136.38478;22.85526;       0.16008;3.42467;2
-136.35131;22.85859;       0.16026;3.42469;2
-136.31788;22.86192;       0.16040;3.42471;2
-136.28440;22.86526;       0.16053;3.42472;2
-136.25096;22.86859;       0.16062;3.42474;2
-136.21755;22.87192;       0.16069;3.42476;2
-136.18413;22.87525;       0.16080;3.42477;2
-136.15073;22.87859;       0.16093;3.42479;2
-136.11736;22.88192;       0.16101;3.42480;2
-136.08399;22.88525;       0.16104;3.42482;2
-136.05066;22.88859;       0.16111;3.42484;2
-136.01733;22.89192;       0.16119;3.42485;2
-135.98401;22.89525;       0.16128;3.42487;2
-135.95072;22.89859;       0.16135;3.42488;2
-135.91745;22.90192;       0.16140;3.42490;2
-135.88415;22.90525;       0.16148;3.42492;2
-135.85084;22.90859;       0.16155;3.42493;2
-135.81756;22.91192;       0.16163;3.42495;2
-135.78434;22.91525;       0.16169;3.42496;2
-135.75118;22.91859;       0.16169;3.42498;2
-135.71802;22.92192;       0.16172;3.42499;2
-135.68485;22.92525;       0.16177;3.42501;2
-135.65174;22.92858;       0.16176;3.42503;2
-135.61864;22.93192;       0.16176;3.42504;2
-135.58551;22.93525;       0.16180;3.42506;2
-135.55240;22.93858;       0.16191;3.42507;2
-135.51929;22.94192;       0.16197;3.42509;2
-135.48618;22.94525;       0.16202;3.42511;2
-135.45304;22.94858;       0.16205;3.42512;2
-135.41993;22.95192;       0.16200;3.42514;2
-135.38681;22.95525;       0.16197;3.42515;2
-135.35368;22.95858;       0.16199;3.42517;2
-135.32058;22.96192;       0.16205;3.42518;2
-135.28752;22.96525;       0.16213;3.42520;2
-135.25444;22.96858;       0.16223;3.42522;2
-135.22130;22.97192;       0.16238;3.42523;2
-135.18821;22.97525;       0.16250;3.42525;2
-135.15509;22.97858;       0.16250;3.42526;2
-135.12201;22.98191;       0.16253;3.42528;2
-135.08897;22.98525;       0.16260;3.42529;2
-135.05590;22.98858;       0.16268;3.42531;2
-135.02284;22.99191;       0.16273;3.42533;2
-134.98979;22.99525;       0.16275;3.42534;2
-134.95671;22.99858;       0.16281;3.42536;2
-134.92362;23.00191;       0.16288;3.42537;2
-134.89053;23.00525;       0.16296;3.42539;2
-134.85742;23.00858;       0.16303;3.42540;2
-134.82432;23.01191;       0.16307;3.42542;2
-134.79126;23.01525;       0.16311;3.42543;2
-134.75817;23.01858;       0.16318;3.42545;2
-134.72507;23.02191;       0.16326;3.42547;2
-134.69197;23.02525;       0.16333;3.42548;2
-134.65889;23.02858;       0.16341;3.42550;2
-134.62581;23.03191;       0.16353;3.42551;2
-134.59270;23.03524;       0.16362;3.42553;2
-134.55952;23.03858;       0.16371;3.42554;2
-134.52634;23.04191;       0.16375;3.42556;2
-134.49319;23.04524;       0.16375;3.42558;2
-134.46004;23.04858;       0.16376;3.42559;2
-134.42689;23.05191;       0.16383;3.42561;2
-134.39378;23.05524;       0.16395;3.42562;2
-134.36064;23.05858;       0.16404;3.42564;2
-134.32751;23.06191;       0.16415;3.42565;2
-134.29440;23.06524;       0.16424;3.42567;2
-134.26126;23.06858;       0.16431;3.42568;2
-134.22814;23.07191;       0.16438;3.42570;2
-134.19499;23.07524;       0.16442;3.42572;2
-134.16183;23.07858;       0.16446;3.42573;2
-134.12871;23.08191;       0.16449;3.42575;2
-134.09560;23.08524;       0.16449;3.42576;2
-134.06249;23.08857;       0.16451;3.42578;2
-134.02937;23.09191;       0.16459;3.42579;2
-133.99624;23.09524;       0.16469;3.42581;2
-133.96309;23.09857;       0.16476;3.42582;2
-133.92993;23.10191;       0.16486;3.42584;2
-133.89673;23.10524;       0.16497;3.42585;2
-133.86358;23.10857;       0.16509;3.42587;2
-133.83047;23.11191;       0.16517;3.42589;2
-133.79732;23.11524;       0.16524;3.42590;2
-133.76411;23.11857;       0.16533;3.42592;2
-133.73086;23.12191;       0.16542;3.42593;2
-133.69762;23.12524;       0.16550;3.42595;2
-133.66441;23.12857;       0.16561;3.42596;2
-133.63117;23.13191;       0.16575;3.42598;2
-133.59789;23.13524;       0.16586;3.42599;2
-133.56462;23.13857;       0.16599;3.42601;2
-133.53136;23.14190;       0.16610;3.42603;2
-133.49809;23.14524;       0.16620;3.42604;2
-133.46480;23.14857;       0.16631;3.42606;2
-133.43152;23.15190;       0.16640;3.42607;2
-133.39822;23.15524;       0.16648;3.42609;2
-133.36492;23.15857;       0.16658;3.42610;2
-133.33162;23.16190;       0.16669;3.42612;2
-133.29832;23.16524;       0.16682;3.42613;2
-133.26501;23.16857;       0.16695;3.42615;2
-133.23167;23.17190;       0.16707;3.42616;2
-133.19836;23.17524;       0.16718;3.42618;2
-133.16507;23.17857;       0.16727;3.42619;2
-133.13180;23.18190;       0.16740;3.42621;2
-133.09849;23.18524;       0.16754;3.42623;2
-133.06518;23.18857;       0.16768;3.42624;2
-133.03183;23.19190;       0.16782;3.42626;2
-132.99852;23.19523;       0.16797;3.42627;2
-132.96514;23.19857;       0.16812;3.42629;2
-132.93175;23.20190;       0.16825;3.42630;2
-132.89837;23.20523;       0.16837;3.42632;2
-132.86500;23.20857;       0.16851;3.42633;2
-132.83160;23.21190;       0.16864;3.42635;2
-132.79817;23.21523;       0.16876;3.42636;2
-132.76475;23.21857;       0.16884;3.42638;2
-132.73133;23.22190;       0.16895;3.42640;2
-132.69792;23.22523;       0.16909;3.42641;2
-132.66451;23.22857;       0.16920;3.42643;2
-132.63106;23.23190;       0.16931;3.42644;2
-132.59762;23.23523;       0.16939;3.42646;2
-132.56419;23.23857;       0.16948;3.42647;2
-132.53082;23.24190;       0.16960;3.42649;2
-132.49745;23.24523;       0.16978;3.42650;2
-132.46408;23.24856;       0.16996;3.42652;2
-132.43069;23.25190;       0.17012;3.42653;2
-132.39724;23.25523;       0.17029;3.42655;2
-132.36376;23.25856;       0.17047;3.42656;2
-132.33029;23.26190;       0.17063;3.42658;2
-132.29675;23.26523;       0.17078;3.42659;2
-132.26321;23.26856;       0.17091;3.42661;2
-132.22969;23.27190;       0.17103;3.42663;2
-132.19614;23.27523;       0.17115;3.42664;2
-132.16259;23.27856;       0.17134;3.42666;2
-132.12902;23.28190;       0.17157;3.42667;2
-132.09544;23.28523;       0.17175;3.42669;2
-132.06184;23.28856;       0.17187;3.42670;2
-132.02825;23.29190;       0.17197;3.42672;2
-131.99460;23.29523;       0.17211;3.42673;2
-131.96096;23.29856;       0.17227;3.42675;2
-131.92741;23.30189;       0.17241;3.42676;2
-131.89382;23.30523;       0.17261;3.42678;2
-131.86026;23.30856;       0.17283;3.42679;2
-131.82669;23.31189;       0.17303;3.42681;2
-131.79304;23.31523;       0.17321;3.42682;2
-131.75936;23.31856;       0.17343;3.42684;2
-131.72579;23.32189;       0.17368;3.42686;2
-131.69222;23.32523;       0.17385;3.42687;2
-131.65864;23.32856;       0.17400;3.42689;2
-131.62508;23.33189;       0.17418;3.42690;2
-131.59152;23.33523;       0.17437;3.42692;2
-131.55797;23.33856;       0.17457;3.42693;2
-131.52435;23.34189;       0.17474;3.42695;2
-131.49073;23.34523;       0.17487;3.42696;2
-131.45713;23.34856;       0.17502;3.42698;2
-131.42355;23.35189;       0.17518;3.42699;2
-131.38998;23.35522;       0.17536;3.42701;2
-131.35639;23.35856;       0.17555;3.42702;2
-131.32279;23.36189;       0.17576;3.42704;2
-131.28918;23.36522;       0.17593;3.42705;2
-131.25556;23.36856;       0.17610;3.42707;2
-131.22191;23.37189;       0.17631;3.42708;2
-131.18830;23.37522;       0.17654;3.42710;2
-131.15471;23.37856;       0.17678;3.42711;2
-131.12109;23.38189;       0.17700;3.42713;2
-131.08747;23.38522;       0.17724;3.42714;2
-131.05391;23.38856;       0.17746;3.42716;2
-131.02033;23.39189;       0.17768;3.42717;2
-130.98676;23.39522;       0.17789;3.42719;2
-130.95316;23.39856;       0.17809;3.42720;2
-130.91959;23.40189;       0.17832;3.42722;2
-130.88604;23.40522;       0.17858;3.42723;2
-130.85246;23.40855;       0.17880;3.42725;2
-130.81895;23.41189;       0.17902;3.42726;2
-130.78548;23.41522;       0.17925;3.42728;2
-130.75199;23.41855;       0.17951;3.42729;2
-130.71846;23.42189;       0.17977;3.42731;2
-130.68493;23.42522;       0.17998;3.42732;2
-130.65140;23.42855;       0.18019;3.42734;2
-130.61790;23.43189;       0.18040;3.42735;2
-130.58446;23.43522;       0.18062;3.42737;2
-130.55099;23.43855;       0.18087;3.42738;2
-130.51754;23.44189;       0.18115;3.42740;2
-130.48405;23.44522;       0.18140;3.42741;2
-130.45060;23.44855;       0.18166;3.42743;2
-130.41714;23.45189;       0.18191;3.42744;2
-130.38367;23.45522;       0.18214;3.42746;2
-130.35027;23.45855;       0.18240;3.42747;2
-130.31689;23.46188;       0.18269;3.42749;2
-130.28352;23.46522;       0.18301;3.42750;2
-130.25023;23.46855;       0.18331;3.42752;2
-130.21694;23.47188;       0.18361;3.42753;2
-130.18364;23.47522;       0.18390;3.42755;2
-130.15034;23.47855;       0.18418;3.42756;2
-130.11707;23.48188;       0.18447;3.42758;2
-130.08384;23.48522;       0.18476;3.42759;2
-130.05058;23.48855;       0.18506;3.42761;2
-130.01733;23.49188;       0.18537;3.42762;2
-129.98404;23.49522;       0.18568;3.42764;2
-129.95076;23.49855;       0.18602;3.42765;2
-129.91748;23.50188;       0.18634;3.42767;2
-129.88416;23.50522;       0.18667;3.42768;2
-129.85086;23.50855;       0.18701;3.42770;2
-129.81755;23.51188;       0.18732;3.42771;2
-129.78432;23.51521;       0.18761;3.42773;2
-129.75110;23.51855;       0.18789;3.42774;2
-129.71787;23.52188;       0.18820;3.42776;2
-129.68459;23.52521;       0.18853;3.42777;2
-129.65132;23.52855;       0.18887;3.42779;2
-129.61807;23.53188;       0.18920;3.42780;2
-129.58484;23.53521;       0.18952;3.42781;2
-129.55159;23.53855;       0.18986;3.42783;2
-129.51837;23.54188;       0.19019;3.42784;2
-129.48522;23.54521;       0.19051;3.42786;2
-129.45209;23.54855;       0.19084;3.42787;2
-129.41895;23.55188;       0.19119;3.42789;2
-129.38584;23.55521;       0.19150;3.42790;2
-129.35272;23.55855;       0.19187;3.42792;2
-129.31957;23.56188;       0.19223;3.42793;2
-129.28647;23.56521;       0.19256;3.42795;2
-129.25342;23.56854;       0.19285;3.42796;2
-129.22033;23.57188;       0.19319;3.42798;2
-129.18724;23.57521;       0.19356;3.42799;2
-129.15416;23.57854;       0.19399;3.42800;2
-129.12107;23.58188;       0.19442;3.42802;2
-129.08797;23.58521;       0.19479;3.42803;2
-129.05492;23.58854;       0.19517;3.42805;2
-129.02179;23.59188;       0.19555;3.42806;2
-128.98867;23.59521;       0.19593;3.42808;2
-128.95559;23.59854;       0.19630;3.42809;2
-128.92255;23.60188;       0.19669;3.42811;2
-128.88949;23.60521;       0.19712;3.42812;2
-128.85645;23.60854;       0.19754;3.42814;2
-128.82344;23.61188;       0.19794;3.42815;2
-128.79036;23.61521;       0.19834;3.42816;2
-128.75727;23.61854;       0.19876;3.42818;2
-128.72423;23.62187;       0.19920;3.42819;2
-128.69119;23.62521;       0.19967;3.42821;2
-128.65816;23.62854;       0.20021;3.42822;2
-128.62511;23.63187;       0.20070;3.42824;2
-128.59206;23.63521;       0.20117;3.42825;2
-128.55895;23.63854;       0.20165;3.42826;2
-128.52588;23.64187;       0.20213;3.42828;2
-128.49280;23.64521;       0.20262;3.42829;2
-128.45974;23.64854;       0.20314;3.42831;2
-128.42662;23.65187;       0.20371;3.42832;2
-128.39354;23.65521;       0.20427;3.42834;2
-128.36045;23.65854;       0.20485;3.42835;2
-128.32736;23.66187;       0.20539;3.42837;2
-128.29428;23.66521;       0.20593;3.42838;2
-128.26121;23.66854;       0.20648;3.42839;2
-128.22807;23.67187;       0.20705;3.42841;2
-128.19491;23.67521;       0.20758;3.42842;2
-128.16183;23.67854;       0.20811;3.42844;2
-128.12875;23.68187;       0.20864;3.42845;2
-128.09569;23.68520;       0.20920;3.42847;2
-128.06260;23.68854;       0.20979;3.42848;2
-128.02952;23.69187;       0.21036;3.42849;2
-127.99644;23.69520;       0.21093;3.42851;2
-127.96337;23.69854;       0.21157;3.42852;2
-127.93030;23.70187;       0.21219;3.42854;2
-127.89722;23.70520;       0.21278;3.42855;2
-127.86413;23.70854;       0.21336;3.42857;2
-127.83106;23.71187;       0.21391;3.42858;2
-127.79798;23.71520;       0.21447;3.42859;2
-127.76487;23.71854;       0.21507;3.42861;2
-127.73175;23.72187;       0.21566;3.42862;2
-127.69866;23.72520;       0.21632;3.42864;2
-127.66557;23.72854;       0.21702;3.42865;2
-127.63247;23.73187;       0.21768;3.42867;2
-127.59938;23.73520;       0.21836;3.42868;2
-127.56625;23.73853;       0.21903;3.42869;2
-127.53313;23.74187;       0.21970;3.42871;2
-127.49998;23.74520;       0.22039;3.42872;2
-127.46681;23.74853;       0.22115;3.42874;2
-127.43360;23.75187;       0.22193;3.42875;2
-127.40039;23.75520;       0.22262;3.42877;2
-127.36712;23.75853;       0.22332;3.42878;2
-127.33382;23.76187;       0.22407;3.42879;2
-127.30061;23.76520;       0.22486;3.42881;2
-127.26734;23.76853;       0.22566;3.42882;2
-127.23400;23.77187;       0.22650;3.42884;2
-127.20069;23.77520;       0.22731;3.42885;2
-127.16742;23.77853;       0.22809;3.42887;2
-127.13412;23.78187;       0.22890;3.42888;2
-127.10083;23.78520;       0.22973;3.42889;2
-127.06755;23.78853;       0.23055;3.42891;2
-127.03426;23.79186;       0.23138;3.42892;2
-127.00098;23.79520;       0.23225;3.42894;2
-126.96765;23.79853;       0.23317;3.42895;2
-126.93429;23.80186;       0.23409;3.42897;2
-126.90093;23.80520;       0.23498;3.42898;2
-126.86754;23.80853;       0.23593;3.42899;2
-126.83416;23.81186;       0.23682;3.42901;2
-126.80075;23.81520;       0.23769;3.42902;2
-126.76736;23.81853;       0.23858;3.42904;2
-126.73396;23.82186;       0.23949;3.42905;2
-126.70055;23.82520;       0.24043;3.42906;2
-126.66716;23.82853;       0.24140;3.42908;2
-126.63376;23.83186;       0.24236;3.42909;2
-126.60038;23.83520;       0.24331;3.42911;2
-126.56695;23.83853;       0.24430;3.42912;2
-126.53355;23.84186;       0.24529;3.42914;2
-126.50015;23.84519;       0.24632;3.42915;2
-126.46673;23.84853;       0.24741;3.42916;2
-126.43335;23.85186;       0.24850;3.42918;2
-126.39996;23.85519;       0.24957;3.42919;2
-126.36654;23.85853;       0.25063;3.42921;2
-126.33308;23.86186;       0.25172;3.42922;2
-126.29966;23.86519;       0.25283;3.42923;2
-126.26618;23.86853;       0.25395;3.42925;2
-126.23272;23.87186;       0.25511;3.42926;2
-126.19931;23.87519;       0.25627;3.42928;2
-126.16590;23.87853;       0.25738;3.42929;2
-126.13240;23.88186;       0.25844;3.42931;2
-126.09891;23.88519;       0.25955;3.42932;2
-126.06539;23.88853;       0.26067;3.42933;2
-126.03187;23.89186;       0.26179;3.42935;2
-125.99834;23.89519;       0.26287;3.42936;2
-125.96479;23.89852;       0.26396;3.42938;2
-125.93129;23.90186;       0.26508;3.42939;2
-125.89776;23.90519;       0.26626;3.42940;2
-125.86423;23.90852;       0.26744;3.42942;2
-125.83069;23.91186;       0.26861;3.42943;2
-125.79715;23.91519;       0.26981;3.42945;2
-125.76361;23.91852;       0.27101;3.42946;2
-125.73002;23.92186;       0.27224;3.42947;2
-125.69647;23.92519;       0.27345;3.42949;2
-125.66290;23.92852;       0.27466;3.42950;2
-125.62935;23.93186;       0.27590;3.42952;2
-125.59579;23.93519;       0.27711;3.42953;2
-125.56221;23.93852;       0.27834;3.42955;2
-125.52864;23.94186;       0.27958;3.42956;2
-125.49510;23.94519;       0.28082;3.42957;2
-125.46155;23.94852;       0.28206;3.42959;2
-125.42799;23.95185;       0.28332;3.42960;2
-125.39447;23.95519;       0.28458;3.42962;2
-125.36093;23.95852;       0.28585;3.42963;2
-125.32737;23.96185;       0.28710;3.42964;2
-125.29384;23.96519;       0.28831;3.42966;2
-125.26027;23.96852;       0.28955;3.42967;2
-125.22674;23.97185;       0.29081;3.42968;2
-125.19323;23.97519;       0.29205;3.42970;2
-125.15973;23.97852;       0.29331;3.42971;2
-125.12619;23.98185;       0.29454;3.42973;2
-125.09268;23.98519;       0.29578;3.42974;2
-125.05911;23.98852;       0.29698;3.42975;2
-125.02553;23.99185;       0.29819;3.42977;2
-124.99197;23.99519;       0.29939;3.42978;2
-124.95840;23.99852;       0.30061;3.42980;2
-124.92489;24.00185;       0.30181;3.42981;2
-124.89141;24.00518;       0.30302;3.42982;2
-124.85791;24.00852;       0.30424;3.42984;2
-124.82439;24.01185;       0.30545;3.42985;2
-124.79083;24.01518;       0.30664;3.42987;2
-124.75734;24.01852;       0.30785;3.42988;2
-124.72387;24.02185;       0.30905;3.42989;2
-124.69040;24.02518;       0.31020;3.42991;2
-124.65691;24.02852;       0.31133;3.42992;2
-124.62341;24.03185;       0.31249;3.42994;2
-124.58993;24.03518;       0.31364;3.42995;2
-124.55645;24.03852;       0.31481;3.42996;2
-124.52295;24.04185;       0.31599;3.42998;2
-124.48946;24.04518;       0.31714;3.42999;2
-124.45601;24.04852;       0.31820;3.43000;2
-124.42251;24.05185;       0.31932;3.43002;2
-124.38897;24.05518;       0.32046;3.43003;2
-124.35548;24.05851;       0.32157;3.43005;2
-124.32203;24.06185;       0.32266;3.43006;2
-124.28860;24.06518;       0.32373;3.43007;2
-124.25511;24.06851;       0.32473;3.43009;2
-124.22166;24.07185;       0.32565;3.43010;2
-124.18817;24.07518;       0.32660;3.43011;2
-124.15464;24.07851;       0.32755;3.43013;2
-124.12114;24.08185;       0.32854;3.43014;2
-124.08771;24.08518;       0.32951;3.43016;2
-124.05426;24.08851;       0.33041;3.43017;2
-124.02080;24.09185;       0.33126;3.43018;2
-123.98733;24.09518;       0.33212;3.43020;2
-123.95388;24.09851;       0.33298;3.43021;2
-123.92044;24.10185;       0.33381;3.43022;2
-123.88699;24.10518;       0.33467;3.43024;2
-123.85355;24.10851;       0.33542;3.43025;2
-123.82018;24.11184;       0.33620;3.43026;2
-123.78676;24.11518;       0.33698;3.43028;2
-123.75335;24.11851;       0.33774;3.43029;2
-123.71995;24.12184;       0.33848;3.43031;2
-123.68657;24.12518;       0.33914;3.43032;2
-123.65321;24.12851;       0.33974;3.43033;2
-123.61981;24.13184;       0.34034;3.43035;2
-123.58643;24.13518;       0.34094;3.43036;2
-123.55302;24.13851;       0.34159;3.43037;2
-123.51960;24.14184;       0.34220;3.43039;2
-123.48620;24.14518;       0.34276;3.43040;2
-123.45279;24.14851;       0.34331;3.43041;2
-123.41941;24.15184;       0.34381;3.43043;2
-123.38602;24.15518;       0.34426;3.43044;2
-123.35261;24.15851;       0.34475;3.43046;2
-123.31922;24.16184;       0.34522;3.43047;2
-123.28588;24.16517;       0.34565;3.43048;2
-123.25255;24.16851;       0.34605;3.43050;2
-123.21921;24.17184;       0.34640;3.43051;2
-123.18588;24.17517;       0.34673;3.43052;2
-123.15259;24.17851;       0.34703;3.43054;2
-123.11925;24.18184;       0.34739;3.43055;2
-123.08590;24.18517;       0.34768;3.43056;2
-123.05258;24.18851;       0.34794;3.43058;2
-123.01933;24.19184;       0.34824;3.43059;2
-122.98607;24.19517;       0.34854;3.43060;2
-122.95277;24.19851;       0.34883;3.43062;2
-122.91954;24.20184;       0.34908;3.43063;2
-122.88627;24.20517;       0.34921;3.43064;2
-122.85298;24.20851;       0.34943;3.43066;2
-122.81970;24.21184;       0.34967;3.43067;2
-122.78646;24.21517;       0.34986;3.43068;2
-122.75324;24.21850;       0.34999;3.43070;2
-122.71997;24.22184;       0.35012;3.43071;2
-122.68670;24.22517;       0.35023;3.43072;2
-122.65344;24.22850;       0.35023;3.43074;2
-122.62019;24.23184;       0.35027;3.43075;2
-122.58696;24.23517;       0.35033;3.43076;2
-122.55374;24.23850;       0.35038;3.43078;2
-122.52052;24.24184;       0.35047;3.43079;2
-122.48731;24.24517;       0.35054;3.43080;2
-122.45412;24.24850;       0.35060;3.43082;2
-122.42090;24.25184;       0.35064;3.43083;2
-122.38775;24.25517;       0.35064;3.43084;2
-122.35459;24.25850;       0.35067;3.43086;2
-122.32142;24.26184;       0.35069;3.43087;2
-122.28824;24.26517;       0.35069;3.43088;2
-122.25507;24.26850;       0.35069;3.43090;2
-122.22194;24.27183;       0.35072;3.43091;2
-122.18884;24.27517;       0.35080;3.43092;2
-122.15572;24.27850;       0.35076;3.43094;2
-122.12264;24.28183;       0.35066;3.43095;2
-122.08953;24.28517;       0.35050;3.43096;2
-122.05638;24.28850;       0.35041;3.43098;2
-122.02326;24.29183;       0.35030;3.43099;2
-121.99020;24.29517;       0.35018;3.43100;2
-121.95715;24.29850;       0.35014;3.43102;2
-121.92411;24.30183;       0.35004;3.43103;2
-121.89107;24.30517;       0.34995;3.43104;2
-121.85800;24.30850;       0.34989;3.43105;2
-121.82491;24.31183;       0.34983;3.43107;2
-121.79181;24.31517;       0.34975;3.43108;2
-121.75876;24.31850;       0.34968;3.43109;2
-121.72572;24.32183;       0.34960;3.43111;2
-121.69269;24.32516;       0.34942;3.43112;2
-121.65968;24.32850;       0.34925;3.43113;2
-121.62663;24.33183;       0.34910;3.43115;2
-121.59364;24.33516;       0.34895;3.43116;2
-121.56060;24.33850;       0.34880;3.43117;2
-121.52758;24.34183;       0.34870;3.43119;2
-121.49457;24.34516;       0.34861;3.43120;2
-121.46152;24.34850;       0.34850;3.43121;2
-121.42846;24.35183;       0.34838;3.43122;2
-121.39539;24.35516;       0.34825;3.43124;2
-121.36230;24.35850;       0.34813;3.43125;2
-121.32922;24.36183;       0.34796;3.43126;2
-121.29616;24.36516;       0.34778;3.43128;2
-121.26309;24.36850;       0.34762;3.43129;2
-121.23002;24.37183;       0.34750;3.43130;2
-121.19689;24.37516;       0.34737;3.43132;2
-121.16372;24.37849;       0.34724;3.43133;2
-121.13055;24.38183;       0.34710;3.43134;2
-121.09746;24.38516;       0.34698;3.43135;2
-121.06434;24.38849;       0.34684;3.43137;2
-121.03115;24.39183;       0.34668;3.43138;2
-120.99797;24.39516;       0.34656;3.43139;2
-120.96476;24.39849;       0.34645;3.43141;2
-120.93158;24.40183;       0.34631;3.43142;2
-120.89836;24.40516;       0.34618;3.43143;2
-120.86513;24.40849;       0.34602;3.43145;2
-120.83188;24.41183;       0.34588;3.43146;2
-120.79864;24.41516;       0.34573;3.43147;2
-120.76538;24.41849;       0.34556;3.43148;2
-120.73213;24.42183;       0.34539;3.43150;2
-120.69885;24.42516;       0.34525;3.43151;2
-120.66558;24.42849;       0.34513;3.43152;2
-120.63227;24.43182;       0.34499;3.43154;2
-120.59893;24.43516;       0.34485;3.43155;2
-120.56556;24.43849;       0.34469;3.43156;2
-120.53218;24.44182;       0.34452;3.43158;2
-120.49878;24.44516;       0.34440;3.43159;2
-120.46540;24.44849;       0.34432;3.43160;2
-120.43194;24.45182;       0.34425;3.43161;2
-120.39848;24.45516;       0.34418;3.43163;2
-120.36502;24.45849;       0.34406;3.43164;2
-120.33159;24.46182;       0.34395;3.43165;2
-120.29813;24.46516;       0.34383;3.43167;2
-120.26465;24.46849;       0.34376;3.43168;2
-120.23116;24.47182;       0.34367;3.43169;2
-120.19765;24.47516;       0.34358;3.43171;2
-120.16410;24.47849;       0.34349;3.43172;2
-120.13058;24.48182;       0.34342;3.43173;2
-120.09704;24.48516;       0.34334;3.43174;2
-120.06350;24.48849;       0.34328;3.43176;2
-120.02998;24.49182;       0.34321;3.43177;2
-119.99645;24.49515;       0.34311;3.43178;2
-119.96286;24.49849;       0.34305;3.43180;2
-119.92925;24.50182;       0.34301;3.43181;2
-119.89565;24.50515;       0.34297;3.43182;2
-119.86201;24.50849;       0.34293;3.43183;2
-119.82841;24.51182;       0.34290;3.43185;2
-119.79486;24.51515;       0.34289;3.43186;2
-119.76130;24.51849;       0.34285;3.43187;2
-119.72772;24.52182;       0.34281;3.43189;2
-119.69411;24.52515;       0.34278;3.43190;2
-119.66049;24.52849;       0.34274;3.43191;2
-119.62683;24.53182;       0.34270;3.43193;2
-119.59322;24.53515;       0.34269;3.43194;2
-119.55959;24.53849;       0.34273;3.43195;2
-119.52596;24.54182;       0.34272;3.43196;2
-119.49233;24.54515;       0.34273;3.43198;2
-119.45870;24.54848;       0.34272;3.43199;2
-119.42505;24.55182;       0.34270;3.43200;2
-119.39139;24.55515;       0.34269;3.43202;2
-119.35776;24.55848;       0.34267;3.43203;2
-119.32420;24.56182;       0.34267;3.43204;2
-119.29061;24.56515;       0.34267;3.43205;2
-119.25701;24.56848;       0.34264;3.43207;2
-119.22340;24.57182;       0.34261;3.43208;2
-119.18978;24.57515;       0.34258;3.43209;2
-119.15623;24.57848;       0.34257;3.43211;2
-119.12269;24.58182;       0.34256;3.43212;2
-119.08911;24.58515;       0.34253;3.43213;2
-119.05549;24.58848;       0.34252;3.43214;2
-119.02192;24.59182;       0.34255;3.43216;2
-118.98838;24.59515;       0.34258;3.43217;2
-118.95483;24.59848;       0.34264;3.43218;2
-118.92134;24.60181;       0.34277;3.43219;2
-118.88784;24.60515;       0.34284;3.43221;2
-118.85430;24.60848;       0.34287;3.43222;2
-118.82083;24.61181;       0.34288;3.43223;2
-118.78734;24.61515;       0.34291;3.43225;2
-118.75385;24.61848;       0.34293;3.43226;2
-118.72039;24.62181;       0.34297;3.43227;2
-118.68694;24.62515;       0.34299;3.43228;2
-118.65350;24.62848;       0.34299;3.43230;2
-118.62005;24.63181;       0.34297;3.43231;2
-118.58665;24.63515;       0.34295;3.43232;2
-118.55329;24.63848;       0.34292;3.43233;2
-118.51996;24.64181;       0.34289;3.43235;2
-118.48661;24.64515;       0.34287;3.43236;2
-118.45330;24.64848;       0.34287;3.43237;2
-118.41998;24.65181;       0.34285;3.43238;2
-118.38672;24.65514;       0.34283;3.43240;2
-118.35346;24.65848;       0.34282;3.43241;2
-118.32020;24.66181;       0.34277;3.43242;2
-118.28693;24.66514;       0.34274;3.43243;2
-118.25364;24.66848;       0.34272;3.43245;2
-118.22036;24.67181;       0.34271;3.43246;2
-118.18705;24.67514;       0.34271;3.43247;2
-118.15379;24.67848;       0.34271;3.43248;2
-118.12053;24.68181;       0.34271;3.43250;2
-118.08726;24.68514;       0.34270;3.43251;2
-118.05403;24.68848;       0.34269;3.43252;2
-118.02080;24.69181;       0.34265;3.43253;2
-117.98759;24.69514;       0.34258;3.43255;2
-117.95434;24.69848;       0.34252;3.43256;2
-117.92111;24.70181;       0.34247;3.43257;2
-117.88791;24.70514;       0.34243;3.43258;2
-117.85470;24.70847;       0.34239;3.43260;2
-117.82151;24.71181;       0.34235;3.43261;2
-117.78833;24.71514;       0.34234;3.43262;2
-117.75514;24.71847;       0.34235;3.43263;2
-117.72190;24.72181;       0.34236;3.43265;2
-117.68869;24.72514;       0.34236;3.43266;2
-117.65545;24.72847;       0.34234;3.43267;2
-117.62222;24.73181;       0.34234;3.43268;2
-117.58903;24.73514;       0.34234;3.43270;2
-117.55581;24.73847;       0.34232;3.43271;2
-117.52261;24.74181;       0.34227;3.43272;2
-117.48944;24.74514;       0.34222;3.43273;2
-117.45626;24.74847;       0.34220;3.43274;2
-117.42311;24.75181;       0.34219;3.43276;2
-117.38999;24.75514;       0.34215;3.43277;2
-117.35683;24.75847;       0.34208;3.43278;2
-117.32370;24.76180;       0.34200;3.43279;2
-117.29053;24.76514;       0.34192;3.43281;2
-117.25738;24.76847;       0.34184;3.43282;2
-117.22423;24.77180;       0.34178;3.43283;2
-117.19107;24.77514;       0.34176;3.43284;2
-117.15792;24.77847;       0.34174;3.43285;2
-117.12474;24.78180;       0.34171;3.43287;2
-117.09158;24.78514;       0.34168;3.43288;2
-117.05840;24.78847;       0.34166;3.43289;2
-117.02526;24.79180;       0.34176;3.43290;2
-116.99209;24.79514;       0.34182;3.43292;2
-116.95894;24.79847;       0.34178;3.43293;2
-116.92578;24.80180;       0.34177;3.43294;2
-116.89254;24.80514;       0.34174;3.43295;2
-116.85929;24.80847;       0.34167;3.43296;2
-116.82603;24.81180;       0.34158;3.43298;2
-116.79277;24.81513;       0.34155;3.43299;2
-116.75955;24.81847;       0.34157;3.43300;2
-116.72631;24.82180;       0.34154;3.43301;2
-116.69301;24.82513;       0.34151;3.43303;2
-116.65972;24.82847;       0.34151;3.43304;2
-116.62643;24.83180;       0.34152;3.43305;2
-116.59315;24.83513;       0.34153;3.43306;2
-116.55985;24.83847;       0.34150;3.43307;2
-116.52652;24.84180;       0.34148;3.43309;2
-116.49320;24.84513;       0.34147;3.43310;2
-116.45990;24.84847;       0.34141;3.43311;2
-116.42658;24.85180;       0.34136;3.43312;2
-116.39329;24.85513;       0.34136;3.43314;2
-116.35995;24.85847;       0.34131;3.43315;2
-116.32659;24.86180;       0.34121;3.43316;2
-116.29321;24.86513;       0.34122;3.43317;2
-116.25982;24.86846;       0.34123;3.43318;2
-116.22648;24.87180;       0.34127;3.43320;2
-116.19312;24.87513;       0.34131;3.43321;2
-116.15976;24.87846;       0.34134;3.43322;2
-116.12641;24.88180;       0.34134;3.43323;2
-116.09309;24.88513;       0.34137;3.43324;2
-116.05975;24.88846;       0.34137;3.43326;2
-116.02639;24.89180;       0.34136;3.43327;2
-115.99300;24.89513;       0.34141;3.43328;2
-115.95960;24.89846;       0.34145;3.43329;2
-115.92621;24.90180;       0.34146;3.43331;2
-115.89280;24.90513;       0.34147;3.43332;2
-115.85941;24.90846;       0.34148;3.43333;2
-115.82602;24.91180;       0.34152;3.43334;2
-115.79264;24.91513;       0.34157;3.43335;2
-115.75922;24.91846;       0.34159;3.43337;2
-115.72574;24.92179;       0.34162;3.43338;2
-115.69235;24.92513;       0.34165;3.43339;2
-115.65891;24.92846;       0.34168;3.43340;2
-115.62553;24.93179;       0.34173;3.43341;2
-115.59215;24.93513;       0.34178;3.43343;2
-115.55876;24.93846;       0.34181;3.43344;2
-115.52536;24.94179;       0.34186;3.43345;2
-115.49193;24.94513;       0.34195;3.43346;2
-115.45851;24.94846;       0.34203;3.43347;2
-115.42511;24.95179;       0.34207;3.43349;2
-115.39171;24.95513;       0.34209;3.43350;2
-115.35830;24.95846;       0.34210;3.43351;2
-115.32494;24.96179;       0.34211;3.43352;2
-115.29151;24.96513;       0.34214;3.43353;2
-115.25808;24.96846;       0.34221;3.43355;2
-115.22469;24.97179;       0.34231;3.43356;2
-115.19128;24.97512;       0.34241;3.43357;2
-115.15785;24.97846;       0.34247;3.43358;2
-115.12439;24.98179;       0.34245;3.43359;2
-115.09095;24.98512;       0.34241;3.43361;2
-115.05752;24.98846;       0.34241;3.43362;2
-115.02410;24.99179;       0.34245;3.43363;2
-114.99065;24.99512;       0.34254;3.43364;2
-114.95722;24.99846;       0.34261;3.43365;2
-114.92377;25.00179;       0.34267;3.43367;2
-114.89036;25.00512;       0.34272;3.43368;2
-114.85697;25.00846;       0.34277;3.43369;2
-114.82362;25.01179;       0.34281;3.43370;2
-114.79025;25.01512;       0.34285;3.43371;2
-114.75690;25.01846;       0.34294;3.43372;2
-114.72352;25.02179;       0.34304;3.43374;2
-114.69011;25.02512;       0.34321;3.43375;2
-114.65676;25.02845;       0.34332;3.43376;2
-114.62340;25.03179;       0.34331;3.43377;2
-114.59007;25.03512;       0.34325;3.43378;2
-114.55671;25.03845;       0.34326;3.43380;2
-114.52336;25.04179;       0.34332;3.43381;2
-114.49001;25.04512;       0.34338;3.43382;2
-114.45663;25.04845;       0.34345;3.43383;2
-114.42326;25.05179;       0.34354;3.43384;2
-114.38987;25.05512;       0.34364;3.43385;2
-114.35647;25.05845;       0.34377;3.43387;2
-114.32311;25.06179;       0.34386;3.43388;2
-114.28977;25.06512;       0.34396;3.43389;2
-114.25645;25.06845;       0.34405;3.43390;2
-114.22313;25.07179;       0.34417;3.43391;2
-114.18979;25.07512;       0.34428;3.43392;2
-114.15645;25.07845;       0.34438;3.43394;2
-114.12314;25.08178;       0.34446;3.43395;2
-114.08982;25.08512;       0.34451;3.43396;2
-114.05650;25.08845;       0.34454;3.43397;2
-114.02316;25.09178;       0.34454;3.43398;2
-113.98984;25.09512;       0.34459;3.43400;2
-113.95652;25.09845;       0.34467;3.43401;2
-113.92320;25.10178;       0.34478;3.43402;2
-113.88991;25.10512;       0.34485;3.43403;2
-113.85666;25.10845;       0.34490;3.43404;2
-113.82333;25.11178;       0.34492;3.43405;2
-113.79001;25.11512;       0.34496;3.43407;2
-113.75670;25.11845;       0.34500;3.43408;2
-113.72340;25.12178;       0.34505;3.43409;2
-113.69015;25.12512;       0.34515;3.43410;2
-113.65685;25.12845;       0.34521;3.43411;2
-113.62358;25.13178;       0.34532;3.43412;2
-113.59028;25.13511;       0.34542;3.43414;2
-113.55695;25.13845;       0.34546;3.43415;2
-113.52362;25.14178;       0.34548;3.43416;2
-113.49029;25.14511;       0.34551;3.43417;2
-113.45696;25.14845;       0.34556;3.43418;2
-113.42367;25.15178;       0.34563;3.43419;2
-113.39035;25.15511;       0.34572;3.43420;2
-113.35702;25.15845;       0.34577;3.43422;2
-113.32370;25.16178;       0.34577;3.43423;2
-113.29037;25.16511;       0.34579;3.43424;2
-113.25705;25.16845;       0.34584;3.43425;2
-113.22373;25.17178;       0.34595;3.43426;2
-113.19035;25.17511;       0.34604;3.43427;2
-113.15702;25.17845;       0.34603;3.43429;2
-113.12370;25.18178;       0.34606;3.43430;2
-113.09039;25.18511;       0.34612;3.43431;2
-113.05710;25.18844;       0.34610;3.43432;2
-113.02380;25.19178;       0.34607;3.43433;2
-112.99050;25.19511;       0.34609;3.43434;2
-112.95723;25.19844;       0.34621;3.43435;2
-112.92393;25.20178;       0.34630;3.43437;2
-112.89058;25.20511;       0.34635;3.43438;2
-112.85719;25.20844;       0.34640;3.43439;2
-112.82383;25.21178;       0.34643;3.43440;2
-112.79046;25.21511;       0.34646;3.43441;2
-112.75715;25.21844;       0.34646;3.43442;2
-112.72381;25.22178;       0.34648;3.43443;2
-112.69047;25.22511;       0.34648;3.43445;2
-112.65716;25.22844;       0.34647;3.43446;2
-112.62381;25.23178;       0.34651;3.43447;2
-112.59051;25.23511;       0.34653;3.43448;2
-112.55714;25.23844;       0.34654;3.43449;2
-112.52380;25.24177;       0.34655;3.43450;2
-112.49044;25.24511;       0.34658;3.43451;2
-112.45706;25.24844;       0.34664;3.43453;2
-112.42374;25.25177;       0.34669;3.43454;2
-112.39039;25.25511;       0.34675;3.43455;2
-112.35703;25.25844;       0.34680;3.43456;2
-112.32371;25.26177;       0.34682;3.43457;2
-112.29038;25.26511;       0.34687;3.43458;2
-112.25701;25.26844;       0.34692;3.43459;2
-112.22362;25.27177;       0.34696;3.43461;2
-112.19027;25.27511;       0.34700;3.43462;2
-112.15688;25.27844;       0.34705;3.43463;2
-112.12350;25.28177;       0.34708;3.43464;2
-112.09016;25.28511;       0.34713;3.43465;2
-112.05683;25.28844;       0.34719;3.43466;2
-112.02344;25.29177;       0.34728;3.43467;2
-111.99008;25.29511;       0.34735;3.43468;2
-111.95669;25.29844;       0.34743;3.43470;2
-111.92334;25.30177;       0.34757;3.43471;2
-111.89000;25.30510;       0.34764;3.43472;2
-111.85666;25.30844;       0.34771;3.43473;2
-111.82325;25.31177;       0.34775;3.43474;2
-111.78989;25.31510;       0.34780;3.43475;2
-111.75651;25.31844;       0.34783;3.43476;2
-111.72309;25.32177;       0.34786;3.43478;2
-111.68971;25.32510;       0.34792;3.43479;2
-111.65632;25.32844;       0.34797;3.43480;2
-111.62290;25.33177;       0.34803;3.43481;2
-111.58953;25.33510;       0.34806;3.43482;2
-111.55616;25.33844;       0.34805;3.43483;2
-111.52281;25.34177;       0.34807;3.43484;2
-111.48947;25.34510;       0.34811;3.43485;2
-111.45613;25.34844;       0.34817;3.43486;2
-111.42283;25.35177;       0.34822;3.43488;2
-111.38949;25.35510;       0.34827;3.43489;2
-111.35614;25.35843;       0.34833;3.43490;2
-111.32278;25.36177;       0.34839;3.43491;2
-111.28943;25.36510;       0.34846;3.43492;2
-111.25610;25.36843;       0.34853;3.43493;2
-111.22276;25.37177;       0.34858;3.43494;2
-111.18939;25.37510;       0.34865;3.43495;2
-111.15602;25.37843;       0.34871;3.43497;2
-111.12264;25.38177;       0.34875;3.43498;2
-111.08929;25.38510;       0.34879;3.43499;2
-111.05594;25.38843;       0.34885;3.43500;2
-111.02257;25.39177;       0.34888;3.43501;2
-110.98921;25.39510;       0.34891;3.43502;2
-110.95583;25.39843;       0.34895;3.43503;2
-110.92245;25.40177;       0.34899;3.43504;2
-110.88907;25.40510;       0.34906;3.43505;2
-110.85576;25.40843;       0.34912;3.43507;2
-110.82245;25.41176;       0.34918;3.43508;2
-110.78913;25.41510;       0.34922;3.43509;2
-110.75578;25.41843;       0.34930;3.43510;2
-110.72240;25.42176;       0.34936;3.43511;2
-110.68901;25.42510;       0.34940;3.43512;2
-110.65561;25.42843;       0.34944;3.43513;2
-110.62224;25.43176;       0.34946;3.43514;2
-110.58888;25.43510;       0.34949;3.43515;2
-110.55546;25.43843;       0.34953;3.43516;2
-110.52211;25.44176;       0.34954;3.43518;2
-110.48875;25.44510;       0.34955;3.43519;2
-110.45540;25.44843;       0.34955;3.43520;2
-110.42205;25.45176;       0.34959;3.43521;2
-110.38867;25.45510;       0.34966;3.43522;2
-110.35530;25.45843;       0.34970;3.43523;2
-110.32193;25.46176;       0.34973;3.43524;2
-110.28854;25.46509;       0.34988;3.43525;2
-110.25517;25.46843;       0.35006;3.43526;2
-110.22181;25.47176;       0.35015;3.43527;2
-110.18843;25.47509;       0.35018;3.43529;2
-110.15503;25.47843;       0.35017;3.43530;2
-110.12168;25.48176;       0.35019;3.43531;2
-110.08836;25.48509;       0.35022;3.43532;2
-110.05499;25.48843;       0.35028;3.43533;2
-110.02157;25.49176;       0.35031;3.43534;2
-109.98816;25.49509;       0.35033;3.43535;2
-109.95476;25.49843;       0.35042;3.43536;2
-109.92141;25.50176;       0.35047;3.43537;2
-109.88804;25.50509;       0.35050;3.43538;2
-109.85460;25.50843;       0.35054;3.43540;2
-109.82120;25.51176;       0.35062;3.43541;2
-109.78784;25.51509;       0.35070;3.43542;2
-109.75446;25.51842;       0.35078;3.43543;2
-109.72112;25.52176;       0.35082;3.43544;2
-109.68781;25.52509;       0.35087;3.43545;2
-109.65444;25.52842;       0.35099;3.43546;2
-109.62109;25.53176;       0.35112;3.43547;2
-109.58774;25.53509;       0.35125;3.43548;2
-109.55439;25.53842;       0.35139;3.43549;2
-109.52104;25.54176;       0.35149;3.43550;2
-109.48767;25.54509;       0.35158;3.43551;2
-109.45431;25.54842;       0.35163;3.43553;2
-109.42098;25.55176;       0.35169;3.43554;2
-109.38760;25.55509;       0.35172;3.43555;2
-109.35425;25.55842;       0.35175;3.43556;2
-109.32088;25.56176;       0.35183;3.43557;2
-109.28749;25.56509;       0.35188;3.43558;2
-109.25409;25.56842;       0.35191;3.43559;2
-109.22067;25.57175;       0.35190;3.43560;2
-109.18728;25.57509;       0.35194;3.43561;2
-109.15392;25.57842;       0.35201;3.43562;2
-109.12060;25.58175;       0.35209;3.43563;2
-109.08724;25.58509;       0.35215;3.43564;2
-109.05387;25.58842;       0.35222;3.43565;2
-109.02052;25.59175;       0.35231;3.43567;2
-108.98719;25.59509;       0.35238;3.43568;2
-108.95386;25.59842;       0.35245;3.43569;2
-108.92054;25.60175;       0.35251;3.43570;2
-108.88717;25.60509;       0.35261;3.43571;2
-108.85383;25.60842;       0.35271;3.43572;2
-108.82047;25.61175;       0.35278;3.43573;2
-108.78709;25.61509;       0.35281;3.43574;2
-108.75375;25.61842;       0.35282;3.43575;2
-108.72041;25.62175;       0.35284;3.43576;2
-108.68710;25.62508;       0.35287;3.43577;2
-108.65378;25.62842;       0.35296;3.43578;2
-108.62050;25.63175;       0.35305;3.43579;2
-108.58721;25.63508;       0.35313;3.43580;2
-108.55393;25.63842;       0.35321;3.43581;2
-108.52066;25.64175;       0.35330;3.43583;2
-108.48737;25.64508;       0.35337;3.43584;2
-108.45406;25.64842;       0.35345;3.43585;2
-108.42075;25.65175;       0.35352;3.43586;2
-108.38749;25.65508;       0.35356;3.43587;2
-108.35417;25.65842;       0.35360;3.43588;2
-108.32088;25.66175;       0.35365;3.43589;2
-108.28762;25.66508;       0.35366;3.43590;2
-108.25436;25.66842;       0.35366;3.43591;2
-108.22109;25.67175;       0.35367;3.43592;2
-108.18783;25.67508;       0.35370;3.43593;2
-108.15460;25.67841;       0.35374;3.43594;2
-108.12138;25.68175;       0.35377;3.43595;2
-108.08814;25.68508;       0.35380;3.43596;2
-108.05485;25.68841;       0.35383;3.43597;2
-108.02159;25.69175;       0.35388;3.43598;2
-107.98836;25.69508;       0.35399;3.43599;2
-107.95515;25.69841;       0.35407;3.43600;2
-107.92199;25.70175;       0.35409;3.43602;2
-107.88879;25.70508;       0.35413;3.43603;2
-107.85558;25.70841;       0.35418;3.43604;2
-107.82240;25.71175;       0.35421;3.43605;2
-107.78921;25.71508;       0.35427;3.43606;2
-107.75606;25.71841;       0.35437;3.43607;2
-107.72289;25.72175;       0.35446;3.43608;2
-107.68973;25.72508;       0.35450;3.43609;2
-107.65655;25.72841;       0.35454;3.43610;2
-107.62340;25.73174;       0.35459;3.43611;2
-107.59025;25.73508;       0.35463;3.43612;2
-107.55708;25.73841;       0.35467;3.43613;2
-107.52392;25.74174;       0.35471;3.43614;2
-107.49076;25.74508;       0.35476;3.43615;2
-107.45759;25.74841;       0.35482;3.43616;2
-107.42442;25.75174;       0.35487;3.43617;2
-107.39126;25.75508;       0.35493;3.43618;2
-107.35809;25.75841;       0.35500;3.43619;2
-107.32494;25.76174;       0.35513;3.43620;2
-107.29182;25.76508;       0.35520;3.43621;2
-107.25870;25.76841;       0.35522;3.43622;2
-107.22557;25.77174;       0.35527;3.43623;2
-107.19244;25.77508;       0.35531;3.43624;2
-107.15932;25.77841;       0.35537;3.43625;2
-107.12622;25.78174;       0.35538;3.43626;2
-107.09308;25.78507;       0.35540;3.43627;2
-107.06001;25.78841;       0.35547;3.43628;2
-107.02694;25.79174;       0.35553;3.43629;2
-106.99386;25.79507;       0.35559;3.43630;2
-106.96077;25.79841;       0.35566;3.43632;2
-106.92768;25.80174;       0.35572;3.43633;2
-106.89459;25.80507;       0.35578;3.43634;2
-106.86156;25.80841;       0.35583;3.43635;2
-106.82849;25.81174;       0.35591;3.43636;2
-106.79538;25.81507;       0.35597;3.43637;2
-106.76232;25.81841;       0.35605;3.43638;2
-106.72923;25.82174;       0.35608;3.43639;2
-106.69611;25.82507;       0.35604;3.43640;2
-106.66299;25.82841;       0.35602;3.43641;2
-106.62992;25.83174;       0.35605;3.43642;2
-106.59683;25.83507;       0.35611;3.43643;2
-106.56373;25.83840;       0.35619;3.43644;2
-106.53066;25.84174;       0.35628;3.43645;2
-106.49754;25.84507;       0.35633;3.43646;2
-106.46442;25.84840;       0.35640;3.43647;2
-106.43130;25.85174;       0.35642;3.43648;2
-106.39820;25.85507;       0.35644;3.43649;2
-106.36505;25.85840;       0.35642;3.43650;2
-106.33195;25.86174;       0.35640;3.43651;2
-106.29882;25.86507;       0.35642;3.43652;2
-106.26569;25.86840;       0.35644;3.43653;2
-106.23260;25.87174;       0.35647;3.43654;2
-106.19945;25.87507;       0.35650;3.43655;2
-106.16629;25.87840;       0.35650;3.43656;2
-106.13310;25.88174;       0.35650;3.43657;2
-106.09994;25.88507;       0.35654;3.43658;2
-106.06676;25.88840;       0.35656;3.43659;2
-106.03356;25.89173;       0.35660;3.43660;2
-106.00036;25.89507;       0.35664;3.43661;2
-105.96716;25.89840;       0.35666;3.43662;2
-105.93396;25.90173;       0.35668;3.43663;2
-105.90073;25.90507;       0.35671;3.43664;2
-105.86749;25.90840;       0.35679;3.43665;2
-105.83421;25.91173;       0.35687;3.43666;2
-105.80096;25.91507;       0.35690;3.43667;2
-105.76770;25.91840;       0.35691;3.43668;2
-105.73439;25.92173;       0.35691;3.43669;2
-105.70112;25.92507;       0.35691;3.43670;2
-105.66784;25.92840;       0.35694;3.43671;2
-105.63454;25.93173;       0.35696;3.43672;2
-105.60120;25.93507;       0.35699;3.43673;2
-105.56785;25.93840;       0.35702;3.43674;2
-105.53454;25.94173;       0.35705;3.43675;2
-105.50119;25.94506;       0.35709;3.43676;2
-105.46783;25.94840;       0.35715;3.43677;2
-105.43450;25.95173;       0.35725;3.43678;2
-105.40115;25.95506;       0.35735;3.43679;2
-105.36777;25.95840;       0.35742;3.43680;2
-105.33439;25.96173;       0.35748;3.43681;2
-105.30099;25.96506;       0.35752;3.43682;2
-105.26756;25.96840;       0.35756;3.43683;2
-105.23414;25.97173;       0.35757;3.43684;2
-105.20072;25.97506;       0.35762;3.43685;2
-105.16731;25.97840;       0.35767;3.43686;2
-105.13386;25.98173;       0.35773;3.43687;2
-105.10043;25.98506;       0.35783;3.43688;2
-105.06700;25.98840;       0.35793;3.43689;2
-105.03350;25.99173;       0.35797;3.43690;2
-105.00002;25.99506;       0.35802;3.43691;2
-104.96649;25.99839;       0.35805;3.43692;2
-104.93298;26.00173;       0.35813;3.43693;2
-104.89944;26.00506;       0.35821;3.43694;2
-104.86592;26.00839;       0.35828;3.43695;2
-104.83237;26.01173;       0.35835;3.43696;2
-104.79881;26.01506;       0.35841;3.43697;2
-104.76530;26.01839;       0.35847;3.43698;2
-104.73177;26.02173;       0.35851;3.43699;2
-104.69819;26.02506;       0.35855;3.43700;2
-104.66469;26.02839;       0.35863;3.43701;2
-104.63115;26.03173;       0.35878;3.43702;2
-104.59760;26.03506;       0.35889;3.43703;2
-104.56405;26.03839;       0.35900;3.43704;2
-104.53050;26.04173;       0.35908;3.43705;2
-104.49691;26.04506;       0.35915;3.43706;2
-104.46332;26.04839;       0.35920;3.43707;2
-104.42977;26.05172;       0.35926;3.43708;2
-104.39624;26.05506;       0.35935;3.43709;2
-104.36268;26.05839;       0.35945;3.43710;2
-104.32912;26.06172;       0.35952;3.43711;2
-104.29555;26.06506;       0.35961;3.43712;2
-104.26200;26.06839;       0.35971;3.43713;2
-104.22842;26.07172;       0.35981;3.43714;2
-104.19482;26.07506;       0.35991;3.43715;2
-104.16124;26.07839;       0.36001;3.43716;2
-104.12765;26.08172;       0.36014;3.43717;2
-104.09409;26.08506;       0.36031;3.43718;2
-104.06049;26.08839;       0.36048;3.43719;2
-104.02692;26.09172;       0.36065;3.43720;2
-103.99338;26.09506;       0.36078;3.43721;2
-103.95982;26.09839;       0.36088;3.43722;2
-103.92627;26.10172;       0.36098;3.43723;2
-103.89271;26.10506;       0.36106;3.43724;2
-103.85912;26.10839;       0.36111;3.43725;2
-103.82555;26.11172;       0.36117;3.43726;2
-103.79200;26.11505;       0.36124;3.43727;2
-103.75844;26.11839;       0.36130;3.43728;2
-103.72488;26.12172;       0.36140;3.43729;2
-103.69136;26.12505;       0.36153;3.43730;2
-103.65781;26.12839;       0.36164;3.43730;2
-103.62423;26.13172;       0.36171;3.43731;2
-103.59070;26.13505;       0.36182;3.43732;2
-103.55724;26.13839;       0.36194;3.43733;2
-103.52371;26.14172;       0.36207;3.43734;2
-103.49020;26.14505;       0.36218;3.43735;2
-103.45670;26.14839;       0.36228;3.43736;2
-103.42320;26.15172;       0.36240;3.43737;2
-103.38973;26.15505;       0.36250;3.43738;2
-103.35624;26.15839;       0.36263;3.43739;2
-103.32279;26.16172;       0.36283;3.43740;2
-103.28935;26.16505;       0.36297;3.43741;2
-103.25589;26.16838;       0.36308;3.43742;2
-103.22246;26.17172;       0.36314;3.43743;2
-103.18906;26.17505;       0.36314;3.43744;2
-103.15567;26.17838;       0.36317;3.43745;2
-103.12228;26.18172;       0.36322;3.43746;2
-103.08890;26.18505;       0.36329;3.43747;2
-103.05547;26.18838;       0.36336;3.43748;2
-103.02204;26.19172;       0.36344;3.43749;2
-102.98860;26.19505;       0.36357;3.43750;2
-102.95519;26.19838;       0.36370;3.43751;2
-102.92179;26.20172;       0.36378;3.43752;2
-102.88836;26.20505;       0.36383;3.43753;2
-102.85492;26.20838;       0.36391;3.43754;2
-102.82150;26.21172;       0.36405;3.43755;2
-102.78811;26.21505;       0.36420;3.43755;2
-102.75477;26.21838;       0.36425;3.43756;2
-102.72138;26.22171;       0.36430;3.43757;2
-102.68799;26.22505;       0.36438;3.43758;2
-102.65467;26.22838;       0.36445;3.43759;2
-102.62130;26.23171;       0.36452;3.43760;2
-102.58793;26.23505;       0.36460;3.43761;2
-102.55457;26.23838;       0.36468;3.43762;2
-102.52119;26.24171;       0.36483;3.43763;2
-102.48782;26.24505;       0.36497;3.43764;2
-102.45447;26.24838;       0.36503;3.43765;2
-102.42116;26.25171;       0.36506;3.43766;2
-102.38783;26.25505;       0.36508;3.43767;2
-102.35448;26.25838;       0.36511;3.43768;2
-102.32113;26.26171;       0.36516;3.43769;2
-102.28781;26.26505;       0.36526;3.43770;2
-102.25452;26.26838;       0.36537;3.43771;2
-102.22123;26.27171;       0.36542;3.43772;2
-102.18792;26.27504;       0.36547;3.43772;2
-102.15462;26.27838;       0.36550;3.43773;2
-102.12132;26.28171;       0.36553;3.43774;2
-102.08806;26.28504;       0.36557;3.43775;2
-102.05475;26.28838;       0.36563;3.43776;2
-102.02148;26.29171;       0.36569;3.43777;2
-101.98820;26.29504;       0.36575;3.43778;2
-101.95493;26.29838;       0.36581;3.43779;2
-101.92169;26.30171;       0.36584;3.43780;2
-101.88845;26.30504;       0.36584;3.43781;2
-101.85524;26.30838;       0.36583;3.43782;2
-101.82200;26.31171;       0.36582;3.43783;2
-101.78874;26.31504;       0.36582;3.43784;2
-101.75551;26.31838;       0.36582;3.43785;2
-101.72230;26.32171;       0.36583;3.43786;2
-101.68904;26.32504;       0.36585;3.43786;2
-101.65577;26.32837;       0.36587;3.43787;2
-101.62257;26.33171;       0.36590;3.43788;2
-101.58933;26.33504;       0.36595;3.43789;2
-101.55604;26.33837;       0.36599;3.43790;2
-101.52276;26.34171;       0.36605;3.43791;2
-101.48952;26.34504;       0.36610;3.43792;2
-101.45629;26.34837;       0.36617;3.43793;2
-101.42304;26.35171;       0.36622;3.43794;2
-101.38975;26.35504;       0.36630;3.43795;2
-101.35646;26.35837;       0.36634;3.43796;2
-101.32322;26.36171;       0.36638;3.43797;2
-101.28989;26.36504;       0.36641;3.43797;2
-101.25662;26.36837;       0.36643;3.43798;2
-101.22335;26.37171;       0.36647;3.43799;2
-101.19005;26.37504;       0.36651;3.43800;2
-101.15669;26.37837;       0.36653;3.43801;2
-101.12338;26.38170;       0.36661;3.43802;2
-101.09008;26.38504;       0.36667;3.43803;2
-101.05677;26.38837;       0.36674;3.43804;2
-101.02346;26.39170;       0.36681;3.43805;2
-100.99018;26.39504;       0.36687;3.43806;2
-100.95689;26.39837;       0.36688;3.43807;2
-100.92357;26.40170;       0.36685;3.43808;2
-100.89028;26.40504;       0.36684;3.43808;2
-100.85701;26.40837;       0.36682;3.43809;2
-100.82370;26.41170;       0.36680;3.43810;2
-100.79038;26.41504;       0.36684;3.43811;2
-100.75707;26.41837;       0.36687;3.43812;2
-100.72376;26.42170;       0.36687;3.43813;2
-100.69047;26.42504;       0.36690;3.43814;2
-100.65716;26.42837;       0.36692;3.43815;2
-100.62382;26.43170;       0.36692;3.43816;2
-100.59045;26.43503;       0.36692;3.43817;2
-100.55714;26.43837;       0.36694;3.43818;2
-100.52379;26.44170;       0.36698;3.43818;2
-100.49043;26.44503;       0.36700;3.43819;2
-100.45707;26.44837;       0.36703;3.43820;2
-100.42369;26.45170;       0.36705;3.43821;2
-100.39033;26.45503;       0.36706;3.43822;2
-100.35698;26.45837;       0.36706;3.43823;2
-100.32359;26.46170;       0.36709;3.43824;2
-100.29020;26.46503;       0.36708;3.43825;2
-100.25678;26.46837;       0.36707;3.43826;2
-100.22336;26.47170;       0.36709;3.43827;2
-100.18991;26.47503;       0.36711;3.43828;2
-100.15649;26.47837;       0.36712;3.43828;2
-100.12304;26.48170;       0.36715;3.43829;2
-100.08961;26.48503;       0.36721;3.43830;2
-100.05620;26.48836;       0.36725;3.43831;2
-100.02277;26.49170;       0.36731;3.43832;2
 -99.98933;26.49503;       0.36735;3.43833;2
 -99.95591;26.49836;       0.36739;3.43834;2
 -99.92246;26.50170;       0.36744;3.43835;2
 -99.88896;26.50503;       0.36748;3.43836;2
 -99.85544;26.50836;       0.36750;3.43836;2
 -99.82191;26.51170;       0.36753;3.43837;2
 -99.78842;26.51503;       0.36757;3.43838;2
 -99.75496;26.51836;       0.36762;3.43839;2
 -99.72146;26.52170;       0.36765;3.43840;2
 -99.68795;26.52503;       0.36766;3.43841;2
 -99.65446;26.52836;       0.36767;3.43842;2
 -99.62097;26.53170;       0.36767;3.43843;2
 -99.58738;26.53503;       0.36770;3.43844;2
 -99.55385;26.53836;       0.36774;3.43845;2
 -99.52038;26.54169;       0.36781;3.43845;2
 -99.48684;26.54503;       0.36787;3.43846;2
 -99.45331;26.54836;       0.36792;3.43847;2
 -99.41976;26.55169;       0.36800;3.43848;2
 -99.38621;26.55503;       0.36807;3.43849;2
 -99.35271;26.55836;       0.36818;3.43850;2
 -99.31917;26.56169;       0.36829;3.43851;2
 -99.28558;26.56503;       0.36836;3.43852;2
 -99.25205;26.56836;       0.36838;3.43853;2
 -99.21848;26.57169;       0.36839;3.43853;2
 -99.18491;26.57503;       0.36844;3.43854;2
 -99.15134;26.57836;       0.36850;3.43855;2
 -99.11782;26.58169;       0.36854;3.43856;2
 -99.08425;26.58503;       0.36859;3.43857;2
 -99.05066;26.58836;       0.36868;3.43858;2
 -99.01707;26.59169;       0.36878;3.43859;2
 -98.98348;26.59502;       0.36886;3.43860;2
 -98.94990;26.59836;       0.36893;3.43860;2
 -98.91634;26.60169;       0.36902;3.43861;2
 -98.88281;26.60502;       0.36910;3.43862;2
 -98.84923;26.60836;       0.36916;3.43863;2
 -98.81569;26.61169;       0.36920;3.43864;2
 -98.78217;26.61502;       0.36932;3.43865;2
 -98.74864;26.61836;       0.36941;3.43866;2
 -98.71508;26.62169;       0.36944;3.43867;2
 -98.68150;26.62502;       0.36951;3.43867;2
 -98.64794;26.62836;       0.36966;3.43868;2
 -98.61443;26.63169;       0.36973;3.43869;2
 -98.58091;26.63502;       0.36980;3.43870;2
 -98.54743;26.63836;       0.36991;3.43871;2
 -98.51392;26.64169;       0.37000;3.43872;2
 -98.48039;26.64502;       0.37005;3.43873;2
 -98.44688;26.64835;       0.37013;3.43874;2
 -98.41337;26.65169;       0.37018;3.43874;2
 -98.37985;26.65502;       0.37024;3.43875;2
 -98.34632;26.65835;       0.37030;3.43876;2
 -98.31280;26.66169;       0.37042;3.43877;2
 -98.27933;26.66502;       0.37057;3.43878;2
 -98.24588;26.66835;       0.37066;3.43879;2
 -98.21246;26.67169;       0.37077;3.43880;2
 -98.17902;26.67502;       0.37084;3.43880;2
 -98.14559;26.67835;       0.37090;3.43881;2
 -98.11214;26.68169;       0.37095;3.43882;2
 -98.07870;26.68502;       0.37100;3.43883;2
 -98.04528;26.68835;       0.37106;3.43884;2
 -98.01181;26.69169;       0.37110;3.43885;2
 -97.97844;26.69502;       0.37116;3.43886;2
 -97.94505;26.69835;       0.37120;3.43887;2
 -97.91163;26.70168;       0.37125;3.43887;2
 -97.87822;26.70502;       0.37131;3.43888;2
 -97.84484;26.70835;       0.37138;3.43889;2
 -97.81146;26.71168;       0.37145;3.43890;2
 -97.77807;26.71502;       0.37152;3.43891;2
 -97.74469;26.71835;       0.37158;3.43892;2
 -97.71133;26.72168;       0.37162;3.43893;2
 -97.67800;26.72502;       0.37170;3.43893;2
 -97.64463;26.72835;       0.37176;3.43894;2
 -97.61128;26.73168;       0.37179;3.43895;2
 -97.57793;26.73502;       0.37181;3.43896;2
 -97.54461;26.73835;       0.37186;3.43897;2
 -97.51129;26.74168;       0.37191;3.43898;2
 -97.47794;26.74502;       0.37196;3.43898;2
 -97.44464;26.74835;       0.37202;3.43899;2
 -97.41136;26.75168;       0.37208;3.43900;2
 -97.37805;26.75501;       0.37219;3.43901;2
 -97.34474;26.75835;       0.37227;3.43902;2
 -97.31144;26.76168;       0.37233;3.43903;2
 -97.27818;26.76501;       0.37241;3.43903;2
 -97.24494;26.76835;       0.37244;3.43904;2
 -97.21169;26.77168;       0.37241;3.43905;2
 -97.17842;26.77501;       0.37238;3.43906;2
 -97.14519;26.77835;       0.37236;3.43907;2
 -97.11199;26.78168;       0.37238;3.43908;2
 -97.07876;26.78501;       0.37241;3.43908;2
 -97.04557;26.78835;       0.37245;3.43909;2
 -97.01238;26.79168;       0.37250;3.43910;2
 -96.97920;26.79501;       0.37252;3.43911;2
 -96.94603;26.79835;       0.37257;3.43912;2
 -96.91288;26.80168;       0.37259;3.43913;2
 -96.87976;26.80501;       0.37263;3.43914;2
 -96.84660;26.80834;       0.37263;3.43914;2
 -96.81345;26.81168;       0.37265;3.43915;2
 -96.78031;26.81501;       0.37264;3.43916;2
 -96.74720;26.81834;       0.37263;3.43917;2
 -96.71408;26.82168;       0.37263;3.43918;2
 -96.68100;26.82501;       0.37265;3.43918;2
 -96.64791;26.82834;       0.37268;3.43919;2
 -96.61482;26.83168;       0.37269;3.43920;2
 -96.58169;26.83501;       0.37271;3.43921;2
 -96.54861;26.83834;       0.37271;3.43922;2
 -96.51553;26.84168;       0.37268;3.43923;2
 -96.48242;26.84501;       0.37263;3.43923;2
 -96.44937;26.84834;       0.37259;3.43924;2
 -96.41632;26.85168;       0.37258;3.43925;2
 -96.38326;26.85501;       0.37255;3.43926;2
 -96.35023;26.85834;       0.37254;3.43927;2
 -96.31720;26.86167;       0.37253;3.43927;2
 -96.28415;26.86501;       0.37252;3.43928;2
 -96.25111;26.86834;       0.37249;3.43929;2
 -96.21807;26.87167;       0.37247;3.43930;2
 -96.18501;26.87501;       0.37246;3.43931;2
 -96.15196;26.87834;       0.37246;3.43932;2
 -96.11894;26.88167;       0.37246;3.43932;2
 -96.08592;26.88501;       0.37245;3.43933;2
 -96.05286;26.88834;       0.37244;3.43934;2
 -96.01979;26.89167;       0.37243;3.43935;2
 -95.98678;26.89501;       0.37241;3.43936;2
 -95.95371;26.89834;       0.37240;3.43936;2
 -95.92067;26.90167;       0.37241;3.43937;2
 -95.88766;26.90501;       0.37241;3.43938;2
 -95.85465;26.90834;       0.37239;3.43939;2
 -95.82164;26.91167;       0.37234;3.43940;2
 -95.78862;26.91501;       0.37226;3.43940;2
 -95.75562;26.91834;       0.37227;3.43941;2
 -95.72262;26.92167;       0.37225;3.43942;2
 -95.68958;26.92500;       0.37224;3.43943;2
 -95.65651;26.92834;       0.37222;3.43944;2
 -95.62346;26.93167;       0.37217;3.43944;2
 -95.59042;26.93500;       0.37212;3.43945;2
 -95.55738;26.93834;       0.37207;3.43946;2
 -95.52435;26.94167;       0.37205;3.43947;2
 -95.49132;26.94500;       0.37202;3.43948;2
 -95.45829;26.94834;       0.37200;3.43948;2
 -95.42526;26.95167;       0.37199;3.43949;2
 -95.39222;26.95500;       0.37200;3.43950;2
 -95.35917;26.95834;       0.37199;3.43951;2
 -95.32613;26.96167;       0.37189;3.43952;2
 -95.29310;26.96500;       0.37179;3.43952;2
 -95.26008;26.96834;       0.37174;3.43953;2
 -95.22707;26.97167;       0.37166;3.43954;2
 -95.19401;26.97500;       0.37161;3.43955;2
 -95.16101;26.97833;       0.37157;3.43956;2
 -95.12794;26.98167;       0.37153;3.43956;2
 -95.09489;26.98500;       0.37148;3.43957;2
 -95.06182;26.98833;       0.37144;3.43958;2
 -95.02874;26.99167;       0.37140;3.43959;2
 -94.99566;26.99500;       0.37135;3.43960;2
 -94.96257;26.99833;       0.37128;3.43960;2
 -94.92949;27.00167;       0.37121;3.43961;2
 -94.89640;27.00500;       0.37115;3.43962;2
 -94.86331;27.00833;       0.37113;3.43963;2
 -94.83023;27.01167;       0.37114;3.43964;2
 -94.79717;27.01500;       0.37114;3.43964;2
 -94.76406;27.01833;       0.37113;3.43965;2
 -94.73091;27.02167;       0.37111;3.43966;2
 -94.69777;27.02500;       0.37109;3.43967;2
 -94.66457;27.02833;       0.37104;3.43967;2
 -94.63140;27.03166;       0.37101;3.43968;2
 -94.59822;27.03500;       0.37097;3.43969;2
 -94.56506;27.03833;       0.37094;3.43970;2
 -94.53185;27.04166;       0.37090;3.43971;2
 -94.49861;27.04500;       0.37084;3.43971;2
 -94.46543;27.04833;       0.37077;3.43972;2
 -94.43223;27.05166;       0.37075;3.43973;2
 -94.39896;27.05500;       0.37076;3.43974;2
 -94.36571;27.05833;       0.37078;3.43974;2
 -94.33247;27.06166;       0.37078;3.43975;2
 -94.29923;27.06500;       0.37076;3.43976;2
 -94.26599;27.06833;       0.37073;3.43977;2
 -94.23273;27.07166;       0.37072;3.43978;2
 -94.19945;27.07500;       0.37071;3.43978;2
 -94.16617;27.07833;       0.37071;3.43979;2
 -94.13286;27.08166;       0.37068;3.43980;2
 -94.09958;27.08499;       0.37069;3.43981;2
 -94.06628;27.08833;       0.37071;3.43981;2
 -94.03304;27.09166;       0.37072;3.43982;2
 -93.99976;27.09499;       0.37074;3.43983;2
 -93.96645;27.09833;       0.37075;3.43984;2
 -93.93318;27.10166;       0.37074;3.43985;2
 -93.89983;27.10499;       0.37074;3.43985;2
 -93.86649;27.10833;       0.37076;3.43986;2
 -93.83316;27.11166;       0.37080;3.43987;2
 -93.79981;27.11499;       0.37082;3.43988;2
 -93.76651;27.11833;       0.37083;3.43988;2
 -93.73315;27.12166;       0.37082;3.43989;2
 -93.69981;27.12499;       0.37079;3.43990;2
 -93.66646;27.12833;       0.37079;3.43991;2
 -93.63314;27.13166;       0.37079;3.43992;2
 -93.59984;27.13499;       0.37082;3.43992;2
 -93.56649;27.13832;       0.37084;3.43993;2
 -93.53317;27.14166;       0.37084;3.43994;2
 -93.49982;27.14499;       0.37082;3.43995;2
 -93.46650;27.14832;       0.37082;3.43995;2
 -93.43316;27.15166;       0.37084;3.43996;2
 -93.39976;27.15499;       0.37085;3.43997;2
 -93.36635;27.15832;       0.37087;3.43998;2
 -93.33295;27.16166;       0.37087;3.43998;2
 -93.29958;27.16499;       0.37087;3.43999;2
 -93.26616;27.16832;       0.37083;3.44000;2
 -93.23273;27.17166;       0.37078;3.44001;2
 -93.19929;27.17499;       0.37076;3.44002;2
 -93.16590;27.17832;       0.37075;3.44002;2
 -93.13245;27.18166;       0.37071;3.44003;2
 -93.09905;27.18499;       0.37068;3.44004;2
 -93.06560;27.18832;       0.37067;3.44005;2
 -93.03220;27.19165;       0.37066;3.44005;2
 -92.99880;27.19499;       0.37065;3.44006;2
 -92.96540;27.19832;       0.37064;3.44007;2
 -92.93203;27.20165;       0.37066;3.44008;2
 -92.89865;27.20499;       0.37066;3.44008;2
 -92.86521;27.20832;       0.37067;3.44009;2
 -92.83173;27.21165;       0.37068;3.44010;2
 -92.79826;27.21499;       0.37067;3.44011;2
 -92.76478;27.21832;       0.37066;3.44011;2
 -92.73130;27.22165;       0.37067;3.44012;2
 -92.69785;27.22499;       0.37068;3.44013;2
 -92.66443;27.22832;       0.37066;3.44014;2
 -92.63100;27.23165;       0.37067;3.44014;2
 -92.59758;27.23499;       0.37066;3.44015;2
 -92.56413;27.23832;       0.37057;3.44016;2
 -92.53068;27.24165;       0.37054;3.44017;2
 -92.49726;27.24498;       0.37049;3.44017;2
 -92.46386;27.24832;       0.37043;3.44018;2
 -92.43046;27.25165;       0.37042;3.44019;2
 -92.39703;27.25498;       0.37038;3.44020;2
 -92.36363;27.25832;       0.37040;3.44020;2
 -92.33027;27.26165;       0.37041;3.44021;2
 -92.29690;27.26498;       0.37037;3.44022;2
 -92.26350;27.26832;       0.37034;3.44023;2
 -92.23008;27.27165;       0.37031;3.44023;2
 -92.19669;27.27498;       0.37031;3.44024;2
 -92.16328;27.27832;       0.37035;3.44025;2
 -92.12990;27.28165;       0.37037;3.44026;2
 -92.09653;27.28498;       0.37036;3.44026;2
 -92.06311;27.28832;       0.37037;3.44027;2
 -92.02969;27.29165;       0.37036;3.44028;2
 -91.99625;27.29498;       0.37035;3.44029;2
 -91.96286;27.29831;       0.37030;3.44029;2
 -91.92949;27.30165;       0.37018;3.44030;2
 -91.89607;27.30498;       0.37010;3.44031;2
 -91.86268;27.30831;       0.37002;3.44032;2
 -91.82927;27.31165;       0.36996;3.44032;2
 -91.79587;27.31498;       0.36989;3.44033;2
 -91.76246;27.31831;       0.36979;3.44034;2
 -91.72901;27.32165;       0.36975;3.44034;2
 -91.69565;27.32498;       0.36973;3.44035;2
 -91.66224;27.32831;       0.36971;3.44036;2
 -91.62883;27.33165;       0.36966;3.44037;2
 -91.59545;27.33498;       0.36961;3.44037;2
 -91.56204;27.33831;       0.36956;3.44038;2
 -91.52867;27.34165;       0.36954;3.44039;2
 -91.49530;27.34498;       0.36949;3.44040;2
 -91.46191;27.34831;       0.36944;3.44040;2
 -91.42849;27.35164;       0.36936;3.44041;2
 -91.39512;27.35498;       0.36926;3.44042;2
 -91.36184;27.35831;       0.36916;3.44042;2
 -91.32854;27.36164;       0.36907;3.44043;2
 -91.29524;27.36498;       0.36897;3.44044;2
 -91.26190;27.36831;       0.36889;3.44045;2
 -91.22861;27.37164;       0.36888;3.44045;2
 -91.19532;27.37498;       0.36887;3.44046;2
 -91.16200;27.37831;       0.36885;3.44047;2
 -91.12869;27.38164;       0.36880;3.44048;2
 -91.09542;27.38498;       0.36872;3.44048;2
 -91.06208;27.38831;       0.36866;3.44049;2
 -91.02881;27.39164;       0.36859;3.44050;2
 -90.99550;27.39498;       0.36848;3.44050;2
 -90.96219;27.39831;       0.36835;3.44051;2
 -90.92891;27.40164;       0.36825;3.44052;2
 -90.89558;27.40497;       0.36814;3.44053;2
 -90.86224;27.40831;       0.36802;3.44053;2
 -90.82895;27.41164;       0.36791;3.44054;2
 -90.79566;27.41497;       0.36776;3.44055;2
 -90.76239;27.41831;       0.36764;3.44055;2
 -90.72915;27.42164;       0.36754;3.44056;2
 -90.69590;27.42497;       0.36745;3.44057;2
 -90.66263;27.42831;       0.36737;3.44058;2
 -90.62935;27.43164;       0.36731;3.44058;2
 -90.59613;27.43497;       0.36722;3.44059;2
 -90.56288;27.43831;       0.36715;3.44060;2
 -90.52964;27.44164;       0.36708;3.44060;2
 -90.49638;27.44497;       0.36698;3.44061;2
 -90.46311;27.44831;       0.36685;3.44062;2
 -90.42987;27.45164;       0.36672;3.44063;2
 -90.39659;27.45497;       0.36659;3.44063;2
 -90.36334;27.45830;       0.36643;3.44064;2
 -90.33013;27.46164;       0.36626;3.44065;2
 -90.29689;27.46497;       0.36614;3.44065;2
 -90.26361;27.46830;       0.36606;3.44066;2
 -90.23034;27.47164;       0.36599;3.44067;2
 -90.19711;27.47497;       0.36593;3.44067;2
 -90.16381;27.47830;       0.36585;3.44068;2
 -90.13053;27.48164;       0.36576;3.44069;2
 -90.09724;27.48497;       0.36567;3.44070;2
 -90.06395;27.48830;       0.36552;3.44070;2
 -90.03068;27.49164;       0.36526;3.44071;2
 -89.99739;27.49497;       0.36507;3.44072;2
 -89.96411;27.49830;       0.36489;3.44072;2
 -89.93084;27.50164;       0.36476;3.44073;2
 -89.89755;27.50497;       0.36464;3.44074;2
 -89.86428;27.50830;       0.36450;3.44074;2
 -89.83102;27.51163;       0.36434;3.44075;2
 -89.79778;27.51497;       0.36417;3.44076;2
 -89.76451;27.51830;       0.36401;3.44076;2
 -89.73125;27.52163;       0.36385;3.44077;2
 -89.69799;27.52497;       0.36368;3.44078;2
 -89.66469;27.52830;       0.36350;3.44079;2
 -89.63141;27.53163;       0.36329;3.44079;2
 -89.59816;27.53497;       0.36307;3.44080;2
 -89.56488;27.53830;       0.36291;3.44081;2
 -89.53160;27.54163;       0.36275;3.44081;2
 -89.49827;27.54497;       0.36260;3.44082;2
 -89.46497;27.54830;       0.36243;3.44083;2
 -89.43168;27.55163;       0.36225;3.44083;2
 -89.39840;27.55497;       0.36208;3.44084;2
 -89.36509;27.55830;       0.36189;3.44085;2
 -89.33171;27.56163;       0.36169;3.44085;2
 -89.29836;27.56496;       0.36149;3.44086;2
 -89.26505;27.56830;       0.36130;3.44087;2
 -89.23176;27.57163;       0.36112;3.44087;2
 -89.19844;27.57496;       0.36093;3.44088;2
 -89.16512;27.57830;       0.36073;3.44089;2
 -89.13176;27.58163;       0.36052;3.44090;2
 -89.09841;27.58496;       0.36033;3.44090;2
 -89.06502;27.58830;       0.36019;3.44091;2
 -89.03167;27.59163;       0.36001;3.44092;2
 -88.99829;27.59496;       0.35978;3.44092;2
 -88.96492;27.59830;       0.35953;3.44093;2
 -88.93155;27.60163;       0.35929;3.44094;2
 -88.89816;27.60496;       0.35906;3.44094;2
 -88.86480;27.60830;       0.35882;3.44095;2
 -88.83148;27.61163;       0.35863;3.44096;2
 -88.79810;27.61496;       0.35844;3.44096;2
 -88.76475;27.61829;       0.35823;3.44097;2
 -88.73136;27.62163;       0.35801;3.44098;2
 -88.69796;27.62496;       0.35782;3.44098;2
 -88.66458;27.62829;       0.35760;3.44099;2
 -88.63120;27.63163;       0.35735;3.44100;2
 -88.59783;27.63496;       0.35714;3.44100;2
 -88.56442;27.63829;       0.35689;3.44101;2
 -88.53101;27.64163;       0.35665;3.44102;2
 -88.49761;27.64496;       0.35643;3.44102;2
 -88.46422;27.64829;       0.35620;3.44103;2
 -88.43080;27.65163;       0.35601;3.44104;2
 -88.39734;27.65496;       0.35578;3.44104;2
 -88.36386;27.65829;       0.35555;3.44105;2
 -88.33036;27.66163;       0.35531;3.44106;2
 -88.29686;27.66496;       0.35512;3.44106;2
 -88.26337;27.66829;       0.35490;3.44107;2
 -88.22986;27.67162;       0.35464;3.44108;2
 -88.19637;27.67496;       0.35436;3.44108;2
 -88.16287;27.67829;       0.35410;3.44109;2
 -88.12939;27.68162;       0.35380;3.44110;2
 -88.09598;27.68496;       0.35350;3.44110;2
 -88.06256;27.68829;       0.35320;3.44111;2
 -88.02910;27.69162;       0.35291;3.44112;2
 -87.99567;27.69496;       0.35265;3.44112;2
 -87.96226;27.69829;       0.35238;3.44113;2
 -87.92882;27.70162;       0.35210;3.44114;2
 -87.89535;27.70496;       0.35182;3.44114;2
 -87.86189;27.70829;       0.35151;3.44115;2
 -87.82840;27.71162;       0.35122;3.44116;2
 -87.79491;27.71496;       0.35093;3.44116;2
 -87.76143;27.71829;       0.35062;3.44117;2
 -87.72793;27.72162;       0.35030;3.44118;2
 -87.69444;27.72496;       0.35002;3.44118;2
 -87.66095;27.72829;       0.34973;3.44119;2
 -87.62747;27.73162;       0.34945;3.44120;2
 -87.59401;27.73495;       0.34917;3.44120;2
 -87.56056;27.73829;       0.34884;3.44121;2
 -87.52709;27.74162;       0.34848;3.44122;2
 -87.49360;27.74495;       0.34812;3.44122;2
 -87.46015;27.74829;       0.34776;3.44123;2
 -87.42668;27.75162;       0.34742;3.44124;2
 -87.39321;27.75495;       0.34709;3.44124;2
 -87.35978;27.75829;       0.34676;3.44125;2
 -87.32630;27.76162;       0.34639;3.44125;2
 -87.29285;27.76495;       0.34597;3.44126;2
 -87.25939;27.76829;       0.34558;3.44127;2
 -87.22592;27.77162;       0.34519;3.44127;2
 -87.19243;27.77495;       0.34481;3.44128;2
 -87.15896;27.77829;       0.34445;3.44129;2
 -87.12545;27.78162;       0.34406;3.44129;2
 -87.09201;27.78495;       0.34369;3.44130;2
 -87.05854;27.78828;       0.34331;3.44131;2
 -87.02512;27.79162;       0.34295;3.44131;2
 -86.99165;27.79495;       0.34258;3.44132;2
 -86.95820;27.79828;       0.34215;3.44133;2
 -86.92474;27.80162;       0.34172;3.44133;2
 -86.89126;27.80495;       0.34130;3.44134;2
 -86.85777;27.80828;       0.34087;3.44134;2
 -86.82427;27.81162;       0.34046;3.44135;2
 -86.79075;27.81495;       0.34002;3.44136;2
 -86.75727;27.81828;       0.33956;3.44136;2
 -86.72382;27.82162;       0.33910;3.44137;2
 -86.69037;27.82495;       0.33864;3.44138;2
 -86.65695;27.82828;       0.33818;3.44138;2
 -86.62352;27.83162;       0.33771;3.44139;2
 -86.59012;27.83495;       0.33722;3.44140;2
 -86.55669;27.83828;       0.33669;3.44140;2
 -86.52327;27.84161;       0.33614;3.44141;2
 -86.48987;27.84495;       0.33566;3.44141;2
 -86.45646;27.84828;       0.33518;3.44142;2
 -86.42310;27.85161;       0.33471;3.44143;2
 -86.38969;27.85495;       0.33422;3.44143;2
 -86.35630;27.85828;       0.33364;3.44144;2
 -86.32293;27.86161;       0.33304;3.44145;2
 -86.28959;27.86495;       0.33244;3.44145;2
 -86.25622;27.86828;       0.33189;3.44146;2
 -86.22282;27.87161;       0.33138;3.44147;2
 -86.18947;27.87495;       0.33087;3.44147;2
 -86.15610;27.87828;       0.33033;3.44148;2
 -86.12274;27.88161;       0.32972;3.44148;2
 -86.08940;27.88495;       0.32910;3.44149;2
 -86.05597;27.88828;       0.32848;3.44150;2
 -86.02260;27.89161;       0.32782;3.44150;2
 -85.98923;27.89494;       0.32718;3.44151;2
 -85.95585;27.89828;       0.32654;3.44151;2
 -85.92248;27.90161;       0.32591;3.44152;2
 -85.88912;27.90494;       0.32528;3.44153;2
 -85.85576;27.90828;       0.32461;3.44153;2
 -85.82241;27.91161;       0.32394;3.44154;2
 -85.78908;27.91494;       0.32324;3.44155;2
 -85.75576;27.91828;       0.32251;3.44155;2
 -85.72240;27.92161;       0.32178;3.44156;2
 -85.68909;27.92494;       0.32111;3.44156;2
 -85.65575;27.92828;       0.32042;3.44157;2
 -85.62243;27.93161;       0.31973;3.44158;2
 -85.58912;27.93494;       0.31904;3.44158;2
 -85.55576;27.93828;       0.31832;3.44159;2
 -85.52237;27.94161;       0.31755;3.44159;2
 -85.48901;27.94494;       0.31677;3.44160;2
 -85.45572;27.94827;       0.31596;3.44161;2
 -85.42242;27.95161;       0.31513;3.44161;2
 -85.38912;27.95494;       0.31428;3.44162;2
 -85.35582;27.95827;       0.31337;3.44162;2
 -85.32248;27.96161;       0.31248;3.44163;2
 -85.28919;27.96494;       0.31158;3.44164;2
 -85.25587;27.96827;       0.31071;3.44164;2
 -85.22255;27.97161;       0.30984;3.44165;2
 -85.18924;27.97494;       0.30897;3.44166;2
 -85.15591;27.97827;       0.30811;3.44166;2
 -85.12256;27.98161;       0.30718;3.44167;2
 -85.08927;27.98494;       0.30624;3.44167;2
 -85.05597;27.98827;       0.30533;3.44168;2
 -85.02264;27.99161;       0.30437;3.44169;2
 -84.98933;27.99494;       0.30339;3.44169;2
 -84.95605;27.99827;       0.30239;3.44170;2
 -84.92275;28.00160;       0.30138;3.44170;2
 -84.88947;28.00494;       0.30036;3.44171;2
 -84.85619;28.00827;       0.29932;3.44172;2
 -84.82292;28.01160;       0.29832;3.44172;2
 -84.78968;28.01494;       0.29730;3.44173;2
 -84.75643;28.01827;       0.29628;3.44173;2
 -84.72319;28.02160;       0.29515;3.44174;2
 -84.68993;28.02494;       0.29396;3.44174;2
 -84.65663;28.02827;       0.29285;3.44175;2
 -84.62327;28.03160;       0.29172;3.44176;2
 -84.58995;28.03494;       0.29055;3.44176;2
 -84.55664;28.03827;       0.28935;3.44177;2
 -84.52333;28.04160;       0.28815;3.44177;2
 -84.49002;28.04494;       0.28695;3.44178;2
 -84.45670;28.04827;       0.28578;3.44179;2
 -84.42339;28.05160;       0.28449;3.44179;2
 -84.39006;28.05493;       0.28313;3.44180;2
 -84.35678;28.05827;       0.28186;3.44180;2
 -84.32348;28.06160;       0.28059;3.44181;2
 -84.29014;28.06493;       0.27934;3.44182;2
 -84.25681;28.06827;       0.27809;3.44182;2
 -84.22354;28.07160;       0.27678;3.44183;2
 -84.19026;28.07493;       0.27544;3.44183;2
 -84.15697;28.07827;       0.27404;3.44184;2
 -84.12368;28.08160;       0.27262;3.44184;2
 -84.09039;28.08493;       0.27117;3.44185;2
 -84.05709;28.08827;       0.26970;3.44186;2
 -84.02381;28.09160;       0.26821;3.44186;2
 -83.99048;28.09493;       0.26664;3.44187;2
 -83.95719;28.09827;       0.26510;3.44187;2
 -83.92387;28.10160;       0.26355;3.44188;2
 -83.89053;28.10493;       0.26203;3.44189;2
 -83.85717;28.10826;       0.26057;3.44189;2
 -83.82381;28.11160;       0.25902;3.44190;2
 -83.79052;28.11493;       0.25740;3.44190;2
 -83.75723;28.11826;       0.25576;3.44191;2
 -83.72390;28.12160;       0.25407;3.44191;2
 -83.69060;28.12493;       0.25242;3.44192;2
 -83.65728;28.12826;       0.25070;3.44193;2
 -83.62395;28.13160;       0.24900;3.44193;2
 -83.59065;28.13493;       0.24728;3.44194;2
 -83.55730;28.13826;       0.24551;3.44194;2
 -83.52398;28.14160;       0.24373;3.44195;2
 -83.49068;28.14493;       0.24197;3.44195;2
 -83.45739;28.14826;       0.24015;3.44196;2
 -83.42404;28.15160;       0.23826;3.44197;2
 -83.39063;28.15493;       0.23638;3.44197;2
 -83.35726;28.15826;       0.23448;3.44198;2
 -83.32386;28.16159;       0.23254;3.44198;2
 -83.29048;28.16493;       0.23057;3.44199;2
 -83.25712;28.16826;       0.22856;3.44199;2
 -83.22375;28.17159;       0.22657;3.44200;2
 -83.19042;28.17493;       0.22458;3.44201;2
 -83.15705;28.17826;       0.22258;3.44201;2
 -83.12373;28.18159;       0.22051;3.44202;2
 -83.09038;28.18493;       0.21832;3.44202;2
 -83.05702;28.18826;       0.21619;3.44203;2
 -83.02367;28.19159;       0.21409;3.44203;2
 -82.99031;28.19493;       0.21197;3.44204;2
 -82.95692;28.19826;       0.20978;3.44204;2
 -82.92357;28.20159;       0.20750;3.44205;2
 -82.89021;28.20493;       0.20527;3.44206;2
 -82.85686;28.20826;       0.20300;3.44206;2
 -82.82353;28.21159;       0.20064;3.44207;2
 -82.79014;28.21492;       0.19826;3.44207;2
 -82.75673;28.21826;       0.19583;3.44208;2
 -82.72330;28.22159;       0.19346;3.44208;2
 -82.68990;28.22492;       0.19106;3.44209;2
 -82.65650;28.22826;       0.18864;3.44209;2
 -82.62309;28.23159;       0.18616;3.44210;2
 -82.58974;28.23492;       0.18360;3.44211;2
 -82.55638;28.23826;       0.18111;3.44211;2
 -82.52299;28.24159;       0.17854;3.44212;2
 -82.48957;28.24492;       0.17591;3.44212;2
 -82.45616;28.24826;       0.17320;3.44213;2
 -82.42276;28.25159;       0.17046;3.44213;2
 -82.38936;28.25492;       0.16773;3.44214;2
 -82.35592;28.25826;       0.16501;3.44214;2
 -82.32254;28.26159;       0.16229;3.44215;2
 -82.28917;28.26492;       0.15955;3.44216;2
 -82.25583;28.26825;       0.15674;3.44216;2
 -82.22248;28.27159;       0.15386;3.44217;2
 -82.18911;28.27492;       0.15097;3.44217;2
 -82.15577;28.27825;       0.14805;3.44218;2
 -82.12242;28.28159;       0.14509;3.44218;2
 -82.08904;28.28492;       0.14203;3.44219;2
 -82.05567;28.28825;       0.13904;3.44219;2
 -82.02233;28.29159;       0.13603;3.44220;2
 -81.98899;28.29492;       0.13297;3.44220;2
 -81.95565;28.29825;       0.12985;3.44221;2
 -81.92233;28.30159;       0.12671;3.44222;2
 -81.88900;28.30492;       0.12356;3.44222;2
 -81.85572;28.30825;       0.12041;3.44223;2
 -81.82244;28.31159;       0.11723;3.44223;2
 -81.78916;28.31492;       0.11395;3.44224;2
 -81.75585;28.31825;       0.11068;3.44224;2
 -81.72254;28.32158;       0.10736;3.44225;2
 -81.68920;28.32492;       0.10403;3.44225;2
 -81.65584;28.32825;       0.10064;3.44226;2
 -81.62252;28.33158; 9.716734e-002;3.44226;2
 -81.58926;28.33492; 9.374312e-002;3.44227;2
 -81.55595;28.33825; 9.029549e-002;3.44227;2
 -81.52270;28.34158; 8.679303e-002;3.44228;2
 -81.48943;28.34492; 8.329653e-002;3.44228;2
 -81.45613;28.34825; 7.975478e-002;3.44229;2
 -81.42284;28.35158; 7.615233e-002;3.44230;2
 -81.38956;28.35492; 7.253851e-002;3.44230;2
 -81.35633;28.35825; 6.881174e-002;3.44231;2
 -81.32307;28.36158; 6.505206e-002;3.44231;2
 -81.28981;28.36492; 6.138682e-002;3.44232;2
 -81.25654;28.36825; 5.774770e-002;3.44232;2
 -81.22325;28.37158; 5.400202e-002;3.44233;2
 -81.18998;28.37491; 5.021098e-002;3.44233;2
 -81.15663;28.37825; 4.637776e-002;3.44234;2
 -81.12333;28.38158; 4.254217e-002;3.44234;2
 -81.09004;28.38491; 3.866497e-002;3.44235;2
 -81.05673;28.38825; 3.476884e-002;3.44235;2
 -81.02342;28.39158; 3.087546e-002;3.44236;2
 -80.99011;28.39491; 2.697851e-002;3.44236;2
 -80.95681;28.39825; 2.307095e-002;3.44237;2
 -80.92356;28.40158; 1.915953e-002;3.44237;2
 -80.89024;28.40491; 1.519863e-002;3.44238;2
 -80.85694;28.40825; 1.115985e-002;3.44238;2
 -80.82364;28.41158; 7.108639e-003;3.44239;2
 -80.79032;28.41491; 3.097314e-003;3.44239;2
 -80.75705;28.41825;-9.813542e-004;3.44240;2
 -80.72382;28.42158;-5.088796e-003;3.44240;2
 -80.69058;28.42491;-9.135852e-003;3.44241;2
 -80.65730;28.42824;-1.315950e-002;3.44242;2
 -80.62401;28.43158;-1.721569e-002;3.44242;2
 -80.59077;28.43491;-2.129091e-002;3.44243;2
 -80.55752;28.43824;-2.536426e-002;3.44243;2
 -80.52420;28.44158;-2.943662e-002;3.44244;2
 -80.49093;28.44491;-3.349220e-002;3.44244;2
 -80.45772;28.44824;-3.754541e-002;3.44245;2
 -80.42449;28.45158;-4.163919e-002;3.44245;2
 -80.39126;28.45491;-4.575739e-002;3.44246;2
 -80.35799;28.45824;-4.987356e-002;3.44246;2
 -80.32474;28.46158;-5.396570e-002;3.44247;2
 -80.29149;28.46491;-5.808538e-002;3.44247;2
 -80.25822;28.46824;-6.215136e-002;3.44248;2
 -80.22497;28.47158;-6.620910e-002;3.44248;2
 -80.19167;28.47491;-7.026043e-002;3.44249;2
 -80.15839;28.47824;-7.433536e-002;3.44249;2
 -80.12510;28.48157;-7.841206e-002;3.44250;2
 -80.09183;28.48491;-8.247095e-002;3.44250;2
 -80.05857;28.48824;-8.641393e-002;3.44251;2
 -80.02529;28.49157;-9.027260e-002;3.44251;2
 -79.99201;28.49491;-9.413210e-002;3.44252;2
 -79.95870;28.49824;-9.802066e-002;3.44252;2
 -79.92540;28.50157;      -0.10190;3.44253;2
 -79.89208;28.50491;      -0.10575;3.44253;2
 -79.85880;28.50824;      -0.10960;3.44254;2
 -79.82547;28.51157;      -0.11335;3.44254;2
 -79.79215;28.51491;      -0.11706;3.44255;2
 -79.75882;28.51824;      -0.12079;3.44255;2
 -79.72547;28.52157;      -0.12438;3.44256;2
 -79.69211;28.52491;      -0.12790;3.44256;2
 -79.65878;28.52824;      -0.13147;3.44257;2
 -79.62549;28.53157;      -0.13498;3.44257;2
 -79.59216;28.53490;      -0.13844;3.44258;2
 -79.55884;28.53824;      -0.14189;3.44258;2
 -79.52552;28.54157;      -0.14527;3.44259;2
 -79.49217;28.54490;      -0.14855;3.44259;2
 -79.45880;28.54824;      -0.15171;3.44260;2
 -79.42547;28.55157;      -0.15488;3.44260;2
 -79.39213;28.55490;      -0.15801;3.44261;2
 -79.35876;28.55824;      -0.16109;3.44261;2
 -79.32542;28.56157;      -0.16411;3.44262;2
 -79.29210;28.56490;      -0.16706;3.44262;2
 -79.25879;28.56824;      -0.16981;3.44262;2
 -79.22548;28.57157;      -0.17257;3.44263;2
 -79.19216;28.57490;      -0.17527;3.44263;2
 -79.15883;28.57824;      -0.17784;3.44264;2
 -79.12557;28.58157;      -0.18039;3.44264;2
 -79.09229;28.58490;      -0.18286;3.44265;2
 -79.05899;28.58824;      -0.18512;3.44265;2
 -79.02571;28.59157;      -0.18744;3.44266;2
 -78.99239;28.59490;      -0.18972;3.44266;2
 -78.95909;28.59823;      -0.19181;3.44267;2
 -78.92579;28.60157;      -0.19380;3.44267;2
 -78.89243;28.60490;      -0.19576;3.44268;2
 -78.85909;28.60823;      -0.19766;3.44268;2
 -78.82576;28.61157;      -0.19952;3.44269;2
 -78.79243;28.61490;      -0.20129;3.44269;2
 -78.75910;28.61823;      -0.20291;3.44270;2
 -78.72576;28.62157;      -0.20435;3.44270;2
 -78.69236;28.62490;      -0.20575;3.44271;2
 -78.65900;28.62823;      -0.20708;3.44271;2
 -78.62566;28.63157;      -0.20841;3.44272;2
 -78.59233;28.63490;      -0.20961;3.44272;2
 -78.55894;28.63823;      -0.21071;3.44273;2
 -78.52556;28.64157;      -0.21165;3.44273;2
 -78.49222;28.64490;      -0.21251;3.44274;2
 -78.45885;28.64823;      -0.21327;3.44274;2
 -78.42544;28.65156;      -0.21402;3.44274;2
 -78.39206;28.65490;      -0.21466;3.44275;2
 -78.35869;28.65823;      -0.21521;3.44275;2
 -78.32533;28.66156;      -0.21554;3.44276;2
 -78.29195;28.66490;      -0.21588;3.44276;2
 -78.25858;28.66823;      -0.21614;3.44277;2
 -78.22521;28.67156;      -0.21633;3.44277;2
 -78.19183;28.67490;      -0.21642;3.44278;2
 -78.15849;28.67823;      -0.21644;3.44278;2
 -78.12513;28.68156;      -0.21633;3.44279;2
 -78.09178;28.68490;      -0.21608;3.44279;2
 -78.05841;28.68823;      -0.21571;3.44280;2
 -78.02509;28.69156;      -0.21530;3.44280;2
 -77.99174;28.69490;      -0.21474;3.44281;2
 -77.95839;28.69823;      -0.21414;3.44281;2
 -77.92507;28.70156;      -0.21347;3.44281;2
 -77.89170;28.70489;      -0.21276;3.44282;2
 -77.85836;28.70823;      -0.21200;3.44282;2
 -77.82498;28.71156;      -0.21114;3.44283;2
 -77.79163;28.71489;      -0.21016;3.44283;2
 -77.75826;28.71823;      -0.20891;3.44284;2
 -77.72490;28.72156;      -0.20770;3.44284;2
 -77.69159;28.72489;      -0.20639;3.44285;2
 -77.65824;28.72823;      -0.20506;3.44285;2
 -77.62492;28.73156;      -0.20368;3.44286;2
 -77.59159;28.73489;      -0.20222;3.44286;2
 -77.55825;28.73823;      -0.20069;3.44286;2
 -77.52491;28.74156;      -0.19904;3.44287;2
 -77.49156;28.74489;      -0.19726;3.44287;2
 -77.45822;28.74823;      -0.19539;3.44288;2
 -77.42490;28.75156;      -0.19346;3.44288;2
 -77.39159;28.75489;      -0.19150;3.44289;2
 -77.35827;28.75822;      -0.18949;3.44289;2
 -77.32499;28.76156;      -0.18744;3.44290;2
 -77.29168;28.76489;      -0.18529;3.44290;2
 -77.25832;28.76822;      -0.18299;3.44291;2
 -77.22493;28.77156;      -0.18061;3.44291;2
 -77.19156;28.77489;      -0.17823;3.44291;2
 -77.15823;28.77822;      -0.17584;3.44292;2
 -77.12493;28.78156;      -0.17339;3.44292;2
 -77.09156;28.78489;      -0.17089;3.44293;2
 -77.05817;28.78822;      -0.16835;3.44293;2
 -77.02480;28.79156;      -0.16570;3.44294;2
 -76.99141;28.79489;      -0.16305;3.44294;2
 -76.95806;28.79822;      -0.16030;3.44295;2
 -76.92473;28.80156;      -0.15750;3.44295;2
 -76.89135;28.80489;      -0.15461;3.44295;2
 -76.85804;28.80822;      -0.15169;3.44296;2
 -76.82472;28.81155;      -0.14875;3.44296;2
 -76.79140;28.81489;      -0.14577;3.44297;2
 -76.75807;28.81822;      -0.14275;3.44297;2
 -76.72474;28.82155;      -0.13969;3.44298;2
 -76.69142;28.82489;      -0.13662;3.44298;2
 -76.65814;28.82822;      -0.13356;3.44299;2
 -76.62484;28.83155;      -0.13041;3.44299;2
 -76.59150;28.83489;      -0.12717;3.44299;2
 -76.55817;28.83822;      -0.12400;3.44300;2
 -76.52490;28.84155;      -0.12076;3.44300;2
 -76.49162;28.84489;      -0.11749;3.44301;2
 -76.45833;28.84822;      -0.11418;3.44301;2
 -76.42504;28.85155;      -0.11084;3.44302;2
 -76.39176;28.85489;      -0.10743;3.44302;2
 -76.35845;28.85822;      -0.10403;3.44302;2
 -76.32515;28.86155;      -0.10064;3.44303;2
 -76.29185;28.86488;-9.718158e-002;3.44303;2
 -76.25861;28.86822;-9.366170e-002;3.44304;2
 -76.22533;28.87155;-9.010851e-002;3.44304;2
 -76.19207;28.87488;-8.657229e-002;3.44305;2
 -76.15877;28.87822;-8.309648e-002;3.44305;2
 -76.12548;28.88155;-7.960211e-002;3.44305;2
 -76.09217;28.88488;-7.603998e-002;3.44306;2
 -76.05888;28.88822;-7.243529e-002;3.44306;2
 -76.02558;28.89155;-6.882295e-002;3.44307;2
 -75.99225;28.89488;-6.521080e-002;3.44307;2
 -75.95897;28.89822;-6.160052e-002;3.44307;2
 -75.92567;28.90155;-5.796125e-002;3.44308;2
 -75.89239;28.90488;-5.422925e-002;3.44308;2
 -75.85916;28.90822;-5.048525e-002;3.44309;2
 -75.82589;28.91155;-4.678495e-002;3.44309;2
 -75.79260;28.91488;-4.305079e-002;3.44310;2
 -75.75934;28.91821;-3.931668e-002;3.44310;2
 -75.72607;28.92155;-3.559996e-002;3.44310;2
 -75.69283;28.92488;-3.185780e-002;3.44311;2
 -75.65950;28.92821;-2.811654e-002;3.44311;2
 -75.62618;28.93155;-2.436193e-002;3.44312;2
 -75.59286;28.93488;-2.061143e-002;3.44312;2
 -75.55953;28.93821;-1.687315e-002;3.44313;2
 -75.52623;28.94155;-1.313251e-002;3.44313;2
 -75.49288;28.94488;-9.349120e-003;3.44313;2
 -75.45955;28.94821;-5.509474e-003;3.44314;2
 -75.42623;28.95155;-1.725874e-003;3.44314;2
 -75.39287;28.95488; 2.049110e-003;3.44315;2
 -75.35951;28.95821; 5.795330e-003;3.44315;2
 -75.32612;28.96155; 9.518331e-003;3.44315;2
 -75.29277;28.96488; 1.323064e-002;3.44316;2
 -75.25942;28.96821; 1.694952e-002;3.44316;2
 -75.22609;28.97154; 2.069055e-002;3.44317;2
 -75.19278;28.97488; 2.443298e-002;3.44317;2
 -75.15946;28.97821; 2.818185e-002;3.44317;2
 -75.12609;28.98154; 3.190768e-002;3.44318;2
 -75.09273;28.98488; 3.562918e-002;3.44318;2
 -75.05943;28.98821; 3.931130e-002;3.44319;2
 -75.02612;28.99154; 4.298819e-002;3.44319;2
 -74.99281;28.99488; 4.668138e-002;3.44319;2
 -74.95954;28.99821; 5.037795e-002;3.44320;2
 -74.92625;29.00154; 5.405451e-002;3.44320;2
 -74.89293;29.00488; 5.773930e-002;3.44321;2
 -74.85964;29.00821; 6.137969e-002;3.44321;2
 -74.82634;29.01154; 6.498470e-002;3.44321;2
 -74.79301;29.01488; 6.856744e-002;3.44322;2
 -74.75971;29.01821; 7.215956e-002;3.44322;2
 -74.72640;29.02154; 7.576850e-002;3.44323;2
 -74.69310;29.02487; 7.935314e-002;3.44323;2
 -74.65975;29.02821; 8.295615e-002;3.44323;2
 -74.62638;29.03154; 8.654578e-002;3.44324;2
 -74.59304;29.03487; 9.004066e-002;3.44324;2
 -74.55970;29.03821; 9.345978e-002;3.44325;2
 -74.52635;29.04154; 9.692221e-002;3.44325;2
 -74.49299;29.04487;       0.10038;3.44325;2
 -74.45965;29.04821;       0.10387;3.44326;2
 -74.42629;29.05154;       0.10738;3.44326;2
 -74.39295;29.05487;       0.11088;3.44327;2
 -74.35962;29.05821;       0.11439;3.44327;2
 -74.32632;29.06154;       0.11783;3.44327;2
 -74.29298;29.06487;       0.12124;3.44328;2
 -74.25967;29.06821;       0.12463;3.44328;2
 -74.22630;29.07154;       0.12799;3.44329;2
 -74.19292;29.07487;       0.13138;3.44329;2
 -74.15955;29.07820;       0.13475;3.44329;2
 -74.12622;29.08154;       0.13809;3.44330;2
 -74.09289;29.08487;       0.14131;3.44330;2
 -74.05956;29.08820;       0.14457;3.44330;2
 -74.02625;29.09154;       0.14784;3.44331;2
 -73.99295;29.09487;       0.15111;3.44331;2
 -73.95962;29.09820;       0.15439;3.44332;2
 -73.92628;29.10154;       0.15763;3.44332;2
 -73.89293;29.10487;       0.16085;3.44332;2
 -73.85955;29.10820;       0.16406;3.44333;2
 -73.82618;29.11154;       0.16725;3.44333;2
 -73.79285;29.11487;       0.17042;3.44334;2
 -73.75955;29.11820;       0.17361;3.44334;2
 -73.72623;29.12154;       0.17677;3.44334;2
 -73.69292;29.12487;       0.17986;3.44335;2
 -73.65961;29.12820;       0.18291;3.44335;2
 -73.62632;29.13153;       0.18595;3.44335;2
 -73.59304;29.13487;       0.18899;3.44336;2
 -73.55976;29.13820;       0.19204;3.44336;2
 -73.52649;29.14153;       0.19504;3.44337;2
 -73.49318;29.14487;       0.19791;3.44337;2
 -73.45993;29.14820;       0.20087;3.44337;2
 -73.42664;29.15153;       0.20385;3.44338;2
 -73.39334;29.15487;       0.20678;3.44338;2
 -73.36006;29.15820;       0.20971;3.44338;2
 -73.32679;29.16153;       0.21262;3.44339;2
 -73.29353;29.16487;       0.21553;3.44339;2
 -73.26024;29.16820;       0.21844;3.44339;2
 -73.22696;29.17153;       0.22132;3.44340;2
 -73.19372;29.17487;       0.22415;3.44340;2
 -73.16043;29.17820;       0.22696;3.44341;2
 -73.12717;29.18153;       0.22976;3.44341;2
 -73.09394;29.18486;       0.23252;3.44341;2
 -73.06069;29.18820;       0.23530;3.44342;2
 -73.02741;29.19153;       0.23806;3.44342;2
 -72.99415;29.19486;       0.24077;3.44342;2
 -72.96089;29.19820;       0.24345;3.44343;2
 -72.92761;29.20153;       0.24616;3.44343;2
 -72.89430;29.20486;       0.24882;3.44344;2
 -72.86101;29.20820;       0.25142;3.44344;2
 -72.82771;29.21153;       0.25397;3.44344;2
 -72.79443;29.21486;       0.25650;3.44345;2
 -72.76116;29.21820;       0.25899;3.44345;2
 -72.72783;29.22153;       0.26147;3.44345;2
 -72.69454;29.22486;       0.26394;3.44346;2
 -72.66123;29.22820;       0.26634;3.44346;2
 -72.62793;29.23153;       0.26873;3.44346;2
 -72.59469;29.23486;       0.27115;3.44347;2
 -72.56142;29.23819;       0.27358;3.44347;2
 -72.52815;29.24153;       0.27598;3.44347;2
 -72.49489;29.24486;       0.27839;3.44348;2
 -72.46161;29.24819;       0.28079;3.44348;2
 -72.42837;29.25153;       0.28317;3.44348;2
 -72.39511;29.25486;       0.28551;3.44349;2
 -72.36183;29.25819;       0.28782;3.44349;2
 -72.32853;29.26153;       0.29012;3.44350;2
 -72.29522;29.26486;       0.29226;3.44350;2
 -72.26195;29.26819;       0.29435;3.44350;2
 -72.22865;29.27153;       0.29646;3.44351;2
 -72.19536;29.27486;       0.29852;3.44351;2
 -72.16205;29.27819;       0.30046;3.44351;2
 -72.12875;29.28153;       0.30260;3.44352;2
 -72.09543;29.28486;       0.30470;3.44352;2
 -72.06212;29.28819;       0.30681;3.44352;2
 -72.02879;29.29152;       0.30894;3.44353;2
 -71.99544;29.29486;       0.31099;3.44353;2
 -71.96206;29.29819;       0.31299;3.44353;2
 -71.92871;29.30152;       0.31499;3.44354;2
 -71.89537;29.30486;       0.31697;3.44354;2
 -71.86203;29.30819;       0.31896;3.44354;2
 -71.82868;29.31152;       0.32094;3.44355;2
 -71.79532;29.31486;       0.32289;3.44355;2
 -71.76192;29.31819;       0.32482;3.44355;2
 -71.72853;29.32152;       0.32672;3.44356;2
 -71.69513;29.32486;       0.32860;3.44356;2
 -71.66175;29.32819;       0.33038;3.44356;2
 -71.62832;29.33152;       0.33205;3.44357;2
 -71.59490;29.33486;       0.33369;3.44357;2
 -71.56153;29.33819;       0.33516;3.44357;2
 -71.52811;29.34152;       0.33690;3.44358;2
 -71.49471;29.34485;       0.33865;3.44358;2
 -71.46128;29.34819;       0.34041;3.44358;2
 -71.42786;29.35152;       0.34217;3.44359;2
 -71.39447;29.35485;       0.34390;3.44359;2
 -71.36108;29.35819;       0.34559;3.44359;2
 -71.32769;29.36152;       0.34718;3.44360;2
 -71.29430;29.36485;       0.34880;3.44360;2
 -71.26091;29.36819;       0.35039;3.44360;2
 -71.22754;29.37152;       0.35196;3.44361;2
 -71.19417;29.37485;       0.35353;3.44361;2
 -71.16077;29.37819;       0.35510;3.44361;2
 -71.12744;29.38152;       0.35664;3.44362;2
 -71.09411;29.38485;       0.35817;3.44362;2
 -71.06074;29.38819;       0.35969;3.44362;2
 -71.02735;29.39152;       0.36119;3.44363;2
 -70.99397;29.39485;       0.36268;3.44363;2
 -70.96060;29.39819;       0.36416;3.44363;2
 -70.92723;29.40152;       0.36562;3.44364;2
 -70.89385;29.40485;       0.36706;3.44364;2
 -70.86048;29.40818;       0.36847;3.44364;2
 -70.82715;29.41152;       0.36987;3.44365;2
 -70.79377;29.41485;       0.37128;3.44365;2
 -70.76042;29.41818;       0.37262;3.44365;2
 -70.72709;29.42152;       0.37383;3.44366;2
 -70.69377;29.42485;       0.37508;3.44366;2
 -70.66042;29.42818;       0.37632;3.44366;2
 -70.62707;29.43152;       0.37742;3.44367;2
 -70.59375;29.43485;       0.37861;3.44367;2
 -70.56040;29.43818;       0.37983;3.44367;2
 -70.52704;29.44152;       0.38110;3.44367;2
 -70.49370;29.44485;       0.38237;3.44368;2
 -70.46036;29.44818;       0.38361;3.44368;2
 -70.42703;29.45152;       0.38485;3.44368;2
 -70.39367;29.45485;       0.38609;3.44369;2
 -70.36033;29.45818;       0.38730;3.44369;2
 -70.32700;29.46151;       0.38849;3.44369;2
 -70.29371;29.46485;       0.38968;3.44370;2
 -70.26041;29.46818;       0.39079;3.44370;2
 -70.22706;29.47151;       0.39193;3.44370;2
 -70.19372;29.47485;       0.39311;3.44371;2
 -70.16038;29.47818;       0.39426;3.44371;2
 -70.12710;29.48151;       0.39540;3.44371;2
 -70.09383;29.48485;       0.39649;3.44372;2
 -70.06057;29.48818;       0.39753;3.44372;2
 -70.02725;29.49151;       0.39856;3.44372;2
 -69.99397;29.49485;       0.39958;3.44372;2
 -69.96068;29.49818;       0.40059;3.44373;2
 -69.92741;29.50151;       0.40157;3.44373;2
 -69.89415;29.50485;       0.40255;3.44373;2
 -69.86087;29.50818;       0.40356;3.44374;2
 -69.82761;29.51151;       0.40456;3.44374;2
 -69.79432;29.51484;       0.40556;3.44374;2
 -69.76106;29.51818;       0.40653;3.44375;2
 -69.72780;29.52151;       0.40747;3.44375;2
 -69.69452;29.52484;       0.40838;3.44375;2
 -69.66124;29.52818;       0.40923;3.44375;2
 -69.62797;29.53151;       0.41016;3.44376;2
 -69.59475;29.53484;       0.41106;3.44376;2
 -69.56149;29.53818;       0.41197;3.44376;2
 -69.52820;29.54151;       0.41285;3.44377;2
 -69.49496;29.54484;       0.41371;3.44377;2
 -69.46173;29.54818;       0.41461;3.44377;2
 -69.42852;29.55151;       0.41550;3.44377;2
 -69.39524;29.55484;       0.41638;3.44378;2
 -69.36197;29.55818;       0.41726;3.44378;2
 -69.32873;29.56151;       0.41806;3.44378;2
 -69.29547;29.56484;       0.41881;3.44379;2
 -69.26222;29.56817;       0.41962;3.44379;2
 -69.22898;29.57151;       0.42043;3.44379;2
 -69.19570;29.57484;       0.42125;3.44380;2
 -69.16242;29.57817;       0.42210;3.44380;2
 -69.12914;29.58151;       0.42292;3.44380;2
 -69.09583;29.58484;       0.42374;3.44380;2
 -69.06252;29.58817;       0.42456;3.44381;2
 -69.02921;29.59151;       0.42535;3.44381;2
 -68.99594;29.59484;       0.42612;3.44381;2
 -68.96264;29.59817;       0.42683;3.44382;2
 -68.92936;29.60151;       0.42756;3.44382;2
 -68.89606;29.60484;       0.42830;3.44382;2
 -68.86278;29.60817;       0.42904;3.44382;2
 -68.82946;29.61151;       0.42975;3.44383;2
 -68.79617;29.61484;       0.43046;3.44383;2
 -68.76293;29.61817;       0.43120;3.44383;2
 -68.72963;29.62150;       0.43193;3.44384;2
 -68.69630;29.62484;       0.43266;3.44384;2
 -68.66300;29.62817;       0.43335;3.44384;2
 -68.62966;29.63150;       0.43403;3.44384;2
 -68.59639;29.63484;       0.43465;3.44385;2
 -68.56307;29.63817;       0.43518;3.44385;2
 -68.52976;29.64150;       0.43578;3.44385;2
 -68.49646;29.64484;       0.43642;3.44385;2
 -68.46318;29.64817;       0.43706;3.44386;2
 -68.42987;29.65150;       0.43771;3.44386;2
 -68.39656;29.65484;       0.43838;3.44386;2
 -68.36323;29.65817;       0.43903;3.44387;2
 -68.32990;29.66150;       0.43969;3.44387;2
 -68.29658;29.66484;       0.44033;3.44387;2
 -68.26325;29.66817;       0.44095;3.44387;2
 -68.22993;29.67150;       0.44152;3.44388;2
 -68.19664;29.67483;       0.44210;3.44388;2
 -68.16335;29.67817;       0.44268;3.44388;2
 -68.13003;29.68150;       0.44328;3.44388;2
 -68.09668;29.68483;       0.44390;3.44389;2
 -68.06330;29.68817;       0.44449;3.44389;2
 -68.02993;29.69150;       0.44509;3.44389;2
 -67.99657;29.69483;       0.44568;3.44389;2
 -67.96318;29.69817;       0.44621;3.44390;2
 -67.92983;29.70150;       0.44676;3.44390;2
 -67.89646;29.70483;       0.44729;3.44390;2
 -67.86309;29.70817;       0.44779;3.44391;2
 -67.82972;29.71150;       0.44831;3.44391;2
 -67.79634;29.71483;       0.44885;3.44391;2
 -67.76302;29.71817;       0.44941;3.44391;2
 -67.72966;29.72150;       0.44992;3.44392;2
 -67.69632;29.72483;       0.45045;3.44392;2
 -67.66295;29.72816;       0.45100;3.44392;2
 -67.62960;29.73150;       0.45153;3.44392;2
 -67.59623;29.73483;       0.45203;3.44393;2
 -67.56286;29.73816;       0.45248;3.44393;2
 -67.52950;29.74150;       0.45299;3.44393;2
 -67.49611;29.74483;       0.45350;3.44393;2
 -67.46274;29.74816;       0.45405;3.44394;2
 -67.42938;29.75150;       0.45459;3.44394;2
 -67.39601;29.75483;       0.45509;3.44394;2
 -67.36268;29.75816;       0.45561;3.44394;2
 -67.32934;29.76150;       0.45612;3.44395;2
 -67.29598;29.76483;       0.45657;3.44395;2
 -67.26263;29.76816;       0.45705;3.44395;2
 -67.22924;29.77150;       0.45755;3.44395;2
 -67.19584;29.77483;       0.45807;3.44396;2
 -67.16240;29.77816;       0.45857;3.44396;2
 -67.12899;29.78149;       0.45905;3.44396;2
 -67.09557;29.78483;       0.45955;3.44396;2
 -67.06215;29.78816;       0.46003;3.44397;2
 -67.02874;29.79149;       0.46049;3.44397;2
 -66.99531;29.79483;       0.46095;3.44397;2
 -66.96189;29.79816;       0.46140;3.44397;2
 -66.92850;29.80149;       0.46186;3.44398;2
 -66.89508;29.80483;       0.46230;3.44398;2
 -66.86170;29.80816;       0.46276;3.44398;2
 -66.82832;29.81149;       0.46328;3.44398;2
 -66.79496;29.81483;       0.46377;3.44399;2
 -66.76156;29.81816;       0.46425;3.44399;2
 -66.72813;29.82149;       0.46470;3.44399;2
 -66.69472;29.82483;       0.46516;3.44399;2
 -66.66133;29.82816;       0.46560;3.44400;2
 -66.62790;29.83149;       0.46603;3.44400;2
 -66.59452;29.83482;       0.46644;3.44400;2
 -66.56110;29.83816;       0.46686;3.44400;2
 -66.52773;29.84149;       0.46731;3.44401;2
 -66.49432;29.84482;       0.46776;3.44401;2
 -66.46088;29.84816;       0.46823;3.44401;2
 -66.42748;29.85149;       0.46866;3.44401;2
 -66.39409;29.85482;       0.46902;3.44401;2
 -66.36070;29.85816;       0.46945;3.44402;2
 -66.32731;29.86149;       0.46989;3.44402;2
 -66.29392;29.86482;       0.47034;3.44402;2
 -66.26056;29.86816;       0.47075;3.44402;2
 -66.22715;29.87149;       0.47110;3.44403;2
 -66.19375;29.87482;       0.47148;3.44403;2
 -66.16028;29.87816;       0.47191;3.44403;2
 -66.12688;29.88149;       0.47231;3.44403;2
 -66.09351;29.88482;       0.47272;3.44404;2
 -66.06013;29.88815;       0.47310;3.44404;2
 -66.02675;29.89149;       0.47346;3.44404;2
 -65.99335;29.89482;       0.47383;3.44404;2
 -65.95999;29.89815;       0.47423;3.44404;2
 -65.92664;29.90149;       0.47462;3.44405;2
 -65.89327;29.90482;       0.47500;3.44405;2
 -65.85990;29.90815;       0.47541;3.44405;2
 -65.82652;29.91149;       0.47583;3.44405;2
 -65.79312;29.91482;       0.47621;3.44406;2
 -65.75977;29.91815;       0.47662;3.44406;2
 -65.72638;29.92149;       0.47702;3.44406;2
 -65.69299;29.92482;       0.47742;3.44406;2
 -65.65960;29.92815;       0.47783;3.44406;2
 -65.62623;29.93149;       0.47824;3.44407;2
 -65.59287;29.93482;       0.47863;3.44407;2
 -65.55951;29.93815;       0.47901;3.44407;2
 -65.52614;29.94148;       0.47938;3.44407;2
 -65.49280;29.94482;       0.47972;3.44408;2
 -65.45945;29.94815;       0.48009;3.44408;2
 -65.42611;29.95148;       0.48048;3.44408;2
 -65.39279;29.95482;       0.48088;3.44408;2
 -65.35946;29.95815;       0.48125;3.44408;2
 -65.32609;29.96148;       0.48165;3.44409;2
 -65.29276;29.96482;       0.48204;3.44409;2
 -65.25938;29.96815;       0.48238;3.44409;2
 -65.22602;29.97148;       0.48268;3.44409;2
 -65.19267;29.97482;       0.48301;3.44409;2
 -65.15935;29.97815;       0.48334;3.44410;2
 -65.12605;29.98148;       0.48364;3.44410;2
 -65.09273;29.98482;       0.48398;3.44410;2
 -65.05946;29.98815;       0.48433;3.44410;2
 -65.02618;29.99148;       0.48469;3.44410;2
 -64.99284;29.99481;       0.48504;3.44411;2
 -64.95950;29.99815;       0.48540;3.44411;2
 -64.92618;30.00148;       0.48573;3.44411;2
 -64.89285;30.00481;       0.48609;3.44411;2
 -64.85951;30.00815;       0.48645;3.44412;2
 -64.82618;30.01148;       0.48679;3.44412;2
 -64.79281;30.01481;       0.48711;3.44412;2
 -64.75948;30.01815;       0.48744;3.44412;2
 -64.72614;30.02148;       0.48775;3.44412;2
 -64.69280;30.02481;       0.48802;3.44412;2
 -64.65948;30.02815;       0.48831;3.44413;2
 -64.62617;30.03148;       0.48862;3.44413;2
 -64.59285;30.03481;       0.48890;3.44413;2
 -64.55953;30.03815;       0.48920;3.44413;2
 -64.52624;30.04148;       0.48952;3.44413;2
 -64.49289;30.04481;       0.48982;3.44414;2
 -64.45958;30.04814;       0.49012;3.44414;2
 -64.42632;30.05148;       0.49044;3.44414;2
 -64.39300;30.05481;       0.49077;3.44414;2
 -64.35969;30.05814;       0.49107;3.44414;2
 -64.32634;30.06148;       0.49140;3.44415;2
 -64.29299;30.06481;       0.49173;3.44415;2
 -64.25966;30.06814;       0.49202;3.44415;2
 -64.22632;30.07148;       0.49233;3.44415;2
 -64.19295;30.07481;       0.49263;3.44415;2
 -64.15961;30.07814;       0.49293;3.44416;2
 -64.12631;30.08148;       0.49322;3.44416;2
 -64.09298;30.08481;       0.49353;3.44416;2
 -64.05962;30.08814;       0.49382;3.44416;2
 -64.02624;30.09148;       0.49412;3.44416;2
 -63.99287;30.09481;       0.49444;3.44417;2
 -63.95951;30.09814;       0.49476;3.44417;2
 -63.92617;30.10147;       0.49508;3.44417;2
 -63.89283;30.10481;       0.49537;3.44417;2
 -63.85947;30.10814;       0.49566;3.44417;2
 -63.82611;30.11147;       0.49594;3.44417;2
 -63.79276;30.11481;       0.49624;3.44418;2
 -63.75943;30.11814;       0.49656;3.44418;2
 -63.72607;30.12147;       0.49687;3.44418;2
 -63.69273;30.12481;       0.49719;3.44418;2
 -63.65939;30.12814;       0.49745;3.44418;2
 -63.62606;30.13147;       0.49775;3.44419;2
 -63.59272;30.13481;       0.49803;3.44419;2
 -63.55939;30.13814;       0.49836;3.44419;2
 -63.52603;30.14147;       0.49870;3.44419;2
 -63.49269;30.14481;       0.49902;3.44419;2
 -63.45934;30.14814;       0.49936;3.44419;2
 -63.42605;30.15147;       0.49968;3.44420;2
 -63.39271;30.15480;       0.50001;3.44420;2
 -63.35932;30.15814;       0.50034;3.44420;2
 -63.32593;30.16147;       0.50063;3.44420;2
 -63.29260;30.16480;       0.50089;3.44420;2
 -63.25923;30.16814;       0.50115;3.44420;2
 -63.22592;30.17147;       0.50145;3.44421;2
 -63.19257;30.17480;       0.50174;3.44421;2
 -63.15925;30.17814;       0.50205;3.44421;2
 -63.12589;30.18147;       0.50236;3.44421;2
 -63.09257;30.18480;       0.50265;3.44421;2
 -63.05922;30.18814;       0.50296;3.44421;2
 -63.02586;30.19147;       0.50324;3.44422;2
 -62.99248;30.19480;       0.50356;3.44422;2
 -62.95912;30.19814;       0.50391;3.44422;2
 -62.92581;30.20147;       0.50419;3.44422;2
 -62.89248;30.20480;       0.50447;3.44422;2
 -62.85911;30.20814;       0.50476;3.44422;2
 -62.82578;30.21147;       0.50503;3.44423;2
 -62.79246;30.21480;       0.50532;3.44423;2
 -62.75915;30.21813;       0.50562;3.44423;2
 -62.72582;30.22147;       0.50593;3.44423;2
 -62.69248;30.22480;       0.50622;3.44423;2
 -62.65915;30.22813;       0.50652;3.44423;2
 -62.62580;30.23147;       0.50686;3.44424;2
 -62.59243;30.23480;       0.50718;3.44424;2
 -62.55909;30.23813;       0.50747;3.44424;2
 -62.52573;30.24147;       0.50776;3.44424;2
 -62.49234;30.24480;       0.50802;3.44424;2
 -62.45899;30.24813;       0.50829;3.44424;2
 -62.42564;30.25147;       0.50859;3.44425;2
 -62.39224;30.25480;       0.50891;3.44425;2
 -62.35885;30.25813;       0.50920;3.44425;2
 -62.32546;30.26147;       0.50949;3.44425;2
 -62.29213;30.26480;       0.50977;3.44425;2
 -62.25882;30.26813;       0.51004;3.44425;2
 -62.22545;30.27146;       0.51032;3.44425;2
 -62.19208;30.27480;       0.51058;3.44426;2
 -62.15876;30.27813;       0.51088;3.44426;2
 -62.12541;30.28146;       0.51120;3.44426;2
 -62.09207;30.28480;       0.51147;3.44426;2
 -62.05871;30.28813;       0.51175;3.44426;2
 -62.02536;30.29146;       0.51202;3.44426;2
 -61.99203;30.29480;       0.51229;3.44427;2
 -61.95873;30.29813;       0.51256;3.44427;2
 -61.92545;30.30146;       0.51284;3.44427;2
 -61.89212;30.30480;       0.51310;3.44427;2
 -61.85879;30.30813;       0.51336;3.44427;2
 -61.82545;30.31146;       0.51361;3.44427;2
 -61.79213;30.31480;       0.51388;3.44427;2
 -61.75884;30.31813;       0.51415;3.44428;2
 -61.72554;30.32146;       0.51441;3.44428;2
 -61.69223;30.32479;       0.51466;3.44428;2
 -61.65892;30.32813;       0.51493;3.44428;2
 -61.62562;30.33146;       0.51521;3.44428;2
 -61.59232;30.33479;       0.51551;3.44428;2
 -61.55901;30.33813;       0.51581;3.44428;2
 -61.52571;30.34146;       0.51613;3.44429;2
 -61.49241;30.34479;       0.51642;3.44429;2
 -61.45912;30.34813;       0.51674;3.44429;2
 -61.42581;30.35146;       0.51701;3.44429;2
 -61.39249;30.35479;       0.51729;3.44429;2
 -61.35914;30.35813;       0.51755;3.44429;2
 -61.32583;30.36146;       0.51780;3.44429;2
 -61.29254;30.36479;       0.51806;3.44429;2
 -61.25921;30.36813;       0.51832;3.44430;2
 -61.22588;30.37146;       0.51860;3.44430;2
 -61.19256;30.37479;       0.51887;3.44430;2
 -61.15925;30.37812;       0.51915;3.44430;2
 -61.12593;30.38146;       0.51945;3.44430;2
 -61.09263;30.38479;       0.51973;3.44430;2
 -61.05930;30.38812;       0.52001;3.44430;2
 -61.02598;30.39146;       0.52033;3.44430;2
 -60.99267;30.39479;       0.52064;3.44431;2
 -60.95936;30.39812;       0.52096;3.44431;2
 -60.92605;30.40146;       0.52125;3.44431;2
 -60.89272;30.40479;       0.52153;3.44431;2
 -60.85940;30.40812;       0.52184;3.44431;2
 -60.82611;30.41146;       0.52217;3.44431;2
 -60.79280;30.41479;       0.52246;3.44431;2
 -60.75949;30.41812;       0.52270;3.44431;2
 -60.72616;30.42146;       0.52297;3.44432;2
 -60.69283;30.42479;       0.52320;3.44432;2
 -60.65949;30.42812;       0.52345;3.44432;2
 -60.62619;30.43145;       0.52372;3.44432;2
 -60.59291;30.43479;       0.52400;3.44432;2
 -60.55962;30.43812;       0.52430;3.44432;2
 -60.52633;30.44145;       0.52459;3.44432;2
 -60.49307;30.44479;       0.52485;3.44432;2
 -60.45981;30.44812;       0.52512;3.44433;2
 -60.42657;30.45145;       0.52539;3.44433;2
 -60.39328;30.45479;       0.52566;3.44433;2
 -60.36000;30.45812;       0.52593;3.44433;2
 -60.32677;30.46145;       0.52618;3.44433;2
 -60.29351;30.46479;       0.52645;3.44433;2
 -60.26023;30.46812;       0.52672;3.44433;2
 -60.22692;30.47145;       0.52701;3.44433;2
 -60.19363;30.47479;       0.52730;3.44433;2
 -60.16033;30.47812;       0.52759;3.44434;2
 -60.12704;30.48145;       0.52789;3.44434;2
 -60.09372;30.48478;       0.52817;3.44434;2
 -60.06040;30.48812;       0.52847;3.44434;2
 -60.02708;30.49145;       0.52876;3.44434;2
 -59.99379;30.49478;       0.52907;3.44434;2
 -59.96051;30.49812;       0.52936;3.44434;2
 -59.92719;30.50145;       0.52966;3.44434;2
 -59.89385;30.50478;       0.52995;3.44434;2
 -59.86050;30.50812;       0.53022;3.44435;2
 -59.82717;30.51145;       0.53048;3.44435;2
 -59.79389;30.51478;       0.53073;3.44435;2
 -59.76057;30.51812;       0.53100;3.44435;2
 -59.72727;30.52145;       0.53125;3.44435;2
 -59.69394;30.52478;       0.53149;3.44435;2
 -59.66058;30.52812;       0.53175;3.44435;2
 -59.62721;30.53145;       0.53197;3.44435;2
 -59.59388;30.53478;       0.53223;3.44435;2
 -59.56050;30.53811;       0.53252;3.44435;2
 -59.52716;30.54145;       0.53280;3.44436;2
 -59.49380;30.54478;       0.53309;3.44436;2
 -59.46044;30.54811;       0.53341;3.44436;2
 -59.42710;30.55145;       0.53370;3.44436;2
 -59.39380;30.55478;       0.53395;3.44436;2
 -59.36045;30.55811;       0.53422;3.44436;2
 -59.32711;30.56145;       0.53450;3.44436;2
 -59.29375;30.56478;       0.53483;3.44436;2
 -59.26041;30.56811;       0.53515;3.44436;2
 -59.22703;30.57145;       0.53547;3.44436;2
 -59.19367;30.57478;       0.53575;3.44436;2
 -59.16028;30.57811;       0.53607;3.44437;2
 -59.12691;30.58145;       0.53639;3.44437;2
 -59.09353;30.58478;       0.53670;3.44437;2
 -59.06013;30.58811;       0.53699;3.44437;2
 -59.02675;30.59144;       0.53730;3.44437;2
 -58.99337;30.59478;       0.53762;3.44437;2
 -58.95998;30.59811;       0.53793;3.44437;2
 -58.92663;30.60144;       0.53827;3.44437;2
 -58.89330;30.60478;       0.53859;3.44437;2
 -58.85990;30.60811;       0.53885;3.44437;2
 -58.82651;30.61144;       0.53914;3.44437;2
 -58.79312;30.61478;       0.53944;3.44438;2
 -58.75975;30.61811;       0.53970;3.44438;2
 -58.72638;30.62144;       0.53995;3.44438;2
 -58.69301;30.62478;       0.54023;3.44438;2
 -58.65961;30.62811;       0.54054;3.44438;2
 -58.62625;30.63144;       0.54089;3.44438;2
 -58.59283;30.63478;       0.54126;3.44438;2
 -58.55942;30.63811;       0.54159;3.44438;2
 -58.52600;30.64144;       0.54188;3.44438;2
 -58.49261;30.64477;       0.54219;3.44438;2
 -58.45917;30.64811;       0.54250;3.44438;2
 -58.42576;30.65144;       0.54284;3.44438;2
 -58.39231;30.65477;       0.54318;3.44438;2
 -58.35888;30.65811;       0.54348;3.44439;2
 -58.32549;30.66144;       0.54378;3.44439;2
 -58.29207;30.66477;       0.54410;3.44439;2
 -58.25868;30.66811;       0.54445;3.44439;2
 -58.22527;30.67144;       0.54478;3.44439;2
 -58.19188;30.67477;       0.54513;3.44439;2
 -58.15851;30.67811;       0.54545;3.44439;2
 -58.12513;30.68144;       0.54576;3.44439;2
 -58.09172;30.68477;       0.54605;3.44439;2
 -58.05833;30.68811;       0.54635;3.44439;2
 -58.02498;30.69144;       0.54667;3.44439;2
 -57.99159;30.69477;       0.54699;3.44439;2
 -57.95821;30.69810;       0.54732;3.44439;2
 -57.92483;30.70144;       0.54761;3.44439;2
 -57.89142;30.70477;       0.54794;3.44440;2
 -57.85805;30.70810;       0.54825;3.44440;2
 -57.82468;30.71144;       0.54855;3.44440;2
 -57.79133;30.71477;       0.54887;3.44440;2
 -57.75794;30.71810;       0.54919;3.44440;2
 -57.72460;30.72144;       0.54950;3.44440;2
 -57.69120;30.72477;       0.54982;3.44440;2
 -57.65780;30.72810;       0.55017;3.44440;2
 -57.62443;30.73144;       0.55051;3.44440;2
 -57.59109;30.73477;       0.55084;3.44440;2
 -57.55772;30.73810;       0.55115;3.44440;2
 -57.52435;30.74144;       0.55144;3.44440;2
 -57.49099;30.74477;       0.55175;3.44440;2
 -57.45761;30.74810;       0.55206;3.44440;2
 -57.42424;30.75143;       0.55238;3.44440;2
 -57.39084;30.75477;       0.55268;3.44440;2
 -57.35742;30.75810;       0.55297;3.44440;2
 -57.32403;30.76143;       0.55327;3.44441;2
 -57.29068;30.76477;       0.55363;3.44441;2
 -57.25732;30.76810;       0.55402;3.44441;2
 -57.22396;30.77143;       0.55438;3.44441;2
 -57.19062;30.77477;       0.55472;3.44441;2
 -57.15725;30.77810;       0.55505;3.44441;2
 -57.12389;30.78143;       0.55536;3.44441;2
 -57.09060;30.78477;       0.55568;3.44441;2
 -57.05727;30.78810;       0.55598;3.44441;2
 -57.02393;30.79143;       0.55627;3.44441;2
 -56.99059;30.79477;       0.55659;3.44441;2
 -56.95726;30.79810;       0.55691;3.44441;2
 -56.92393;30.80143;       0.55723;3.44441;2
 -56.89056;30.80476;       0.55757;3.44441;2
 -56.85718;30.80810;       0.55790;3.44441;2
 -56.82386;30.81143;       0.55819;3.44441;2
 -56.79055;30.81476;       0.55847;3.44441;2
 -56.75722;30.81810;       0.55879;3.44441;2
 -56.72386;30.82143;       0.55913;3.44441;2
 -56.69050;30.82476;       0.55946;3.44441;2
 -56.65713;30.82810;       0.55979;3.44441;2
 -56.62382;30.83143;       0.56014;3.44442;2
 -56.59050;30.83476;       0.56047;3.44442;2
 -56.55717;30.83810;       0.56082;3.44442;2
 -56.52385;30.84143;       0.56115;3.44442;2
 -56.49057;30.84476;       0.56147;3.44442;2
 -56.45725;30.84810;       0.56179;3.44442;2
 -56.42396;30.85143;       0.56211;3.44442;2
 -56.39066;30.85476;       0.56245;3.44442;2
 -56.35737;30.85809;       0.56276;3.44442;2
 -56.32406;30.86143;       0.56306;3.44442;2
 -56.29079;30.86476;       0.56336;3.44442;2
 -56.25751;30.86809;       0.56366;3.44442;2
 -56.22423;30.87143;       0.56396;3.44442;2
 -56.19093;30.87476;       0.56428;3.44442;2
 -56.15760;30.87809;       0.56461;3.44442;2
 -56.12428;30.88143;       0.56495;3.44442;2
 -56.09097;30.88476;       0.56528;3.44442;2
 -56.05768;30.88809;       0.56558;3.44442;2
 -56.02439;30.89143;       0.56587;3.44442;2
 -55.99110;30.89476;       0.56619;3.44442;2
 -55.95784;30.89809;       0.56654;3.44442;2
 -55.92456;30.90143;       0.56684;3.44442;2
 -55.89125;30.90476;       0.56718;3.44442;2
 -55.85799;30.90809;       0.56755;3.44442;2
 -55.82470;30.91142;       0.56794;3.44442;2
 -55.79146;30.91476;       0.56831;3.44442;2
 -55.75818;30.91809;       0.56868;3.44442;2
 -55.72488;30.92142;       0.56902;3.44442;2
 -55.69157;30.92476;       0.56934;3.44442;2
 -55.65827;30.92809;       0.56961;3.44442;2
 -55.62501;30.93142;       0.56987;3.44442;2
 -55.59173;30.93476;       0.57014;3.44442;2
 -55.55843;30.93809;       0.57044;3.44442;2
 -55.52511;30.94142;       0.57076;3.44443;2
 -55.49181;30.94476;       0.57105;3.44443;2
 -55.45851;30.94809;       0.57136;3.44443;2
 -55.42523;30.95142;       0.57170;3.44443;2
 -55.39196;30.95476;       0.57202;3.44443;2
 -55.35869;30.95809;       0.57230;3.44443;2
 -55.32541;30.96142;       0.57258;3.44443;2
 -55.29216;30.96475;       0.57286;3.44443;2
 -55.25888;30.96809;       0.57319;3.44443;2
 -55.22562;30.97142;       0.57348;3.44443;2
 -55.19235;30.97475;       0.57382;3.44443;2
 -55.15909;30.97809;       0.57413;3.44443;2
 -55.12583;30.98142;       0.57443;3.44443;2
 -55.09258;30.98475;       0.57479;3.44443;2
 -55.05927;30.98809;       0.57514;3.44443;2
 -55.02602;30.99142;       0.57547;3.44443;2
 -54.99275;30.99475;       0.57579;3.44443;2
 -54.95949;30.99809;       0.57611;3.44443;2
 -54.92620;31.00142;       0.57648;3.44443;2
 -54.89293;31.00475;       0.57683;3.44443;2
 -54.85970;31.00809;       0.57719;3.44443;2
 -54.82645;31.01142;       0.57753;3.44443;2
 -54.79317;31.01475;       0.57787;3.44443;2
 -54.75992;31.01809;       0.57821;3.44443;2
 -54.72667;31.02142;       0.57850;3.44443;2
 -54.69341;31.02475;       0.57880;3.44443;2
 -54.66016;31.02808;       0.57915;3.44443;2
 -54.62693;31.03142;       0.57949;3.44443;2
 -54.59366;31.03475;       0.57983;3.44443;2
 -54.56039;31.03808;       0.58016;3.44443;2
 -54.52713;31.04142;       0.58051;3.44443;2
 -54.49387;31.04475;       0.58087;3.44443;2
 -54.46059;31.04808;       0.58122;3.44443;2
 -54.42731;31.05142;       0.58157;3.44443;2
 -54.39405;31.05475;       0.58190;3.44443;2
 -54.36077;31.05808;       0.58220;3.44443;2
 -54.32750;31.06142;       0.58251;3.44443;2
 -54.29425;31.06475;       0.58282;3.44443;2
 -54.26096;31.06808;       0.58316;3.44443;2
 -54.22766;31.07142;       0.58352;3.44443;2
 -54.19434;31.07475;       0.58386;3.44443;2
 -54.16107;31.07808;       0.58419;3.44443;2
 -54.12782;31.08141;       0.58449;3.44443;2
 -54.09454;31.08475;       0.58479;3.44443;2
 -54.06125;31.08808;       0.58510;3.44443;2
 -54.02796;31.09141;       0.58542;3.44443;2
 -53.99466;31.09475;       0.58580;3.44443;2
 -53.96137;31.09808;       0.58618;3.44443;2
 -53.92808;31.10141;       0.58654;3.44443;2
 -53.89479;31.10475;       0.58689;3.44443;2
 -53.86151;31.10808;       0.58729;3.44443;2
 -53.82824;31.11141;       0.58768;3.44443;2
 -53.79497;31.11475;       0.58802;3.44443;2
 -53.76166;31.11808;       0.58835;3.44443;2
 -53.72835;31.12141;       0.58869;3.44443;2
 -53.69508;31.12475;       0.58902;3.44443;2
 -53.66180;31.12808;       0.58935;3.44443;2
 -53.62849;31.13141;       0.58969;3.44443;2
 -53.59522;31.13474;       0.59005;3.44442;2
 -53.56193;31.13808;       0.59041;3.44442;2
 -53.52865;31.14141;       0.59076;3.44442;2
 -53.49539;31.14474;       0.59107;3.44442;2
 -53.46211;31.14808;       0.59132;3.44442;2
 -53.42887;31.15141;       0.59163;3.44442;2
 -53.39560;31.15474;       0.59197;3.44442;2
 -53.36233;31.15808;       0.59233;3.44442;2
 -53.32905;31.16141;       0.59268;3.44442;2
 -53.29579;31.16474;       0.59305;3.44442;2
 -53.26248;31.16808;       0.59343;3.44442;2
 -53.22922;31.17141;       0.59382;3.44442;2
 -53.19589;31.17474;       0.59420;3.44442;2
 -53.16260;31.17808;       0.59458;3.44442;2
 -53.12931;31.18141;       0.59493;3.44442;2
 -53.09601;31.18474;       0.59529;3.44442;2
 -53.06270;31.18807;       0.59567;3.44442;2
 -53.02939;31.19141;       0.59604;3.44442;2
 -52.99610;31.19474;       0.59639;3.44442;2
 -52.96281;31.19807;       0.59676;3.44442;2
 -52.92950;31.20141;       0.59711;3.44442;2
 -52.89622;31.20474;       0.59747;3.44442;2
 -52.86291;31.20807;       0.59783;3.44442;2
 -52.82958;31.21141;       0.59820;3.44442;2
 -52.79626;31.21474;       0.59856;3.44442;2
 -52.76297;31.21807;       0.59892;3.44442;2
 -52.72964;31.22141;       0.59924;3.44442;2
 -52.69632;31.22474;       0.59958;3.44442;2
 -52.66302;31.22807;       0.59995;3.44442;2
 -52.62971;31.23141;       0.60033;3.44442;2
 -52.59638;31.23474;       0.60066;3.44442;2
 -52.56308;31.23807;       0.60096;3.44442;2
 -52.52976;31.24140;       0.60132;3.44442;2
 -52.49644;31.24474;       0.60170;3.44441;2
 -52.46313;31.24807;       0.60210;3.44441;2
 -52.42984;31.25140;       0.60251;3.44441;2
 -52.39651;31.25474;       0.60289;3.44441;2
 -52.36318;31.25807;       0.60329;3.44441;2
 -52.32986;31.26140;       0.60367;3.44441;2
 -52.29653;31.26474;       0.60405;3.44441;2
 -52.26319;31.26807;       0.60444;3.44441;2
 -52.22986;31.27140;       0.60483;3.44441;2
 -52.19650;31.27474;       0.60523;3.44441;2
 -52.16317;31.27807;       0.60561;3.44441;2
 -52.12980;31.28140;       0.60599;3.44441;2
 -52.09644;31.28474;       0.60636;3.44441;2
 -52.06311;31.28807;       0.60673;3.44441;2
 -52.02981;31.29140;       0.60711;3.44441;2
 -51.99648;31.29473;       0.60749;3.44441;2
 -51.96312;31.29807;       0.60786;3.44441;2
 -51.92976;31.30140;       0.60826;3.44441;2
 -51.89639;31.30473;       0.60867;3.44441;2
 -51.86305;31.30807;       0.60907;3.44441;2
 -51.82969;31.31140;       0.60947;3.44441;2
 -51.79633;31.31473;       0.60986;3.44440;2
 -51.76297;31.31807;       0.61023;3.44440;2
 -51.72965;31.32140;       0.61060;3.44440;2
 -51.69631;31.32473;       0.61093;3.44440;2
 -51.66290;31.32807;       0.61126;3.44440;2
 -51.62954;31.33140;       0.61164;3.44440;2
 -51.59617;31.33473;       0.61201;3.44440;2
 -51.56278;31.33807;       0.61238;3.44440;2
 -51.52939;31.34140;       0.61277;3.44440;2
 -51.49603;31.34473;       0.61318;3.44440;2
 -51.46266;31.34806;       0.61358;3.44440;2
 -51.42926;31.35140;       0.61399;3.44440;2
 -51.39585;31.35473;       0.61440;3.44440;2
 -51.36247;31.35806;       0.61485;3.44440;2
 -51.32909;31.36140;       0.61530;3.44440;2
 -51.29570;31.36473;       0.61576;3.44440;2
 -51.26234;31.36806;       0.61616;3.44440;2
 -51.22894;31.37140;       0.61656;3.44439;2
 -51.19553;31.37473;       0.61699;3.44439;2
 -51.16217;31.37806;       0.61740;3.44439;2
 -51.12875;31.38140;       0.61780;3.44439;2
 -51.09535;31.38473;       0.61817;3.44439;2
 -51.06194;31.38806;       0.61851;3.44439;2
 -51.02857;31.39140;       0.61888;3.44439;2
 -50.99519;31.39473;       0.61927;3.44439;2
 -50.96178;31.39806;       0.61974;3.44439;2
 -50.92840;31.40139;       0.62015;3.44439;2
 -50.89510;31.40473;       0.62057;3.44439;2
 -50.86180;31.40806;       0.62099;3.44439;2
 -50.82858;31.41139;       0.62139;3.44439;2
 -50.79540;31.41473;       0.62182;3.44439;2
 -50.76235;31.41806;       0.62224;3.44438;2
 -50.72937;31.42139;       0.62266;3.44438;2
 -50.69652;31.42473;       0.62308;3.44438;2
 -50.66377;31.42806;       0.62353;3.44438;2
 -50.63114;31.43139;       0.62400;3.44438;2
 -50.59872;31.43473;       0.62444;3.44438;2
 -50.56641;31.43806;       0.62486;3.44438;2
 -50.53424;31.44139;       0.62527;3.44438;2
 -50.50227;31.44473;       0.62571;3.44438;2
 -50.47045;31.44806;       0.62616;3.44438;2
 -50.43879;31.45139;       0.62663;3.44438;2
 -50.40733;31.45472;       0.62709;3.44438;2
 -50.37606;31.45806;       0.62756;3.44438;2
 -50.34499;31.46139;       0.62800;3.44437;2
 -50.31409;31.46472;       0.62843;3.44437;2
 -50.28337;31.46806;       0.62886;3.44437;2
 -50.25282;31.47139;       0.62929;3.44437;2
 -50.22243;31.47472;       0.62970;3.44437;2
 -50.19221;31.47806;       0.63011;3.44437;2
 -50.16213;31.48139;       0.63052;3.44437;2
 -50.13225;31.48472;       0.63090;3.44437;2
 -50.10247;31.48806;       0.63129;3.44437;2
 -50.07284;31.49139;       0.63170;3.44437;2
 -50.04336;31.49472;       0.63210;3.44437;2
 -50.01402;31.49806;       0.63251;3.44437;2
 -49.98483;31.50139;       0.63289;3.44437;2
 -49.95573;31.50472;       0.63327;3.44436;2
 -49.92674;31.50805;       0.63363;3.44436;2
 -49.89788;31.51139;       0.63403;3.44436;2
 -49.86911;31.51472;       0.63446;3.44436;2
 -49.84042;31.51805;       0.63498;3.44436;2
 -49.81179;31.52139;       0.63563;3.44436;2
 -49.78321;31.52472;       0.63623;3.44436;2
 -49.75470;31.52805;       0.63687;3.44436;2
 -49.72628;31.53139;       0.63748;3.44436;2
 -49.69790;31.53472;       0.63809;3.44436;2
 -49.66958;31.53805;       0.63867;3.44436;2
 -49.64129;31.54139;       0.63916;3.44436;2
 -49.61300;31.54472;       0.63959;3.44435;2
 -49.58476;31.54805;       0.63988;3.44435;2
 -49.55652;31.55139;       0.64002;3.44435;2
 -49.52829;31.55472;       0.64012;3.44435;2
 -49.50003;31.55805;       0.64003;3.44435;2
 -49.47176;31.56138;       0.63976;3.44435;2
 -49.44347;31.56472;       0.63937;3.44435;2
 -49.41517;31.56805;       0.63880;3.44435;2
 -49.38678;31.57138;       0.63819;3.44435;2
 -49.35837;31.57472;       0.63746;3.44435;2
 -49.32992;31.57805;       0.63652;3.44435;2
 -49.30140;31.58138;       0.63550;3.44435;2
 -49.27284;31.58472;       0.63446;3.44434;2
 -49.24423;31.58805;       0.63329;3.44434;2
 -49.21552;31.59138;       0.63191;3.44434;2
 -49.18670;31.59472;       0.63055;3.44434;2
 -49.15783;31.59805;       0.62926;3.44434;2
 -49.12886;31.60138;       0.62783;3.44434;2
 -49.09980;31.60472;       0.62638;3.44434;2
 -49.07061;31.60805;       0.62486;3.44434;2
 -49.04127;31.61138;       0.62332;3.44434;2
 -49.01176;31.61471;       0.62172;3.44434;2
 -48.98209;31.61805;       0.62009;3.44433;2
 -48.95217;31.62138;       0.61859;3.44433;2
 -48.92203;31.62471;       0.61708;3.44433;2
 -48.89167;31.62805;       0.61566;3.44433;2
 -48.86106;31.63138;       0.61424;3.44433;2
 -48.83019;31.63471;       0.61279;3.44433;2
 -48.79899;31.63805;       0.61146;3.44433;2
 -48.76753;31.64138;       0.61022;3.44433;2
 -48.73577;31.64471;       0.60900;3.44433;2
 -48.70374;31.64805;       0.60787;3.44433;2
 -48.67146;31.65138;       0.60683;3.44432;2
 -48.63881;31.65471;       0.60594;3.44432;2
 -48.60581;31.65805;       0.60506;3.44432;2
 -48.57253;31.66138;       0.60432;3.44432;2
 -48.53888;31.66471;       0.60371;3.44432;2
 -48.50492;31.66804;       0.60311;3.44432;2
 -48.47068;31.67138;       0.60261;3.44432;2
 -48.43612;31.67471;       0.60226;3.44432;2
 -48.40125;31.67804;       0.60200;3.44431;2
 -48.36608;31.68138;       0.60188;3.44431;2
 -48.33062;31.68471;       0.60194;3.44431;2
 -48.29485;31.68804;       0.60200;3.44431;2
 -48.25879;31.69138;       0.60212;3.44431;2
 -48.22245;31.69471;       0.60241;3.44431;2
 -48.18578;31.69804;       0.60283;3.44431;2
 -48.14885;31.70138;       0.60325;3.44431;2
 -48.11167;31.70471;       0.60381;3.44430;2
 -48.07424;31.70804;       0.60445;3.44430;2
 -48.03657;31.71138;       0.60528;3.44430;2
 -47.99864;31.71471;       0.60629;3.44430;2
 -47.96049;31.71804;       0.60736;3.44430;2
 -47.92211;31.72137;       0.60849;3.44430;2
 -47.88356;31.72471;       0.60970;3.44430;2
 -47.84481;31.72804;       0.61090;3.44429;2
 -47.80589;31.73137;       0.61224;3.44429;2
 -47.76681;31.73471;       0.61367;3.44429;2
 -47.72756;31.73804;       0.61519;3.44429;2
 -47.68812;31.74137;       0.61680;3.44429;2
 -47.64853;31.74471;       0.61854;3.44429;2
 -47.60882;31.74804;       0.62037;3.44428;2
 -47.56894;31.75137;       0.62233;3.44428;2
 -47.52897;31.75471;       0.62429;3.44428;2
 -47.48890;31.75804;       0.62628;3.44428;2
 -47.44873;31.76137;       0.62831;3.44428;2
 -47.40847;31.76471;       0.63042;3.44428;2
 -47.36813;31.76804;       0.63260;3.44427;2
 -47.32773;31.77137;       0.63479;3.44427;2
 -47.28730;31.77470;       0.63709;3.44427;2
 -47.24684;31.77804;       0.63945;3.44427;2
 -47.20636;31.78137;       0.64180;3.44427;2
 -47.16584;31.78470;       0.64422;3.44427;2
 -47.12532;31.78804;       0.64674;3.44426;2
 -47.08477;31.79137;       0.64924;3.44426;2
 -47.04421;31.79470;       0.65173;3.44426;2
 -47.00373;31.79804;       0.65426;3.44426;2
 -46.96326;31.80137;       0.65678;3.44426;2
 -46.92280;31.80470;       0.65927;3.44425;2
 -46.88237;31.80804;       0.66180;3.44425;2
 -46.84196;31.81137;       0.66440;3.44425;2
 -46.80160;31.81470;       0.66696;3.44425;2
 -46.76132;31.81804;       0.66952;3.44425;2
 -46.72112;31.82137;       0.67211;3.44425;2
 -46.68101;31.82470;       0.67473;3.44424;2
 -46.64099;31.82804;       0.67733;3.44424;2
 -46.60108;31.83137;       0.67987;3.44424;2
 -46.56127;31.83470;       0.68242;3.44424;2
 -46.52154;31.83803;       0.68495;3.44424;2
 -46.48194;31.84137;       0.68749;3.44423;2
 -46.44243;31.84470;       0.69001;3.44423;2
 -46.40302;31.84803;       0.69252;3.44423;2
 -46.36374;31.85137;       0.69502;3.44423;2
 -46.32458;31.85470;       0.69749;3.44423;2
 -46.28553;31.85803;       0.69995;3.44422;2
 -46.24662;31.86137;       0.70233;3.44422;2
 -46.20784;31.86470;       0.70462;3.44422;2
 -46.16922;31.86803;       0.70687;3.44422;2
 -46.13073;31.87137;       0.70915;3.44422;2
 -46.09234;31.87470;       0.71131;3.44421;2
 -46.05412;31.87803;       0.71343;3.44421;2
 -46.01604;31.88137;       0.71557;3.44421;2
 -45.97815;31.88470;       0.71772;3.44421;2
 -45.94042;31.88803;       0.71982;3.44421;2
 -45.90283;31.89136;       0.72184;3.44421;2
 -45.86541;31.89470;       0.72378;3.44420;2
 -45.82815;31.89803;       0.72578;3.44420;2
 -45.79108;31.90136;       0.72767;3.44420;2
 -45.75419;31.90470;       0.72948;3.44420;2
 -45.71746;31.90803;       0.73127;3.44420;2
 -45.68088;31.91136;       0.73296;3.44419;2
 -45.64447;31.91470;       0.73460;3.44419;2
 -45.60822;31.91803;       0.73627;3.44419;2
 -45.57210;31.92136;       0.73787;3.44419;2
 -45.53614;31.92470;       0.73936;3.44419;2
 -45.50033;31.92803;       0.74077;3.44418;2
 -45.46470;31.93136;       0.74216;3.44418;2
 -45.42923;31.93470;       0.74351;3.44418;2
 -45.39394;31.93803;       0.74481;3.44418;2
 -45.35881;31.94136;       0.74602;3.44418;2
 -45.32383;31.94469;       0.74720;3.44417;2
 -45.28901;31.94803;       0.74839;3.44417;2
 -45.25436;31.95136;       0.74953;3.44417;2
 -45.21986;31.95469;       0.75063;3.44417;2
 -45.18551;31.95803;       0.75162;3.44417;2
 -45.15133;31.96136;       0.75255;3.44416;2
 -45.11731;31.96469;       0.75345;3.44416;2
 -45.08343;31.96803;       0.75427;3.44416;2
 -45.04968;31.97136;       0.75500;3.44416;2
 -45.01606;31.97469;       0.75574;3.44416;2
 -44.98256;31.97803;       0.75644;3.44416;2
 -44.94921;31.98136;       0.75710;3.44415;2
 -44.91598;31.98469;       0.75764;3.44415;2
 -44.88287;31.98803;       0.75810;3.44415;2
 -44.84987;31.99136;       0.75861;3.44415;2
 -44.81701;31.99469;       0.75908;3.44415;2
 -44.78434;31.99802;       0.75948;3.44414;2
 -44.75173;32.00136;       0.75983;3.44414;2
 -44.71924;32.00469;       0.76009;3.44414;2
 -44.68687;32.00802;       0.76035;3.44414;2
 -44.65461;32.01136;       0.76058;3.44414;2
 -44.62243;32.01469;       0.76077;3.44413;2
 -44.59041;32.01802;       0.76092;3.44413;2
 -44.55846;32.02136;       0.76103;3.44413;2
 -44.52656;32.02469;       0.76111;3.44413;2
 -44.49480;32.02802;       0.76115;3.44413;2
 -44.46310;32.03136;       0.76106;3.44412;2
 -44.43148;32.03469;       0.76092;3.44412;2
 -44.39994;32.03802;       0.76076;3.44412;2
 -44.36848;32.04136;       0.76071;3.44412;2
 -44.33704;32.04469;       0.76069;3.44412;2
 -44.30575;32.04802;       0.76061;3.44412;2
 -44.27455;32.05135;       0.76038;3.44411;2
 -44.24334;32.05469;       0.76020;3.44411;2
 -44.21221;32.05802;       0.75998;3.44411;2
 -44.18113;32.06135;       0.75972;3.44411;2
 -44.15009;32.06469;       0.75945;3.44411;2
 -44.11910;32.06802;       0.75916;3.44410;2
 -44.08816;32.07135;       0.75883;3.44410;2
 -44.05725;32.07469;       0.75843;3.44410;2
 -44.02637;32.07802;       0.75805;3.44410;2
 -43.99553;32.08135;       0.75769;3.44410;2
 -43.96480;32.08469;       0.75735;3.44409;2
 -43.93403;32.08802;       0.75703;3.44409;2
 -43.90328;32.09135;       0.75666;3.44409;2
 -43.87254;32.09469;       0.75625;3.44409;2
 -43.84182;32.09802;       0.75581;3.44409;2
 -43.81117;32.10135;       0.75535;3.44408;2
 -43.78048;32.10468;       0.75487;3.44408;2
 -43.74979;32.10802;       0.75437;3.44408;2
 -43.71912;32.11135;       0.75394;3.44408;2
 -43.68847;32.11468;       0.75351;3.44408;2
 -43.65782;32.11802;       0.75306;3.44407;2
 -43.62715;32.12135;       0.75261;3.44407;2
 -43.59653;32.12468;       0.75216;3.44407;2
 -43.56591;32.12802;       0.75168;3.44407;2
 -43.53523;32.13135;       0.75118;3.44407;2
 -43.50458;32.13468;       0.75070;3.44406;2
 -43.47392;32.13802;       0.75021;3.44406;2
 -43.44318;32.14135;       0.74972;3.44406;2
 -43.41243;32.14468;       0.74925;3.44406;2
 -43.38169;32.14802;       0.74881;3.44406;2
 -43.35092;32.15135;       0.74842;3.44405;2
 -43.32015;32.15468;       0.74802;3.44405;2
 -43.28934;32.15801;       0.74757;3.44405;2
 -43.25852;32.16135;       0.74713;3.44405;2
 -43.22763;32.16468;       0.74667;3.44405;2
 -43.19672;32.16801;       0.74621;3.44404;2
 -43.16573;32.17135;       0.74578;3.44404;2
 -43.13473;32.17468;       0.74540;3.44404;2
 -43.10373;32.17801;       0.74498;3.44404;2
 -43.07269;32.18135;       0.74461;3.44404;2
 -43.04163;32.18468;       0.74439;3.44403;2
 -43.01053;32.18801;       0.74413;3.44403;2
 -42.97941;32.19135;       0.74388;3.44403;2
 -42.94826;32.19468;       0.74352;3.44403;2
 -42.91705;32.19801;       0.74314;3.44403;2
 -42.88575;32.20135;       0.74291;3.44402;2
 -42.85443;32.20468;       0.74274;3.44402;2
 -42.82303;32.20801;       0.74251;3.44402;2
 -42.79159;32.21134;       0.74232;3.44402;2
 -42.76012;32.21468;       0.74206;3.44401;2
 -42.72861;32.21801;       0.74185;3.44401;2
 -42.69706;32.22134;       0.74179;3.44401;2
 -42.66543;32.22468;       0.74177;3.44401;2
 -42.63381;32.22801;       0.74171;3.44401;2
 -42.60215;32.23134;       0.74160;3.44400;2
 -42.57042;32.23468;       0.74150;3.44400;2
 -42.53860;32.23801;       0.74138;3.44400;2
 -42.50673;32.24134;       0.74127;3.44400;2
 -42.47487;32.24468;       0.74119;3.44399;2
 -42.44296;32.24801;       0.74117;3.44399;2
 -42.41096;32.25134;       0.74125;3.44399;2
 -42.37891;32.25468;       0.74131;3.44399;2
 -42.34682;32.25801;       0.74132;3.44398;2
 -42.31465;32.26134;       0.74135;3.44398;2
 -42.28249;32.26467;       0.74137;3.44398;2
 -42.25033;32.26801;       0.74143;3.44398;2
 -42.21810;32.27134;       0.74154;3.44398;2
 -42.18582;32.27467;       0.74164;3.44397;2
 -42.15349;32.27801;       0.74180;3.44397;2
 -42.12116;32.28134;       0.74205;3.44397;2
 -42.08873;32.28467;       0.74232;3.44397;2
 -42.05622;32.28801;       0.74261;3.44396;2
 -42.02366;32.29134;       0.74290;3.44396;2
 -41.99106;32.29467;       0.74318;3.44396;2
 -41.95846;32.29801;       0.74346;3.44396;2
 -41.92585;32.30134;       0.74374;3.44395;2
 -41.89311;32.30467;       0.74403;3.44395;2
 -41.86034;32.30801;       0.74436;3.44395;2
 -41.82757;32.31134;       0.74470;3.44395;2
 -41.79474;32.31467;       0.74503;3.44394;2
 -41.76187;32.31800;       0.74533;3.44394;2
 -41.72897;32.32134;       0.74565;3.44394;2
 -41.69606;32.32467;       0.74599;3.44394;2
 -41.66307;32.32800;       0.74637;3.44393;2
 -41.63004;32.33134;       0.74684;3.44393;2
 -41.59702;32.33467;       0.74733;3.44393;2
 -41.56393;32.33800;       0.74790;3.44393;2
 -41.53082;32.34134;       0.74852;3.44392;2
 -41.49772;32.34467;       0.74906;3.44392;2
 -41.46457;32.34800;       0.74959;3.44392;2
 -41.43137;32.35134;       0.75013;3.44392;2
 -41.39815;32.35467;       0.75067;3.44391;2
 -41.36487;32.35800;       0.75119;3.44391;2
 -41.33159;32.36134;       0.75179;3.44391;2
 -41.29828;32.36467;       0.75245;3.44391;2
 -41.26497;32.36800;       0.75306;3.44390;2
 -41.23162;32.37133;       0.75365;3.44390;2
 -41.19827;32.37467;       0.75427;3.44390;2
 -41.16491;32.37800;       0.75499;3.44390;2
 -41.13149;32.38133;       0.75567;3.44389;2
 -41.09806;32.38467;       0.75631;3.44389;2
 -41.06460;32.38800;       0.75698;3.44389;2
 -41.03110;32.39133;       0.75763;3.44388;2
 -40.99756;32.39467;       0.75828;3.44388;2
 -40.96404;32.39800;       0.75897;3.44388;2
 -40.93057;32.40133;       0.75966;3.44388;2
 -40.89708;32.40467;       0.76037;3.44387;2
 -40.86353;32.40800;       0.76106;3.44387;2
 -40.82996;32.41133;       0.76178;3.44387;2
 -40.79642;32.41467;       0.76247;3.44387;2
 -40.76285;32.41800;       0.76322;3.44386;2
 -40.72927;32.42133;       0.76402;3.44386;2
 -40.69566;32.42466;       0.76477;3.44386;2
 -40.66205;32.42800;       0.76553;3.44385;2
 -40.62843;32.43133;       0.76627;3.44385;2
 -40.59476;32.43466;       0.76706;3.44385;2
 -40.56113;32.43800;       0.76784;3.44385;2
 -40.52753;32.44133;       0.76860;3.44384;2
 -40.49392;32.44466;       0.76933;3.44384;2
 -40.46030;32.44800;       0.77001;3.44384;2
 -40.42670;32.45133;       0.77075;3.44384;2
 -40.39306;32.45466;       0.77150;3.44383;2
 -40.35942;32.45800;       0.77226;3.44383;2
 -40.32576;32.46133;       0.77302;3.44383;2
 -40.29213;32.46466;       0.77380;3.44382;2
 -40.25847;32.46800;       0.77457;3.44382;2
 -40.22480;32.47133;       0.77532;3.44382;2
 -40.19113;32.47466;       0.77609;3.44381;2
 -40.15746;32.47799;       0.77688;3.44381;2
 -40.12381;32.48133;       0.77767;3.44381;2
 -40.09021;32.48466;       0.77843;3.44381;2
 -40.05657;32.48799;       0.77918;3.44380;2
 -40.02294;32.49133;       0.77996;3.44380;2
 -39.98933;32.49466;       0.78068;3.44380;2
 -39.95571;32.49799;       0.78139;3.44380;2
 -39.92211;32.50133;       0.78212;3.44379;2
 -39.88850;32.50466;       0.78286;3.44379;2
 -39.85490;32.50799;       0.78361;3.44379;2
 -39.82134;32.51133;       0.78439;3.44378;2
 -39.78770;32.51466;       0.78518;3.44378;2
 -39.75410;32.51799;       0.78596;3.44378;2
 -39.72052;32.52133;       0.78670;3.44377;2
 -39.68693;32.52466;       0.78745;3.44377;2
 -39.65332;32.52799;       0.78812;3.44377;2
 -39.61976;32.53132;       0.78880;3.44377;2
 -39.58622;32.53466;       0.78948;3.44376;2
 -39.55268;32.53799;       0.79014;3.44376;2
 -39.51911;32.54132;       0.79083;3.44376;2
 -39.48555;32.54466;       0.79145;3.44375;2
 -39.45197;32.54799;       0.79210;3.44375;2
 -39.41847;32.55132;       0.79276;3.44375;2
 -39.38496;32.55466;       0.79339;3.44374;2
 -39.35147;32.55799;       0.79403;3.44374;2
 -39.31800;32.56132;       0.79461;3.44374;2
 -39.28449;32.56466;       0.79520;3.44374;2
 -39.25104;32.56799;       0.79571;3.44373;2
 -39.21756;32.57132;       0.79622;3.44373;2
 -39.18409;32.57466;       0.79677;3.44373;2
 -39.15064;32.57799;       0.79727;3.44372;2
 -39.11718;32.58132;       0.79768;3.44372;2
 -39.08374;32.58465;       0.79809;3.44372;2
 -39.05030;32.58799;       0.79844;3.44371;2
 -39.01688;32.59132;       0.79883;3.44371;2
 -38.98348;32.59465;       0.79922;3.44371;2
 -38.95010;32.59799;       0.79970;3.44371;2
 -38.91670;32.60132;       0.80013;3.44370;2
 -38.88326;32.60465;       0.80051;3.44370;2
 -38.84984;32.60799;       0.80084;3.44370;2
 -38.81642;32.61132;       0.80109;3.44369;2
 -38.78307;32.61465;       0.80128;3.44369;2
 -38.74969;32.61799;       0.80147;3.44369;2
 -38.71630;32.62132;       0.80166;3.44368;2
 -38.68294;32.62465;       0.80185;3.44368;2
 -38.64959;32.62799;       0.80200;3.44368;2
 -38.61628;32.63132;       0.80208;3.44367;2
 -38.58292;32.63465;       0.80210;3.44367;2
 -38.54959;32.63799;       0.80208;3.44367;2
 -38.51623;32.64132;       0.80201;3.44366;2
 -38.48291;32.64465;       0.80188;3.44366;2
 -38.44960;32.64798;       0.80165;3.44366;2
 -38.41626;32.65132;       0.80139;3.44365;2
 -38.38293;32.65465;       0.80113;3.44365;2
 -38.34964;32.65798;       0.80076;3.44365;2
 -38.31637;32.66132;       0.80028;3.44364;2
 -38.28313;32.66465;       0.79985;3.44364;2
 -38.24985;32.66798;       0.79941;3.44364;2
 -38.21659;32.67132;       0.79894;3.44364;2
 -38.18332;32.67465;       0.79843;3.44363;2
 -38.15007;32.67798;       0.79772;3.44363;2
 -38.11680;32.68132;       0.79691;3.44363;2
 -38.08356;32.68465;       0.79602;3.44362;2
 -38.05027;32.68798;       0.79506;3.44362;2
 -38.01705;32.69132;       0.79399;3.44362;2
 -37.98381;32.69465;       0.79280;3.44361;2
 -37.95058;32.69798;       0.79159;3.44361;2
 -37.91735;32.70131;       0.79037;3.44361;2
 -37.88412;32.70465;       0.78905;3.44360;2
 -37.85089;32.70798;       0.78753;3.44360;2
 -37.81763;32.71131;       0.78597;3.44360;2
 -37.78438;32.71465;       0.78435;3.44359;2
 -37.75120;32.71798;       0.78252;3.44359;2
 -37.71795;32.72131;       0.78065;3.44359;2
 -37.68477;32.72465;       0.77870;3.44358;2
 -37.65159;32.72798;       0.77661;3.44358;2
 -37.61837;32.73131;       0.77447;3.44358;2
 -37.58516;32.73465;       0.77215;3.44357;2
 -37.55195;32.73798;       0.76979;3.44357;2
 -37.51872;32.74131;       0.76735;3.44357;2
 -37.48551;32.74465;       0.76477;3.44356;2
 -37.45229;32.74798;       0.76206;3.44356;2
 -37.41911;32.75131;       0.75921;3.44356;2
 -37.38587;32.75464;       0.75635;3.44355;2
 -37.35263;32.75798;       0.75332;3.44355;2
 -37.31940;32.76131;       0.75026;3.44355;2
 -37.28616;32.76464;       0.74714;3.44354;2
 -37.25297;32.76798;       0.74386;3.44354;2
 -37.21972;32.77131;       0.74062;3.44354;2
 -37.18649;32.77464;       0.73741;3.44353;2
 -37.15327;32.77798;       0.73414;3.44353;2
 -37.12009;32.78131;       0.73075;3.44353;2
 -37.08688;32.78464;       0.72738;3.44352;2
 -37.05369;32.78798;       0.72397;3.44352;2
 -37.02047;32.79131;       0.72058;3.44352;2
 -36.98725;32.79464;       0.71720;3.44351;2
 -36.95402;32.79798;       0.71381;3.44351;2
 -36.92079;32.80131;       0.71039;3.44350;2
 -36.88758;32.80464;       0.70706;3.44350;2
 -36.85433;32.80797;       0.70373;3.44350;2
 -36.82111;32.81131;       0.70043;3.44349;2
 -36.78791;32.81464;       0.69719;3.44349;2
 -36.75466;32.81797;       0.69404;3.44349;2
 -36.72139;32.82131;       0.69095;3.44348;2
 -36.68816;32.82464;       0.68781;3.44348;2
 -36.65490;32.82797;       0.68465;3.44348;2
 -36.62162;32.83131;       0.68155;3.44347;2
 -36.58835;32.83464;       0.67853;3.44347;2
 -36.55510;32.83797;       0.67557;3.44347;2
 -36.52184;32.84131;       0.67271;3.44346;2
 -36.48860;32.84464;       0.66984;3.44346;2
 -36.45534;32.84797;       0.66694;3.44346;2
 -36.42209;32.85131;       0.66410;3.44345;2
 -36.38882;32.85464;       0.66136;3.44345;2
 -36.35556;32.85797;       0.65861;3.44344;2
 -36.32229;32.86130;       0.65585;3.44344;2
 -36.28900;32.86464;       0.65316;3.44344;2
 -36.25573;32.86797;       0.65051;3.44343;2
 -36.22248;32.87130;       0.64801;3.44343;2
 -36.18919;32.87464;       0.64554;3.44343;2
 -36.15595;32.87797;       0.64319;3.44342;2
 -36.12267;32.88130;       0.64078;3.44342;2
 -36.08941;32.88464;       0.63837;3.44342;2
 -36.05611;32.88797;       0.63595;3.44341;2
 -36.02280;32.89130;       0.63370;3.44341;2
 -35.98951;32.89464;       0.63142;3.44340;2
 -35.95620;32.89797;       0.62912;3.44340;2
 -35.92287;32.90130;       0.62690;3.44340;2
 -35.88958;32.90464;       0.62481;3.44339;2
 -35.85623;32.90797;       0.62272;3.44339;2
 -35.82292;32.91130;       0.62065;3.44339;2
 -35.78968;32.91463;       0.61856;3.44338;2
 -35.75641;32.91797;       0.61653;3.44338;2
 -35.72311;32.92130;       0.61453;3.44338;2
 -35.68988;32.92463;       0.61252;3.44337;2
 -35.65660;32.92797;       0.61056;3.44337;2
 -35.62331;32.93130;       0.60869;3.44336;2
 -35.59006;32.93463;       0.60681;3.44336;2
 -35.55679;32.93797;       0.60498;3.44336;2
 -35.52353;32.94130;       0.60323;3.44335;2
 -35.49025;32.94463;       0.60151;3.44335;2
 -35.45698;32.94797;       0.59976;3.44335;2
 -35.42375;32.95130;       0.59802;3.44334;2
 -35.39045;32.95463;       0.59634;3.44334;2
 -35.35714;32.95797;       0.59466;3.44333;2
 -35.32385;32.96130;       0.59305;3.44333;2
 -35.29057;32.96463;       0.59141;3.44333;2
 -35.25728;32.96796;       0.58974;3.44332;2
 -35.22398;32.97130;       0.58818;3.44332;2
 -35.19069;32.97463;       0.58667;3.44332;2
 -35.15738;32.97796;       0.58515;3.44331;2
 -35.12409;32.98130;       0.58366;3.44331;2
 -35.09076;32.98463;       0.58221;3.44330;2
 -35.05747;32.98796;       0.58083;3.44330;2
 -35.02420;32.99130;       0.57939;3.44330;2
 -34.99092;32.99463;       0.57799;3.44329;2
 -34.95764;32.99796;       0.57664;3.44329;2
 -34.92435;33.00130;       0.57535;3.44328;2
 -34.89105;33.00463;       0.57401;3.44328;2
 -34.85773;33.00796;       0.57270;3.44328;2
 -34.82446;33.01130;       0.57144;3.44327;2
 -34.79117;33.01463;       0.57024;3.44327;2
 -34.75789;33.01796;       0.56899;3.44327;2
 -34.72464;33.02129;       0.56776;3.44326;2
 -34.69138;33.02463;       0.56662;3.44326;2
 -34.65808;33.02796;       0.56549;3.44325;2
 -34.62479;33.03129;       0.56433;3.44325;2
 -34.59153;33.03463;       0.56318;3.44325;2
 -34.55826;33.03796;       0.56212;3.44324;2
 -34.52498;33.04129;       0.56106;3.44324;2
 -34.49171;33.04463;       0.55997;3.44323;2
 -34.45846;33.04796;       0.55888;3.44323;2
 -34.42518;33.05129;       0.55783;3.44323;2
 -34.39189;33.05463;       0.55680;3.44322;2
 -34.35861;33.05796;       0.55582;3.44322;2
 -34.32532;33.06129;       0.55479;3.44321;2
 -34.29203;33.06463;       0.55377;3.44321;2
 -34.25875;33.06796;       0.55284;3.44321;2
 -34.22544;33.07129;       0.55197;3.44320;2
 -34.19215;33.07462;       0.55108;3.44320;2
 -34.15885;33.07796;       0.55015;3.44319;2
 -34.12556;33.08129;       0.54926;3.44319;2
 -34.09230;33.08462;       0.54834;3.44319;2
 -34.05904;33.08796;       0.54746;3.44318;2
 -34.02580;33.09129;       0.54662;3.44318;2
 -33.99255;33.09462;       0.54574;3.44317;2
 -33.95928;33.09796;       0.54490;3.44317;2
 -33.92608;33.10129;       0.54408;3.44317;2
 -33.89286;33.10462;       0.54330;3.44316;2
 -33.85962;33.10796;       0.54254;3.44316;2
 -33.82637;33.11129;       0.54180;3.44315;2
 -33.79311;33.11462;       0.54104;3.44315;2
 -33.75986;33.11796;       0.54026;3.44314;2
 -33.72657;33.12129;       0.53948;3.44314;2
 -33.69329;33.12462;       0.53873;3.44314;2
 -33.66002;33.12795;       0.53804;3.44313;2
 -33.62676;33.13129;       0.53741;3.44313;2
 -33.59350;33.13462;       0.53682;3.44312;2
 -33.56026;33.13795;       0.53619;3.44312;2
 -33.52697;33.14129;       0.53556;3.44312;2
 -33.49366;33.14462;       0.53489;3.44311;2
 -33.46037;33.14795;       0.53424;3.44311;2
 -33.42709;33.15129;       0.53365;3.44310;2
 -33.39379;33.15462;       0.53304;3.44310;2
 -33.36053;33.15795;       0.53244;3.44310;2
 -33.32727;33.16129;       0.53183;3.44309;2
 -33.29401;33.16462;       0.53125;3.44309;2
 -33.26074;33.16795;       0.53067;3.44308;2
 -33.22751;33.17129;       0.53012;3.44308;2
 -33.19423;33.17462;       0.52960;3.44307;2
 -33.16099;33.17795;       0.52916;3.44307;2
 -33.12772;33.18128;       0.52866;3.44307;2
 -33.09447;33.18462;       0.52816;3.44306;2
 -33.06120;33.18795;       0.52763;3.44306;2
 -33.02789;33.19128;       0.52709;3.44305;2
 -32.99456;33.19462;       0.52656;3.44305;2
 -32.96124;33.19795;       0.52607;3.44304;2
 -32.92796;33.20128;       0.52563;3.44304;2
 -32.89467;33.20462;       0.52515;3.44304;2
 -32.86138;33.20795;       0.52467;3.44303;2
 -32.82810;33.21128;       0.52421;3.44303;2
 -32.79482;33.21462;       0.52378;3.44302;2
 -32.76151;33.21795;       0.52334;3.44302;2
 -32.72824;33.22128;       0.52288;3.44301;2
 -32.69494;33.22462;       0.52243;3.44301;2
 -32.66167;33.22795;       0.52197;3.44301;2
 -32.62841;33.23128;       0.52155;3.44300;2
 -32.59515;33.23461;       0.52120;3.44300;2
 -32.56189;33.23795;       0.52079;3.44299;2
 -32.52859;33.24128;       0.52039;3.44299;2
 -32.49530;33.24461;       0.52003;3.44298;2
 -32.46204;33.24795;       0.51965;3.44298;2
 -32.42873;33.25128;       0.51931;3.44298;2
 -32.39544;33.25461;       0.51899;3.44297;2
 -32.36216;33.25795;       0.51868;3.44297;2
 -32.32889;33.26128;       0.51832;3.44296;2
 -32.29559;33.26461;       0.51790;3.44296;2
 -32.26226;33.26795;       0.51753;3.44295;2
 -32.22899;33.27128;       0.51721;3.44295;2
 -32.19571;33.27461;       0.51692;3.44295;2
 -32.16240;33.27795;       0.51658;3.44294;2
 -32.12911;33.28128;       0.51630;3.44294;2
 -32.09581;33.28461;       0.51607;3.44293;2
 -32.06249;33.28794;       0.51574;3.44293;2
 -32.02916;33.29128;       0.51538;3.44292;2
 -31.99584;33.29461;       0.51506;3.44292;2
 -31.96253;33.29794;       0.51479;3.44291;2
 -31.92920;33.30128;       0.51450;3.44291;2
 -31.89584;33.30461;       0.51430;3.44291;2
 -31.86248;33.30794;       0.51411;3.44290;2
 -31.82912;33.31128;       0.51386;3.44290;2
 -31.79584;33.31461;       0.51362;3.44289;2
 -31.76252;33.31794;       0.51341;3.44289;2
 -31.72918;33.32128;       0.51323;3.44288;2
 -31.69591;33.32461;       0.51299;3.44288;2
 -31.66261;33.32794;       0.51275;3.44287;2
 -31.62923;33.33128;       0.51252;3.44287;2
 -31.59587;33.33461;       0.51230;3.44286;2
 -31.56249;33.33794;       0.51210;3.44286;2
 -31.52910;33.34127;       0.51197;3.44286;2
 -31.49577;33.34461;       0.51176;3.44285;2
 -31.46244;33.34794;       0.51157;3.44285;2
 -31.42912;33.35127;       0.51140;3.44284;2
 -31.39579;33.35461;       0.51121;3.44284;2
 -31.36244;33.35794;       0.51101;3.44283;2
 -31.32910;33.36127;       0.51080;3.44283;2
 -31.29578;33.36461;       0.51062;3.44282;2
 -31.26245;33.36794;       0.51049;3.44282;2
 -31.22913;33.37127;       0.51032;3.44281;2
 -31.19578;33.37461;       0.51019;3.44281;2
 -31.16244;33.37794;       0.51010;3.44281;2
 -31.12910;33.38127;       0.50994;3.44280;2
 -31.09578;33.38461;       0.50978;3.44280;2
 -31.06245;33.38794;       0.50963;3.44279;2
 -31.02909;33.39127;       0.50946;3.44279;2
 -30.99576;33.39460;       0.50932;3.44278;2
 -30.96245;33.39794;       0.50916;3.44278;2
 -30.92916;33.40127;       0.50902;3.44277;2
 -30.89576;33.40460;       0.50885;3.44277;2
 -30.86243;33.40794;       0.50873;3.44276;2
 -30.82910;33.41127;       0.50871;3.44276;2
 -30.79574;33.41460;       0.50862;3.44275;2
 -30.76242;33.41794;       0.50853;3.44275;2
 -30.72911;33.42127;       0.50841;3.44274;2
 -30.69575;33.42460;       0.50827;3.44274;2
 -30.66241;33.42794;       0.50815;3.44274;2
 -30.62904;33.43127;       0.50801;3.44273;2
 -30.59567;33.43460;       0.50787;3.44273;2
 -30.56235;33.43794;       0.50772;3.44272;2
 -30.52901;33.44127;       0.50759;3.44272;2
 -30.49568;33.44460;       0.50749;3.44271;2
 -30.46234;33.44794;       0.50739;3.44271;2
 -30.42901;33.45127;       0.50731;3.44270;2
 -30.39567;33.45460;       0.50718;3.44270;2
 -30.36230;33.45793;       0.50708;3.44269;2
 -30.32892;33.46127;       0.50701;3.44269;2
 -30.29559;33.46460;       0.50696;3.44268;2
 -30.26224;33.46793;       0.50691;3.44268;2
 -30.22893;33.47127;       0.50682;3.44267;2
 -30.19556;33.47460;       0.50673;3.44267;2
 -30.16222;33.47793;       0.50664;3.44266;2
 -30.12891;33.48127;       0.50650;3.44266;2
 -30.09563;33.48460;       0.50637;3.44265;2
 -30.06230;33.48793;       0.50626;3.44265;2
 -30.02897;33.49127;       0.50620;3.44264;2
 -29.99566;33.49460;       0.50613;3.44264;2
 -29.96230;33.49793;       0.50606;3.44263;2
 -29.92896;33.50127;       0.50600;3.44263;2
 -29.89564;33.50460;       0.50594;3.44262;2
 -29.86233;33.50793;       0.50590;3.44262;2
 -29.82902;33.51126;       0.50589;3.44262;2
 -29.79573;33.51460;       0.50583;3.44261;2
 -29.76240;33.51793;       0.50575;3.44261;2
 -29.72909;33.52126;       0.50571;3.44260;2
 -29.69576;33.52460;       0.50565;3.44260;2
 -29.66245;33.52793;       0.50561;3.44259;2
 -29.62915;33.53126;       0.50559;3.44259;2
 -29.59591;33.53460;       0.50560;3.44258;2
 -29.56259;33.53793;       0.50558;3.44258;2
 -29.52932;33.54126;       0.50556;3.44257;2
 -29.49604;33.54460;       0.50553;3.44257;2
 -29.46273;33.54793;       0.50550;3.44256;2
 -29.42942;33.55126;       0.50545;3.44256;2
 -29.39611;33.55460;       0.50539;3.44255;2
 -29.36279;33.55793;       0.50533;3.44255;2
 -29.32951;33.56126;       0.50526;3.44254;2
 -29.29622;33.56459;       0.50522;3.44254;2
 -29.26289;33.56793;       0.50516;3.44253;2
 -29.22958;33.57126;       0.50512;3.44253;2
 -29.19629;33.57459;       0.50509;3.44252;2
 -29.16298;33.57793;       0.50508;3.44252;2
 -29.12969;33.58126;       0.50504;3.44251;2
 -29.09638;33.58459;       0.50499;3.44251;2
 -29.06308;33.58793;       0.50499;3.44250;2
 -29.02980;33.59126;       0.50495;3.44250;2
 -28.99653;33.59459;       0.50490;3.44249;2
 -28.96326;33.59793;       0.50486;3.44249;2
 -28.92999;33.60126;       0.50485;3.44248;2
 -28.89667;33.60459;       0.50492;3.44248;2
 -28.86345;33.60793;       0.50492;3.44247;2
 -28.83020;33.61126;       0.50488;3.44247;2
 -28.79694;33.61459;       0.50481;3.44246;2
 -28.76368;33.61792;       0.50477;3.44246;2
 -28.73040;33.62126;       0.50471;3.44245;2
 -28.69713;33.62459;       0.50466;3.44245;2
 -28.66383;33.62792;       0.50466;3.44244;2
 -28.63056;33.63126;       0.50461;3.44244;2
 -28.59728;33.63459;       0.50458;3.44243;2
 -28.56402;33.63792;       0.50457;3.44243;2
 -28.53072;33.64126;       0.50453;3.44242;2
 -28.49741;33.64459;       0.50448;3.44241;2
 -28.46412;33.64792;       0.50444;3.44241;2
 -28.43083;33.65126;       0.50440;3.44240;2
 -28.39750;33.65459;       0.50435;3.44240;2
 -28.36423;33.65792;       0.50430;3.44239;2
 -28.33095;33.66126;       0.50426;3.44239;2
 -28.29769;33.66459;       0.50423;3.44238;2
 -28.26440;33.66792;       0.50422;3.44238;2
 -28.23112;33.67125;       0.50419;3.44237;2
 -28.19784;33.67459;       0.50417;3.44237;2
 -28.16453;33.67792;       0.50422;3.44236;2
 -28.13126;33.68125;       0.50427;3.44236;2
 -28.09794;33.68459;       0.50429;3.44235;2
 -28.06458;33.68792;       0.50428;3.44235;2
 -28.03121;33.69125;       0.50423;3.44234;2
 -27.99790;33.69459;       0.50418;3.44234;2
 -27.96456;33.69792;       0.50419;3.44233;2
 -27.93129;33.70125;       0.50422;3.44233;2
 -27.89796;33.70459;       0.50424;3.44232;2
 -27.86465;33.70792;       0.50427;3.44232;2
 -27.83130;33.71125;       0.50429;3.44231;2
 -27.79794;33.71459;       0.50431;3.44231;2
 -27.76462;33.71792;       0.50433;3.44230;2
 -27.73129;33.72125;       0.50432;3.44229;2
 -27.69795;33.72458;       0.50432;3.44229;2
 -27.66460;33.72792;       0.50432;3.44228;2
 -27.63121;33.73125;       0.50435;3.44228;2
 -27.59785;33.73458;       0.50439;3.44227;2
 -27.56444;33.73792;       0.50438;3.44227;2
 -27.53107;33.74125;       0.50439;3.44226;2
 -27.49768;33.74458;       0.50442;3.44226;2
 -27.46429;33.74792;       0.50444;3.44225;2
 -27.43097;33.75125;       0.50446;3.44225;2
 -27.39761;33.75458;       0.50448;3.44224;2
 -27.36428;33.75792;       0.50447;3.44224;2
 -27.33094;33.76125;       0.50453;3.44223;2
 -27.29756;33.76458;       0.50458;3.44223;2
 -27.26419;33.76792;       0.50463;3.44222;2
 -27.23085;33.77125;       0.50467;3.44221;2
 -27.19748;33.77458;       0.50471;3.44221;2
 -27.16409;33.77791;       0.50476;3.44220;2
 -27.13072;33.78125;       0.50479;3.44220;2
 -27.09736;33.78458;       0.50481;3.44219;2
 -27.06402;33.78791;       0.50483;3.44219;2
 -27.03064;33.79125;       0.50487;3.44218;2
 -26.99727;33.79458;       0.50494;3.44218;2
 -26.96389;33.79791;       0.50502;3.44217;2
 -26.93052;33.80125;       0.50503;3.44217;2
 -26.89713;33.80458;       0.50505;3.44216;2
 -26.86377;33.80791;       0.50506;3.44215;2
 -26.83039;33.81125;       0.50502;3.44215;2
 -26.79700;33.81458;       0.50505;3.44214;2
 -26.76363;33.81791;       0.50512;3.44214;2
 -26.73029;33.82125;       0.50521;3.44213;2
 -26.69689;33.82458;       0.50527;3.44213;2
 -26.66352;33.82791;       0.50533;3.44212;2
 -26.63016;33.83124;       0.50541;3.44212;2
 -26.59673;33.83458;       0.50547;3.44211;2
 -26.56338;33.83791;       0.50550;3.44211;2
 -26.53000;33.84124;       0.50559;3.44210;2
 -26.49657;33.84458;       0.50564;3.44209;2
 -26.46319;33.84791;       0.50569;3.44209;2
 -26.42981;33.85124;       0.50580;3.44208;2
 -26.39645;33.85458;       0.50589;3.44208;2
 -26.36306;33.85791;       0.50593;3.44207;2
 -26.32963;33.86124;       0.50592;3.44207;2
 -26.29625;33.86458;       0.50593;3.44206;2
 -26.26285;33.86791;       0.50595;3.44206;2
 -26.22941;33.87124;       0.50602;3.44205;2
 -26.19602;33.87458;       0.50606;3.44204;2
 -26.16261;33.87791;       0.50615;3.44204;2
 -26.12922;33.88124;       0.50621;3.44203;2
 -26.09583;33.88457;       0.50626;3.44203;2
 -26.06244;33.88791;       0.50633;3.44202;2
 -26.02907;33.89124;       0.50639;3.44202;2
 -25.99574;33.89457;       0.50644;3.44201;2
 -25.96235;33.89791;       0.50647;3.44200;2
 -25.92899;33.90124;       0.50651;3.44200;2
 -25.89558;33.90457;       0.50654;3.44199;2
 -25.86220;33.90791;       0.50659;3.44199;2
 -25.82880;33.91124;       0.50664;3.44198;2
 -25.79544;33.91457;       0.50669;3.44198;2
 -25.76208;33.91791;       0.50674;3.44197;2
 -25.72869;33.92124;       0.50677;3.44196;2
 -25.69531;33.92457;       0.50681;3.44196;2
 -25.66192;33.92791;       0.50686;3.44195;2
 -25.62855;33.93124;       0.50691;3.44195;2
 -25.59521;33.93457;       0.50695;3.44194;2
 -25.56183;33.93790;       0.50698;3.44194;2
 -25.52852;33.94124;       0.50702;3.44193;2
 -25.49520;33.94457;       0.50705;3.44193;2
 -25.46186;33.94790;       0.50706;3.44192;2
 -25.42850;33.95124;       0.50711;3.44191;2
 -25.39511;33.95457;       0.50715;3.44191;2
 -25.36175;33.95790;       0.50719;3.44190;2
 -25.32839;33.96124;       0.50727;3.44190;2
 -25.29505;33.96457;       0.50732;3.44189;2
 -25.26169;33.96790;       0.50738;3.44188;2
 -25.22833;33.97124;       0.50748;3.44188;2
 -25.19497;33.97457;       0.50753;3.44187;2
 -25.16161;33.97790;       0.50755;3.44187;2
 -25.12826;33.98124;       0.50756;3.44186;2
 -25.09489;33.98457;       0.50758;3.44186;2
 -25.06150;33.98790;       0.50759;3.44185;2
 -25.02813;33.99123;       0.50762;3.44184;2
 -24.99477;33.99457;       0.50762;3.44184;2
 -24.96140;33.99790;       0.50766;3.44183;2
 -24.92806;34.00123;       0.50770;3.44183;2
 -24.89473;34.00457;       0.50777;3.44182;2
 -24.86138;34.00790;       0.50782;3.44181;2
 -24.82799;34.01123;       0.50789;3.44181;2
 -24.79462;34.01457;       0.50796;3.44180;2
 -24.76124;34.01790;       0.50803;3.44180;2
 -24.72787;34.02123;       0.50812;3.44179;2
 -24.69450;34.02457;       0.50818;3.44179;2
 -24.66115;34.02790;       0.50826;3.44178;2
 -24.62776;34.03123;       0.50834;3.44177;2
 -24.59441;34.03457;       0.50840;3.44177;2
 -24.56109;34.03790;       0.50844;3.44176;2
 -24.52772;34.04123;       0.50849;3.44176;2
 -24.49436;34.04456;       0.50855;3.44175;2
 -24.46102;34.04790;       0.50860;3.44174;2
 -24.42768;34.05123;       0.50867;3.44174;2
 -24.39432;34.05456;       0.50873;3.44173;2
 -24.36098;34.05790;       0.50876;3.44173;2
 -24.32763;34.06123;       0.50879;3.44172;2
 -24.29429;34.06456;       0.50882;3.44171;2
 -24.26095;34.06790;       0.50885;3.44171;2
 -24.22761;34.07123;       0.50890;3.44170;2
 -24.19430;34.07456;       0.50892;3.44170;2
 -24.16095;34.07790;       0.50897;3.44169;2
 -24.12758;34.08123;       0.50903;3.44168;2
 -24.09422;34.08456;       0.50909;3.44168;2
 -24.06084;34.08790;       0.50909;3.44167;2
 -24.02745;34.09123;       0.50910;3.44167;2
 -23.99409;34.09456;       0.50915;3.44166;2
 -23.96074;34.09789;       0.50916;3.44165;2
 -23.92739;34.10123;       0.50921;3.44165;2
 -23.89402;34.10456;       0.50924;3.44164;2
 -23.86070;34.10789;       0.50932;3.44164;2
 -23.82734;34.11123;       0.50933;3.44163;2
 -23.79401;34.11456;       0.50938;3.44162;2
 -23.76069;34.11789;       0.50939;3.44162;2
 -23.72738;34.12123;       0.50940;3.44161;2
 -23.69405;34.12456;       0.50945;3.44161;2
 -23.66069;34.12789;       0.50951;3.44160;2
 -23.62739;34.13123;       0.50963;3.44159;2
 -23.59409;34.13456;       0.50970;3.44159;2
 -23.56075;34.13789;       0.50975;3.44158;2
 -23.52741;34.14123;       0.50983;3.44158;2
 -23.49408;34.14456;       0.50992;3.44157;2
 -23.46072;34.14789;       0.51000;3.44156;2
 -23.42740;34.15122;       0.51005;3.44156;2
 -23.39409;34.15456;       0.51012;3.44155;2
 -23.36078;34.15789;       0.51021;3.44154;2
 -23.32747;34.16122;       0.51026;3.44154;2
 -23.29414;34.16456;       0.51029;3.44153;2
 -23.26083;34.16789;       0.51032;3.44153;2
 -23.22751;34.17122;       0.51033;3.44152;2
 -23.19420;34.17456;       0.51039;3.44151;2
 -23.16087;34.17789;       0.51048;3.44151;2
 -23.12755;34.18122;       0.51053;3.44150;2
 -23.09427;34.18456;       0.51051;3.44150;2
 -23.06098;34.18789;       0.51052;3.44149;2
 -23.02768;34.19122;       0.51054;3.44148;2
 -22.99434;34.19456;       0.51057;3.44148;2
 -22.96102;34.19789;       0.51059;3.44147;2
 -22.92771;34.20122;       0.51061;3.44146;2
 -22.89436;34.20455;       0.51071;3.44146;2
 -22.86102;34.20789;       0.51077;3.44145;2
 -22.82768;34.21122;       0.51081;3.44144;2
 -22.79439;34.21455;       0.51087;3.44144;2
 -22.76108;34.21789;       0.51094;3.44143;2
 -22.72778;34.22122;       0.51107;3.44143;2
 -22.69444;34.22455;       0.51115;3.44142;2
 -22.66113;34.22789;       0.51123;3.44141;2
 -22.62779;34.23122;       0.51132;3.44141;2
 -22.59448;34.23455;       0.51138;3.44140;2
 -22.56119;34.23789;       0.51140;3.44139;2
 -22.52790;34.24122;       0.51139;3.44139;2
 -22.49460;34.24455;       0.51140;3.44138;2
 -22.46130;34.24789;       0.51140;3.44138;2
 -22.42800;34.25122;       0.51143;3.44137;2
 -22.39469;34.25455;       0.51159;3.44136;2
 -22.36140;34.25789;       0.51168;3.44136;2
 -22.32809;34.26122;       0.51170;3.44135;2
 -22.29482;34.26455;       0.51176;3.44134;2
 -22.26152;34.26788;       0.51178;3.44134;2
 -22.22819;34.27122;       0.51180;3.44133;2
 -22.19487;34.27455;       0.51182;3.44132;2
 -22.16156;34.27788;       0.51179;3.44132;2
 -22.12825;34.28122;       0.51181;3.44131;2
 -22.09503;34.28455;       0.51181;3.44131;2
 -22.06180;34.28788;       0.51182;3.44130;2
 -22.02854;34.29122;       0.51181;3.44129;2
 -21.99531;34.29455;       0.51181;3.44129;2
 -21.96201;34.29788;       0.51184;3.44128;2
 -21.92872;34.30122;       0.51187;3.44127;2
 -21.89545;34.30455;       0.51191;3.44127;2
 -21.86219;34.30788;       0.51192;3.44126;2
 -21.82891;34.31122;       0.51198;3.44125;2
 -21.79565;34.31455;       0.51201;3.44125;2
 -21.76239;34.31788;       0.51202;3.44124;2
 -21.72909;34.32121;       0.51206;3.44123;2
 -21.69580;34.32455;       0.51217;3.44123;2
 -21.66251;34.32788;       0.51224;3.44122;2
 -21.62923;34.33121;       0.51226;3.44122;2
 -21.59594;34.33455;       0.51233;3.44121;2
 -21.56261;34.33788;       0.51237;3.44120;2
 -21.52930;34.34121;       0.51243;3.44120;2
 -21.49601;34.34455;       0.51247;3.44119;2
 -21.46267;34.34788;       0.51251;3.44118;2
 -21.42937;34.35121;       0.51258;3.44118;2
 -21.39605;34.35455;       0.51263;3.44117;2
 -21.36272;34.35788;       0.51268;3.44116;2
 -21.32938;34.36121;       0.51267;3.44116;2
 -21.29605;34.36455;       0.51265;3.44115;2
 -21.26271;34.36788;       0.51270;3.44114;2
 -21.22937;34.37121;       0.51279;3.44114;2
 -21.19607;34.37454;       0.51288;3.44113;2
 -21.16271;34.37788;       0.51294;3.44112;2
 -21.12939;34.38121;       0.51300;3.44112;2
 -21.09608;34.38454;       0.51305;3.44111;2
 -21.06272;34.38788;       0.51310;3.44110;2
 -21.02934;34.39121;       0.51314;3.44110;2
 -20.99600;34.39454;       0.51318;3.44109;2
 -20.96268;34.39788;       0.51329;3.44108;2
 -20.92937;34.40121;       0.51342;3.44108;2
 -20.89605;34.40454;       0.51348;3.44107;2
 -20.86273;34.40788;       0.51356;3.44106;2
 -20.82939;34.41121;       0.51362;3.44106;2
 -20.79609;34.41454;       0.51366;3.44105;2
 -20.76278;34.41788;       0.51373;3.44104;2
 -20.72945;34.42121;       0.51381;3.44104;2
 -20.69611;34.42454;       0.51386;3.44103;2
 -20.66281;34.42787;       0.51385;3.44102;2
 -20.62944;34.43121;       0.51387;3.44102;2
 -20.59613;34.43454;       0.51392;3.44101;2
 -20.56278;34.43787;       0.51399;3.44100;2
 -20.52942;34.44121;       0.51404;3.44100;2
 -20.49603;34.44454;       0.51406;3.44099;2
 -20.46270;34.44787;       0.51409;3.44098;2
 -20.42938;34.45121;       0.51413;3.44098;2
 -20.39602;34.45454;       0.51416;3.44097;2
 -20.36268;34.45787;       0.51418;3.44096;2
 -20.32934;34.46121;       0.51422;3.44096;2
 -20.29596;34.46454;       0.51425;3.44095;2
 -20.26259;34.46787;       0.51428;3.44094;2
 -20.22925;34.47121;       0.51435;3.44094;2
 -20.19592;34.47454;       0.51445;3.44093;2
 -20.16256;34.47787;       0.51453;3.44092;2
 -20.12921;34.48120;       0.51461;3.44092;2
 -20.09588;34.48454;       0.51466;3.44091;2
 -20.06250;34.48787;       0.51465;3.44090;2
 -20.02913;34.49120;       0.51471;3.44090;2
 -19.99579;34.49454;       0.51483;3.44089;2
 -19.96245;34.49787;       0.51490;3.44088;2
 -19.92914;34.50120;       0.51497;3.44088;2
 -19.89577;34.50454;       0.51502;3.44087;2
 -19.86241;34.50787;       0.51507;3.44086;2
 -19.82902;34.51120;       0.51511;3.44086;2
 -19.79560;34.51454;       0.51511;3.44085;2
 -19.76222;34.51787;       0.51522;3.44084;2
 -19.72883;34.52120;       0.51528;3.44083;2
 -19.69546;34.52454;       0.51535;3.44083;2
 -19.66206;34.52787;       0.51543;3.44082;2
 -19.62869;34.53120;       0.51549;3.44081;2
 -19.59531;34.53453;       0.51558;3.44081;2
 -19.56192;34.53787;       0.51565;3.44080;2
 -19.52855;34.54120;       0.51571;3.44079;2
 -19.49517;34.54453;       0.51579;3.44079;2
 -19.46178;34.54787;       0.51588;3.44078;2
 -19.42842;34.55120;       0.51597;3.44077;2
 -19.39502;34.55453;       0.51607;3.44077;2
 -19.36166;34.55787;       0.51618;3.44076;2
 -19.32830;34.56120;       0.51628;3.44075;2
 -19.29492;34.56453;       0.51634;3.44074;2
 -19.26153;34.56787;       0.51636;3.44074;2
 -19.22816;34.57120;       0.51638;3.44073;2
 -19.19476;34.57453;       0.51641;3.44072;2
 -19.16136;34.57787;       0.51647;3.44072;2
 -19.12800;34.58120;       0.51656;3.44071;2
 -19.09466;34.58453;       0.51662;3.44070;2
 -19.06128;34.58786;       0.51670;3.44070;2
 -19.02794;34.59120;       0.51679;3.44069;2
 -18.99460;34.59453;       0.51687;3.44068;2
 -18.96128;34.59786;       0.51689;3.44067;2
 -18.92793;34.60120;       0.51692;3.44067;2
 -18.89457;34.60453;       0.51698;3.44066;2
 -18.86121;34.60786;       0.51704;3.44065;2
 -18.82782;34.61120;       0.51704;3.44065;2
 -18.79447;34.61453;       0.51709;3.44064;2
 -18.76110;34.61786;       0.51715;3.44063;2
 -18.72771;34.62120;       0.51723;3.44063;2
 -18.69434;34.62453;       0.51733;3.44062;2
 -18.66098;34.62786;       0.51738;3.44061;2
 -18.62759;34.63120;       0.51740;3.44060;2
 -18.59428;34.63453;       0.51745;3.44060;2
 -18.56091;34.63786;       0.51752;3.44059;2
 -18.52758;34.64119;       0.51758;3.44058;2
 -18.49422;34.64453;       0.51764;3.44058;2
 -18.46086;34.64786;       0.51771;3.44057;2
 -18.42750;34.65119;       0.51777;3.44056;2
 -18.39411;34.65453;       0.51785;3.44055;2
 -18.36077;34.65786;       0.51792;3.44055;2
 -18.32743;34.66119;       0.51801;3.44054;2
 -18.29405;34.66453;       0.51810;3.44053;2
 -18.26068;34.66786;       0.51820;3.44053;2
 -18.22734;34.67119;       0.51826;3.44052;2
 -18.19396;34.67453;       0.51830;3.44051;2
 -18.16059;34.67786;       0.51829;3.44050;2
 -18.12726;34.68119;       0.51832;3.44050;2
 -18.09394;34.68453;       0.51836;3.44049;2
 -18.06059;34.68786;       0.51841;3.44048;2
 -18.02725;34.69119;       0.51848;3.44048;2
 -17.99389;34.69452;       0.51854;3.44047;2
 -17.96051;34.69786;       0.51862;3.44046;2
 -17.92712;34.70119;       0.51869;3.44045;2
 -17.89373;34.70452;       0.51877;3.44045;2
 -17.86039;34.70786;       0.51884;3.44044;2
 -17.82703;34.71119;       0.51889;3.44043;2
 -17.79371;34.71452;       0.51896;3.44042;2
 -17.76040;34.71786;       0.51902;3.44042;2
 -17.72706;34.72119;       0.51906;3.44041;2
 -17.69373;34.72452;       0.51914;3.44040;2
 -17.66043;34.72786;       0.51921;3.44040;2
 -17.62712;34.73119;       0.51924;3.44039;2
 -17.59381;34.73452;       0.51928;3.44038;2
 -17.56050;34.73786;       0.51931;3.44037;2
 -17.52719;34.74119;       0.51935;3.44037;2
 -17.49386;34.74452;       0.51939;3.44036;2
 -17.46056;34.74785;       0.51943;3.44035;2
 -17.42728;34.75119;       0.51948;3.44034;2
 -17.39397;34.75452;       0.51953;3.44034;2
 -17.36069;34.75785;       0.51959;3.44033;2
 -17.32738;34.76119;       0.51964;3.44032;2
 -17.29406;34.76452;       0.51963;3.44032;2
 -17.26078;34.76785;       0.51962;3.44031;2
 -17.22750;34.77119;       0.51966;3.44030;2
 -17.19421;34.77452;       0.51971;3.44029;2
 -17.16095;34.77785;       0.51975;3.44029;2
 -17.12766;34.78119;       0.51980;3.44028;2
 -17.09438;34.78452;       0.51985;3.44027;2
 -17.06107;34.78785;       0.51989;3.44026;2
 -17.02779;34.79119;       0.51994;3.44026;2
 -16.99448;34.79452;       0.51997;3.44025;2
 -16.96119;34.79785;       0.52005;3.44024;2
 -16.92788;34.80118;       0.52007;3.44023;2
 -16.89459;34.80452;       0.52012;3.44023;2
 -16.86128;34.80785;       0.52026;3.44022;2
 -16.82797;34.81118;       0.52028;3.44021;2
 -16.79472;34.81452;       0.52025;3.44020;2
 -16.76145;34.81785;       0.52024;3.44020;2
 -16.72812;34.82118;       0.52026;3.44019;2
 -16.69485;34.82452;       0.52033;3.44018;2
 -16.66154;34.82785;       0.52039;3.44017;2
 -16.62823;34.83118;       0.52046;3.44017;2
 -16.59495;34.83452;       0.52048;3.44016;2
 -16.56160;34.83785;       0.52054;3.44015;2
 -16.52826;34.84118;       0.52065;3.44014;2
 -16.49492;34.84452;       0.52072;3.44014;2
 -16.46164;34.84785;       0.52072;3.44013;2
 -16.42839;34.85118;       0.52073;3.44012;2
 -16.39510;34.85451;       0.52069;3.44011;2
 -16.36182;34.85785;       0.52071;3.44011;2
 -16.32851;34.86118;       0.52071;3.44010;2
 -16.29522;34.86451;       0.52075;3.44009;2
 -16.26193;34.86785;       0.52079;3.44008;2
 -16.22866;34.87118;       0.52080;3.44008;2
 -16.19537;34.87451;       0.52084;3.44007;2
 -16.16213;34.87785;       0.52088;3.44006;2
 -16.12885;34.88118;       0.52094;3.44005;2
 -16.09556;34.88451;       0.52099;3.44005;2
 -16.06226;34.88785;       0.52105;3.44004;2
 -16.02893;34.89118;       0.52112;3.44003;2
 -15.99561;34.89451;       0.52121;3.44002;2
 -15.96230;34.89785;       0.52126;3.44002;2
 -15.92898;34.90118;       0.52131;3.44001;2
 -15.89568;34.90451;       0.52133;3.44000;2
 -15.86236;34.90784;       0.52141;3.43999;2
 -15.82907;34.91118;       0.52149;3.43999;2
 -15.79577;34.91451;       0.52152;3.43998;2
 -15.76248;34.91784;       0.52156;3.43997;2
 -15.72920;34.92118;       0.52158;3.43996;2
 -15.69591;34.92451;       0.52162;3.43996;2
 -15.66258;34.92784;       0.52166;3.43995;2
 -15.62925;34.93118;       0.52174;3.43994;2
 -15.59593;34.93451;       0.52179;3.43993;2
 -15.56262;34.93784;       0.52186;3.43992;2
 -15.52928;34.94118;       0.52192;3.43992;2
 -15.49597;34.94451;       0.52196;3.43991;2
 -15.46264;34.94784;       0.52202;3.43990;2
 -15.42931;34.95118;       0.52206;3.43989;2
 -15.39594;34.95451;       0.52212;3.43989;2
 -15.36260;34.95784;       0.52218;3.43988;2
 -15.32927;34.96117;       0.52225;3.43987;2
 -15.29593;34.96451;       0.52231;3.43986;2
 -15.26264;34.96784;       0.52236;3.43986;2
 -15.22931;34.97117;       0.52243;3.43985;2
 -15.19595;34.97451;       0.52249;3.43984;2
 -15.16261;34.97784;       0.52255;3.43983;2
 -15.12925;34.98117;       0.52261;3.43982;2
 -15.09589;34.98451;       0.52271;3.43982;2
 -15.06253;34.98784;       0.52288;3.43981;2
 -15.02919;34.99117;       0.52294;3.43980;2
 -14.99583;34.99451;       0.52300;3.43979;2
 -14.96247;34.99784;       0.52305;3.43979;2
 -14.92913;35.00117;       0.52309;3.43978;2
 -14.89579;35.00451;       0.52313;3.43977;2
 -14.86245;35.00784;       0.52316;3.43976;2
 -14.82914;35.01117;       0.52317;3.43975;2
 -14.79583;35.01450;       0.52322;3.43975;2
 -14.76247;35.01784;       0.52325;3.43974;2
 -14.72910;35.02117;       0.52332;3.43973;2
 -14.69579;35.02450;       0.52339;3.43972;2
 -14.66244;35.02784;       0.52352;3.43971;2
 -14.62910;35.03117;       0.52359;3.43971;2
 -14.59576;35.03450;       0.52364;3.43970;2
 -14.56240;35.03784;       0.52364;3.43969;2
 -14.52910;35.04117;       0.52370;3.43968;2
 -14.49579;35.04450;       0.52379;3.43968;2
 -14.46247;35.04784;       0.52391;3.43967;2
 -14.42913;35.05117;       0.52400;3.43966;2
 -14.39577;35.05450;       0.52405;3.43965;2
 -14.36241;35.05784;       0.52410;3.43964;2
 -14.32905;35.06117;       0.52418;3.43964;2
 -14.29571;35.06450;       0.52423;3.43963;2
 -14.26237;35.06784;       0.52425;3.43962;2
 -14.22905;35.07117;       0.52423;3.43961;2
 -14.19574;35.07450;       0.52426;3.43960;2
 -14.16239;35.07783;       0.52431;3.43960;2
 -14.12901;35.08117;       0.52437;3.43959;2
 -14.09562;35.08450;       0.52443;3.43958;2
 -14.06227;35.08783;       0.52448;3.43957;2
 -14.02891;35.09117;       0.52454;3.43956;2
 -13.99557;35.09450;       0.52459;3.43956;2
 -13.96222;35.09783;       0.52465;3.43955;2
 -13.92889;35.10117;       0.52471;3.43954;2
 -13.89559;35.10450;       0.52477;3.43953;2
 -13.86225;35.10783;       0.52484;3.43952;2
 -13.82892;35.11117;       0.52490;3.43952;2
 -13.79556;35.11450;       0.52495;3.43951;2
 -13.76222;35.11783;       0.52501;3.43950;2
 -13.72888;35.12117;       0.52506;3.43949;2
 -13.69555;35.12450;       0.52511;3.43948;2
 -13.66221;35.12783;       0.52517;3.43948;2
 -13.62890;35.13116;       0.52523;3.43947;2
 -13.59560;35.13450;       0.52528;3.43946;2
 -13.56230;35.13783;       0.52535;3.43945;2
 -13.52898;35.14116;       0.52540;3.43944;2
 -13.49567;35.14450;       0.52545;3.43944;2
 -13.46234;35.14783;       0.52552;3.43943;2
 -13.42903;35.15116;       0.52557;3.43942;2
 -13.39572;35.15450;       0.52565;3.43941;2
 -13.36245;35.15783;       0.52572;3.43940;2
 -13.32913;35.16116;       0.52576;3.43940;2
 -13.29581;35.16450;       0.52576;3.43939;2
 -13.26252;35.16783;       0.52575;3.43938;2
 -13.22919;35.17116;       0.52579;3.43937;2
 -13.19586;35.17450;       0.52582;3.43936;2
 -13.16256;35.17783;       0.52592;3.43935;2
 -13.12926;35.18116;       0.52603;3.43935;2
 -13.09595;35.18449;       0.52607;3.43934;2
 -13.06266;35.18783;       0.52614;3.43933;2
 -13.02933;35.19116;       0.52622;3.43932;2
 -12.99599;35.19449;       0.52628;3.43931;2
 -12.96265;35.19783;       0.52632;3.43931;2
 -12.92934;35.20116;       0.52638;3.43930;2
 -12.89605;35.20449;       0.52648;3.43929;2
 -12.86276;35.20783;       0.52651;3.43928;2
 -12.82944;35.21116;       0.52647;3.43927;2
 -12.79608;35.21449;       0.52649;3.43926;2
 -12.76274;35.21783;       0.52657;3.43926;2
 -12.72942;35.22116;       0.52663;3.43925;2
 -12.69609;35.22449;       0.52665;3.43924;2
 -12.66271;35.22783;       0.52672;3.43923;2
 -12.62939;35.23116;       0.52676;3.43922;2
 -12.59610;35.23449;       0.52686;3.43921;2
 -12.56277;35.23782;       0.52694;3.43921;2
 -12.52943;35.24116;       0.52702;3.43920;2
 -12.49609;35.24449;       0.52714;3.43919;2
 -12.46278;35.24782;       0.52722;3.43918;2
 -12.42945;35.25116;       0.52721;3.43917;2
 -12.39614;35.25449;       0.52724;3.43916;2
 -12.36282;35.25782;       0.52730;3.43916;2
 -12.32951;35.26116;       0.52736;3.43915;2
 -12.29617;35.26449;       0.52741;3.43914;2
 -12.26286;35.26782;       0.52746;3.43913;2
 -12.22949;35.27116;       0.52753;3.43912;2
 -12.19613;35.27449;       0.52758;3.43911;2
 -12.16276;35.27782;       0.52762;3.43911;2
 -12.12938;35.28116;       0.52764;3.43910;2
 -12.09603;35.28449;       0.52764;3.43909;2
 -12.06274;35.28782;       0.52766;3.43908;2
 -12.02941;35.29115;       0.52769;3.43907;2
 -11.99607;35.29449;       0.52774;3.43906;2
 -11.96274;35.29782;       0.52778;3.43906;2
 -11.92941;35.30115;       0.52783;3.43905;2
 -11.89602;35.30449;       0.52789;3.43904;2
 -11.86265;35.30782;       0.52799;3.43903;2
 -11.82932;35.31115;       0.52804;3.43902;2
 -11.79598;35.31449;       0.52808;3.43901;2
 -11.76266;35.31782;       0.52818;3.43901;2
 -11.72930;35.32115;       0.52822;3.43900;2
 -11.69594;35.32449;       0.52828;3.43899;2
 -11.66254;35.32782;       0.52836;3.43898;2
 -11.62917;35.33115;       0.52841;3.43897;2
 -11.59583;35.33449;       0.52851;3.43896;2
 -11.56245;35.33782;       0.52859;3.43895;2
 -11.52902;35.34115;       0.52866;3.43895;2
 -11.49566;35.34448;       0.52872;3.43894;2
 -11.46231;35.34782;       0.52879;3.43893;2
 -11.42895;35.35115;       0.52888;3.43892;2
 -11.39561;35.35448;       0.52895;3.43891;2
 -11.36227;35.35782;       0.52903;3.43890;2
 -11.32891;35.36115;       0.52912;3.43890;2
 -11.29555;35.36448;       0.52919;3.43889;2
 -11.26217;35.36782;       0.52927;3.43888;2
 -11.22880;35.37115;       0.52932;3.43887;2
 -11.19544;35.37448;       0.52935;3.43886;2
 -11.16208;35.37782;       0.52937;3.43885;2
 -11.12873;35.38115;       0.52939;3.43884;2
 -11.09539;35.38448;       0.52943;3.43884;2
 -11.06206;35.38782;       0.52948;3.43883;2
 -11.02874;35.39115;       0.52952;3.43882;2
 -10.99541;35.39448;       0.52959;3.43881;2
 -10.96210;35.39781;       0.52965;3.43880;2
 -10.92881;35.40115;       0.52971;3.43879;2
 -10.89546;35.40448;       0.52976;3.43878;2
 -10.86210;35.40781;       0.52985;3.43878;2
 -10.82876;35.41115;       0.52992;3.43877;2
 -10.79542;35.41448;       0.52998;3.43876;2
 -10.76212;35.41781;       0.53008;3.43875;2
 -10.72884;35.42115;       0.53015;3.43874;2
 -10.69553;35.42448;       0.53016;3.43873;2
 -10.66222;35.42781;       0.53017;3.43872;2
 -10.62893;35.43115;       0.53019;3.43872;2
 -10.59565;35.43448;       0.53027;3.43871;2
 -10.56232;35.43781;       0.53032;3.43870;2
 -10.52907;35.44115;       0.53039;3.43869;2
 -10.49581;35.44448;       0.53050;3.43868;2
 -10.46253;35.44781;       0.53061;3.43867;2
 -10.42923;35.45114;       0.53066;3.43866;2
 -10.39594;35.45448;       0.53072;3.43865;2
 -10.36265;35.45781;       0.53077;3.43865;2
 -10.32934;35.46114;       0.53079;3.43864;2
 -10.29608;35.46448;       0.53083;3.43863;2
 -10.26286;35.46781;       0.53089;3.43862;2
 -10.22959;35.47114;       0.53097;3.43861;2
 -10.19635;35.47448;       0.53102;3.43860;2
 -10.16309;35.47781;       0.53106;3.43859;2
 -10.12983;35.48114;       0.53107;3.43858;2
 -10.09659;35.48448;       0.53111;3.43858;2
 -10.06336;35.48781;       0.53118;3.43857;2
 -10.03008;35.49114;       0.53125;3.43856;2
  -9.99686;35.49448;       0.53132;3.43855;2
  -9.96365;35.49781;       0.53136;3.43854;2
  -9.93040;35.50114;       0.53142;3.43853;2
  -9.89714;35.50447;       0.53148;3.43852;2
  -9.86395;35.50781;       0.53150;3.43851;2
  -9.83072;35.51114;       0.53149;3.43851;2
  -9.79746;35.51447;       0.53154;3.43850;2
  -9.76422;35.51781;       0.53163;3.43849;2
  -9.73099;35.52114;       0.53164;3.43848;2
  -9.69775;35.52447;       0.53168;3.43847;2
  -9.66455;35.52781;       0.53172;3.43846;2
  -9.63134;35.53114;       0.53177;3.43845;2
  -9.59813;35.53447;       0.53180;3.43844;2
  -9.56488;35.53781;       0.53187;3.43844;2
  -9.53166;35.54114;       0.53190;3.43843;2
  -9.49844;35.54447;       0.53192;3.43842;2
  -9.46516;35.54781;       0.53196;3.43841;2
  -9.43191;35.55114;       0.53196;3.43840;2
  -9.39865;35.55447;       0.53199;3.43839;2
  -9.36539;35.55780;       0.53202;3.43838;2
  -9.33210;35.56114;       0.53205;3.43837;2
  -9.29878;35.56447;       0.53209;3.43836;2
  -9.26552;35.56780;       0.53216;3.43836;2
  -9.23228;35.57114;       0.53221;3.43835;2
  -9.19900;35.57447;       0.53227;3.43834;2
  -9.16572;35.57780;       0.53233;3.43833;2
  -9.13243;35.58114;       0.53234;3.43832;2
  -9.09917;35.58447;       0.53237;3.43831;2
  -9.06587;35.58780;       0.53242;3.43830;2
  -9.03257;35.59114;       0.53244;3.43829;2
  -8.99927;35.59447;       0.53246;3.43828;2
  -8.96598;35.59780;       0.53249;3.43828;2
  -8.93265;35.60114;       0.53255;3.43827;2
  -8.89935;35.60447;       0.53260;3.43826;2
  -8.86607;35.60780;       0.53261;3.43825;2
  -8.83277;35.61113;       0.53258;3.43824;2
  -8.79947;35.61447;       0.53260;3.43823;2
  -8.76615;35.61780;       0.53274;3.43822;2
  -8.73281;35.62113;       0.53288;3.43821;2
  -8.69943;35.62447;       0.53294;3.43820;2
  -8.66609;35.62780;       0.53298;3.43819;2
  -8.63277;35.63113;       0.53305;3.43818;2
  -8.59948;35.63447;       0.53308;3.43818;2
  -8.56613;35.63780;       0.53310;3.43817;2
  -8.53281;35.64113;       0.53314;3.43816;2
  -8.49946;35.64447;       0.53322;3.43815;2
  -8.46609;35.64780;       0.53330;3.43814;2
  -8.43275;35.65113;       0.53336;3.43813;2
  -8.39940;35.65447;       0.53340;3.43812;2
  -8.36604;35.65780;       0.53348;3.43811;2
  -8.33269;35.66113;       0.53355;3.43810;2
  -8.29934;35.66446;       0.53363;3.43809;2
  -8.26598;35.66780;       0.53369;3.43808;2
  -8.23259;35.67113;       0.53373;3.43808;2
  -8.19920;35.67446;       0.53378;3.43807;2
  -8.16583;35.67780;       0.53383;3.43806;2
  -8.13247;35.68113;       0.53389;3.43805;2
  -8.09913;35.68446;       0.53394;3.43804;2
  -8.06577;35.68780;       0.53398;3.43803;2
  -8.03239;35.69113;       0.53403;3.43802;2
  -7.99905;35.69446;       0.53407;3.43801;2
  -7.96560;35.69780;       0.53414;3.43800;2
  -7.93216;35.70113;       0.53420;3.43799;2
  -7.89876;35.70446;       0.53427;3.43798;2
  -7.86538;35.70780;       0.53436;3.43797;2
  -7.83197;35.71113;       0.53444;3.43797;2
  -7.79855;35.71446;       0.53452;3.43796;2
  -7.76514;35.71779;       0.53457;3.43795;2
  -7.73173;35.72113;       0.53471;3.43794;2
  -7.69829;35.72446;       0.53479;3.43793;2
  -7.66490;35.72779;       0.53487;3.43792;2
  -7.63148;35.73113;       0.53497;3.43791;2
  -7.59807;35.73446;       0.53507;3.43790;2
  -7.56468;35.73779;       0.53512;3.43789;2
  -7.53123;35.74113;       0.53520;3.43788;2
  -7.49778;35.74446;       0.53528;3.43787;2
  -7.46438;35.74779;       0.53537;3.43786;2
  -7.43102;35.75113;       0.53545;3.43785;2
  -7.39759;35.75446;       0.53551;3.43784;2
  -7.36419;35.75779;       0.53556;3.43784;2
  -7.33079;35.76113;       0.53563;3.43783;2
  -7.29737;35.76446;       0.53568;3.43782;2
  -7.26401;35.76779;       0.53576;3.43781;2
  -7.23060;35.77112;       0.53581;3.43780;2
  -7.19720;35.77446;       0.53586;3.43779;2
  -7.16382;35.77779;       0.53590;3.43778;2
  -7.13043;35.78112;       0.53596;3.43777;2
  -7.09707;35.78446;       0.53601;3.43776;2
  -7.06368;35.78779;       0.53609;3.43775;2
  -7.03027;35.79112;       0.53614;3.43774;2
  -6.99688;35.79446;       0.53621;3.43773;2
  -6.96349;35.79779;       0.53627;3.43772;2
  -6.93015;35.80112;       0.53635;3.43771;2
  -6.89681;35.80446;       0.53646;3.43770;2
  -6.86343;35.80779;       0.53655;3.43769;2
  -6.83004;35.81112;       0.53663;3.43769;2
  -6.79666;35.81446;       0.53668;3.43768;2
  -6.76327;35.81779;       0.53675;3.43767;2
  -6.72992;35.82112;       0.53685;3.43766;2
  -6.69658;35.82445;       0.53690;3.43765;2
  -6.66323;35.82779;       0.53691;3.43764;2
  -6.62989;35.83112;       0.53697;3.43763;2
  -6.59655;35.83445;       0.53703;3.43762;2
  -6.56317;35.83779;       0.53710;3.43761;2
  -6.52978;35.84112;       0.53718;3.43760;2
  -6.49642;35.84445;       0.53731;3.43759;2
  -6.46305;35.84779;       0.53736;3.43758;2
  -6.42969;35.85112;       0.53750;3.43757;2
  -6.39630;35.85445;       0.53764;3.43756;2
  -6.36296;35.85779;       0.53774;3.43755;2
  -6.32961;35.86112;       0.53776;3.43754;2
  -6.29627;35.86445;       0.53782;3.43753;2
  -6.26291;35.86779;       0.53785;3.43752;2
  -6.22956;35.87112;       0.53788;3.43752;2
  -6.19623;35.87445;       0.53791;3.43751;2
  -6.16290;35.87779;       0.53792;3.43750;2
  -6.12958;35.88112;       0.53799;3.43749;2
  -6.09621;35.88445;       0.53804;3.43748;2
  -6.06283;35.88778;       0.53810;3.43747;2
  -6.02948;35.89112;       0.53819;3.43746;2
  -5.99613;35.89445;       0.53824;3.43745;2
  -5.96279;35.89778;       0.53835;3.43744;2
  -5.92948;35.90112;       0.53844;3.43743;2
  -5.89617;35.90445;       0.53849;3.43742;2
  -5.86286;35.90778;       0.53854;3.43741;2
  -5.82952;35.91112;       0.53861;3.43740;2
  -5.79621;35.91445;       0.53863;3.43739;2
  -5.76288;35.91778;       0.53864;3.43738;2
  -5.72955;35.92112;       0.53866;3.43737;2
  -5.69625;35.92445;       0.53870;3.43736;2
  -5.66293;35.92778;       0.53867;3.43735;2
  -5.62957;35.93112;       0.53869;3.43734;2
  -5.59623;35.93445;       0.53876;3.43733;2
  -5.56287;35.93778;       0.53890;3.43732;2
  -5.52953;35.94111;       0.53895;3.43731;2
  -5.49623;35.94445;       0.53903;3.43730;2
  -5.46292;35.94778;       0.53910;3.43729;2
  -5.42959;35.95111;       0.53915;3.43728;2
  -5.39623;35.95445;       0.53919;3.43728;2
  -5.36289;35.95778;       0.53923;3.43727;2
  -5.32958;35.96111;       0.53929;3.43726;2
  -5.29624;35.96445;       0.53938;3.43725;2
  -5.26296;35.96778;       0.53945;3.43724;2
  -5.22967;35.97111;       0.53952;3.43723;2
  -5.19634;35.97445;       0.53957;3.43722;2
  -5.16303;35.97778;       0.53963;3.43721;2
  -5.12971;35.98111;       0.53972;3.43720;2
  -5.09640;35.98445;       0.53981;3.43719;2
  -5.06305;35.98778;       0.53987;3.43718;2
  -5.02973;35.99111;       0.53995;3.43717;2
  -4.99640;35.99444;       0.54000;3.43716;2
  -4.96306;35.99778;       0.53999;3.43715;2
  -4.92973;36.00111;       0.53999;3.43714;2
  -4.89639;36.00444;       0.54000;3.43713;2
  -4.86307;36.00778;       0.54004;3.43712;2
  -4.82973;36.01111;       0.54020;3.43711;2
  -4.79641;36.01444;       0.54028;3.43710;2
  -4.76307;36.01778;       0.54036;3.43709;2
  -4.72975;36.02111;       0.54046;3.43708;2
  -4.69639;36.02444;       0.54055;3.43707;2
  -4.66308;36.02778;       0.54061;3.43706;2
  -4.62972;36.03111;       0.54065;3.43705;2
  -4.59636;36.03444;       0.54067;3.43704;2
  -4.56304;36.03778;       0.54070;3.43703;2
  -4.52971;36.04111;       0.54074;3.43702;2
  -4.49637;36.04444;       0.54077;3.43701;2
  -4.46302;36.04777;       0.54081;3.43700;2
  -4.42968;36.05111;       0.54089;3.43699;2
  -4.39638;36.05444;       0.54098;3.43698;2
  -4.36305;36.05777;       0.54106;3.43697;2
  -4.32969;36.06111;       0.54115;3.43696;2
  -4.29636;36.06444;       0.54125;3.43695;2
  -4.26304;36.06777;       0.54132;3.43694;2
  -4.22971;36.07111;       0.54142;3.43693;2
  -4.19635;36.07444;       0.54151;3.43692;2
  -4.16299;36.07777;       0.54161;3.43691;2
  -4.12963;36.08111;       0.54170;3.43690;2
  -4.09628;36.08444;       0.54177;3.43689;2
  -4.06297;36.08777;       0.54182;3.43688;2
  -4.02966;36.09111;       0.54190;3.43687;2
  -3.99632;36.09444;       0.54195;3.43686;2
  -3.96297;36.09777;       0.54200;3.43685;2
  -3.92963;36.10110;       0.54204;3.43684;2
  -3.89629;36.10444;       0.54210;3.43683;2
  -3.86296;36.10777;       0.54215;3.43682;2
  -3.82960;36.11110;       0.54224;3.43681;2
  -3.79626;36.11444;       0.54232;3.43680;2
  -3.76290;36.11777;       0.54241;3.43679;2
  -3.72955;36.12110;       0.54249;3.43678;2
  -3.69622;36.12444;       0.54255;3.43677;2
  -3.66288;36.12777;       0.54261;3.43676;2
  -3.62952;36.13110;       0.54267;3.43675;2
  -3.59619;36.13444;       0.54274;3.43674;2
  -3.56283;36.13777;       0.54282;3.43673;2
  -3.52949;36.14110;       0.54288;3.43672;2
  -3.49610;36.14444;       0.54295;3.43671;2
  -3.46272;36.14777;       0.54300;3.43670;2
  -3.42938;36.15110;       0.54304;3.43669;2
  -3.39604;36.15443;       0.54310;3.43668;2
  -3.36274;36.15777;       0.54316;3.43667;2
  -3.32942;36.16110;       0.54320;3.43666;2
  -3.29606;36.16443;       0.54320;3.43665;2
  -3.26270;36.16777;       0.54321;3.43664;2
  -3.22934;36.17110;       0.54327;3.43663;2
  -3.19597;36.17443;       0.54335;3.43662;2
  -3.16263;36.17777;       0.54345;3.43661;2
  -3.12927;36.18110;       0.54350;3.43660;2
  -3.09594;36.18443;       0.54356;3.43659;2
  -3.06259;36.18777;       0.54361;3.43658;2
  -3.02926;36.19110;       0.54366;3.43657;2
  -2.99592;36.19443;       0.54371;3.43656;2
  -2.96261;36.19777;       0.54370;3.43655;2
  -2.92930;36.20110;       0.54373;3.43654;2
  -2.89596;36.20443;       0.54382;3.43653;2
  -2.86260;36.20776;       0.54392;3.43652;2
  -2.82924;36.21110;       0.54397;3.43651;2
  -2.79588;36.21443;       0.54405;3.43650;2
  -2.76251;36.21776;       0.54413;3.43649;2
  -2.72916;36.22110;       0.54417;3.43648;2
  -2.69581;36.22443;       0.54423;3.43647;2
  -2.66248;36.22776;       0.54431;3.43646;2
  -2.62914;36.23110;       0.54439;3.43645;2
  -2.59583;36.23443;       0.54448;3.43644;2
  -2.56252;36.23776;       0.54455;3.43643;2
  -2.52916;36.24110;       0.54460;3.43642;2
  -2.49582;36.24443;       0.54461;3.43641;2
  -2.46249;36.24776;       0.54465;3.43640;2
  -2.42919;36.25110;       0.54473;3.43639;2
  -2.39587;36.25443;       0.54491;3.43638;2
  -2.36253;36.25776;       0.54495;3.43637;2
  -2.32919;36.26109;       0.54494;3.43636;2
  -2.29585;36.26443;       0.54491;3.43635;2
  -2.26247;36.26776;       0.54493;3.43634;2
  -2.22909;36.27109;       0.54496;3.43633;2
  -2.19572;36.27443;       0.54510;3.43632;2
  -2.16236;36.27776;       0.54517;3.43630;2
  -2.12899;36.28109;       0.54521;3.43629;2
  -2.09565;36.28443;       0.54524;3.43628;2
  -2.06230;36.28776;       0.54529;3.43627;2
  -2.02893;36.29109;       0.54530;3.43626;2
  -1.99557;36.29443;       0.54530;3.43625;2
  -1.96223;36.29776;       0.54533;3.43624;2
  -1.92890;36.30109;       0.54539;3.43623;2
  -1.89556;36.30443;       0.54547;3.43622;2
  -1.86223;36.30776;       0.54553;3.43621;2
  -1.82886;36.31109;       0.54558;3.43620;2
  -1.79550;36.31442;       0.54567;3.43619;2
  -1.76214;36.31776;       0.54576;3.43618;2
  -1.72880;36.32109;       0.54585;3.43617;2
  -1.69546;36.32442;       0.54597;3.43616;2
  -1.66210;36.32776;       0.54603;3.43615;2
  -1.62876;36.33109;       0.54608;3.43614;2
  -1.59545;36.33442;       0.54616;3.43613;2
  -1.56210;36.33776;       0.54625;3.43612;2
  -1.52876;36.34109;       0.54633;3.43611;2
  -1.49544;36.34442;       0.54640;3.43610;2
  -1.46211;36.34776;       0.54643;3.43609;2
  -1.42880;36.35109;       0.54646;3.43608;2
  -1.39546;36.35442;       0.54649;3.43607;2
  -1.36208;36.35776;       0.54653;3.43606;2
  -1.32869;36.36109;       0.54657;3.43604;2
  -1.29530;36.36442;       0.54662;3.43603;2
  -1.26196;36.36775;       0.54665;3.43602;2
  -1.22863;36.37109;       0.54669;3.43601;2
  -1.19527;36.37442;       0.54673;3.43600;2
  -1.16192;36.37775;       0.54679;3.43599;2
  -1.12856;36.38109;       0.54685;3.43598;2
  -1.09518;36.38442;       0.54692;3.43597;2
  -1.06180;36.38775;       0.54698;3.43596;2
  -1.02841;36.39109;       0.54702;3.43595;2
  -0.99508;36.39442;       0.54709;3.43594;2
  -0.96173;36.39775;       0.54718;3.43593;2
  -0.92837;36.40109;       0.54725;3.43592;2
  -0.89505;36.40442;       0.54730;3.43591;2
  -0.86172;36.40775;       0.54738;3.43590;2
  -0.82836;36.41109;       0.54744;3.43589;2
  -0.79502;36.41442;       0.54750;3.43588;2
  -0.76171;36.41775;       0.54754;3.43587;2
  -0.72840;36.42108;       0.54762;3.43585;2
  -0.69508;36.42442;       0.54769;3.43584;2
  -0.66177;36.42775;       0.54775;3.43583;2
  -0.62842;36.43108;       0.54778;3.43582;2
  -0.59506;36.43442;       0.54779;3.43581;2
  -0.56169;36.43775;       0.54783;3.43580;2
  -0.52832;36.44108;       0.54788;3.43579;2
  -0.49497;36.44442;       0.54796;3.43578;2
  -0.46162;36.44775;       0.54804;3.43577;2
  -0.42829;36.45108;       0.54812;3.43576;2
  -0.39495;36.45442;       0.54817;3.43575;2
  -0.36159;36.45775;       0.54824;3.43574;2
  -0.32827;36.46108;       0.54834;3.43573;2
  -0.29496;36.46442;       0.54852;3.43572;2
  -0.26163;36.46775;       0.54868;3.43571;2
  -0.22832;36.47108;       0.54880;3.43569;2
  -0.19500;36.47441;       0.54887;3.43568;2
  -0.16170;36.47775;       0.54891;3.43567;2
  -0.12841;36.48108;       0.54895;3.43566;2
  -0.09513;36.48441;       0.54902;3.43565;2
  -0.06184;36.48775;       0.54911;3.43564;2
  -0.02853;36.49108;       0.54912;3.43563;2
   0.00476;36.49441;       0.54909;3.43562;2
   0.03807;36.49775;       0.54910;3.43561;2
   0.07136;36.50108;       0.54913;3.43560;2
   0.10468;36.50441;       0.54921;3.43559;2
   0.13798;36.50775;       0.54930;3.43558;2
   0.17128;36.51108;       0.54937;3.43557;2
   0.20455;36.51441;       0.54941;3.43556;2
   0.23781;36.51775;       0.54945;3.43554;2
   0.27107;36.52108;       0.54951;3.43553;2
   0.30433;36.52441;       0.54954;3.43552;2
   0.33758;36.52774;       0.54960;3.43551;2
   0.37087;36.53108;       0.54965;3.43550;2
   0.40418;36.53441;       0.54972;3.43549;2
   0.43747;36.53774;       0.54982;3.43548;2
   0.47073;36.54108;       0.54991;3.43547;2
   0.50399;36.54441;       0.54999;3.43546;2
   0.53729;36.54774;       0.55001;3.43545;2
   0.57054;36.55108;       0.54999;3.43544;2
   0.60381;36.55441;       0.55002;3.43543;2
   0.63708;36.55774;       0.55005;3.43542;2
   0.67034;36.56108;       0.55013;3.43540;2
   0.70360;36.56441;       0.55015;3.43539;2
   0.73686;36.56774;       0.55019;3.43538;2
   0.77012;36.57108;       0.55023;3.43537;2
   0.80340;36.57441;       0.55026;3.43536;2
   0.83668;36.57774;       0.55030;3.43535;2
   0.86993;36.58107;       0.55037;3.43534;2
   0.90318;36.58441;       0.55047;3.43533;2
   0.93639;36.58774;       0.55056;3.43532;2
   0.96961;36.59107;       0.55061;3.43531;2
   1.00281;36.59441;       0.55064;3.43530;2
   1.03606;36.59774;       0.55067;3.43528;2
   1.06932;36.60107;       0.55068;3.43527;2
   1.10258;36.60441;       0.55071;3.43526;2
   1.13584;36.60774;       0.55075;3.43525;2
   1.16908;36.61107;       0.55081;3.43524;2
   1.20229;36.61441;       0.55083;3.43523;2
   1.23548;36.61774;       0.55086;3.43522;2
   1.26873;36.62107;       0.55090;3.43521;2
   1.30199;36.62441;       0.55093;3.43520;2
   1.33523;36.62774;       0.55097;3.43519;2
   1.36851;36.63107;       0.55103;3.43517;2
   1.40175;36.63440;       0.55106;3.43516;2
   1.43500;36.63774;       0.55108;3.43515;2
   1.46821;36.64107;       0.55105;3.43514;2
   1.50145;36.64440;       0.55102;3.43513;2
   1.53470;36.64774;       0.55103;3.43512;2
   1.56792;36.65107;       0.55103;3.43511;2
   1.60117;36.65440;       0.55106;3.43510;2
   1.63441;36.65774;       0.55111;3.43509;2
   1.66764;36.66107;       0.55117;3.43508;2
   1.70085;36.66440;       0.55125;3.43506;2
   1.73408;36.66774;       0.55128;3.43505;2
   1.76730;36.67107;       0.55134;3.43504;2
   1.80053;36.67440;       0.55138;3.43503;2
   1.83378;36.67774;       0.55144;3.43502;2
   1.86704;36.68107;       0.55148;3.43501;2
   1.90028;36.68440;       0.55152;3.43500;2
   1.93353;36.68773;       0.55155;3.43499;2
   1.96678;36.69107;       0.55158;3.43498;2
   2.00003;36.69440;       0.55162;3.43497;2
   2.03331;36.69773;       0.55167;3.43495;2
   2.06655;36.70107;       0.55171;3.43494;2
   2.09985;36.70440;       0.55173;3.43493;2
   2.13314;36.70773;       0.55177;3.43492;2
   2.16643;36.71107;       0.55182;3.43491;2
   2.19974;36.71440;       0.55185;3.43490;2
   2.23302;36.71773;       0.55189;3.43489;2
   2.26633;36.72107;       0.55192;3.43488;2
   2.29962;36.72440;       0.55197;3.43486;2
   2.33295;36.72773;       0.55204;3.43485;2
   2.36624;36.73107;       0.55213;3.43484;2
   2.39955;36.73440;       0.55221;3.43483;2
   2.43284;36.73773;       0.55224;3.43482;2
   2.46615;36.74107;       0.55224;3.43481;2
   2.49948;36.74440;       0.55225;3.43480;2
   2.53280;36.74773;       0.55228;3.43479;2
   2.56610;36.75106;       0.55230;3.43478;2
   2.59941;36.75440;       0.55236;3.43476;2
   2.63273;36.75773;       0.55240;3.43475;2
   2.66601;36.76106;       0.55245;3.43474;2
   2.69928;36.76440;       0.55248;3.43473;2
   2.73254;36.76773;       0.55254;3.43472;2
   2.76579;36.77106;       0.55257;3.43471;2
   2.79910;36.77440;       0.55263;3.43470;2
   2.83239;36.77773;       0.55265;3.43469;2
   2.86568;36.78106;       0.55271;3.43467;2
   2.89896;36.78440;       0.55275;3.43466;2
   2.93225;36.78773;       0.55280;3.43465;2
   2.96558;36.79106;       0.55288;3.43464;2
   2.99891;36.79440;       0.55294;3.43463;2
   3.03227;36.79773;       0.55300;3.43462;2
   3.06561;36.80106;       0.55308;3.43461;2
   3.09893;36.80439;       0.55315;3.43459;2
   3.13228;36.80773;       0.55324;3.43458;2
   3.16565;36.81106;       0.55329;3.43457;2
   3.19903;36.81439;       0.55335;3.43456;2
   3.23240;36.81773;       0.55341;3.43455;2
   3.26580;36.82106;       0.55354;3.43454;2
   3.29915;36.82439;       0.55370;3.43453;2
   3.33253;36.82773;       0.55383;3.43452;2
   3.36590;36.83106;       0.55392;3.43450;2
   3.39924;36.83439;       0.55397;3.43449;2
   3.43259;36.83773;       0.55405;3.43448;2
   3.46595;36.84106;       0.55416;3.43447;2
   3.49932;36.84439;       0.55425;3.43446;2
   3.53268;36.84773;       0.55434;3.43445;2
   3.56604;36.85106;       0.55443;3.43443;2
   3.59943;36.85439;       0.55452;3.43442;2
   3.63282;36.85772;       0.55461;3.43441;2
   3.66623;36.86106;       0.55471;3.43440;2
   3.69964;36.86439;       0.55480;3.43439;2
   3.73306;36.86772;       0.55489;3.43438;2
   3.76642;36.87106;       0.55495;3.43437;2
   3.79980;36.87439;       0.55503;3.43435;2
   3.83319;36.87772;       0.55513;3.43434;2
   3.86654;36.88106;       0.55522;3.43433;2
   3.89992;36.88439;       0.55531;3.43432;2
   3.93331;36.88772;       0.55541;3.43431;2
   3.96670;36.89106;       0.55549;3.43430;2
   4.00011;36.89439;       0.55559;3.43429;2
   4.03352;36.89772;       0.55570;3.43427;2
   4.06689;36.90106;       0.55579;3.43426;2
   4.10028;36.90439;       0.55590;3.43425;2
   4.13364;36.90772;       0.55602;3.43424;2
   4.16702;36.91105;       0.55609;3.43423;2
   4.20041;36.91439;       0.55616;3.43422;2
   4.23379;36.91772;       0.55624;3.43420;2
   4.26721;36.92105;       0.55633;3.43419;2
   4.30058;36.92439;       0.55641;3.43418;2
   4.33398;36.92772;       0.55649;3.43417;2
   4.36737;36.93105;       0.55658;3.43416;2
   4.40076;36.93439;       0.55666;3.43415;2
   4.43411;36.93772;       0.55675;3.43413;2
   4.46746;36.94105;       0.55682;3.43412;2
   4.50083;36.94439;       0.55692;3.43411;2
   4.53421;36.94772;       0.55704;3.43410;2
   4.56757;36.95105;       0.55713;3.43409;2
   4.60096;36.95439;       0.55722;3.43408;2
   4.63435;36.95772;       0.55733;3.43406;2
   4.66774;36.96105;       0.55742;3.43405;2
   4.70115;36.96438;       0.55752;3.43404;2
   4.73454;36.96772;       0.55757;3.43403;2
   4.76797;36.97105;       0.55762;3.43402;2
   4.80141;36.97438;       0.55768;3.43401;2
   4.83480;36.97772;       0.55779;3.43399;2
   4.86821;36.98105;       0.55791;3.43398;2
   4.90158;36.98438;       0.55799;3.43397;2
   4.93499;36.98772;       0.55816;3.43396;2
   4.96841;36.99105;       0.55827;3.43395;2
   5.00182;36.99438;       0.55832;3.43394;2
   5.03524;36.99772;       0.55838;3.43392;2
   5.06860;37.00105;       0.55842;3.43391;2
   5.10199;37.00438;       0.55847;3.43390;2
   5.13537;37.00772;       0.55853;3.43389;2
   5.16876;37.01105;       0.55853;3.43388;2
   5.20213;37.01438;       0.55854;3.43387;2
   5.23553;37.01771;       0.55862;3.43385;2
   5.26894;37.02105;       0.55871;3.43384;2
   5.30233;37.02438;       0.55876;3.43383;2
   5.33572;37.02771;       0.55882;3.43382;2
   5.36913;37.03105;       0.55886;3.43381;2
   5.40250;37.03438;       0.55895;3.43379;2
   5.43588;37.03771;       0.55904;3.43378;2
   5.46927;37.04105;       0.55914;3.43377;2
   5.50264;37.04438;       0.55923;3.43376;2
   5.53603;37.04771;       0.55929;3.43375;2
   5.56937;37.05105;       0.55939;3.43374;2
   5.60275;37.05438;       0.55950;3.43372;2
   5.63609;37.05771;       0.55959;3.43371;2
   5.66945;37.06105;       0.55967;3.43370;2
   5.70284;37.06438;       0.55976;3.43369;2
   5.73620;37.06771;       0.55984;3.43368;2
   5.76956;37.07104;       0.55994;3.43366;2
   5.80299;37.07438;       0.56003;3.43365;2
   5.83638;37.07771;       0.56008;3.43364;2
   5.86977;37.08104;       0.56013;3.43363;2
   5.90314;37.08438;       0.56019;3.43362;2
   5.93650;37.08771;       0.56024;3.43360;2
   5.96986;37.09104;       0.56029;3.43359;2
   6.00323;37.09438;       0.56035;3.43358;2
   6.03657;37.09771;       0.56043;3.43357;2
   6.06993;37.10104;       0.56050;3.43356;2
   6.10329;37.10438;       0.56056;3.43355;2
   6.13667;37.10771;       0.56062;3.43353;2
   6.17006;37.11104;       0.56070;3.43352;2
   6.20340;37.11438;       0.56077;3.43351;2
   6.23674;37.11771;       0.56085;3.43350;2
   6.27013;37.12104;       0.56089;3.43349;2
   6.30347;37.12437;       0.56092;3.43347;2
   6.33683;37.12771;       0.56100;3.43346;2
   6.37019;37.13104;       0.56110;3.43345;2
   6.40354;37.13437;       0.56121;3.43344;2
   6.43691;37.13771;       0.56130;3.43343;2
   6.47027;37.14104;       0.56135;3.43341;2
   6.50366;37.14437;       0.56138;3.43340;2
   6.53705;37.14771;       0.56143;3.43339;2
   6.57041;37.15104;       0.56152;3.43338;2
   6.60377;37.15437;       0.56162;3.43337;2
   6.63711;37.15771;       0.56169;3.43335;2
   6.67043;37.16104;       0.56175;3.43334;2
   6.70376;37.16437;       0.56180;3.43333;2
   6.73707;37.16771;       0.56187;3.43332;2
   6.77041;37.17104;       0.56197;3.43331;2
   6.80370;37.17437;       0.56205;3.43329;2
   6.83700;37.17770;       0.56209;3.43328;2
   6.87029;37.18104;       0.56212;3.43327;2
   6.90358;37.18437;       0.56218;3.43326;2
   6.93693;37.18770;       0.56225;3.43324;2
   6.97023;37.19104;       0.56234;3.43323;2
   7.00353;37.19437;       0.56242;3.43322;2
   7.03684;37.19770;       0.56249;3.43321;2
   7.07013;37.20104;       0.56254;3.43320;2
   7.10346;37.20437;       0.56261;3.43318;2
   7.13677;37.20770;       0.56270;3.43317;2
   7.17011;37.21104;       0.56278;3.43316;2
   7.20340;37.21437;       0.56286;3.43315;2
   7.23668;37.21770;       0.56292;3.43314;2
   7.26995;37.22104;       0.56300;3.43312;2
   7.30321;37.22437;       0.56304;3.43311;2
   7.33652;37.22770;       0.56308;3.43310;2
   7.36981;37.23103;       0.56312;3.43309;2
   7.40307;37.23437;       0.56322;3.43307;2
   7.43637;37.23770;       0.56328;3.43306;2
   7.46966;37.24103;       0.56336;3.43305;2
   7.50299;37.24437;       0.56343;3.43304;2
   7.53631;37.24770;       0.56351;3.43303;2
   7.56961;37.25103;       0.56360;3.43301;2
   7.60293;37.25437;       0.56368;3.43300;2
   7.63626;37.25770;       0.56374;3.43299;2
   7.66959;37.26103;       0.56378;3.43298;2
   7.70289;37.26437;       0.56384;3.43296;2
   7.73615;37.26770;       0.56389;3.43295;2
   7.76943;37.27103;       0.56392;3.43294;2
   7.80272;37.27437;       0.56393;3.43293;2
   7.83603;37.27770;       0.56397;3.43292;2
   7.86934;37.28103;       0.56406;3.43290;2
   7.90265;37.28436;       0.56417;3.43289;2
   7.93596;37.28770;       0.56425;3.43288;2
   7.96929;37.29103;       0.56432;3.43287;2
   8.00261;37.29436;       0.56436;3.43285;2
   8.03594;37.29770;       0.56445;3.43284;2
   8.06925;37.30103;       0.56453;3.43283;2
   8.10254;37.30436;       0.56461;3.43282;2
   8.13585;37.30770;       0.56469;3.43280;2
   8.16916;37.31103;       0.56470;3.43279;2
   8.20245;37.31436;       0.56470;3.43278;2
   8.23576;37.31770;       0.56472;3.43277;2
   8.26907;37.32103;       0.56476;3.43276;2
   8.30235;37.32436;       0.56485;3.43274;2
   8.33567;37.32770;       0.56488;3.43273;2
   8.36895;37.33103;       0.56493;3.43272;2
   8.40224;37.33436;       0.56501;3.43271;2
   8.43555;37.33769;       0.56508;3.43269;2
   8.46881;37.34103;       0.56513;3.43268;2
   8.50209;37.34436;       0.56521;3.43267;2
   8.53536;37.34769;       0.56528;3.43266;2
   8.56863;37.35103;       0.56533;3.43264;2
   8.60190;37.35436;       0.56541;3.43263;2
   8.63520;37.35769;       0.56547;3.43262;2
   8.66849;37.36103;       0.56552;3.43261;2
   8.70182;37.36436;       0.56561;3.43259;2
   8.73511;37.36769;       0.56571;3.43258;2
   8.76845;37.37103;       0.56579;3.43257;2
   8.80175;37.37436;       0.56587;3.43256;2
   8.83511;37.37769;       0.56592;3.43255;2
   8.86847;37.38103;       0.56596;3.43253;2
   8.90184;37.38436;       0.56603;3.43252;2
   8.93518;37.38769;       0.56614;3.43251;2
   8.96849;37.39102;       0.56626;3.43250;2
   9.00182;37.39436;       0.56636;3.43248;2
   9.03514;37.39769;       0.56647;3.43247;2
   9.06847;37.40102;       0.56654;3.43246;2
   9.10181;37.40436;       0.56656;3.43244;2
   9.13515;37.40769;       0.56661;3.43243;2
   9.16848;37.41102;       0.56665;3.43242;2
   9.20182;37.41436;       0.56668;3.43241;2
   9.23515;37.41769;       0.56672;3.43239;2
   9.26849;37.42102;       0.56677;3.43238;2
   9.30183;37.42436;       0.56684;3.43237;2
   9.33515;37.42769;       0.56699;3.43236;2
   9.36846;37.43102;       0.56706;3.43234;2
   9.40179;37.43436;       0.56710;3.43233;2
   9.43512;37.43769;       0.56718;3.43232;2
   9.46848;37.44102;       0.56726;3.43231;2
   9.50180;37.44435;       0.56733;3.43229;2
   9.53516;37.44769;       0.56745;3.43228;2
   9.56848;37.45102;       0.56759;3.43227;2
   9.60181;37.45435;       0.56768;3.43226;2
   9.63515;37.45769;       0.56772;3.43224;2
   9.66848;37.46102;       0.56776;3.43223;2
   9.70184;37.46435;       0.56783;3.43222;2
   9.73515;37.46769;       0.56785;3.43221;2
   9.76846;37.47102;       0.56791;3.43219;2
   9.80182;37.47435;       0.56802;3.43218;2
   9.83518;37.47769;       0.56815;3.43217;2
   9.86852;37.48102;       0.56824;3.43216;2
   9.90181;37.48435;       0.56834;3.43214;2
   9.93510;37.48769;       0.56845;3.43213;2
   9.96841;37.49102;       0.56855;3.43212;2
  10.00170;37.49435;       0.56866;3.43210;2
  10.03503;37.49768;       0.56871;3.43209;2
  10.06834;37.50102;       0.56876;3.43208;2
  10.10165;37.50435;       0.56882;3.43207;2
  10.13501;37.50768;       0.56888;3.43205;2
  10.16832;37.51102;       0.56894;3.43204;2
  10.20163;37.51435;       0.56899;3.43203;2
  10.23495;37.51768;       0.56903;3.43202;2
  10.26828;37.52102;       0.56911;3.43200;2
  10.30159;37.52435;       0.56918;3.43199;2
  10.33489;37.52768;       0.56927;3.43198;2
  10.36816;37.53102;       0.56934;3.43196;2
  10.40150;37.53435;       0.56941;3.43195;2
  10.43486;37.53768;       0.56948;3.43194;2
  10.46817;37.54102;       0.56956;3.43193;2
  10.50151;37.54435;       0.56965;3.43191;2
  10.53483;37.54768;       0.56972;3.43190;2
  10.56814;37.55102;       0.56983;3.43189;2
  10.60147;37.55435;       0.56993;3.43187;2
  10.63481;37.55768;       0.57003;3.43186;2
  10.66814;37.56101;       0.57011;3.43185;2
  10.70145;37.56435;       0.57019;3.43184;2
  10.73474;37.56768;       0.57026;3.43182;2
  10.76805;37.57101;       0.57030;3.43181;2
  10.80136;37.57435;       0.57038;3.43180;2
  10.83468;37.57768;       0.57044;3.43178;2
  10.86798;37.58101;       0.57053;3.43177;2
  10.90127;37.58435;       0.57064;3.43176;2
  10.93460;37.58768;       0.57075;3.43175;2
  10.96792;37.59101;       0.57083;3.43173;2
  11.00125;37.59435;       0.57091;3.43172;2
  11.03457;37.59768;       0.57099;3.43171;2
  11.06788;37.60101;       0.57108;3.43170;2
  11.10119;37.60435;       0.57114;3.43168;2
  11.13448;37.60768;       0.57121;3.43167;2
  11.16778;37.61101;       0.57121;3.43166;2
  11.20110;37.61434;       0.57124;3.43164;2
  11.23436;37.61768;       0.57129;3.43163;2
  11.26769;37.62101;       0.57139;3.43162;2
  11.30102;37.62434;       0.57152;3.43160;2
  11.33434;37.62768;       0.57165;3.43159;2
  11.36767;37.63101;       0.57175;3.43158;2
  11.40099;37.63434;       0.57180;3.43157;2
  11.43431;37.63768;       0.57180;3.43155;2
  11.46766;37.64101;       0.57182;3.43154;2
  11.50097;37.64434;       0.57187;3.43153;2
  11.53433;37.64768;       0.57190;3.43151;2
  11.56760;37.65101;       0.57194;3.43150;2
  11.60090;37.65434;       0.57204;3.43149;2
  11.63421;37.65768;       0.57210;3.43148;2
  11.66750;37.66101;       0.57220;3.43146;2
  11.70084;37.66434;       0.57233;3.43145;2
  11.73414;37.66767;       0.57238;3.43144;2
  11.76751;37.67101;       0.57239;3.43142;2
  11.80084;37.67434;       0.57245;3.43141;2
  11.83416;37.67767;       0.57263;3.43140;2
  11.86746;37.68101;       0.57275;3.43138;2
  11.90077;37.68434;       0.57287;3.43137;2
  11.93414;37.68767;       0.57296;3.43136;2
  11.96749;37.69101;       0.57310;3.43134;2
  12.00086;37.69434;       0.57318;3.43133;2
  12.03424;37.69767;       0.57326;3.43132;2
  12.06758;37.70101;       0.57333;3.43130;2
  12.10092;37.70434;       0.57342;3.43129;2
  12.13428;37.70767;       0.57352;3.43128;2
  12.16762;37.71101;       0.57359;3.43127;2
  12.20100;37.71434;       0.57366;3.43125;2
  12.23434;37.71767;       0.57371;3.43124;2
  12.26766;37.72100;       0.57378;3.43123;2
  12.30102;37.72434;       0.57386;3.43121;2
  12.33438;37.72767;       0.57392;3.43120;2
  12.36771;37.73100;       0.57403;3.43119;2
  12.40107;37.73434;       0.57412;3.43117;2
  12.43441;37.73767;       0.57418;3.43116;2
  12.46773;37.74100;       0.57425;3.43115;2
  12.50109;37.74434;       0.57433;3.43113;2
  12.53447;37.74767;       0.57442;3.43112;2
  12.56784;37.75100;       0.57453;3.43111;2
  12.60120;37.75434;       0.57465;3.43109;2
  12.63454;37.75767;       0.57477;3.43108;2
  12.66787;37.76100;       0.57487;3.43107;2
  12.70123;37.76434;       0.57498;3.43105;2
  12.73459;37.76767;       0.57509;3.43104;2
  12.76793;37.77100;       0.57519;3.43103;2
  12.80132;37.77433;       0.57526;3.43102;2
  12.83464;37.77767;       0.57530;3.43100;2
  12.86799;37.78100;       0.57536;3.43099;2
  12.90133;37.78433;       0.57548;3.43098;2
  12.93465;37.78767;       0.57562;3.43096;2
  12.96796;37.79100;       0.57573;3.43095;2
  13.00131;37.79433;       0.57586;3.43094;2
  13.03463;37.79767;       0.57596;3.43092;2
  13.06798;37.80100;       0.57605;3.43091;2
  13.10132;37.80433;       0.57615;3.43090;2
  13.13464;37.80767;       0.57625;3.43088;2
  13.16800;37.81100;       0.57630;3.43087;2
  13.20136;37.81433;       0.57638;3.43086;2
  13.23470;37.81767;       0.57647;3.43084;2
  13.26808;37.82100;       0.57650;3.43083;2
  13.30142;37.82433;       0.57658;3.43082;2
  13.33476;37.82766;       0.57669;3.43080;2
  13.36809;37.83100;       0.57681;3.43079;2
  13.40145;37.83433;       0.57695;3.43078;2
  13.43479;37.83766;       0.57706;3.43076;2
  13.46815;37.84100;       0.57716;3.43075;2
  13.50144;37.84433;       0.57725;3.43074;2
  13.53480;37.84766;       0.57734;3.43072;2
  13.56812;37.85100;       0.57742;3.43071;2
  13.60145;37.85433;       0.57754;3.43070;2
  13.63481;37.85766;       0.57769;3.43068;2
  13.66817;37.86100;       0.57779;3.43067;2
  13.70152;37.86433;       0.57791;3.43066;2
  13.73483;37.86766;       0.57801;3.43064;2
  13.76818;37.87100;       0.57807;3.43063;2
  13.80149;37.87433;       0.57817;3.43061;2
  13.83483;37.87766;       0.57824;3.43060;2
  13.86819;37.88099;       0.57833;3.43059;2
  13.90156;37.88433;       0.57845;3.43057;2
  13.93490;37.88766;       0.57855;3.43056;2
  13.96823;37.89099;       0.57865;3.43055;2
  14.00161;37.89433;       0.57874;3.43053;2
  14.03495;37.89766;       0.57883;3.43052;2
  14.06827;37.90099;       0.57892;3.43051;2
  14.10160;37.90433;       0.57900;3.43049;2
  14.13496;37.90766;       0.57911;3.43048;2
  14.16832;37.91099;       0.57921;3.43047;2
  14.20166;37.91433;       0.57929;3.43045;2
  14.23498;37.91766;       0.57937;3.43044;2
  14.26834;37.92099;       0.57942;3.43043;2
  14.30169;37.92433;       0.57946;3.43041;2
  14.33503;37.92766;       0.57951;3.43040;2
  14.36837;37.93099;       0.57957;3.43039;2
  14.40173;37.93432;       0.57965;3.43037;2
  14.43510;37.93766;       0.57978;3.43036;2
  14.46846;37.94099;       0.57986;3.43034;2
  14.50179;37.94432;       0.57993;3.43033;2
  14.53511;37.94766;       0.58001;3.43032;2
  14.56842;37.95099;       0.58012;3.43030;2
  14.60175;37.95432;       0.58023;3.43029;2
  14.63513;37.95766;       0.58036;3.43028;2
  14.66850;37.96099;       0.58044;3.43026;2
  14.70189;37.96432;       0.58054;3.43025;2
  14.73523;37.96766;       0.58061;3.43024;2
  14.76863;37.97099;       0.58067;3.43022;2
  14.80202;37.97432;       0.58075;3.43021;2
  14.83538;37.97766;       0.58085;3.43019;2
  14.86878;37.98099;       0.58092;3.43018;2
  14.90216;37.98432;       0.58104;3.43017;2
  14.93553;37.98765;       0.58114;3.43015;2
  14.96893;37.99099;       0.58123;3.43014;2
  15.00230;37.99432;       0.58129;3.43013;2
  15.03568;37.99765;       0.58133;3.43011;2
  15.06908;38.00099;       0.58138;3.43010;2
  15.10244;38.00432;       0.58145;3.43009;2
  15.13583;38.00765;       0.58156;3.43007;2
  15.16924;38.01099;       0.58170;3.43006;2
  15.20260;38.01432;       0.58184;3.43004;2
  15.23597;38.01765;       0.58191;3.43003;2
  15.26935;38.02099;       0.58202;3.43002;2
  15.30271;38.02432;       0.58213;3.43000;2
  15.33607;38.02765;       0.58222;3.42999;2
  15.36946;38.03099;       0.58232;3.42998;2
  15.40281;38.03432;       0.58240;3.42996;2
  15.43617;38.03765;       0.58256;3.42995;2
  15.46957;38.04098;       0.58270;3.42993;2
  15.50294;38.04432;       0.58282;3.42992;2
  15.53631;38.04765;       0.58295;3.42991;2
  15.56964;38.05098;       0.58305;3.42989;2
  15.60305;38.05432;       0.58316;3.42988;2
  15.63644;38.05765;       0.58325;3.42987;2
  15.66982;38.06098;       0.58335;3.42985;2
  15.70317;38.06432;       0.58345;3.42984;2
  15.73653;38.06765;       0.58351;3.42982;2
  15.76991;38.07098;       0.58362;3.42981;2
  15.80325;38.07432;       0.58372;3.42980;2
  15.83663;38.07765;       0.58384;3.42978;2
  15.87002;38.08098;       0.58395;3.42977;2
  15.90336;38.08432;       0.58407;3.42975;2
  15.93670;38.08765;       0.58416;3.42974;2
  15.97006;38.09098;       0.58426;3.42973;2
  16.00343;38.09431;       0.58435;3.42971;2
  16.03672;38.09765;       0.58445;3.42970;2
  16.07004;38.10098;       0.58455;3.42969;2
  16.10339;38.10431;       0.58466;3.42967;2
  16.13674;38.10765;       0.58475;3.42966;2
  16.17008;38.11098;       0.58484;3.42964;2
  16.20344;38.11431;       0.58492;3.42963;2
  16.23678;38.11765;       0.58500;3.42962;2
  16.27014;38.12098;       0.58509;3.42960;2
  16.30348;38.12431;       0.58519;3.42959;2
  16.33684;38.12765;       0.58528;3.42957;2
  16.37015;38.13098;       0.58536;3.42956;2
  16.40349;38.13431;       0.58546;3.42955;2
  16.43688;38.13765;       0.58557;3.42953;2
  16.47022;38.14098;       0.58569;3.42952;2
  16.50360;38.14431;       0.58578;3.42950;2
  16.53698;38.14764;       0.58588;3.42949;2
  16.57035;38.15098;       0.58598;3.42948;2
  16.60371;38.15431;       0.58608;3.42946;2
  16.63708;38.15764;       0.58616;3.42945;2
  16.67042;38.16098;       0.58628;3.42943;2
  16.70378;38.16431;       0.58644;3.42942;2
  16.73713;38.16764;       0.58657;3.42941;2
  16.77047;38.17098;       0.58670;3.42939;2
  16.80376;38.17431;       0.58682;3.42938;2
  16.83705;38.17764;       0.58692;3.42936;2
  16.87038;38.18098;       0.58703;3.42935;2
  16.90369;38.18431;       0.58713;3.42934;2
  16.93700;38.18764;       0.58724;3.42932;2
  16.97034;38.19098;       0.58734;3.42931;2
  17.00365;38.19431;       0.58742;3.42929;2
  17.03696;38.19764;       0.58749;3.42928;2
  17.07025;38.20097;       0.58746;3.42927;2
  17.10354;38.20431;       0.58748;3.42925;2
  17.13685;38.20764;       0.58755;3.42924;2
  17.17015;38.21097;       0.58760;3.42922;2
  17.20346;38.21431;       0.58771;3.42921;2
  17.23678;38.21764;       0.58784;3.42920;2
  17.27009;38.22097;       0.58794;3.42918;2
  17.30338;38.22431;       0.58806;3.42917;2
  17.33669;38.22764;       0.58819;3.42915;2
  17.37002;38.23097;       0.58830;3.42914;2
  17.40328;38.23431;       0.58839;3.42912;2
  17.43659;38.23764;       0.58850;3.42911;2
  17.46990;38.24097;       0.58859;3.42910;2
  17.50317;38.24431;       0.58867;3.42908;2
  17.53647;38.24764;       0.58876;3.42907;2
  17.56976;38.25097;       0.58887;3.42905;2
  17.60307;38.25430;       0.58898;3.42904;2
  17.63631;38.25764;       0.58908;3.42903;2
  17.66957;38.26097;       0.58917;3.42901;2
  17.70285;38.26430;       0.58925;3.42900;2
  17.73614;38.26764;       0.58935;3.42898;2
  17.76945;38.27097;       0.58943;3.42897;2
  17.80275;38.27430;       0.58950;3.42895;2
  17.83605;38.27764;       0.58959;3.42894;2
  17.86931;38.28097;       0.58968;3.42893;2
  17.90259;38.28430;       0.58967;3.42891;2
  17.93589;38.28764;       0.58972;3.42890;2
  17.96919;38.29097;       0.58986;3.42888;2
  18.00247;38.29430;       0.59000;3.42887;2
  18.03575;38.29764;       0.59009;3.42886;2
  18.06906;38.30097;       0.59017;3.42884;2
  18.10235;38.30430;       0.59028;3.42883;2
  18.13561;38.30763;       0.59040;3.42881;2
  18.16892;38.31097;       0.59049;3.42880;2
  18.20218;38.31430;       0.59062;3.42878;2
  18.23544;38.31763;       0.59077;3.42877;2
  18.26870;38.32097;       0.59085;3.42876;2
  18.30196;38.32430;       0.59094;3.42874;2
  18.33525;38.32763;       0.59104;3.42873;2
  18.36851;38.33097;       0.59114;3.42871;2
  18.40181;38.33430;       0.59123;3.42870;2
  18.43508;38.33763;       0.59131;3.42868;2
  18.46829;38.34097;       0.59140;3.42867;2
  18.50155;38.34430;       0.59148;3.42866;2
  18.53478;38.34763;       0.59155;3.42864;2
  18.56804;38.35097;       0.59163;3.42863;2
  18.60130;38.35430;       0.59171;3.42861;2
  18.63458;38.35763;       0.59180;3.42860;2
  18.66784;38.36097;       0.59189;3.42858;2
  18.70108;38.36430;       0.59197;3.42857;2
  18.73431;38.36763;       0.59205;3.42855;2
  18.76755;38.37096;       0.59214;3.42854;2
  18.80083;38.37430;       0.59220;3.42853;2
  18.83413;38.37763;       0.59228;3.42851;2
  18.86742;38.38096;       0.59230;3.42850;2
  18.90069;38.38430;       0.59236;3.42848;2
  18.93397;38.38763;       0.59244;3.42847;2
  18.96725;38.39096;       0.59248;3.42845;2
  19.00051;38.39430;       0.59255;3.42844;2
  19.03378;38.39763;       0.59263;3.42843;2
  19.06704;38.40096;       0.59272;3.42841;2
  19.10032;38.40430;       0.59282;3.42840;2
  19.13358;38.40763;       0.59288;3.42838;2
  19.16686;38.41096;       0.59292;3.42837;2
  19.20013;38.41430;       0.59298;3.42835;2
  19.23339;38.41763;       0.59305;3.42834;2
  19.26664;38.42096;       0.59315;3.42832;2
  19.29990;38.42429;       0.59324;3.42831;2
  19.33319;38.42763;       0.59333;3.42829;2
  19.36647;38.43096;       0.59342;3.42828;2
  19.39971;38.43429;       0.59354;3.42827;2
  19.43304;38.43763;       0.59362;3.42825;2
  19.46633;38.44096;       0.59373;3.42824;2
  19.49962;38.44429;       0.59384;3.42822;2
  19.53290;38.44763;       0.59392;3.42821;2
  19.56621;38.45096;       0.59404;3.42819;2
  19.59952;38.45429;       0.59415;3.42818;2
  19.63281;38.45763;       0.59424;3.42816;2
  19.66612;38.46096;       0.59432;3.42815;2
  19.69945;38.46429;       0.59445;3.42814;2
  19.73276;38.46763;       0.59462;3.42812;2
  19.76607;38.47096;       0.59474;3.42811;2
  19.79934;38.47429;       0.59482;3.42809;2
  19.83264;38.47762;       0.59490;3.42808;2
  19.86593;38.48096;       0.59498;3.42806;2
  19.89924;38.48429;       0.59509;3.42805;2
  19.93253;38.48762;       0.59522;3.42803;2
  19.96582;38.49096;       0.59533;3.42802;2
  19.99910;38.49429;       0.59547;3.42800;2
  20.03243;38.49762;       0.59560;3.42799;2
  20.06572;38.50096;       0.59571;3.42797;2
  20.09903;38.50429;       0.59582;3.42796;2
  20.13237;38.50762;       0.59594;3.42794;2
  20.16570;38.51096;       0.59604;3.42793;2
  20.19899;38.51429;       0.59611;3.42792;2
  20.23232;38.51762;       0.59622;3.42790;2
  20.26564;38.52096;       0.59629;3.42789;2
  20.29897;38.52429;       0.59636;3.42787;2
  20.33228;38.52762;       0.59646;3.42786;2
  20.36557;38.53095;       0.59656;3.42784;2
  20.39890;38.53429;       0.59664;3.42783;2
  20.43221;38.53762;       0.59673;3.42781;2
  20.46552;38.54095;       0.59687;3.42780;2
  20.49886;38.54429;       0.59700;3.42778;2
  20.53219;38.54762;       0.59713;3.42777;2
  20.56551;38.55095;       0.59725;3.42775;2
  20.59882;38.55429;       0.59739;3.42774;2
  20.63213;38.55762;       0.59749;3.42772;2
  20.66546;38.56095;       0.59759;3.42771;2
  20.69877;38.56429;       0.59768;3.42769;2
  20.73211;38.56762;       0.59780;3.42768;2
  20.76545;38.57095;       0.59790;3.42767;2
  20.79878;38.57429;       0.59801;3.42765;2
  20.83210;38.57762;       0.59812;3.42764;2
  20.86546;38.58095;       0.59825;3.42762;2
  20.89880;38.58428;       0.59835;3.42761;2
  20.93211;38.58762;       0.59846;3.42759;2
  20.96542;38.59095;       0.59858;3.42758;2
  20.99876;38.59428;       0.59871;3.42756;2
  21.03212;38.59762;       0.59883;3.42755;2
  21.06543;38.60095;       0.59894;3.42753;2
  21.09876;38.60428;       0.59910;3.42752;2
  21.13212;38.60762;       0.59925;3.42750;2
  21.16549;38.61095;       0.59935;3.42749;2
  21.19887;38.61428;       0.59947;3.42747;2
  21.23224;38.61762;       0.59957;3.42746;2
  21.26560;38.62095;       0.59967;3.42744;2
  21.29896;38.62428;       0.59976;3.42743;2
  21.33233;38.62762;       0.59986;3.42741;2
  21.36569;38.63095;       0.59996;3.42740;2
  21.39903;38.63428;       0.60008;3.42738;2
  21.43243;38.63761;       0.60019;3.42737;2
  21.46578;38.64095;       0.60033;3.42735;2
  21.49911;38.64428;       0.60047;3.42734;2
  21.53245;38.64761;       0.60061;3.42732;2
  21.56581;38.65095;       0.60071;3.42731;2
  21.59915;38.65428;       0.60083;3.42729;2
  21.63250;38.65761;       0.60094;3.42728;2
  21.66589;38.66095;       0.60104;3.42726;2
  21.69924;38.66428;       0.60113;3.42725;2
  21.73257;38.66761;       0.60123;3.42723;2
  21.76595;38.67095;       0.60135;3.42722;2
  21.79929;38.67428;       0.60146;3.42720;2
  21.83268;38.67761;       0.60158;3.42719;2
  21.86604;38.68095;       0.60170;3.42717;2
  21.89940;38.68428;       0.60184;3.42716;2
  21.93276;38.68761;       0.60197;3.42714;2
  21.96615;38.69094;       0.60210;3.42713;2
  21.99952;38.69428;       0.60222;3.42711;2
  22.03288;38.69761;       0.60233;3.42710;2
  22.06622;38.70094;       0.60246;3.42708;2
  22.09958;38.70428;       0.60258;3.42707;2
  22.13297;38.70761;       0.60268;3.42705;2
  22.16635;38.71094;       0.60289;3.42704;2
  22.19974;38.71428;       0.60306;3.42702;2
  22.23315;38.71761;       0.60322;3.42701;2
  22.26654;38.72094;       0.60342;3.42699;2
  22.29988;38.72428;       0.60358;3.42698;2
  22.33326;38.72761;       0.60372;3.42696;2
  22.36663;38.73094;       0.60383;3.42695;2
  22.40001;38.73428;       0.60383;3.42693;2
  22.43338;38.73761;       0.60390;3.42692;2
  22.46677;38.74094;       0.60400;3.42690;2
  22.50018;38.74427;       0.60414;3.42689;2
  22.53357;38.74761;       0.60431;3.42687;2
  22.56695;38.75094;       0.60449;3.42686;2
  22.60029;38.75427;       0.60462;3.42684;2
  22.63365;38.75761;       0.60473;3.42683;2
  22.66702;38.76094;       0.60486;3.42681;2
  22.70040;38.76427;       0.60498;3.42680;2
  22.73376;38.76761;       0.60511;3.42678;2
  22.76713;38.77094;       0.60524;3.42676;2
  22.80051;38.77427;       0.60535;3.42675;2
  22.83390;38.77761;       0.60545;3.42673;2
  22.86727;38.78094;       0.60558;3.42672;2
  22.90063;38.78427;       0.60570;3.42670;2
  22.93402;38.78761;       0.60585;3.42669;2
  22.96742;38.79094;       0.60599;3.42667;2
  23.00086;38.79427;       0.60612;3.42666;2
  23.03425;38.79760;       0.60626;3.42664;2
  23.06762;38.80094;       0.60644;3.42663;2
  23.10106;38.80427;       0.60656;3.42661;2
  23.13450;38.80760;       0.60667;3.42660;2
  23.16789;38.81094;       0.60681;3.42658;2
  23.20128;38.81427;       0.60694;3.42657;2
  23.23464;38.81760;       0.60704;3.42655;2
  23.26800;38.82094;       0.60716;3.42654;2
  23.30138;38.82427;       0.60731;3.42652;2
  23.33474;38.82760;       0.60745;3.42651;2
  23.36813;38.83094;       0.60761;3.42649;2
  23.40149;38.83427;       0.60774;3.42647;2
  23.43488;38.83760;       0.60787;3.42646;2
  23.46825;38.84094;       0.60800;3.42644;2
  23.50161;38.84427;       0.60813;3.42643;2
  23.53502;38.84760;       0.60818;3.42641;2
  23.56841;38.85093;       0.60823;3.42640;2
  23.60180;38.85427;       0.60831;3.42638;2
  23.63518;38.85760;       0.60846;3.42637;2
  23.66857;38.86093;       0.60869;3.42635;2
  23.70192;38.86427;       0.60884;3.42634;2
  23.73528;38.86760;       0.60899;3.42632;2
  23.76868;38.87093;       0.60915;3.42631;2
  23.80202;38.87427;       0.60930;3.42629;2
  23.83539;38.87760;       0.60945;3.42627;2
  23.86873;38.88093;       0.60959;3.42626;2
  23.90211;38.88427;       0.60975;3.42624;2
  23.93548;38.88760;       0.60988;3.42623;2
  23.96884;38.89093;       0.61000;3.42621;2
  24.00220;38.89427;       0.61011;3.42620;2
  24.03558;38.89760;       0.61024;3.42618;2
  24.06895;38.90093;       0.61032;3.42617;2
  24.10233;38.90426;       0.61040;3.42615;2
  24.13572;38.90760;       0.61048;3.42614;2
  24.16908;38.91093;       0.61061;3.42612;2
  24.20242;38.91426;       0.61074;3.42610;2
  24.23578;38.91760;       0.61087;3.42609;2
  24.26912;38.92093;       0.61100;3.42607;2
  24.30248;38.92426;       0.61113;3.42606;2
  24.33587;38.92760;       0.61127;3.42604;2
  24.36923;38.93093;       0.61138;3.42603;2
  24.40259;38.93426;       0.61149;3.42601;2
  24.43595;38.93760;       0.61171;3.42600;2
  24.46930;38.94093;       0.61191;3.42598;2
  24.50265;38.94426;       0.61204;3.42597;2
  24.53597;38.94760;       0.61218;3.42595;2
  24.56931;38.95093;       0.61229;3.42593;2
  24.60266;38.95426;       0.61245;3.42592;2
  24.63605;38.95759;       0.61260;3.42590;2
  24.66942;38.96093;       0.61275;3.42589;2
  24.70278;38.96426;       0.61283;3.42587;2
  24.73609;38.96759;       0.61293;3.42586;2
  24.76945;38.97093;       0.61301;3.42584;2
  24.80276;38.97426;       0.61309;3.42583;2
  24.83608;38.97759;       0.61321;3.42581;2
  24.86941;38.98093;       0.61334;3.42579;2
  24.90274;38.98426;       0.61344;3.42578;2
  24.93606;38.98759;       0.61357;3.42576;2
  24.96939;38.99093;       0.61367;3.42575;2
  25.00271;38.99426;       0.61377;3.42573;2
  25.03601;38.99759;       0.61390;3.42572;2
  25.06933;39.00093;       0.61400;3.42570;2
  25.10264;39.00426;       0.61412;3.42569;2
  25.13593;39.00759;       0.61425;3.42567;2
  25.16924;39.01092;       0.61439;3.42565;2
  25.20254;39.01426;       0.61456;3.42564;2
  25.23585;39.01759;       0.61470;3.42562;2
  25.26917;39.02092;       0.61482;3.42561;2
  25.30248;39.02426;       0.61492;3.42559;2
  25.33577;39.02759;       0.61504;3.42558;2
  25.36912;39.03092;       0.61520;3.42556;2
  25.40238;39.03426;       0.61541;3.42554;2
  25.43570;39.03759;       0.61559;3.42553;2
  25.46898;39.04092;       0.61576;3.42551;2
  25.50227;39.04426;       0.61585;3.42550;2
  25.53558;39.04759;       0.61596;3.42548;2
  25.56889;39.05092;       0.61604;3.42547;2
  25.60220;39.05426;       0.61615;3.42545;2
  25.63551;39.05759;       0.61613;3.42543;2
  25.66882;39.06092;       0.61615;3.42542;2
  25.70214;39.06425;       0.61619;3.42540;2
  25.73545;39.06759;       0.61638;3.42539;2
  25.76876;39.07092;       0.61654;3.42537;2
  25.80207;39.07425;       0.61671;3.42536;2
  25.83542;39.07759;       0.61686;3.42534;2
  25.86876;39.08092;       0.61698;3.42532;2
  25.90208;39.08425;       0.61711;3.42531;2
  25.93539;39.08759;       0.61720;3.42529;2
  25.96870;39.09092;       0.61730;3.42528;2
  26.00204;39.09425;       0.61736;3.42526;2
  26.03535;39.09759;       0.61746;3.42524;2
  26.06865;39.10092;       0.61755;3.42523;2
  26.10194;39.10425;       0.61766;3.42521;2
  26.13523;39.10759;       0.61780;3.42520;2
  26.16852;39.11092;       0.61795;3.42518;2
  26.20180;39.11425;       0.61808;3.42517;2
  26.23509;39.11758;       0.61822;3.42515;2
  26.26840;39.12092;       0.61837;3.42513;2
  26.30173;39.12425;       0.61850;3.42512;2
  26.33504;39.12758;       0.61862;3.42510;2
  26.36835;39.13092;       0.61876;3.42509;2
  26.40166;39.13425;       0.61887;3.42507;2
  26.43498;39.13758;       0.61899;3.42505;2
  26.46831;39.14092;       0.61913;3.42504;2
  26.50164;39.14425;       0.61926;3.42502;2
  26.53496;39.14758;       0.61937;3.42501;2
  26.56829;39.15092;       0.61950;3.42499;2
  26.60161;39.15425;       0.61959;3.42498;2
  26.63494;39.15758;       0.61970;3.42496;2
  26.66827;39.16092;       0.61982;3.42494;2
  26.70161;39.16425;       0.61988;3.42493;2
  26.73492;39.16758;       0.61999;3.42491;2
  26.76828;39.17092;       0.62010;3.42490;2
  26.80160;39.17425;       0.62020;3.42488;2
  26.83494;39.17758;       0.62028;3.42486;2
  26.86827;39.18091;       0.62039;3.42485;2
  26.90156;39.18425;       0.62053;3.42483;2
  26.93489;39.18758;       0.62067;3.42482;2
  26.96820;39.19091;       0.62081;3.42480;2
  27.00152;39.19425;       0.62094;3.42478;2
  27.03485;39.19758;       0.62105;3.42477;2
  27.06816;39.20091;       0.62115;3.42475;2
  27.10147;39.20425;       0.62127;3.42474;2
  27.13476;39.20758;       0.62138;3.42472;2
  27.16810;39.21091;       0.62150;3.42470;2
  27.20145;39.21425;       0.62163;3.42469;2
  27.23479;39.21758;       0.62176;3.42467;2
  27.26811;39.22091;       0.62189;3.42466;2
  27.30144;39.22425;       0.62206;3.42464;2
  27.33477;39.22758;       0.62221;3.42462;2
  27.36812;39.23091;       0.62234;3.42461;2
  27.40143;39.23424;       0.62250;3.42459;2
  27.43478;39.23758;       0.62263;3.42458;2
  27.46810;39.24091;       0.62276;3.42456;2
  27.50144;39.24424;       0.62292;3.42454;2
  27.53479;39.24758;       0.62309;3.42453;2
  27.56809;39.25091;       0.62316;3.42451;2
  27.60140;39.25424;       0.62322;3.42449;2
  27.63471;39.25758;       0.62347;3.42448;2
  27.66802;39.26091;       0.62361;3.42446;2
  27.70135;39.26424;       0.62379;3.42445;2
  27.73467;39.26758;       0.62397;3.42443;2
  27.76798;39.27091;       0.62416;3.42441;2
  27.80131;39.27424;       0.62431;3.42440;2
  27.83465;39.27758;       0.62443;3.42438;2
  27.86796;39.28091;       0.62461;3.42437;2
  27.90125;39.28424;       0.62479;3.42435;2
  27.93460;39.28757;       0.62495;3.42433;2
  27.96794;39.29091;       0.62511;3.42432;2
  28.00130;39.29424;       0.62527;3.42430;2
  28.03462;39.29757;       0.62541;3.42428;2
  28.06793;39.30091;       0.62556;3.42427;2
  28.10126;39.30424;       0.62569;3.42425;2
  28.13460;39.30757;       0.62582;3.42424;2
  28.16794;39.31091;       0.62596;3.42422;2
  28.20127;39.31424;       0.62611;3.42420;2
  28.23459;39.31757;       0.62623;3.42419;2
  28.26789;39.32091;       0.62632;3.42417;2
  28.30116;39.32424;       0.62639;3.42415;2
  28.33442;39.32757;       0.62653;3.42414;2
  28.36770;39.33091;       0.62669;3.42412;2
  28.40098;39.33424;       0.62683;3.42411;2
  28.43427;39.33757;       0.62698;3.42409;2
  28.46758;39.34090;       0.62710;3.42407;2
  28.50087;39.34424;       0.62722;3.42406;2
  28.53418;39.34757;       0.62735;3.42404;2
  28.56746;39.35090;       0.62748;3.42402;2
  28.60075;39.35424;       0.62764;3.42401;2
  28.63405;39.35757;       0.62777;3.42399;2
  28.66734;39.36090;       0.62789;3.42398;2
  28.70065;39.36424;       0.62805;3.42396;2
  28.73392;39.36757;       0.62819;3.42394;2
  28.76723;39.37090;       0.62832;3.42393;2
  28.80054;39.37424;       0.62847;3.42391;2
  28.83384;39.37757;       0.62856;3.42389;2
  28.86715;39.38090;       0.62871;3.42388;2
  28.90042;39.38424;       0.62886;3.42386;2
  28.93373;39.38757;       0.62899;3.42385;2
  28.96701;39.39090;       0.62913;3.42383;2
  29.00028;39.39423;       0.62926;3.42381;2
  29.03354;39.39757;       0.62940;3.42380;2
  29.06682;39.40090;       0.62956;3.42378;2
  29.10010;39.40423;       0.62972;3.42376;2
  29.13341;39.40757;       0.62985;3.42375;2
  29.16673;39.41090;       0.62997;3.42373;2
  29.20001;39.41423;       0.63007;3.42371;2
  29.23327;39.41757;       0.63018;3.42370;2
  29.26655;39.42090;       0.63034;3.42368;2
  29.29982;39.42423;       0.63047;3.42366;2
  29.33310;39.42757;       0.63059;3.42365;2
  29.36643;39.43090;       0.63072;3.42363;2
  29.39969;39.43423;       0.63087;3.42362;2
  29.43298;39.43757;       0.63102;3.42360;2
  29.46629;39.44090;       0.63119;3.42358;2
  29.49958;39.44423;       0.63134;3.42357;2
  29.53289;39.44756;       0.63147;3.42355;2
  29.56617;39.45090;       0.63159;3.42353;2
  29.59944;39.45423;       0.63171;3.42352;2
  29.63277;39.45756;       0.63183;3.42350;2
  29.66606;39.46090;       0.63193;3.42348;2
  29.69936;39.46423;       0.63209;3.42347;2
  29.73265;39.46756;       0.63225;3.42345;2
  29.76593;39.47090;       0.63246;3.42343;2
  29.79920;39.47423;       0.63263;3.42342;2
  29.83250;39.47756;       0.63279;3.42340;2
  29.86579;39.48090;       0.63288;3.42338;2
  29.89907;39.48423;       0.63288;3.42337;2
  29.93236;39.48756;       0.63295;3.42335;2
  29.96562;39.49090;       0.63320;3.42333;2
  29.99889;39.49423;       0.63345;3.42332;2
  30.03214;39.49756;       0.63362;3.42330;2
  30.06538;39.50089;       0.63377;3.42329;2
  30.09869;39.50423;       0.63390;3.42327;2
  30.13199;39.50756;       0.63406;3.42325;2
  30.16528;39.51089;       0.63423;3.42324;2
  30.19857;39.51423;       0.63439;3.42322;2
  30.23185;39.51756;       0.63455;3.42320;2
  30.26512;39.52089;       0.63472;3.42319;2
  30.29845;39.52423;       0.63488;3.42317;2
  30.33176;39.52756;       0.63502;3.42315;2
  30.36509;39.53089;       0.63517;3.42314;2
  30.39841;39.53423;       0.63532;3.42312;2
  30.43172;39.53756;       0.63546;3.42310;2
  30.46503;39.54089;       0.63559;3.42309;2
  30.49834;39.54423;       0.63575;3.42307;2
  30.53163;39.54756;       0.63588;3.42305;2
  30.56493;39.55089;       0.63602;3.42304;2
  30.59825;39.55422;       0.63615;3.42302;2
  30.63154;39.55756;       0.63627;3.42300;2
  30.66484;39.56089;       0.63639;3.42299;2
  30.69813;39.56422;       0.63654;3.42297;2
  30.73141;39.56756;       0.63664;3.42295;2
  30.76472;39.57089;       0.63679;3.42294;2
  30.79803;39.57422;       0.63695;3.42292;2
  30.83134;39.57756;       0.63713;3.42290;2
  30.86468;39.58089;       0.63729;3.42289;2
  30.89799;39.58422;       0.63743;3.42287;2
  30.93135;39.58756;       0.63760;3.42285;2
  30.96467;39.59089;       0.63779;3.42283;2
  30.99800;39.59422;       0.63792;3.42282;2
  31.03134;39.59756;       0.63808;3.42280;2
  31.06463;39.60089;       0.63823;3.42278;2
  31.09796;39.60422;       0.63838;3.42277;2
  31.13128;39.60755;       0.63850;3.42275;2
  31.16461;39.61089;       0.63863;3.42273;2
  31.19795;39.61422;       0.63873;3.42272;2
  31.23128;39.61755;       0.63888;3.42270;2
  31.26460;39.62089;       0.63902;3.42268;2
  31.29796;39.62422;       0.63916;3.42267;2
  31.33129;39.62755;       0.63933;3.42265;2
  31.36463;39.63089;       0.63949;3.42263;2
  31.39794;39.63422;       0.63964;3.42262;2
  31.43130;39.63755;       0.63981;3.42260;2
  31.46467;39.64089;       0.63995;3.42258;2
  31.49802;39.64422;       0.64009;3.42257;2
  31.53136;39.64755;       0.64029;3.42255;2
  31.56468;39.65089;       0.64050;3.42253;2
  31.59804;39.65422;       0.64076;3.42251;2
  31.63140;39.65755;       0.64098;3.42250;2
  31.66473;39.66088;       0.64116;3.42248;2
  31.69807;39.66422;       0.64131;3.42246;2
  31.73141;39.66755;       0.64148;3.42245;2
  31.76475;39.67088;       0.64166;3.42243;2
  31.79808;39.67422;       0.64182;3.42241;2
  31.83142;39.67755;       0.64196;3.42240;2
  31.86475;39.68088;       0.64207;3.42238;2
  31.89809;39.68422;       0.64219;3.42236;2
  31.93143;39.68755;       0.64235;3.42235;2
  31.96479;39.69088;       0.64257;3.42233;2
  31.99813;39.69422;       0.64274;3.42231;2
  32.03146;39.69755;       0.64290;3.42229;2
  32.06482;39.70088;       0.64308;3.42228;2
  32.09821;39.70422;       0.64325;3.42226;2
  32.13153;39.70755;       0.64344;3.42224;2
  32.16488;39.71088;       0.64362;3.42223;2
  32.19824;39.71421;       0.64382;3.42221;2
  32.23156;39.71755;       0.64397;3.42219;2
  32.26490;39.72088;       0.64413;3.42218;2
  32.29826;39.72421;       0.64432;3.42216;2
  32.33160;39.72755;       0.64447;3.42214;2
  32.36495;39.73088;       0.64462;3.42212;2
  32.39831;39.73421;       0.64476;3.42211;2
  32.43163;39.73755;       0.64496;3.42209;2
  32.46497;39.74088;       0.64514;3.42207;2
  32.49830;39.74421;       0.64532;3.42206;2
  32.53164;39.74755;       0.64547;3.42204;2
  32.56500;39.75088;       0.64564;3.42202;2
  32.59836;39.75421;       0.64585;3.42200;2
  32.63172;39.75755;       0.64601;3.42199;2
  32.66508;39.76088;       0.64619;3.42197;2
  32.69845;39.76421;       0.64638;3.42195;2
  32.73183;39.76754;       0.64654;3.42194;2
  32.76520;39.77088;       0.64671;3.42192;2
  32.79854;39.77421;       0.64688;3.42190;2
  32.83189;39.77754;       0.64702;3.42188;2
  32.86521;39.78088;       0.64718;3.42187;2
  32.89850;39.78421;       0.64731;3.42185;2
  32.93185;39.78754;       0.64744;3.42183;2
  32.96517;39.79088;       0.64760;3.42182;2
  32.99850;39.79421;       0.64776;3.42180;2
  33.03186;39.79754;       0.64794;3.42178;2
  33.06518;39.80088;       0.64814;3.42177;2
  33.09857;39.80421;       0.64832;3.42175;2
  33.13193;39.80754;       0.64851;3.42173;2
  33.16529;39.81088;       0.64868;3.42171;2
  33.19863;39.81421;       0.64885;3.42170;2
  33.23196;39.81754;       0.64903;3.42168;2
  33.26532;39.82087;       0.64924;3.42166;2
  33.29868;39.82421;       0.64944;3.42164;2
  33.33202;39.82754;       0.64961;3.42163;2
  33.36538;39.83087;       0.64977;3.42161;2
  33.39874;39.83421;       0.64978;3.42159;2
  33.43211;39.83754;       0.64988;3.42158;2
  33.46547;39.84087;       0.65006;3.42156;2
  33.49883;39.84421;       0.65028;3.42154;2
  33.53219;39.84754;       0.65048;3.42152;2
  33.56555;39.85087;       0.65069;3.42151;2
  33.59892;39.85421;       0.65087;3.42149;2
  33.63226;39.85754;       0.65103;3.42147;2
  33.66564;39.86087;       0.65124;3.42145;2
  33.69898;39.86421;       0.65144;3.42144;2
  33.73234;39.86754;       0.65165;3.42142;2
  33.76570;39.87087;       0.65183;3.42140;2
  33.79904;39.87420;       0.65201;3.42139;2
  33.83240;39.87754;       0.65217;3.42137;2
  33.86576;39.88087;       0.65233;3.42135;2
  33.89910;39.88420;       0.65250;3.42133;2
  33.93244;39.88754;       0.65267;3.42132;2
  33.96582;39.89087;       0.65283;3.42130;2
  33.99916;39.89420;       0.65299;3.42128;2
  34.03253;39.89754;       0.65316;3.42126;2
  34.06589;39.90087;       0.65334;3.42125;2
  34.09923;39.90420;       0.65351;3.42123;2
  34.13254;39.90754;       0.65370;3.42121;2
  34.16588;39.91087;       0.65388;3.42119;2
  34.19923;39.91420;       0.65405;3.42118;2
  34.23255;39.91754;       0.65422;3.42116;2
  34.26591;39.92087;       0.65438;3.42114;2
  34.29927;39.92420;       0.65459;3.42112;2
  34.33263;39.92753;       0.65476;3.42111;2
  34.36600;39.93087;       0.65495;3.42109;2
  34.39936;39.93420;       0.65509;3.42107;2
  34.43270;39.93753;       0.65526;3.42105;2
  34.46608;39.94087;       0.65545;3.42104;2
  34.49947;39.94420;       0.65564;3.42102;2
  34.53283;39.94753;       0.65581;3.42100;2
  34.56619;39.95087;       0.65597;3.42098;2
  34.59956;39.95420;       0.65614;3.42097;2
  34.63291;39.95753;       0.65635;3.42095;2
  34.66628;39.96087;       0.65655;3.42093;2
  34.69964;39.96420;       0.65675;3.42091;2
  34.73300;39.96753;       0.65694;3.42090;2
  34.76637;39.97087;       0.65714;3.42088;2
  34.79973;39.97420;       0.65731;3.42086;2
  34.83312;39.97753;       0.65747;3.42084;2
  34.86653;39.98087;       0.65763;3.42083;2
  34.89992;39.98420;       0.65782;3.42081;2
  34.93335;39.98753;       0.65799;3.42079;2
  34.96670;39.99086;       0.65814;3.42077;2
  35.00011;39.99420;       0.65830;3.42076;2
  35.03354;39.99753;       0.65851;3.42074;2
  35.06693;40.00086;       0.65868;3.42072;2
  35.10035;40.00420;       0.65885;3.42070;2
  35.13374;40.00753;       0.65903;3.42069;2
  35.16714;40.01086;       0.65922;3.42067;2
  35.20054;40.01420;       0.65941;3.42065;2
  35.23393;40.01753;       0.65961;3.42063;2
  35.26733;40.02086;       0.65981;3.42062;2
  35.30070;40.02420;       0.65999;3.42060;2
  35.33408;40.02753;       0.66019;3.42058;2
  35.36745;40.03086;       0.66041;3.42056;2
  35.40084;40.03420;       0.66066;3.42055;2
  35.43418;40.03753;       0.66091;3.42053;2
  35.46756;40.04086;       0.66109;3.42051;2
  35.50092;40.04419;       0.66125;3.42049;2
  35.53429;40.04753;       0.66141;3.42047;2
  35.56765;40.05086;       0.66142;3.42046;2
  35.60103;40.05419;       0.66153;3.42044;2
  35.63440;40.05753;       0.66178;3.42042;2
  35.66778;40.06086;       0.66200;3.42040;2
  35.70113;40.06419;       0.66222;3.42039;2
  35.73451;40.06753;       0.66245;3.42037;2
  35.76785;40.07086;       0.66264;3.42035;2
  35.80121;40.07419;       0.66285;3.42033;2
  35.83457;40.07753;       0.66306;3.42032;2
  35.86794;40.08086;       0.66325;3.42030;2
  35.90132;40.08419;       0.66340;3.42028;2
  35.93471;40.08753;       0.66358;3.42026;2
  35.96809;40.09086;       0.66379;3.42024;2
  36.00146;40.09419;       0.66397;3.42023;2
  36.03485;40.09752;       0.66415;3.42021;2
  36.06824;40.10086;       0.66430;3.42019;2
  36.10162;40.10419;       0.66447;3.42017;2
  36.13501;40.10752;       0.66464;3.42016;2
  36.16842;40.11086;       0.66486;3.42014;2
  36.20181;40.11419;       0.66509;3.42012;2
  36.23522;40.11752;       0.66531;3.42010;2
  36.26861;40.12086;       0.66549;3.42008;2
  36.30200;40.12419;       0.66568;3.42007;2
  36.33541;40.12752;       0.66590;3.42005;2
  36.36883;40.13086;       0.66615;3.42003;2
  36.40221;40.13419;       0.66636;3.42001;2
  36.43561;40.13752;       0.66654;3.41999;2
  36.46902;40.14086;       0.66675;3.41998;2
  36.50240;40.14419;       0.66697;3.41996;2
  36.53579;40.14752;       0.66720;3.41994;2
  36.56918;40.15085;       0.66742;3.41992;2
  36.60255;40.15419;       0.66764;3.41991;2
  36.63593;40.15752;       0.66784;3.41989;2
  36.66932;40.16085;       0.66798;3.41987;2
  36.70266;40.16419;       0.66810;3.41985;2
  36.73600;40.16752;       0.66827;3.41983;2
  36.76936;40.17085;       0.66845;3.41982;2
  36.80272;40.17419;       0.66864;3.41980;2
  36.83606;40.17752;       0.66883;3.41978;2
  36.86939;40.18085;       0.66901;3.41976;2
  36.90268;40.18419;       0.66921;3.41974;2
  36.93599;40.18752;       0.66940;3.41973;2
  36.96930;40.19085;       0.66959;3.41971;2
  37.00266;40.19419;       0.66979;3.41969;2
  37.03597;40.19752;       0.66998;3.41967;2
  37.06928;40.20085;       0.67014;3.41965;2
  37.10259;40.20418;       0.67031;3.41964;2
  37.13590;40.20752;       0.67048;3.41962;2
  37.16921;40.21085;       0.67065;3.41960;2
  37.20253;40.21418;       0.67084;3.41958;2
  37.23584;40.21752;       0.67104;3.41956;2
  37.26917;40.22085;       0.67125;3.41955;2
  37.30251;40.22418;       0.67143;3.41953;2
  37.33585;40.22752;       0.67161;3.41951;2
  37.36918;40.23085;       0.67181;3.41949;2
  37.40250;40.23418;       0.67199;3.41947;2
  37.43581;40.23752;       0.67218;3.41946;2
  37.46919;40.24085;       0.67242;3.41944;2
  37.50251;40.24418;       0.67264;3.41942;2
  37.53586;40.24752;       0.67286;3.41940;2
  37.56917;40.25085;       0.67306;3.41938;2
  37.60251;40.25418;       0.67320;3.41937;2
  37.63583;40.25751;       0.67335;3.41935;2
  37.66916;40.26085;       0.67355;3.41933;2
  37.70249;40.26418;       0.67375;3.41931;2
  37.73583;40.26751;       0.67394;3.41929;2
  37.76920;40.27085;       0.67411;3.41928;2
  37.80256;40.27418;       0.67431;3.41926;2
  37.83594;40.27751;       0.67448;3.41924;2
  37.86930;40.28085;       0.67462;3.41922;2
  37.90259;40.28418;       0.67481;3.41920;2
  37.93588;40.28751;       0.67500;3.41919;2
  37.96921;40.29085;       0.67527;3.41917;2
  38.00253;40.29418;       0.67550;3.41915;2
  38.03584;40.29751;       0.67573;3.41913;2
  38.06914;40.30085;       0.67593;3.41911;2
  38.10243;40.30418;       0.67608;3.41910;2
  38.13575;40.30751;       0.67621;3.41908;2
  38.16906;40.31084;       0.67641;3.41906;2
  38.20237;40.31418;       0.67661;3.41904;2
  38.23570;40.31751;       0.67680;3.41902;2
  38.26899;40.32084;       0.67698;3.41900;2
  38.30230;40.32418;       0.67715;3.41899;2
  38.33561;40.32751;       0.67734;3.41897;2
  38.36892;40.33084;       0.67757;3.41895;2
  38.40220;40.33418;       0.67778;3.41893;2
  38.43551;40.33751;       0.67795;3.41891;2
  38.46880;40.34084;       0.67811;3.41890;2
  38.50208;40.34418;       0.67828;3.41888;2
  38.53542;40.34751;       0.67844;3.41886;2
  38.56869;40.35084;       0.67862;3.41884;2
  38.60202;40.35418;       0.67880;3.41882;2
  38.63535;40.35751;       0.67905;3.41880;2
  38.66862;40.36084;       0.67930;3.41879;2
  38.70193;40.36417;       0.67953;3.41877;2
  38.73524;40.36751;       0.67972;3.41875;2
  38.76857;40.37084;       0.67993;3.41873;2
  38.80189;40.37417;       0.68012;3.41871;2
  38.83519;40.37751;       0.68030;3.41869;2
  38.86853;40.38084;       0.68046;3.41868;2
  38.90185;40.38417;       0.68066;3.41866;2
  38.93518;40.38751;       0.68085;3.41864;2
  38.96852;40.39084;       0.68102;3.41862;2
  39.00186;40.39417;       0.68122;3.41860;2
  39.03520;40.39751;       0.68146;3.41858;2
  39.06855;40.40084;       0.68169;3.41857;2
  39.10189;40.40417;       0.68189;3.41855;2
  39.13522;40.40751;       0.68209;3.41853;2
  39.16852;40.41084;       0.68228;3.41851;2
  39.20185;40.41417;       0.68249;3.41849;2
  39.23517;40.41750;       0.68272;3.41847;2
  39.26845;40.42084;       0.68294;3.41846;2
  39.30174;40.42417;       0.68319;3.41844;2
  39.33502;40.42750;       0.68343;3.41842;2
  39.36832;40.43084;       0.68364;3.41840;2
  39.40155;40.43417;       0.68382;3.41838;2
  39.43481;40.43750;       0.68399;3.41836;2
  39.46815;40.44084;       0.68419;3.41835;2
  39.50155;40.44417;       0.68439;3.41833;2
  39.53486;40.44750;       0.68465;3.41831;2
  39.56817;40.45084;       0.68486;3.41829;2
  39.60150;40.45417;       0.68505;3.41827;2
  39.63485;40.45750;       0.68528;3.41825;2
  39.66821;40.46084;       0.68541;3.41824;2
  39.70149;40.46417;       0.68554;3.41822;2
  39.73484;40.46750;       0.68573;3.41820;2
  39.76821;40.47083;       0.68592;3.41818;2
  39.80140;40.47417;       0.68612;3.41816;2
  39.83456;40.47750;       0.68632;3.41814;2
  39.86790;40.48083;       0.68652;3.41812;2
  39.90143;40.48417;       0.68673;3.41811;2
  39.93480;40.48750;       0.68699;3.41809;2
  39.96800;40.49083;       0.68722;3.41807;2

