#EXPORTTYPE:DATA SINGLE
#FILE:DPG_HEPES.ngb-ddg
#FORMAT:NETZSCH5
#FTYPE:ANSI
#IDENTITY:DPG_HEPES
#DECIMAL:POINT
#SEPARATOR:SEMICOLON
#MTYPE:DSC
#INSTRUMENT:NETZSCH DSC 214
#PROJECT:
#DATE/TIME:22.05.2026 14:30
#CORR. FILE:correction_2.ngb-bdg
#TEMPCAL:applied
#SENSITIVITY:applied
#LABORATORY:Proc. de Nanocerâmicas
#OPERATOR:Danilo Janes
#REMARK:
#SAMPLE:VEG_HEPES
#SAMPLE MASS /mg:16.8
#MATERIAL:
#REFERENCE:
#REFERENCE MASS /mg:0
#TYPE OF CRUCIBLE:Concavus Pan Al, pierced lid
#SAMPLE CRUCIBLE MASS /mg:0
#REFERENCE CRUCIBLE MASS /mg:0
#M.RANGE /µV:5000
#TAU-R:---
#CORR. CODE:020
#EXO:-1
#RANGE:25°C/10,0(K/min)/-170°C/10,0(K/min)/40°C/
#SEGMENT:S1-2/2
#SEG. 1:25°C/10,0(K/min)/-170°C
#SEG. 2:-170°C/10,0(K/min)/40°C

##Temp./°C;Time/min;DSC/(mW/mg);Sensit./(uV/mW);Segment
  25.00000; 0.00000; 8.945455e-002;3.42573;1
  24.99933; 0.00333; 8.936149e-002;3.42573;1
  24.99960; 0.00667; 8.925558e-002;3.42573;1
  24.99971; 0.01000; 8.920268e-002;3.42573;1
  25.00022; 0.01333; 8.918929e-002;3.42573;1
  25.00009; 0.01667; 8.921593e-002;3.42573;1
  24.99962; 0.02000; 8.922932e-002;3.42573;1
  24.99907; 0.02333; 8.921633e-002;3.42573;1
  24.99824; 0.02666; 8.913660e-002;3.42573;1
  24.99726; 0.03000; 8.896441e-002;3.42573;1
  24.99610; 0.03333; 8.884491e-002;3.42573;1
  24.99470; 0.03666; 8.875226e-002;3.42574;1
  24.99284; 0.04000; 8.861933e-002;3.42574;1
  24.99082; 0.04333; 8.846024e-002;3.42574;1
  24.98855; 0.04666; 8.831453e-002;3.42574;1
  24.98610; 0.05000; 8.812864e-002;3.42574;1
  24.98337; 0.05333; 8.786342e-002;3.42574;1
  24.98038; 0.05666; 8.758520e-002;3.42574;1
  24.97709; 0.06000; 8.718754e-002;3.42574;1
  24.97357; 0.06333; 8.657780e-002;3.42575;1
  24.96979; 0.06666; 8.598115e-002;3.42575;1
  24.96564; 0.06999; 8.542452e-002;3.42575;1
  24.96114; 0.07333; 8.485395e-002;3.42575;1
  24.95637; 0.07666; 8.429685e-002;3.42575;1
  24.95128; 0.07999; 8.364721e-002;3.42576;1
  24.94584; 0.08333; 8.293160e-002;3.42576;1
  24.93999; 0.08666; 8.217575e-002;3.42576;1
  24.93385; 0.08999; 8.140675e-002;3.42576;1
  24.92738; 0.09333; 8.055800e-002;3.42577;1
  24.92048; 0.09666; 7.970968e-002;3.42577;1
  24.91323; 0.09999; 7.871530e-002;3.42577;1
  24.90800; 0.10332; 7.779995e-002;3.42578;1
  24.90257; 0.10666; 7.684603e-002;3.42578;1
  24.89690; 0.10999; 7.581152e-002;3.42578;1
  24.89098; 0.11332; 7.476424e-002;3.42578;1
  24.88481; 0.11666; 7.366377e-002;3.42579;1
  24.87840; 0.11999; 7.251031e-002;3.42579;1
  24.87174; 0.12332; 7.126421e-002;3.42579;1
  24.86478; 0.12666; 6.992523e-002;3.42580;1
  24.85758; 0.12999; 6.858617e-002;3.42580;1
  24.85014; 0.13332; 6.720694e-002;3.42580;1
  24.84245; 0.13666; 6.580144e-002;3.42581;1
  24.83449; 0.13999; 6.439605e-002;3.42581;1
  24.82626; 0.14332; 6.292443e-002;3.42581;1
  24.81775; 0.14665; 6.137314e-002;3.42582;1
  24.80895; 0.14999; 5.974260e-002;3.42582;1
  24.79989; 0.15332; 5.803242e-002;3.42583;1
  24.79054; 0.15665; 5.622946e-002;3.42583;1
  24.78092; 0.15999; 5.429404e-002;3.42584;1
  24.77102; 0.16332; 5.225213e-002;3.42584;1
  24.76085; 0.16665; 5.021042e-002;3.42584;1
  24.75037; 0.16999; 4.816818e-002;3.42585;1
  24.73959; 0.17332; 4.603380e-002;3.42586;1
  24.72852; 0.17665; 4.389922e-002;3.42586;1
  24.71720; 0.17999; 4.175147e-002;3.42587;1
  24.70558; 0.18332; 3.953733e-002;3.42587;1
  24.69366; 0.18665; 3.733596e-002;3.42588;1
  24.68144; 0.18998; 3.513464e-002;3.42588;1
  24.66890; 0.19332; 3.290743e-002;3.42589;1
  24.65605; 0.19665; 3.065312e-002;3.42589;1
  24.64290; 0.19998; 2.839947e-002;3.42590;1
  24.62946; 0.20332; 2.600017e-002;3.42591;1
  24.61573; 0.20665; 2.349479e-002;3.42591;1
  24.60161; 0.20998; 2.090967e-002;3.42592;1
  24.58722; 0.21332; 1.813967e-002;3.42593;1
  24.57249; 0.21665; 1.530194e-002;3.42593;1
  24.55741; 0.21998; 1.243846e-002;3.42594;1
  24.54205; 0.22331; 9.508260e-003;3.42595;1
  24.52635; 0.22665; 6.591287e-003;3.42595;1
  24.51029; 0.22998; 3.595524e-003;3.42596;1
  24.49393; 0.23331; 5.064421e-004;3.42597;1
  24.47728; 0.23665;-2.556150e-003;3.42598;1
  24.46031; 0.23998;-5.671473e-003;3.42599;1
  24.44301; 0.24331;-8.892428e-003;3.42599;1
  24.42537; 0.24665;-1.227271e-002;3.42600;1
  24.40742; 0.24998;-1.570640e-002;3.42601;1
  24.38913; 0.25331;-1.915336e-002;3.42602;1
  24.37045; 0.25665;-2.266653e-002;3.42603;1
  24.35145; 0.25998;-2.620609e-002;3.42604;1
  24.33213; 0.26331;-2.979853e-002;3.42605;1
  24.31244; 0.26664;-3.348350e-002;3.42605;1
  24.29240; 0.26998;-3.722167e-002;3.42606;1
  24.27204; 0.27331;-4.100017e-002;3.42607;1
  24.25134; 0.27664;-4.479165e-002;3.42608;1
  24.23025; 0.27998;-4.867548e-002;3.42609;1
  24.20884; 0.28331;-5.259968e-002;3.42610;1
  24.18701; 0.28664;-5.649716e-002;3.42611;1
  24.16486; 0.28998;-6.048678e-002;3.42612;1
  24.14238; 0.29331;-6.454365e-002;3.42613;1
  24.11951; 0.29664;-6.858686e-002;3.42614;1
  24.09629; 0.29998;-7.270888e-002;3.42615;1
  24.07269; 0.30331;-7.691076e-002;3.42617;1
  24.04869; 0.30664;-8.115294e-002;3.42618;1
  24.02432; 0.30997;-8.539499e-002;3.42619;1
  23.99959; 0.31331;-8.968982e-002;3.42620;1
  23.97449; 0.31664;-9.395843e-002;3.42621;1
  23.94904; 0.31997;-9.827997e-002;3.42622;1
  23.92319; 0.32331;      -0.10264;3.42623;1
  23.89697; 0.32664;      -0.10707;3.42625;1
  23.87037; 0.32997;      -0.11157;3.42626;1
  23.84337; 0.33331;      -0.11607;3.42627;1
  23.81598; 0.33664;      -0.12063;3.42628;1
  23.78820; 0.33997;      -0.12531;3.42630;1
  23.76003; 0.34331;      -0.12997;3.42631;1
  23.73146; 0.34664;      -0.13473;3.42632;1
  23.70253; 0.34997;      -0.13972;3.42634;1
  23.67314; 0.35330;      -0.14483;3.42635;1
  23.64335; 0.35664;      -0.14985;3.42636;1
  23.61312; 0.35997;      -0.15495;3.42638;1
  23.58244; 0.36330;      -0.16006;3.42639;1
  23.55135; 0.36664;      -0.16511;3.42641;1
  23.51978; 0.36997;      -0.17009;3.42642;1
  23.48777; 0.37330;      -0.17491;3.42644;1
  23.45534; 0.37664;      -0.17968;3.42645;1
  23.42247; 0.37997;      -0.18451;3.42647;1
  23.38912; 0.38330;      -0.18942;3.42648;1
  23.35531; 0.38663;      -0.19440;3.42650;1
  23.32100; 0.38997;      -0.19956;3.42651;1
  23.28619; 0.39330;      -0.20470;3.42653;1
  23.25092; 0.39663;      -0.20991;3.42654;1
  23.21513; 0.39997;      -0.21519;3.42656;1
  23.17881; 0.40330;      -0.22052;3.42658;1
  23.14196; 0.40663;      -0.22602;3.42659;1
  23.10461; 0.40997;      -0.23151;3.42661;1
  23.06673; 0.41330;      -0.23702;3.42663;1
  23.02828; 0.41663;      -0.24256;3.42665;1
  22.98931; 0.41997;      -0.24810;3.42666;1
  22.94979; 0.42330;      -0.25379;3.42668;1
  22.90969; 0.42663;      -0.25965;3.42670;1
  22.86898; 0.42996;      -0.26543;3.42672;1
  22.82769; 0.43330;      -0.27127;3.42674;1
  22.78577; 0.43663;      -0.27721;3.42676;1
  22.74319; 0.43996;      -0.28320;3.42678;1
  22.69997; 0.44330;      -0.28931;3.42680;1
  22.65613; 0.44663;      -0.29546;3.42682;1
  22.61166; 0.44996;      -0.30166;3.42684;1
  22.56653; 0.45330;      -0.30792;3.42686;1
  22.52070; 0.45663;      -0.31432;3.42688;1
  22.47427; 0.45996;      -0.32081;3.42690;1
  22.42708; 0.46330;      -0.32733;3.42692;1
  22.37919; 0.46663;      -0.33389;3.42694;1
  22.33063; 0.46996;      -0.34048;3.42696;1
  22.28132; 0.47329;      -0.34724;3.42699;1
  22.23127; 0.47663;      -0.35408;3.42701;1
  22.18046; 0.47996;      -0.36100;3.42703;1
  22.12891; 0.48329;      -0.36803;3.42705;1
  22.07657; 0.48663;      -0.37521;3.42708;1
  22.02345; 0.48996;      -0.38243;3.42710;1
  21.96953; 0.49329;      -0.38965;3.42713;1
  21.91482; 0.49663;      -0.39698;3.42715;1
  21.85933; 0.49996;      -0.40445;3.42718;1
  21.80298; 0.50329;      -0.41204;3.42720;1
  21.74583; 0.50662;      -0.41981;3.42723;1
  21.68787; 0.50996;      -0.42771;3.42725;1
  21.62905; 0.51329;      -0.43568;3.42728;1
  21.56937; 0.51662;      -0.44380;3.42731;1
  21.50882; 0.51996;      -0.45208;3.42733;1
  21.44742; 0.52329;      -0.46042;3.42736;1
  21.38509; 0.52662;      -0.46879;3.42739;1
  21.32190; 0.52996;      -0.47740;3.42742;1
  21.25778; 0.53329;      -0.48612;3.42745;1
  21.19277; 0.53662;      -0.49501;3.42748;1
  21.12687; 0.53996;      -0.50407;3.42750;1
  21.06002; 0.54329;      -0.51323;3.42753;1
  20.99223; 0.54662;      -0.52250;3.42756;1
  20.92355; 0.54995;      -0.53199;3.42759;1
  20.85386; 0.55329;      -0.54166;3.42763;1
  20.78322; 0.55662;      -0.55144;3.42766;1
  20.71165; 0.55995;      -0.56136;3.42769;1
  20.63915; 0.56329;      -0.57163;3.42772;1
  20.56569; 0.56662;      -0.58251;3.42775;1
  20.49124; 0.56995;      -0.59373;3.42779;1
  20.41583; 0.57329;      -0.60512;3.42782;1
  20.33944; 0.57662;      -0.61639;3.42785;1
  20.26207; 0.57995;      -0.62749;3.42789;1
  20.18368; 0.58329;      -0.63847;3.42792;1
  20.10434; 0.58662;      -0.64941;3.42796;1
  20.02398; 0.58995;      -0.66037;3.42799;1
  19.94263; 0.59328;      -0.67147;3.42803;1
  19.86033; 0.59662;      -0.68255;3.42806;1
  19.77706; 0.59995;      -0.69390;3.42810;1
  19.69277; 0.60328;      -0.70553;3.42814;1
  19.60748; 0.60662;      -0.71724;3.42818;1
  19.52121; 0.60995;      -0.72914;3.42821;1
  19.43394; 0.61328;      -0.74129;3.42825;1
  19.34566; 0.61662;      -0.75361;3.42829;1
  19.25642; 0.61995;      -0.76602;3.42833;1
  19.16618; 0.62328;      -0.77864;3.42837;1
  19.07496; 0.62662;      -0.79138;3.42841;1
  18.98275; 0.62995;      -0.80424;3.42845;1
  18.88960; 0.63328;      -0.81722;3.42849;1
  18.79545; 0.63661;      -0.83035;3.42853;1
  18.70036; 0.63995;      -0.84376;3.42857;1
  18.60432; 0.64328;      -0.85727;3.42861;1
  18.50733; 0.64661;      -0.87077;3.42865;1
  18.40937; 0.64995;      -0.88439;3.42869;1
  18.31046; 0.65328;      -0.89810;3.42874;1
  18.21061; 0.65661;      -0.91191;3.42878;1
  18.10985; 0.65995;      -0.92582;3.42882;1
  18.00812; 0.66328;      -0.93980;3.42887;1
  17.90552; 0.66661;      -0.95386;3.42891;1
  17.80198; 0.66994;      -0.96812;3.42896;1
  17.69755; 0.67328;      -0.98243;3.42900;1
  17.59226; 0.67661;      -0.99673;3.42904;1
  17.48609; 0.67994;      -1.01118;3.42909;1
  17.37906; 0.68328;      -1.02563;3.42913;1
  17.27121; 0.68661;      -1.04013;3.42918;1
  17.16258; 0.68994;      -1.05475;3.42923;1
  17.05326; 0.69328;      -1.06946;3.42927;1
  16.94321; 0.69661;      -1.08422;3.42932;1
  16.83253; 0.69994;      -1.09905;3.42937;1
  16.72122; 0.70328;      -1.11385;3.42941;1
  16.60941; 0.70661;      -1.12868;3.42946;1
  16.49710; 0.70994;      -1.14360;3.42951;1
  16.38438; 0.71327;      -1.15853;3.42955;1
  16.27130; 0.71661;      -1.17345;3.42960;1
  16.15795; 0.71994;      -1.18841;3.42965;1
  16.04441; 0.72327;      -1.20338;3.42970;1
  15.93071; 0.72661;      -1.21844;3.42974;1
  15.81698; 0.72994;      -1.23348;3.42979;1
  15.70326; 0.73327;      -1.24853;3.42984;1
  15.58964; 0.73661;      -1.26356;3.42988;1
  15.47623; 0.73994;      -1.27850;3.42993;1
  15.36306; 0.74327;      -1.29351;3.42998;1
  15.25027; 0.74661;      -1.30852;3.43002;1
  15.13796; 0.74994;      -1.32352;3.43007;1
  15.02614; 0.75327;      -1.33848;3.43012;1
  14.91497; 0.75660;      -1.35348;3.43016;1
  14.80453; 0.75994;      -1.36844;3.43021;1
  14.69483; 0.76327;      -1.38334;3.43025;1
  14.58600; 0.76660;      -1.39822;3.43030;1
  14.47806; 0.76994;      -1.41315;3.43034;1
  14.37129; 0.77327;      -1.42796;3.43038;1
  14.26565; 0.77660;      -1.44251;3.43043;1
  14.16123; 0.77994;      -1.45710;3.43047;1
  14.05805; 0.78327;      -1.47153;3.43051;1
  13.95616; 0.78660;      -1.48581;3.43055;1
  13.85570; 0.78993;      -1.49985;3.43059;1
  13.75674; 0.79327;      -1.51377;3.43063;1
  13.65934; 0.79660;      -1.52750;3.43067;1
  13.56355; 0.79993;      -1.54084;3.43071;1
  13.46944; 0.80327;      -1.55393;3.43075;1
  13.37712; 0.80660;      -1.56674;3.43079;1
  13.28663; 0.80993;      -1.57915;3.43082;1
  13.19804; 0.81327;      -1.59115;3.43086;1
  13.11145; 0.81660;      -1.60279;3.43089;1
  13.02687; 0.81993;      -1.61394;3.43093;1
  12.94441; 0.82327;      -1.62439;3.43096;1
  12.86412; 0.82660;      -1.63423;3.43099;1
  12.78607; 0.82993;      -1.64347;3.43102;1
  12.71026; 0.83326;      -1.65189;3.43105;1
  12.63680; 0.83660;      -1.65967;3.43108;1
  12.56574; 0.83993;      -1.66658;3.43111;1
  12.49709; 0.84326;      -1.67276;3.43114;1
  12.43096; 0.84660;      -1.67810;3.43116;1
  12.36736; 0.84993;      -1.68247;3.43119;1
  12.30637; 0.85326;      -1.68596;3.43121;1
  12.24803; 0.85660;      -1.68856;3.43123;1
  12.19237; 0.85993;      -1.69068;3.43126;1
  12.13941; 0.86326;      -1.69277;3.43128;1
  12.08924; 0.86660;      -1.69409;3.43130;1
  12.04187; 0.86993;      -1.69900;3.43132;1
  11.99734; 0.87326;      -1.70305;3.43133;1
  11.95567; 0.87659;      -1.70320;3.43135;1
  11.91689; 0.87993;      -1.70012;3.43136;1
  11.88103; 0.88326;      -1.69482;3.43138;1
  11.84808; 0.88659;      -1.68798;3.43139;1
  11.81807; 0.88993;      -1.67974;3.43140;1
  11.79101; 0.89326;      -1.67040;3.43141;1
  11.76685; 0.89659;      -1.66004;3.43142;1
  11.74560; 0.89993;      -1.64877;3.43143;1
  11.72723; 0.90326;      -1.63650;3.43144;1
  11.71169; 0.90659;      -1.62336;3.43144;1
  11.69894; 0.90993;      -1.60927;3.43145;1
  11.68901; 0.91326;      -1.59428;3.43145;1
  11.68179; 0.91659;      -1.57846;3.43146;1
  11.67724; 0.91992;      -1.56184;3.43146;1
  11.67529; 0.92326;      -1.54445;3.43146;1
  11.67589; 0.92659;      -1.52612;3.43146;1
  11.67897; 0.92992;      -1.50721;3.43146;1
  11.68450; 0.93326;      -1.48750;3.43146;1
  11.69241; 0.93659;      -1.46708;3.43145;1
  11.70262; 0.93992;      -1.44585;3.43145;1
  11.71503; 0.94326;      -1.42397;3.43144;1
  11.72959; 0.94659;      -1.40148;3.43144;1
  11.74616; 0.94992;      -1.37841;3.43143;1
  11.76469; 0.95325;      -1.35483;3.43142;1
  11.78510; 0.95659;      -1.33069;3.43142;1
  11.80729; 0.95992;      -1.30613;3.43141;1
  11.83118; 0.96325;      -1.28111;3.43140;1
  11.85673; 0.96659;      -1.25579;3.43139;1
  11.88379; 0.96992;      -1.23003;3.43138;1
  11.91239; 0.97325;      -1.20375;3.43137;1
  11.94223; 0.97659;      -1.17712;3.43135;1
  11.97331; 0.97992;      -1.14999;3.43134;1
  12.00558; 0.98325;      -1.12242;3.43133;1
  12.03898; 0.98659;      -1.09424;3.43132;1
  12.07344; 0.98992;      -1.06560;3.43130;1
  12.10884; 0.99325;      -1.03646;3.43129;1
  12.14511; 0.99658;      -1.00683;3.43127;1
  12.18214; 0.99992;      -0.97669;3.43126;1
  12.21988; 1.00325;      -0.94601;3.43125;1
  12.25819; 1.00658;      -0.91501;3.43123;1
  12.29704; 1.00992;      -0.88357;3.43121;1
  12.33634; 1.01325;      -0.85179;3.43120;1
  12.37602; 1.01658;      -0.81961;3.43118;1
  12.41597; 1.01992;      -0.78728;3.43117;1
  12.45615; 1.02325;      -0.75487;3.43115;1
  12.49642; 1.02658;      -0.72231;3.43114;1
  12.53675; 1.02992;      -0.68954;3.43112;1
  12.57702; 1.03325;      -0.65672;3.43110;1
  12.61727; 1.03658;      -0.62398;3.43109;1
  12.65729; 1.03991;      -0.59129;3.43107;1
  12.69711; 1.04325;      -0.55863;3.43106;1
  12.73662; 1.04658;      -0.52623;3.43104;1
  12.77576; 1.04991;      -0.49411;3.43103;1
  12.81447; 1.05325;      -0.46231;3.43101;1
  12.85268; 1.05658;      -0.43083;3.43099;1
  12.89030; 1.05991;      -0.39980;3.43098;1
  12.92730; 1.06325;      -0.36921;3.43096;1
  12.96361; 1.06658;      -0.33916;3.43095;1
  12.99914; 1.06991;      -0.30945;3.43094;1
  13.03389; 1.07324;      -0.28044;3.43092;1
  13.06782; 1.07658;      -0.25210;3.43091;1
  13.10082; 1.07991;      -0.22435;3.43090;1
  13.13288; 1.08324;      -0.19742;3.43088;1
  13.16397; 1.08658;      -0.17116;3.43087;1
  13.19404; 1.08991;      -0.14558;3.43086;1
  13.22305; 1.09324;      -0.12084;3.43085;1
  13.25095; 1.09658;-9.694544e-002;3.43084;1
  13.27768; 1.09991;-7.394955e-002;3.43083;1
  13.30322; 1.10324;-5.163232e-002;3.43082;1
  13.32757; 1.10658;-3.010255e-002;3.43081;1
  13.35068; 1.10991;-9.554054e-003;3.43080;1
  13.37255; 1.11324; 1.022397e-002;3.43079;1
  13.39308; 1.11657; 2.909140e-002;3.43078;1
  13.41231; 1.11991; 4.707274e-002;3.43077;1
  13.43024; 1.12324; 6.406068e-002;3.43076;1
  13.44684; 1.12657; 8.017197e-002;3.43076;1
  13.46210; 1.12991; 9.538534e-002;3.43075;1
  13.47601; 1.13324;       0.10968;3.43075;1
  13.48854; 1.13657;       0.12320;3.43074;1
  13.49963; 1.13991;       0.13570;3.43074;1
  13.50932; 1.14324;       0.14729;3.43073;1
  13.51762; 1.14657;       0.15807;3.43073;1
  13.52451; 1.14991;       0.16792;3.43073;1
  13.53001; 1.15324;       0.17680;3.43072;1
  13.53413; 1.15657;       0.18495;3.43072;1
  13.53681; 1.15990;       0.19216;3.43072;1
  13.53810; 1.16324;       0.19846;3.43072;1
  13.53802; 1.16657;       0.20417;3.43072;1
  13.53656; 1.16990;       0.20885;3.43072;1
  13.53368; 1.17324;       0.21266;3.43072;1
  13.52941; 1.17657;       0.21569;3.43072;1
  13.52376; 1.17990;       0.21802;3.43073;1
  13.51675; 1.18324;       0.21935;3.43073;1
  13.50840; 1.18657;       0.21998;3.43073;1
  13.49873; 1.18990;       0.21996;3.43074;1
  13.48777; 1.19324;       0.21905;3.43074;1
  13.47547; 1.19657;       0.21750;3.43075;1
  13.46185; 1.19990;       0.21525;3.43075;1
  13.44700; 1.20323;       0.21249;3.43076;1
  13.43088; 1.20657;       0.20888;3.43076;1
  13.41357; 1.20990;       0.20461;3.43077;1
  13.39510; 1.21323;       0.19980;3.43078;1
  13.37543; 1.21657;       0.19437;3.43079;1
  13.35460; 1.21990;       0.18834;3.43079;1
  13.33262; 1.22323;       0.18176;3.43080;1
  13.30954; 1.22657;       0.17473;3.43081;1
  13.28539; 1.22990;       0.16714;3.43082;1
  13.26018; 1.23323;       0.15905;3.43083;1
  13.23393; 1.23656;       0.15058;3.43084;1
  13.20665; 1.23990;       0.14169;3.43085;1
  13.17844; 1.24323;       0.13237;3.43086;1
  13.14923; 1.24656;       0.12258;3.43088;1
  13.11908; 1.24990;       0.11249;3.43089;1
  13.08802; 1.25323;       0.10208;3.43090;1
  13.05612; 1.25656; 9.121658e-002;3.43091;1
  13.02333; 1.25990; 8.005183e-002;3.43093;1
  12.98973; 1.26323; 6.869107e-002;3.43094;1
  12.95535; 1.26656; 5.701388e-002;3.43095;1
  12.92021; 1.26990; 4.510975e-002;3.43097;1
  12.88438; 1.27323; 3.295553e-002;3.43098;1
  12.84782; 1.27656; 2.054974e-002;3.43100;1
  12.81058; 1.27989; 7.955076e-003;3.43101;1
  12.77267; 1.28323;-4.706262e-003;3.43103;1
  12.73415; 1.28656;-1.752247e-002;3.43104;1
  12.69501; 1.28989;-3.051268e-002;3.43106;1
  12.65534; 1.29323;-4.359509e-002;3.43107;1
  12.61512; 1.29656;-5.682383e-002;3.43109;1
  12.57440; 1.29989;-7.011742e-002;3.43111;1
  12.53320; 1.30323;-8.357090e-002;3.43112;1
  12.49158; 1.30656;-9.697548e-002;3.43114;1
  12.44953; 1.30989;      -0.11038;3.43115;1
  12.40707; 1.31323;      -0.12382;3.43117;1
  12.36422; 1.31656;      -0.13727;3.43119;1
  12.32104; 1.31989;      -0.15068;3.43121;1
  12.27751; 1.32322;      -0.16392;3.43122;1
  12.23367; 1.32656;      -0.17709;3.43124;1
  12.18958; 1.32989;      -0.19045;3.43126;1
  12.14522; 1.33322;      -0.20370;3.43127;1
  12.10059; 1.33656;      -0.21676;3.43129;1
  12.05578; 1.33989;      -0.22981;3.43131;1
  12.01079; 1.34322;      -0.24279;3.43133;1
  11.96564; 1.34656;      -0.25567;3.43134;1
  11.92035; 1.34989;      -0.26830;3.43136;1
  11.87493; 1.35322;      -0.28072;3.43138;1
  11.82941; 1.35655;      -0.29306;3.43140;1
  11.78380; 1.35989;      -0.30528;3.43142;1
  11.73814; 1.36322;      -0.31728;3.43143;1
  11.69243; 1.36655;      -0.32907;3.43145;1
  11.64666; 1.36989;      -0.34063;3.43147;1
  11.60090; 1.37322;      -0.35217;3.43149;1
  11.55514; 1.37655;      -0.36351;3.43151;1
  11.50943; 1.37989;      -0.37457;3.43152;1
  11.46374; 1.38322;      -0.38547;3.43154;1
  11.41817; 1.38655;      -0.39607;3.43156;1
  11.37263; 1.38989;      -0.40649;3.43158;1
  11.32714; 1.39322;      -0.41667;3.43159;1
  11.28176; 1.39655;      -0.42666;3.43161;1
  11.23653; 1.39988;      -0.43645;3.43163;1
  11.19143; 1.40322;      -0.44598;3.43165;1
  11.14648; 1.40655;      -0.45520;3.43166;1
  11.10169; 1.40988;      -0.46420;3.43168;1
  11.05705; 1.41322;      -0.47299;3.43170;1
  11.01252; 1.41655;      -0.48163;3.43172;1
  10.96822; 1.41988;      -0.49018;3.43173;1
  10.92414; 1.42322;      -0.49864;3.43175;1
  10.88018; 1.42655;      -0.50676;3.43177;1
  10.83651; 1.42988;      -0.51472;3.43178;1
  10.79304; 1.43322;      -0.52224;3.43180;1
  10.74979; 1.43655;      -0.52942;3.43182;1
  10.70679; 1.43988;      -0.53622;3.43183;1
  10.66401; 1.44321;      -0.54253;3.43185;1
  10.62147; 1.44655;      -0.54848;3.43187;1
  10.57918; 1.44988;      -0.55418;3.43188;1
  10.53718; 1.45321;      -0.55970;3.43190;1
  10.49538; 1.45655;      -0.56495;3.43192;1
  10.45387; 1.45988;      -0.57006;3.43193;1
  10.41265; 1.46321;      -0.57499;3.43195;1
  10.37166; 1.46655;      -0.57981;3.43196;1
  10.33093; 1.46988;      -0.58439;3.43198;1
  10.29053; 1.47321;      -0.58869;3.43199;1
  10.25039; 1.47655;      -0.59270;3.43201;1
  10.21052; 1.47988;      -0.59650;3.43203;1
  10.17089; 1.48321;      -0.60008;3.43204;1
  10.13157; 1.48654;      -0.60362;3.43205;1
  10.09251; 1.48988;      -0.60676;3.43207;1
  10.05375; 1.49321;      -0.60961;3.43208;1
  10.01521; 1.49654;      -0.61230;3.43210;1
   9.97695; 1.49988;      -0.61478;3.43211;1
   9.93895; 1.50321;      -0.61706;3.43213;1
   9.90122; 1.50654;      -0.61931;3.43214;1
   9.86372; 1.50988;      -0.62134;3.43216;1
   9.82647; 1.51321;      -0.62320;3.43217;1
   9.78953; 1.51654;      -0.62496;3.43219;1
   9.75283; 1.51987;      -0.62661;3.43220;1
   9.71640; 1.52321;      -0.62805;3.43221;1
   9.68026; 1.52654;      -0.62924;3.43223;1
   9.64438; 1.52987;      -0.63022;3.43224;1
   9.60871; 1.53321;      -0.63099;3.43225;1
   9.57326; 1.53654;      -0.63165;3.43227;1
   9.53812; 1.53987;      -0.63217;3.43228;1
   9.50319; 1.54321;      -0.63261;3.43229;1
   9.46853; 1.54654;      -0.63288;3.43231;1
   9.43408; 1.54987;      -0.63293;3.43232;1
   9.39987; 1.55321;      -0.63296;3.43233;1
   9.36584; 1.55654;      -0.63289;3.43235;1
   9.33205; 1.55987;      -0.63270;3.43236;1
   9.29844; 1.56320;      -0.63232;3.43237;1
   9.26504; 1.56654;      -0.63191;3.43238;1
   9.23186; 1.56987;      -0.63143;3.43240;1
   9.19888; 1.57320;      -0.63077;3.43241;1
   9.16606; 1.57654;      -0.62997;3.43242;1
   9.13343; 1.57987;      -0.62915;3.43243;1
   9.10099; 1.58320;      -0.62820;3.43245;1
   9.06871; 1.58654;      -0.62720;3.43246;1
   9.03652; 1.58987;      -0.62608;3.43247;1
   9.00456; 1.59320;      -0.62491;3.43248;1
   8.97278; 1.59654;      -0.62370;3.43249;1
   8.94110; 1.59987;      -0.62239;3.43251;1
   8.90959; 1.60320;      -0.62099;3.43252;1
   8.87823; 1.60653;      -0.61957;3.43253;1
   8.84699; 1.60987;      -0.61808;3.43254;1
   8.81588; 1.61320;      -0.61649;3.43255;1
   8.78491; 1.61653;      -0.61489;3.43256;1
   8.75405; 1.61987;      -0.61331;3.43258;1
   8.72328; 1.62320;      -0.61174;3.43259;1
   8.69259; 1.62653;      -0.61013;3.43260;1
   8.66205; 1.62987;      -0.60854;3.43261;1
   8.63156; 1.63320;      -0.60686;3.43262;1
   8.60113; 1.63653;      -0.60511;3.43263;1
   8.57078; 1.63987;      -0.60344;3.43264;1
   8.54052; 1.64320;      -0.60179;3.43265;1
   8.51031; 1.64653;      -0.60014;3.43267;1
   8.48018; 1.64986;      -0.59845;3.43268;1
   8.45013; 1.65320;      -0.59666;3.43269;1
   8.42011; 1.65653;      -0.59475;3.43270;1
   8.39018; 1.65986;      -0.59296;3.43271;1
   8.36028; 1.66320;      -0.59118;3.43272;1
   8.33039; 1.66653;      -0.58934;3.43273;1
   8.30056; 1.66986;      -0.58757;3.43274;1
   8.27072; 1.67320;      -0.58586;3.43276;1
   8.24091; 1.67653;      -0.58409;3.43277;1
   8.21111; 1.67986;      -0.58229;3.43278;1
   8.18132; 1.68319;      -0.58051;3.43279;1
   8.15158; 1.68653;      -0.57876;3.43280;1
   8.12183; 1.68986;      -0.57703;3.43281;1
   8.09210; 1.69319;      -0.57528;3.43282;1
   8.06236; 1.69653;      -0.57355;3.43283;1
   8.03264; 1.69986;      -0.57187;3.43284;1
   8.00292; 1.70319;      -0.57019;3.43285;1
   7.97317; 1.70653;      -0.56856;3.43287;1
   7.94337; 1.70986;      -0.56697;3.43288;1
   7.91359; 1.71319;      -0.56559;3.43289;1
   7.88379; 1.71653;      -0.56426;3.43290;1
   7.85392; 1.71986;      -0.56290;3.43291;1
   7.82406; 1.72319;      -0.56146;3.43292;1
   7.79416; 1.72652;      -0.56009;3.43293;1
   7.76420; 1.72986;      -0.55873;3.43294;1
   7.73419; 1.73319;      -0.55743;3.43295;1
   7.70416; 1.73652;      -0.55613;3.43296;1
   7.67410; 1.73986;      -0.55492;3.43298;1
   7.64396; 1.74319;      -0.55374;3.43299;1
   7.61373; 1.74652;      -0.55265;3.43300;1
   7.58347; 1.74986;      -0.55161;3.43301;1
   7.55315; 1.75319;      -0.55078;3.43302;1
   7.52275; 1.75652;      -0.54997;3.43303;1
   7.49228; 1.75986;      -0.54936;3.43304;1
   7.46174; 1.76319;      -0.54886;3.43305;1
   7.43116; 1.76652;      -0.54834;3.43306;1
   7.40051; 1.76985;      -0.54780;3.43308;1
   7.36976; 1.77319;      -0.54721;3.43309;1
   7.33893; 1.77652;      -0.54653;3.43310;1
   7.30803; 1.77985;      -0.54578;3.43311;1
   7.27707; 1.78319;      -0.54504;3.43312;1
   7.24601; 1.78652;      -0.54427;3.43313;1
   7.21488; 1.78985;      -0.54361;3.43314;1
   7.18373; 1.79319;      -0.54296;3.43315;1
   7.15244; 1.79652;      -0.54240;3.43317;1
   7.12108; 1.79985;      -0.54197;3.43318;1
   7.08965; 1.80318;      -0.54160;3.43319;1
   7.05811; 1.80652;      -0.54121;3.43320;1
   7.02650; 1.80985;      -0.54088;3.43321;1
   6.99480; 1.81318;      -0.54065;3.43322;1
   6.96303; 1.81652;      -0.54053;3.43324;1
   6.93116; 1.81985;      -0.54041;3.43325;1
   6.89920; 1.82318;      -0.54046;3.43326;1
   6.86714; 1.82652;      -0.54047;3.43327;1
   6.83501; 1.82985;      -0.54043;3.43328;1
   6.80282; 1.83318;      -0.54055;3.43329;1
   6.77053; 1.83652;      -0.54059;3.43331;1
   6.73819; 1.83985;      -0.54072;3.43332;1
   6.70577; 1.84318;      -0.54078;3.43333;1
   6.67325; 1.84651;      -0.54093;3.43334;1
   6.64069; 1.84985;      -0.54110;3.43335;1
   6.60802; 1.85318;      -0.54134;3.43336;1
   6.57524; 1.85651;      -0.54179;3.43338;1
   6.54239; 1.85985;      -0.54230;3.43339;1
   6.50950; 1.86318;      -0.54277;3.43340;1
   6.47649; 1.86651;      -0.54323;3.43341;1
   6.44343; 1.86985;      -0.54368;3.43342;1
   6.41029; 1.87318;      -0.54412;3.43344;1
   6.37708; 1.87651;      -0.54464;3.43345;1
   6.34381; 1.87985;      -0.54525;3.43346;1
   6.31049; 1.88318;      -0.54587;3.43347;1
   6.27705; 1.88651;      -0.54649;3.43348;1
   6.24355; 1.88984;      -0.54714;3.43349;1
   6.20996; 1.89318;      -0.54783;3.43351;1
   6.17635; 1.89651;      -0.54857;3.43352;1
   6.14266; 1.89984;      -0.54933;3.43353;1
   6.10892; 1.90318;      -0.55008;3.43354;1
   6.07510; 1.90651;      -0.55080;3.43356;1
   6.04125; 1.90984;      -0.55193;3.43357;1
   6.00737; 1.91318;      -0.55298;3.43358;1
   5.97343; 1.91651;      -0.55390;3.43359;1
   5.93942; 1.91984;      -0.55468;3.43360;1
   5.90537; 1.92318;      -0.55540;3.43362;1
   5.87126; 1.92651;      -0.55612;3.43363;1
   5.83715; 1.92984;      -0.55686;3.43364;1
   5.80299; 1.93317;      -0.55766;3.43365;1
   5.76877; 1.93651;      -0.55849;3.43366;1
   5.73451; 1.93984;      -0.55935;3.43368;1
   5.70022; 1.94317;      -0.56023;3.43369;1
   5.66588; 1.94651;      -0.56115;3.43370;1
   5.63151; 1.94984;      -0.56213;3.43371;1
   5.59710; 1.95317;      -0.56308;3.43373;1
   5.56270; 1.95651;      -0.56415;3.43374;1
   5.52826; 1.95984;      -0.56520;3.43375;1
   5.49382; 1.96317;      -0.56621;3.43376;1
   5.45935; 1.96650;      -0.56716;3.43377;1
   5.42483; 1.96984;      -0.56806;3.43379;1
   5.39034; 1.97317;      -0.56898;3.43380;1
   5.35583; 1.97650;      -0.56997;3.43381;1
   5.32130; 1.97984;      -0.57098;3.43382;1
   5.28674; 1.98317;      -0.57201;3.43384;1
   5.25217; 1.98650;      -0.57300;3.43385;1
   5.21761; 1.98984;      -0.57397;3.43386;1
   5.18309; 1.99317;      -0.57494;3.43387;1
   5.14851; 1.99650;      -0.57583;3.43388;1
   5.11397; 1.99984;      -0.57667;3.43390;1
   5.07940; 2.00317;      -0.57751;3.43391;1
   5.04484; 2.00650;      -0.57835;3.43392;1
   5.01030; 2.00983;      -0.57911;3.43393;1
   4.97575; 2.01317;      -0.57989;3.43395;1
   4.94121; 2.01650;      -0.58057;3.43396;1
   4.90669; 2.01983;      -0.58126;3.43397;1
   4.87217; 2.02317;      -0.58195;3.43398;1
   4.83763; 2.02650;      -0.58264;3.43399;1
   4.80314; 2.02983;      -0.58339;3.43401;1
   4.76867; 2.03317;      -0.58414;3.43402;1
   4.73419; 2.03650;      -0.58493;3.43403;1
   4.69970; 2.03983;      -0.58579;3.43404;1
   4.66523; 2.04317;      -0.58662;3.43405;1
   4.63076; 2.04650;      -0.58734;3.43407;1
   4.59632; 2.04983;      -0.58800;3.43408;1
   4.56186; 2.05316;      -0.58866;3.43409;1
   4.52744; 2.05650;      -0.58930;3.43410;1
   4.49304; 2.05983;      -0.58985;3.43411;1
   4.45865; 2.06316;      -0.59031;3.43413;1
   4.42425; 2.06650;      -0.59074;3.43414;1
   4.38990; 2.06983;      -0.59122;3.43415;1
   4.35556; 2.07316;      -0.59179;3.43416;1
   4.32125; 2.07650;      -0.59235;3.43417;1
   4.28699; 2.07983;      -0.59288;3.43419;1
   4.25268; 2.08316;      -0.59332;3.43420;1
   4.21839; 2.08649;      -0.59377;3.43421;1
   4.18418; 2.08983;      -0.59421;3.43422;1
   4.14995; 2.09316;      -0.59456;3.43423;1
   4.11577; 2.09649;      -0.59491;3.43425;1
   4.08158; 2.09983;      -0.59519;3.43426;1
   4.04743; 2.10316;      -0.59542;3.43427;1
   4.01328; 2.10649;      -0.59567;3.43428;1
   3.97915; 2.10983;      -0.59594;3.43429;1
   3.94507; 2.11316;      -0.59624;3.43430;1
   3.91101; 2.11649;      -0.59657;3.43432;1
   3.87696; 2.11983;      -0.59685;3.43433;1
   3.84296; 2.12316;      -0.59711;3.43434;1
   3.80895; 2.12649;      -0.59733;3.43435;1
   3.77498; 2.12982;      -0.59737;3.43436;1
   3.74097; 2.13316;      -0.59738;3.43437;1
   3.70699; 2.13649;      -0.59751;3.43439;1
   3.67304; 2.13982;      -0.59766;3.43440;1
   3.63914; 2.14316;      -0.59783;3.43441;1
   3.60521; 2.14649;      -0.59801;3.43442;1
   3.57129; 2.14982;      -0.59824;3.43443;1
   3.53746; 2.15316;      -0.59843;3.43444;1
   3.50359; 2.15649;      -0.59873;3.43446;1
   3.46972; 2.15982;      -0.59912;3.43447;1
   3.43587; 2.16316;      -0.59950;3.43448;1
   3.40205; 2.16649;      -0.59983;3.43449;1
   3.36828; 2.16982;      -0.60018;3.43450;1
   3.33452; 2.17315;      -0.60027;3.43451;1
   3.30072; 2.17649;      -0.60033;3.43453;1
   3.26695; 2.17982;      -0.60033;3.43454;1
   3.23320; 2.18315;      -0.60032;3.43455;1
   3.19949; 2.18649;      -0.60016;3.43456;1
   3.16579; 2.18982;      -0.59997;3.43457;1
   3.13207; 2.19315;      -0.59994;3.43458;1
   3.09835; 2.19649;      -0.59986;3.43459;1
   3.06470; 2.19982;      -0.59978;3.43461;1
   3.03101; 2.20315;      -0.59967;3.43462;1
   2.99734; 2.20649;      -0.59959;3.43463;1
   2.96367; 2.20982;      -0.59948;3.43464;1
   2.93002; 2.21315;      -0.59939;3.43465;1
   2.89640; 2.21648;      -0.59925;3.43466;1
   2.86279; 2.21982;      -0.59915;3.43467;1
   2.82914; 2.22315;      -0.59901;3.43469;1
   2.79555; 2.22648;      -0.59892;3.43470;1
   2.76200; 2.22982;      -0.59881;3.43471;1
   2.72843; 2.23315;      -0.59871;3.43472;1
   2.69479; 2.23648;      -0.59862;3.43473;1
   2.66120; 2.23982;      -0.59840;3.43474;1
   2.62765; 2.24315;      -0.59821;3.43475;1
   2.59409; 2.24648;      -0.59807;3.43477;1
   2.56052; 2.24981;      -0.59796;3.43478;1
   2.52697; 2.25315;      -0.59788;3.43479;1
   2.49341; 2.25648;      -0.59782;3.43480;1
   2.45989; 2.25981;      -0.59784;3.43481;1
   2.42635; 2.26315;      -0.59781;3.43482;1
   2.39284; 2.26648;      -0.59773;3.43483;1
   2.35937; 2.26981;      -0.59768;3.43484;1
   2.32588; 2.27315;      -0.59764;3.43486;1
   2.29238; 2.27648;      -0.59765;3.43487;1
   2.25885; 2.27981;      -0.59761;3.43488;1
   2.22533; 2.28315;      -0.59754;3.43489;1
   2.19183; 2.28648;      -0.59749;3.43490;1
   2.15831; 2.28981;      -0.59743;3.43491;1
   2.12480; 2.29314;      -0.59738;3.43492;1
   2.09131; 2.29648;      -0.59729;3.43493;1
   2.05783; 2.29981;      -0.59718;3.43495;1
   2.02438; 2.30314;      -0.59708;3.43496;1
   1.99088; 2.30648;      -0.59697;3.43497;1
   1.95738; 2.30981;      -0.59690;3.43498;1
   1.92391; 2.31314;      -0.59684;3.43499;1
   1.89039; 2.31648;      -0.59674;3.43500;1
   1.85692; 2.31981;      -0.59664;3.43501;1
   1.82341; 2.32314;      -0.59651;3.43502;1
   1.78994; 2.32648;      -0.59645;3.43504;1
   1.75647; 2.32981;      -0.59634;3.43505;1
   1.72298; 2.33314;      -0.59624;3.43506;1
   1.68952; 2.33647;      -0.59610;3.43507;1
   1.65606; 2.33981;      -0.59589;3.43508;1
   1.62259; 2.34314;      -0.59575;3.43509;1
   1.58907; 2.34647;      -0.59567;3.43510;1
   1.55561; 2.34981;      -0.59564;3.43511;1
   1.52214; 2.35314;      -0.59560;3.43512;1
   1.48864; 2.35647;      -0.59554;3.43514;1
   1.45516; 2.35981;      -0.59546;3.43515;1
   1.42171; 2.36314;      -0.59537;3.43516;1
   1.38822; 2.36647;      -0.59520;3.43517;1
   1.35470; 2.36980;      -0.59511;3.43518;1
   1.32115; 2.37314;      -0.59504;3.43519;1
   1.28765; 2.37647;      -0.59496;3.43520;1
   1.25417; 2.37980;      -0.59485;3.43521;1
   1.22066; 2.38314;      -0.59481;3.43522;1
   1.18717; 2.38647;      -0.59476;3.43523;1
   1.15365; 2.38980;      -0.59469;3.43525;1
   1.12014; 2.39314;      -0.59463;3.43526;1
   1.08664; 2.39647;      -0.59456;3.43527;1
   1.05313; 2.39980;      -0.59459;3.43528;1
   1.01960; 2.40314;      -0.59459;3.43529;1
   0.98609; 2.40647;      -0.59458;3.43530;1
   0.95258; 2.40980;      -0.59454;3.43531;1
   0.91910; 2.41313;      -0.59452;3.43532;1
   0.88556; 2.41647;      -0.59447;3.43533;1
   0.85202; 2.41980;      -0.59443;3.43534;1
   0.81845; 2.42313;      -0.59442;3.43536;1
   0.78491; 2.42647;      -0.59441;3.43537;1
   0.75133; 2.42980;      -0.59441;3.43538;1
   0.71774; 2.43313;      -0.59443;3.43539;1
   0.68414; 2.43647;      -0.59445;3.43540;1
   0.65058; 2.43980;      -0.59443;3.43541;1
   0.61699; 2.44313;      -0.59441;3.43542;1
   0.58341; 2.44647;      -0.59440;3.43543;1
   0.54979; 2.44980;      -0.59443;3.43544;1
   0.51621; 2.45313;      -0.59444;3.43545;1
   0.48261; 2.45646;      -0.59446;3.43547;1
   0.44904; 2.45980;      -0.59450;3.43548;1
   0.41544; 2.46313;      -0.59455;3.43549;1
   0.38183; 2.46646;      -0.59459;3.43550;1
   0.34820; 2.46980;      -0.59458;3.43551;1
   0.31455; 2.47313;      -0.59455;3.43552;1
   0.28088; 2.47646;      -0.59453;3.43553;1
   0.24722; 2.47980;      -0.59455;3.43554;1
   0.21360; 2.48313;      -0.59459;3.43555;1
   0.17995; 2.48646;      -0.59463;3.43556;1
   0.14631; 2.48980;      -0.59465;3.43557;1
   0.11268; 2.49313;      -0.59469;3.43559;1
   0.07899; 2.49646;      -0.59476;3.43560;1
   0.04533; 2.49979;      -0.59484;3.43561;1
   0.01162; 2.50313;      -0.59487;3.43562;1
  -0.02208; 2.50646;      -0.59491;3.43563;1
  -0.05578; 2.50979;      -0.59497;3.43564;1
  -0.08947; 2.51313;      -0.59504;3.43565;1
  -0.12318; 2.51646;      -0.59506;3.43566;1
  -0.15690; 2.51979;      -0.59506;3.43567;1
  -0.19064; 2.52313;      -0.59507;3.43568;1
  -0.22435; 2.52646;      -0.59508;3.43569;1
  -0.25812; 2.52979;      -0.59509;3.43570;1
  -0.29187; 2.53312;      -0.59512;3.43572;1
  -0.32562; 2.53646;      -0.59516;3.43573;1
  -0.35939; 2.53979;      -0.59519;3.43574;1
  -0.39317; 2.54312;      -0.59523;3.43575;1
  -0.42696; 2.54646;      -0.59527;3.43576;1
  -0.46074; 2.54979;      -0.59531;3.43577;1
  -0.49454; 2.55312;      -0.59537;3.43578;1
  -0.52831; 2.55646;      -0.59547;3.43579;1
  -0.56209; 2.55979;      -0.59555;3.43580;1
  -0.59589; 2.56312;      -0.59564;3.43581;1
  -0.62969; 2.56646;      -0.59571;3.43582;1
  -0.66348; 2.56979;      -0.59568;3.43583;1
  -0.69725; 2.57312;      -0.59568;3.43585;1
  -0.73103; 2.57645;      -0.59572;3.43586;1
  -0.76483; 2.57979;      -0.59592;3.43587;1
  -0.79866; 2.58312;      -0.59598;3.43588;1
  -0.83248; 2.58645;      -0.59598;3.43589;1
  -0.86626; 2.58979;      -0.59601;3.43590;1
  -0.90009; 2.59312;      -0.59608;3.43591;1
  -0.93393; 2.59645;      -0.59627;3.43592;1
  -0.96775; 2.59979;      -0.59652;3.43593;1
  -1.00161; 2.60312;      -0.59669;3.43594;1
  -1.03544; 2.60645;      -0.59674;3.43595;1
  -1.06931; 2.60979;      -0.59674;3.43596;1
  -1.10316; 2.61312;      -0.59678;3.43597;1
  -1.13704; 2.61645;      -0.59683;3.43598;1
  -1.17088; 2.61978;      -0.59695;3.43599;1
  -1.20471; 2.62312;      -0.59710;3.43601;1
  -1.23856; 2.62645;      -0.59715;3.43602;1
  -1.27238; 2.62978;      -0.59719;3.43603;1
  -1.30621; 2.63312;      -0.59720;3.43604;1
  -1.34004; 2.63645;      -0.59736;3.43605;1
  -1.37385; 2.63978;      -0.59755;3.43606;1
  -1.40765; 2.64312;      -0.59773;3.43607;1
  -1.44145; 2.64645;      -0.59798;3.43608;1
  -1.47525; 2.64978;      -0.59824;3.43609;1
  -1.50902; 2.65311;      -0.59846;3.43610;1
  -1.54280; 2.65645;      -0.59867;3.43611;1
  -1.57657; 2.65978;      -0.59883;3.43612;1
  -1.61032; 2.66311;      -0.59882;3.43613;1
  -1.64410; 2.66645;      -0.59884;3.43614;1
  -1.67789; 2.66978;      -0.59874;3.43615;1
  -1.71166; 2.67311;      -0.59867;3.43616;1
  -1.74542; 2.67645;      -0.59860;3.43618;1
  -1.77918; 2.67978;      -0.59855;3.43619;1
  -1.81290; 2.68311;      -0.59846;3.43620;1
  -1.84663; 2.68645;      -0.59835;3.43621;1
  -1.88037; 2.68978;      -0.59828;3.43622;1
  -1.91409; 2.69311;      -0.59822;3.43623;1
  -1.94779; 2.69644;      -0.59825;3.43624;1
  -1.98147; 2.69978;      -0.59829;3.43625;1
  -2.01518; 2.70311;      -0.59824;3.43626;1
  -2.04883; 2.70644;      -0.59820;3.43627;1
  -2.08249; 2.70978;      -0.59818;3.43628;1
  -2.11611; 2.71311;      -0.59818;3.43629;1
  -2.14971; 2.71644;      -0.59817;3.43630;1
  -2.18333; 2.71978;      -0.59813;3.43631;1
  -2.21689; 2.72311;      -0.59810;3.43632;1
  -2.25048; 2.72644;      -0.59807;3.43633;1
  -2.28403; 2.72978;      -0.59808;3.43634;1
  -2.31759; 2.73311;      -0.59803;3.43635;1
  -2.35111; 2.73644;      -0.59797;3.43636;1
  -2.38463; 2.73977;      -0.59794;3.43637;1
  -2.41816; 2.74311;      -0.59789;3.43638;1
  -2.45166; 2.74644;      -0.59777;3.43639;1
  -2.48511; 2.74977;      -0.59773;3.43640;1
  -2.51855; 2.75311;      -0.59768;3.43641;1
  -2.55197; 2.75644;      -0.59761;3.43642;1
  -2.58542; 2.75977;      -0.59754;3.43644;1
  -2.61888; 2.76311;      -0.59744;3.43645;1
  -2.65229; 2.76644;      -0.59731;3.43646;1
  -2.68571; 2.76977;      -0.59721;3.43647;1
  -2.71911; 2.77311;      -0.59707;3.43648;1
  -2.75250; 2.77644;      -0.59698;3.43649;1
  -2.78587; 2.77977;      -0.59690;3.43650;1
  -2.81922; 2.78310;      -0.59680;3.43651;1
  -2.85254; 2.78644;      -0.59671;3.43652;1
  -2.88588; 2.78977;      -0.59661;3.43653;1
  -2.91924; 2.79310;      -0.59653;3.43654;1
  -2.95254; 2.79644;      -0.59644;3.43655;1
  -2.98581; 2.79977;      -0.59637;3.43656;1
  -3.01911; 2.80310;      -0.59625;3.43657;1
  -3.05234; 2.80644;      -0.59608;3.43658;1
  -3.08556; 2.80977;      -0.59592;3.43659;1
  -3.11879; 2.81310;      -0.59579;3.43660;1
  -3.15205; 2.81643;      -0.59566;3.43661;1
  -3.18526; 2.81977;      -0.59556;3.43662;1
  -3.21846; 2.82310;      -0.59542;3.43663;1
  -3.25167; 2.82643;      -0.59531;3.43664;1
  -3.28484; 2.82977;      -0.59518;3.43665;1
  -3.31804; 2.83310;      -0.59505;3.43666;1
  -3.35120; 2.83643;      -0.59494;3.43667;1
  -3.38435; 2.83977;      -0.59482;3.43668;1
  -3.41751; 2.84310;      -0.59475;3.43669;1
  -3.45067; 2.84643;      -0.59461;3.43670;1
  -3.48385; 2.84977;      -0.59442;3.43671;1
  -3.51701; 2.85310;      -0.59421;3.43672;1
  -3.55017; 2.85643;      -0.59402;3.43673;1
  -3.58333; 2.85976;      -0.59382;3.43674;1
  -3.61649; 2.86310;      -0.59366;3.43675;1
  -3.64964; 2.86643;      -0.59353;3.43676;1
  -3.68277; 2.86976;      -0.59336;3.43677;1
  -3.71589; 2.87310;      -0.59317;3.43678;1
  -3.74902; 2.87643;      -0.59303;3.43679;1
  -3.78214; 2.87976;      -0.59296;3.43680;1
  -3.81526; 2.88310;      -0.59285;3.43681;1
  -3.84838; 2.88643;      -0.59273;3.43682;1
  -3.88149; 2.88976;      -0.59259;3.43683;1
  -3.91459; 2.89310;      -0.59243;3.43684;1
  -3.94768; 2.89643;      -0.59227;3.43685;1
  -3.98079; 2.89976;      -0.59211;3.43686;1
  -4.01388; 2.90309;      -0.59194;3.43687;1
  -4.04694; 2.90643;      -0.59180;3.43688;1
  -4.08002; 2.90976;      -0.59167;3.43689;1
  -4.11313; 2.91309;      -0.59152;3.43690;1
  -4.14625; 2.91643;      -0.59139;3.43691;1
  -4.17938; 2.91976;      -0.59123;3.43692;1
  -4.21248; 2.92309;      -0.59110;3.43693;1
  -4.24561; 2.92643;      -0.59099;3.43694;1
  -4.27873; 2.92976;      -0.59093;3.43695;1
  -4.31188; 2.93309;      -0.59082;3.43696;1
  -4.34498; 2.93642;      -0.59071;3.43697;1
  -4.37810; 2.93976;      -0.59059;3.43698;1
  -4.41126; 2.94309;      -0.59047;3.43699;1
  -4.44438; 2.94642;      -0.59035;3.43700;1
  -4.47749; 2.94976;      -0.59021;3.43701;1
  -4.51063; 2.95309;      -0.59010;3.43702;1
  -4.54379; 2.95642;      -0.58999;3.43703;1
  -4.57695; 2.95976;      -0.58988;3.43703;1
  -4.61012; 2.96309;      -0.58974;3.43704;1
  -4.64324; 2.96642;      -0.58960;3.43705;1
  -4.67642; 2.96976;      -0.58949;3.43706;1
  -4.70957; 2.97309;      -0.58938;3.43707;1
  -4.74271; 2.97642;      -0.58939;3.43708;1
  -4.77587; 2.97975;      -0.58938;3.43709;1
  -4.80900; 2.98309;      -0.58934;3.43710;1
  -4.84219; 2.98642;      -0.58925;3.43711;1
  -4.87537; 2.98975;      -0.58916;3.43712;1
  -4.90852; 2.99309;      -0.58913;3.43713;1
  -4.94169; 2.99642;      -0.58906;3.43714;1
  -4.97486; 2.99975;      -0.58894;3.43715;1
  -5.00800; 3.00309;      -0.58887;3.43716;1
  -5.04114; 3.00642;      -0.58881;3.43717;1
  -5.07433; 3.00975;      -0.58879;3.43718;1
  -5.10755; 3.01309;      -0.58877;3.43719;1
  -5.14076; 3.01642;      -0.58874;3.43720;1
  -5.17397; 3.01975;      -0.58870;3.43721;1
  -5.20714; 3.02308;      -0.58868;3.43722;1
  -5.24037; 3.02642;      -0.58863;3.43723;1
  -5.27357; 3.02975;      -0.58859;3.43724;1
  -5.30677; 3.03308;      -0.58855;3.43725;1
  -5.34001; 3.03642;      -0.58849;3.43726;1
  -5.37327; 3.03975;      -0.58845;3.43727;1
  -5.40652; 3.04308;      -0.58846;3.43728;1
  -5.43973; 3.04642;      -0.58842;3.43729;1
  -5.47296; 3.04975;      -0.58835;3.43730;1
  -5.50617; 3.05308;      -0.58831;3.43731;1
  -5.53938; 3.05642;      -0.58826;3.43732;1
  -5.57259; 3.05975;      -0.58822;3.43733;1
  -5.60583; 3.06308;      -0.58817;3.43734;1
  -5.63906; 3.06641;      -0.58814;3.43735;1
  -5.67233; 3.06975;      -0.58812;3.43736;1
  -5.70561; 3.07308;      -0.58809;3.43736;1
  -5.73888; 3.07641;      -0.58808;3.43737;1
  -5.77214; 3.07975;      -0.58811;3.43738;1
  -5.80543; 3.08308;      -0.58811;3.43739;1
  -5.83871; 3.08641;      -0.58809;3.43740;1
  -5.87202; 3.08975;      -0.58809;3.43741;1
  -5.90531; 3.09308;      -0.58804;3.43742;1
  -5.93863; 3.09641;      -0.58796;3.43743;1
  -5.97196; 3.09974;      -0.58788;3.43744;1
  -6.00528; 3.10308;      -0.58775;3.43745;1
  -6.03864; 3.10641;      -0.58763;3.43746;1
  -6.07203; 3.10974;      -0.58754;3.43747;1
  -6.10540; 3.11308;      -0.58755;3.43748;1
  -6.13876; 3.11641;      -0.58756;3.43749;1
  -6.17210; 3.11974;      -0.58757;3.43750;1
  -6.20549; 3.12308;      -0.58758;3.43751;1
  -6.23888; 3.12641;      -0.58760;3.43752;1
  -6.27229; 3.12974;      -0.58757;3.43753;1
  -6.30569; 3.13308;      -0.58759;3.43754;1
  -6.33908; 3.13641;      -0.58766;3.43755;1
  -6.37251; 3.13974;      -0.58767;3.43756;1
  -6.40593; 3.14307;      -0.58768;3.43757;1
  -6.43932; 3.14641;      -0.58772;3.43757;1
  -6.47277; 3.14974;      -0.58778;3.43758;1
  -6.50625; 3.15307;      -0.58782;3.43759;1
  -6.53972; 3.15641;      -0.58781;3.43760;1
  -6.57316; 3.15974;      -0.58776;3.43761;1
  -6.60660; 3.16307;      -0.58774;3.43762;1
  -6.63999; 3.16641;      -0.58772;3.43763;1
  -6.67342; 3.16974;      -0.58773;3.43764;1
  -6.70685; 3.17307;      -0.58775;3.43765;1
  -6.74032; 3.17641;      -0.58776;3.43766;1
  -6.77384; 3.17974;      -0.58777;3.43767;1
  -6.80736; 3.18307;      -0.58777;3.43768;1
  -6.84092; 3.18640;      -0.58777;3.43769;1
  -6.87444; 3.18974;      -0.58775;3.43770;1
  -6.90796; 3.19307;      -0.58775;3.43771;1
  -6.94148; 3.19640;      -0.58775;3.43772;1
  -6.97504; 3.19974;      -0.58769;3.43773;1
  -7.00859; 3.20307;      -0.58762;3.43774;1
  -7.04218; 3.20640;      -0.58759;3.43775;1
  -7.07576; 3.20974;      -0.58758;3.43775;1
  -7.10934; 3.21307;      -0.58760;3.43776;1
  -7.14289; 3.21640;      -0.58769;3.43777;1
  -7.17646; 3.21973;      -0.58776;3.43778;1
  -7.20997; 3.22307;      -0.58781;3.43779;1
  -7.24357; 3.22640;      -0.58783;3.43780;1
  -7.27717; 3.22973;      -0.58783;3.43781;1
  -7.31081; 3.23307;      -0.58783;3.43782;1
  -7.34443; 3.23640;      -0.58790;3.43783;1
  -7.37805; 3.23973;      -0.58795;3.43784;1
  -7.41165; 3.24307;      -0.58799;3.43785;1
  -7.44530; 3.24640;      -0.58804;3.43786;1
  -7.47895; 3.24973;      -0.58805;3.43787;1
  -7.51262; 3.25307;      -0.58810;3.43788;1
  -7.54631; 3.25640;      -0.58818;3.43789;1
  -7.57999; 3.25973;      -0.58824;3.43790;1
  -7.61371; 3.26306;      -0.58828;3.43790;1
  -7.64740; 3.26640;      -0.58831;3.43791;1
  -7.68111; 3.26973;      -0.58836;3.43792;1
  -7.71482; 3.27306;      -0.58838;3.43793;1
  -7.74852; 3.27640;      -0.58842;3.43794;1
  -7.78222; 3.27973;      -0.58846;3.43795;1
  -7.81591; 3.28306;      -0.58850;3.43796;1
  -7.84958; 3.28640;      -0.58852;3.43797;1
  -7.88326; 3.28973;      -0.58857;3.43798;1
  -7.91698; 3.29306;      -0.58873;3.43799;1
  -7.95071; 3.29640;      -0.58888;3.43800;1
  -7.98443; 3.29973;      -0.58913;3.43801;1
  -8.01817; 3.30306;      -0.58940;3.43802;1
  -8.05189; 3.30639;      -0.58960;3.43803;1
  -8.08560; 3.30973;      -0.58974;3.43804;1
  -8.11932; 3.31306;      -0.58974;3.43804;1
  -8.15304; 3.31639;      -0.58977;3.43805;1
  -8.18673; 3.31973;      -0.58983;3.43806;1
  -8.22043; 3.32306;      -0.58980;3.43807;1
  -8.25412; 3.32639;      -0.58981;3.43808;1
  -8.28785; 3.32973;      -0.58985;3.43809;1
  -8.32157; 3.33306;      -0.58985;3.43810;1
  -8.35529; 3.33639;      -0.58986;3.43811;1
  -8.38900; 3.33973;      -0.58986;3.43812;1
  -8.42277; 3.34306;      -0.58989;3.43813;1
  -8.45654; 3.34639;      -0.58986;3.43814;1
  -8.49030; 3.34972;      -0.58983;3.43815;1
  -8.52407; 3.35306;      -0.58979;3.43816;1
  -8.55779; 3.35639;      -0.58980;3.43816;1
  -8.59154; 3.35972;      -0.58983;3.43817;1
  -8.62530; 3.36306;      -0.58989;3.43818;1
  -8.65904; 3.36639;      -0.58991;3.43819;1
  -8.69286; 3.36972;      -0.58994;3.43820;1
  -8.72666; 3.37306;      -0.58996;3.43821;1
  -8.76043; 3.37639;      -0.58997;3.43822;1
  -8.79418; 3.37972;      -0.59001;3.43823;1
  -8.82792; 3.38305;      -0.59006;3.43824;1
  -8.86161; 3.38639;      -0.59011;3.43825;1
  -8.89529; 3.38972;      -0.59012;3.43826;1
  -8.92900; 3.39305;      -0.59011;3.43826;1
  -8.96270; 3.39639;      -0.59015;3.43827;1
  -8.99641; 3.39972;      -0.59021;3.43828;1
  -9.03013; 3.40305;      -0.59028;3.43829;1
  -9.06385; 3.40639;      -0.59033;3.43830;1
  -9.09757; 3.40972;      -0.59039;3.43831;1
  -9.13129; 3.41305;      -0.59042;3.43832;1
  -9.16502; 3.41639;      -0.59043;3.43833;1
  -9.19876; 3.41972;      -0.59044;3.43834;1
  -9.23246; 3.42305;      -0.59046;3.43835;1
  -9.26621; 3.42638;      -0.59047;3.43836;1
  -9.29990; 3.42972;      -0.59047;3.43836;1
  -9.33362; 3.43305;      -0.59049;3.43837;1
  -9.36731; 3.43638;      -0.59052;3.43838;1
  -9.40099; 3.43972;      -0.59053;3.43839;1
  -9.43466; 3.44305;      -0.59054;3.43840;1
  -9.46833; 3.44638;      -0.59056;3.43841;1
  -9.50196; 3.44972;      -0.59062;3.43842;1
  -9.53557; 3.45305;      -0.59068;3.43843;1
  -9.56920; 3.45638;      -0.59072;3.43844;1
  -9.60280; 3.45972;      -0.59074;3.43845;1
  -9.63642; 3.46305;      -0.59075;3.43845;1
  -9.66998; 3.46638;      -0.59077;3.43846;1
  -9.70356; 3.46971;      -0.59077;3.43847;1
  -9.73714; 3.47305;      -0.59078;3.43848;1
  -9.77071; 3.47638;      -0.59079;3.43849;1
  -9.80428; 3.47971;      -0.59082;3.43850;1
  -9.83780; 3.48305;      -0.59084;3.43851;1
  -9.87137; 3.48638;      -0.59089;3.43852;1
  -9.90493; 3.48971;      -0.59089;3.43853;1
  -9.93848; 3.49305;      -0.59087;3.43853;1
  -9.97202; 3.49638;      -0.59087;3.43854;1
 -10.00555; 3.49971;      -0.59086;3.43855;1
 -10.03904; 3.50304;      -0.59084;3.43856;1
 -10.07253; 3.50638;      -0.59085;3.43857;1
 -10.10603; 3.50971;      -0.59083;3.43858;1
 -10.13951; 3.51304;      -0.59080;3.43859;1
 -10.17296; 3.51638;      -0.59076;3.43860;1
 -10.20643; 3.51971;      -0.59072;3.43860;1
 -10.23992; 3.52304;      -0.59069;3.43861;1
 -10.27344; 3.52638;      -0.59065;3.43862;1
 -10.30694; 3.52971;      -0.59068;3.43863;1
 -10.34039; 3.53304;      -0.59070;3.43864;1
 -10.37386; 3.53638;      -0.59067;3.43865;1
 -10.40732; 3.53971;      -0.59058;3.43866;1
 -10.44076; 3.54304;      -0.59052;3.43867;1
 -10.47417; 3.54637;      -0.59048;3.43867;1
 -10.50759; 3.54971;      -0.59032;3.43868;1
 -10.54102; 3.55304;      -0.59018;3.43869;1
 -10.57441; 3.55637;      -0.59012;3.43870;1
 -10.60786; 3.55971;      -0.59003;3.43871;1
 -10.64128; 3.56304;      -0.58993;3.43872;1
 -10.67466; 3.56637;      -0.58983;3.43873;1
 -10.70810; 3.56971;      -0.58974;3.43874;1
 -10.74150; 3.57304;      -0.58964;3.43874;1
 -10.77489; 3.57637;      -0.58954;3.43875;1
 -10.80829; 3.57971;      -0.58946;3.43876;1
 -10.84170; 3.58304;      -0.58942;3.43877;1
 -10.87511; 3.58637;      -0.58935;3.43878;1
 -10.90853; 3.58970;      -0.58920;3.43879;1
 -10.94197; 3.59304;      -0.58912;3.43880;1
 -10.97539; 3.59637;      -0.58905;3.43880;1
 -11.00881; 3.59970;      -0.58895;3.43881;1
 -11.04227; 3.60304;      -0.58885;3.43882;1
 -11.07567; 3.60637;      -0.58876;3.43883;1
 -11.10907; 3.60970;      -0.58867;3.43884;1
 -11.14249; 3.61304;      -0.58859;3.43885;1
 -11.17593; 3.61637;      -0.58851;3.43886;1
 -11.20934; 3.61970;      -0.58842;3.43886;1
 -11.24276; 3.62304;      -0.58832;3.43887;1
 -11.27620; 3.62637;      -0.58820;3.43888;1
 -11.30967; 3.62970;      -0.58806;3.43889;1
 -11.34315; 3.63303;      -0.58797;3.43890;1
 -11.37657; 3.63637;      -0.58782;3.43891;1
 -11.41004; 3.63970;      -0.58770;3.43892;1
 -11.44354; 3.64303;      -0.58761;3.43892;1
 -11.47703; 3.64637;      -0.58749;3.43893;1
 -11.51054; 3.64970;      -0.58741;3.43894;1
 -11.54409; 3.65303;      -0.58737;3.43895;1
 -11.57767; 3.65637;      -0.58732;3.43896;1
 -11.61124; 3.65970;      -0.58725;3.43897;1
 -11.64483; 3.66303;      -0.58717;3.43898;1
 -11.67840; 3.66636;      -0.58709;3.43898;1
 -11.71202; 3.66970;      -0.58701;3.43899;1
 -11.74562; 3.67303;      -0.58694;3.43900;1
 -11.77926; 3.67636;      -0.58685;3.43901;1
 -11.81291; 3.67970;      -0.58679;3.43902;1
 -11.84656; 3.68303;      -0.58675;3.43903;1
 -11.88027; 3.68636;      -0.58673;3.43904;1
 -11.91398; 3.68970;      -0.58673;3.43904;1
 -11.94772; 3.69303;      -0.58673;3.43905;1
 -11.98149; 3.69636;      -0.58673;3.43906;1
 -12.01523; 3.69970;      -0.58672;3.43907;1
 -12.04901; 3.70303;      -0.58666;3.43908;1
 -12.08279; 3.70636;      -0.58663;3.43909;1
 -12.11662; 3.70969;      -0.58662;3.43909;1
 -12.15046; 3.71303;      -0.58664;3.43910;1
 -12.18429; 3.71636;      -0.58666;3.43911;1
 -12.21813; 3.71969;      -0.58669;3.43912;1
 -12.25201; 3.72303;      -0.58669;3.43913;1
 -12.28591; 3.72636;      -0.58670;3.43914;1
 -12.31978; 3.72969;      -0.58674;3.43915;1
 -12.35368; 3.73303;      -0.58679;3.43915;1
 -12.38758; 3.73636;      -0.58685;3.43916;1
 -12.42147; 3.73969;      -0.58692;3.43917;1
 -12.45542; 3.74303;      -0.58697;3.43918;1
 -12.48940; 3.74636;      -0.58702;3.43919;1
 -12.52335; 3.74969;      -0.58702;3.43920;1
 -12.55730; 3.75302;      -0.58703;3.43921;1
 -12.59126; 3.75636;      -0.58711;3.43921;1
 -12.62525; 3.75969;      -0.58726;3.43922;1
 -12.65925; 3.76302;      -0.58738;3.43923;1
 -12.69326; 3.76636;      -0.58748;3.43924;1
 -12.72731; 3.76969;      -0.58762;3.43925;1
 -12.76132; 3.77302;      -0.58773;3.43926;1
 -12.79536; 3.77636;      -0.58777;3.43926;1
 -12.82943; 3.77969;      -0.58785;3.43927;1
 -12.86349; 3.78302;      -0.58795;3.43928;1
 -12.89755; 3.78635;      -0.58804;3.43929;1
 -12.93163; 3.78969;      -0.58811;3.43930;1
 -12.96569; 3.79302;      -0.58820;3.43931;1
 -12.99977; 3.79635;      -0.58830;3.43931;1
 -13.03385; 3.79969;      -0.58837;3.43932;1
 -13.06796; 3.80302;      -0.58846;3.43933;1
 -13.10203; 3.80635;      -0.58854;3.43934;1
 -13.13612; 3.80969;      -0.58866;3.43935;1
 -13.17023; 3.81302;      -0.58887;3.43936;1
 -13.20431; 3.81635;      -0.58897;3.43936;1
 -13.23838; 3.81969;      -0.58904;3.43937;1
 -13.27247; 3.82302;      -0.58907;3.43938;1
 -13.30656; 3.82635;      -0.58907;3.43939;1
 -13.34065; 3.82968;      -0.58910;3.43940;1
 -13.37469; 3.83302;      -0.58922;3.43941;1
 -13.40880; 3.83635;      -0.58931;3.43941;1
 -13.44288; 3.83968;      -0.58937;3.43942;1
 -13.47693; 3.84302;      -0.58947;3.43943;1
 -13.51096; 3.84635;      -0.58959;3.43944;1
 -13.54501; 3.84968;      -0.58972;3.43945;1
 -13.57903; 3.85302;      -0.58985;3.43946;1
 -13.61304; 3.85635;      -0.58998;3.43946;1
 -13.64704; 3.85968;      -0.59004;3.43947;1
 -13.68102; 3.86302;      -0.59010;3.43948;1
 -13.71500; 3.86635;      -0.59014;3.43949;1
 -13.74897; 3.86968;      -0.59013;3.43950;1
 -13.78296; 3.87301;      -0.59014;3.43950;1
 -13.81695; 3.87635;      -0.59018;3.43951;1
 -13.85088; 3.87968;      -0.59024;3.43952;1
 -13.88477; 3.88301;      -0.59026;3.43953;1
 -13.91864; 3.88635;      -0.59032;3.43954;1
 -13.95249; 3.88968;      -0.59038;3.43955;1
 -13.98631; 3.89301;      -0.59044;3.43955;1
 -14.02009; 3.89635;      -0.59045;3.43956;1
 -14.05388; 3.89968;      -0.59047;3.43957;1
 -14.08766; 3.90301;      -0.59052;3.43958;1
 -14.12142; 3.90635;      -0.59058;3.43959;1
 -14.15515; 3.90968;      -0.59060;3.43959;1
 -14.18886; 3.91301;      -0.59063;3.43960;1
 -14.22256; 3.91634;      -0.59066;3.43961;1
 -14.25626; 3.91968;      -0.59072;3.43962;1
 -14.28992; 3.92301;      -0.59073;3.43963;1
 -14.32357; 3.92634;      -0.59075;3.43963;1
 -14.35721; 3.92968;      -0.59074;3.43964;1
 -14.39080; 3.93301;      -0.59074;3.43965;1
 -14.42438; 3.93634;      -0.59068;3.43966;1
 -14.45793; 3.93968;      -0.59063;3.43967;1
 -14.49147; 3.94301;      -0.59060;3.43967;1
 -14.52498; 3.94634;      -0.59054;3.43968;1
 -14.55847; 3.94967;      -0.59052;3.43969;1
 -14.59198; 3.95301;      -0.59050;3.43970;1
 -14.62545; 3.95634;      -0.59035;3.43971;1
 -14.65891; 3.95967;      -0.59022;3.43971;1
 -14.69234; 3.96301;      -0.59019;3.43972;1
 -14.72571; 3.96634;      -0.59012;3.43973;1
 -14.75910; 3.96967;      -0.59000;3.43974;1
 -14.79248; 3.97301;      -0.58983;3.43975;1
 -14.82583; 3.97634;      -0.58968;3.43975;1
 -14.85912; 3.97967;      -0.58955;3.43976;1
 -14.89243; 3.98301;      -0.58935;3.43977;1
 -14.92572; 3.98634;      -0.58914;3.43978;1
 -14.95899; 3.98967;      -0.58896;3.43978;1
 -14.99223; 3.99300;      -0.58882;3.43979;1
 -15.02546; 3.99634;      -0.58880;3.43980;1
 -15.05867; 3.99967;      -0.58871;3.43981;1
 -15.09185; 4.00300;      -0.58848;3.43982;1
 -15.12500; 4.00634;      -0.58826;3.43982;1
 -15.15815; 4.00967;      -0.58808;3.43983;1
 -15.19126; 4.01300;      -0.58790;3.43984;1
 -15.22439; 4.01634;      -0.58769;3.43985;1
 -15.25750; 4.01967;      -0.58746;3.43985;1
 -15.29058; 4.02300;      -0.58727;3.43986;1
 -15.32363; 4.02634;      -0.58711;3.43987;1
 -15.35668; 4.02967;      -0.58693;3.43988;1
 -15.38971; 4.03300;      -0.58676;3.43988;1
 -15.42270; 4.03633;      -0.58656;3.43989;1
 -15.45565; 4.03967;      -0.58634;3.43990;1
 -15.48860; 4.04300;      -0.58606;3.43991;1
 -15.52154; 4.04633;      -0.58577;3.43992;1
 -15.55451; 4.04967;      -0.58561;3.43992;1
 -15.58743; 4.05300;      -0.58546;3.43993;1
 -15.62034; 4.05633;      -0.58532;3.43994;1
 -15.65323; 4.05967;      -0.58512;3.43995;1
 -15.68613; 4.06300;      -0.58492;3.43995;1
 -15.71900; 4.06633;      -0.58472;3.43996;1
 -15.75184; 4.06966;      -0.58453;3.43997;1
 -15.78471; 4.07300;      -0.58430;3.43998;1
 -15.81755; 4.07633;      -0.58403;3.43998;1
 -15.85038; 4.07966;      -0.58377;3.43999;1
 -15.88320; 4.08300;      -0.58350;3.44000;1
 -15.91603; 4.08633;      -0.58324;3.44001;1
 -15.94888; 4.08966;      -0.58303;3.44001;1
 -15.98170; 4.09300;      -0.58284;3.44002;1
 -16.01455; 4.09633;      -0.58284;3.44003;1
 -16.04738; 4.09966;      -0.58275;3.44004;1
 -16.08021; 4.10300;      -0.58253;3.44004;1
 -16.11305; 4.10633;      -0.58233;3.44005;1
 -16.14585; 4.10966;      -0.58212;3.44006;1
 -16.17865; 4.11299;      -0.58190;3.44007;1
 -16.21147; 4.11633;      -0.58164;3.44007;1
 -16.24424; 4.11966;      -0.58142;3.44008;1
 -16.27697; 4.12299;      -0.58118;3.44009;1
 -16.30979; 4.12633;      -0.58094;3.44010;1
 -16.34255; 4.12966;      -0.58071;3.44010;1
 -16.37531; 4.13299;      -0.58049;3.44011;1
 -16.40811; 4.13633;      -0.58028;3.44012;1
 -16.44088; 4.13966;      -0.58007;3.44012;1
 -16.47368; 4.14299;      -0.57986;3.44013;1
 -16.50646; 4.14633;      -0.57965;3.44014;1
 -16.53922; 4.14966;      -0.57942;3.44015;1
 -16.57198; 4.15299;      -0.57922;3.44015;1
 -16.60474; 4.15632;      -0.57903;3.44016;1
 -16.63750; 4.15966;      -0.57893;3.44017;1
 -16.67027; 4.16299;      -0.57878;3.44018;1
 -16.70304; 4.16632;      -0.57862;3.44018;1
 -16.73582; 4.16966;      -0.57845;3.44019;1
 -16.76859; 4.17299;      -0.57823;3.44020;1
 -16.80134; 4.17632;      -0.57799;3.44021;1
 -16.83411; 4.17966;      -0.57776;3.44021;1
 -16.86691; 4.18299;      -0.57753;3.44022;1
 -16.89966; 4.18632;      -0.57735;3.44023;1
 -16.93241; 4.18966;      -0.57711;3.44024;1
 -16.96520; 4.19299;      -0.57691;3.44024;1
 -16.99795; 4.19632;      -0.57670;3.44025;1
 -17.03075; 4.19965;      -0.57647;3.44026;1
 -17.06351; 4.20299;      -0.57631;3.44026;1
 -17.09634; 4.20632;      -0.57611;3.44027;1
 -17.12916; 4.20965;      -0.57591;3.44028;1
 -17.16199; 4.21299;      -0.57572;3.44029;1
 -17.19484; 4.21632;      -0.57564;3.44029;1
 -17.22765; 4.21965;      -0.57552;3.44030;1
 -17.26049; 4.22299;      -0.57535;3.44031;1
 -17.29333; 4.22632;      -0.57515;3.44032;1
 -17.32614; 4.22965;      -0.57494;3.44032;1
 -17.35899; 4.23298;      -0.57475;3.44033;1
 -17.39184; 4.23632;      -0.57464;3.44034;1
 -17.42472; 4.23965;      -0.57458;3.44034;1
 -17.45760; 4.24298;      -0.57439;3.44035;1
 -17.49050; 4.24632;      -0.57419;3.44036;1
 -17.52342; 4.24965;      -0.57399;3.44037;1
 -17.55630; 4.25298;      -0.57383;3.44037;1
 -17.58922; 4.25632;      -0.57362;3.44038;1
 -17.62219; 4.25965;      -0.57343;3.44039;1
 -17.65514; 4.26298;      -0.57328;3.44039;1
 -17.68807; 4.26632;      -0.57314;3.44040;1
 -17.72106; 4.26965;      -0.57298;3.44041;1
 -17.75403; 4.27298;      -0.57282;3.44042;1
 -17.78703; 4.27631;      -0.57271;3.44042;1
 -17.81998; 4.27965;      -0.57256;3.44043;1
 -17.85295; 4.28298;      -0.57239;3.44044;1
 -17.88593; 4.28631;      -0.57223;3.44044;1
 -17.91895; 4.28965;      -0.57214;3.44045;1
 -17.95194; 4.29298;      -0.57205;3.44046;1
 -17.98498; 4.29631;      -0.57189;3.44047;1
 -18.01803; 4.29965;      -0.57170;3.44047;1
 -18.05109; 4.30298;      -0.57154;3.44048;1
 -18.08413; 4.30631;      -0.57139;3.44049;1
 -18.11718; 4.30965;      -0.57126;3.44049;1
 -18.15026; 4.31298;      -0.57111;3.44050;1
 -18.18337; 4.31631;      -0.57095;3.44051;1
 -18.21647; 4.31964;      -0.57085;3.44052;1
 -18.24958; 4.32298;      -0.57082;3.44052;1
 -18.28274; 4.32631;      -0.57084;3.44053;1
 -18.31587; 4.32964;      -0.57090;3.44054;1
 -18.34903; 4.33298;      -0.57093;3.44054;1
 -18.38217; 4.33631;      -0.57088;3.44055;1
 -18.41533; 4.33964;      -0.57084;3.44056;1
 -18.44854; 4.34298;      -0.57081;3.44057;1
 -18.48170; 4.34631;      -0.57077;3.44057;1
 -18.51486; 4.34964;      -0.57073;3.44058;1
 -18.54805; 4.35298;      -0.57063;3.44059;1
 -18.58126; 4.35631;      -0.57051;3.44059;1
 -18.61447; 4.35964;      -0.57046;3.44060;1
 -18.64770; 4.36297;      -0.57043;3.44061;1
 -18.68091; 4.36631;      -0.57033;3.44062;1
 -18.71415; 4.36964;      -0.57027;3.44062;1
 -18.74739; 4.37297;      -0.57020;3.44063;1
 -18.78064; 4.37631;      -0.57015;3.44064;1
 -18.81389; 4.37964;      -0.57001;3.44064;1
 -18.84720; 4.38297;      -0.56987;3.44065;1
 -18.88049; 4.38631;      -0.56976;3.44066;1
 -18.91381; 4.38964;      -0.56970;3.44066;1
 -18.94712; 4.39297;      -0.56970;3.44067;1
 -18.98046; 4.39630;      -0.56970;3.44068;1
 -19.01380; 4.39964;      -0.56967;3.44069;1
 -19.04714; 4.40297;      -0.56960;3.44069;1
 -19.08049; 4.40630;      -0.56954;3.44070;1
 -19.11381; 4.40964;      -0.56948;3.44071;1
 -19.14718; 4.41297;      -0.56945;3.44071;1
 -19.18053; 4.41630;      -0.56945;3.44072;1
 -19.21387; 4.41964;      -0.56944;3.44073;1
 -19.24723; 4.42297;      -0.56945;3.44073;1
 -19.28057; 4.42630;      -0.56948;3.44074;1
 -19.31397; 4.42964;      -0.56951;3.44075;1
 -19.34741; 4.43297;      -0.56950;3.44076;1
 -19.38080; 4.43630;      -0.56948;3.44076;1
 -19.41420; 4.43963;      -0.56949;3.44077;1
 -19.44763; 4.44297;      -0.56945;3.44078;1
 -19.48102; 4.44630;      -0.56954;3.44078;1
 -19.51447; 4.44963;      -0.56956;3.44079;1
 -19.54793; 4.45297;      -0.56955;3.44080;1
 -19.58137; 4.45630;      -0.56956;3.44080;1
 -19.61481; 4.45963;      -0.56956;3.44081;1
 -19.64823; 4.46297;      -0.56954;3.44082;1
 -19.68167; 4.46630;      -0.56954;3.44082;1
 -19.71511; 4.46963;      -0.56955;3.44083;1
 -19.74853; 4.47297;      -0.56958;3.44084;1
 -19.78201; 4.47630;      -0.56962;3.44085;1
 -19.81543; 4.47963;      -0.56971;3.44085;1
 -19.84890; 4.48296;      -0.56975;3.44086;1
 -19.88234; 4.48630;      -0.56975;3.44087;1
 -19.91580; 4.48963;      -0.56976;3.44087;1
 -19.94927; 4.49296;      -0.56981;3.44088;1
 -19.98274; 4.49630;      -0.56983;3.44089;1
 -20.01619; 4.49963;      -0.56987;3.44089;1
 -20.04963; 4.50296;      -0.56987;3.44090;1
 -20.08306; 4.50630;      -0.56991;3.44091;1
 -20.11653; 4.50963;      -0.56997;3.44091;1
 -20.15002; 4.51296;      -0.57004;3.44092;1
 -20.18351; 4.51629;      -0.57009;3.44093;1
 -20.21699; 4.51963;      -0.57010;3.44093;1
 -20.25044; 4.52296;      -0.57013;3.44094;1
 -20.28394; 4.52629;      -0.57012;3.44095;1
 -20.31744; 4.52963;      -0.57013;3.44096;1
 -20.35091; 4.53296;      -0.57016;3.44096;1
 -20.38438; 4.53629;      -0.57022;3.44097;1
 -20.41787; 4.53963;      -0.57024;3.44098;1
 -20.45136; 4.54296;      -0.57026;3.44098;1
 -20.48482; 4.54629;      -0.57028;3.44099;1
 -20.51830; 4.54963;      -0.57033;3.44100;1
 -20.55183; 4.55296;      -0.57038;3.44100;1
 -20.58536; 4.55629;      -0.57041;3.44101;1
 -20.61885; 4.55962;      -0.57042;3.44102;1
 -20.65237; 4.56296;      -0.57044;3.44102;1
 -20.68586; 4.56629;      -0.57046;3.44103;1
 -20.71940; 4.56962;      -0.57051;3.44104;1
 -20.75292; 4.57296;      -0.57053;3.44104;1
 -20.78644; 4.57629;      -0.57054;3.44105;1
 -20.81996; 4.57962;      -0.57056;3.44106;1
 -20.85352; 4.58296;      -0.57059;3.44106;1
 -20.88701; 4.58629;      -0.57060;3.44107;1
 -20.92052; 4.58962;      -0.57061;3.44108;1
 -20.95399; 4.59296;      -0.57061;3.44108;1
 -20.98751; 4.59629;      -0.57061;3.44109;1
 -21.02103; 4.59962;      -0.57063;3.44110;1
 -21.05455; 4.60295;      -0.57066;3.44110;1
 -21.08806; 4.60629;      -0.57069;3.44111;1
 -21.12158; 4.60962;      -0.57070;3.44112;1
 -21.15512; 4.61295;      -0.57072;3.44112;1
 -21.18862; 4.61629;      -0.57075;3.44113;1
 -21.22216; 4.61962;      -0.57077;3.44114;1
 -21.25570; 4.62295;      -0.57089;3.44114;1
 -21.28923; 4.62629;      -0.57100;3.44115;1
 -21.32276; 4.62962;      -0.57106;3.44116;1
 -21.35625; 4.63295;      -0.57112;3.44116;1
 -21.38974; 4.63629;      -0.57117;3.44117;1
 -21.42323; 4.63962;      -0.57127;3.44118;1
 -21.45670; 4.64295;      -0.57128;3.44118;1
 -21.49017; 4.64628;      -0.57134;3.44119;1
 -21.52368; 4.64962;      -0.57139;3.44120;1
 -21.55716; 4.65295;      -0.57139;3.44120;1
 -21.59060; 4.65628;      -0.57141;3.44121;1
 -21.62407; 4.65962;      -0.57145;3.44121;1
 -21.65752; 4.66295;      -0.57150;3.44122;1
 -21.69098; 4.66628;      -0.57155;3.44123;1
 -21.72444; 4.66962;      -0.57158;3.44123;1
 -21.75788; 4.67295;      -0.57159;3.44124;1
 -21.79130; 4.67628;      -0.57161;3.44125;1
 -21.82473; 4.67961;      -0.57166;3.44125;1
 -21.85818; 4.68295;      -0.57163;3.44126;1
 -21.89161; 4.68628;      -0.57169;3.44127;1
 -21.92501; 4.68961;      -0.57173;3.44127;1
 -21.95844; 4.69295;      -0.57177;3.44128;1
 -21.99182; 4.69628;      -0.57178;3.44129;1
 -22.02519; 4.69961;      -0.57181;3.44129;1
 -22.05858; 4.70295;      -0.57184;3.44130;1
 -22.09196; 4.70628;      -0.57188;3.44131;1
 -22.12533; 4.70961;      -0.57189;3.44131;1
 -22.15871; 4.71295;      -0.57200;3.44132;1
 -22.19201; 4.71628;      -0.57204;3.44132;1
 -22.22530; 4.71961;      -0.57200;3.44133;1
 -22.25861; 4.72294;      -0.57199;3.44134;1
 -22.29192; 4.72628;      -0.57197;3.44134;1
 -22.32518; 4.72961;      -0.57188;3.44135;1
 -22.35844; 4.73294;      -0.57190;3.44136;1
 -22.39167; 4.73628;      -0.57189;3.44136;1
 -22.42488; 4.73961;      -0.57186;3.44137;1
 -22.45809; 4.74294;      -0.57185;3.44138;1
 -22.49129; 4.74628;      -0.57187;3.44138;1
 -22.52450; 4.74961;      -0.57189;3.44139;1
 -22.55770; 4.75294;      -0.57186;3.44139;1
 -22.59085; 4.75628;      -0.57186;3.44140;1
 -22.62398; 4.75961;      -0.57186;3.44141;1
 -22.65709; 4.76294;      -0.57184;3.44141;1
 -22.69020; 4.76627;      -0.57180;3.44142;1
 -22.72330; 4.76961;      -0.57168;3.44143;1
 -22.75635; 4.77294;      -0.57162;3.44143;1
 -22.78937; 4.77627;      -0.57155;3.44144;1
 -22.82238; 4.77961;      -0.57140;3.44144;1
 -22.85540; 4.78294;      -0.57119;3.44145;1
 -22.88837; 4.78627;      -0.57100;3.44146;1
 -22.92135; 4.78961;      -0.57082;3.44146;1
 -22.95431; 4.79294;      -0.57067;3.44147;1
 -22.98729; 4.79627;      -0.57053;3.44147;1
 -23.02022; 4.79960;      -0.57039;3.44148;1
 -23.05310; 4.80294;      -0.57026;3.44149;1
 -23.08600; 4.80627;      -0.57015;3.44149;1
 -23.11888; 4.80960;      -0.57002;3.44150;1
 -23.15177; 4.81294;      -0.56989;3.44151;1
 -23.18462; 4.81627;      -0.56975;3.44151;1
 -23.21748; 4.81960;      -0.56963;3.44152;1
 -23.25030; 4.82294;      -0.56948;3.44152;1
 -23.28314; 4.82627;      -0.56931;3.44153;1
 -23.31597; 4.82960;      -0.56913;3.44154;1
 -23.34880; 4.83294;      -0.56895;3.44154;1
 -23.38161; 4.83627;      -0.56876;3.44155;1
 -23.41439; 4.83960;      -0.56860;3.44155;1
 -23.44719; 4.84293;      -0.56844;3.44156;1
 -23.48002; 4.84627;      -0.56825;3.44157;1
 -23.51284; 4.84960;      -0.56803;3.44157;1
 -23.54565; 4.85293;      -0.56786;3.44158;1
 -23.57840; 4.85627;      -0.56769;3.44158;1
 -23.61119; 4.85960;      -0.56749;3.44159;1
 -23.64397; 4.86293;      -0.56724;3.44160;1
 -23.67673; 4.86627;      -0.56701;3.44160;1
 -23.70952; 4.86960;      -0.56679;3.44161;1
 -23.74227; 4.87293;      -0.56660;3.44161;1
 -23.77505; 4.87627;      -0.56640;3.44162;1
 -23.80782; 4.87960;      -0.56619;3.44163;1
 -23.84058; 4.88293;      -0.56598;3.44163;1
 -23.87331; 4.88626;      -0.56576;3.44164;1
 -23.90606; 4.88960;      -0.56556;3.44164;1
 -23.93883; 4.89293;      -0.56536;3.44165;1
 -23.97158; 4.89626;      -0.56519;3.44166;1
 -24.00436; 4.89960;      -0.56501;3.44166;1
 -24.03715; 4.90293;      -0.56483;3.44167;1
 -24.06990; 4.90626;      -0.56468;3.44167;1
 -24.10265; 4.90960;      -0.56453;3.44168;1
 -24.13542; 4.91293;      -0.56434;3.44169;1
 -24.16816; 4.91626;      -0.56414;3.44169;1
 -24.20093; 4.91960;      -0.56388;3.44170;1
 -24.23375; 4.92293;      -0.56368;3.44170;1
 -24.26652; 4.92626;      -0.56348;3.44171;1
 -24.29930; 4.92959;      -0.56328;3.44171;1
 -24.33215; 4.93293;      -0.56308;3.44172;1
 -24.36498; 4.93626;      -0.56293;3.44173;1
 -24.39784; 4.93959;      -0.56275;3.44173;1
 -24.43071; 4.94293;      -0.56256;3.44174;1
 -24.46358; 4.94626;      -0.56234;3.44174;1
 -24.49644; 4.94959;      -0.56212;3.44175;1
 -24.52931; 4.95293;      -0.56192;3.44176;1
 -24.56217; 4.95626;      -0.56170;3.44176;1
 -24.59507; 4.95959;      -0.56150;3.44177;1
 -24.62798; 4.96292;      -0.56133;3.44177;1
 -24.66092; 4.96626;      -0.56119;3.44178;1
 -24.69389; 4.96959;      -0.56106;3.44179;1
 -24.72687; 4.97292;      -0.56094;3.44179;1
 -24.75986; 4.97626;      -0.56078;3.44180;1
 -24.79290; 4.97959;      -0.56065;3.44180;1
 -24.82595; 4.98292;      -0.56047;3.44181;1
 -24.85898; 4.98626;      -0.56030;3.44181;1
 -24.89205; 4.98959;      -0.56018;3.44182;1
 -24.92513; 4.99292;      -0.56006;3.44183;1
 -24.95821; 4.99626;      -0.55995;3.44183;1
 -24.99131; 4.99959;      -0.55985;3.44184;1
 -25.02443; 5.00292;      -0.55969;3.44184;1
 -25.05757; 5.00625;      -0.55957;3.44185;1
 -25.09073; 5.00959;      -0.55943;3.44186;1
 -25.12391; 5.01292;      -0.55933;3.44186;1
 -25.15713; 5.01625;      -0.55921;3.44187;1
 -25.19036; 5.01959;      -0.55913;3.44187;1
 -25.22357; 5.02292;      -0.55912;3.44188;1
 -25.25679; 5.02625;      -0.55910;3.44188;1
 -25.29005; 5.02959;      -0.55904;3.44189;1
 -25.32329; 5.03292;      -0.55891;3.44190;1
 -25.35656; 5.03625;      -0.55885;3.44190;1
 -25.38988; 5.03959;      -0.55883;3.44191;1
 -25.42323; 5.04292;      -0.55884;3.44191;1
 -25.45655; 5.04625;      -0.55882;3.44192;1
 -25.48990; 5.04958;      -0.55874;3.44192;1
 -25.52326; 5.05292;      -0.55862;3.44193;1
 -25.55663; 5.05625;      -0.55851;3.44194;1
 -25.59005; 5.05958;      -0.55840;3.44194;1
 -25.62345; 5.06292;      -0.55832;3.44195;1
 -25.65688; 5.06625;      -0.55827;3.44195;1
 -25.69035; 5.06958;      -0.55821;3.44196;1
 -25.72379; 5.07292;      -0.55817;3.44196;1
 -25.75728; 5.07625;      -0.55814;3.44197;1
 -25.79078; 5.07958;      -0.55813;3.44198;1
 -25.82431; 5.08291;      -0.55813;3.44198;1
 -25.85787; 5.08625;      -0.55813;3.44199;1
 -25.89144; 5.08958;      -0.55814;3.44199;1
 -25.92502; 5.09291;      -0.55813;3.44200;1
 -25.95863; 5.09625;      -0.55816;3.44200;1
 -25.99229; 5.09958;      -0.55823;3.44201;1
 -26.02593; 5.10291;      -0.55827;3.44202;1
 -26.05957; 5.10625;      -0.55832;3.44202;1
 -26.09327; 5.10958;      -0.55837;3.44203;1
 -26.12697; 5.11291;      -0.55840;3.44203;1
 -26.16070; 5.11625;      -0.55854;3.44204;1
 -26.19447; 5.11958;      -0.55868;3.44204;1
 -26.22822; 5.12291;      -0.55878;3.44205;1
 -26.26197; 5.12624;      -0.55886;3.44206;1
 -26.29577; 5.12958;      -0.55884;3.44206;1
 -26.32957; 5.13291;      -0.55885;3.44207;1
 -26.36332; 5.13624;      -0.55897;3.44207;1
 -26.39713; 5.13958;      -0.55906;3.44208;1
 -26.43095; 5.14291;      -0.55914;3.44208;1
 -26.46480; 5.14624;      -0.55921;3.44209;1
 -26.49864; 5.14958;      -0.55931;3.44209;1
 -26.53252; 5.15291;      -0.55939;3.44210;1
 -26.56640; 5.15624;      -0.55952;3.44211;1
 -26.60032; 5.15958;      -0.55964;3.44211;1
 -26.63422; 5.16291;      -0.55976;3.44212;1
 -26.66813; 5.16624;      -0.55989;3.44212;1
 -26.70206; 5.16957;      -0.56001;3.44213;1
 -26.73598; 5.17291;      -0.56010;3.44213;1
 -26.76989; 5.17624;      -0.56026;3.44214;1
 -26.80384; 5.17957;      -0.56043;3.44214;1
 -26.83776; 5.18291;      -0.56055;3.44215;1
 -26.87169; 5.18624;      -0.56064;3.44216;1
 -26.90562; 5.18957;      -0.56078;3.44216;1
 -26.93956; 5.19291;      -0.56090;3.44217;1
 -26.97354; 5.19624;      -0.56102;3.44217;1
 -27.00752; 5.19957;      -0.56113;3.44218;1
 -27.04150; 5.20291;      -0.56125;3.44218;1
 -27.07550; 5.20624;      -0.56142;3.44219;1
 -27.10951; 5.20957;      -0.56156;3.44219;1
 -27.14349; 5.21290;      -0.56168;3.44220;1
 -27.17749; 5.21624;      -0.56180;3.44221;1
 -27.21144; 5.21957;      -0.56195;3.44221;1
 -27.24543; 5.22290;      -0.56207;3.44222;1
 -27.27943; 5.22624;      -0.56221;3.44222;1
 -27.31347; 5.22957;      -0.56232;3.44223;1
 -27.34750; 5.23290;      -0.56245;3.44223;1
 -27.38153; 5.23624;      -0.56258;3.44224;1
 -27.41556; 5.23957;      -0.56273;3.44224;1
 -27.44958; 5.24290;      -0.56285;3.44225;1
 -27.48362; 5.24623;      -0.56296;3.44226;1
 -27.51767; 5.24957;      -0.56310;3.44226;1
 -27.55167; 5.25290;      -0.56325;3.44227;1
 -27.58568; 5.25623;      -0.56339;3.44227;1
 -27.61971; 5.25957;      -0.56349;3.44228;1
 -27.65374; 5.26290;      -0.56355;3.44228;1
 -27.68779; 5.26623;      -0.56361;3.44229;1
 -27.72180; 5.26957;      -0.56365;3.44229;1
 -27.75580; 5.27290;      -0.56369;3.44230;1
 -27.78983; 5.27623;      -0.56374;3.44230;1
 -27.82385; 5.27957;      -0.56382;3.44231;1
 -27.85783; 5.28290;      -0.56388;3.44231;1
 -27.89182; 5.28623;      -0.56397;3.44232;1
 -27.92582; 5.28956;      -0.56407;3.44233;1
 -27.95979; 5.29290;      -0.56415;3.44233;1
 -27.99375; 5.29623;      -0.56414;3.44234;1
 -28.02771; 5.29956;      -0.56415;3.44234;1
 -28.06165; 5.30290;      -0.56417;3.44235;1
 -28.09563; 5.30623;      -0.56423;3.44235;1
 -28.12960; 5.30956;      -0.56429;3.44236;1
 -28.16352; 5.31290;      -0.56433;3.44236;1
 -28.19743; 5.31623;      -0.56437;3.44237;1
 -28.23131; 5.31956;      -0.56441;3.44237;1
 -28.26514; 5.32290;      -0.56446;3.44238;1
 -28.29899; 5.32623;      -0.56451;3.44238;1
 -28.33281; 5.32956;      -0.56455;3.44239;1
 -28.36661; 5.33289;      -0.56458;3.44239;1
 -28.40043; 5.33623;      -0.56471;3.44240;1
 -28.43423; 5.33956;      -0.56481;3.44240;1
 -28.46802; 5.34289;      -0.56483;3.44241;1
 -28.50180; 5.34623;      -0.56486;3.44242;1
 -28.53556; 5.34956;      -0.56490;3.44242;1
 -28.56931; 5.35289;      -0.56491;3.44243;1
 -28.60303; 5.35623;      -0.56492;3.44243;1
 -28.63675; 5.35956;      -0.56492;3.44244;1
 -28.67045; 5.36289;      -0.56489;3.44244;1
 -28.70416; 5.36622;      -0.56489;3.44245;1
 -28.73786; 5.36956;      -0.56489;3.44245;1
 -28.77156; 5.37289;      -0.56492;3.44246;1
 -28.80522; 5.37622;      -0.56494;3.44246;1
 -28.83887; 5.37956;      -0.56495;3.44247;1
 -28.87251; 5.38289;      -0.56496;3.44247;1
 -28.90613; 5.38622;      -0.56498;3.44248;1
 -28.93977; 5.38956;      -0.56497;3.44248;1
 -28.97342; 5.39289;      -0.56493;3.44249;1
 -29.00704; 5.39622;      -0.56491;3.44249;1
 -29.04058; 5.39956;      -0.56485;3.44250;1
 -29.07416; 5.40289;      -0.56477;3.44250;1
 -29.10773; 5.40622;      -0.56473;3.44251;1
 -29.14129; 5.40955;      -0.56469;3.44251;1
 -29.17482; 5.41289;      -0.56462;3.44252;1
 -29.20832; 5.41622;      -0.56453;3.44252;1
 -29.24183; 5.41955;      -0.56445;3.44253;1
 -29.27535; 5.42289;      -0.56438;3.44253;1
 -29.30883; 5.42622;      -0.56431;3.44254;1
 -29.34231; 5.42955;      -0.56421;3.44254;1
 -29.37576; 5.43289;      -0.56414;3.44255;1
 -29.40917; 5.43622;      -0.56406;3.44255;1
 -29.44258; 5.43955;      -0.56398;3.44256;1
 -29.47597; 5.44289;      -0.56390;3.44256;1
 -29.50935; 5.44622;      -0.56386;3.44257;1
 -29.54272; 5.44955;      -0.56382;3.44257;1
 -29.57610; 5.45288;      -0.56373;3.44258;1
 -29.60944; 5.45622;      -0.56364;3.44258;1
 -29.64277; 5.45955;      -0.56338;3.44259;1
 -29.67608; 5.46288;      -0.56321;3.44259;1
 -29.70940; 5.46622;      -0.56305;3.44260;1
 -29.74270; 5.46955;      -0.56294;3.44260;1
 -29.77598; 5.47288;      -0.56278;3.44261;1
 -29.80924; 5.47622;      -0.56267;3.44261;1
 -29.84249; 5.47955;      -0.56257;3.44262;1
 -29.87571; 5.48288;      -0.56244;3.44262;1
 -29.90896; 5.48622;      -0.56233;3.44263;1
 -29.94217; 5.48955;      -0.56221;3.44263;1
 -29.97537; 5.49288;      -0.56207;3.44264;1
 -30.00856; 5.49621;      -0.56187;3.44264;1
 -30.04177; 5.49955;      -0.56162;3.44265;1
 -30.07497; 5.50288;      -0.56145;3.44265;1
 -30.10813; 5.50621;      -0.56128;3.44266;1
 -30.14125; 5.50955;      -0.56117;3.44266;1
 -30.17436; 5.51288;      -0.56104;3.44267;1
 -30.20749; 5.51621;      -0.56097;3.44267;1
 -30.24063; 5.51955;      -0.56087;3.44267;1
 -30.27376; 5.52288;      -0.56074;3.44268;1
 -30.30692; 5.52621;      -0.56057;3.44268;1
 -30.34008; 5.52954;      -0.56041;3.44269;1
 -30.37324; 5.53288;      -0.56023;3.44269;1
 -30.40639; 5.53621;      -0.56005;3.44270;1
 -30.43949; 5.53954;      -0.55987;3.44270;1
 -30.47260; 5.54288;      -0.55970;3.44271;1
 -30.50571; 5.54621;      -0.55948;3.44271;1
 -30.53878; 5.54954;      -0.55926;3.44272;1
 -30.57189; 5.55288;      -0.55906;3.44272;1
 -30.60497; 5.55621;      -0.55886;3.44273;1
 -30.63803; 5.55954;      -0.55860;3.44273;1
 -30.67113; 5.56288;      -0.55834;3.44274;1
 -30.70421; 5.56621;      -0.55812;3.44274;1
 -30.73727; 5.56954;      -0.55793;3.44275;1
 -30.77032; 5.57287;      -0.55770;3.44275;1
 -30.80334; 5.57621;      -0.55747;3.44275;1
 -30.83637; 5.57954;      -0.55725;3.44276;1
 -30.86940; 5.58287;      -0.55708;3.44276;1
 -30.90243; 5.58621;      -0.55690;3.44277;1
 -30.93546; 5.58954;      -0.55669;3.44277;1
 -30.96849; 5.59287;      -0.55649;3.44278;1
 -31.00153; 5.59621;      -0.55628;3.44278;1
 -31.03458; 5.59954;      -0.55609;3.44279;1
 -31.06763; 5.60287;      -0.55591;3.44279;1
 -31.10063; 5.60621;      -0.55570;3.44280;1
 -31.13362; 5.60954;      -0.55550;3.44280;1
 -31.16664; 5.61287;      -0.55530;3.44281;1
 -31.19966; 5.61620;      -0.55511;3.44281;1
 -31.23272; 5.61954;      -0.55492;3.44281;1
 -31.26577; 5.62287;      -0.55473;3.44282;1
 -31.29880; 5.62620;      -0.55456;3.44282;1
 -31.33185; 5.62954;      -0.55436;3.44283;1
 -31.36487; 5.63287;      -0.55419;3.44283;1
 -31.39789; 5.63620;      -0.55400;3.44284;1
 -31.43095; 5.63954;      -0.55383;3.44284;1
 -31.46402; 5.64287;      -0.55362;3.44285;1
 -31.49705; 5.64620;      -0.55342;3.44285;1
 -31.53012; 5.64953;      -0.55325;3.44286;1
 -31.56318; 5.65287;      -0.55312;3.44286;1
 -31.59619; 5.65620;      -0.55298;3.44286;1
 -31.62926; 5.65953;      -0.55278;3.44287;1
 -31.66236; 5.66287;      -0.55260;3.44287;1
 -31.69543; 5.66620;      -0.55242;3.44288;1
 -31.72846; 5.66953;      -0.55223;3.44288;1
 -31.76151; 5.67287;      -0.55205;3.44289;1
 -31.79458; 5.67620;      -0.55191;3.44289;1
 -31.82766; 5.67953;      -0.55178;3.44290;1
 -31.86073; 5.68287;      -0.55162;3.44290;1
 -31.89386; 5.68620;      -0.55143;3.44291;1
 -31.92697; 5.68953;      -0.55126;3.44291;1
 -31.96007; 5.69286;      -0.55110;3.44291;1
 -31.99316; 5.69620;      -0.55101;3.44292;1
 -32.02629; 5.69953;      -0.55089;3.44292;1
 -32.05940; 5.70286;      -0.55075;3.44293;1
 -32.09251; 5.70620;      -0.55062;3.44293;1
 -32.12567; 5.70953;      -0.55046;3.44294;1
 -32.15883; 5.71286;      -0.55032;3.44294;1
 -32.19197; 5.71620;      -0.55019;3.44294;1
 -32.22515; 5.71953;      -0.55005;3.44295;1
 -32.25829; 5.72286;      -0.54991;3.44295;1
 -32.29143; 5.72620;      -0.54978;3.44296;1
 -32.32457; 5.72953;      -0.54963;3.44296;1
 -32.35773; 5.73286;      -0.54946;3.44297;1
 -32.39089; 5.73619;      -0.54932;3.44297;1
 -32.42408; 5.73953;      -0.54916;3.44298;1
 -32.45726; 5.74286;      -0.54901;3.44298;1
 -32.49045; 5.74619;      -0.54887;3.44298;1
 -32.52363; 5.74953;      -0.54872;3.44299;1
 -32.55686; 5.75286;      -0.54860;3.44299;1
 -32.59004; 5.75619;      -0.54850;3.44300;1
 -32.62325; 5.75953;      -0.54841;3.44300;1
 -32.65650; 5.76286;      -0.54833;3.44301;1
 -32.68974; 5.76619;      -0.54821;3.44301;1
 -32.72297; 5.76953;      -0.54810;3.44301;1
 -32.75620; 5.77286;      -0.54802;3.44302;1
 -32.78944; 5.77619;      -0.54800;3.44302;1
 -32.82268; 5.77952;      -0.54800;3.44303;1
 -32.85594; 5.78286;      -0.54795;3.44303;1
 -32.88923; 5.78619;      -0.54786;3.44304;1
 -32.92249; 5.78952;      -0.54778;3.44304;1
 -32.95576; 5.79286;      -0.54770;3.44304;1
 -32.98903; 5.79619;      -0.54762;3.44305;1
 -33.02229; 5.79952;      -0.54754;3.44305;1
 -33.05553; 5.80286;      -0.54746;3.44306;1
 -33.08879; 5.80619;      -0.54738;3.44306;1
 -33.12206; 5.80952;      -0.54730;3.44307;1
 -33.15538; 5.81285;      -0.54721;3.44307;1
 -33.18869; 5.81619;      -0.54715;3.44307;1
 -33.22200; 5.81952;      -0.54709;3.44308;1
 -33.25531; 5.82285;      -0.54701;3.44308;1
 -33.28863; 5.82619;      -0.54694;3.44309;1
 -33.32193; 5.82952;      -0.54692;3.44309;1
 -33.35522; 5.83285;      -0.54690;3.44309;1
 -33.38854; 5.83619;      -0.54686;3.44310;1
 -33.42187; 5.83952;      -0.54679;3.44310;1
 -33.45518; 5.84285;      -0.54674;3.44311;1
 -33.48851; 5.84619;      -0.54671;3.44311;1
 -33.52187; 5.84952;      -0.54670;3.44312;1
 -33.55520; 5.85285;      -0.54673;3.44312;1
 -33.58855; 5.85618;      -0.54669;3.44312;1
 -33.62194; 5.85952;      -0.54661;3.44313;1
 -33.65530; 5.86285;      -0.54661;3.44313;1
 -33.68866; 5.86618;      -0.54656;3.44314;1
 -33.72203; 5.86952;      -0.54644;3.44314;1
 -33.75542; 5.87285;      -0.54638;3.44314;1
 -33.78881; 5.87618;      -0.54630;3.44315;1
 -33.82222; 5.87952;      -0.54627;3.44315;1
 -33.85561; 5.88285;      -0.54631;3.44316;1
 -33.88901; 5.88618;      -0.54636;3.44316;1
 -33.92239; 5.88952;      -0.54638;3.44317;1
 -33.95578; 5.89285;      -0.54639;3.44317;1
 -33.98921; 5.89618;      -0.54633;3.44317;1
 -34.02264; 5.89951;      -0.54618;3.44318;1
 -34.05606; 5.90285;      -0.54613;3.44318;1
 -34.08946; 5.90618;      -0.54613;3.44319;1
 -34.12288; 5.90951;      -0.54610;3.44319;1
 -34.15626; 5.91285;      -0.54606;3.44319;1
 -34.18964; 5.91618;      -0.54603;3.44320;1
 -34.22308; 5.91951;      -0.54594;3.44320;1
 -34.25646; 5.92285;      -0.54583;3.44321;1
 -34.28989; 5.92618;      -0.54577;3.44321;1
 -34.32332; 5.92951;      -0.54574;3.44321;1
 -34.35674; 5.93284;      -0.54571;3.44322;1
 -34.39012; 5.93618;      -0.54565;3.44322;1
 -34.42352; 5.93951;      -0.54561;3.44323;1
 -34.45694; 5.94284;      -0.54557;3.44323;1
 -34.49040; 5.94618;      -0.54566;3.44323;1
 -34.52384; 5.94951;      -0.54567;3.44324;1
 -34.55730; 5.95284;      -0.54565;3.44324;1
 -34.59074; 5.95618;      -0.54559;3.44325;1
 -34.62419; 5.95951;      -0.54554;3.44325;1
 -34.65765; 5.96284;      -0.54553;3.44325;1
 -34.69111; 5.96618;      -0.54553;3.44326;1
 -34.72450; 5.96951;      -0.54553;3.44326;1
 -34.75792; 5.97284;      -0.54552;3.44327;1
 -34.79139; 5.97617;      -0.54552;3.44327;1
 -34.82486; 5.97951;      -0.54551;3.44327;1
 -34.85832; 5.98284;      -0.54548;3.44328;1
 -34.89179; 5.98617;      -0.54548;3.44328;1
 -34.92525; 5.98951;      -0.54550;3.44328;1
 -34.95872; 5.99284;      -0.54548;3.44329;1
 -34.99221; 5.99617;      -0.54545;3.44329;1
 -35.02567; 5.99951;      -0.54546;3.44330;1
 -35.05913; 6.00284;      -0.54545;3.44330;1
 -35.09262; 6.00617;      -0.54544;3.44330;1
 -35.12612; 6.00951;      -0.54542;3.44331;1
 -35.15963; 6.01284;      -0.54541;3.44331;1
 -35.19311; 6.01617;      -0.54540;3.44332;1
 -35.22663; 6.01950;      -0.54535;3.44332;1
 -35.26010; 6.02284;      -0.54532;3.44332;1
 -35.29362; 6.02617;      -0.54535;3.44333;1
 -35.32711; 6.02950;      -0.54537;3.44333;1
 -35.36062; 6.03284;      -0.54534;3.44333;1
 -35.39418; 6.03617;      -0.54529;3.44334;1
 -35.42769; 6.03950;      -0.54523;3.44334;1
 -35.46121; 6.04284;      -0.54518;3.44335;1
 -35.49475; 6.04617;      -0.54509;3.44335;1
 -35.52827; 6.04950;      -0.54500;3.44335;1
 -35.56175; 6.05284;      -0.54492;3.44336;1
 -35.59524; 6.05617;      -0.54486;3.44336;1
 -35.62871; 6.05950;      -0.54484;3.44337;1
 -35.66221; 6.06283;      -0.54477;3.44337;1
 -35.69571; 6.06617;      -0.54469;3.44337;1
 -35.72919; 6.06950;      -0.54467;3.44338;1
 -35.76270; 6.07283;      -0.54465;3.44338;1
 -35.79618; 6.07617;      -0.54461;3.44338;1
 -35.82963; 6.07950;      -0.54456;3.44339;1
 -35.86309; 6.08283;      -0.54451;3.44339;1
 -35.89654; 6.08617;      -0.54446;3.44339;1
 -35.93001; 6.08950;      -0.54436;3.44340;1
 -35.96350; 6.09283;      -0.54427;3.44340;1
 -35.99702; 6.09616;      -0.54421;3.44341;1
 -36.03050; 6.09950;      -0.54424;3.44341;1
 -36.06399; 6.10283;      -0.54426;3.44341;1
 -36.09746; 6.10616;      -0.54425;3.44342;1
 -36.13093; 6.10950;      -0.54419;3.44342;1
 -36.16439; 6.11283;      -0.54413;3.44342;1
 -36.19785; 6.11616;      -0.54407;3.44343;1
 -36.23132; 6.11950;      -0.54400;3.44343;1
 -36.26476; 6.12283;      -0.54399;3.44344;1
 -36.29823; 6.12616;      -0.54398;3.44344;1
 -36.33170; 6.12950;      -0.54398;3.44344;1
 -36.36516; 6.13283;      -0.54399;3.44345;1
 -36.39862; 6.13616;      -0.54398;3.44345;1
 -36.43207; 6.13949;      -0.54392;3.44345;1
 -36.46553; 6.14283;      -0.54389;3.44346;1
 -36.49896; 6.14616;      -0.54378;3.44346;1
 -36.53237; 6.14949;      -0.54372;3.44346;1
 -36.56580; 6.15283;      -0.54365;3.44347;1
 -36.59922; 6.15616;      -0.54364;3.44347;1
 -36.63264; 6.15949;      -0.54361;3.44347;1
 -36.66606; 6.16283;      -0.54358;3.44348;1
 -36.69948; 6.16616;      -0.54358;3.44348;1
 -36.73295; 6.16949;      -0.54353;3.44349;1
 -36.76643; 6.17283;      -0.54348;3.44349;1
 -36.79993; 6.17616;      -0.54344;3.44349;1
 -36.83339; 6.17949;      -0.54339;3.44350;1
 -36.86685; 6.18282;      -0.54336;3.44350;1
 -36.90034; 6.18616;      -0.54327;3.44350;1
 -36.93384; 6.18949;      -0.54317;3.44351;1
 -36.96735; 6.19282;      -0.54313;3.44351;1
 -37.00084; 6.19616;      -0.54308;3.44351;1
 -37.03436; 6.19949;      -0.54301;3.44352;1
 -37.06788; 6.20282;      -0.54295;3.44352;1
 -37.10139; 6.20616;      -0.54287;3.44352;1
 -37.13491; 6.20949;      -0.54280;3.44353;1
 -37.16843; 6.21282;      -0.54273;3.44353;1
 -37.20194; 6.21615;      -0.54261;3.44353;1
 -37.23543; 6.21949;      -0.54252;3.44354;1
 -37.26887; 6.22282;      -0.54240;3.44354;1
 -37.30237; 6.22615;      -0.54232;3.44354;1
 -37.33584; 6.22949;      -0.54228;3.44355;1
 -37.36932; 6.23282;      -0.54228;3.44355;1
 -37.40281; 6.23615;      -0.54233;3.44355;1
 -37.43624; 6.23949;      -0.54235;3.44356;1
 -37.46972; 6.24282;      -0.54235;3.44356;1
 -37.50321; 6.24615;      -0.54232;3.44357;1
 -37.53669; 6.24949;      -0.54225;3.44357;1
 -37.57015; 6.25282;      -0.54218;3.44357;1
 -37.60369; 6.25615;      -0.54206;3.44357;1
 -37.63723; 6.25948;      -0.54196;3.44358;1
 -37.67075; 6.26282;      -0.54193;3.44358;1
 -37.70426; 6.26615;      -0.54188;3.44358;1
 -37.73778; 6.26948;      -0.54184;3.44359;1
 -37.77130; 6.27282;      -0.54174;3.44359;1
 -37.80479; 6.27615;      -0.54168;3.44360;1
 -37.83832; 6.27948;      -0.54164;3.44360;1
 -37.87187; 6.28282;      -0.54159;3.44360;1
 -37.90544; 6.28615;      -0.54150;3.44360;1
 -37.93901; 6.28948;      -0.54142;3.44361;1
 -37.97260; 6.29282;      -0.54144;3.44361;1
 -38.00616; 6.29615;      -0.54147;3.44361;1
 -38.03970; 6.29948;      -0.54147;3.44362;1
 -38.07327; 6.30281;      -0.54146;3.44362;1
 -38.10682; 6.30615;      -0.54140;3.44362;1
 -38.14039; 6.30948;      -0.54137;3.44363;1
 -38.17399; 6.31281;      -0.54131;3.44363;1
 -38.20761; 6.31615;      -0.54121;3.44363;1
 -38.24118; 6.31948;      -0.54112;3.44364;1
 -38.27480; 6.32281;      -0.54110;3.44364;1
 -38.30842; 6.32615;      -0.54111;3.44364;1
 -38.34204; 6.32948;      -0.54110;3.44365;1
 -38.37563; 6.33281;      -0.54106;3.44365;1
 -38.40929; 6.33615;      -0.54102;3.44365;1
 -38.44291; 6.33948;      -0.54090;3.44366;1
 -38.47661; 6.34281;      -0.54082;3.44366;1
 -38.51025; 6.34614;      -0.54074;3.44366;1
 -38.54391; 6.34948;      -0.54068;3.44367;1
 -38.57760; 6.35281;      -0.54066;3.44367;1
 -38.61124; 6.35614;      -0.54065;3.44367;1
 -38.64491; 6.35948;      -0.54058;3.44368;1
 -38.67858; 6.36281;      -0.54051;3.44368;1
 -38.71222; 6.36614;      -0.54045;3.44368;1
 -38.74586; 6.36948;      -0.54042;3.44369;1
 -38.77945; 6.37281;      -0.54040;3.44369;1
 -38.81308; 6.37614;      -0.54032;3.44369;1
 -38.84669; 6.37947;      -0.54029;3.44370;1
 -38.88031; 6.38281;      -0.54024;3.44370;1
 -38.91391; 6.38614;      -0.54021;3.44370;1
 -38.94752; 6.38947;      -0.54019;3.44370;1
 -38.98109; 6.39281;      -0.54013;3.44371;1
 -39.01466; 6.39614;      -0.54010;3.44371;1
 -39.04827; 6.39947;      -0.54006;3.44371;1
 -39.08181; 6.40281;      -0.53998;3.44372;1
 -39.11539; 6.40614;      -0.53991;3.44372;1
 -39.14896; 6.40947;      -0.53985;3.44372;1
 -39.18255; 6.41281;      -0.53983;3.44373;1
 -39.21611; 6.41614;      -0.53981;3.44373;1
 -39.24966; 6.41947;      -0.53976;3.44373;1
 -39.28323; 6.42280;      -0.53972;3.44374;1
 -39.31683; 6.42614;      -0.53968;3.44374;1
 -39.35042; 6.42947;      -0.53965;3.44374;1
 -39.38400; 6.43280;      -0.53958;3.44374;1
 -39.41755; 6.43614;      -0.53951;3.44375;1
 -39.45112; 6.43947;      -0.53945;3.44375;1
 -39.48468; 6.44280;      -0.53943;3.44375;1
 -39.51823; 6.44614;      -0.53935;3.44376;1
 -39.55180; 6.44947;      -0.53931;3.44376;1
 -39.58535; 6.45280;      -0.53926;3.44376;1
 -39.61887; 6.45614;      -0.53920;3.44377;1
 -39.65238; 6.45947;      -0.53912;3.44377;1
 -39.68587; 6.46280;      -0.53901;3.44377;1
 -39.71938; 6.46613;      -0.53890;3.44377;1
 -39.75289; 6.46947;      -0.53883;3.44378;1
 -39.78640; 6.47280;      -0.53877;3.44378;1
 -39.81987; 6.47613;      -0.53869;3.44378;1
 -39.85338; 6.47947;      -0.53863;3.44379;1
 -39.88686; 6.48280;      -0.53858;3.44379;1
 -39.92031; 6.48613;      -0.53853;3.44379;1
 -39.95377; 6.48947;      -0.53844;3.44379;1
 -39.98723; 6.49280;      -0.53837;3.44380;1
 -40.02064; 6.49613;      -0.53829;3.44380;1
 -40.05403; 6.49946;      -0.53826;3.44380;1
 -40.08744; 6.50280;      -0.53819;3.44381;1
 -40.12082; 6.50613;      -0.53810;3.44381;1
 -40.15423; 6.50946;      -0.53799;3.44381;1
 -40.18765; 6.51280;      -0.53790;3.44381;1
 -40.22101; 6.51613;      -0.53780;3.44382;1
 -40.25435; 6.51946;      -0.53770;3.44382;1
 -40.28774; 6.52280;      -0.53762;3.44382;1
 -40.32107; 6.52613;      -0.53751;3.44383;1
 -40.35441; 6.52946;      -0.53742;3.44383;1
 -40.38775; 6.53280;      -0.53728;3.44383;1
 -40.42111; 6.53613;      -0.53719;3.44383;1
 -40.45441; 6.53946;      -0.53706;3.44384;1
 -40.48772; 6.54279;      -0.53690;3.44384;1
 -40.52098; 6.54613;      -0.53676;3.44384;1
 -40.55428; 6.54946;      -0.53664;3.44385;1
 -40.58758; 6.55279;      -0.53654;3.44385;1
 -40.62087; 6.55613;      -0.53648;3.44385;1
 -40.65416; 6.55946;      -0.53639;3.44385;1
 -40.68744; 6.56279;      -0.53628;3.44386;1
 -40.72072; 6.56613;      -0.53618;3.44386;1
 -40.75401; 6.56946;      -0.53604;3.44386;1
 -40.78726; 6.57279;      -0.53591;3.44386;1
 -40.82053; 6.57613;      -0.53579;3.44387;1
 -40.85378; 6.57946;      -0.53563;3.44387;1
 -40.88702; 6.58279;      -0.53547;3.44387;1
 -40.92026; 6.58612;      -0.53533;3.44388;1
 -40.95352; 6.58946;      -0.53519;3.44388;1
 -40.98677; 6.59279;      -0.53506;3.44388;1
 -41.02002; 6.59612;      -0.53493;3.44388;1
 -41.05330; 6.59946;      -0.53478;3.44389;1
 -41.08653; 6.60279;      -0.53465;3.44389;1
 -41.11979; 6.60612;      -0.53453;3.44389;1
 -41.15302; 6.60946;      -0.53439;3.44389;1
 -41.18623; 6.61279;      -0.53424;3.44390;1
 -41.21946; 6.61612;      -0.53409;3.44390;1
 -41.25268; 6.61946;      -0.53394;3.44390;1
 -41.28591; 6.62279;      -0.53385;3.44390;1
 -41.31914; 6.62612;      -0.53375;3.44391;1
 -41.35233; 6.62945;      -0.53360;3.44391;1
 -41.38547; 6.63279;      -0.53346;3.44391;1
 -41.41866; 6.63612;      -0.53333;3.44391;1
 -41.45184; 6.63945;      -0.53322;3.44392;1
 -41.48501; 6.64279;      -0.53305;3.44392;1
 -41.51821; 6.64612;      -0.53289;3.44392;1
 -41.55139; 6.64945;      -0.53278;3.44393;1
 -41.58452; 6.65279;      -0.53265;3.44393;1
 -41.61772; 6.65612;      -0.53252;3.44393;1
 -41.65090; 6.65945;      -0.53237;3.44393;1
 -41.68411; 6.66278;      -0.53223;3.44394;1
 -41.71732; 6.66612;      -0.53208;3.44394;1
 -41.75050; 6.66945;      -0.53195;3.44394;1
 -41.78366; 6.67278;      -0.53181;3.44394;1
 -41.81685; 6.67612;      -0.53166;3.44395;1
 -41.85005; 6.67945;      -0.53153;3.44395;1
 -41.88320; 6.68278;      -0.53143;3.44395;1
 -41.91639; 6.68612;      -0.53131;3.44395;1
 -41.94957; 6.68945;      -0.53120;3.44396;1
 -41.98274; 6.69278;      -0.53112;3.44396;1
 -42.01592; 6.69612;      -0.53103;3.44396;1
 -42.04910; 6.69945;      -0.53094;3.44396;1
 -42.08231; 6.70278;      -0.53081;3.44397;1
 -42.11546; 6.70611;      -0.53070;3.44397;1
 -42.14864; 6.70945;      -0.53059;3.44397;1
 -42.18177; 6.71278;      -0.53048;3.44397;1
 -42.21491; 6.71611;      -0.53035;3.44398;1
 -42.24807; 6.71945;      -0.53023;3.44398;1
 -42.28120; 6.72278;      -0.53009;3.44398;1
 -42.31435; 6.72611;      -0.53002;3.44398;1
 -42.34749; 6.72945;      -0.52993;3.44398;1
 -42.38064; 6.73278;      -0.52982;3.44399;1
 -42.41378; 6.73611;      -0.52968;3.44399;1
 -42.44688; 6.73945;      -0.52958;3.44399;1
 -42.48001; 6.74278;      -0.52944;3.44399;1
 -42.51315; 6.74611;      -0.52929;3.44400;1
 -42.54628; 6.74944;      -0.52915;3.44400;1
 -42.57941; 6.75278;      -0.52907;3.44400;1
 -42.61251; 6.75611;      -0.52900;3.44400;1
 -42.64562; 6.75944;      -0.52890;3.44401;1
 -42.67874; 6.76278;      -0.52880;3.44401;1
 -42.71188; 6.76611;      -0.52868;3.44401;1
 -42.74498; 6.76944;      -0.52857;3.44401;1
 -42.77807; 6.77278;      -0.52843;3.44402;1
 -42.81119; 6.77611;      -0.52831;3.44402;1
 -42.84430; 6.77944;      -0.52819;3.44402;1
 -42.87739; 6.78277;      -0.52807;3.44402;1
 -42.91053; 6.78611;      -0.52795;3.44402;1
 -42.94365; 6.78944;      -0.52783;3.44403;1
 -42.97671; 6.79277;      -0.52772;3.44403;1
 -43.00980; 6.79611;      -0.52762;3.44403;1
 -43.04289; 6.79944;      -0.52751;3.44403;1
 -43.07591; 6.80277;      -0.52740;3.44404;1
 -43.10898; 6.80611;      -0.52727;3.44404;1
 -43.14205; 6.80944;      -0.52716;3.44404;1
 -43.17509; 6.81277;      -0.52703;3.44404;1
 -43.20816; 6.81611;      -0.52691;3.44405;1
 -43.24118; 6.81944;      -0.52676;3.44405;1
 -43.27420; 6.82277;      -0.52663;3.44405;1
 -43.30723; 6.82610;      -0.52651;3.44405;1
 -43.34031; 6.82944;      -0.52638;3.44405;1
 -43.37337; 6.83277;      -0.52627;3.44406;1
 -43.40645; 6.83610;      -0.52619;3.44406;1
 -43.43947; 6.83944;      -0.52608;3.44406;1
 -43.47250; 6.84277;      -0.52598;3.44406;1
 -43.50549; 6.84610;      -0.52587;3.44406;1
 -43.53850; 6.84944;      -0.52574;3.44407;1
 -43.57151; 6.85277;      -0.52561;3.44407;1
 -43.60454; 6.85610;      -0.52547;3.44407;1
 -43.63751; 6.85944;      -0.52533;3.44407;1
 -43.67053; 6.86277;      -0.52520;3.44408;1
 -43.70355; 6.86610;      -0.52506;3.44408;1
 -43.73658; 6.86943;      -0.52493;3.44408;1
 -43.76958; 6.87277;      -0.52477;3.44408;1
 -43.80259; 6.87610;      -0.52464;3.44408;1
 -43.83558; 6.87943;      -0.52454;3.44409;1
 -43.86858; 6.88277;      -0.52439;3.44409;1
 -43.90164; 6.88610;      -0.52424;3.44409;1
 -43.93465; 6.88943;      -0.52409;3.44409;1
 -43.96766; 6.89277;      -0.52399;3.44409;1
 -44.00064; 6.89610;      -0.52393;3.44410;1
 -44.03366; 6.89943;      -0.52385;3.44410;1
 -44.06670; 6.90277;      -0.52369;3.44410;1
 -44.09971; 6.90610;      -0.52355;3.44410;1
 -44.13274; 6.90943;      -0.52342;3.44410;1
 -44.16576; 6.91276;      -0.52331;3.44411;1
 -44.19880; 6.91610;      -0.52318;3.44411;1
 -44.23183; 6.91943;      -0.52303;3.44411;1
 -44.26488; 6.92276;      -0.52291;3.44411;1
 -44.29798; 6.92610;      -0.52279;3.44412;1
 -44.33105; 6.92943;      -0.52268;3.44412;1
 -44.36414; 6.93276;      -0.52253;3.44412;1
 -44.39722; 6.93610;      -0.52239;3.44412;1
 -44.43029; 6.93943;      -0.52223;3.44412;1
 -44.46342; 6.94276;      -0.52210;3.44412;1
 -44.49653; 6.94609;      -0.52195;3.44413;1
 -44.52966; 6.94943;      -0.52192;3.44413;1
 -44.56279; 6.95276;      -0.52187;3.44413;1
 -44.59591; 6.95609;      -0.52182;3.44413;1
 -44.62907; 6.95943;      -0.52171;3.44413;1
 -44.66221; 6.96276;      -0.52157;3.44414;1
 -44.69534; 6.96609;      -0.52142;3.44414;1
 -44.72853; 6.96943;      -0.52127;3.44414;1
 -44.76174; 6.97276;      -0.52114;3.44414;1
 -44.79495; 6.97609;      -0.52098;3.44414;1
 -44.82817; 6.97943;      -0.52080;3.44415;1
 -44.86141; 6.98276;      -0.52067;3.44415;1
 -44.89469; 6.98609;      -0.52058;3.44415;1
 -44.92792; 6.98942;      -0.52053;3.44415;1
 -44.96118; 6.99276;      -0.52053;3.44415;1
 -44.99448; 6.99609;      -0.52052;3.44416;1
 -45.02776; 6.99942;      -0.52042;3.44416;1
 -45.06104; 7.00276;      -0.52034;3.44416;1
 -45.09437; 7.00609;      -0.52024;3.44416;1
 -45.12768; 7.00942;      -0.52013;3.44416;1
 -45.16100; 7.01276;      -0.52003;3.44417;1
 -45.19435; 7.01609;      -0.51993;3.44417;1
 -45.22771; 7.01942;      -0.51986;3.44417;1
 -45.26108; 7.02276;      -0.51982;3.44417;1
 -45.29448; 7.02609;      -0.51978;3.44417;1
 -45.32792; 7.02942;      -0.51979;3.44417;1
 -45.36132; 7.03275;      -0.51980;3.44418;1
 -45.39472; 7.03609;      -0.51978;3.44418;1
 -45.42814; 7.03942;      -0.51977;3.44418;1
 -45.46158; 7.04275;      -0.51976;3.44418;1
 -45.49504; 7.04609;      -0.51971;3.44418;1
 -45.52856; 7.04942;      -0.51966;3.44419;1
 -45.56208; 7.05275;      -0.51963;3.44419;1
 -45.59559; 7.05609;      -0.51964;3.44419;1
 -45.62908; 7.05942;      -0.51966;3.44419;1
 -45.66257; 7.06275;      -0.51965;3.44419;1
 -45.69606; 7.06609;      -0.51963;3.44419;1
 -45.72952; 7.06942;      -0.51960;3.44420;1
 -45.76297; 7.07275;      -0.51961;3.44420;1
 -45.79647; 7.07608;      -0.51963;3.44420;1
 -45.82998; 7.07942;      -0.51960;3.44420;1
 -45.86347; 7.08275;      -0.51955;3.44420;1
 -45.89699; 7.08608;      -0.51950;3.44420;1
 -45.93051; 7.08942;      -0.51947;3.44421;1
 -45.96405; 7.09275;      -0.51949;3.44421;1
 -45.99764; 7.09608;      -0.51949;3.44421;1
 -46.03121; 7.09942;      -0.51948;3.44421;1
 -46.06478; 7.10275;      -0.51945;3.44421;1
 -46.09837; 7.10608;      -0.51944;3.44421;1
 -46.13197; 7.10941;      -0.51942;3.44422;1
 -46.16556; 7.11275;      -0.51947;3.44422;1
 -46.19913; 7.11608;      -0.51952;3.44422;1
 -46.23269; 7.11941;      -0.51954;3.44422;1
 -46.26626; 7.12275;      -0.51956;3.44422;1
 -46.29982; 7.12608;      -0.51960;3.44422;1
 -46.33338; 7.12941;      -0.51969;3.44423;1
 -46.36697; 7.13275;      -0.51971;3.44423;1
 -46.40053; 7.13608;      -0.51970;3.44423;1
 -46.43411; 7.13941;      -0.51968;3.44423;1
 -46.46769; 7.14275;      -0.51969;3.44423;1
 -46.50124; 7.14608;      -0.51969;3.44423;1
 -46.53482; 7.14941;      -0.51967;3.44424;1
 -46.56839; 7.15274;      -0.51969;3.44424;1
 -46.60201; 7.15608;      -0.51972;3.44424;1
 -46.63560; 7.15941;      -0.51974;3.44424;1
 -46.66919; 7.16274;      -0.51977;3.44424;1
 -46.70280; 7.16608;      -0.51977;3.44424;1
 -46.73641; 7.16941;      -0.51973;3.44425;1
 -46.76998; 7.17274;      -0.51970;3.44425;1
 -46.80350; 7.17608;      -0.51969;3.44425;1
 -46.83706; 7.17941;      -0.51969;3.44425;1
 -46.87061; 7.18274;      -0.51969;3.44425;1
 -46.90415; 7.18608;      -0.51968;3.44425;1
 -46.93768; 7.18941;      -0.51967;3.44426;1
 -46.97122; 7.19274;      -0.51968;3.44426;1
 -47.00474; 7.19607;      -0.51966;3.44426;1
 -47.03823; 7.19941;      -0.51964;3.44426;1
 -47.07179; 7.20274;      -0.51963;3.44426;1
 -47.10530; 7.20607;      -0.51963;3.44426;1
 -47.13882; 7.20941;      -0.51962;3.44426;1
 -47.17235; 7.21274;      -0.51960;3.44427;1
 -47.20589; 7.21607;      -0.51960;3.44427;1
 -47.23942; 7.21941;      -0.51956;3.44427;1
 -47.27294; 7.22274;      -0.51948;3.44427;1
 -47.30643; 7.22607;      -0.51938;3.44427;1
 -47.33994; 7.22940;      -0.51934;3.44427;1
 -47.37342; 7.23274;      -0.51930;3.44427;1
 -47.40689; 7.23607;      -0.51926;3.44428;1
 -47.44036; 7.23940;      -0.51923;3.44428;1
 -47.47383; 7.24274;      -0.51921;3.44428;1
 -47.50732; 7.24607;      -0.51916;3.44428;1
 -47.54077; 7.24940;      -0.51911;3.44428;1
 -47.57422; 7.25274;      -0.51903;3.44428;1
 -47.60766; 7.25607;      -0.51900;3.44428;1
 -47.64110; 7.25940;      -0.51892;3.44429;1
 -47.67457; 7.26274;      -0.51882;3.44429;1
 -47.70807; 7.26607;      -0.51875;3.44429;1
 -47.74155; 7.26940;      -0.51873;3.44429;1
 -47.77503; 7.27273;      -0.51871;3.44429;1
 -47.80851; 7.27607;      -0.51865;3.44429;1
 -47.84201; 7.27940;      -0.51857;3.44429;1
 -47.87551; 7.28273;      -0.51848;3.44429;1
 -47.90906; 7.28607;      -0.51837;3.44430;1
 -47.94259; 7.28940;      -0.51830;3.44430;1
 -47.97607; 7.29273;      -0.51819;3.44430;1
 -48.00955; 7.29607;      -0.51809;3.44430;1
 -48.04299; 7.29940;      -0.51800;3.44430;1
 -48.07647; 7.30273;      -0.51794;3.44430;1
 -48.10993; 7.30607;      -0.51787;3.44430;1
 -48.14337; 7.30940;      -0.51777;3.44431;1
 -48.17681; 7.31273;      -0.51768;3.44431;1
 -48.21028; 7.31606;      -0.51763;3.44431;1
 -48.24378; 7.31940;      -0.51755;3.44431;1
 -48.27728; 7.32273;      -0.51746;3.44431;1
 -48.31080; 7.32606;      -0.51736;3.44431;1
 -48.34431; 7.32940;      -0.51728;3.44431;1
 -48.37780; 7.33273;      -0.51721;3.44431;1
 -48.41129; 7.33606;      -0.51713;3.44432;1
 -48.44480; 7.33940;      -0.51705;3.44432;1
 -48.47829; 7.34273;      -0.51697;3.44432;1
 -48.51179; 7.34606;      -0.51688;3.44432;1
 -48.54530; 7.34940;      -0.51681;3.44432;1
 -48.57876; 7.35273;      -0.51673;3.44432;1
 -48.61225; 7.35606;      -0.51674;3.44432;1
 -48.64569; 7.35939;      -0.51675;3.44432;1
 -48.67914; 7.36273;      -0.51671;3.44432;1
 -48.71262; 7.36606;      -0.51671;3.44433;1
 -48.74603; 7.36939;      -0.51667;3.44433;1
 -48.77948; 7.37273;      -0.51661;3.44433;1
 -48.81295; 7.37606;      -0.51645;3.44433;1
 -48.84645; 7.37939;      -0.51630;3.44433;1
 -48.87994; 7.38273;      -0.51622;3.44433;1
 -48.91343; 7.38606;      -0.51611;3.44433;1
 -48.94692; 7.38939;      -0.51605;3.44433;1
 -48.98040; 7.39272;      -0.51600;3.44433;1
 -49.01387; 7.39606;      -0.51592;3.44434;1
 -49.04735; 7.39939;      -0.51584;3.44434;1
 -49.08086; 7.40272;      -0.51585;3.44434;1
 -49.11432; 7.40606;      -0.51584;3.44434;1
 -49.14779; 7.40939;      -0.51577;3.44434;1
 -49.18129; 7.41272;      -0.51566;3.44434;1
 -49.21479; 7.41606;      -0.51558;3.44434;1
 -49.24825; 7.41939;      -0.51542;3.44434;1
 -49.28173; 7.42272;      -0.51534;3.44434;1
 -49.31523; 7.42606;      -0.51531;3.44435;1
 -49.34875; 7.42939;      -0.51526;3.44435;1
 -49.38229; 7.43272;      -0.51522;3.44435;1
 -49.41581; 7.43605;      -0.51518;3.44435;1
 -49.44935; 7.43939;      -0.51513;3.44435;1
 -49.48288; 7.44272;      -0.51508;3.44435;1
 -49.51642; 7.44605;      -0.51507;3.44435;1
 -49.54997; 7.44939;      -0.51506;3.44435;1
 -49.58356; 7.45272;      -0.51502;3.44435;1
 -49.61710; 7.45605;      -0.51499;3.44436;1
 -49.65065; 7.45939;      -0.51494;3.44436;1
 -49.68425; 7.46272;      -0.51489;3.44436;1
 -49.71784; 7.46605;      -0.51482;3.44436;1
 -49.75141; 7.46939;      -0.51471;3.44436;1
 -49.78498; 7.47272;      -0.51465;3.44436;1
 -49.81861; 7.47605;      -0.51460;3.44436;1
 -49.85226; 7.47938;      -0.51456;3.44436;1
 -49.88588; 7.48272;      -0.51449;3.44436;1
 -49.91953; 7.48605;      -0.51436;3.44436;1
 -49.95317; 7.48938;      -0.51426;3.44436;1
 -49.98682; 7.49272;      -0.51419;3.44437;1
 -50.02050; 7.49605;      -0.51412;3.44437;1
 -50.05417; 7.49938;      -0.51402;3.44437;1
 -50.08785; 7.50272;      -0.51395;3.44437;1
 -50.12157; 7.50605;      -0.51388;3.44437;1
 -50.15527; 7.50938;      -0.51380;3.44437;1
 -50.18901; 7.51271;      -0.51372;3.44437;1
 -50.22280; 7.51605;      -0.51363;3.44437;1
 -50.25656; 7.51938;      -0.51354;3.44437;1
 -50.29036; 7.52271;      -0.51344;3.44437;1
 -50.32419; 7.52605;      -0.51337;3.44437;1
 -50.35800; 7.52938;      -0.51333;3.44437;1
 -50.39186; 7.53271;      -0.51332;3.44438;1
 -50.42573; 7.53605;      -0.51332;3.44438;1
 -50.45961; 7.53938;      -0.51331;3.44438;1
 -50.49352; 7.54271;      -0.51330;3.44438;1
 -50.52743; 7.54605;      -0.51330;3.44438;1
 -50.56137; 7.54938;      -0.51327;3.44438;1
 -50.59535; 7.55271;      -0.51325;3.44438;1
 -50.62936; 7.55604;      -0.51321;3.44438;1
 -50.66336; 7.55938;      -0.51316;3.44438;1
 -50.69738; 7.56271;      -0.51313;3.44438;1
 -50.73145; 7.56604;      -0.51309;3.44438;1
 -50.76551; 7.56938;      -0.51305;3.44438;1
 -50.79964; 7.57271;      -0.51301;3.44439;1
 -50.83379; 7.57604;      -0.51299;3.44439;1
 -50.86795; 7.57938;      -0.51293;3.44439;1
 -50.90211; 7.58271;      -0.51287;3.44439;1
 -50.93630; 7.58604;      -0.51286;3.44439;1
 -50.97048; 7.58938;      -0.51288;3.44439;1
 -51.00468; 7.59271;      -0.51292;3.44439;1
 -51.03889; 7.59604;      -0.51294;3.44439;1
 -51.07313; 7.59937;      -0.51294;3.44439;1
 -51.10737; 7.60271;      -0.51296;3.44439;1
 -51.14163; 7.60604;      -0.51303;3.44439;1
 -51.17590; 7.60937;      -0.51309;3.44439;1
 -51.21023; 7.61271;      -0.51321;3.44439;1
 -51.24455; 7.61604;      -0.51326;3.44439;1
 -51.27885; 7.61937;      -0.51331;3.44440;1
 -51.31320; 7.62271;      -0.51332;3.44440;1
 -51.34754; 7.62604;      -0.51333;3.44440;1
 -51.38186; 7.62937;      -0.51338;3.44440;1
 -51.41622; 7.63271;      -0.51344;3.44440;1
 -51.45053; 7.63604;      -0.51352;3.44440;1
 -51.48488; 7.63937;      -0.51360;3.44440;1
 -51.51922; 7.64270;      -0.51370;3.44440;1
 -51.55360; 7.64604;      -0.51379;3.44440;1
 -51.58799; 7.64937;      -0.51393;3.44440;1
 -51.62239; 7.65270;      -0.51406;3.44440;1
 -51.65674; 7.65604;      -0.51425;3.44440;1
 -51.69110; 7.65937;      -0.51442;3.44440;1
 -51.72547; 7.66270;      -0.51455;3.44440;1
 -51.75980; 7.66604;      -0.51466;3.44440;1
 -51.79414; 7.66937;      -0.51478;3.44440;1
 -51.82846; 7.67270;      -0.51488;3.44441;1
 -51.86281; 7.67603;      -0.51497;3.44441;1
 -51.89708; 7.67937;      -0.51507;3.44441;1
 -51.93135; 7.68270;      -0.51515;3.44441;1
 -51.96559; 7.68603;      -0.51524;3.44441;1
 -51.99980; 7.68937;      -0.51536;3.44441;1
 -52.03399; 7.69270;      -0.51545;3.44441;1
 -52.06813; 7.69603;      -0.51550;3.44441;1
 -52.10228; 7.69937;      -0.51550;3.44441;1
 -52.13641; 7.70270;      -0.51553;3.44441;1
 -52.17054; 7.70603;      -0.51557;3.44441;1
 -52.20460; 7.70937;      -0.51565;3.44441;1
 -52.23867; 7.71270;      -0.51571;3.44441;1
 -52.27270; 7.71603;      -0.51578;3.44441;1
 -52.30667; 7.71936;      -0.51582;3.44441;1
 -52.34065; 7.72270;      -0.51580;3.44441;1
 -52.37457; 7.72603;      -0.51584;3.44441;1
 -52.40843; 7.72936;      -0.51589;3.44441;1
 -52.44222; 7.73270;      -0.51593;3.44441;1
 -52.47601; 7.73603;      -0.51593;3.44441;1
 -52.50975; 7.73936;      -0.51591;3.44442;1
 -52.54346; 7.74270;      -0.51591;3.44442;1
 -52.57711; 7.74603;      -0.51591;3.44442;1
 -52.61073; 7.74936;      -0.51586;3.44442;1
 -52.64432; 7.75270;      -0.51582;3.44442;1
 -52.67783; 7.75603;      -0.51581;3.44442;1
 -52.71132; 7.75936;      -0.51579;3.44442;1
 -52.74477; 7.76269;      -0.51576;3.44442;1
 -52.77819; 7.76603;      -0.51569;3.44442;1
 -52.81150; 7.76936;      -0.51555;3.44442;1
 -52.84478; 7.77269;      -0.51544;3.44442;1
 -52.87802; 7.77603;      -0.51530;3.44442;1
 -52.91121; 7.77936;      -0.51520;3.44442;1
 -52.94431; 7.78269;      -0.51512;3.44442;1
 -52.97742; 7.78603;      -0.51501;3.44442;1
 -53.01047; 7.78936;      -0.51486;3.44442;1
 -53.04347; 7.79269;      -0.51469;3.44442;1
 -53.07643; 7.79602;      -0.51449;3.44442;1
 -53.10935; 7.79936;      -0.51432;3.44442;1
 -53.14224; 7.80269;      -0.51413;3.44442;1
 -53.17511; 7.80602;      -0.51388;3.44442;1
 -53.20791; 7.80936;      -0.51359;3.44442;1
 -53.24065; 7.81269;      -0.51333;3.44442;1
 -53.27336; 7.81602;      -0.51308;3.44442;1
 -53.30604; 7.81936;      -0.51285;3.44442;1
 -53.33867; 7.82269;      -0.51259;3.44442;1
 -53.37123; 7.82602;      -0.51225;3.44442;1
 -53.40378; 7.82936;      -0.51189;3.44442;1
 -53.43628; 7.83269;      -0.51161;3.44442;1
 -53.46874; 7.83602;      -0.51128;3.44442;1
 -53.50118; 7.83935;      -0.51097;3.44442;1
 -53.53357; 7.84269;      -0.51062;3.44442;1
 -53.56589; 7.84602;      -0.51023;3.44442;1
 -53.59818; 7.84935;      -0.50987;3.44442;1
 -53.63047; 7.85269;      -0.50954;3.44443;1
 -53.66270; 7.85602;      -0.50923;3.44443;1
 -53.69494; 7.85935;      -0.50888;3.44443;1
 -53.72715; 7.86269;      -0.50843;3.44443;1
 -53.75931; 7.86602;      -0.50795;3.44443;1
 -53.79146; 7.86935;      -0.50750;3.44443;1
 -53.82358; 7.87269;      -0.50714;3.44443;1
 -53.85568; 7.87602;      -0.50683;3.44443;1
 -53.88773; 7.87935;      -0.50645;3.44443;1
 -53.91978; 7.88268;      -0.50607;3.44443;1
 -53.95180; 7.88602;      -0.50572;3.44443;1
 -53.98383; 7.88935;      -0.50532;3.44443;1
 -54.01581; 7.89268;      -0.50487;3.44443;1
 -54.04782; 7.89602;      -0.50444;3.44443;1
 -54.07981; 7.89935;      -0.50399;3.44443;1
 -54.11179; 7.90268;      -0.50354;3.44443;1
 -54.14376; 7.90602;      -0.50310;3.44443;1
 -54.17570; 7.90935;      -0.50263;3.44443;1
 -54.20764; 7.91268;      -0.50219;3.44443;1
 -54.23956; 7.91602;      -0.50175;3.44443;1
 -54.27148; 7.91935;      -0.50129;3.44443;1
 -54.30340; 7.92268;      -0.50084;3.44443;1
 -54.33529; 7.92601;      -0.50041;3.44443;1
 -54.36715; 7.92935;      -0.49999;3.44443;1
 -54.39903; 7.93268;      -0.49959;3.44443;1
 -54.43093; 7.93601;      -0.49918;3.44443;1
 -54.46283; 7.93935;      -0.49878;3.44443;1
 -54.49474; 7.94268;      -0.49842;3.44443;1
 -54.52668; 7.94601;      -0.49801;3.44443;1
 -54.55859; 7.94935;      -0.49760;3.44443;1
 -54.59048; 7.95268;      -0.49717;3.44443;1
 -54.62237; 7.95601;      -0.49675;3.44443;1
 -54.65430; 7.95934;      -0.49640;3.44443;1
 -54.68622; 7.96268;      -0.49607;3.44443;1
 -54.71812; 7.96601;      -0.49573;3.44443;1
 -54.75001; 7.96934;      -0.49536;3.44443;1
 -54.78196; 7.97268;      -0.49499;3.44443;1
 -54.81389; 7.97601;      -0.49462;3.44443;1
 -54.84584; 7.97934;      -0.49427;3.44443;1
 -54.87777; 7.98268;      -0.49390;3.44443;1
 -54.90971; 7.98601;      -0.49354;3.44443;1
 -54.94167; 7.98934;      -0.49318;3.44443;1
 -54.97366; 7.99268;      -0.49283;3.44443;1
 -55.00571; 7.99601;      -0.49256;3.44443;1
 -55.03773; 7.99934;      -0.49229;3.44443;1
 -55.06975; 8.00267;      -0.49196;3.44443;1
 -55.10181; 8.00601;      -0.49161;3.44443;1
 -55.13387; 8.00934;      -0.49127;3.44443;1
 -55.16599; 8.01267;      -0.49100;3.44443;1
 -55.19808; 8.01601;      -0.49072;3.44443;1
 -55.23014; 8.01934;      -0.49052;3.44443;1
 -55.26224; 8.02267;      -0.49026;3.44443;1
 -55.29435; 8.02601;      -0.48997;3.44443;1
 -55.32652; 8.02934;      -0.48966;3.44443;1
 -55.35868; 8.03267;      -0.48935;3.44443;1
 -55.39089; 8.03601;      -0.48907;3.44443;1
 -55.42306; 8.03934;      -0.48877;3.44443;1
 -55.45525; 8.04267;      -0.48848;3.44443;1
 -55.48750; 8.04600;      -0.48825;3.44443;1
 -55.51979; 8.04934;      -0.48802;3.44443;1
 -55.55207; 8.05267;      -0.48776;3.44442;1
 -55.58435; 8.05600;      -0.48751;3.44442;1
 -55.61664; 8.05934;      -0.48731;3.44442;1
 -55.64894; 8.06267;      -0.48711;3.44442;1
 -55.68126; 8.06600;      -0.48690;3.44442;1
 -55.71364; 8.06934;      -0.48670;3.44442;1
 -55.74603; 8.07267;      -0.48650;3.44442;1
 -55.77842; 8.07600;      -0.48628;3.44442;1
 -55.81084; 8.07933;      -0.48609;3.44442;1
 -55.84331; 8.08267;      -0.48590;3.44442;1
 -55.87583; 8.08600;      -0.48579;3.44442;1
 -55.90836; 8.08933;      -0.48565;3.44442;1
 -55.94086; 8.09267;      -0.48551;3.44442;1
 -55.97342; 8.09600;      -0.48536;3.44442;1
 -56.00598; 8.09933;      -0.48523;3.44442;1
 -56.03856; 8.10267;      -0.48507;3.44442;1
 -56.07116; 8.10600;      -0.48492;3.44442;1
 -56.10380; 8.10933;      -0.48481;3.44442;1
 -56.13647; 8.11267;      -0.48477;3.44442;1
 -56.16915; 8.11600;      -0.48476;3.44442;1
 -56.20182; 8.11933;      -0.48468;3.44442;1
 -56.23452; 8.12266;      -0.48457;3.44442;1
 -56.26724; 8.12600;      -0.48447;3.44442;1
 -56.29998; 8.12933;      -0.48436;3.44442;1
 -56.33277; 8.13266;      -0.48428;3.44442;1
 -56.36557; 8.13600;      -0.48420;3.44442;1
 -56.39840; 8.13933;      -0.48417;3.44442;1
 -56.43123; 8.14266;      -0.48415;3.44442;1
 -56.46409; 8.14600;      -0.48411;3.44442;1
 -56.49694; 8.14933;      -0.48407;3.44442;1
 -56.52983; 8.15266;      -0.48405;3.44442;1
 -56.56276; 8.15600;      -0.48400;3.44442;1
 -56.59571; 8.15933;      -0.48394;3.44442;1
 -56.62864; 8.16266;      -0.48391;3.44442;1
 -56.66159; 8.16599;      -0.48392;3.44441;1
 -56.69461; 8.16933;      -0.48391;3.44441;1
 -56.72763; 8.17266;      -0.48387;3.44441;1
 -56.76067; 8.17599;      -0.48386;3.44441;1
 -56.79376; 8.17933;      -0.48383;3.44441;1
 -56.82685; 8.18266;      -0.48381;3.44441;1
 -56.85995; 8.18599;      -0.48385;3.44441;1
 -56.89306; 8.18933;      -0.48387;3.44441;1
 -56.92616; 8.19266;      -0.48388;3.44441;1
 -56.95925; 8.19599;      -0.48389;3.44441;1
 -56.99238; 8.19933;      -0.48389;3.44441;1
 -57.02557; 8.20266;      -0.48390;3.44441;1
 -57.05877; 8.20599;      -0.48393;3.44441;1
 -57.09195; 8.20932;      -0.48396;3.44441;1
 -57.12512; 8.21266;      -0.48409;3.44441;1
 -57.15829; 8.21599;      -0.48420;3.44441;1
 -57.19155; 8.21932;      -0.48425;3.44441;1
 -57.22485; 8.22266;      -0.48432;3.44441;1
 -57.25810; 8.22599;      -0.48444;3.44441;1
 -57.29138; 8.22932;      -0.48455;3.44441;1
 -57.32466; 8.23266;      -0.48464;3.44441;1
 -57.35798; 8.23599;      -0.48473;3.44440;1
 -57.39127; 8.23932;      -0.48473;3.44440;1
 -57.42462; 8.24265;      -0.48476;3.44440;1
 -57.45795; 8.24599;      -0.48481;3.44440;1
 -57.49129; 8.24932;      -0.48496;3.44440;1
 -57.52462; 8.25265;      -0.48504;3.44440;1
 -57.55795; 8.25599;      -0.48512;3.44440;1
 -57.59132; 8.25932;      -0.48516;3.44440;1
 -57.62470; 8.26265;      -0.48515;3.44440;1
 -57.65811; 8.26599;      -0.48517;3.44440;1
 -57.69155; 8.26932;      -0.48526;3.44440;1
 -57.72498; 8.27265;      -0.48535;3.44440;1
 -57.75838; 8.27599;      -0.48546;3.44440;1
 -57.79181; 8.27932;      -0.48555;3.44440;1
 -57.82522; 8.28265;      -0.48559;3.44440;1
 -57.85861; 8.28598;      -0.48564;3.44440;1
 -57.89200; 8.28932;      -0.48572;3.44440;1
 -57.92540; 8.29265;      -0.48574;3.44439;1
 -57.95884; 8.29598;      -0.48576;3.44439;1
 -57.99227; 8.29932;      -0.48580;3.44439;1
 -58.02568; 8.30265;      -0.48587;3.44439;1
 -58.05914; 8.30598;      -0.48595;3.44439;1
 -58.09258; 8.30932;      -0.48604;3.44439;1
 -58.12601; 8.31265;      -0.48615;3.44439;1
 -58.15944; 8.31598;      -0.48622;3.44439;1
 -58.19288; 8.31932;      -0.48629;3.44439;1
 -58.22634; 8.32265;      -0.48633;3.44439;1
 -58.25978; 8.32598;      -0.48636;3.44439;1
 -58.29325; 8.32931;      -0.48640;3.44439;1
 -58.32671; 8.33265;      -0.48648;3.44439;1
 -58.36016; 8.33598;      -0.48655;3.44439;1
 -58.39363; 8.33931;      -0.48657;3.44438;1
 -58.42709; 8.34265;      -0.48659;3.44438;1
 -58.46053; 8.34598;      -0.48659;3.44438;1
 -58.49396; 8.34931;      -0.48657;3.44438;1
 -58.52738; 8.35265;      -0.48657;3.44438;1
 -58.56082; 8.35598;      -0.48658;3.44438;1
 -58.59426; 8.35931;      -0.48657;3.44438;1
 -58.62769; 8.36264;      -0.48655;3.44438;1
 -58.66112; 8.36598;      -0.48657;3.44438;1
 -58.69456; 8.36931;      -0.48661;3.44438;1
 -58.72793; 8.37264;      -0.48665;3.44438;1
 -58.76135; 8.37598;      -0.48667;3.44438;1
 -58.79477; 8.37931;      -0.48669;3.44437;1
 -58.82818; 8.38264;      -0.48673;3.44437;1
 -58.86161; 8.38598;      -0.48677;3.44437;1
 -58.89505; 8.38931;      -0.48676;3.44437;1
 -58.92851; 8.39264;      -0.48674;3.44437;1
 -58.96196; 8.39598;      -0.48675;3.44437;1
 -58.99542; 8.39931;      -0.48676;3.44437;1
 -59.02883; 8.40264;      -0.48676;3.44437;1
 -59.06221; 8.40597;      -0.48683;3.44437;1
 -59.09563; 8.40931;      -0.48695;3.44437;1
 -59.12905; 8.41264;      -0.48702;3.44437;1
 -59.16249; 8.41597;      -0.48704;3.44437;1
 -59.19593; 8.41931;      -0.48695;3.44436;1
 -59.22938; 8.42264;      -0.48694;3.44436;1
 -59.26277; 8.42597;      -0.48697;3.44436;1
 -59.29621; 8.42931;      -0.48700;3.44436;1
 -59.32966; 8.43264;      -0.48701;3.44436;1
 -59.36309; 8.43597;      -0.48699;3.44436;1
 -59.39649; 8.43931;      -0.48699;3.44436;1
 -59.42993; 8.44264;      -0.48700;3.44436;1
 -59.46337; 8.44597;      -0.48701;3.44436;1
 -59.49681; 8.44930;      -0.48698;3.44436;1
 -59.53023; 8.45264;      -0.48695;3.44436;1
 -59.56370; 8.45597;      -0.48697;3.44435;1
 -59.59716; 8.45930;      -0.48700;3.44435;1
 -59.63060; 8.46264;      -0.48701;3.44435;1
 -59.66404; 8.46597;      -0.48699;3.44435;1
 -59.69747; 8.46930;      -0.48695;3.44435;1
 -59.73089; 8.47264;      -0.48692;3.44435;1
 -59.76429; 8.47597;      -0.48696;3.44435;1
 -59.79770; 8.47930;      -0.48697;3.44435;1
 -59.83115; 8.48264;      -0.48695;3.44435;1
 -59.86461; 8.48597;      -0.48696;3.44434;1
 -59.89808; 8.48930;      -0.48694;3.44434;1
 -59.93153; 8.49263;      -0.48698;3.44434;1
 -59.96497; 8.49597;      -0.48690;3.44434;1
 -59.99840; 8.49930;      -0.48691;3.44434;1
 -60.03187; 8.50263;      -0.48691;3.44434;1
 -60.06532; 8.50597;      -0.48696;3.44434;1
 -60.09876; 8.50930;      -0.48699;3.44434;1
 -60.13220; 8.51263;      -0.48701;3.44434;1
 -60.16564; 8.51597;      -0.48704;3.44434;1
 -60.19908; 8.51930;      -0.48706;3.44433;1
 -60.23252; 8.52263;      -0.48695;3.44433;1
 -60.26597; 8.52596;      -0.48688;3.44433;1
 -60.29944; 8.52930;      -0.48687;3.44433;1
 -60.33288; 8.53263;      -0.48684;3.44433;1
 -60.36628; 8.53596;      -0.48684;3.44433;1
 -60.39975; 8.53930;      -0.48688;3.44433;1
 -60.43319; 8.54263;      -0.48690;3.44433;1
 -60.46668; 8.54596;      -0.48682;3.44433;1
 -60.50017; 8.54930;      -0.48681;3.44432;1
 -60.53368; 8.55263;      -0.48681;3.44432;1
 -60.56718; 8.55596;      -0.48680;3.44432;1
 -60.60069; 8.55930;      -0.48679;3.44432;1
 -60.63419; 8.56263;      -0.48679;3.44432;1
 -60.66771; 8.56596;      -0.48681;3.44432;1
 -60.70125; 8.56929;      -0.48682;3.44432;1
 -60.73479; 8.57263;      -0.48684;3.44432;1
 -60.76838; 8.57596;      -0.48684;3.44431;1
 -60.80194; 8.57929;      -0.48684;3.44431;1
 -60.83551; 8.58263;      -0.48680;3.44431;1
 -60.86907; 8.58596;      -0.48675;3.44431;1
 -60.90257; 8.58929;      -0.48671;3.44431;1
 -60.93608; 8.59263;      -0.48670;3.44431;1
 -60.96963; 8.59596;      -0.48667;3.44431;1
 -61.00317; 8.59929;      -0.48661;3.44431;1
 -61.03671; 8.60263;      -0.48663;3.44430;1
 -61.07026; 8.60596;      -0.48664;3.44430;1
 -61.10382; 8.60929;      -0.48660;3.44430;1
 -61.13735; 8.61262;      -0.48654;3.44430;1
 -61.17087; 8.61596;      -0.48649;3.44430;1
 -61.20439; 8.61929;      -0.48644;3.44430;1
 -61.23789; 8.62262;      -0.48641;3.44430;1
 -61.27138; 8.62596;      -0.48637;3.44430;1
 -61.30493; 8.62929;      -0.48634;3.44429;1
 -61.33843; 8.63262;      -0.48634;3.44429;1
 -61.37195; 8.63596;      -0.48632;3.44429;1
 -61.40544; 8.63929;      -0.48628;3.44429;1
 -61.43898; 8.64262;      -0.48627;3.44429;1
 -61.47252; 8.64595;      -0.48628;3.44429;1
 -61.50602; 8.64929;      -0.48629;3.44429;1
 -61.53952; 8.65262;      -0.48627;3.44428;1
 -61.57299; 8.65595;      -0.48623;3.44428;1
 -61.60645; 8.65929;      -0.48618;3.44428;1
 -61.63989; 8.66262;      -0.48611;3.44428;1
 -61.67335; 8.66595;      -0.48608;3.44428;1
 -61.70679; 8.66929;      -0.48606;3.44428;1
 -61.74023; 8.67262;      -0.48605;3.44428;1
 -61.77366; 8.67595;      -0.48607;3.44427;1
 -61.80711; 8.67929;      -0.48603;3.44427;1
 -61.84056; 8.68262;      -0.48600;3.44427;1
 -61.87395; 8.68595;      -0.48592;3.44427;1
 -61.90737; 8.68928;      -0.48585;3.44427;1
 -61.94078; 8.69262;      -0.48579;3.44427;1
 -61.97422; 8.69595;      -0.48575;3.44427;1
 -62.00767; 8.69928;      -0.48571;3.44426;1
 -62.04111; 8.70262;      -0.48565;3.44426;1
 -62.07451; 8.70595;      -0.48557;3.44426;1
 -62.10794; 8.70928;      -0.48551;3.44426;1
 -62.14135; 8.71262;      -0.48543;3.44426;1
 -62.17477; 8.71595;      -0.48532;3.44426;1
 -62.20819; 8.71928;      -0.48517;3.44426;1
 -62.24163; 8.72262;      -0.48510;3.44425;1
 -62.27505; 8.72595;      -0.48504;3.44425;1
 -62.30845; 8.72928;      -0.48498;3.44425;1
 -62.34186; 8.73261;      -0.48492;3.44425;1
 -62.37526; 8.73595;      -0.48485;3.44425;1
 -62.40870; 8.73928;      -0.48474;3.44425;1
 -62.44210; 8.74261;      -0.48464;3.44424;1
 -62.47550; 8.74595;      -0.48454;3.44424;1
 -62.50885; 8.74928;      -0.48442;3.44424;1
 -62.54217; 8.75261;      -0.48433;3.44424;1
 -62.57551; 8.75595;      -0.48424;3.44424;1
 -62.60886; 8.75928;      -0.48415;3.44424;1
 -62.64224; 8.76261;      -0.48405;3.44424;1
 -62.67560; 8.76595;      -0.48392;3.44423;1
 -62.70896; 8.76928;      -0.48382;3.44423;1
 -62.74229; 8.77261;      -0.48374;3.44423;1
 -62.77560; 8.77594;      -0.48361;3.44423;1
 -62.80891; 8.77928;      -0.48347;3.44423;1
 -62.84222; 8.78261;      -0.48334;3.44423;1
 -62.87553; 8.78594;      -0.48321;3.44422;1
 -62.90883; 8.78928;      -0.48310;3.44422;1
 -62.94217; 8.79261;      -0.48298;3.44422;1
 -62.97551; 8.79594;      -0.48287;3.44422;1
 -63.00883; 8.79928;      -0.48276;3.44422;1
 -63.04212; 8.80261;      -0.48265;3.44422;1
 -63.07540; 8.80594;      -0.48253;3.44421;1
 -63.10870; 8.80927;      -0.48243;3.44421;1
 -63.14201; 8.81261;      -0.48232;3.44421;1
 -63.17532; 8.81594;      -0.48224;3.44421;1
 -63.20864; 8.81927;      -0.48212;3.44421;1
 -63.24198; 8.82261;      -0.48197;3.44421;1
 -63.27534; 8.82594;      -0.48185;3.44420;1
 -63.30865; 8.82927;      -0.48174;3.44420;1
 -63.34192; 8.83261;      -0.48163;3.44420;1
 -63.37521; 8.83594;      -0.48150;3.44420;1
 -63.40847; 8.83927;      -0.48139;3.44420;1
 -63.44178; 8.84261;      -0.48127;3.44420;1
 -63.47506; 8.84594;      -0.48116;3.44419;1
 -63.50835; 8.84927;      -0.48106;3.44419;1
 -63.54164; 8.85260;      -0.48093;3.44419;1
 -63.57494; 8.85594;      -0.48080;3.44419;1
 -63.60825; 8.85927;      -0.48066;3.44419;1
 -63.64158; 8.86260;      -0.48052;3.44418;1
 -63.67494; 8.86594;      -0.48032;3.44418;1
 -63.70829; 8.86927;      -0.48014;3.44418;1
 -63.74164; 8.87260;      -0.48001;3.44418;1
 -63.77501; 8.87594;      -0.47989;3.44418;1
 -63.80839; 8.87927;      -0.47980;3.44418;1
 -63.84173; 8.88260;      -0.47972;3.44417;1
 -63.87511; 8.88594;      -0.47963;3.44417;1
 -63.90853; 8.88927;      -0.47955;3.44417;1
 -63.94192; 8.89260;      -0.47949;3.44417;1
 -63.97530; 8.89593;      -0.47942;3.44417;1
 -64.00867; 8.89927;      -0.47936;3.44416;1
 -64.04204; 8.90260;      -0.47926;3.44416;1
 -64.07541; 8.90593;      -0.47913;3.44416;1
 -64.10882; 8.90927;      -0.47900;3.44416;1
 -64.14218; 8.91260;      -0.47888;3.44416;1
 -64.17557; 8.91593;      -0.47880;3.44416;1
 -64.20893; 8.91927;      -0.47870;3.44415;1
 -64.24232; 8.92260;      -0.47860;3.44415;1
 -64.27568; 8.92593;      -0.47851;3.44415;1
 -64.30906; 8.92926;      -0.47843;3.44415;1
 -64.34248; 8.93260;      -0.47829;3.44415;1
 -64.37588; 8.93593;      -0.47815;3.44414;1
 -64.40928; 8.93926;      -0.47804;3.44414;1
 -64.44269; 8.94260;      -0.47788;3.44414;1
 -64.47609; 8.94593;      -0.47775;3.44414;1
 -64.50951; 8.94926;      -0.47767;3.44414;1
 -64.54294; 8.95260;      -0.47763;3.44413;1
 -64.57639; 8.95593;      -0.47755;3.44413;1
 -64.60983; 8.95926;      -0.47743;3.44413;1
 -64.64327; 8.96260;      -0.47730;3.44413;1
 -64.67668; 8.96593;      -0.47720;3.44413;1
 -64.71011; 8.96926;      -0.47712;3.44412;1
 -64.74351; 8.97259;      -0.47705;3.44412;1
 -64.77697; 8.97593;      -0.47696;3.44412;1
 -64.81044; 8.97926;      -0.47686;3.44412;1
 -64.84389; 8.98259;      -0.47677;3.44412;1
 -64.87738; 8.98593;      -0.47667;3.44411;1
 -64.91081; 8.98926;      -0.47661;3.44411;1
 -64.94428; 8.99259;      -0.47656;3.44411;1
 -64.97776; 8.99593;      -0.47641;3.44411;1
 -65.01125; 8.99926;      -0.47627;3.44411;1
 -65.04471; 9.00259;      -0.47620;3.44410;1
 -65.07818; 9.00593;      -0.47609;3.44410;1
 -65.11173; 9.00926;      -0.47598;3.44410;1
 -65.14526; 9.01259;      -0.47590;3.44410;1
 -65.17878; 9.01592;      -0.47582;3.44410;1
 -65.21232; 9.01926;      -0.47575;3.44409;1
 -65.24585; 9.02259;      -0.47567;3.44409;1
 -65.27934; 9.02592;      -0.47555;3.44409;1
 -65.31284; 9.02926;      -0.47546;3.44409;1
 -65.34638; 9.03259;      -0.47538;3.44408;1
 -65.37995; 9.03592;      -0.47527;3.44408;1
 -65.41351; 9.03926;      -0.47520;3.44408;1
 -65.44708; 9.04259;      -0.47512;3.44408;1
 -65.48064; 9.04592;      -0.47506;3.44408;1
 -65.51419; 9.04926;      -0.47503;3.44407;1
 -65.54773; 9.05259;      -0.47498;3.44407;1
 -65.58130; 9.05592;      -0.47501;3.44407;1
 -65.61485; 9.05925;      -0.47502;3.44407;1
 -65.64842; 9.06259;      -0.47500;3.44407;1
 -65.68198; 9.06592;      -0.47494;3.44406;1
 -65.71553; 9.06925;      -0.47487;3.44406;1
 -65.74909; 9.07259;      -0.47477;3.44406;1
 -65.78265; 9.07592;      -0.47473;3.44406;1
 -65.81616; 9.07925;      -0.47471;3.44405;1
 -65.84970; 9.08259;      -0.47470;3.44405;1
 -65.88327; 9.08592;      -0.47468;3.44405;1
 -65.91680; 9.08925;      -0.47466;3.44405;1
 -65.95033; 9.09258;      -0.47463;3.44405;1
 -65.98389; 9.09592;      -0.47460;3.44404;1
 -66.01742; 9.09925;      -0.47455;3.44404;1
 -66.05095; 9.10258;      -0.47448;3.44404;1
 -66.08449; 9.10592;      -0.47448;3.44404;1
 -66.11801; 9.10925;      -0.47449;3.44403;1
 -66.15149; 9.11258;      -0.47446;3.44403;1
 -66.18504; 9.11592;      -0.47443;3.44403;1
 -66.21856; 9.11925;      -0.47446;3.44403;1
 -66.25213; 9.12258;      -0.47451;3.44402;1
 -66.28566; 9.12592;      -0.47450;3.44402;1
 -66.31919; 9.12925;      -0.47450;3.44402;1
 -66.35273; 9.13258;      -0.47447;3.44402;1
 -66.38624; 9.13591;      -0.47445;3.44402;1
 -66.41975; 9.13925;      -0.47445;3.44401;1
 -66.45326; 9.14258;      -0.47445;3.44401;1
 -66.48675; 9.14591;      -0.47444;3.44401;1
 -66.52024; 9.14925;      -0.47443;3.44401;1
 -66.55373; 9.15258;      -0.47441;3.44400;1
 -66.58721; 9.15591;      -0.47441;3.44400;1
 -66.62072; 9.15925;      -0.47437;3.44400;1
 -66.65418; 9.16258;      -0.47432;3.44400;1
 -66.68765; 9.16591;      -0.47430;3.44399;1
 -66.72113; 9.16925;      -0.47433;3.44399;1
 -66.75458; 9.17258;      -0.47438;3.44399;1
 -66.78807; 9.17591;      -0.47430;3.44399;1
 -66.82149; 9.17924;      -0.47422;3.44398;1
 -66.85492; 9.18258;      -0.47415;3.44398;1
 -66.88835; 9.18591;      -0.47413;3.44398;1
 -66.92178; 9.18924;      -0.47409;3.44398;1
 -66.95525; 9.19258;      -0.47404;3.44397;1
 -66.98864; 9.19591;      -0.47398;3.44397;1
 -67.02202; 9.19924;      -0.47391;3.44397;1
 -67.05541; 9.20258;      -0.47383;3.44397;1
 -67.08883; 9.20591;      -0.47375;3.44396;1
 -67.12222; 9.20924;      -0.47369;3.44396;1
 -67.15555; 9.21257;      -0.47364;3.44396;1
 -67.18889; 9.21591;      -0.47365;3.44396;1
 -67.22223; 9.21924;      -0.47364;3.44395;1
 -67.25554; 9.22257;      -0.47362;3.44395;1
 -67.28888; 9.22591;      -0.47358;3.44395;1
 -67.32222; 9.22924;      -0.47351;3.44395;1
 -67.35555; 9.23257;      -0.47349;3.44394;1
 -67.38883; 9.23591;      -0.47350;3.44394;1
 -67.42215; 9.23924;      -0.47347;3.44394;1
 -67.45546; 9.24257;      -0.47340;3.44394;1
 -67.48881; 9.24591;      -0.47331;3.44393;1
 -67.52216; 9.24924;      -0.47321;3.44393;1
 -67.55546; 9.25257;      -0.47308;3.44393;1
 -67.58879; 9.25590;      -0.47302;3.44393;1
 -67.62212; 9.25924;      -0.47296;3.44392;1
 -67.65546; 9.26257;      -0.47291;3.44392;1
 -67.68877; 9.26590;      -0.47286;3.44392;1
 -67.72208; 9.26924;      -0.47282;3.44392;1
 -67.75542; 9.27257;      -0.47278;3.44391;1
 -67.78873; 9.27590;      -0.47273;3.44391;1
 -67.82206; 9.27924;      -0.47270;3.44391;1
 -67.85541; 9.28257;      -0.47267;3.44391;1
 -67.88874; 9.28590;      -0.47261;3.44390;1
 -67.92206; 9.28924;      -0.47250;3.44390;1
 -67.95541; 9.29257;      -0.47237;3.44390;1
 -67.98873; 9.29590;      -0.47224;3.44390;1
 -68.02205; 9.29923;      -0.47213;3.44389;1
 -68.05538; 9.30257;      -0.47205;3.44389;1
 -68.08869; 9.30590;      -0.47193;3.44389;1
 -68.12201; 9.30923;      -0.47184;3.44388;1
 -68.15536; 9.31257;      -0.47175;3.44388;1
 -68.18872; 9.31590;      -0.47164;3.44388;1
 -68.22209; 9.31923;      -0.47155;3.44388;1
 -68.25548; 9.32257;      -0.47144;3.44387;1
 -68.28883; 9.32590;      -0.47133;3.44387;1
 -68.32218; 9.32923;      -0.47122;3.44387;1
 -68.35554; 9.33257;      -0.47109;3.44387;1
 -68.38892; 9.33590;      -0.47097;3.44386;1
 -68.42230; 9.33923;      -0.47085;3.44386;1
 -68.45570; 9.34256;      -0.47071;3.44386;1
 -68.48909; 9.34590;      -0.47060;3.44385;1
 -68.52251; 9.34923;      -0.47051;3.44385;1
 -68.55591; 9.35256;      -0.47041;3.44385;1
 -68.58934; 9.35590;      -0.47039;3.44385;1
 -68.62277; 9.35923;      -0.47038;3.44384;1
 -68.65616; 9.36256;      -0.47033;3.44384;1
 -68.68962; 9.36590;      -0.47023;3.44384;1
 -68.72304; 9.36923;      -0.47009;3.44384;1
 -68.75647; 9.37256;      -0.46998;3.44383;1
 -68.78993; 9.37589;      -0.46983;3.44383;1
 -68.82335; 9.37923;      -0.46962;3.44383;1
 -68.85681; 9.38256;      -0.46947;3.44382;1
 -68.89029; 9.38589;      -0.46926;3.44382;1
 -68.92374; 9.38923;      -0.46908;3.44382;1
 -68.95719; 9.39256;      -0.46900;3.44382;1
 -68.99067; 9.39589;      -0.46896;3.44381;1
 -69.02416; 9.39923;      -0.46891;3.44381;1
 -69.05767; 9.40256;      -0.46886;3.44381;1
 -69.09113; 9.40589;      -0.46890;3.44380;1
 -69.12461; 9.40923;      -0.46892;3.44380;1
 -69.15811; 9.41256;      -0.46885;3.44380;1
 -69.19164; 9.41589;      -0.46873;3.44380;1
 -69.22518; 9.41922;      -0.46858;3.44379;1
 -69.25869; 9.42256;      -0.46850;3.44379;1
 -69.29223; 9.42589;      -0.46846;3.44379;1
 -69.32574; 9.42922;      -0.46838;3.44378;1
 -69.35923; 9.43256;      -0.46829;3.44378;1
 -69.39270; 9.43589;      -0.46820;3.44378;1
 -69.42625; 9.43922;      -0.46815;3.44378;1
 -69.45973; 9.44256;      -0.46809;3.44377;1
 -69.49326; 9.44589;      -0.46806;3.44377;1
 -69.52676; 9.44922;      -0.46804;3.44377;1
 -69.56026; 9.45256;      -0.46798;3.44376;1
 -69.59378; 9.45589;      -0.46792;3.44376;1
 -69.62727; 9.45922;      -0.46780;3.44376;1
 -69.66079; 9.46255;      -0.46770;3.44375;1
 -69.69429; 9.46589;      -0.46759;3.44375;1
 -69.72784; 9.46922;      -0.46753;3.44375;1
 -69.76136; 9.47255;      -0.46751;3.44375;1
 -69.79484; 9.47589;      -0.46749;3.44374;1
 -69.82833; 9.47922;      -0.46744;3.44374;1
 -69.86184; 9.48255;      -0.46739;3.44374;1
 -69.89532; 9.48589;      -0.46726;3.44373;1
 -69.92879; 9.48922;      -0.46720;3.44373;1
 -69.96227; 9.49255;      -0.46714;3.44373;1
 -69.99570; 9.49588;      -0.46707;3.44372;1
 -70.02916; 9.49922;      -0.46698;3.44372;1
 -70.06263; 9.50255;      -0.46689;3.44372;1
 -70.09612; 9.50588;      -0.46683;3.44372;1
 -70.12959; 9.50922;      -0.46675;3.44371;1
 -70.16305; 9.51255;      -0.46667;3.44371;1
 -70.19653; 9.51588;      -0.46661;3.44371;1
 -70.22997; 9.51922;      -0.46653;3.44370;1
 -70.26343; 9.52255;      -0.46644;3.44370;1
 -70.29686; 9.52588;      -0.46635;3.44370;1
 -70.33029; 9.52922;      -0.46626;3.44369;1
 -70.36374; 9.53255;      -0.46618;3.44369;1
 -70.39716; 9.53588;      -0.46608;3.44369;1
 -70.43059; 9.53921;      -0.46599;3.44368;1
 -70.46397; 9.54255;      -0.46594;3.44368;1
 -70.49734; 9.54588;      -0.46588;3.44368;1
 -70.53076; 9.54921;      -0.46580;3.44367;1
 -70.56417; 9.55255;      -0.46571;3.44367;1
 -70.59759; 9.55588;      -0.46562;3.44367;1
 -70.63095; 9.55921;      -0.46554;3.44367;1
 -70.66432; 9.56255;      -0.46545;3.44366;1
 -70.69772; 9.56588;      -0.46538;3.44366;1
 -70.73109; 9.56921;      -0.46534;3.44366;1
 -70.76442; 9.57255;      -0.46529;3.44365;1
 -70.79775; 9.57588;      -0.46523;3.44365;1
 -70.83111; 9.57921;      -0.46514;3.44365;1
 -70.86444; 9.58254;      -0.46505;3.44364;1
 -70.89778; 9.58588;      -0.46495;3.44364;1
 -70.93112; 9.58921;      -0.46485;3.44364;1
 -70.96446; 9.59254;      -0.46476;3.44363;1
 -70.99778; 9.59588;      -0.46463;3.44363;1
 -71.03106; 9.59921;      -0.46451;3.44363;1
 -71.06435; 9.60254;      -0.46437;3.44362;1
 -71.09764; 9.60588;      -0.46431;3.44362;1
 -71.13093; 9.60921;      -0.46429;3.44362;1
 -71.16423; 9.61254;      -0.46425;3.44361;1
 -71.19751; 9.61588;      -0.46417;3.44361;1
 -71.23078; 9.61921;      -0.46413;3.44361;1
 -71.26405; 9.62254;      -0.46411;3.44360;1
 -71.29729; 9.62587;      -0.46406;3.44360;1
 -71.33054; 9.62921;      -0.46400;3.44360;1
 -71.36378; 9.63254;      -0.46392;3.44359;1
 -71.39703; 9.63587;      -0.46384;3.44359;1
 -71.43031; 9.63921;      -0.46378;3.44359;1
 -71.46357; 9.64254;      -0.46369;3.44358;1
 -71.49684; 9.64587;      -0.46361;3.44358;1
 -71.53011; 9.64921;      -0.46355;3.44358;1
 -71.56334; 9.65254;      -0.46346;3.44357;1
 -71.59656; 9.65587;      -0.46331;3.44357;1
 -71.62983; 9.65920;      -0.46320;3.44357;1
 -71.66308; 9.66254;      -0.46310;3.44356;1
 -71.69625; 9.66587;      -0.46299;3.44356;1
 -71.72942; 9.66920;      -0.46290;3.44356;1
 -71.76258; 9.67254;      -0.46282;3.44355;1
 -71.79578; 9.67587;      -0.46274;3.44355;1
 -71.82900; 9.67920;      -0.46266;3.44355;1
 -71.86221; 9.68254;      -0.46258;3.44354;1
 -71.89539; 9.68587;      -0.46251;3.44354;1
 -71.92860; 9.68920;      -0.46244;3.44354;1
 -71.96183; 9.69254;      -0.46234;3.44353;1
 -71.99505; 9.69587;      -0.46225;3.44353;1
 -72.02826; 9.69920;      -0.46216;3.44353;1
 -72.06145; 9.70253;      -0.46206;3.44352;1
 -72.09468; 9.70587;      -0.46198;3.44352;1
 -72.12789; 9.70920;      -0.46188;3.44352;1
 -72.16113; 9.71253;      -0.46176;3.44351;1
 -72.19433; 9.71587;      -0.46164;3.44351;1
 -72.22754; 9.71920;      -0.46154;3.44351;1
 -72.26079; 9.72253;      -0.46143;3.44350;1
 -72.29398; 9.72587;      -0.46135;3.44350;1
 -72.32718; 9.72920;      -0.46130;3.44350;1
 -72.36038; 9.73253;      -0.46125;3.44349;1
 -72.39357; 9.73587;      -0.46118;3.44349;1
 -72.42677; 9.73920;      -0.46107;3.44348;1
 -72.45994; 9.74253;      -0.46095;3.44348;1
 -72.49315; 9.74586;      -0.46083;3.44348;1
 -72.52638; 9.74920;      -0.46072;3.44347;1
 -72.55957; 9.75253;      -0.46063;3.44347;1
 -72.59274; 9.75586;      -0.46053;3.44347;1
 -72.62592; 9.75920;      -0.46041;3.44346;1
 -72.65911; 9.76253;      -0.46028;3.44346;1
 -72.69231; 9.76586;      -0.46017;3.44346;1
 -72.72549; 9.76920;      -0.46010;3.44345;1
 -72.75865; 9.77253;      -0.46006;3.44345;1
 -72.79187; 9.77586;      -0.45997;3.44345;1
 -72.82504; 9.77919;      -0.45988;3.44344;1
 -72.85820; 9.78253;      -0.45978;3.44344;1
 -72.89140; 9.78586;      -0.45968;3.44344;1
 -72.92459; 9.78919;      -0.45961;3.44343;1
 -72.95777; 9.79253;      -0.45953;3.44343;1
 -72.99098; 9.79586;      -0.45943;3.44342;1
 -73.02417; 9.79919;      -0.45936;3.44342;1
 -73.05737; 9.80253;      -0.45928;3.44342;1
 -73.09057; 9.80586;      -0.45917;3.44341;1
 -73.12376; 9.80919;      -0.45907;3.44341;1
 -73.15696; 9.81253;      -0.45895;3.44341;1
 -73.19016; 9.81586;      -0.45886;3.44340;1
 -73.22339; 9.81919;      -0.45879;3.44340;1
 -73.25660; 9.82252;      -0.45869;3.44340;1
 -73.28981; 9.82586;      -0.45858;3.44339;1
 -73.32303; 9.82919;      -0.45848;3.44339;1
 -73.35625; 9.83252;      -0.45838;3.44338;1
 -73.38946; 9.83586;      -0.45825;3.44338;1
 -73.42267; 9.83919;      -0.45813;3.44338;1
 -73.45589; 9.84252;      -0.45799;3.44337;1
 -73.48911; 9.84586;      -0.45793;3.44337;1
 -73.52229; 9.84919;      -0.45792;3.44337;1
 -73.55549; 9.85252;      -0.45781;3.44336;1
 -73.58870; 9.85586;      -0.45765;3.44336;1
 -73.62193; 9.85919;      -0.45753;3.44335;1
 -73.65511; 9.86252;      -0.45744;3.44335;1
 -73.68833; 9.86585;      -0.45734;3.44335;1
 -73.72158; 9.86919;      -0.45727;3.44334;1
 -73.75487; 9.87252;      -0.45717;3.44334;1
 -73.78815; 9.87585;      -0.45710;3.44334;1
 -73.82140; 9.87919;      -0.45704;3.44333;1
 -73.85465; 9.88252;      -0.45698;3.44333;1
 -73.88792; 9.88585;      -0.45684;3.44332;1
 -73.92122; 9.88919;      -0.45665;3.44332;1
 -73.95448; 9.89252;      -0.45648;3.44332;1
 -73.98776; 9.89585;      -0.45640;3.44331;1
 -74.02108; 9.89919;      -0.45631;3.44331;1
 -74.05442; 9.90252;      -0.45621;3.44330;1
 -74.08775; 9.90585;      -0.45612;3.44330;1
 -74.12105; 9.90918;      -0.45605;3.44330;1
 -74.15435; 9.91252;      -0.45598;3.44329;1
 -74.18767; 9.91585;      -0.45589;3.44329;1
 -74.22101; 9.91918;      -0.45582;3.44329;1
 -74.25433; 9.92252;      -0.45578;3.44328;1
 -74.28764; 9.92585;      -0.45574;3.44328;1
 -74.32095; 9.92918;      -0.45566;3.44327;1
 -74.35427; 9.93252;      -0.45554;3.44327;1
 -74.38760; 9.93585;      -0.45543;3.44327;1
 -74.42095; 9.93918;      -0.45536;3.44326;1
 -74.45429; 9.94251;      -0.45527;3.44326;1
 -74.48764; 9.94585;      -0.45520;3.44325;1
 -74.52100; 9.94918;      -0.45514;3.44325;1
 -74.55434; 9.95251;      -0.45507;3.44325;1
 -74.58770; 9.95585;      -0.45502;3.44324;1
 -74.62105; 9.95918;      -0.45493;3.44324;1
 -74.65439; 9.96251;      -0.45484;3.44324;1
 -74.68781; 9.96585;      -0.45475;3.44323;1
 -74.72120; 9.96918;      -0.45465;3.44323;1
 -74.75458; 9.97251;      -0.45446;3.44322;1
 -74.78799; 9.97585;      -0.45432;3.44322;1
 -74.82143; 9.97918;      -0.45421;3.44321;1
 -74.85490; 9.98251;      -0.45418;3.44321;1
 -74.88836; 9.98584;      -0.45419;3.44321;1
 -74.92181; 9.98918;      -0.45416;3.44320;1
 -74.95526; 9.99251;      -0.45411;3.44320;1
 -74.98867; 9.99584;      -0.45406;3.44319;1
 -75.02209; 9.99918;      -0.45400;3.44319;1
 -75.05550;10.00251;      -0.45395;3.44319;1
 -75.08894;10.00584;      -0.45392;3.44318;1
 -75.12241;10.00918;      -0.45392;3.44318;1
 -75.15589;10.01251;      -0.45388;3.44317;1
 -75.18942;10.01584;      -0.45381;3.44317;1
 -75.22290;10.01918;      -0.45377;3.44317;1
 -75.25639;10.02251;      -0.45371;3.44316;1
 -75.28990;10.02584;      -0.45364;3.44316;1
 -75.32340;10.02917;      -0.45360;3.44315;1
 -75.35695;10.03251;      -0.45355;3.44315;1
 -75.39048;10.03584;      -0.45351;3.44315;1
 -75.42400;10.03917;      -0.45346;3.44314;1
 -75.45753;10.04251;      -0.45339;3.44314;1
 -75.49109;10.04584;      -0.45332;3.44313;1
 -75.52461;10.04917;      -0.45326;3.44313;1
 -75.55818;10.05251;      -0.45323;3.44313;1
 -75.59168;10.05584;      -0.45319;3.44312;1
 -75.62522;10.05917;      -0.45315;3.44312;1
 -75.65875;10.06251;      -0.45314;3.44311;1
 -75.69227;10.06584;      -0.45314;3.44311;1
 -75.72582;10.06917;      -0.45310;3.44310;1
 -75.75935;10.07250;      -0.45307;3.44310;1
 -75.79288;10.07584;      -0.45307;3.44310;1
 -75.82642;10.07917;      -0.45299;3.44309;1
 -75.85998;10.08250;      -0.45289;3.44309;1
 -75.89356;10.08584;      -0.45286;3.44308;1
 -75.92709;10.08917;      -0.45286;3.44308;1
 -75.96063;10.09250;      -0.45282;3.44307;1
 -75.99421;10.09584;      -0.45277;3.44307;1
 -76.02773;10.09917;      -0.45273;3.44307;1
 -76.06123;10.10250;      -0.45270;3.44306;1
 -76.09475;10.10583;      -0.45268;3.44306;1
 -76.12827;10.10917;      -0.45263;3.44305;1
 -76.16180;10.11250;      -0.45259;3.44305;1
 -76.19534;10.11583;      -0.45252;3.44304;1
 -76.22888;10.11917;      -0.45246;3.44304;1
 -76.26242;10.12250;      -0.45241;3.44304;1
 -76.29593;10.12583;      -0.45238;3.44303;1
 -76.32947;10.12917;      -0.45233;3.44303;1
 -76.36303;10.13250;      -0.45227;3.44302;1
 -76.39657;10.13583;      -0.45221;3.44302;1
 -76.43010;10.13917;      -0.45215;3.44301;1
 -76.46363;10.14250;      -0.45208;3.44301;1
 -76.49717;10.14583;      -0.45206;3.44301;1
 -76.53071;10.14916;      -0.45208;3.44300;1
 -76.56426;10.15250;      -0.45209;3.44300;1
 -76.59779;10.15583;      -0.45207;3.44299;1
 -76.63129;10.15916;      -0.45204;3.44299;1
 -76.66480;10.16250;      -0.45204;3.44298;1
 -76.69833;10.16583;      -0.45206;3.44298;1
 -76.73178;10.16916;      -0.45209;3.44298;1
 -76.76524;10.17250;      -0.45208;3.44297;1
 -76.79873;10.17583;      -0.45208;3.44297;1
 -76.83222;10.17916;      -0.45206;3.44296;1
 -76.86568;10.18250;      -0.45202;3.44296;1
 -76.89911;10.18583;      -0.45194;3.44295;1
 -76.93257;10.18916;      -0.45188;3.44295;1
 -76.96600;10.19249;      -0.45184;3.44294;1
 -76.99943;10.19583;      -0.45181;3.44294;1
 -77.03288;10.19916;      -0.45177;3.44294;1
 -77.06634;10.20249;      -0.45162;3.44293;1
 -77.09982;10.20583;      -0.45155;3.44293;1
 -77.13329;10.20916;      -0.45150;3.44292;1
 -77.16673;10.21249;      -0.45143;3.44292;1
 -77.20012;10.21583;      -0.45139;3.44291;1
 -77.23350;10.21916;      -0.45133;3.44291;1
 -77.26691;10.22249;      -0.45128;3.44290;1
 -77.30028;10.22582;      -0.45126;3.44290;1
 -77.33364;10.22916;      -0.45123;3.44290;1
 -77.36701;10.23249;      -0.45119;3.44289;1
 -77.40036;10.23582;      -0.45115;3.44289;1
 -77.43371;10.23916;      -0.45113;3.44288;1
 -77.46706;10.24249;      -0.45112;3.44288;1
 -77.50041;10.24582;      -0.45112;3.44287;1
 -77.53377;10.24916;      -0.45111;3.44287;1
 -77.56714;10.25249;      -0.45109;3.44286;1
 -77.60050;10.25582;      -0.45112;3.44286;1
 -77.63387;10.25916;      -0.45109;3.44285;1
 -77.66723;10.26249;      -0.45107;3.44285;1
 -77.70059;10.26582;      -0.45105;3.44285;1
 -77.73393;10.26915;      -0.45097;3.44284;1
 -77.76723;10.27249;      -0.45074;3.44284;1
 -77.80057;10.27582;      -0.45058;3.44283;1
 -77.83388;10.27915;      -0.45044;3.44283;1
 -77.86718;10.28249;      -0.45031;3.44282;1
 -77.90046;10.28582;      -0.45021;3.44282;1
 -77.93376;10.28915;      -0.45013;3.44281;1
 -77.96709;10.29249;      -0.45005;3.44281;1
 -78.00039;10.29582;      -0.44994;3.44280;1
 -78.03368;10.29915;      -0.44985;3.44280;1
 -78.06696;10.30249;      -0.44978;3.44280;1
 -78.10025;10.30582;      -0.44969;3.44279;1
 -78.13354;10.30915;      -0.44959;3.44279;1
 -78.16684;10.31248;      -0.44951;3.44278;1
 -78.20009;10.31582;      -0.44944;3.44278;1
 -78.23334;10.31915;      -0.44936;3.44277;1
 -78.26658;10.32248;      -0.44927;3.44277;1
 -78.29981;10.32582;      -0.44920;3.44276;1
 -78.33307;10.32915;      -0.44914;3.44276;1
 -78.36632;10.33248;      -0.44908;3.44275;1
 -78.39957;10.33582;      -0.44903;3.44275;1
 -78.43279;10.33915;      -0.44894;3.44274;1
 -78.46606;10.34248;      -0.44887;3.44274;1
 -78.49932;10.34582;      -0.44880;3.44273;1
 -78.53257;10.34915;      -0.44874;3.44273;1
 -78.56581;10.35248;      -0.44870;3.44272;1
 -78.59899;10.35581;      -0.44863;3.44272;1
 -78.63222;10.35915;      -0.44854;3.44272;1
 -78.66551;10.36248;      -0.44845;3.44271;1
 -78.69881;10.36581;      -0.44837;3.44271;1
 -78.73207;10.36915;      -0.44828;3.44270;1
 -78.76536;10.37248;      -0.44818;3.44270;1
 -78.79864;10.37581;      -0.44810;3.44269;1
 -78.83190;10.37915;      -0.44804;3.44269;1
 -78.86514;10.38248;      -0.44800;3.44268;1
 -78.89843;10.38581;      -0.44796;3.44268;1
 -78.93171;10.38914;      -0.44789;3.44267;1
 -78.96497;10.39248;      -0.44777;3.44267;1
 -78.99826;10.39581;      -0.44767;3.44266;1
 -79.03159;10.39914;      -0.44760;3.44266;1
 -79.06490;10.40248;      -0.44755;3.44265;1
 -79.09823;10.40581;      -0.44751;3.44265;1
 -79.13157;10.40914;      -0.44746;3.44264;1
 -79.16488;10.41248;      -0.44744;3.44264;1
 -79.19819;10.41581;      -0.44745;3.44263;1
 -79.23157;10.41914;      -0.44750;3.44263;1
 -79.26494;10.42248;      -0.44753;3.44262;1
 -79.29831;10.42581;      -0.44754;3.44262;1
 -79.33169;10.42914;      -0.44755;3.44261;1
 -79.36509;10.43247;      -0.44751;3.44261;1
 -79.39846;10.43581;      -0.44743;3.44260;1
 -79.43185;10.43914;      -0.44741;3.44260;1
 -79.46526;10.44247;      -0.44742;3.44259;1
 -79.49872;10.44581;      -0.44741;3.44259;1
 -79.53221;10.44914;      -0.44742;3.44259;1
 -79.56566;10.45247;      -0.44745;3.44258;1
 -79.59911;10.45581;      -0.44749;3.44258;1
 -79.63259;10.45914;      -0.44748;3.44257;1
 -79.66610;10.46247;      -0.44749;3.44257;1
 -79.69960;10.46581;      -0.44753;3.44256;1
 -79.73311;10.46914;      -0.44752;3.44256;1
 -79.76670;10.47247;      -0.44745;3.44255;1
 -79.80032;10.47580;      -0.44737;3.44255;1
 -79.83394;10.47914;      -0.44733;3.44254;1
 -79.86757;10.48247;      -0.44728;3.44254;1
 -79.90121;10.48580;      -0.44724;3.44253;1
 -79.93485;10.48914;      -0.44723;3.44253;1
 -79.96846;10.49247;      -0.44722;3.44252;1
 -80.00208;10.49580;      -0.44722;3.44251;1
 -80.03575;10.49914;      -0.44716;3.44251;1
 -80.06941;10.50247;      -0.44715;3.44250;1
 -80.10312;10.50580;      -0.44721;3.44250;1
 -80.13683;10.50913;      -0.44724;3.44249;1
 -80.17054;10.51247;      -0.44723;3.44249;1
 -80.20428;10.51580;      -0.44720;3.44248;1
 -80.23804;10.51913;      -0.44717;3.44248;1
 -80.27179;10.52247;      -0.44715;3.44247;1
 -80.30561;10.52580;      -0.44714;3.44247;1
 -80.33942;10.52913;      -0.44717;3.44246;1
 -80.37324;10.53247;      -0.44715;3.44246;1
 -80.40711;10.53580;      -0.44713;3.44245;1
 -80.44096;10.53913;      -0.44712;3.44245;1
 -80.47482;10.54247;      -0.44713;3.44244;1
 -80.50871;10.54580;      -0.44719;3.44244;1
 -80.54263;10.54913;      -0.44726;3.44243;1
 -80.57662;10.55246;      -0.44731;3.44243;1
 -80.61065;10.55580;      -0.44732;3.44242;1
 -80.64469;10.55913;      -0.44731;3.44242;1
 -80.67875;10.56246;      -0.44730;3.44241;1
 -80.71281;10.56580;      -0.44728;3.44241;1
 -80.74685;10.56913;      -0.44726;3.44240;1
 -80.78093;10.57246;      -0.44724;3.44240;1
 -80.81504;10.57580;      -0.44724;3.44239;1
 -80.84916;10.57913;      -0.44725;3.44239;1
 -80.88330;10.58246;      -0.44726;3.44238;1
 -80.91747;10.58580;      -0.44721;3.44237;1
 -80.95165;10.58913;      -0.44715;3.44237;1
 -80.98585;10.59246;      -0.44718;3.44236;1
 -81.02006;10.59579;      -0.44719;3.44236;1
 -81.05428;10.59913;      -0.44723;3.44235;1
 -81.08848;10.60246;      -0.44729;3.44235;1
 -81.12273;10.60579;      -0.44734;3.44234;1
 -81.15698;10.60913;      -0.44738;3.44234;1
 -81.19123;10.61246;      -0.44737;3.44233;1
 -81.22549;10.61579;      -0.44738;3.44233;1
 -81.25977;10.61913;      -0.44745;3.44232;1
 -81.29403;10.62246;      -0.44748;3.44232;1
 -81.32829;10.62579;      -0.44745;3.44231;1
 -81.36253;10.62913;      -0.44748;3.44230;1
 -81.39679;10.63246;      -0.44750;3.44230;1
 -81.43105;10.63579;      -0.44746;3.44229;1
 -81.46533;10.63912;      -0.44743;3.44229;1
 -81.49964;10.64246;      -0.44732;3.44228;1
 -81.53395;10.64579;      -0.44723;3.44228;1
 -81.56822;10.64912;      -0.44719;3.44227;1
 -81.60246;10.65246;      -0.44724;3.44227;1
 -81.63672;10.65579;      -0.44736;3.44226;1
 -81.67096;10.65912;      -0.44736;3.44226;1
 -81.70516;10.66246;      -0.44733;3.44225;1
 -81.73939;10.66579;      -0.44729;3.44224;1
 -81.77360;10.66912;      -0.44730;3.44224;1
 -81.80780;10.67245;      -0.44735;3.44223;1
 -81.84199;10.67579;      -0.44738;3.44223;1
 -81.87616;10.67912;      -0.44740;3.44222;1
 -81.91029;10.68245;      -0.44739;3.44222;1
 -81.94440;10.68579;      -0.44739;3.44221;1
 -81.97854;10.68912;      -0.44742;3.44221;1
 -82.01268;10.69245;      -0.44744;3.44220;1
 -82.04682;10.69579;      -0.44744;3.44219;1
 -82.08094;10.69912;      -0.44742;3.44219;1
 -82.11501;10.70245;      -0.44735;3.44218;1
 -82.14908;10.70579;      -0.44731;3.44218;1
 -82.18311;10.70912;      -0.44735;3.44217;1
 -82.21716;10.71245;      -0.44739;3.44217;1
 -82.25116;10.71578;      -0.44739;3.44216;1
 -82.28511;10.71912;      -0.44739;3.44216;1
 -82.31907;10.72245;      -0.44743;3.44215;1
 -82.35302;10.72578;      -0.44746;3.44214;1
 -82.38690;10.72912;      -0.44745;3.44214;1
 -82.42076;10.73245;      -0.44745;3.44213;1
 -82.45463;10.73578;      -0.44744;3.44213;1
 -82.48844;10.73912;      -0.44739;3.44212;1
 -82.52227;10.74245;      -0.44733;3.44212;1
 -82.55609;10.74578;      -0.44723;3.44211;1
 -82.58983;10.74912;      -0.44716;3.44211;1
 -82.62355;10.75245;      -0.44711;3.44210;1
 -82.65720;10.75578;      -0.44696;3.44209;1
 -82.69081;10.75911;      -0.44684;3.44209;1
 -82.72442;10.76245;      -0.44676;3.44208;1
 -82.75797;10.76578;      -0.44668;3.44208;1
 -82.79152;10.76911;      -0.44649;3.44207;1
 -82.82505;10.77245;      -0.44633;3.44207;1
 -82.85856;10.77578;      -0.44619;3.44206;1
 -82.89202;10.77911;      -0.44611;3.44206;1
 -82.92542;10.78245;      -0.44609;3.44205;1
 -82.95880;10.78578;      -0.44604;3.44204;1
 -82.99215;10.78911;      -0.44597;3.44204;1
 -83.02550;10.79244;      -0.44595;3.44203;1
 -83.05878;10.79578;      -0.44594;3.44203;1
 -83.09207;10.79911;      -0.44591;3.44202;1
 -83.12533;10.80244;      -0.44580;3.44202;1
 -83.15856;10.80578;      -0.44559;3.44201;1
 -83.19177;10.80911;      -0.44552;3.44201;1
 -83.22491;10.81244;      -0.44548;3.44200;1
 -83.25806;10.81578;      -0.44541;3.44199;1
 -83.29121;10.81911;      -0.44538;3.44199;1
 -83.32432;10.82244;      -0.44531;3.44198;1
 -83.35739;10.82578;      -0.44519;3.44198;1
 -83.39046;10.82911;      -0.44507;3.44197;1
 -83.42349;10.83244;      -0.44493;3.44197;1
 -83.45654;10.83577;      -0.44481;3.44196;1
 -83.48961;10.83911;      -0.44469;3.44195;1
 -83.52264;10.84244;      -0.44454;3.44195;1
 -83.55562;10.84577;      -0.44439;3.44194;1
 -83.58854;10.84911;      -0.44426;3.44194;1
 -83.62147;10.85244;      -0.44413;3.44193;1
 -83.65435;10.85577;      -0.44396;3.44193;1
 -83.68724;10.85911;      -0.44369;3.44192;1
 -83.72015;10.86244;      -0.44341;3.44191;1
 -83.75306;10.86577;      -0.44316;3.44191;1
 -83.78595;10.86911;      -0.44298;3.44190;1
 -83.81881;10.87244;      -0.44283;3.44190;1
 -83.85163;10.87577;      -0.44273;3.44189;1
 -83.88442;10.87910;      -0.44257;3.44189;1
 -83.91720;10.88244;      -0.44241;3.44188;1
 -83.94995;10.88577;      -0.44215;3.44187;1
 -83.98271;10.88910;      -0.44183;3.44187;1
 -84.01538;10.89244;      -0.44153;3.44186;1
 -84.04807;10.89577;      -0.44123;3.44186;1
 -84.08074;10.89910;      -0.44093;3.44185;1
 -84.11336;10.90244;      -0.44065;3.44185;1
 -84.14599;10.90577;      -0.44032;3.44184;1
 -84.17859;10.90910;      -0.44007;3.44184;1
 -84.21121;10.91244;      -0.43993;3.44183;1
 -84.24378;10.91577;      -0.43976;3.44182;1
 -84.27635;10.91910;      -0.43950;3.44182;1
 -84.30892;10.92243;      -0.43925;3.44181;1
 -84.34149;10.92577;      -0.43901;3.44181;1
 -84.37406;10.92910;      -0.43872;3.44180;1
 -84.40663;10.93243;      -0.43830;3.44180;1
 -84.43918;10.93577;      -0.43793;3.44179;1
 -84.47169;10.93910;      -0.43765;3.44178;1
 -84.50420;10.94243;      -0.43734;3.44178;1
 -84.53669;10.94577;      -0.43710;3.44177;1
 -84.56919;10.94910;      -0.43684;3.44177;1
 -84.60168;10.95243;      -0.43653;3.44176;1
 -84.63411;10.95576;      -0.43618;3.44175;1
 -84.66653;10.95910;      -0.43587;3.44175;1
 -84.69892;10.96243;      -0.43565;3.44174;1
 -84.73131;10.96576;      -0.43540;3.44174;1
 -84.76372;10.96910;      -0.43515;3.44173;1
 -84.79607;10.97243;      -0.43495;3.44173;1
 -84.82842;10.97576;      -0.43474;3.44172;1
 -84.86071;10.97910;      -0.43453;3.44171;1
 -84.89301;10.98243;      -0.43433;3.44171;1
 -84.92536;10.98576;      -0.43408;3.44170;1
 -84.95769;10.98910;      -0.43378;3.44170;1
 -84.99000;10.99243;      -0.43348;3.44169;1
 -85.02228;10.99576;      -0.43322;3.44169;1
 -85.05462;10.99909;      -0.43296;3.44168;1
 -85.08692;11.00243;      -0.43268;3.44167;1
 -85.11922;11.00576;      -0.43247;3.44167;1
 -85.15151;11.00909;      -0.43220;3.44166;1
 -85.18376;11.01243;      -0.43196;3.44166;1
 -85.21607;11.01576;      -0.43170;3.44165;1
 -85.24837;11.01909;      -0.43141;3.44164;1
 -85.28064;11.02243;      -0.43110;3.44164;1
 -85.31295;11.02576;      -0.43082;3.44163;1
 -85.34528;11.02909;      -0.43054;3.44163;1
 -85.37759;11.03243;      -0.43028;3.44162;1
 -85.40992;11.03576;      -0.43007;3.44162;1
 -85.44224;11.03909;      -0.42983;3.44161;1
 -85.47454;11.04242;      -0.42958;3.44160;1
 -85.50683;11.04576;      -0.42929;3.44160;1
 -85.53916;11.04909;      -0.42902;3.44159;1
 -85.57150;11.05242;      -0.42874;3.44159;1
 -85.60385;11.05576;      -0.42849;3.44158;1
 -85.63624;11.05909;      -0.42823;3.44157;1
 -85.66861;11.06242;      -0.42799;3.44157;1
 -85.70100;11.06576;      -0.42771;3.44156;1
 -85.73342;11.06909;      -0.42743;3.44156;1
 -85.76582;11.07242;      -0.42714;3.44155;1
 -85.79822;11.07575;      -0.42689;3.44154;1
 -85.83063;11.07909;      -0.42667;3.44154;1
 -85.86309;11.08242;      -0.42647;3.44153;1
 -85.89558;11.08575;      -0.42631;3.44153;1
 -85.92809;11.08909;      -0.42615;3.44152;1
 -85.96062;11.09242;      -0.42592;3.44151;1
 -85.99319;11.09575;      -0.42562;3.44151;1
 -86.02575;11.09909;      -0.42538;3.44150;1
 -86.05833;11.10242;      -0.42518;3.44150;1
 -86.09096;11.10575;      -0.42495;3.44149;1
 -86.12361;11.10909;      -0.42475;3.44148;1
 -86.15629;11.11242;      -0.42465;3.44148;1
 -86.18899;11.11575;      -0.42457;3.44147;1
 -86.22171;11.11908;      -0.42446;3.44147;1
 -86.25446;11.12242;      -0.42434;3.44146;1
 -86.28722;11.12575;      -0.42420;3.44145;1
 -86.31995;11.12908;      -0.42400;3.44145;1
 -86.35270;11.13242;      -0.42386;3.44144;1
 -86.38546;11.13575;      -0.42379;3.44143;1
 -86.41829;11.13908;      -0.42377;3.44143;1
 -86.45114;11.14242;      -0.42375;3.44142;1
 -86.48399;11.14575;      -0.42368;3.44142;1
 -86.51683;11.14908;      -0.42364;3.44141;1
 -86.54967;11.15242;      -0.42356;3.44140;1
 -86.58257;11.15575;      -0.42347;3.44140;1
 -86.61551;11.15908;      -0.42344;3.44139;1
 -86.64849;11.16241;      -0.42348;3.44138;1
 -86.68152;11.16575;      -0.42348;3.44138;1
 -86.71457;11.16908;      -0.42350;3.44137;1
 -86.74761;11.17241;      -0.42345;3.44137;1
 -86.78070;11.17575;      -0.42341;3.44136;1
 -86.81379;11.17908;      -0.42343;3.44135;1
 -86.84693;11.18241;      -0.42348;3.44135;1
 -86.88013;11.18575;      -0.42349;3.44134;1
 -86.91336;11.18908;      -0.42350;3.44133;1
 -86.94659;11.19241;      -0.42354;3.44133;1
 -86.97981;11.19575;      -0.42356;3.44132;1
 -87.01305;11.19908;      -0.42356;3.44132;1
 -87.04627;11.20241;      -0.42357;3.44131;1
 -87.07954;11.20574;      -0.42361;3.44130;1
 -87.11282;11.20908;      -0.42368;3.44130;1
 -87.14612;11.21241;      -0.42375;3.44129;1
 -87.17945;11.21574;      -0.42378;3.44128;1
 -87.21273;11.21908;      -0.42385;3.44128;1
 -87.24602;11.22241;      -0.42392;3.44127;1
 -87.27931;11.22574;      -0.42399;3.44126;1
 -87.31262;11.22908;      -0.42401;3.44126;1
 -87.34590;11.23241;      -0.42393;3.44125;1
 -87.37919;11.23574;      -0.42392;3.44124;1
 -87.41248;11.23907;      -0.42409;3.44124;1
 -87.44578;11.24241;      -0.42420;3.44123;1
 -87.47909;11.24574;      -0.42421;3.44123;1
 -87.51242;11.24907;      -0.42429;3.44122;1
 -87.54570;11.25241;      -0.42437;3.44121;1
 -87.57901;11.25574;      -0.42446;3.44121;1
 -87.61234;11.25907;      -0.42454;3.44120;1
 -87.64567;11.26241;      -0.42460;3.44119;1
 -87.67896;11.26574;      -0.42466;3.44119;1
 -87.71223;11.26907;      -0.42470;3.44118;1
 -87.74551;11.27241;      -0.42479;3.44117;1
 -87.77879;11.27574;      -0.42488;3.44117;1
 -87.81212;11.27907;      -0.42492;3.44116;1
 -87.84548;11.28240;      -0.42510;3.44115;1
 -87.87879;11.28574;      -0.42513;3.44115;1
 -87.91209;11.28907;      -0.42509;3.44114;1
 -87.94538;11.29240;      -0.42512;3.44113;1
 -87.97865;11.29574;      -0.42517;3.44113;1
 -88.01195;11.29907;      -0.42527;3.44112;1
 -88.04526;11.30240;      -0.42530;3.44111;1
 -88.07855;11.30574;      -0.42529;3.44111;1
 -88.11187;11.30907;      -0.42539;3.44110;1
 -88.14521;11.31240;      -0.42549;3.44109;1
 -88.17853;11.31574;      -0.42553;3.44109;1
 -88.21180;11.31907;      -0.42556;3.44108;1
 -88.24508;11.32240;      -0.42561;3.44107;1
 -88.27838;11.32573;      -0.42570;3.44107;1
 -88.31165;11.32907;      -0.42581;3.44106;1
 -88.34497;11.33240;      -0.42590;3.44105;1
 -88.37828;11.33573;      -0.42597;3.44105;1
 -88.41161;11.33907;      -0.42601;3.44104;1
 -88.44488;11.34240;      -0.42608;3.44103;1
 -88.47815;11.34573;      -0.42608;3.44103;1
 -88.51142;11.34907;      -0.42607;3.44102;1
 -88.54473;11.35240;      -0.42612;3.44101;1
 -88.57802;11.35573;      -0.42616;3.44101;1
 -88.61124;11.35906;      -0.42618;3.44100;1
 -88.64446;11.36240;      -0.42621;3.44099;1
 -88.67768;11.36573;      -0.42624;3.44099;1
 -88.71090;11.36906;      -0.42618;3.44098;1
 -88.74413;11.37240;      -0.42609;3.44097;1
 -88.77734;11.37573;      -0.42602;3.44097;1
 -88.81057;11.37906;      -0.42599;3.44096;1
 -88.84382;11.38240;      -0.42598;3.44095;1
 -88.87704;11.38573;      -0.42597;3.44095;1
 -88.91023;11.38906;      -0.42593;3.44094;1
 -88.94340;11.39240;      -0.42588;3.44093;1
 -88.97661;11.39573;      -0.42586;3.44093;1
 -89.00984;11.39906;      -0.42585;3.44092;1
 -89.04307;11.40239;      -0.42585;3.44091;1
 -89.07629;11.40573;      -0.42584;3.44091;1
 -89.10947;11.40906;      -0.42582;3.44090;1
 -89.14265;11.41239;      -0.42577;3.44089;1
 -89.17585;11.41573;      -0.42570;3.44089;1
 -89.20907;11.41906;      -0.42562;3.44088;1
 -89.24232;11.42239;      -0.42557;3.44087;1
 -89.27560;11.42573;      -0.42554;3.44087;1
 -89.30890;11.42906;      -0.42553;3.44086;1
 -89.34217;11.43239;      -0.42555;3.44085;1
 -89.37545;11.43573;      -0.42554;3.44085;1
 -89.40875;11.43906;      -0.42552;3.44084;1
 -89.44209;11.44239;      -0.42549;3.44083;1
 -89.47543;11.44572;      -0.42547;3.44082;1
 -89.50879;11.44906;      -0.42543;3.44082;1
 -89.54210;11.45239;      -0.42539;3.44081;1
 -89.57545;11.45572;      -0.42536;3.44080;1
 -89.60880;11.45906;      -0.42531;3.44080;1
 -89.64211;11.46239;      -0.42528;3.44079;1
 -89.67542;11.46572;      -0.42527;3.44078;1
 -89.70875;11.46906;      -0.42522;3.44078;1
 -89.74209;11.47239;      -0.42519;3.44077;1
 -89.77544;11.47572;      -0.42519;3.44076;1
 -89.80876;11.47906;      -0.42521;3.44076;1
 -89.84210;11.48239;      -0.42523;3.44075;1
 -89.87544;11.48572;      -0.42523;3.44074;1
 -89.90885;11.48905;      -0.42523;3.44073;1
 -89.94228;11.49239;      -0.42525;3.44073;1
 -89.97568;11.49572;      -0.42527;3.44072;1
 -90.00910;11.49905;      -0.42530;3.44071;1
 -90.04251;11.50239;      -0.42537;3.44071;1
 -90.07591;11.50572;      -0.42541;3.44070;1
 -90.10934;11.50905;      -0.42547;3.44069;1
 -90.14273;11.51239;      -0.42552;3.44069;1
 -90.17615;11.51572;      -0.42551;3.44068;1
 -90.20957;11.51905;      -0.42550;3.44067;1
 -90.24303;11.52238;      -0.42546;3.44066;1
 -90.27651;11.52572;      -0.42539;3.44066;1
 -90.30997;11.52905;      -0.42537;3.44065;1
 -90.34348;11.53238;      -0.42538;3.44064;1
 -90.37700;11.53572;      -0.42536;3.44064;1
 -90.41049;11.53905;      -0.42534;3.44063;1
 -90.44399;11.54238;      -0.42536;3.44062;1
 -90.47749;11.54572;      -0.42539;3.44061;1
 -90.51101;11.54905;      -0.42540;3.44061;1
 -90.54454;11.55238;      -0.42543;3.44060;1
 -90.57810;11.55572;      -0.42544;3.44059;1
 -90.61171;11.55905;      -0.42544;3.44059;1
 -90.64537;11.56238;      -0.42544;3.44058;1
 -90.67905;11.56571;      -0.42543;3.44057;1
 -90.71273;11.56905;      -0.42546;3.44056;1
 -90.74638;11.57238;      -0.42547;3.44056;1
 -90.78003;11.57571;      -0.42545;3.44055;1
 -90.81371;11.57905;      -0.42543;3.44054;1
 -90.84738;11.58238;      -0.42544;3.44054;1
 -90.88108;11.58571;      -0.42547;3.44053;1
 -90.91478;11.58905;      -0.42546;3.44052;1
 -90.94851;11.59238;      -0.42542;3.44051;1
 -90.98222;11.59571;      -0.42537;3.44051;1
 -91.01591;11.59905;      -0.42533;3.44050;1
 -91.04961;11.60238;      -0.42531;3.44049;1
 -91.08327;11.60571;      -0.42535;3.44049;1
 -91.11697;11.60904;      -0.42539;3.44048;1
 -91.15070;11.61238;      -0.42542;3.44047;1
 -91.18447;11.61571;      -0.42542;3.44046;1
 -91.21818;11.61904;      -0.42540;3.44046;1
 -91.25184;11.62238;      -0.42540;3.44045;1
 -91.28550;11.62571;      -0.42541;3.44044;1
 -91.31914;11.62904;      -0.42543;3.44043;1
 -91.35279;11.63238;      -0.42545;3.44043;1
 -91.38645;11.63571;      -0.42549;3.44042;1
 -91.42014;11.63904;      -0.42550;3.44041;1
 -91.45381;11.64237;      -0.42550;3.44041;1
 -91.48740;11.64571;      -0.42550;3.44040;1
 -91.52102;11.64904;      -0.42551;3.44039;1
 -91.55461;11.65237;      -0.42553;3.44038;1
 -91.58821;11.65571;      -0.42558;3.44038;1
 -91.62182;11.65904;      -0.42564;3.44037;1
 -91.65542;11.66237;      -0.42568;3.44036;1
 -91.68906;11.66571;      -0.42571;3.44035;1
 -91.72271;11.66904;      -0.42577;3.44035;1
 -91.75636;11.67237;      -0.42582;3.44034;1
 -91.79003;11.67571;      -0.42586;3.44033;1
 -91.82367;11.67904;      -0.42593;3.44032;1
 -91.85733;11.68237;      -0.42597;3.44032;1
 -91.89098;11.68570;      -0.42599;3.44031;1
 -91.92460;11.68904;      -0.42599;3.44030;1
 -91.95817;11.69237;      -0.42596;3.44029;1
 -91.99170;11.69570;      -0.42593;3.44029;1
 -92.02527;11.69904;      -0.42593;3.44028;1
 -92.05883;11.70237;      -0.42595;3.44027;1
 -92.09239;11.70570;      -0.42596;3.44026;1
 -92.12598;11.70904;      -0.42594;3.44026;1
 -92.15953;11.71237;      -0.42597;3.44025;1
 -92.19308;11.71570;      -0.42599;3.44024;1
 -92.22658;11.71904;      -0.42598;3.44023;1
 -92.26005;11.72237;      -0.42601;3.44023;1
 -92.29358;11.72570;      -0.42602;3.44022;1
 -92.32709;11.72903;      -0.42605;3.44021;1
 -92.36058;11.73237;      -0.42609;3.44020;1
 -92.39409;11.73570;      -0.42608;3.44020;1
 -92.42758;11.73903;      -0.42602;3.44019;1
 -92.46109;11.74237;      -0.42591;3.44018;1
 -92.49457;11.74570;      -0.42585;3.44017;1
 -92.52806;11.74903;      -0.42583;3.44017;1
 -92.56156;11.75237;      -0.42580;3.44016;1
 -92.59503;11.75570;      -0.42578;3.44015;1
 -92.62845;11.75903;      -0.42575;3.44014;1
 -92.66182;11.76237;      -0.42572;3.44014;1
 -92.69515;11.76570;      -0.42570;3.44013;1
 -92.72848;11.76903;      -0.42568;3.44012;1
 -92.76178;11.77236;      -0.42564;3.44011;1
 -92.79508;11.77570;      -0.42562;3.44011;1
 -92.82841;11.77903;      -0.42562;3.44010;1
 -92.86170;11.78236;      -0.42558;3.44009;1
 -92.89497;11.78570;      -0.42555;3.44008;1
 -92.92823;11.78903;      -0.42550;3.44008;1
 -92.96153;11.79236;      -0.42542;3.44007;1
 -92.99479;11.79570;      -0.42534;3.44006;1
 -93.02808;11.79903;      -0.42521;3.44005;1
 -93.06135;11.80236;      -0.42511;3.44005;1
 -93.09458;11.80569;      -0.42500;3.44004;1
 -93.12788;11.80903;      -0.42489;3.44003;1
 -93.16115;11.81236;      -0.42480;3.44002;1
 -93.19441;11.81569;      -0.42474;3.44002;1
 -93.22762;11.81903;      -0.42466;3.44001;1
 -93.26084;11.82236;      -0.42459;3.44000;1
 -93.29406;11.82569;      -0.42448;3.43999;1
 -93.32732;11.82903;      -0.42435;3.43999;1
 -93.36054;11.83236;      -0.42426;3.43998;1
 -93.39375;11.83569;      -0.42416;3.43997;1
 -93.42696;11.83903;      -0.42405;3.43996;1
 -93.46017;11.84236;      -0.42393;3.43996;1
 -93.49342;11.84569;      -0.42380;3.43995;1
 -93.52671;11.84902;      -0.42370;3.43994;1
 -93.55995;11.85236;      -0.42362;3.43993;1
 -93.59317;11.85569;      -0.42355;3.43993;1
 -93.62644;11.85902;      -0.42347;3.43992;1
 -93.65968;11.86236;      -0.42340;3.43991;1
 -93.69292;11.86569;      -0.42334;3.43990;1
 -93.72613;11.86902;      -0.42327;3.43989;1
 -93.75936;11.87236;      -0.42321;3.43989;1
 -93.79256;11.87569;      -0.42307;3.43988;1
 -93.82576;11.87902;      -0.42294;3.43987;1
 -93.85900;11.88236;      -0.42285;3.43986;1
 -93.89222;11.88569;      -0.42275;3.43986;1
 -93.92544;11.88902;      -0.42264;3.43985;1
 -93.95873;11.89235;      -0.42256;3.43984;1
 -93.99200;11.89569;      -0.42247;3.43983;1
 -94.02528;11.89902;      -0.42233;3.43982;1
 -94.05858;11.90235;      -0.42222;3.43982;1
 -94.09191;11.90569;      -0.42214;3.43981;1
 -94.12520;11.90902;      -0.42208;3.43980;1
 -94.15848;11.91235;      -0.42202;3.43979;1
 -94.19177;11.91569;      -0.42196;3.43979;1
 -94.22510;11.91902;      -0.42195;3.43978;1
 -94.25846;11.92235;      -0.42188;3.43977;1
 -94.29186;11.92568;      -0.42179;3.43976;1
 -94.32521;11.92902;      -0.42171;3.43975;1
 -94.35856;11.93235;      -0.42164;3.43975;1
 -94.39191;11.93568;      -0.42159;3.43974;1
 -94.42522;11.93902;      -0.42155;3.43973;1
 -94.45857;11.94235;      -0.42157;3.43972;1
 -94.49190;11.94568;      -0.42162;3.43972;1
 -94.52527;11.94902;      -0.42163;3.43971;1
 -94.55867;11.95235;      -0.42160;3.43970;1
 -94.59207;11.95568;      -0.42156;3.43969;1
 -94.62549;11.95902;      -0.42151;3.43968;1
 -94.65892;11.96235;      -0.42145;3.43968;1
 -94.69232;11.96568;      -0.42138;3.43967;1
 -94.72577;11.96901;      -0.42136;3.43966;1
 -94.75920;11.97235;      -0.42132;3.43965;1
 -94.79266;11.97568;      -0.42129;3.43964;1
 -94.82617;11.97901;      -0.42129;3.43964;1
 -94.85964;11.98235;      -0.42127;3.43963;1
 -94.89312;11.98568;      -0.42122;3.43962;1
 -94.92662;11.98901;      -0.42124;3.43961;1
 -94.96012;11.99235;      -0.42127;3.43960;1
 -94.99358;11.99568;      -0.42126;3.43960;1
 -95.02707;11.99901;      -0.42126;3.43959;1
 -95.06054;12.00235;      -0.42127;3.43958;1
 -95.09405;12.00568;      -0.42129;3.43957;1
 -95.12758;12.00901;      -0.42132;3.43956;1
 -95.16110;12.01234;      -0.42137;3.43956;1
 -95.19463;12.01568;      -0.42142;3.43955;1
 -95.22813;12.01901;      -0.42148;3.43954;1
 -95.26166;12.02234;      -0.42148;3.43953;1
 -95.29522;12.02568;      -0.42148;3.43952;1
 -95.32875;12.02901;      -0.42148;3.43952;1
 -95.36227;12.03234;      -0.42148;3.43951;1
 -95.39586;12.03568;      -0.42155;3.43950;1
 -95.42945;12.03901;      -0.42160;3.43949;1
 -95.46300;12.04234;      -0.42163;3.43948;1
 -95.49655;12.04568;      -0.42166;3.43948;1
 -95.53007;12.04901;      -0.42171;3.43947;1
 -95.56359;12.05234;      -0.42174;3.43946;1
 -95.59714;12.05567;      -0.42174;3.43945;1
 -95.63070;12.05901;      -0.42176;3.43944;1
 -95.66424;12.06234;      -0.42179;3.43943;1
 -95.69780;12.06567;      -0.42181;3.43943;1
 -95.73137;12.06901;      -0.42184;3.43942;1
 -95.76495;12.07234;      -0.42187;3.43941;1
 -95.79853;12.07567;      -0.42185;3.43940;1
 -95.83211;12.07901;      -0.42184;3.43939;1
 -95.86568;12.08234;      -0.42184;3.43939;1
 -95.89919;12.08567;      -0.42187;3.43938;1
 -95.93274;12.08900;      -0.42190;3.43937;1
 -95.96625;12.09234;      -0.42192;3.43936;1
 -95.99972;12.09567;      -0.42192;3.43935;1
 -96.03318;12.09900;      -0.42200;3.43934;1
 -96.06664;12.10234;      -0.42204;3.43934;1
 -96.10010;12.10567;      -0.42201;3.43933;1
 -96.13355;12.10900;      -0.42199;3.43932;1
 -96.16703;12.11234;      -0.42196;3.43931;1
 -96.20051;12.11567;      -0.42195;3.43930;1
 -96.23400;12.11900;      -0.42195;3.43930;1
 -96.26742;12.12234;      -0.42192;3.43929;1
 -96.30081;12.12567;      -0.42189;3.43928;1
 -96.33422;12.12900;      -0.42188;3.43927;1
 -96.36762;12.13233;      -0.42181;3.43926;1
 -96.40101;12.13567;      -0.42172;3.43925;1
 -96.43440;12.13900;      -0.42168;3.43925;1
 -96.46778;12.14233;      -0.42166;3.43924;1
 -96.50115;12.14567;      -0.42165;3.43923;1
 -96.53456;12.14900;      -0.42163;3.43922;1
 -96.56790;12.15233;      -0.42158;3.43921;1
 -96.60118;12.15567;      -0.42151;3.43920;1
 -96.63449;12.15900;      -0.42145;3.43920;1
 -96.66779;12.16233;      -0.42138;3.43919;1
 -96.70107;12.16567;      -0.42133;3.43918;1
 -96.73440;12.16900;      -0.42129;3.43917;1
 -96.76770;12.17233;      -0.42124;3.43916;1
 -96.80101;12.17566;      -0.42117;3.43915;1
 -96.83432;12.17900;      -0.42109;3.43915;1
 -96.86758;12.18233;      -0.42106;3.43914;1
 -96.90087;12.18566;      -0.42104;3.43913;1
 -96.93419;12.18900;      -0.42098;3.43912;1
 -96.96750;12.19233;      -0.42095;3.43911;1
 -97.00078;12.19566;      -0.42092;3.43910;1
 -97.03407;12.19900;      -0.42089;3.43910;1
 -97.06734;12.20233;      -0.42083;3.43909;1
 -97.10062;12.20566;      -0.42069;3.43908;1
 -97.13387;12.20899;      -0.42052;3.43907;1
 -97.16709;12.21233;      -0.42039;3.43906;1
 -97.20032;12.21566;      -0.42028;3.43905;1
 -97.23354;12.21899;      -0.42024;3.43905;1
 -97.26679;12.22233;      -0.42023;3.43904;1
 -97.30001;12.22566;      -0.42017;3.43903;1
 -97.33323;12.22899;      -0.42002;3.43902;1
 -97.36644;12.23233;      -0.41988;3.43901;1
 -97.39965;12.23566;      -0.41978;3.43900;1
 -97.43280;12.23899;      -0.41964;3.43900;1
 -97.46600;12.24233;      -0.41952;3.43899;1
 -97.49922;12.24566;      -0.41943;3.43898;1
 -97.53243;12.24899;      -0.41934;3.43897;1
 -97.56562;12.25232;      -0.41929;3.43896;1
 -97.59885;12.25566;      -0.41923;3.43895;1
 -97.63203;12.25899;      -0.41917;3.43895;1
 -97.66521;12.26232;      -0.41911;3.43894;1
 -97.69839;12.26566;      -0.41905;3.43893;1
 -97.73157;12.26899;      -0.41898;3.43892;1
 -97.76473;12.27232;      -0.41888;3.43891;1
 -97.79787;12.27566;      -0.41881;3.43890;1
 -97.83102;12.27899;      -0.41871;3.43889;1
 -97.86419;12.28232;      -0.41862;3.43889;1
 -97.89735;12.28566;      -0.41853;3.43888;1
 -97.93056;12.28899;      -0.41843;3.43887;1
 -97.96374;12.29232;      -0.41834;3.43886;1
 -97.99691;12.29565;      -0.41828;3.43885;1
 -98.03008;12.29899;      -0.41827;3.43884;1
 -98.06328;12.30232;      -0.41822;3.43883;1
 -98.09650;12.30565;      -0.41818;3.43883;1
 -98.12966;12.30899;      -0.41812;3.43882;1
 -98.16282;12.31232;      -0.41807;3.43881;1
 -98.19597;12.31565;      -0.41801;3.43880;1
 -98.22912;12.31899;      -0.41792;3.43879;1
 -98.26228;12.32232;      -0.41780;3.43878;1
 -98.29547;12.32565;      -0.41771;3.43878;1
 -98.32868;12.32899;      -0.41760;3.43877;1
 -98.36187;12.33232;      -0.41749;3.43876;1
 -98.39507;12.33565;      -0.41745;3.43875;1
 -98.42825;12.33898;      -0.41743;3.43874;1
 -98.46142;12.34232;      -0.41740;3.43873;1
 -98.49463;12.34565;      -0.41735;3.43872;1
 -98.52782;12.34898;      -0.41729;3.43872;1
 -98.56098;12.35232;      -0.41722;3.43871;1
 -98.59417;12.35565;      -0.41715;3.43870;1
 -98.62739;12.35898;      -0.41711;3.43869;1
 -98.66059;12.36232;      -0.41704;3.43868;1
 -98.69380;12.36565;      -0.41705;3.43867;1
 -98.72705;12.36898;      -0.41706;3.43866;1
 -98.76031;12.37231;      -0.41703;3.43865;1
 -98.79357;12.37565;      -0.41702;3.43865;1
 -98.82684;12.37898;      -0.41698;3.43864;1
 -98.86011;12.38231;      -0.41694;3.43863;1
 -98.89334;12.38565;      -0.41689;3.43862;1
 -98.92659;12.38898;      -0.41683;3.43861;1
 -98.95980;12.39231;      -0.41677;3.43860;1
 -98.99298;12.39565;      -0.41671;3.43859;1
 -99.02620;12.39898;      -0.41664;3.43858;1
 -99.05943;12.40231;      -0.41660;3.43858;1
 -99.09266;12.40565;      -0.41658;3.43857;1
 -99.12588;12.40898;      -0.41659;3.43856;1
 -99.15914;12.41231;      -0.41663;3.43855;1
 -99.19243;12.41564;      -0.41665;3.43854;1
 -99.22571;12.41898;      -0.41663;3.43853;1
 -99.25900;12.42231;      -0.41653;3.43852;1
 -99.29228;12.42564;      -0.41646;3.43851;1
 -99.32557;12.42898;      -0.41638;3.43851;1
 -99.35885;12.43231;      -0.41628;3.43850;1
 -99.39216;12.43564;      -0.41623;3.43849;1
 -99.42548;12.43898;      -0.41619;3.43848;1
 -99.45881;12.44231;      -0.41617;3.43847;1
 -99.49209;12.44564;      -0.41612;3.43846;1
 -99.52538;12.44898;      -0.41612;3.43845;1
 -99.55871;12.45231;      -0.41611;3.43844;1
 -99.59206;12.45564;      -0.41608;3.43843;1
 -99.62538;12.45897;      -0.41603;3.43843;1
 -99.65874;12.46231;      -0.41601;3.43842;1
 -99.69212;12.46564;      -0.41598;3.43841;1
 -99.72549;12.46897;      -0.41597;3.43840;1
 -99.75887;12.47231;      -0.41598;3.43839;1
 -99.79225;12.47564;      -0.41600;3.43838;1
 -99.82565;12.47897;      -0.41601;3.43837;1
 -99.85901;12.48231;      -0.41602;3.43836;1
 -99.89241;12.48564;      -0.41602;3.43836;1
 -99.92582;12.48897;      -0.41602;3.43835;1
 -99.95919;12.49230;      -0.41601;3.43834;1
 -99.99259;12.49564;      -0.41594;3.43833;1
-100.02599;12.49897;      -0.41591;3.43832;1
-100.05939;12.50230;      -0.41590;3.43831;1
-100.09279;12.50564;      -0.41589;3.43830;1
-100.12618;12.50897;      -0.41591;3.43829;1
-100.15964;12.51230;      -0.41596;3.43828;1
-100.19307;12.51564;      -0.41602;3.43827;1
-100.22649;12.51897;      -0.41605;3.43827;1
-100.25994;12.52230;      -0.41606;3.43826;1
-100.29335;12.52564;      -0.41605;3.43825;1
-100.32673;12.52897;      -0.41607;3.43824;1
-100.36013;12.53230;      -0.41612;3.43823;1
-100.39348;12.53563;      -0.41615;3.43822;1
-100.42685;12.53897;      -0.41620;3.43821;1
-100.46025;12.54230;      -0.41623;3.43820;1
-100.49365;12.54563;      -0.41625;3.43819;1
-100.52706;12.54897;      -0.41628;3.43818;1
-100.56043;12.55230;      -0.41630;3.43817;1
-100.59383;12.55563;      -0.41633;3.43817;1
-100.62723;12.55897;      -0.41634;3.43816;1
-100.66060;12.56230;      -0.41633;3.43815;1
-100.69397;12.56563;      -0.41633;3.43814;1
-100.72734;12.56897;      -0.41635;3.43813;1
-100.76066;12.57230;      -0.41638;3.43812;1
-100.79398;12.57563;      -0.41642;3.43811;1
-100.82729;12.57896;      -0.41647;3.43810;1
-100.86059;12.58230;      -0.41651;3.43809;1
-100.89389;12.58563;      -0.41654;3.43808;1
-100.92723;12.58896;      -0.41653;3.43807;1
-100.96050;12.59230;      -0.41653;3.43807;1
-100.99379;12.59563;      -0.41652;3.43806;1
-101.02707;12.59896;      -0.41650;3.43805;1
-101.06038;12.60230;      -0.41648;3.43804;1
-101.09368;12.60563;      -0.41644;3.43803;1
-101.12696;12.60896;      -0.41639;3.43802;1
-101.16026;12.61230;      -0.41637;3.43801;1
-101.19351;12.61563;      -0.41633;3.43800;1
-101.22676;12.61896;      -0.41630;3.43799;1
-101.26003;12.62229;      -0.41625;3.43798;1
-101.29327;12.62563;      -0.41621;3.43797;1
-101.32648;12.62896;      -0.41618;3.43797;1
-101.35975;12.63229;      -0.41618;3.43796;1
-101.39302;12.63563;      -0.41621;3.43795;1
-101.42627;12.63896;      -0.41622;3.43794;1
-101.45946;12.64229;      -0.41621;3.43793;1
-101.49267;12.64563;      -0.41620;3.43792;1
-101.52589;12.64896;      -0.41620;3.43791;1
-101.55908;12.65229;      -0.41618;3.43790;1
-101.59223;12.65562;      -0.41618;3.43789;1
-101.62536;12.65896;      -0.41619;3.43788;1
-101.65850;12.66229;      -0.41621;3.43787;1
-101.69165;12.66562;      -0.41621;3.43786;1
-101.72479;12.66896;      -0.41621;3.43785;1
-101.75795;12.67229;      -0.41619;3.43784;1
-101.79110;12.67562;      -0.41618;3.43784;1
-101.82427;12.67896;      -0.41616;3.43783;1
-101.85742;12.68229;      -0.41613;3.43782;1
-101.89059;12.68562;      -0.41609;3.43781;1
-101.92372;12.68896;      -0.41604;3.43780;1
-101.95687;12.69229;      -0.41602;3.43779;1
-101.99001;12.69562;      -0.41585;3.43778;1
-102.02313;12.69895;      -0.41565;3.43777;1
-102.05628;12.70229;      -0.41557;3.43776;1
-102.08945;12.70562;      -0.41550;3.43775;1
-102.12261;12.70895;      -0.41544;3.43774;1
-102.15574;12.71229;      -0.41536;3.43773;1
-102.18884;12.71562;      -0.41532;3.43772;1
-102.22200;12.71895;      -0.41530;3.43771;1
-102.25518;12.72229;      -0.41525;3.43771;1
-102.28831;12.72562;      -0.41521;3.43770;1
-102.32146;12.72895;      -0.41516;3.43769;1
-102.35461;12.73229;      -0.41508;3.43768;1
-102.38775;12.73562;      -0.41501;3.43767;1
-102.42092;12.73895;      -0.41495;3.43766;1
-102.45408;12.74228;      -0.41488;3.43765;1
-102.48723;12.74562;      -0.41483;3.43764;1
-102.52041;12.74895;      -0.41479;3.43763;1
-102.55356;12.75228;      -0.41477;3.43762;1
-102.58674;12.75562;      -0.41472;3.43761;1
-102.61993;12.75895;      -0.41471;3.43760;1
-102.65316;12.76228;      -0.41470;3.43759;1
-102.68639;12.76562;      -0.41475;3.43758;1
-102.71958;12.76895;      -0.41477;3.43757;1
-102.75276;12.77228;      -0.41469;3.43756;1
-102.78594;12.77562;      -0.41467;3.43756;1
-102.81911;12.77895;      -0.41463;3.43755;1
-102.85233;12.78228;      -0.41457;3.43754;1
-102.88556;12.78561;      -0.41449;3.43753;1
-102.91879;12.78895;      -0.41444;3.43752;1
-102.95200;12.79228;      -0.41444;3.43751;1
-102.98530;12.79561;      -0.41445;3.43750;1
-103.01861;12.79895;      -0.41441;3.43749;1
-103.05190;12.80228;      -0.41435;3.43748;1
-103.08516;12.80561;      -0.41433;3.43747;1
-103.11844;12.80895;      -0.41431;3.43746;1
-103.15169;12.81228;      -0.41423;3.43745;1
-103.18491;12.81561;      -0.41415;3.43744;1
-103.21819;12.81894;      -0.41412;3.43743;1
-103.25150;12.82228;      -0.41411;3.43742;1
-103.28475;12.82561;      -0.41407;3.43741;1
-103.31803;12.82894;      -0.41408;3.43740;1
-103.35134;12.83228;      -0.41409;3.43739;1
-103.38462;12.83561;      -0.41411;3.43738;1
-103.41794;12.83894;      -0.41411;3.43737;1
-103.45125;12.84228;      -0.41414;3.43736;1
-103.48460;12.84561;      -0.41417;3.43736;1
-103.51793;12.84894;      -0.41416;3.43735;1
-103.55128;12.85228;      -0.41415;3.43734;1
-103.58462;12.85561;      -0.41418;3.43733;1
-103.61800;12.85894;      -0.41420;3.43732;1
-103.65139;12.86227;      -0.41422;3.43731;1
-103.68474;12.86561;      -0.41424;3.43730;1
-103.71810;12.86894;      -0.41430;3.43729;1
-103.75145;12.87227;      -0.41435;3.43728;1
-103.78480;12.87561;      -0.41440;3.43727;1
-103.81815;12.87894;      -0.41444;3.43726;1
-103.85146;12.88227;      -0.41449;3.43725;1
-103.88474;12.88561;      -0.41456;3.43724;1
-103.91802;12.88894;      -0.41462;3.43723;1
-103.95132;12.89227;      -0.41470;3.43722;1
-103.98457;12.89561;      -0.41476;3.43721;1
-104.01788;12.89894;      -0.41476;3.43720;1
-104.05116;12.90227;      -0.41476;3.43719;1
-104.08445;12.90560;      -0.41473;3.43718;1
-104.11773;12.90894;      -0.41471;3.43717;1
-104.15100;12.91227;      -0.41472;3.43716;1
-104.18432;12.91560;      -0.41476;3.43715;1
-104.21764;12.91894;      -0.41476;3.43714;1
-104.25090;12.92227;      -0.41474;3.43713;1
-104.28413;12.92560;      -0.41475;3.43712;1
-104.31737;12.92894;      -0.41475;3.43711;1
-104.35063;12.93227;      -0.41476;3.43710;1
-104.38391;12.93560;      -0.41478;3.43709;1
-104.41718;12.93893;      -0.41477;3.43708;1
-104.45051;12.94227;      -0.41478;3.43707;1
-104.48382;12.94560;      -0.41481;3.43706;1
-104.51712;12.94893;      -0.41483;3.43705;1
-104.55040;12.95227;      -0.41482;3.43704;1
-104.58370;12.95560;      -0.41479;3.43703;1
-104.61703;12.95893;      -0.41476;3.43702;1
-104.65032;12.96227;      -0.41476;3.43701;1
-104.68357;12.96560;      -0.41478;3.43700;1
-104.71689;12.96893;      -0.41478;3.43699;1
-104.75026;12.97227;      -0.41478;3.43698;1
-104.78364;12.97560;      -0.41480;3.43697;1
-104.81704;12.97893;      -0.41482;3.43696;1
-104.85046;12.98226;      -0.41484;3.43695;1
-104.88390;12.98560;      -0.41484;3.43694;1
-104.91734;12.98893;      -0.41487;3.43693;1
-104.95079;12.99226;      -0.41488;3.43692;1
-104.98424;12.99560;      -0.41489;3.43692;1
-105.01765;12.99893;      -0.41492;3.43691;1
-105.05107;13.00226;      -0.41493;3.43690;1
-105.08452;13.00560;      -0.41491;3.43689;1
-105.11796;13.00893;      -0.41488;3.43688;1
-105.15139;13.01226;      -0.41487;3.43686;1
-105.18490;13.01560;      -0.41487;3.43686;1
-105.21839;13.01893;      -0.41484;3.43685;1
-105.25186;13.02226;      -0.41479;3.43684;1
-105.28528;13.02559;      -0.41474;3.43683;1
-105.31874;13.02893;      -0.41470;3.43681;1
-105.35219;13.03226;      -0.41471;3.43681;1
-105.38564;13.03559;      -0.41477;3.43679;1
-105.41910;13.03893;      -0.41479;3.43679;1
-105.45255;13.04226;      -0.41487;3.43677;1
-105.48603;13.04559;      -0.41494;3.43676;1
-105.51952;13.04893;      -0.41494;3.43676;1
-105.55300;13.05226;      -0.41497;3.43674;1
-105.58648;13.05559;      -0.41504;3.43673;1
-105.61998;13.05893;      -0.41512;3.43672;1
-105.65347;13.06226;      -0.41517;3.43671;1
-105.68694;13.06559;      -0.41518;3.43670;1
-105.72039;13.06892;      -0.41517;3.43669;1
-105.75382;13.07226;      -0.41522;3.43668;1
-105.78728;13.07559;      -0.41529;3.43667;1
-105.82072;13.07892;      -0.41541;3.43666;1
-105.85418;13.08226;      -0.41547;3.43665;1
-105.88768;13.08559;      -0.41548;3.43664;1
-105.92120;13.08892;      -0.41555;3.43663;1
-105.95468;13.09226;      -0.41571;3.43662;1
-105.98819;13.09559;      -0.41586;3.43661;1
-106.02169;13.09892;      -0.41597;3.43660;1
-106.05514;13.10225;      -0.41603;3.43659;1
-106.08862;13.10559;      -0.41606;3.43658;1
-106.12202;13.10892;      -0.41613;3.43657;1
-106.15545;13.11225;      -0.41625;3.43656;1
-106.18885;13.11559;      -0.41637;3.43655;1
-106.22223;13.11892;      -0.41648;3.43654;1
-106.25561;13.12225;      -0.41655;3.43653;1
-106.28901;13.12559;      -0.41662;3.43652;1
-106.32244;13.12892;      -0.41669;3.43651;1
-106.35586;13.13225;      -0.41677;3.43650;1
-106.38923;13.13559;      -0.41686;3.43649;1
-106.42265;13.13892;      -0.41695;3.43648;1
-106.45610;13.14225;      -0.41700;3.43647;1
-106.48951;13.14558;      -0.41705;3.43646;1
-106.52294;13.14892;      -0.41710;3.43645;1
-106.55637;13.15225;      -0.41716;3.43644;1
-106.58980;13.15558;      -0.41720;3.43643;1
-106.62326;13.15892;      -0.41721;3.43642;1
-106.65669;13.16225;      -0.41720;3.43641;1
-106.69008;13.16558;      -0.41723;3.43640;1
-106.72353;13.16892;      -0.41734;3.43639;1
-106.75693;13.17225;      -0.41743;3.43638;1
-106.79027;13.17558;      -0.41747;3.43637;1
-106.82366;13.17892;      -0.41753;3.43636;1
-106.85709;13.18225;      -0.41759;3.43635;1
-106.89048;13.18558;      -0.41763;3.43634;1
-106.92385;13.18891;      -0.41766;3.43633;1
-106.95719;13.19225;      -0.41768;3.43632;1
-106.99052;13.19558;      -0.41768;3.43631;1
-107.02384;13.19891;      -0.41772;3.43630;1
-107.05720;13.20225;      -0.41773;3.43629;1
-107.09056;13.20558;      -0.41776;3.43627;1
-107.12388;13.20891;      -0.41778;3.43626;1
-107.15723;13.21225;      -0.41780;3.43625;1
-107.19058;13.21558;      -0.41781;3.43624;1
-107.22387;13.21891;      -0.41782;3.43623;1
-107.25717;13.22224;      -0.41782;3.43622;1
-107.29045;13.22558;      -0.41784;3.43621;1
-107.32379;13.22891;      -0.41780;3.43620;1
-107.35713;13.23224;      -0.41774;3.43619;1
-107.39046;13.23558;      -0.41771;3.43618;1
-107.42380;13.23891;      -0.41765;3.43617;1
-107.45711;13.24224;      -0.41753;3.43616;1
-107.49041;13.24558;      -0.41744;3.43615;1
-107.52372;13.24891;      -0.41742;3.43614;1
-107.55703;13.25224;      -0.41738;3.43613;1
-107.59035;13.25558;      -0.41735;3.43612;1
-107.62366;13.25891;      -0.41734;3.43611;1
-107.65694;13.26224;      -0.41733;3.43610;1
-107.69026;13.26557;      -0.41734;3.43609;1
-107.72361;13.26891;      -0.41737;3.43608;1
-107.75699;13.27224;      -0.41737;3.43607;1
-107.79038;13.27557;      -0.41737;3.43606;1
-107.82376;13.27891;      -0.41731;3.43605;1
-107.85715;13.28224;      -0.41724;3.43604;1
-107.89053;13.28557;      -0.41724;3.43602;1
-107.92390;13.28891;      -0.41725;3.43601;1
-107.95729;13.29224;      -0.41728;3.43600;1
-107.99074;13.29557;      -0.41727;3.43599;1
-108.02417;13.29891;      -0.41730;3.43598;1
-108.05761;13.30224;      -0.41728;3.43597;1
-108.09106;13.30557;      -0.41723;3.43596;1
-108.12451;13.30890;      -0.41726;3.43595;1
-108.15803;13.31224;      -0.41727;3.43594;1
-108.19151;13.31557;      -0.41724;3.43593;1
-108.22503;13.31890;      -0.41721;3.43592;1
-108.25857;13.32224;      -0.41724;3.43591;1
-108.29210;13.32557;      -0.41730;3.43590;1
-108.32563;13.32890;      -0.41738;3.43589;1
-108.35917;13.33224;      -0.41745;3.43588;1
-108.39269;13.33557;      -0.41750;3.43587;1
-108.42625;13.33890;      -0.41747;3.43586;1
-108.45980;13.34224;      -0.41744;3.43584;1
-108.49334;13.34557;      -0.41744;3.43583;1
-108.52688;13.34890;      -0.41744;3.43582;1
-108.56042;13.35223;      -0.41744;3.43581;1
-108.59394;13.35557;      -0.41746;3.43580;1
-108.62748;13.35890;      -0.41748;3.43579;1
-108.66098;13.36223;      -0.41752;3.43578;1
-108.69450;13.36557;      -0.41755;3.43577;1
-108.72802;13.36890;      -0.41761;3.43576;1
-108.76152;13.37223;      -0.41772;3.43575;1
-108.79506;13.37557;      -0.41780;3.43574;1
-108.82861;13.37890;      -0.41786;3.43573;1
-108.86206;13.38223;      -0.41796;3.43572;1
-108.89553;13.38556;      -0.41808;3.43571;1
-108.92903;13.38890;      -0.41815;3.43569;1
-108.96247;13.39223;      -0.41818;3.43568;1
-108.99591;13.39556;      -0.41819;3.43567;1
-109.02936;13.39890;      -0.41820;3.43566;1
-109.06280;13.40223;      -0.41824;3.43565;1
-109.09624;13.40556;      -0.41831;3.43564;1
-109.12967;13.40890;      -0.41838;3.43563;1
-109.16309;13.41223;      -0.41846;3.43562;1
-109.19652;13.41556;      -0.41851;3.43561;1
-109.22992;13.41890;      -0.41857;3.43560;1
-109.26339;13.42223;      -0.41861;3.43559;1
-109.29687;13.42556;      -0.41862;3.43558;1
-109.33035;13.42889;      -0.41862;3.43557;1
-109.36378;13.43223;      -0.41865;3.43555;1
-109.39723;13.43556;      -0.41868;3.43554;1
-109.43064;13.43889;      -0.41873;3.43553;1
-109.46404;13.44223;      -0.41879;3.43552;1
-109.49744;13.44556;      -0.41884;3.43551;1
-109.53081;13.44889;      -0.41890;3.43550;1
-109.56416;13.45223;      -0.41893;3.43549;1
-109.59753;13.45556;      -0.41893;3.43548;1
-109.63090;13.45889;      -0.41894;3.43547;1
-109.66426;13.46223;      -0.41898;3.43546;1
-109.69764;13.46556;      -0.41905;3.43545;1
-109.73100;13.46889;      -0.41914;3.43544;1
-109.76431;13.47222;      -0.41920;3.43542;1
-109.79763;13.47556;      -0.41922;3.43541;1
-109.83096;13.47889;      -0.41923;3.43540;1
-109.86428;13.48222;      -0.41931;3.43539;1
-109.89764;13.48556;      -0.41936;3.43538;1
-109.93099;13.48889;      -0.41936;3.43537;1
-109.96433;13.49222;      -0.41935;3.43536;1
-109.99766;13.49556;      -0.41934;3.43535;1
-110.03099;13.49889;      -0.41932;3.43534;1
-110.06429;13.50222;      -0.41933;3.43533;1
-110.09758;13.50555;      -0.41932;3.43532;1
-110.13089;13.50889;      -0.41936;3.43530;1
-110.16423;13.51222;      -0.41942;3.43529;1
-110.19752;13.51555;      -0.41944;3.43528;1
-110.23080;13.51889;      -0.41946;3.43527;1
-110.26410;13.52222;      -0.41946;3.43526;1
-110.29735;13.52555;      -0.41945;3.43525;1
-110.33062;13.52889;      -0.41944;3.43524;1
-110.36387;13.53222;      -0.41943;3.43523;1
-110.39715;13.53555;      -0.41942;3.43522;1
-110.43049;13.53889;      -0.41940;3.43521;1
-110.46377;13.54222;      -0.41935;3.43520;1
-110.49702;13.54555;      -0.41930;3.43518;1
-110.53030;13.54888;      -0.41923;3.43517;1
-110.56353;13.55222;      -0.41916;3.43516;1
-110.59674;13.55555;      -0.41912;3.43515;1
-110.63000;13.55888;      -0.41911;3.43514;1
-110.66323;13.56222;      -0.41909;3.43513;1
-110.69647;13.56555;      -0.41908;3.43512;1
-110.72971;13.56888;      -0.41909;3.43511;1
-110.76298;13.57222;      -0.41913;3.43510;1
-110.79624;13.57555;      -0.41913;3.43509;1
-110.82946;13.57888;      -0.41912;3.43507;1
-110.86266;13.58222;      -0.41904;3.43506;1
-110.89590;13.58555;      -0.41892;3.43505;1
-110.92909;13.58888;      -0.41885;3.43504;1
-110.96231;13.59221;      -0.41884;3.43503;1
-110.99555;13.59555;      -0.41885;3.43502;1
-111.02878;13.59888;      -0.41887;3.43501;1
-111.06204;13.60221;      -0.41886;3.43500;1
-111.09529;13.60555;      -0.41887;3.43499;1
-111.12853;13.60888;      -0.41891;3.43497;1
-111.16178;13.61221;      -0.41893;3.43496;1
-111.19507;13.61555;      -0.41893;3.43495;1
-111.22836;13.61888;      -0.41894;3.43494;1
-111.26166;13.62221;      -0.41894;3.43493;1
-111.29491;13.62555;      -0.41894;3.43492;1
-111.32818;13.62888;      -0.41896;3.43491;1
-111.36148;13.63221;      -0.41900;3.43490;1
-111.39475;13.63554;      -0.41904;3.43489;1
-111.42801;13.63888;      -0.41906;3.43487;1
-111.46129;13.64221;      -0.41912;3.43486;1
-111.49457;13.64554;      -0.41920;3.43485;1
-111.52785;13.64888;      -0.41926;3.43484;1
-111.56112;13.65221;      -0.41930;3.43483;1
-111.59442;13.65554;      -0.41933;3.43482;1
-111.62771;13.65888;      -0.41936;3.43481;1
-111.66099;13.66221;      -0.41940;3.43480;1
-111.69426;13.66554;      -0.41944;3.43478;1
-111.72757;13.66887;      -0.41947;3.43477;1
-111.76086;13.67221;      -0.41950;3.43476;1
-111.79416;13.67554;      -0.41953;3.43475;1
-111.82746;13.67887;      -0.41956;3.43474;1
-111.86074;13.68221;      -0.41956;3.43473;1
-111.89403;13.68554;      -0.41955;3.43472;1
-111.92728;13.68887;      -0.41956;3.43471;1
-111.96050;13.69221;      -0.41956;3.43469;1
-111.99371;13.69554;      -0.41954;3.43468;1
-112.02692;13.69887;      -0.41950;3.43467;1
-112.06013;13.70221;      -0.41945;3.43466;1
-112.09335;13.70554;      -0.41942;3.43465;1
-112.12663;13.70887;      -0.41940;3.43464;1
-112.15984;13.71220;      -0.41932;3.43463;1
-112.19305;13.71554;      -0.41928;3.43462;1
-112.22630;13.71887;      -0.41925;3.43460;1
-112.25956;13.72220;      -0.41927;3.43459;1
-112.29282;13.72554;      -0.41920;3.43458;1
-112.32608;13.72887;      -0.41910;3.43457;1
-112.35933;13.73220;      -0.41902;3.43456;1
-112.39258;13.73554;      -0.41899;3.43455;1
-112.42579;13.73887;      -0.41900;3.43454;1
-112.45897;13.74220;      -0.41902;3.43453;1
-112.49218;13.74554;      -0.41895;3.43451;1
-112.52541;13.74887;      -0.41887;3.43450;1
-112.55862;13.75220;      -0.41883;3.43449;1
-112.59184;13.75553;      -0.41878;3.43448;1
-112.62507;13.75887;      -0.41874;3.43447;1
-112.65828;13.76220;      -0.41869;3.43446;1
-112.69147;13.76553;      -0.41864;3.43445;1
-112.72472;13.76887;      -0.41859;3.43443;1
-112.75792;13.77220;      -0.41857;3.43442;1
-112.79109;13.77553;      -0.41849;3.43441;1
-112.82426;13.77887;      -0.41840;3.43440;1
-112.85743;13.78220;      -0.41836;3.43439;1
-112.89066;13.78553;      -0.41832;3.43438;1
-112.92390;13.78886;      -0.41830;3.43437;1
-112.95713;13.79220;      -0.41824;3.43435;1
-112.99034;13.79553;      -0.41816;3.43434;1
-113.02358;13.79886;      -0.41809;3.43433;1
-113.05687;13.80220;      -0.41803;3.43432;1
-113.09019;13.80553;      -0.41803;3.43431;1
-113.12354;13.80886;      -0.41800;3.43430;1
-113.15684;13.81220;      -0.41794;3.43429;1
-113.19016;13.81553;      -0.41785;3.43427;1
-113.22344;13.81886;      -0.41777;3.43426;1
-113.25670;13.82220;      -0.41771;3.43425;1
-113.28999;13.82553;      -0.41765;3.43424;1
-113.32329;13.82886;      -0.41754;3.43423;1
-113.35656;13.83219;      -0.41747;3.43422;1
-113.38987;13.83553;      -0.41744;3.43420;1
-113.42321;13.83886;      -0.41745;3.43419;1
-113.45653;13.84219;      -0.41748;3.43418;1
-113.48984;13.84553;      -0.41749;3.43417;1
-113.52321;13.84886;      -0.41752;3.43416;1
-113.55658;13.85219;      -0.41747;3.43415;1
-113.58997;13.85553;      -0.41739;3.43414;1
-113.62334;13.85886;      -0.41735;3.43412;1
-113.65675;13.86219;      -0.41730;3.43411;1
-113.69017;13.86553;      -0.41725;3.43410;1
-113.72358;13.86886;      -0.41720;3.43409;1
-113.75694;13.87219;      -0.41715;3.43408;1
-113.79036;13.87552;      -0.41713;3.43407;1
-113.82378;13.87886;      -0.41710;3.43405;1
-113.85718;13.88219;      -0.41704;3.43404;1
-113.89056;13.88552;      -0.41703;3.43403;1
-113.92392;13.88886;      -0.41703;3.43402;1
-113.95729;13.89219;      -0.41703;3.43401;1
-113.99074;13.89552;      -0.41701;3.43400;1
-114.02423;13.89886;      -0.41697;3.43398;1
-114.05769;13.90219;      -0.41694;3.43397;1
-114.09115;13.90552;      -0.41694;3.43396;1
-114.12458;13.90886;      -0.41694;3.43395;1
-114.15797;13.91219;      -0.41681;3.43394;1
-114.19143;13.91552;      -0.41667;3.43392;1
-114.22485;13.91885;      -0.41659;3.43391;1
-114.25825;13.92219;      -0.41653;3.43390;1
-114.29166;13.92552;      -0.41644;3.43389;1
-114.32505;13.92885;      -0.41638;3.43388;1
-114.35845;13.93219;      -0.41636;3.43387;1
-114.39186;13.93552;      -0.41633;3.43385;1
-114.42527;13.93885;      -0.41630;3.43384;1
-114.45867;13.94219;      -0.41615;3.43383;1
-114.49211;13.94552;      -0.41607;3.43382;1
-114.52557;13.94885;      -0.41599;3.43381;1
-114.55898;13.95218;      -0.41590;3.43379;1
-114.59240;13.95552;      -0.41585;3.43378;1
-114.62583;13.95885;      -0.41577;3.43377;1
-114.65927;13.96218;      -0.41569;3.43376;1
-114.69272;13.96552;      -0.41560;3.43375;1
-114.72615;13.96885;      -0.41551;3.43374;1
-114.75953;13.97218;      -0.41541;3.43372;1
-114.79295;13.97552;      -0.41532;3.43371;1
-114.82635;13.97885;      -0.41533;3.43370;1
-114.85976;13.98218;      -0.41533;3.43369;1
-114.89319;13.98552;      -0.41529;3.43368;1
-114.92656;13.98885;      -0.41524;3.43366;1
-114.95997;13.99218;      -0.41521;3.43365;1
-114.99339;13.99551;      -0.41516;3.43364;1
-115.02676;13.99885;      -0.41511;3.43363;1
-115.06013;14.00218;      -0.41504;3.43362;1
-115.09343;14.00551;      -0.41495;3.43360;1
-115.12668;14.00885;      -0.41484;3.43359;1
-115.15992;14.01218;      -0.41472;3.43358;1
-115.19318;14.01551;      -0.41460;3.43357;1
-115.22641;14.01885;      -0.41442;3.43356;1
-115.25962;14.02218;      -0.41425;3.43355;1
-115.29286;14.02551;      -0.41413;3.43353;1
-115.32608;14.02885;      -0.41403;3.43352;1
-115.35931;14.03218;      -0.41395;3.43351;1
-115.39250;14.03551;      -0.41387;3.43350;1
-115.42563;14.03884;      -0.41377;3.43349;1
-115.45882;14.04218;      -0.41368;3.43347;1
-115.49204;14.04551;      -0.41357;3.43346;1
-115.52526;14.04884;      -0.41340;3.43345;1
-115.55848;14.05218;      -0.41322;3.43344;1
-115.59165;14.05551;      -0.41306;3.43343;1
-115.62482;14.05884;      -0.41287;3.43341;1
-115.65795;14.06218;      -0.41265;3.43340;1
-115.69102;14.06551;      -0.41245;3.43339;1
-115.72414;14.06884;      -0.41221;3.43338;1
-115.75727;14.07217;      -0.41195;3.43337;1
-115.79038;14.07551;      -0.41171;3.43335;1
-115.82347;14.07884;      -0.41151;3.43334;1
-115.85653;14.08217;      -0.41127;3.43333;1
-115.88962;14.08551;      -0.41102;3.43332;1
-115.92275;14.08884;      -0.41080;3.43331;1
-115.95589;14.09217;      -0.41054;3.43329;1
-115.98897;14.09551;      -0.41031;3.43328;1
-116.02203;14.09884;      -0.41011;3.43327;1
-116.05508;14.10217;      -0.40987;3.43326;1
-116.08816;14.10551;      -0.40964;3.43325;1
-116.12124;14.10884;      -0.40941;3.43323;1
-116.15434;14.11217;      -0.40921;3.43322;1
-116.18748;14.11550;      -0.40900;3.43321;1
-116.22060;14.11884;      -0.40879;3.43320;1
-116.25376;14.12217;      -0.40857;3.43319;1
-116.28690;14.12550;      -0.40832;3.43317;1
-116.31999;14.12884;      -0.40808;3.43316;1
-116.35311;14.13217;      -0.40783;3.43315;1
-116.38624;14.13550;      -0.40757;3.43314;1
-116.41938;14.13884;      -0.40731;3.43313;1
-116.45252;14.14217;      -0.40705;3.43311;1
-116.48567;14.14550;      -0.40680;3.43310;1
-116.51879;14.14884;      -0.40656;3.43309;1
-116.55191;14.15217;      -0.40631;3.43308;1
-116.58505;14.15550;      -0.40605;3.43307;1
-116.61820;14.15883;      -0.40578;3.43305;1
-116.65134;14.16217;      -0.40549;3.43304;1
-116.68448;14.16550;      -0.40521;3.43303;1
-116.71766;14.16883;      -0.40493;3.43302;1
-116.75088;14.17217;      -0.40464;3.43300;1
-116.78415;14.17550;      -0.40435;3.43299;1
-116.81736;14.17883;      -0.40406;3.43298;1
-116.85064;14.18217;      -0.40377;3.43297;1
-116.88392;14.18550;      -0.40349;3.43296;1
-116.91720;14.18883;      -0.40320;3.43294;1
-116.95050;14.19217;      -0.40292;3.43293;1
-116.98378;14.19550;      -0.40263;3.43292;1
-117.01706;14.19883;      -0.40235;3.43291;1
-117.05042;14.20216;      -0.40209;3.43289;1
-117.08378;14.20550;      -0.40181;3.43288;1
-117.11714;14.20883;      -0.40152;3.43287;1
-117.15053;14.21216;      -0.40126;3.43286;1
-117.18390;14.21550;      -0.40100;3.43285;1
-117.21723;14.21883;      -0.40070;3.43283;1
-117.25064;14.22216;      -0.40034;3.43282;1
-117.28410;14.22550;      -0.40001;3.43281;1
-117.31748;14.22883;      -0.39969;3.43280;1
-117.35088;14.23216;      -0.39936;3.43278;1
-117.38427;14.23549;      -0.39904;3.43277;1
-117.41767;14.23883;      -0.39874;3.43276;1
-117.45110;14.24216;      -0.39846;3.43275;1
-117.48448;14.24549;      -0.39818;3.43273;1
-117.51785;14.24883;      -0.39786;3.43272;1
-117.55120;14.25216;      -0.39755;3.43271;1
-117.58453;14.25549;      -0.39721;3.43270;1
-117.61793;14.25883;      -0.39689;3.43268;1
-117.65135;14.26216;      -0.39657;3.43267;1
-117.68478;14.26549;      -0.39626;3.43266;1
-117.71824;14.26883;      -0.39597;3.43265;1
-117.75165;14.27216;      -0.39562;3.43263;1
-117.78507;14.27549;      -0.39521;3.43262;1
-117.81850;14.27882;      -0.39483;3.43261;1
-117.85189;14.28216;      -0.39450;3.43260;1
-117.88532;14.28549;      -0.39418;3.43258;1
-117.91877;14.28882;      -0.39387;3.43257;1
-117.95223;14.29216;      -0.39357;3.43256;1
-117.98572;14.29549;      -0.39326;3.43255;1
-118.01921;14.29882;      -0.39295;3.43253;1
-118.05269;14.30216;      -0.39260;3.43252;1
-118.08622;14.30549;      -0.39225;3.43251;1
-118.11971;14.30882;      -0.39192;3.43250;1
-118.15320;14.31216;      -0.39159;3.43248;1
-118.18670;14.31549;      -0.39126;3.43247;1
-118.22014;14.31882;      -0.39094;3.43246;1
-118.25360;14.32215;      -0.39061;3.43245;1
-118.28708;14.32549;      -0.39027;3.43243;1
-118.32056;14.32882;      -0.38994;3.43242;1
-118.35412;14.33215;      -0.38959;3.43241;1
-118.38763;14.33549;      -0.38922;3.43240;1
-118.42117;14.33882;      -0.38884;3.43238;1
-118.45473;14.34215;      -0.38847;3.43237;1
-118.48826;14.34549;      -0.38805;3.43236;1
-118.52181;14.34882;      -0.38760;3.43235;1
-118.55538;14.35215;      -0.38719;3.43233;1
-118.58894;14.35548;      -0.38674;3.43232;1
-118.62249;14.35882;      -0.38634;3.43231;1
-118.65604;14.36215;      -0.38599;3.43230;1
-118.68956;14.36548;      -0.38563;3.43228;1
-118.72310;14.36882;      -0.38526;3.43227;1
-118.75661;14.37215;      -0.38486;3.43226;1
-118.79009;14.37548;      -0.38449;3.43224;1
-118.82359;14.37882;      -0.38412;3.43223;1
-118.85711;14.38215;      -0.38377;3.43222;1
-118.89061;14.38548;      -0.38341;3.43221;1
-118.92410;14.38882;      -0.38298;3.43219;1
-118.95760;14.39215;      -0.38256;3.43218;1
-118.99109;14.39548;      -0.38212;3.43217;1
-119.02459;14.39881;      -0.38169;3.43216;1
-119.05809;14.40215;      -0.38129;3.43214;1
-119.09156;14.40548;      -0.38087;3.43213;1
-119.12503;14.40881;      -0.38044;3.43212;1
-119.15853;14.41215;      -0.38000;3.43210;1
-119.19204;14.41548;      -0.37953;3.43209;1
-119.22557;14.41881;      -0.37905;3.43208;1
-119.25908;14.42215;      -0.37859;3.43207;1
-119.29252;14.42548;      -0.37813;3.43205;1
-119.32596;14.42881;      -0.37768;3.43204;1
-119.35945;14.43215;      -0.37721;3.43203;1
-119.39296;14.43548;      -0.37675;3.43201;1
-119.42646;14.43881;      -0.37630;3.43200;1
-119.45996;14.44214;      -0.37585;3.43199;1
-119.49346;14.44548;      -0.37540;3.43198;1
-119.52696;14.44881;      -0.37496;3.43196;1
-119.56047;14.45214;      -0.37450;3.43195;1
-119.59402;14.45548;      -0.37403;3.43194;1
-119.62755;14.45881;      -0.37354;3.43193;1
-119.66102;14.46214;      -0.37307;3.43191;1
-119.69454;14.46548;      -0.37258;3.43190;1
-119.72805;14.46881;      -0.37211;3.43189;1
-119.76158;14.47214;      -0.37164;3.43187;1
-119.79512;14.47548;      -0.37113;3.43186;1
-119.82862;14.47881;      -0.37066;3.43185;1
-119.86214;14.48214;      -0.37014;3.43183;1
-119.89568;14.48547;      -0.36958;3.43182;1
-119.92923;14.48881;      -0.36904;3.43181;1
-119.96278;14.49214;      -0.36854;3.43180;1
-119.99632;14.49547;      -0.36807;3.43178;1
-120.02980;14.49881;      -0.36759;3.43177;1
-120.06330;14.50214;      -0.36712;3.43176;1
-120.09677;14.50547;      -0.36663;3.43174;1
-120.13017;14.50881;      -0.36609;3.43173;1
-120.16361;14.51214;      -0.36558;3.43172;1
-120.19703;14.51547;      -0.36502;3.43171;1
-120.23050;14.51880;      -0.36448;3.43169;1
-120.26398;14.52214;      -0.36395;3.43168;1
-120.29743;14.52547;      -0.36344;3.43167;1
-120.33087;14.52880;      -0.36293;3.43165;1
-120.36431;14.53214;      -0.36242;3.43164;1
-120.39772;14.53547;      -0.36190;3.43163;1
-120.43117;14.53880;      -0.36138;3.43161;1
-120.46457;14.54214;      -0.36085;3.43160;1
-120.49792;14.54547;      -0.36032;3.43159;1
-120.53124;14.54880;      -0.35974;3.43158;1
-120.56458;14.55214;      -0.35915;3.43156;1
-120.59788;14.55547;      -0.35857;3.43155;1
-120.63117;14.55880;      -0.35798;3.43154;1
-120.66449;14.56213;      -0.35741;3.43152;1
-120.69778;14.56547;      -0.35684;3.43151;1
-120.73107;14.56880;      -0.35626;3.43150;1
-120.76434;14.57213;      -0.35566;3.43149;1
-120.79761;14.57547;      -0.35507;3.43147;1
-120.83087;14.57880;      -0.35448;3.43146;1
-120.86409;14.58213;      -0.35386;3.43145;1
-120.89732;14.58547;      -0.35325;3.43143;1
-120.93056;14.58880;      -0.35262;3.43142;1
-120.96376;14.59213;      -0.35198;3.43141;1
-120.99694;14.59547;      -0.35139;3.43139;1
-121.03012;14.59880;      -0.35081;3.43138;1
-121.06328;14.60213;      -0.35017;3.43137;1
-121.09641;14.60546;      -0.34951;3.43136;1
-121.12954;14.60880;      -0.34886;3.43134;1
-121.16266;14.61213;      -0.34820;3.43133;1
-121.19572;14.61546;      -0.34758;3.43132;1
-121.22874;14.61880;      -0.34695;3.43130;1
-121.26179;14.62213;      -0.34631;3.43129;1
-121.29488;14.62546;      -0.34568;3.43128;1
-121.32799;14.62880;      -0.34505;3.43126;1
-121.36109;14.63213;      -0.34443;3.43125;1
-121.39417;14.63546;      -0.34380;3.43124;1
-121.42722;14.63879;      -0.34317;3.43122;1
-121.46031;14.64213;      -0.34257;3.43121;1
-121.49340;14.64546;      -0.34200;3.43120;1
-121.52646;14.64879;      -0.34142;3.43119;1
-121.55953;14.65213;      -0.34084;3.43117;1
-121.59263;14.65546;      -0.34024;3.43116;1
-121.62570;14.65879;      -0.33963;3.43115;1
-121.65880;14.66213;      -0.33901;3.43113;1
-121.69197;14.66546;      -0.33836;3.43112;1
-121.72513;14.66879;      -0.33764;3.43111;1
-121.75827;14.67213;      -0.33694;3.43109;1
-121.79141;14.67546;      -0.33629;3.43108;1
-121.82455;14.67879;      -0.33565;3.43107;1
-121.85772;14.68212;      -0.33501;3.43105;1
-121.89089;14.68546;      -0.33438;3.43104;1
-121.92405;14.68879;      -0.33368;3.43103;1
-121.95723;14.69212;      -0.33297;3.43102;1
-121.99041;14.69546;      -0.33231;3.43100;1
-122.02357;14.69879;      -0.33168;3.43099;1
-122.05674;14.70212;      -0.33103;3.43098;1
-122.08997;14.70546;      -0.33036;3.43096;1
-122.12324;14.70879;      -0.32970;3.43095;1
-122.15653;14.71212;      -0.32905;3.43094;1
-122.18987;14.71546;      -0.32840;3.43092;1
-122.22324;14.71879;      -0.32775;3.43091;1
-122.25659;14.72212;      -0.32709;3.43090;1
-122.28997;14.72545;      -0.32646;3.43088;1
-122.32341;14.72879;      -0.32580;3.43087;1
-122.35683;14.73212;      -0.32514;3.43086;1
-122.39027;14.73545;      -0.32452;3.43084;1
-122.42375;14.73879;      -0.32387;3.43083;1
-122.45724;14.74212;      -0.32323;3.43082;1
-122.49078;14.74545;      -0.32258;3.43080;1
-122.52439;14.74879;      -0.32192;3.43079;1
-122.55803;14.75212;      -0.32126;3.43078;1
-122.59169;14.75545;      -0.32063;3.43076;1
-122.62542;14.75879;      -0.31998;3.43075;1
-122.65916;14.76212;      -0.31933;3.43073;1
-122.69290;14.76545;      -0.31870;3.43072;1
-122.72665;14.76878;      -0.31806;3.43071;1
-122.76044;14.77212;      -0.31742;3.43069;1
-122.79424;14.77545;      -0.31679;3.43068;1
-122.82810;14.77878;      -0.31615;3.43067;1
-122.86201;14.78212;      -0.31554;3.43065;1
-122.89594;14.78545;      -0.31496;3.43064;1
-122.92987;14.78878;      -0.31438;3.43063;1
-122.96382;14.79212;      -0.31381;3.43061;1
-122.99786;14.79545;      -0.31323;3.43060;1
-123.03193;14.79878;      -0.31270;3.43059;1
-123.06605;14.80211;      -0.31213;3.43057;1
-123.10022;14.80545;      -0.31156;3.43056;1
-123.13444;14.80878;      -0.31102;3.43054;1
-123.16869;14.81211;      -0.31053;3.43053;1
-123.20292;14.81545;      -0.31002;3.43052;1
-123.23723;14.81878;      -0.30950;3.43050;1
-123.27165;14.82211;      -0.30893;3.43049;1
-123.30605;14.82545;      -0.30836;3.43047;1
-123.34051;14.82878;      -0.30780;3.43046;1
-123.37502;14.83211;      -0.30721;3.43045;1
-123.40956;14.83545;      -0.30663;3.43043;1
-123.44411;14.83878;      -0.30607;3.43042;1
-123.47872;14.84211;      -0.30555;3.43040;1
-123.51335;14.84544;      -0.30506;3.43039;1
-123.54801;14.84878;      -0.30454;3.43038;1
-123.58268;14.85211;      -0.30404;3.43036;1
-123.61742;14.85544;      -0.30356;3.43035;1
-123.65222;14.85878;      -0.30310;3.43033;1
-123.68706;14.86211;      -0.30263;3.43032;1
-123.72192;14.86544;      -0.30221;3.43031;1
-123.75680;14.86878;      -0.30180;3.43029;1
-123.79172;14.87211;      -0.30136;3.43028;1
-123.82671;14.87544;      -0.30092;3.43026;1
-123.86170;14.87878;      -0.30051;3.43025;1
-123.89670;14.88211;      -0.30016;3.43023;1
-123.93175;14.88544;      -0.29977;3.43022;1
-123.96689;14.88877;      -0.29936;3.43020;1
-124.00212;14.89211;      -0.29893;3.43019;1
-124.03734;14.89544;      -0.29851;3.43018;1
-124.07259;14.89877;      -0.29813;3.43016;1
-124.10790;14.90211;      -0.29770;3.43015;1
-124.14325;14.90544;      -0.29728;3.43013;1
-124.17866;14.90877;      -0.29684;3.43012;1
-124.21411;14.91211;      -0.29639;3.43010;1
-124.24960;14.91544;      -0.29597;3.43009;1
-124.28511;14.91877;      -0.29556;3.43007;1
-124.32068;14.92210;      -0.29518;3.43006;1
-124.35630;14.92544;      -0.29478;3.43004;1
-124.39196;14.92877;      -0.29436;3.43003;1
-124.42765;14.93210;      -0.29392;3.43002;1
-124.46346;14.93544;      -0.29348;3.43000;1
-124.49932;14.93877;      -0.29309;3.42999;1
-124.53523;14.94210;      -0.29270;3.42997;1
-124.57118;14.94544;      -0.29230;3.42996;1
-124.60720;14.94877;      -0.29194;3.42994;1
-124.64325;14.95210;      -0.29156;3.42993;1
-124.67943;14.95544;      -0.29128;3.42991;1
-124.71564;14.95877;      -0.29099;3.42990;1
-124.75187;14.96210;      -0.29064;3.42988;1
-124.78818;14.96543;      -0.29032;3.42987;1
-124.82453;14.96877;      -0.28997;3.42985;1
-124.86095;14.97210;      -0.28961;3.42984;1
-124.89745;14.97543;      -0.28925;3.42982;1
-124.93403;14.97877;      -0.28889;3.42981;1
-124.97065;14.98210;      -0.28853;3.42979;1
-125.00728;14.98543;      -0.28822;3.42978;1
-125.04399;14.98877;      -0.28796;3.42976;1
-125.08077;14.99210;      -0.28769;3.42975;1
-125.11758;14.99543;      -0.28748;3.42973;1
-125.15438;14.99877;      -0.28728;3.42972;1
-125.19124;15.00210;      -0.28702;3.42970;1
-125.22814;15.00543;      -0.28672;3.42968;1
-125.26507;15.00876;      -0.28647;3.42967;1
-125.30206;15.01210;      -0.28623;3.42965;1
-125.33908;15.01543;      -0.28600;3.42964;1
-125.37616;15.01876;      -0.28579;3.42962;1
-125.41327;15.02210;      -0.28560;3.42961;1
-125.45036;15.02543;      -0.28548;3.42959;1
-125.48749;15.02876;      -0.28535;3.42958;1
-125.52462;15.03210;      -0.28522;3.42956;1
-125.56175;15.03543;      -0.28510;3.42955;1
-125.59890;15.03876;      -0.28497;3.42953;1
-125.63611;15.04210;      -0.28480;3.42951;1
-125.67336;15.04543;      -0.28459;3.42950;1
-125.71060;15.04876;      -0.28434;3.42948;1
-125.74786;15.05209;      -0.28416;3.42947;1
-125.78515;15.05543;      -0.28405;3.42945;1
-125.82243;15.05876;      -0.28387;3.42944;1
-125.85964;15.06209;      -0.28368;3.42942;1
-125.89684;15.06543;      -0.28351;3.42940;1
-125.93407;15.06876;      -0.28333;3.42939;1
-125.97125;15.07209;      -0.28314;3.42937;1
-126.00841;15.07543;      -0.28297;3.42936;1
-126.04555;15.07876;      -0.28287;3.42934;1
-126.08270;15.08209;      -0.28274;3.42933;1
-126.11986;15.08542;      -0.28257;3.42931;1
-126.15696;15.08876;      -0.28239;3.42930;1
-126.19394;15.09209;      -0.28220;3.42928;1
-126.23084;15.09542;      -0.28199;3.42926;1
-126.26772;15.09876;      -0.28181;3.42925;1
-126.30455;15.10209;      -0.28159;3.42923;1
-126.34129;15.10542;      -0.28132;3.42922;1
-126.37800;15.10876;      -0.28103;3.42920;1
-126.41463;15.11209;      -0.28079;3.42919;1
-126.45112;15.11542;      -0.28060;3.42917;1
-126.48753;15.11876;      -0.28040;3.42915;1
-126.52380;15.12209;      -0.28012;3.42914;1
-126.55995;15.12542;      -0.27982;3.42912;1
-126.59599;15.12875;      -0.27957;3.42911;1
-126.63192;15.13209;      -0.27930;3.42909;1
-126.66777;15.13542;      -0.27904;3.42908;1
-126.70346;15.13875;      -0.27859;3.42906;1
-126.73903;15.14209;      -0.27809;3.42905;1
-126.77446;15.14542;      -0.27767;3.42903;1
-126.80979;15.14875;      -0.27724;3.42902;1
-126.84492;15.15209;      -0.27677;3.42900;1
-126.87989;15.15542;      -0.27625;3.42899;1
-126.91468;15.15875;      -0.27574;3.42897;1
-126.94931;15.16209;      -0.27524;3.42896;1
-126.98379;15.16542;      -0.27465;3.42894;1
-127.01810;15.16875;      -0.27405;3.42893;1
-127.05225;15.17208;      -0.27343;3.42891;1
-127.08629;15.17542;      -0.27281;3.42890;1
-127.12018;15.17875;      -0.27222;3.42889;1
-127.15389;15.18208;      -0.27156;3.42887;1
-127.18740;15.18542;      -0.27083;3.42886;1
-127.22078;15.18875;      -0.27008;3.42884;1
-127.25398;15.19208;      -0.26931;3.42883;1
-127.28703;15.19542;      -0.26855;3.42881;1
-127.31990;15.19875;      -0.26778;3.42880;1
-127.35261;15.20208;      -0.26696;3.42879;1
-127.38515;15.20541;      -0.26615;3.42877;1
-127.41750;15.20875;      -0.26534;3.42876;1
-127.44969;15.21208;      -0.26451;3.42874;1
-127.48163;15.21541;      -0.26372;3.42873;1
-127.51344;15.21875;      -0.26295;3.42872;1
-127.54506;15.22208;      -0.26216;3.42870;1
-127.57650;15.22541;      -0.26133;3.42869;1
-127.60779;15.22875;      -0.26040;3.42868;1
-127.63886;15.23208;      -0.25941;3.42866;1
-127.66978;15.23541;      -0.25841;3.42865;1
-127.70049;15.23875;      -0.25742;3.42864;1
-127.73107;15.24208;      -0.25639;3.42862;1
-127.76146;15.24541;      -0.25535;3.42861;1
-127.79167;15.24874;      -0.25431;3.42860;1
-127.82169;15.25208;      -0.25330;3.42858;1
-127.85155;15.25541;      -0.25229;3.42857;1
-127.88127;15.25874;      -0.25126;3.42856;1
-127.91077;15.26208;      -0.25022;3.42855;1
-127.94010;15.26541;      -0.24917;3.42853;1
-127.96930;15.26874;      -0.24808;3.42852;1
-127.99831;15.27208;      -0.24700;3.42851;1
-128.02717;15.27541;      -0.24584;3.42850;1
-128.05588;15.27874;      -0.24461;3.42848;1
-128.08442;15.28208;      -0.24348;3.42847;1
-128.11278;15.28541;      -0.24239;3.42846;1
-128.14100;15.28874;      -0.24115;3.42845;1
-128.16909;15.29207;      -0.23990;3.42843;1
-128.19704;15.29541;      -0.23874;3.42842;1
-128.22488;15.29874;      -0.23759;3.42841;1
-128.25264;15.30207;      -0.23646;3.42840;1
-128.28028;15.30541;      -0.23531;3.42839;1
-128.30785;15.30874;      -0.23416;3.42837;1
-128.33528;15.31207;      -0.23305;3.42836;1
-128.36258;15.31541;      -0.23199;3.42835;1
-128.38986;15.31874;      -0.23093;3.42834;1
-128.41700;15.32207;      -0.22988;3.42833;1
-128.44407;15.32541;      -0.22883;3.42831;1
-128.47109;15.32874;      -0.22773;3.42830;1
-128.49804;15.33207;      -0.22659;3.42829;1
-128.52492;15.33540;      -0.22547;3.42828;1
-128.55173;15.33874;      -0.22435;3.42827;1
-128.57846;15.34207;      -0.22326;3.42826;1
-128.60512;15.34540;      -0.22220;3.42824;1
-128.63167;15.34874;      -0.22115;3.42823;1
-128.65815;15.35207;      -0.22007;3.42822;1
-128.68465;15.35540;      -0.21898;3.42821;1
-128.71111;15.35874;      -0.21787;3.42820;1
-128.73756;15.36207;      -0.21675;3.42819;1
-128.76398;15.36540;      -0.21569;3.42818;1
-128.79038;15.36873;      -0.21465;3.42816;1
-128.81676;15.37207;      -0.21360;3.42815;1
-128.84314;15.37540;      -0.21255;3.42814;1
-128.86953;15.37873;      -0.21157;3.42813;1
-128.89589;15.38207;      -0.21070;3.42812;1
-128.92225;15.38540;      -0.20987;3.42811;1
-128.94859;15.38873;      -0.20902;3.42809;1
-128.97495;15.39207;      -0.20818;3.42808;1
-129.00130;15.39540;      -0.20733;3.42807;1
-129.02764;15.39873;      -0.20644;3.42806;1
-129.05404;15.40207;      -0.20560;3.42805;1
-129.08049;15.40540;      -0.20478;3.42804;1
-129.10694;15.40873;      -0.20393;3.42803;1
-129.13340;15.41206;      -0.20314;3.42801;1
-129.15993;15.41540;      -0.20246;3.42800;1
-129.18654;15.41873;      -0.20185;3.42799;1
-129.21318;15.42206;      -0.20128;3.42798;1
-129.23985;15.42540;      -0.20066;3.42797;1
-129.26659;15.42873;      -0.19995;3.42796;1
-129.29337;15.43206;      -0.19928;3.42794;1
-129.32026;15.43540;      -0.19865;3.42793;1
-129.34721;15.43873;      -0.19806;3.42792;1
-129.37420;15.44206;      -0.19747;3.42791;1
-129.40125;15.44540;      -0.19694;3.42790;1
-129.42836;15.44873;      -0.19646;3.42788;1
-129.45554;15.45206;      -0.19597;3.42787;1
-129.48281;15.45539;      -0.19553;3.42786;1
-129.51015;15.45873;      -0.19512;3.42785;1
-129.53756;15.46206;      -0.19476;3.42784;1
-129.56511;15.46539;      -0.19443;3.42782;1
-129.59278;15.46873;      -0.19408;3.42781;1
-129.62056;15.47206;      -0.19372;3.42780;1
-129.64842;15.47539;      -0.19331;3.42779;1
-129.67639;15.47873;      -0.19289;3.42777;1
-129.70448;15.48206;      -0.19258;3.42776;1
-129.73268;15.48539;      -0.19227;3.42775;1
-129.76103;15.48872;      -0.19203;3.42774;1
-129.78947;15.49206;      -0.19184;3.42772;1
-129.81802;15.49539;      -0.19164;3.42771;1
-129.84673;15.49872;      -0.19144;3.42770;1
-129.87560;15.50206;      -0.19123;3.42769;1
-129.90454;15.50539;      -0.19101;3.42767;1
-129.93360;15.50872;      -0.19087;3.42766;1
-129.96275;15.51206;      -0.19074;3.42765;1
-129.99204;15.51539;      -0.19065;3.42763;1
-130.02148;15.51872;      -0.19061;3.42762;1
-130.05098;15.52206;      -0.19055;3.42761;1
-130.08066;15.52539;      -0.19048;3.42759;1
-130.11045;15.52872;      -0.19043;3.42758;1
-130.14036;15.53205;      -0.19038;3.42757;1
-130.17043;15.53539;      -0.19034;3.42755;1
-130.20062;15.53872;      -0.19028;3.42754;1
-130.23091;15.54205;      -0.19025;3.42753;1
-130.26129;15.54539;      -0.19024;3.42751;1
-130.29181;15.54872;      -0.19025;3.42750;1
-130.32253;15.55205;      -0.19029;3.42749;1
-130.35335;15.55539;      -0.19031;3.42747;1
-130.38426;15.55872;      -0.19030;3.42746;1
-130.41532;15.56205;      -0.19032;3.42745;1
-130.44646;15.56539;      -0.19037;3.42743;1
-130.47777;15.56872;      -0.19045;3.42742;1
-130.50920;15.57205;      -0.19053;3.42740;1
-130.54069;15.57538;      -0.19070;3.42739;1
-130.57236;15.57872;      -0.19091;3.42738;1
-130.60413;15.58205;      -0.19110;3.42736;1
-130.63600;15.58538;      -0.19129;3.42735;1
-130.66799;15.58872;      -0.19139;3.42733;1
-130.70013;15.59205;      -0.19143;3.42732;1
-130.73237;15.59538;      -0.19149;3.42730;1
-130.76473;15.59872;      -0.19159;3.42729;1
-130.79719;15.60205;      -0.19180;3.42727;1
-130.82975;15.60538;      -0.19202;3.42726;1
-130.86244;15.60872;      -0.19220;3.42725;1
-130.89529;15.61205;      -0.19239;3.42723;1
-130.92822;15.61538;      -0.19252;3.42722;1
-130.96122;15.61871;      -0.19266;3.42720;1
-130.99429;15.62205;      -0.19283;3.42719;1
-131.02748;15.62538;      -0.19302;3.42717;1
-131.06081;15.62871;      -0.19324;3.42716;1
-131.09422;15.63205;      -0.19342;3.42714;1
-131.12771;15.63538;      -0.19359;3.42713;1
-131.16128;15.63871;      -0.19383;3.42711;1
-131.19493;15.64205;      -0.19416;3.42710;1
-131.22873;15.64538;      -0.19447;3.42708;1
-131.26261;15.64871;      -0.19477;3.42706;1
-131.29657;15.65204;      -0.19504;3.42705;1
-131.33060;15.65538;      -0.19530;3.42703;1
-131.36474;15.65871;      -0.19559;3.42702;1
-131.39896;15.66204;      -0.19589;3.42700;1
-131.43326;15.66538;      -0.19621;3.42699;1
-131.46766;15.66871;      -0.19648;3.42697;1
-131.50213;15.67204;      -0.19669;3.42696;1
-131.53662;15.67538;      -0.19690;3.42694;1
-131.57116;15.67871;      -0.19716;3.42693;1
-131.60576;15.68204;      -0.19749;3.42691;1
-131.64039;15.68538;      -0.19784;3.42689;1
-131.67508;15.68871;      -0.19810;3.42688;1
-131.70982;15.69204;      -0.19830;3.42686;1
-131.74460;15.69537;      -0.19853;3.42685;1
-131.77943;15.69871;      -0.19880;3.42683;1
-131.81425;15.70204;      -0.19905;3.42681;1
-131.84910;15.70537;      -0.19927;3.42680;1
-131.88395;15.70871;      -0.19948;3.42678;1
-131.91886;15.71204;      -0.19969;3.42677;1
-131.95382;15.71537;      -0.19988;3.42675;1
-131.98880;15.71871;      -0.20009;3.42674;1
-132.02381;15.72204;      -0.20032;3.42672;1
-132.05887;15.72537;      -0.20055;3.42670;1
-132.09399;15.72871;      -0.20079;3.42669;1
-132.12914;15.73204;      -0.20103;3.42667;1
-132.16429;15.73537;      -0.20121;3.42666;1
-132.19945;15.73870;      -0.20138;3.42664;1
-132.23460;15.74204;      -0.20160;3.42662;1
-132.26982;15.74537;      -0.20178;3.42661;1
-132.30510;15.74870;      -0.20192;3.42659;1
-132.34035;15.75204;      -0.20202;3.42657;1
-132.37563;15.75537;      -0.20212;3.42656;1
-132.41096;15.75870;      -0.20227;3.42654;1
-132.44631;15.76204;      -0.20243;3.42653;1
-132.48169;15.76537;      -0.20257;3.42651;1
-132.51710;15.76870;      -0.20272;3.42649;1
-132.55250;15.77204;      -0.20285;3.42648;1
-132.58791;15.77537;      -0.20297;3.42646;1
-132.62339;15.77870;      -0.20311;3.42644;1
-132.65881;15.78203;      -0.20318;3.42643;1
-132.69417;15.78537;      -0.20325;3.42641;1
-132.72957;15.78870;      -0.20333;3.42640;1
-132.76495;15.79203;      -0.20341;3.42638;1
-132.80030;15.79537;      -0.20348;3.42636;1
-132.83569;15.79870;      -0.20356;3.42635;1
-132.87105;15.80203;      -0.20364;3.42633;1
-132.90638;15.80537;      -0.20372;3.42631;1
-132.94168;15.80870;      -0.20374;3.42630;1
-132.97692;15.81203;      -0.20375;3.42628;1
-133.01213;15.81536;      -0.20377;3.42627;1
-133.04731;15.81870;      -0.20381;3.42625;1
-133.08248;15.82203;      -0.20388;3.42623;1
-133.11766;15.82536;      -0.20397;3.42622;1
-133.15278;15.82870;      -0.20400;3.42620;1
-133.18786;15.83203;      -0.20395;3.42618;1
-133.22293;15.83536;      -0.20391;3.42617;1
-133.25800;15.83870;      -0.20389;3.42615;1
-133.29306;15.84203;      -0.20386;3.42614;1
-133.32812;15.84536;      -0.20388;3.42612;1
-133.36315;15.84870;      -0.20393;3.42610;1
-133.39814;15.85203;      -0.20399;3.42609;1
-133.43311;15.85536;      -0.20405;3.42607;1
-133.46806;15.85869;      -0.20411;3.42605;1
-133.50297;15.86203;      -0.20416;3.42604;1
-133.53786;15.86536;      -0.20405;3.42602;1
-133.57271;15.86869;      -0.20392;3.42601;1
-133.60753;15.87203;      -0.20382;3.42599;1
-133.64236;15.87536;      -0.20373;3.42597;1
-133.67719;15.87869;      -0.20367;3.42596;1
-133.71197;15.88203;      -0.20362;3.42594;1
-133.74673;15.88536;      -0.20357;3.42592;1
-133.78146;15.88869;      -0.20351;3.42591;1
-133.81613;15.89203;      -0.20346;3.42589;1
-133.85082;15.89536;      -0.20346;3.42588;1
-133.88557;15.89869;      -0.20346;3.42586;1
-133.92032;15.90202;      -0.20338;3.42584;1
-133.95509;15.90536;      -0.20331;3.42583;1
-133.98982;15.90869;      -0.20323;3.42581;1
-134.02461;15.91202;      -0.20316;3.42579;1
-134.05932;15.91536;      -0.20310;3.42578;1
-134.09398;15.91869;      -0.20305;3.42576;1
-134.12866;15.92202;      -0.20293;3.42575;1
-134.16333;15.92536;      -0.20281;3.42573;1
-134.19799;15.92869;      -0.20274;3.42571;1
-134.23261;15.93202;      -0.20263;3.42570;1
-134.26722;15.93535;      -0.20251;3.42568;1
-134.30186;15.93869;      -0.20234;3.42567;1
-134.33645;15.94202;      -0.20220;3.42565;1
-134.37100;15.94535;      -0.20212;3.42563;1
-134.40553;15.94869;      -0.20205;3.42562;1
-134.44004;15.95202;      -0.20196;3.42560;1
-134.47454;15.95535;      -0.20176;3.42558;1
-134.50899;15.95869;      -0.20161;3.42557;1
-134.54341;15.96202;      -0.20156;3.42555;1
-134.57784;15.96535;      -0.20146;3.42554;1
-134.61224;15.96869;      -0.20132;3.42552;1
-134.64663;15.97202;      -0.20117;3.42550;1
-134.68096;15.97535;      -0.20100;3.42549;1
-134.71532;15.97868;      -0.20083;3.42547;1
-134.74962;15.98202;      -0.20073;3.42545;1
-134.78386;15.98535;      -0.20060;3.42544;1
-134.81815;15.98868;      -0.20046;3.42542;1
-134.85241;15.99202;      -0.20038;3.42541;1
-134.88668;15.99535;      -0.20024;3.42539;1
-134.92094;15.99868;      -0.20009;3.42537;1
-134.95516;16.00202;      -0.19993;3.42536;1
-134.98939;16.00535;      -0.19979;3.42534;1
-135.02367;16.00868;      -0.19967;3.42532;1
-135.05796;16.01202;      -0.19953;3.42531;1
-135.09226;16.01535;      -0.19942;3.42529;1
-135.12653;16.01868;      -0.19931;3.42528;1
-135.16082;16.02201;      -0.19918;3.42526;1
-135.19511;16.02535;      -0.19904;3.42524;1
-135.22941;16.02868;      -0.19888;3.42523;1
-135.26374;16.03201;      -0.19875;3.42521;1
-135.29805;16.03535;      -0.19863;3.42519;1
-135.33239;16.03868;      -0.19848;3.42518;1
-135.36670;16.04201;      -0.19837;3.42516;1
-135.40099;16.04535;      -0.19826;3.42515;1
-135.43529;16.04868;      -0.19811;3.42513;1
-135.46954;16.05201;      -0.19794;3.42511;1
-135.50377;16.05535;      -0.19778;3.42510;1
-135.53804;16.05868;      -0.19764;3.42508;1
-135.57232;16.06201;      -0.19755;3.42506;1
-135.60660;16.06534;      -0.19747;3.42505;1
-135.64086;16.06868;      -0.19737;3.42503;1
-135.67513;16.07201;      -0.19730;3.42501;1
-135.70936;16.07534;      -0.19724;3.42500;1
-135.74355;16.07868;      -0.19716;3.42498;1
-135.77775;16.08201;      -0.19708;3.42497;1
-135.81195;16.08534;      -0.19696;3.42495;1
-135.84617;16.08868;      -0.19686;3.42493;1
-135.88038;16.09201;      -0.19678;3.42492;1
-135.91459;16.09534;      -0.19670;3.42490;1
-135.94878;16.09867;      -0.19662;3.42488;1
-135.98289;16.10201;      -0.19651;3.42487;1
-136.01702;16.10534;      -0.19642;3.42485;1
-136.05112;16.10867;      -0.19630;3.42483;1
-136.08520;16.11201;      -0.19617;3.42482;1
-136.11925;16.11534;      -0.19603;3.42480;1
-136.15335;16.11867;      -0.19589;3.42479;1
-136.18743;16.12201;      -0.19576;3.42477;1
-136.22148;16.12534;      -0.19564;3.42475;1
-136.25554;16.12867;      -0.19551;3.42474;1
-136.28960;16.13201;      -0.19536;3.42472;1
-136.32363;16.13534;      -0.19521;3.42470;1
-136.35769;16.13867;      -0.19508;3.42469;1
-136.39171;16.14200;      -0.19494;3.42467;1
-136.42568;16.14534;      -0.19480;3.42465;1
-136.45967;16.14867;      -0.19467;3.42464;1
-136.49366;16.15200;      -0.19454;3.42462;1
-136.52763;16.15534;      -0.19440;3.42461;1
-136.56165;16.15867;      -0.19427;3.42459;1
-136.59567;16.16200;      -0.19413;3.42457;1
-136.62967;16.16534;      -0.19397;3.42456;1
-136.66362;16.16867;      -0.19381;3.42454;1
-136.69758;16.17200;      -0.19366;3.42452;1
-136.73148;16.17534;      -0.19352;3.42451;1
-136.76536;16.17867;      -0.19340;3.42449;1
-136.79924;16.18200;      -0.19328;3.42447;1
-136.83311;16.18533;      -0.19317;3.42446;1
-136.86704;16.18867;      -0.19304;3.42444;1
-136.90095;16.19200;      -0.19289;3.42443;1
-136.93489;16.19533;      -0.19276;3.42441;1
-136.96882;16.19867;      -0.19263;3.42439;1
-137.00277;16.20200;      -0.19249;3.42438;1
-137.03665;16.20533;      -0.19237;3.42436;1
-137.07052;16.20867;      -0.19224;3.42434;1
-137.10438;16.21200;      -0.19208;3.42433;1
-137.13823;16.21533;      -0.19192;3.42431;1
-137.17207;16.21866;      -0.19178;3.42429;1
-137.20593;16.22200;      -0.19164;3.42428;1
-137.23980;16.22533;      -0.19145;3.42426;1
-137.27365;16.22866;      -0.19124;3.42424;1
-137.30746;16.23200;      -0.19106;3.42423;1
-137.34125;16.23533;      -0.19089;3.42421;1
-137.37506;16.23866;      -0.19074;3.42420;1
-137.40887;16.24200;      -0.19060;3.42418;1
-137.44267;16.24533;      -0.19046;3.42416;1
-137.47646;16.24866;      -0.19033;3.42415;1
-137.51024;16.25200;      -0.19020;3.42413;1
-137.54403;16.25533;      -0.19006;3.42411;1
-137.57784;16.25866;      -0.18996;3.42410;1
-137.61161;16.26199;      -0.18987;3.42408;1
-137.64537;16.26533;      -0.18977;3.42406;1
-137.67917;16.26866;      -0.18969;3.42405;1
-137.71297;16.27199;      -0.18960;3.42403;1
-137.74678;16.27533;      -0.18949;3.42401;1
-137.78060;16.27866;      -0.18937;3.42400;1
-137.81437;16.28199;      -0.18922;3.42398;1
-137.84815;16.28533;      -0.18906;3.42396;1
-137.88192;16.28866;      -0.18891;3.42395;1
-137.91570;16.29199;      -0.18874;3.42393;1
-137.94948;16.29533;      -0.18859;3.42391;1
-137.98324;16.29866;      -0.18843;3.42390;1
-138.01704;16.30199;      -0.18832;3.42388;1
-138.05084;16.30532;      -0.18824;3.42386;1
-138.08460;16.30866;      -0.18812;3.42385;1
-138.11838;16.31199;      -0.18800;3.42383;1
-138.15218;16.31532;      -0.18790;3.42381;1
-138.18599;16.31866;      -0.18778;3.42380;1
-138.21977;16.32199;      -0.18767;3.42378;1
-138.25358;16.32532;      -0.18753;3.42376;1
-138.28739;16.32866;      -0.18736;3.42375;1
-138.32119;16.33199;      -0.18721;3.42373;1
-138.35498;16.33532;      -0.18708;3.42371;1
-138.38874;16.33866;      -0.18697;3.42370;1
-138.42250;16.34199;      -0.18684;3.42368;1
-138.45627;16.34532;      -0.18672;3.42366;1
-138.49009;16.34865;      -0.18660;3.42365;1
-138.52392;16.35199;      -0.18648;3.42363;1
-138.55772;16.35532;      -0.18627;3.42361;1
-138.59153;16.35865;      -0.18605;3.42360;1
-138.62535;16.36199;      -0.18586;3.42358;1
-138.65916;16.36532;      -0.18570;3.42356;1
-138.69298;16.36865;      -0.18558;3.42355;1
-138.72680;16.37199;      -0.18549;3.42353;1
-138.76062;16.37532;      -0.18539;3.42351;1
-138.79447;16.37865;      -0.18536;3.42350;1
-138.82831;16.38198;      -0.18535;3.42348;1
-138.86216;16.38532;      -0.18526;3.42346;1
-138.89596;16.38865;      -0.18509;3.42345;1
-138.92971;16.39198;      -0.18492;3.42343;1
-138.96349;16.39532;      -0.18473;3.42341;1
-138.99728;16.39865;      -0.18468;3.42340;1
-139.03101;16.40198;      -0.18469;3.42338;1
-139.06472;16.40532;      -0.18456;3.42336;1
-139.09850;16.40865;      -0.18434;3.42335;1
-139.13229;16.41198;      -0.18416;3.42333;1
-139.16605;16.41532;      -0.18403;3.42331;1
-139.19976;16.41865;      -0.18392;3.42330;1
-139.23347;16.42198;      -0.18381;3.42328;1
-139.26718;16.42531;      -0.18371;3.42326;1
-139.30089;16.42865;      -0.18363;3.42325;1
-139.33464;16.43198;      -0.18355;3.42323;1
-139.36841;16.43531;      -0.18344;3.42321;1
-139.40216;16.43865;      -0.18336;3.42320;1
-139.43588;16.44198;      -0.18327;3.42318;1
-139.46954;16.44531;      -0.18315;3.42316;1
-139.50321;16.44865;      -0.18303;3.42314;1
-139.53691;16.45198;      -0.18291;3.42313;1
-139.57061;16.45531;      -0.18281;3.42311;1
-139.60435;16.45865;      -0.18273;3.42309;1
-139.63807;16.46198;      -0.18264;3.42308;1
-139.67180;16.46531;      -0.18253;3.42306;1
-139.70554;16.46864;      -0.18243;3.42304;1
-139.73921;16.47198;      -0.18235;3.42303;1
-139.77289;16.47531;      -0.18227;3.42301;1
-139.80653;16.47864;      -0.18219;3.42299;1
-139.84016;16.48198;      -0.18209;3.42298;1
-139.87383;16.48531;      -0.18195;3.42296;1
-139.90752;16.48864;      -0.18181;3.42294;1
-139.94122;16.49198;      -0.18169;3.42293;1
-139.97487;16.49531;      -0.18155;3.42291;1
-140.00859;16.49864;      -0.18139;3.42289;1
-140.04232;16.50197;      -0.18125;3.42287;1
-140.07595;16.50531;      -0.18111;3.42286;1
-140.10960;16.50864;      -0.18099;3.42284;1
-140.14331;16.51197;      -0.18088;3.42282;1
-140.17698;16.51531;      -0.18078;3.42281;1
-140.21063;16.51864;      -0.18070;3.42279;1
-140.24426;16.52197;      -0.18060;3.42277;1
-140.27787;16.52531;      -0.18051;3.42276;1
-140.31149;16.52864;      -0.18044;3.42274;1
-140.34511;16.53197;      -0.18036;3.42272;1
-140.37869;16.53531;      -0.18027;3.42271;1
-140.41219;16.53864;      -0.18017;3.42269;1
-140.44574;16.54197;      -0.18006;3.42267;1
-140.47931;16.54530;      -0.17997;3.42265;1
-140.51286;16.54864;      -0.17991;3.42264;1
-140.54639;16.55197;      -0.17987;3.42262;1
-140.57988;16.55530;      -0.17978;3.42260;1
-140.61339;16.55864;      -0.17966;3.42259;1
-140.64688;16.56197;      -0.17963;3.42257;1
-140.68032;16.56530;      -0.17958;3.42255;1
-140.71380;16.56864;      -0.17948;3.42254;1
-140.74729;16.57197;      -0.17938;3.42252;1
-140.78075;16.57530;      -0.17920;3.42250;1
-140.81420;16.57864;      -0.17906;3.42248;1
-140.84763;16.58197;      -0.17898;3.42247;1
-140.88110;16.58530;      -0.17889;3.42245;1
-140.91457;16.58863;      -0.17913;3.42243;1
-140.94807;16.59197;      -0.18152;3.42242;1
-140.98162;16.59530;      -0.18525;3.42240;1
-141.01512;16.59863;      -0.18836;3.42238;1
-141.04855;16.60197;      -0.19053;3.42237;1
-141.08202;16.60530;      -0.19179;3.42235;1
-141.11553;16.60863;      -0.19246;3.42233;1
-141.14900;16.61197;      -0.19280;3.42231;1
-141.18244;16.61530;      -0.19288;3.42230;1
-141.21589;16.61863;      -0.19279;3.42228;1
-141.24940;16.62197;      -0.19264;3.42226;1
-141.28295;16.62530;      -0.19248;3.42225;1
-141.31647;16.62863;      -0.19223;3.42223;1
-141.34997;16.63196;      -0.19186;3.42221;1
-141.38341;16.63530;      -0.19158;3.42220;1
-141.41682;16.63863;      -0.19128;3.42218;1
-141.45027;16.64196;      -0.19091;3.42216;1
-141.48376;16.64530;      -0.19051;3.42214;1
-141.51723;16.64863;      -0.19017;3.42213;1
-141.55069;16.65196;      -0.18985;3.42211;1
-141.58417;16.65530;      -0.18949;3.42209;1
-141.61764;16.65863;      -0.18904;3.42208;1
-141.65105;16.66196;      -0.18864;3.42206;1
-141.68450;16.66529;      -0.18825;3.42204;1
-141.71794;16.66863;      -0.18789;3.42202;1
-141.75136;16.67196;      -0.18761;3.42201;1
-141.78479;16.67529;      -0.18735;3.42199;1
-141.81822;16.67863;      -0.18706;3.42197;1
-141.85169;16.68196;      -0.18671;3.42196;1
-141.88512;16.68529;      -0.18641;3.42194;1
-141.91860;16.68863;      -0.18613;3.42192;1
-141.95201;16.69196;      -0.18584;3.42190;1
-141.98538;16.69529;      -0.18554;3.42189;1
-142.01882;16.69863;      -0.18523;3.42187;1
-142.05225;16.70196;      -0.18491;3.42185;1
-142.08565;16.70529;      -0.18460;3.42184;1
-142.11906;16.70862;      -0.18441;3.42182;1
-142.15246;16.71196;      -0.18424;3.42180;1
-142.18582;16.71529;      -0.18398;3.42178;1
-142.21923;16.71862;      -0.18367;3.42177;1
-142.25260;16.72196;      -0.18339;3.42175;1
-142.28598;16.72529;      -0.18312;3.42173;1
-142.31941;16.72862;      -0.18290;3.42171;1
-142.35280;16.73196;      -0.18268;3.42170;1
-142.38614;16.73529;      -0.18245;3.42168;1
-142.41955;16.73862;      -0.18222;3.42166;1
-142.45304;16.74196;      -0.18196;3.42165;1
-142.48650;16.74529;      -0.18172;3.42163;1
-142.51989;16.74862;      -0.18150;3.42161;1
-142.55330;16.75195;      -0.18133;3.42159;1
-142.58675;16.75529;      -0.18115;3.42158;1
-142.62025;16.75862;      -0.18097;3.42156;1
-142.65371;16.76195;      -0.18082;3.42154;1
-142.68718;16.76529;      -0.18068;3.42152;1
-142.72066;16.76862;      -0.18051;3.42151;1
-142.75408;16.77195;      -0.18032;3.42149;1
-142.78747;16.77529;      -0.18016;3.42147;1
-142.82089;16.77862;      -0.18000;3.42146;1
-142.85429;16.78195;      -0.17981;3.42144;1
-142.88775;16.78528;      -0.17958;3.42142;1
-142.92122;16.78862;      -0.17937;3.42140;1
-142.95467;16.79195;      -0.17916;3.42139;1
-142.98810;16.79528;      -0.17897;3.42137;1
-143.02154;16.79862;      -0.17877;3.42135;1
-143.05495;16.80195;      -0.17858;3.42133;1
-143.08836;16.80528;      -0.17840;3.42132;1
-143.12180;16.80862;      -0.17827;3.42130;1
-143.15521;16.81195;      -0.17812;3.42128;1
-143.18862;16.81528;      -0.17792;3.42126;1
-143.22203;16.81862;      -0.17774;3.42125;1
-143.25539;16.82195;      -0.17757;3.42123;1
-143.28876;16.82528;      -0.17740;3.42121;1
-143.32214;16.82861;      -0.17725;3.42119;1
-143.35552;16.83195;      -0.17711;3.42118;1
-143.38893;16.83528;      -0.17696;3.42116;1
-143.42233;16.83861;      -0.17691;3.42114;1
-143.45572;16.84195;      -0.17686;3.42112;1
-143.48908;16.84528;      -0.17673;3.42111;1
-143.52243;16.84861;      -0.17658;3.42109;1
-143.55580;16.85195;      -0.17643;3.42107;1
-143.58917;16.85528;      -0.17623;3.42105;1
-143.62250;16.85861;      -0.17605;3.42104;1
-143.65583;16.86195;      -0.17581;3.42102;1
-143.68915;16.86528;      -0.17559;3.42100;1
-143.72247;16.86861;      -0.17541;3.42098;1
-143.75575;16.87194;      -0.17523;3.42097;1
-143.78898;16.87528;      -0.17507;3.42095;1
-143.82224;16.87861;      -0.17491;3.42093;1
-143.85550;16.88194;      -0.17477;3.42092;1
-143.88870;16.88528;      -0.17466;3.42090;1
-143.92195;16.88861;      -0.17457;3.42088;1
-143.95515;16.89194;      -0.17449;3.42086;1
-143.98836;16.89528;      -0.17439;3.42085;1
-144.02161;16.89861;      -0.17426;3.42083;1
-144.05479;16.90194;      -0.17413;3.42081;1
-144.08795;16.90528;      -0.17402;3.42079;1
-144.12115;16.90861;      -0.17390;3.42078;1
-144.15439;16.91194;      -0.17374;3.42076;1
-144.18767;16.91527;      -0.17362;3.42074;1
-144.22096;16.91861;      -0.17349;3.42072;1
-144.25420;16.92194;      -0.17336;3.42071;1
-144.28747;16.92527;      -0.17322;3.42069;1
-144.32076;16.92861;      -0.17307;3.42067;1
-144.35398;16.93194;      -0.17293;3.42065;1
-144.38728;16.93527;      -0.17280;3.42064;1
-144.42062;16.93861;      -0.17270;3.42062;1
-144.45394;16.94194;      -0.17259;3.42060;1
-144.48720;16.94527;      -0.17248;3.42058;1
-144.52046;16.94860;      -0.17240;3.42056;1
-144.55374;16.95194;      -0.17228;3.42055;1
-144.58700;16.95527;      -0.17216;3.42053;1
-144.62030;16.95860;      -0.17206;3.42051;1
-144.65357;16.96194;      -0.17198;3.42049;1
-144.68682;16.96527;      -0.17189;3.42048;1
-144.72010;16.96860;      -0.17181;3.42046;1
-144.75334;16.97194;      -0.17174;3.42044;1
-144.78663;16.97527;      -0.17165;3.42042;1
-144.81997;16.97860;      -0.17154;3.42041;1
-144.85331;16.98194;      -0.17144;3.42039;1
-144.88666;16.98527;      -0.17132;3.42037;1
-144.91995;16.98860;      -0.17124;3.42035;1
-144.95320;16.99193;      -0.17121;3.42034;1
-144.98646;16.99527;      -0.17118;3.42032;1
-145.01973;16.99860;      -0.17110;3.42030;1
-145.05296;17.00193;      -0.17093;3.42028;1
-145.08621;17.00527;      -0.17078;3.42026;1
-145.11947;17.00860;      -0.17069;3.42025;1
-145.15274;17.01193;      -0.17065;3.42023;1
-145.18598;17.01527;      -0.17061;3.42021;1
-145.21925;17.01860;      -0.17052;3.42019;1
-145.25254;17.02193;      -0.17039;3.42018;1
-145.28587;17.02527;      -0.17023;3.42016;1
-145.31923;17.02860;      -0.17010;3.42014;1
-145.35258;17.03193;      -0.17003;3.42012;1
-145.38591;17.03526;      -0.16994;3.42011;1
-145.41925;17.03860;      -0.16983;3.42009;1
-145.45262;17.04193;      -0.16973;3.42007;1
-145.48601;17.04526;      -0.16962;3.42005;1
-145.51944;17.04860;      -0.16954;3.42003;1
-145.55289;17.05193;      -0.16947;3.42002;1
-145.58631;17.05526;      -0.16938;3.42000;1
-145.61972;17.05860;      -0.16927;3.41998;1
-145.65315;17.06193;      -0.16912;3.41996;1
-145.68659;17.06526;      -0.16898;3.41994;1
-145.72001;17.06859;      -0.16888;3.41993;1
-145.75343;17.07193;      -0.16879;3.41991;1
-145.78685;17.07526;      -0.16869;3.41989;1
-145.82030;17.07859;      -0.16859;3.41987;1
-145.85380;17.08193;      -0.16850;3.41985;1
-145.88729;17.08526;      -0.16845;3.41984;1
-145.92076;17.08859;      -0.16843;3.41982;1
-145.95422;17.09193;      -0.16839;3.41980;1
-145.98770;17.09526;      -0.16833;3.41978;1
-146.02118;17.09859;      -0.16827;3.41976;1
-146.05466;17.10193;      -0.16824;3.41975;1
-146.08814;17.10526;      -0.16822;3.41973;1
-146.12160;17.10859;      -0.16815;3.41971;1
-146.15502;17.11192;      -0.16809;3.41969;1
-146.18846;17.11526;      -0.16802;3.41967;1
-146.22185;17.11859;      -0.16792;3.41966;1
-146.25521;17.12192;      -0.16783;3.41964;1
-146.28859;17.12526;      -0.16775;3.41962;1
-146.32197;17.12859;      -0.16767;3.41960;1
-146.35536;17.13192;      -0.16760;3.41958;1
-146.38876;17.13526;      -0.16754;3.41957;1
-146.42212;17.13859;      -0.16744;3.41955;1
-146.45545;17.14192;      -0.16733;3.41953;1
-146.48878;17.14526;      -0.16724;3.41951;1
-146.52214;17.14859;      -0.16713;3.41949;1
-146.55552;17.15192;      -0.16703;3.41948;1
-146.58889;17.15525;      -0.16695;3.41946;1
-146.62228;17.15859;      -0.16684;3.41944;1
-146.65559;17.16192;      -0.16676;3.41942;1
-146.68889;17.16525;      -0.16672;3.41940;1
-146.72226;17.16859;      -0.16667;3.41939;1
-146.75563;17.17192;      -0.16660;3.41937;1
-146.78903;17.17525;      -0.16650;3.41935;1
-146.82239;17.17859;      -0.16646;3.41933;1
-146.85573;17.18192;      -0.16646;3.41931;1
-146.88909;17.18525;      -0.16641;3.41930;1
-146.92244;17.18859;      -0.16636;3.41928;1
-146.95581;17.19192;      -0.16631;3.41926;1
-146.98920;17.19525;      -0.16627;3.41924;1
-147.02259;17.19858;      -0.16618;3.41922;1
-147.05599;17.20192;      -0.16610;3.41921;1
-147.08945;17.20525;      -0.16603;3.41919;1
-147.12290;17.20858;      -0.16592;3.41917;1
-147.15635;17.21192;      -0.16582;3.41915;1
-147.18980;17.21525;      -0.16573;3.41913;1
-147.22326;17.21858;      -0.16565;3.41911;1
-147.25670;17.22192;      -0.16557;3.41910;1
-147.29011;17.22525;      -0.16555;3.41908;1
-147.32352;17.22858;      -0.16557;3.41906;1
-147.35687;17.23191;      -0.16554;3.41904;1
-147.39017;17.23525;      -0.16546;3.41902;1
-147.42346;17.23858;      -0.16535;3.41901;1
-147.45676;17.24191;      -0.16525;3.41899;1
-147.49010;17.24525;      -0.16518;3.41897;1
-147.52344;17.24858;      -0.16513;3.41895;1
-147.55668;17.25191;      -0.16507;3.41893;1
-147.58991;17.25525;      -0.16499;3.41891;1
-147.62323;17.25858;      -0.16497;3.41890;1
-147.65653;17.26191;      -0.16496;3.41888;1
-147.68979;17.26525;      -0.16491;3.41886;1
-147.72306;17.26858;      -0.16487;3.41884;1
-147.75633;17.27191;      -0.16481;3.41882;1
-147.78964;17.27524;      -0.16467;3.41881;1
-147.82299;17.27858;      -0.16452;3.41879;1
-147.85634;17.28191;      -0.16442;3.41877;1
-147.88965;17.28524;      -0.16433;3.41875;1
-147.92301;17.28858;      -0.16423;3.41873;1
-147.95643;17.29191;      -0.16413;3.41871;1
-147.98985;17.29524;      -0.16403;3.41870;1
-148.02323;17.29858;      -0.16394;3.41868;1
-148.05661;17.30191;      -0.16385;3.41866;1
-148.08998;17.30524;      -0.16373;3.41864;1
-148.12339;17.30858;      -0.16360;3.41862;1
-148.15683;17.31191;      -0.16346;3.41860;1
-148.19027;17.31524;      -0.16337;3.41859;1
-148.22372;17.31857;      -0.16333;3.41857;1
-148.25719;17.32191;      -0.16330;3.41855;1
-148.29070;17.32524;      -0.16324;3.41853;1
-148.32423;17.32857;      -0.16320;3.41851;1
-148.35771;17.33191;      -0.16319;3.41849;1
-148.39119;17.33524;      -0.16315;3.41847;1
-148.42465;17.33857;      -0.16315;3.41846;1
-148.45810;17.34191;      -0.16309;3.41844;1
-148.49157;17.34524;      -0.16300;3.41842;1
-148.52502;17.34857;      -0.16295;3.41840;1
-148.55853;17.35190;      -0.16289;3.41838;1
-148.59208;17.35524;      -0.16279;3.41836;1
-148.62560;17.35857;      -0.16266;3.41835;1
-148.65914;17.36190;      -0.16258;3.41833;1
-148.69268;17.36524;      -0.16254;3.41831;1
-148.72622;17.36857;      -0.16252;3.41829;1
-148.75970;17.37190;      -0.16246;3.41827;1
-148.79315;17.37524;      -0.16238;3.41825;1
-148.82661;17.37857;      -0.16230;3.41823;1
-148.86007;17.38190;      -0.16222;3.41822;1
-148.89350;17.38524;      -0.16213;3.41820;1
-148.92693;17.38857;      -0.16207;3.41818;1
-148.96039;17.39190;      -0.16203;3.41816;1
-148.99381;17.39523;      -0.16196;3.41814;1
-149.02720;17.39857;      -0.16189;3.41812;1
-149.06063;17.40190;      -0.16181;3.41810;1
-149.09407;17.40523;      -0.16177;3.41809;1
-149.12744;17.40857;      -0.16183;3.41807;1
-149.16084;17.41190;      -0.16185;3.41805;1
-149.19424;17.41523;      -0.16184;3.41803;1
-149.22761;17.41857;      -0.16184;3.41801;1
-149.26102;17.42190;      -0.16182;3.41799;1
-149.29442;17.42523;      -0.16177;3.41797;1
-149.32786;17.42857;      -0.16172;3.41796;1
-149.36133;17.43190;      -0.16167;3.41794;1
-149.39481;17.43523;      -0.16160;3.41792;1
-149.42830;17.43856;      -0.16152;3.41790;1
-149.46184;17.44190;      -0.16143;3.41788;1
-149.49537;17.44523;      -0.16133;3.41786;1
-149.52888;17.44856;      -0.16125;3.41784;1
-149.56242;17.45190;      -0.16119;3.41783;1
-149.59597;17.45523;      -0.16113;3.41781;1
-149.62952;17.45856;      -0.16104;3.41779;1
-149.66303;17.46190;      -0.16097;3.41777;1
-149.69654;17.46523;      -0.16092;3.41775;1
-149.73005;17.46856;      -0.16087;3.41773;1
-149.76358;17.47190;      -0.16075;3.41771;1
-149.79715;17.47523;      -0.16063;3.41769;1
-149.83067;17.47856;      -0.16050;3.41768;1
-149.86419;17.48189;      -0.16037;3.41766;1
-149.89774;17.48523;      -0.16028;3.41764;1
-149.93127;17.48856;      -0.16020;3.41762;1
-149.96477;17.49189;      -0.16015;3.41760;1
-149.99823;17.49523;      -0.16010;3.41758;1
-150.03170;17.49856;      -0.16005;3.41756;1
-150.06517;17.50189;      -0.15998;3.41754;1
-150.09863;17.50523;      -0.15994;3.41752;1
-150.13210;17.50856;      -0.15992;3.41751;1
-150.16551;17.51189;      -0.15987;3.41749;1
-150.19890;17.51522;      -0.15984;3.41747;1
-150.23235;17.51856;      -0.15979;3.41745;1
-150.26576;17.52189;      -0.15973;3.41743;1
-150.29909;17.52522;      -0.15964;3.41741;1
-150.33241;17.52856;      -0.15955;3.41739;1
-150.36574;17.53189;      -0.15946;3.41737;1
-150.39909;17.53522;      -0.15940;3.41736;1
-150.43246;17.53856;      -0.15932;3.41734;1
-150.46586;17.54189;      -0.15924;3.41732;1
-150.49924;17.54522;      -0.15913;3.41730;1
-150.53264;17.54856;      -0.15901;3.41728;1
-150.56606;17.55189;      -0.15892;3.41726;1
-150.59936;17.55522;      -0.15884;3.41724;1
-150.63266;17.55855;      -0.15877;3.41722;1
-150.66592;17.56189;      -0.15871;3.41721;1
-150.69915;17.56522;      -0.15861;3.41719;1
-150.73241;17.56855;      -0.15840;3.41717;1
-150.76566;17.57189;      -0.15816;3.41715;1
-150.79893;17.57522;      -0.15796;3.41713;1
-150.83223;17.57855;      -0.15778;3.41711;1
-150.86558;17.58189;      -0.15760;3.41709;1
-150.89889;17.58522;      -0.15744;3.41707;1
-150.93220;17.58855;      -0.15737;3.41706;1
-150.96555;17.59189;      -0.15738;3.41704;1
-150.99883;17.59522;      -0.15738;3.41702;1
-151.03214;17.59855;      -0.15739;3.41700;1
-151.06546;17.60188;      -0.15741;3.41698;1
-151.09879;17.60522;      -0.15741;3.41696;1
-151.13205;17.60855;      -0.15739;3.41694;1
-151.16534;17.61188;      -0.15735;3.41692;1
-151.19868;17.61522;      -0.15731;3.41690;1
-151.23198;17.61855;      -0.15725;3.41689;1
-151.26532;17.62188;      -0.15716;3.41687;1
-151.29861;17.62522;      -0.15708;3.41685;1
-151.33193;17.62855;      -0.15699;3.41683;1
-151.36523;17.63188;      -0.15690;3.41681;1
-151.39846;17.63521;      -0.15681;3.41679;1
-151.43165;17.63855;      -0.15671;3.41677;1
-151.46486;17.64188;      -0.15664;3.41675;1
-151.49807;17.64521;      -0.15656;3.41673;1
-151.53128;17.64855;      -0.15646;3.41672;1
-151.56447;17.65188;      -0.15635;3.41670;1
-151.59765;17.65521;      -0.15627;3.41668;1
-151.63087;17.65855;      -0.15620;3.41666;1
-151.66408;17.66188;      -0.15611;3.41664;1
-151.69731;17.66521;      -0.15602;3.41662;1
-151.73060;17.66855;      -0.15593;3.41660;1
-151.76390;17.67188;      -0.15586;3.41658;1
-151.79717;17.67521;      -0.15580;3.41656;1
-151.83037;17.67854;      -0.15571;3.41654;1
-151.86356;17.68188;      -0.15561;3.41653;1
-151.89677;17.68521;      -0.15550;3.41651;1
-151.92995;17.68854;      -0.15537;3.41649;1
-151.96318;17.69188;      -0.15526;3.41647;1
-151.99646;17.69521;      -0.15516;3.41645;1
-152.02973;17.69854;      -0.15508;3.41643;1
-152.06299;17.70188;      -0.15500;3.41641;1
-152.09628;17.70521;      -0.15494;3.41639;1
-152.12958;17.70854;      -0.15487;3.41637;1
-152.16289;17.71188;      -0.15481;3.41635;1
-152.19622;17.71521;      -0.15481;3.41634;1
-152.22954;17.71854;      -0.15483;3.41632;1
-152.26281;17.72187;      -0.15476;3.41630;1
-152.29605;17.72521;      -0.15464;3.41628;1
-152.32935;17.72854;      -0.15459;3.41626;1
-152.36267;17.73187;      -0.15458;3.41624;1
-152.39596;17.73521;      -0.15455;3.41622;1
-152.42925;17.73854;      -0.15444;3.41620;1
-152.46256;17.74187;      -0.15430;3.41618;1
-152.49587;17.74521;      -0.15419;3.41616;1
-152.52917;17.74854;      -0.15414;3.41614;1
-152.56248;17.75187;      -0.15409;3.41613;1
-152.59574;17.75521;      -0.15402;3.41611;1
-152.62902;17.75854;      -0.15397;3.41609;1
-152.66236;17.76187;      -0.15390;3.41607;1
-152.69574;17.76520;      -0.15383;3.41605;1
-152.72909;17.76854;      -0.15375;3.41603;1
-152.76245;17.77187;      -0.15369;3.41601;1
-152.79581;17.77520;      -0.15363;3.41599;1
-152.82920;17.77854;      -0.15356;3.41597;1
-152.86258;17.78187;      -0.15346;3.41595;1
-152.89594;17.78520;      -0.15335;3.41593;1
-152.92934;17.78854;      -0.15327;3.41591;1
-152.96274;17.79187;      -0.15321;3.41589;1
-152.99613;17.79520;      -0.15319;3.41587;1
-153.02953;17.79853;      -0.15319;3.41586;1
-153.06294;17.80187;      -0.15316;3.41584;1
-153.09637;17.80520;      -0.15312;3.41582;1
-153.12977;17.80853;      -0.15308;3.41580;1
-153.16319;17.81187;      -0.15301;3.41578;1
-153.19660;17.81520;      -0.15291;3.41576;1
-153.22996;17.81853;      -0.15280;3.41574;1
-153.26337;17.82187;      -0.15275;3.41572;1
-153.29676;17.82520;      -0.15269;3.41570;1
-153.33018;17.82853;      -0.15262;3.41568;1
-153.36359;17.83187;      -0.15256;3.41566;1
-153.39700;17.83520;      -0.15252;3.41564;1
-153.43046;17.83853;      -0.15249;3.41562;1
-153.46395;17.84186;      -0.15245;3.41560;1
-153.49742;17.84520;      -0.15240;3.41558;1
-153.53086;17.84853;      -0.15234;3.41557;1
-153.56432;17.85186;      -0.15227;3.41555;1
-153.59775;17.85520;      -0.15220;3.41553;1
-153.63114;17.85853;      -0.15207;3.41551;1
-153.66455;17.86186;      -0.15194;3.41549;1
-153.69796;17.86520;      -0.15184;3.41547;1
-153.73128;17.86853;      -0.15176;3.41545;1
-153.76461;17.87186;      -0.15170;3.41543;1
-153.79796;17.87520;      -0.15163;3.41541;1
-153.83134;17.87853;      -0.15158;3.41539;1
-153.86475;17.88186;      -0.15152;3.41537;1
-153.89812;17.88519;      -0.15145;3.41535;1
-153.93147;17.88853;      -0.15135;3.41533;1
-153.96484;17.89186;      -0.15123;3.41531;1
-153.99814;17.89519;      -0.15118;3.41529;1
-154.03139;17.89853;      -0.15119;3.41527;1
-154.06469;17.90186;      -0.15121;3.41525;1
-154.09799;17.90519;      -0.15121;3.41523;1
-154.13123;17.90853;      -0.15123;3.41522;1
-154.16449;17.91186;      -0.15120;3.41520;1
-154.19778;17.91519;      -0.15113;3.41518;1
-154.23106;17.91852;      -0.15104;3.41516;1
-154.26437;17.92186;      -0.15094;3.41514;1
-154.29766;17.92519;      -0.15086;3.41512;1
-154.33096;17.92852;      -0.15078;3.41510;1
-154.36427;17.93186;      -0.15072;3.41508;1
-154.39760;17.93519;      -0.15064;3.41506;1
-154.43094;17.93852;      -0.15057;3.41504;1
-154.46430;17.94186;      -0.15051;3.41502;1
-154.49762;17.94519;      -0.15045;3.41500;1
-154.53095;17.94852;      -0.15039;3.41498;1
-154.56427;17.95186;      -0.15034;3.41496;1
-154.59753;17.95519;      -0.15032;3.41494;1
-154.63085;17.95852;      -0.15029;3.41492;1
-154.66420;17.96185;      -0.15024;3.41490;1
-154.69745;17.96519;      -0.15020;3.41488;1
-154.73072;17.96852;      -0.15013;3.41486;1
-154.76408;17.97185;      -0.15006;3.41484;1
-154.79742;17.97519;      -0.15000;3.41482;1
-154.83076;17.97852;      -0.14993;3.41481;1
-154.86405;17.98185;      -0.14988;3.41479;1
-154.89733;17.98519;      -0.14988;3.41477;1
-154.93065;17.98852;      -0.14986;3.41475;1
-154.96393;17.99185;      -0.14981;3.41473;1
-154.99717;17.99519;      -0.14975;3.41471;1
-155.03044;17.99852;      -0.14968;3.41469;1
-155.06369;18.00185;      -0.14959;3.41467;1
-155.09692;18.00518;      -0.14949;3.41465;1
-155.13015;18.00852;      -0.14941;3.41463;1
-155.16339;18.01185;      -0.14939;3.41461;1
-155.19662;18.01518;      -0.14934;3.41459;1
-155.22983;18.01852;      -0.14925;3.41457;1
-155.26308;18.02185;      -0.14916;3.41455;1
-155.29630;18.02518;      -0.14909;3.41453;1
-155.32952;18.02852;      -0.14902;3.41451;1
-155.36277;18.03185;      -0.14893;3.41449;1
-155.39599;18.03518;      -0.14880;3.41447;1
-155.42917;18.03852;      -0.14870;3.41445;1
-155.46237;18.04185;      -0.14866;3.41443;1
-155.49559;18.04518;      -0.14862;3.41441;1
-155.52881;18.04851;      -0.14859;3.41439;1
-155.56202;18.05185;      -0.14853;3.41437;1
-155.59519;18.05518;      -0.14837;3.41435;1
-155.62843;18.05851;      -0.14827;3.41433;1
-155.66167;18.06185;      -0.14821;3.41431;1
-155.69491;18.06518;      -0.14814;3.41429;1
-155.72817;18.06851;      -0.14807;3.41427;1
-155.76145;18.07185;      -0.14796;3.41426;1
-155.79473;18.07518;      -0.14788;3.41424;1
-155.82798;18.07851;      -0.14783;3.41422;1
-155.86124;18.08184;      -0.14777;3.41420;1
-155.89457;18.08518;      -0.14773;3.41418;1
-155.92795;18.08851;      -0.14772;3.41416;1
-155.96133;18.09184;      -0.14766;3.41414;1
-155.99466;18.09518;      -0.14759;3.41412;1
-156.02803;18.09851;      -0.14749;3.41410;1
-156.06136;18.10184;      -0.14738;3.41408;1
-156.09463;18.10518;      -0.14731;3.41406;1
-156.12791;18.10851;      -0.14723;3.41404;1
-156.16124;18.11184;      -0.14713;3.41402;1
-156.19455;18.11518;      -0.14703;3.41400;1
-156.22785;18.11851;      -0.14695;3.41398;1
-156.26117;18.12184;      -0.14694;3.41396;1
-156.29453;18.12517;      -0.14693;3.41394;1
-156.32788;18.12851;      -0.14690;3.41392;1
-156.36125;18.13184;      -0.14687;3.41390;1
-156.39463;18.13517;      -0.14682;3.41388;1
-156.42798;18.13851;      -0.14675;3.41386;1
-156.46134;18.14184;      -0.14668;3.41384;1
-156.49469;18.14517;      -0.14660;3.41382;1
-156.52808;18.14851;      -0.14650;3.41380;1
-156.56144;18.15184;      -0.14640;3.41378;1
-156.59481;18.15517;      -0.14631;3.41376;1
-156.62822;18.15851;      -0.14621;3.41374;1
-156.66160;18.16184;      -0.14613;3.41372;1
-156.69497;18.16517;      -0.14608;3.41370;1
-156.72835;18.16850;      -0.14605;3.41368;1
-156.76171;18.17184;      -0.14601;3.41366;1
-156.79506;18.17517;      -0.14597;3.41364;1
-156.82846;18.17850;      -0.14594;3.41362;1
-156.86182;18.18184;      -0.14590;3.41360;1
-156.89521;18.18517;      -0.14582;3.41358;1
-156.92860;18.18850;      -0.14574;3.41356;1
-156.96194;18.19184;      -0.14569;3.41354;1
-156.99536;18.19517;      -0.14565;3.41352;1
-157.02883;18.19850;      -0.14562;3.41350;1
-157.06224;18.20183;      -0.14557;3.41348;1
-157.09568;18.20517;      -0.14551;3.41346;1
-157.12916;18.20850;      -0.14544;3.41344;1
-157.16259;18.21183;      -0.14538;3.41342;1
-157.19601;18.21517;      -0.14530;3.41340;1
-157.22946;18.21850;      -0.14521;3.41338;1
-157.26293;18.22183;      -0.14514;3.41336;1
-157.29634;18.22517;      -0.14512;3.41334;1
-157.32976;18.22850;      -0.14510;3.41332;1
-157.36318;18.23183;      -0.14507;3.41330;1
-157.39655;18.23517;      -0.14505;3.41328;1
-157.42998;18.23850;      -0.14504;3.41326;1
-157.46341;18.24183;      -0.14501;3.41324;1
-157.49681;18.24516;      -0.14495;3.41322;1
-157.53023;18.24850;      -0.14488;3.41320;1
-157.56365;18.25183;      -0.14482;3.41318;1
-157.59706;18.25516;      -0.14478;3.41316;1
-157.63045;18.25850;      -0.14472;3.41314;1
-157.66381;18.26183;      -0.14467;3.41311;1
-157.69716;18.26516;      -0.14455;3.41310;1
-157.73050;18.26850;      -0.14445;3.41307;1
-157.76389;18.27183;      -0.14440;3.41305;1
-157.79731;18.27516;      -0.14435;3.41303;1
-157.83074;18.27850;      -0.14433;3.41301;1
-157.86417;18.28183;      -0.14427;3.41299;1
-157.89753;18.28516;      -0.14418;3.41297;1
-157.93084;18.28849;      -0.14411;3.41295;1
-157.96413;18.29183;      -0.14404;3.41293;1
-157.99742;18.29516;      -0.14399;3.41291;1
-158.03079;18.29849;      -0.14389;3.41289;1
-158.06414;18.30183;      -0.14380;3.41287;1
-158.09755;18.30516;      -0.14380;3.41285;1
-158.13097;18.30849;      -0.14372;3.41283;1
-158.16437;18.31183;      -0.14361;3.41281;1
-158.19780;18.31516;      -0.14355;3.41279;1
-158.23124;18.31849;      -0.14348;3.41277;1
-158.26466;18.32183;      -0.14338;3.41275;1
-158.29802;18.32516;      -0.14328;3.41273;1
-158.33135;18.32849;      -0.14321;3.41271;1
-158.36467;18.33182;      -0.14317;3.41269;1
-158.39807;18.33516;      -0.14308;3.41267;1
-158.43146;18.33849;      -0.14300;3.41265;1
-158.46482;18.34182;      -0.14294;3.41263;1
-158.49818;18.34516;      -0.14288;3.41261;1
-158.53154;18.34849;      -0.14287;3.41259;1
-158.56484;18.35182;      -0.14283;3.41257;1
-158.59816;18.35516;      -0.14268;3.41255;1
-158.63149;18.35849;      -0.14255;3.41253;1
-158.66485;18.36182;      -0.14247;3.41251;1
-158.69818;18.36515;      -0.14239;3.41249;1
-158.73150;18.36849;      -0.14232;3.41247;1
-158.76486;18.37182;      -0.14227;3.41245;1
-158.79823;18.37515;      -0.14221;3.41243;1
-158.83160;18.37849;      -0.14215;3.41241;1
-158.86493;18.38182;      -0.14212;3.41238;1
-158.89826;18.38515;      -0.14207;3.41236;1
-158.93166;18.38849;      -0.14199;3.41234;1
-158.96502;18.39182;      -0.14193;3.41232;1
-158.99832;18.39515;      -0.14187;3.41230;1
-159.03160;18.39849;      -0.14181;3.41228;1
-159.06487;18.40182;      -0.14175;3.41226;1
-159.09813;18.40515;      -0.14169;3.41224;1
-159.13141;18.40848;      -0.14164;3.41222;1
-159.16470;18.41182;      -0.14159;3.41220;1
-159.19804;18.41515;      -0.14153;3.41218;1
-159.23139;18.41848;      -0.14146;3.41216;1
-159.26472;18.42182;      -0.14140;3.41214;1
-159.29805;18.42515;      -0.14141;3.41212;1
-159.33143;18.42848;      -0.14142;3.41210;1
-159.36479;18.43182;      -0.14138;3.41208;1
-159.39810;18.43515;      -0.14136;3.41206;1
-159.43143;18.43848;      -0.14131;3.41204;1
-159.46476;18.44182;      -0.14117;3.41202;1
-159.49812;18.44515;      -0.14103;3.41200;1
-159.53146;18.44848;      -0.14093;3.41198;1
-159.56477;18.45181;      -0.14083;3.41196;1
-159.59808;18.45515;      -0.14080;3.41193;1
-159.63143;18.45848;      -0.14073;3.41191;1
-159.66478;18.46181;      -0.14063;3.41189;1
-159.69818;18.46515;      -0.14060;3.41187;1
-159.73160;18.46848;      -0.14056;3.41185;1
-159.76500;18.47181;      -0.14051;3.41183;1
-159.79837;18.47515;      -0.14043;3.41181;1
-159.83172;18.47848;      -0.14034;3.41179;1
-159.86504;18.48181;      -0.14026;3.41177;1
-159.89832;18.48515;      -0.14020;3.41175;1
-159.93163;18.48848;      -0.14011;3.41173;1
-159.96498;18.49181;      -0.14001;3.41171;1
-159.99838;18.49514;      -0.13994;3.41169;1
-160.03177;18.49848;      -0.13987;3.41167;1
-160.06510;18.50181;      -0.13979;3.41165;1
-160.09842;18.50514;      -0.13975;3.41163;1
-160.13172;18.50848;      -0.13970;3.41161;1
-160.16505;18.51181;      -0.13965;3.41158;1
-160.19838;18.51514;      -0.13959;3.41156;1
-160.23171;18.51848;      -0.13952;3.41154;1
-160.26497;18.52181;      -0.13943;3.41152;1
-160.29828;18.52514;      -0.13936;3.41150;1
-160.33162;18.52847;      -0.13930;3.41148;1
-160.36492;18.53181;      -0.13923;3.41146;1
-160.39825;18.53514;      -0.13916;3.41144;1
-160.43154;18.53847;      -0.13907;3.41142;1
-160.46478;18.54181;      -0.13899;3.41140;1
-160.49804;18.54514;      -0.13893;3.41138;1
-160.53132;18.54847;      -0.13886;3.41136;1
-160.56455;18.55181;      -0.13877;3.41134;1
-160.59778;18.55514;      -0.13872;3.41132;1
-160.63105;18.55847;      -0.13868;3.41130;1
-160.66429;18.56181;      -0.13862;3.41127;1
-160.69751;18.56514;      -0.13856;3.41125;1
-160.73083;18.56847;      -0.13848;3.41123;1
-160.76411;18.57180;      -0.13842;3.41121;1
-160.79734;18.57514;      -0.13835;3.41119;1
-160.83061;18.57847;      -0.13830;3.41117;1
-160.86382;18.58180;      -0.13826;3.41115;1
-160.89707;18.58514;      -0.13820;3.41113;1
-160.93033;18.58847;      -0.13813;3.41111;1
-160.96353;18.59180;      -0.13811;3.41109;1
-160.99677;18.59514;      -0.13810;3.41107;1
-161.03003;18.59847;      -0.13801;3.41105;1
-161.06331;18.60180;      -0.13789;3.41103;1
-161.09660;18.60514;      -0.13777;3.41101;1
-161.12983;18.60847;      -0.13768;3.41098;1
-161.16308;18.61180;      -0.13761;3.41096;1
-161.19636;18.61513;      -0.13756;3.41094;1
-161.22965;18.61847;      -0.13756;3.41092;1
-161.26290;18.62180;      -0.13754;3.41090;1
-161.29614;18.62513;      -0.13748;3.41088;1
-161.32942;18.62847;      -0.13743;3.41086;1
-161.36267;18.63180;      -0.13741;3.41084;1
-161.39595;18.63513;      -0.13739;3.41082;1
-161.42923;18.63847;      -0.13734;3.41080;1
-161.46253;18.64180;      -0.13728;3.41078;1
-161.49582;18.64513;      -0.13720;3.41076;1
-161.52907;18.64846;      -0.13711;3.41073;1
-161.56234;18.65180;      -0.13704;3.41071;1
-161.59560;18.65513;      -0.13697;3.41069;1
-161.62891;18.65846;      -0.13687;3.41067;1
-161.66219;18.66180;      -0.13678;3.41065;1
-161.69544;18.66513;      -0.13669;3.41063;1
-161.72865;18.66846;      -0.13659;3.41061;1
-161.76187;18.67180;      -0.13653;3.41059;1
-161.79511;18.67513;      -0.13649;3.41057;1
-161.82830;18.67846;      -0.13644;3.41055;1
-161.86156;18.68180;      -0.13636;3.41053;1
-161.89483;18.68513;      -0.13629;3.41050;1
-161.92810;18.68846;      -0.13623;3.41048;1
-161.96137;18.69179;      -0.13616;3.41046;1
-161.99461;18.69513;      -0.13606;3.41044;1
-162.02783;18.69846;      -0.13597;3.41042;1
-162.06110;18.70179;      -0.13587;3.41040;1
-162.09438;18.70513;      -0.13581;3.41038;1
-162.12769;18.70846;      -0.13573;3.41036;1
-162.16102;18.71179;      -0.13566;3.41034;1
-162.19432;18.71513;      -0.13565;3.41032;1
-162.22760;18.71846;      -0.13567;3.41030;1
-162.26089;18.72179;      -0.13567;3.41027;1
-162.29423;18.72513;      -0.13560;3.41025;1
-162.32756;18.72846;      -0.13551;3.41023;1
-162.36090;18.73179;      -0.13544;3.41021;1
-162.39429;18.73512;      -0.13539;3.41019;1
-162.42769;18.73846;      -0.13534;3.41017;1
-162.46108;18.74179;      -0.13528;3.41015;1
-162.49451;18.74512;      -0.13520;3.41013;1
-162.52795;18.74846;      -0.13513;3.41011;1
-162.56135;18.75179;      -0.13507;3.41008;1
-162.59479;18.75512;      -0.13501;3.41006;1
-162.62823;18.75846;      -0.13496;3.41004;1
-162.66160;18.76179;      -0.13492;3.41002;1
-162.69503;18.76512;      -0.13490;3.41000;1
-162.72846;18.76846;      -0.13488;3.40998;1
-162.76180;18.77179;      -0.13488;3.40996;1
-162.79521;18.77512;      -0.13487;3.40994;1
-162.82866;18.77845;      -0.13486;3.40991;1
-162.86208;18.78179;      -0.13484;3.40989;1
-162.89549;18.78512;      -0.13479;3.40987;1
-162.92891;18.78845;      -0.13477;3.40985;1
-162.96231;18.79179;      -0.13475;3.40983;1
-162.99568;18.79512;      -0.13471;3.40981;1
-163.02910;18.79845;      -0.13461;3.40979;1
-163.06256;18.80179;      -0.13447;3.40977;1
-163.09596;18.80512;      -0.13437;3.40975;1
-163.12935;18.80845;      -0.13424;3.40972;1
-163.16282;18.81178;      -0.13415;3.40970;1
-163.19626;18.81512;      -0.13412;3.40968;1
-163.22961;18.81845;      -0.13408;3.40966;1
-163.26292;18.82178;      -0.13400;3.40964;1
-163.29623;18.82512;      -0.13388;3.40962;1
-163.32958;18.82845;      -0.13375;3.40960;1
-163.36293;18.83178;      -0.13368;3.40958;1
-163.39633;18.83512;      -0.13364;3.40955;1
-163.42973;18.83845;      -0.13361;3.40953;1
-163.46315;18.84178;      -0.13360;3.40951;1
-163.49652;18.84512;      -0.13360;3.40949;1
-163.52990;18.84845;      -0.13362;3.40947;1
-163.56332;18.85178;      -0.13364;3.40945;1
-163.59672;18.85511;      -0.13362;3.40943;1
-163.63014;18.85845;      -0.13360;3.40940;1
-163.66353;18.86178;      -0.13354;3.40938;1
-163.69693;18.86511;      -0.13348;3.40936;1
-163.73035;18.86845;      -0.13341;3.40934;1
-163.76377;18.87178;      -0.13334;3.40932;1
-163.79716;18.87511;      -0.13327;3.40930;1
-163.83057;18.87845;      -0.13321;3.40928;1
-163.86401;18.88178;      -0.13315;3.40925;1
-163.89736;18.88511;      -0.13312;3.40923;1
-163.93070;18.88845;      -0.13307;3.40921;1
-163.96406;18.89178;      -0.13300;3.40919;1
-163.99746;18.89511;      -0.13293;3.40917;1
-164.03085;18.89844;      -0.13291;3.40915;1
-164.06423;18.90178;      -0.13290;3.40913;1
-164.09760;18.90511;      -0.13277;3.40911;1
-164.13098;18.90844;      -0.13264;3.40908;1
-164.16436;18.91178;      -0.13259;3.40906;1
-164.19768;18.91511;      -0.13252;3.40904;1
-164.23096;18.91844;      -0.13244;3.40902;1
-164.26426;18.92178;      -0.13239;3.40900;1
-164.29759;18.92511;      -0.13233;3.40898;1
-164.33093;18.92844;      -0.13227;3.40896;1
-164.36428;18.93177;      -0.13222;3.40893;1
-164.39762;18.93511;      -0.13225;3.40891;1
-164.43095;18.93844;      -0.13226;3.40889;1
-164.46422;18.94177;      -0.13221;3.40887;1
-164.49748;18.94511;      -0.13221;3.40885;1
-164.53074;18.94844;      -0.13220;3.40883;1
-164.56403;18.95177;      -0.13219;3.40881;1
-164.59734;18.95511;      -0.13213;3.40878;1
-164.63067;18.95844;      -0.13207;3.40876;1
-164.66404;18.96177;      -0.13204;3.40874;1
-164.69743;18.96511;      -0.13198;3.40872;1
-164.73077;18.96844;      -0.13191;3.40870;1
-164.76407;18.97177;      -0.13185;3.40868;1
-164.79745;18.97510;      -0.13178;3.40865;1
-164.83078;18.97844;      -0.13174;3.40863;1
-164.86409;18.98177;      -0.13169;3.40861;1
-164.89743;18.98510;      -0.13165;3.40859;1
-164.93078;18.98844;      -0.13160;3.40857;1
-164.96414;18.99177;      -0.13152;3.40855;1
-164.99752;18.99510;      -0.13145;3.40853;1
-165.03093;18.99844;      -0.13139;3.40850;1
-165.06428;19.00177;      -0.13135;3.40848;1
-165.09763;19.00510;      -0.13131;3.40846;1
-165.13100;19.00844;      -0.13126;3.40844;1
-165.16435;19.01177;      -0.13121;3.40842;1
-165.19768;19.01510;      -0.13118;3.40840;1
-165.23104;19.01843;      -0.13112;3.40837;1
-165.26439;19.02177;      -0.13105;3.40835;1
-165.29778;19.02510;      -0.13103;3.40833;1
-165.33118;19.02843;      -0.13100;3.40831;1
-165.36458;19.03177;      -0.13092;3.40829;1
-165.39800;19.03510;      -0.13078;3.40827;1
-165.43135;19.03843;      -0.13063;3.40824;1
-165.46467;19.04177;      -0.13054;3.40822;1
-165.49800;19.04510;      -0.13050;3.40820;1
-165.53133;19.04843;      -0.13045;3.40818;1
-165.56462;19.05177;      -0.13046;3.40816;1
-165.59793;19.05510;      -0.13045;3.40814;1
-165.63128;19.05843;      -0.13041;3.40811;1
-165.66461;19.06176;      -0.13036;3.40809;1
-165.69791;19.06510;      -0.13032;3.40807;1
-165.73124;19.06843;      -0.13033;3.40805;1
-165.76459;19.07176;      -0.13028;3.40803;1
-165.79794;19.07510;      -0.13015;3.40801;1
-165.83131;19.07843;      -0.13004;3.40798;1
-165.86465;19.08176;      -0.12996;3.40796;1
-165.89799;19.08510;      -0.12987;3.40794;1
-165.93135;19.08843;      -0.12979;3.40792;1
-165.96470;19.09176;      -0.12975;3.40790;1
-165.99807;19.09509;      -0.12972;3.40788;1
-166.03138;19.09843;      -0.12964;3.40785;1
-166.06472;19.10176;      -0.12952;3.40783;1
-166.09805;19.10509;      -0.12942;3.40781;1
-166.13138;19.10843;      -0.12935;3.40779;1
-166.16469;19.11176;      -0.12930;3.40777;1
-166.19795;19.11509;      -0.12925;3.40774;1
-166.23129;19.11843;      -0.12919;3.40772;1
-166.26472;19.12176;      -0.12913;3.40770;1
-166.29814;19.12509;      -0.12914;3.40768;1
-166.33155;19.12843;      -0.12916;3.40766;1
-166.36494;19.13176;      -0.12911;3.40764;1
-166.39828;19.13509;      -0.12911;3.40761;1
-166.43163;19.13842;      -0.12912;3.40759;1
-166.46499;19.14176;      -0.12908;3.40757;1
-166.49842;19.14509;      -0.12895;3.40755;1
-166.53186;19.14842;      -0.12883;3.40753;1
-166.56527;19.15176;      -0.12876;3.40750;1
-166.59863;19.15509;      -0.12869;3.40748;1
-166.63192;19.15842;      -0.12861;3.40746;1
-166.66526;19.16176;      -0.12851;3.40744;1
-166.69857;19.16509;      -0.12835;3.40742;1
-166.73186;19.16842;      -0.12821;3.40739;1
-166.76521;19.17176;      -0.12811;3.40737;1
-166.79858;19.17509;      -0.12806;3.40735;1
-166.83193;19.17842;      -0.12800;3.40733;1
-166.86532;19.18175;      -0.12793;3.40731;1
-166.89867;19.18509;      -0.12788;3.40729;1
-166.93200;19.18842;      -0.12782;3.40726;1
-166.96534;19.19175;      -0.12779;3.40724;1
-166.99869;19.19509;      -0.12780;3.40722;1
-167.03201;19.19842;      -0.12779;3.40720;1
-167.06534;19.20175;      -0.12766;3.40718;1
-167.09870;19.20509;      -0.12749;3.40715;1
-167.13200;19.20842;      -0.12737;3.40713;1
-167.16536;19.21175;      -0.12732;3.40711;1
-167.19879;19.21508;      -0.12735;3.40709;1
-167.23218;19.21842;      -0.12740;3.40707;1
-167.26559;19.22175;      -0.12739;3.40704;1
-167.29902;19.22508;      -0.12734;3.40702;1
-167.33246;19.22842;      -0.12730;3.40700;1
-167.36592;19.23175;      -0.12725;3.40698;1
-167.39935;19.23508;      -0.12718;3.40696;1
-167.43275;19.23842;      -0.12714;3.40693;1
-167.46619;19.24175;      -0.12705;3.40691;1
-167.49958;19.24508;      -0.12693;3.40689;1
-167.53299;19.24842;      -0.12687;3.40687;1
-167.56641;19.25175;      -0.12684;3.40684;1
-167.59984;19.25508;      -0.12679;3.40682;1
-167.63328;19.25841;      -0.12671;3.40680;1
-167.66669;19.26175;      -0.12662;3.40678;1
-167.70010;19.26508;      -0.12657;3.40676;1
-167.73349;19.26841;      -0.12654;3.40673;1
-167.76690;19.27175;      -0.12649;3.40671;1
-167.80028;19.27508;      -0.12644;3.40669;1
-167.83363;19.27841;      -0.12634;3.40667;1
-167.86694;19.28175;      -0.12628;3.40665;1
-167.90030;19.28508;      -0.12624;3.40662;1
-167.93361;19.28841;      -0.12620;3.40660;1
-167.96695;19.29175;      -0.12614;3.40658;1
-168.00030;19.29508;      -0.12609;3.40656;1
-168.03366;19.29841;      -0.12605;3.40653;1
-168.06708;19.30174;      -0.12601;3.40651;1
-168.10048;19.30508;      -0.12595;3.40649;1
-168.13388;19.30841;      -0.12590;3.40647;1
-168.16726;19.31174;      -0.12584;3.40645;1
-168.20065;19.31508;      -0.12579;3.40642;1
-168.23407;19.31841;      -0.12575;3.40640;1
-168.26749;19.32174;      -0.12569;3.40638;1
-168.30086;19.32508;      -0.12559;3.40636;1
-168.33425;19.32841;      -0.12552;3.40634;1
-168.36764;19.33174;      -0.12544;3.40631;1
-168.40098;19.33508;      -0.12536;3.40629;1
-168.43437;19.33841;      -0.12527;3.40627;1
-168.46776;19.34174;      -0.12519;3.40625;1
-168.50114;19.34507;      -0.12515;3.40622;1
-168.53447;19.34841;      -0.12516;3.40620;1
-168.56778;19.35174;      -0.12509;3.40618;1
-168.60111;19.35507;      -0.12496;3.40616;1
-168.63449;19.35841;      -0.12489;3.40614;1
-168.66792;19.36174;      -0.12483;3.40611;1
-168.70130;19.36507;      -0.12476;3.40609;1
-168.73464;19.36841;      -0.12468;3.40607;1
-168.76794;19.37174;      -0.12464;3.40605;1
-168.80126;19.37507;      -0.12464;3.40602;1
-168.83462;19.37840;      -0.12462;3.40600;1
-168.86794;19.38174;      -0.12455;3.40598;1
-168.90126;19.38507;      -0.12450;3.40596;1
-168.93462;19.38840;      -0.12447;3.40593;1
-168.96796;19.39174;      -0.12441;3.40591;1
-169.00128;19.39507;      -0.12437;3.40589;1
-169.03462;19.39840;      -0.12433;3.40587;1
-169.06795;19.40174;      -0.12429;3.40584;1
-169.10125;19.40507;      -0.12426;3.40582;1
-169.13451;19.40840;      -0.12422;3.40580;1
-169.16774;19.41174;      -0.12418;3.40578;1
-169.20095;19.41507;      -0.12415;3.40576;1
-169.23411;19.41840;      -0.12411;3.40573;1
-169.26731;19.42173;      -0.12409;3.40571;1
-169.30057;19.42507;      -0.12409;3.40569;1
-169.33380;19.42840;      -0.12404;3.40567;1
-169.36701;19.43173;      -0.12399;3.40564;1
-169.40024;19.43507;      -0.12395;3.40562;1
-169.43356;19.43840;      -0.12389;3.40560;1
-169.46699;19.44173;      -0.12382;3.40558;1
-169.50045;19.44507;      -0.12376;3.40555;1
-169.53391;19.44840;      -0.12374;3.40553;1
-169.56727;19.45173;      -0.12363;3.40551;1
-169.60058;19.45507;      -0.12354;3.40549;1
-169.63390;19.45840;      -0.12347;3.40546;1
-169.66723;19.46173;      -0.12335;3.40544;1
-169.70048;19.46506;      -0.12331;3.40542;1
-169.73365;19.46840;      -0.12325;3.40540;1
-169.76678;19.47173;      -0.12316;3.40537;1
-169.80003;19.47506;      -0.12309;3.40535;1
-169.83333;19.47840;      -0.12301;3.40533;1
-169.86615;19.48173;      -0.12295;3.40531;1
-169.89984;19.48506;      -0.12290;3.40529;1
-169.93355;19.48840;      -0.12285;3.40526;1
-169.96723;19.49173;      -0.12279;3.40524;1
-169.99803;19.49506;      -0.12273;3.40522;1
-170.04301;19.49839;      -0.12267;3.40519;2
-170.08718;19.50173;      -0.12266;3.40516;2
-170.11772;19.50506;      -0.12261;3.40514;2
-170.15085;19.50839;      -0.12252;3.40512;2
-170.18421;19.51173;      -0.12242;3.40509;2
-170.21777;19.51506;      -0.12234;3.40507;2
-170.24962;19.51839;      -0.12233;3.40505;2
-170.27929;19.52173;      -0.12233;3.40503;2
-170.30652;19.52506;      -0.12233;3.40501;2
-170.33075;19.52839;      -0.12222;3.40499;2
-170.35140;19.53173;      -0.12210;3.40498;2
-170.36831;19.53506;      -0.12202;3.40497;2
-170.38137;19.53839;      -0.12173;3.40496;2
-170.39047;19.54172;      -0.12126;3.40495;2
-170.39555;19.54506;      -0.12065;3.40495;2
-170.39691;19.54839;      -0.11984;3.40495;2
-170.39455;19.55172;      -0.11885;3.40495;2
-170.38847;19.55506;      -0.11757;3.40495;2
-170.37903;19.55839;      -0.11602;3.40496;2
-170.36629;19.56172;      -0.11420;3.40497;2
-170.35039;19.56506;      -0.11211;3.40498;2
-170.33155;19.56839;      -0.10982;3.40499;2
-170.30984;19.57172;      -0.10731;3.40501;2
-170.28546;19.57506;      -0.10457;3.40502;2
-170.25859;19.57839;      -0.10169;3.40504;2
-170.22947;19.58172;-9.859649e-002;3.40506;2
-170.19823;19.58505;-9.527668e-002;3.40508;2
-170.16501;19.58839;-9.175625e-002;3.40511;2
-170.12982;19.59172;-8.810365e-002;3.40513;2
-170.09367;19.59505;-8.420049e-002;3.40515;2
-170.05346;19.59839;-8.017732e-002;3.40518;2
-170.02393;19.60172;-7.605193e-002;3.40520;2
-170.00422;19.60505;-7.174342e-002;3.40521;2
-169.98052;19.60839;-6.734208e-002;3.40523;2
-169.95597;19.61172;-6.289692e-002;3.40525;2
-169.92977;19.61505;-5.843806e-002;3.40526;2
-169.90206;19.61839;-5.380763e-002;3.40528;2
-169.87281;19.62172;-4.920122e-002;3.40530;2
-169.84195;19.62505;-4.452841e-002;3.40532;2
-169.80960;19.62838;-3.976710e-002;3.40535;2
-169.77578;19.63172;-3.506868e-002;3.40537;2
-169.74042;19.63505;-3.032865e-002;3.40539;2
-169.70370;19.63838;-2.558628e-002;3.40542;2
-169.66557;19.64172;-2.090902e-002;3.40544;2
-169.62612;19.64505;-1.627922e-002;3.40547;2
-169.58542;19.64838;-1.157311e-002;3.40550;2
-169.54345;19.65172;-6.873550e-003;3.40553;2
-169.50030;19.65505;-2.235046e-003;3.40555;2
-169.45600;19.65838; 2.351525e-003;3.40558;2
-169.41063;19.66171; 6.929628e-003;3.40561;2
-169.36426;19.66505; 1.146561e-002;3.40565;2
-169.31694;19.66838; 1.598037e-002;3.40568;2
-169.26875;19.67171; 2.050992e-002;3.40571;2
-169.21976;19.67505; 2.488200e-002;3.40574;2
-169.16998;19.67838; 2.913329e-002;3.40578;2
-169.11956;19.68171; 3.332348e-002;3.40581;2
-169.06856;19.68505; 3.751975e-002;3.40584;2
-169.01695;19.68838; 4.173952e-002;3.40588;2
-168.96481;19.69171; 4.573013e-002;3.40591;2
-168.91220;19.69505; 4.958264e-002;3.40595;2
-168.85914;19.69838; 5.354154e-002;3.40598;2
-168.80569;19.70171; 5.742623e-002;3.40602;2
-168.75191;19.70504; 6.117540e-002;3.40606;2
-168.69788;19.70838; 6.480509e-002;3.40609;2
-168.64364;19.71171; 6.837721e-002;3.40613;2
-168.58919;19.71504; 7.193517e-002;3.40617;2
-168.53459;19.71838; 7.528836e-002;3.40620;2
-168.47986;19.72171; 7.855281e-002;3.40624;2
-168.42502;19.72504; 8.183702e-002;3.40627;2
-168.37018;19.72838; 8.505450e-002;3.40631;2
-168.31532;19.73171; 8.815247e-002;3.40635;2
-168.26046;19.73504; 9.112466e-002;3.40638;2
-168.20565;19.73838; 9.401178e-002;3.40642;2
-168.15091;19.74171; 9.683760e-002;3.40646;2
-168.09627;19.74504; 9.949428e-002;3.40649;2
-168.04178;19.74837;       0.10203;3.40653;2
-167.98746;19.75171;       0.10465;3.40657;2
-167.93331;19.75504;       0.10718;3.40660;2
-167.87933;19.75837;       0.10955;3.40664;2
-167.82557;19.76171;       0.11181;3.40667;2
-167.77204;19.76504;       0.11400;3.40671;2
-167.71872;19.76837;       0.11616;3.40674;2
-167.66570;19.77171;       0.11823;3.40678;2
-167.61300;19.77504;       0.12021;3.40681;2
-167.56058;19.77837;       0.12191;3.40685;2
-167.50847;19.78170;       0.12356;3.40688;2
-167.45668;19.78504;       0.12535;3.40692;2
-167.40521;19.78837;       0.12709;3.40695;2
-167.35409;19.79170;       0.12867;3.40699;2
-167.30337;19.79504;       0.13008;3.40702;2
-167.25303;19.79837;       0.13147;3.40705;2
-167.20307;19.80170;       0.13280;3.40708;2
-167.15354;19.80504;       0.13393;3.40712;2
-167.10439;19.80837;       0.13506;3.40715;2
-167.05564;19.81170;       0.13622;3.40718;2
-167.00727;19.81504;       0.13727;3.40721;2
-166.95928;19.81837;       0.13823;3.40725;2
-166.91171;19.82170;       0.13913;3.40728;2
-166.86459;19.82503;       0.13986;3.40731;2
-166.81789;19.82837;       0.14050;3.40734;2
-166.77153;19.83170;       0.14115;3.40737;2
-166.72560;19.83503;       0.14180;3.40740;2
-166.68014;19.83837;       0.14240;3.40743;2
-166.63503;19.84170;       0.14289;3.40746;2
-166.59035;19.84503;       0.14338;3.40749;2
-166.54602;19.84837;       0.14384;3.40752;2
-166.50211;19.85170;       0.14420;3.40755;2
-166.45864;19.85503;       0.14450;3.40757;2
-166.41548;19.85837;       0.14479;3.40760;2
-166.37277;19.86170;       0.14502;3.40763;2
-166.33045;19.86503;       0.14519;3.40766;2
-166.28850;19.86836;       0.14531;3.40769;2
-166.24695;19.87170;       0.14542;3.40771;2
-166.20577;19.87503;       0.14556;3.40774;2
-166.16498;19.87836;       0.14568;3.40777;2
-166.12454;19.88170;       0.14571;3.40779;2
-166.08445;19.88503;       0.14564;3.40782;2
-166.04470;19.88836;       0.14553;3.40784;2
-166.00526;19.89170;       0.14539;3.40787;2
-165.96617;19.89503;       0.14527;3.40790;2
-165.92743;19.89836;       0.14517;3.40792;2
-165.88901;19.90170;       0.14501;3.40795;2
-165.85087;19.90503;       0.14478;3.40797;2
-165.81303;19.90836;       0.14454;3.40800;2
-165.77552;19.91169;       0.14429;3.40802;2
-165.73832;19.91503;       0.14399;3.40804;2
-165.70138;19.91836;       0.14370;3.40807;2
-165.66470;19.92169;       0.14343;3.40809;2
-165.62826;19.92503;       0.14309;3.40812;2
-165.59213;19.92836;       0.14268;3.40814;2
-165.55625;19.93169;       0.14224;3.40816;2
-165.52060;19.93503;       0.14187;3.40819;2
-165.48518;19.93836;       0.14148;3.40821;2
-165.45001;19.94169;       0.14111;3.40823;2
-165.41504;19.94502;       0.14072;3.40825;2
-165.38027;19.94836;       0.14020;3.40828;2
-165.34575;19.95169;       0.13968;3.40830;2
-165.31144;19.95502;       0.13922;3.40832;2
-165.27729;19.95836;       0.13878;3.40834;2
-165.24335;19.96169;       0.13831;3.40837;2
-165.20961;19.96502;       0.13782;3.40839;2
-165.17602;19.96836;       0.13728;3.40841;2
-165.14265;19.97169;       0.13680;3.40843;2
-165.10938;19.97502;       0.13638;3.40845;2
-165.07617;19.97836;       0.13587;3.40847;2
-165.04318;19.98169;       0.13533;3.40850;2
-165.01041;19.98502;       0.13486;3.40852;2
-164.97772;19.98835;       0.13444;3.40854;2
-164.94518;19.99169;       0.13402;3.40856;2
-164.91275;19.99502;       0.13356;3.40858;2
-164.88037;19.99835;       0.13309;3.40860;2
-164.84809;20.00169;       0.13266;3.40862;2
-164.81588;20.00502;       0.13230;3.40864;2
-164.78375;20.00835;       0.13195;3.40866;2
-164.75174;20.01169;       0.13157;3.40868;2
-164.71982;20.01502;       0.13120;3.40870;2
-164.68792;20.01835;       0.13077;3.40873;2
-164.65610;20.02169;       0.13025;3.40875;2
-164.62435;20.02502;       0.12976;3.40877;2
-164.59262;20.02835;       0.12931;3.40879;2
-164.56099;20.03168;       0.12890;3.40881;2
-164.52939;20.03502;       0.12853;3.40883;2
-164.49781;20.03835;       0.12817;3.40885;2
-164.46628;20.04168;       0.12779;3.40887;2
-164.43484;20.04502;       0.12738;3.40889;2
-164.40341;20.04835;       0.12706;3.40891;2
-164.37204;20.05168;       0.12674;3.40893;2
-164.34068;20.05502;       0.12636;3.40895;2
-164.30928;20.05835;       0.12602;3.40897;2
-164.27795;20.06168;       0.12568;3.40899;2
-164.24661;20.06501;       0.12534;3.40901;2
-164.21524;20.06835;       0.12506;3.40903;2
-164.18390;20.07168;       0.12478;3.40905;2
-164.15258;20.07501;       0.12449;3.40907;2
-164.12119;20.07835;       0.12420;3.40909;2
-164.08978;20.08168;       0.12388;3.40911;2
-164.05839;20.08501;       0.12354;3.40913;2
-164.02696;20.08835;       0.12321;3.40915;2
-163.99553;20.09168;       0.12285;3.40917;2
-163.96410;20.09501;       0.12255;3.40919;2
-163.93262;20.09835;       0.12236;3.40921;2
-163.90108;20.10168;       0.12219;3.40923;2
-163.86957;20.10501;       0.12199;3.40925;2
-163.83802;20.10834;       0.12186;3.40927;2
-163.80643;20.11168;       0.12175;3.40929;2
-163.77482;20.11501;       0.12155;3.40931;2
-163.74317;20.11834;       0.12136;3.40933;2
-163.71145;20.12168;       0.12117;3.40935;2
-163.67968;20.12501;       0.12098;3.40937;2
-163.64790;20.12834;       0.12079;3.40939;2
-163.61608;20.13168;       0.12065;3.40941;2
-163.58422;20.13501;       0.12056;3.40943;2
-163.55229;20.13834;       0.12041;3.40945;2
-163.52033;20.14168;       0.12029;3.40947;2
-163.48835;20.14501;       0.12022;3.40949;2
-163.45633;20.14834;       0.12014;3.40952;2
-163.42427;20.15167;       0.12006;3.40954;2
-163.39218;20.15501;       0.11993;3.40956;2
-163.36004;20.15834;       0.11978;3.40958;2
-163.32790;20.16167;       0.11969;3.40960;2
-163.29571;20.16501;       0.11966;3.40962;2
-163.26349;20.16834;       0.11972;3.40964;2
-163.23121;20.17167;       0.11982;3.40966;2
-163.19887;20.17501;       0.11986;3.40968;2
-163.16656;20.17834;       0.11989;3.40970;2
-163.13424;20.18167;       0.11989;3.40972;2
-163.10182;20.18501;       0.11983;3.40974;2
-163.06934;20.18834;       0.11977;3.40976;2
-163.03681;20.19167;       0.11972;3.40978;2
-163.00425;20.19500;       0.11968;3.40980;2
-162.97165;20.19834;       0.11970;3.40982;2
-162.93903;20.20167;       0.11975;3.40984;2
-162.90635;20.20500;       0.11978;3.40987;2
-162.87363;20.20834;       0.11981;3.40989;2
-162.84092;20.21167;       0.11983;3.40991;2
-162.80809;20.21500;       0.11986;3.40993;2
-162.77523;20.21834;       0.11988;3.40995;2
-162.74238;20.22167;       0.11990;3.40997;2
-162.70945;20.22500;       0.11992;3.40999;2
-162.67653;20.22833;       0.11991;3.41001;2
-162.64353;20.23167;       0.11993;3.41003;2
-162.61045;20.23500;       0.11996;3.41005;2
-162.57738;20.23833;       0.11999;3.41007;2
-162.54430;20.24167;       0.12004;3.41010;2
-162.51117;20.24500;       0.12009;3.41012;2
-162.47799;20.24833;       0.12020;3.41014;2
-162.44480;20.25167;       0.12033;3.41016;2
-162.41157;20.25500;       0.12041;3.41018;2
-162.37829;20.25833;       0.12047;3.41020;2
-162.34500;20.26167;       0.12056;3.41022;2
-162.31168;20.26500;       0.12070;3.41024;2
-162.27835;20.26833;       0.12077;3.41026;2
-162.24502;20.27166;       0.12079;3.41028;2
-162.21167;20.27500;       0.12081;3.41031;2
-162.17828;20.27833;       0.12094;3.41033;2
-162.14490;20.28166;       0.12107;3.41035;2
-162.11150;20.28500;       0.12115;3.41037;2
-162.07807;20.28833;       0.12125;3.41039;2
-162.04461;20.29166;       0.12133;3.41041;2
-162.01109;20.29500;       0.12142;3.41043;2
-161.97755;20.29833;       0.12153;3.41045;2
-161.94400;20.30166;       0.12159;3.41047;2
-161.91047;20.30500;       0.12166;3.41050;2
-161.87687;20.30833;       0.12175;3.41052;2
-161.84324;20.31166;       0.12184;3.41054;2
-161.80963;20.31499;       0.12191;3.41056;2
-161.77598;20.31833;       0.12199;3.41058;2
-161.74233;20.32166;       0.12211;3.41060;2
-161.70871;20.32499;       0.12222;3.41062;2
-161.67511;20.32833;       0.12233;3.41064;2
-161.64148;20.33166;       0.12243;3.41066;2
-161.60780;20.33499;       0.12252;3.41069;2
-161.57410;20.33833;       0.12265;3.41071;2
-161.54042;20.34166;       0.12279;3.41073;2
-161.50671;20.34499;       0.12290;3.41075;2
-161.47301;20.34832;       0.12299;3.41077;2
-161.43933;20.35166;       0.12306;3.41079;2
-161.40566;20.35499;       0.12315;3.41081;2
-161.37196;20.35832;       0.12324;3.41083;2
-161.33825;20.36166;       0.12333;3.41085;2
-161.30451;20.36499;       0.12345;3.41088;2
-161.27077;20.36832;       0.12355;3.41090;2
-161.23704;20.37166;       0.12366;3.41092;2
-161.20333;20.37499;       0.12381;3.41094;2
-161.16959;20.37832;       0.12393;3.41096;2
-161.13582;20.38166;       0.12404;3.41098;2
-161.10207;20.38499;       0.12409;3.41100;2
-161.06833;20.38832;       0.12411;3.41102;2
-161.03455;20.39165;       0.12418;3.41104;2
-161.00079;20.39499;       0.12431;3.41107;2
-160.96701;20.39832;       0.12446;3.41109;2
-160.93319;20.40165;       0.12458;3.41111;2
-160.89945;20.40499;       0.12467;3.41113;2
-160.86576;20.40832;       0.12477;3.41115;2
-160.83204;20.41165;       0.12491;3.41117;2
-160.79829;20.41499;       0.12498;3.41119;2
-160.76456;20.41832;       0.12499;3.41121;2
-160.73082;20.42165;       0.12502;3.41123;2
-160.69710;20.42499;       0.12508;3.41125;2
-160.66338;20.42832;       0.12516;3.41128;2
-160.62966;20.43165;       0.12529;3.41130;2
-160.59599;20.43498;       0.12549;3.41132;2
-160.56233;20.43832;       0.12571;3.41134;2
-160.52868;20.44165;       0.12586;3.41136;2
-160.49502;20.44498;       0.12599;3.41138;2
-160.46134;20.44832;       0.12610;3.41140;2
-160.42766;20.45165;       0.12620;3.41142;2
-160.39400;20.45498;       0.12630;3.41144;2
-160.36033;20.45832;       0.12640;3.41146;2
-160.32665;20.46165;       0.12649;3.41148;2
-160.29296;20.46498;       0.12660;3.41151;2
-160.25932;20.46832;       0.12670;3.41153;2
-160.22565;20.47165;       0.12679;3.41155;2
-160.19199;20.47498;       0.12690;3.41157;2
-160.15832;20.47831;       0.12697;3.41159;2
-160.12456;20.48165;       0.12697;3.41161;2
-160.09083;20.48498;       0.12698;3.41163;2
-160.05710;20.48831;       0.12705;3.41165;2
-160.02338;20.49165;       0.12709;3.41167;2
-159.98968;20.49498;       0.12709;3.41169;2
-159.95595;20.49831;       0.12708;3.41171;2
-159.92221;20.50165;       0.12711;3.41173;2
-159.88848;20.50498;       0.12716;3.41176;2
-159.85471;20.50831;       0.12724;3.41178;2
-159.82095;20.51164;       0.12732;3.41180;2
-159.78720;20.51498;       0.12742;3.41182;2
-159.75344;20.51831;       0.12749;3.41184;2
-159.71966;20.52164;       0.12757;3.41186;2
-159.68585;20.52498;       0.12767;3.41188;2
-159.65206;20.52831;       0.12775;3.41190;2
-159.61821;20.53164;       0.12784;3.41192;2
-159.58437;20.53498;       0.12791;3.41194;2
-159.55055;20.53831;       0.12797;3.41196;2
-159.51670;20.54164;       0.12804;3.41198;2
-159.48279;20.54498;       0.12813;3.41201;2
-159.44893;20.54831;       0.12821;3.41203;2
-159.41502;20.55164;       0.12829;3.41205;2
-159.38104;20.55497;       0.12835;3.41207;2
-159.34702;20.55831;       0.12842;3.41209;2
-159.31296;20.56164;       0.12850;3.41211;2
-159.27886;20.56497;       0.12856;3.41213;2
-159.24473;20.56831;       0.12860;3.41215;2
-159.21056;20.57164;       0.12865;3.41217;2
-159.17630;20.57497;       0.12872;3.41219;2
-159.14200;20.57831;       0.12878;3.41221;2
-159.10772;20.58164;       0.12894;3.41224;2
-159.07333;20.58497;       0.12913;3.41226;2
-159.03886;20.58831;       0.12920;3.41228;2
-159.00439;20.59164;       0.12930;3.41230;2
-158.96985;20.59497;       0.12942;3.41232;2
-158.93526;20.59830;       0.12951;3.41234;2
-158.90062;20.60164;       0.12957;3.41236;2
-158.86589;20.60497;       0.12962;3.41238;2
-158.83107;20.60830;       0.12969;3.41241;2
-158.79620;20.61164;       0.12976;3.41243;2
-158.76132;20.61497;       0.12984;3.41245;2
-158.72638;20.61830;       0.12992;3.41247;2
-158.69136;20.62164;       0.13006;3.41249;2
-158.65629;20.62497;       0.13025;3.41251;2
-158.62117;20.62830;       0.13035;3.41253;2
-158.58597;20.63163;       0.13046;3.41256;2
-158.55068;20.63497;       0.13057;3.41258;2
-158.51540;20.63830;       0.13079;3.41260;2
-158.48010;20.64163;       0.13105;3.41262;2
-158.44472;20.64497;       0.13124;3.41264;2
-158.40933;20.64830;       0.13145;3.41266;2
-158.37391;20.65163;       0.13168;3.41268;2
-158.33841;20.65497;       0.13192;3.41271;2
-158.30286;20.65830;       0.13220;3.41273;2
-158.26728;20.66163;       0.13249;3.41275;2
-158.23167;20.66497;       0.13274;3.41277;2
-158.19600;20.66830;       0.13297;3.41279;2
-158.16029;20.67163;       0.13320;3.41281;2
-158.12464;20.67496;       0.13343;3.41284;2
-158.08894;20.67830;       0.13366;3.41286;2
-158.05319;20.68163;       0.13390;3.41288;2
-158.01750;20.68496;       0.13406;3.41290;2
-157.98178;20.68830;       0.13423;3.41292;2
-157.94602;20.69163;       0.13445;3.41294;2
-157.91022;20.69496;       0.13466;3.41297;2
-157.87440;20.69830;       0.13489;3.41299;2
-157.83863;20.70163;       0.13511;3.41301;2
-157.80287;20.70496;       0.13534;3.41303;2
-157.76708;20.70830;       0.13558;3.41305;2
-157.73131;20.71163;       0.13580;3.41307;2
-157.69557;20.71496;       0.13602;3.41310;2
-157.65982;20.71829;       0.13626;3.41312;2
-157.62405;20.72163;       0.13648;3.41314;2
-157.58830;20.72496;       0.13675;3.41316;2
-157.55255;20.72829;       0.13707;3.41318;2
-157.51677;20.73163;       0.13729;3.41320;2
-157.48105;20.73496;       0.13742;3.41323;2
-157.44535;20.73829;       0.13755;3.41325;2
-157.40961;20.74163;       0.13763;3.41327;2
-157.37393;20.74496;       0.13774;3.41329;2
-157.33835;20.74829;       0.13781;3.41331;2
-157.30276;20.75163;       0.13782;3.41333;2
-157.26721;20.75496;       0.13787;3.41335;2
-157.23172;20.75829;       0.13796;3.41338;2
-157.19629;20.76162;       0.13812;3.41340;2
-157.16094;20.76496;       0.13825;3.41342;2
-157.12563;20.76829;       0.13832;3.41344;2
-157.09040;20.77162;       0.13839;3.41346;2
-157.05521;20.77496;       0.13848;3.41348;2
-157.02005;20.77829;       0.13859;3.41350;2
-156.98497;20.78162;       0.13868;3.41352;2
-156.94992;20.78496;       0.13875;3.41355;2
-156.91497;20.78829;       0.13883;3.41357;2
-156.88013;20.79162;       0.13890;3.41359;2
-156.84528;20.79495;       0.13896;3.41361;2
-156.81047;20.79829;       0.13902;3.41363;2
-156.77571;20.80162;       0.13900;3.41365;2
-156.74106;20.80495;       0.13890;3.41367;2
-156.70654;20.80829;       0.13888;3.41369;2
-156.67210;20.81162;       0.13888;3.41371;2
-156.63770;20.81495;       0.13883;3.41373;2
-156.60335;20.81829;       0.13880;3.41375;2
-156.56909;20.82162;       0.13879;3.41377;2
-156.53496;20.82495;       0.13880;3.41379;2
-156.50091;20.82829;       0.13882;3.41381;2
-156.46691;20.83162;       0.13881;3.41383;2
-156.43301;20.83495;       0.13878;3.41385;2
-156.39920;20.83828;       0.13875;3.41388;2
-156.36541;20.84162;       0.13872;3.41390;2
-156.33168;20.84495;       0.13869;3.41392;2
-156.29802;20.84828;       0.13867;3.41394;2
-156.26438;20.85162;       0.13866;3.41396;2
-156.23075;20.85495;       0.13867;3.41398;2
-156.19720;20.85828;       0.13863;3.41400;2
-156.16369;20.86162;       0.13854;3.41402;2
-156.13028;20.86495;       0.13849;3.41404;2
-156.09694;20.86828;       0.13846;3.41406;2
-156.06365;20.87162;       0.13839;3.41408;2
-156.03042;20.87495;       0.13830;3.41410;2
-155.99717;20.87828;       0.13821;3.41412;2
-155.96400;20.88161;       0.13812;3.41413;2
-155.93093;20.88495;       0.13803;3.41415;2
-155.89789;20.88828;       0.13793;3.41417;2
-155.86492;20.89161;       0.13785;3.41419;2
-155.83203;20.89495;       0.13777;3.41421;2
-155.79916;20.89828;       0.13769;3.41423;2
-155.76631;20.90161;       0.13763;3.41425;2
-155.73351;20.90495;       0.13755;3.41427;2
-155.70075;20.90828;       0.13744;3.41429;2
-155.66805;20.91161;       0.13735;3.41431;2
-155.63539;20.91494;       0.13730;3.41433;2
-155.60275;20.91828;       0.13724;3.41435;2
-155.57013;20.92161;       0.13716;3.41437;2
-155.53756;20.92494;       0.13702;3.41439;2
-155.50501;20.92828;       0.13684;3.41441;2
-155.47244;20.93161;       0.13670;3.41443;2
-155.43996;20.93494;       0.13657;3.41445;2
-155.40746;20.93828;       0.13647;3.41446;2
-155.37499;20.94161;       0.13637;3.41448;2
-155.34257;20.94494;       0.13630;3.41450;2
-155.31019;20.94828;       0.13622;3.41452;2
-155.27784;20.95161;       0.13610;3.41454;2
-155.24549;20.95494;       0.13595;3.41456;2
-155.21316;20.95827;       0.13583;3.41458;2
-155.18084;20.96161;       0.13571;3.41460;2
-155.14857;20.96494;       0.13559;3.41462;2
-155.11632;20.96827;       0.13550;3.41464;2
-155.08411;20.97161;       0.13544;3.41466;2
-155.05187;20.97494;       0.13542;3.41467;2
-155.01966;20.97827;       0.13537;3.41469;2
-154.98752;20.98161;       0.13528;3.41471;2
-154.95535;20.98494;       0.13521;3.41473;2
-154.92321;20.98827;       0.13517;3.41475;2
-154.89112;20.99161;       0.13511;3.41477;2
-154.85906;20.99494;       0.13503;3.41479;2
-154.82702;20.99827;       0.13498;3.41481;2
-154.79502;21.00160;       0.13491;3.41483;2
-154.76307;21.00494;       0.13483;3.41485;2
-154.73112;21.00827;       0.13478;3.41486;2
-154.69917;21.01160;       0.13472;3.41488;2
-154.66722;21.01494;       0.13461;3.41490;2
-154.63527;21.01827;       0.13451;3.41492;2
-154.60332;21.02160;       0.13450;3.41494;2
-154.57133;21.02494;       0.13451;3.41496;2
-154.53934;21.02827;       0.13442;3.41498;2
-154.50739;21.03160;       0.13435;3.41500;2
-154.47544;21.03494;       0.13426;3.41501;2
-154.44354;21.03827;       0.13420;3.41503;2
-154.41163;21.04160;       0.13420;3.41505;2
-154.37970;21.04493;       0.13413;3.41507;2
-154.34779;21.04827;       0.13404;3.41509;2
-154.31587;21.05160;       0.13399;3.41511;2
-154.28397;21.05493;       0.13396;3.41513;2
-154.25210;21.05827;       0.13392;3.41514;2
-154.22022;21.06160;       0.13387;3.41516;2
-154.18836;21.06493;       0.13386;3.41518;2
-154.15647;21.06827;       0.13384;3.41520;2
-154.12452;21.07160;       0.13377;3.41522;2
-154.09263;21.07493;       0.13371;3.41524;2
-154.06075;21.07826;       0.13371;3.41526;2
-154.02890;21.08160;       0.13370;3.41528;2
-153.99703;21.08493;       0.13368;3.41529;2
-153.96520;21.08826;       0.13366;3.41531;2
-153.93338;21.09160;       0.13366;3.41533;2
-153.90151;21.09493;       0.13366;3.41535;2
-153.86962;21.09826;       0.13366;3.41537;2
-153.83779;21.10160;       0.13370;3.41539;2
-153.80595;21.10493;       0.13374;3.41541;2
-153.77406;21.10826;       0.13381;3.41542;2
-153.74219;21.11160;       0.13390;3.41544;2
-153.71033;21.11493;       0.13392;3.41546;2
-153.67842;21.11826;       0.13395;3.41548;2
-153.64647;21.12159;       0.13396;3.41550;2
-153.61455;21.12493;       0.13394;3.41552;2
-153.58260;21.12826;       0.13392;3.41554;2
-153.55065;21.13159;       0.13393;3.41555;2
-153.51870;21.13493;       0.13394;3.41557;2
-153.48668;21.13826;       0.13395;3.41559;2
-153.45464;21.14159;       0.13398;3.41561;2
-153.42257;21.14493;       0.13399;3.41563;2
-153.39051;21.14826;       0.13404;3.41565;2
-153.35841;21.15159;       0.13410;3.41567;2
-153.32623;21.15493;       0.13414;3.41568;2
-153.29405;21.15826;       0.13414;3.41570;2
-153.26181;21.16159;       0.13411;3.41572;2
-153.22957;21.16492;       0.13409;3.41574;2
-153.19732;21.16826;       0.13413;3.41576;2
-153.16499;21.17159;       0.13422;3.41578;2
-153.13263;21.17492;       0.13429;3.41580;2
-153.10029;21.17826;       0.13434;3.41581;2
-153.06789;21.18159;       0.13434;3.41583;2
-153.03549;21.18492;       0.13435;3.41585;2
-153.00305;21.18826;       0.13435;3.41587;2
-152.97055;21.19159;       0.13434;3.41589;2
-152.93805;21.19492;       0.13437;3.41591;2
-152.90548;21.19826;       0.13443;3.41593;2
-152.87291;21.20159;       0.13448;3.41595;2
-152.84037;21.20492;       0.13452;3.41596;2
-152.80781;21.20825;       0.13461;3.41598;2
-152.77520;21.21159;       0.13461;3.41600;2
-152.74258;21.21492;       0.13461;3.41602;2
-152.70994;21.21825;       0.13467;3.41604;2
-152.67731;21.22159;       0.13476;3.41606;2
-152.64464;21.22492;       0.13485;3.41608;2
-152.61198;21.22825;       0.13490;3.41610;2
-152.57935;21.23159;       0.13494;3.41612;2
-152.54668;21.23492;       0.13501;3.41613;2
-152.51400;21.23825;       0.13509;3.41615;2
-152.48124;21.24158;       0.13516;3.41617;2
-152.44850;21.24492;       0.13522;3.41619;2
-152.41571;21.24825;       0.13527;3.41621;2
-152.38288;21.25158;       0.13533;3.41623;2
-152.35006;21.25492;       0.13539;3.41625;2
-152.31724;21.25825;       0.13545;3.41627;2
-152.28443;21.26158;       0.13551;3.41628;2
-152.25164;21.26492;       0.13560;3.41630;2
-152.21879;21.26825;       0.13573;3.41632;2
-152.18595;21.27158;       0.13587;3.41634;2
-152.15317;21.27492;       0.13598;3.41636;2
-152.12036;21.27825;       0.13600;3.41638;2
-152.08754;21.28158;       0.13614;3.41640;2
-152.05469;21.28491;       0.13637;3.41642;2
-152.02184;21.28825;       0.13650;3.41644;2
-151.98893;21.29158;       0.13664;3.41645;2
-151.95601;21.29491;       0.13682;3.41647;2
-151.92309;21.29825;       0.13696;3.41649;2
-151.89015;21.30158;       0.13709;3.41651;2
-151.85721;21.30491;       0.13722;3.41653;2
-151.82429;21.30825;       0.13734;3.41655;2
-151.79146;21.31158;       0.13747;3.41657;2
-151.75858;21.31491;       0.13756;3.41659;2
-151.72563;21.31825;       0.13767;3.41660;2
-151.69273;21.32158;       0.13779;3.41662;2
-151.65984;21.32491;       0.13788;3.41664;2
-151.62693;21.32824;       0.13800;3.41666;2
-151.59407;21.33158;       0.13810;3.41668;2
-151.56116;21.33491;       0.13820;3.41670;2
-151.52830;21.33824;       0.13830;3.41672;2
-151.49551;21.34158;       0.13835;3.41674;2
-151.46276;21.34491;       0.13835;3.41675;2
-151.43004;21.34824;       0.13837;3.41677;2
-151.39736;21.35158;       0.13845;3.41679;2
-151.36468;21.35491;       0.13858;3.41681;2
-151.33198;21.35824;       0.13870;3.41683;2
-151.29934;21.36157;       0.13880;3.41685;2
-151.26674;21.36491;       0.13890;3.41687;2
-151.23415;21.36824;       0.13901;3.41688;2
-151.20155;21.37157;       0.13910;3.41690;2
-151.16893;21.37491;       0.13921;3.41692;2
-151.13631;21.37824;       0.13928;3.41694;2
-151.10367;21.38157;       0.13932;3.41696;2
-151.07108;21.38491;       0.13938;3.41698;2
-151.03844;21.38824;       0.13945;3.41699;2
-151.00582;21.39157;       0.13949;3.41701;2
-150.97320;21.39491;       0.13951;3.41703;2
-150.94051;21.39824;       0.13952;3.41705;2
-150.90787;21.40157;       0.13954;3.41707;2
-150.87521;21.40490;       0.13959;3.41709;2
-150.84251;21.40824;       0.13958;3.41711;2
-150.80981;21.41157;       0.13957;3.41712;2
-150.77710;21.41490;       0.13960;3.41714;2
-150.74434;21.41824;       0.13959;3.41716;2
-150.71156;21.42157;       0.13957;3.41718;2
-150.67874;21.42490;       0.13960;3.41720;2
-150.64591;21.42824;       0.13964;3.41722;2
-150.61303;21.43157;       0.13969;3.41724;2
-150.58009;21.43490;       0.13976;3.41725;2
-150.54708;21.43824;       0.13984;3.41727;2
-150.51405;21.44157;       0.13992;3.41729;2
-150.48102;21.44490;       0.14000;3.41731;2
-150.44794;21.44823;       0.14009;3.41733;2
-150.41488;21.45157;       0.14017;3.41735;2
-150.38181;21.45490;       0.14024;3.41737;2
-150.34866;21.45823;       0.14028;3.41738;2
-150.31547;21.46157;       0.14033;3.41740;2
-150.28223;21.46490;       0.14037;3.41742;2
-150.24895;21.46823;       0.14043;3.41744;2
-150.21565;21.47157;       0.14051;3.41746;2
-150.18233;21.47490;       0.14058;3.41748;2
-150.14897;21.47823;       0.14063;3.41750;2
-150.11558;21.48157;       0.14071;3.41752;2
-150.08214;21.48490;       0.14077;3.41753;2
-150.04865;21.48823;       0.14082;3.41755;2
-150.01513;21.49156;       0.14090;3.41757;2
-149.98159;21.49490;       0.14102;3.41759;2
-149.94800;21.49823;       0.14112;3.41761;2
-149.91438;21.50156;       0.14125;3.41763;2
-149.88077;21.50490;       0.14148;3.41765;2
-149.84711;21.50823;       0.14167;3.41767;2
-149.81336;21.51156;       0.14178;3.41768;2
-149.77953;21.51490;       0.14192;3.41770;2
-149.74565;21.51823;       0.14208;3.41772;2
-149.71177;21.52156;       0.14227;3.41774;2
-149.67785;21.52489;       0.14247;3.41776;2
-149.64387;21.52823;       0.14266;3.41778;2
-149.60988;21.53156;       0.14287;3.41780;2
-149.57584;21.53489;       0.14304;3.41782;2
-149.54181;21.53823;       0.14318;3.41784;2
-149.50775;21.54156;       0.14328;3.41786;2
-149.47362;21.54489;       0.14339;3.41787;2
-149.43948;21.54823;       0.14362;3.41789;2
-149.40530;21.55156;       0.14384;3.41791;2
-149.37104;21.55489;       0.14398;3.41793;2
-149.33677;21.55823;       0.14414;3.41795;2
-149.30252;21.56156;       0.14431;3.41797;2
-149.26818;21.56489;       0.14447;3.41799;2
-149.23383;21.56822;       0.14466;3.41801;2
-149.19947;21.57156;       0.14485;3.41803;2
-149.16510;21.57489;       0.14501;3.41805;2
-149.13078;21.57822;       0.14519;3.41807;2
-149.09643;21.58156;       0.14538;3.41808;2
-149.06210;21.58489;       0.14557;3.41810;2
-149.02774;21.58822;       0.14578;3.41812;2
-148.99340;21.59156;       0.14596;3.41814;2
-148.95908;21.59489;       0.14614;3.41816;2
-148.92478;21.59822;       0.14627;3.41818;2
-148.89049;21.60156;       0.14636;3.41820;2
-148.85618;21.60489;       0.14653;3.41822;2
-148.82186;21.60822;       0.14673;3.41824;2
-148.78758;21.61155;       0.14699;3.41826;2
-148.75335;21.61489;       0.14724;3.41827;2
-148.71911;21.61822;       0.14742;3.41829;2
-148.68494;21.62155;       0.14757;3.41831;2
-148.65081;21.62489;       0.14770;3.41833;2
-148.61669;21.62822;       0.14777;3.41835;2
-148.58264;21.63155;       0.14783;3.41837;2
-148.54865;21.63489;       0.14794;3.41839;2
-148.51474;21.63822;       0.14805;3.41841;2
-148.48087;21.64155;       0.14818;3.41842;2
-148.44703;21.64488;       0.14832;3.41844;2
-148.41325;21.64822;       0.14846;3.41846;2
-148.37949;21.65155;       0.14860;3.41848;2
-148.34577;21.65488;       0.14873;3.41850;2
-148.31211;21.65822;       0.14882;3.41852;2
-148.27858;21.66155;       0.14893;3.41854;2
-148.24510;21.66488;       0.14907;3.41855;2
-148.21169;21.66822;       0.14920;3.41857;2
-148.17835;21.67155;       0.14930;3.41859;2
-148.14504;21.67488;       0.14939;3.41861;2
-148.11177;21.67822;       0.14947;3.41863;2
-148.07858;21.68155;       0.14957;3.41865;2
-148.04544;21.68488;       0.14972;3.41866;2
-148.01231;21.68821;       0.14984;3.41868;2
-147.97928;21.69155;       0.14992;3.41870;2
-147.94630;21.69488;       0.14992;3.41872;2
-147.91338;21.69821;       0.14990;3.41874;2
-147.88049;21.70155;       0.14995;3.41876;2
-147.84765;21.70488;       0.14999;3.41877;2
-147.81484;21.70821;       0.15002;3.41879;2
-147.78206;21.71155;       0.15006;3.41881;2
-147.74939;21.71488;       0.15010;3.41883;2
-147.71674;21.71821;       0.15013;3.41884;2
-147.68418;21.72155;       0.15016;3.41886;2
-147.65170;21.72488;       0.15020;3.41888;2
-147.61925;21.72821;       0.15020;3.41890;2
-147.58684;21.73154;       0.15021;3.41892;2
-147.55448;21.73488;       0.15024;3.41893;2
-147.52215;21.73821;       0.15026;3.41895;2
-147.48982;21.74154;       0.15026;3.41897;2
-147.45752;21.74488;       0.15026;3.41899;2
-147.42522;21.74821;       0.15026;3.41900;2
-147.39297;21.75154;       0.15023;3.41902;2
-147.36071;21.75488;       0.15022;3.41904;2
-147.32844;21.75821;       0.15023;3.41906;2
-147.29622;21.76154;       0.15022;3.41907;2
-147.26397;21.76488;       0.15025;3.41909;2
-147.23175;21.76821;       0.15027;3.41911;2
-147.19956;21.77154;       0.15026;3.41913;2
-147.16739;21.77487;       0.15023;3.41914;2
-147.13519;21.77821;       0.15011;3.41916;2
-147.10299;21.78154;       0.14996;3.41918;2
-147.07084;21.78487;       0.14989;3.41920;2
-147.03862;21.78821;       0.14986;3.41921;2
-147.00639;21.79154;       0.14981;3.41923;2
-146.97423;21.79487;       0.14984;3.41925;2
-146.94204;21.79821;       0.14994;3.41927;2
-146.90985;21.80154;       0.14998;3.41928;2
-146.87769;21.80487;       0.14994;3.41930;2
-146.84554;21.80820;       0.14990;3.41932;2
-146.81342;21.81154;       0.14989;3.41934;2
-146.78125;21.81487;       0.14988;3.41935;2
-146.74896;21.81820;       0.14982;3.41937;2
-146.71670;21.82154;       0.14968;3.41939;2
-146.68438;21.82487;       0.14954;3.41941;2
-146.65206;21.82820;       0.14947;3.41942;2
-146.61976;21.83154;       0.14946;3.41944;2
-146.58742;21.83487;       0.14950;3.41946;2
-146.55504;21.83820;       0.14956;3.41948;2
-146.52258;21.84154;       0.14957;3.41949;2
-146.49013;21.84487;       0.14955;3.41951;2
-146.45766;21.84820;       0.14953;3.41953;2
-146.42512;21.85153;       0.14952;3.41955;2
-146.39262;21.85487;       0.14951;3.41956;2
-146.36008;21.85820;       0.14949;3.41958;2
-146.32745;21.86153;       0.14948;3.41960;2
-146.29475;21.86487;       0.14949;3.41962;2
-146.26208;21.86820;       0.14949;3.41964;2
-146.22936;21.87153;       0.14948;3.41965;2
-146.19656;21.87487;       0.14948;3.41967;2
-146.16377;21.87820;       0.14947;3.41969;2
-146.13097;21.88153;       0.14949;3.41971;2
-146.09813;21.88487;       0.14950;3.41972;2
-146.06522;21.88820;       0.14948;3.41974;2
-146.03227;21.89153;       0.14948;3.41976;2
-145.99930;21.89486;       0.14949;3.41978;2
-145.96632;21.89820;       0.14954;3.41979;2
-145.93328;21.90153;       0.14964;3.41981;2
-145.90025;21.90486;       0.14974;3.41983;2
-145.86715;21.90820;       0.14986;3.41985;2
-145.83400;21.91153;       0.14999;3.41987;2
-145.80080;21.91486;       0.15008;3.41988;2
-145.76755;21.91820;       0.15016;3.41990;2
-145.73430;21.92153;       0.15027;3.41992;2
-145.70100;21.92486;       0.15036;3.41994;2
-145.66767;21.92819;       0.15046;3.41995;2
-145.63431;21.93153;       0.15055;3.41997;2
-145.60093;21.93486;       0.15060;3.41999;2
-145.56753;21.93819;       0.15066;3.42001;2
-145.53407;21.94153;       0.15075;3.42003;2
-145.50060;21.94486;       0.15081;3.42004;2
-145.46714;21.94819;       0.15091;3.42006;2
-145.43367;21.95153;       0.15104;3.42008;2
-145.40019;21.95486;       0.15113;3.42010;2
-145.36671;21.95819;       0.15124;3.42012;2
-145.33327;21.96153;       0.15137;3.42013;2
-145.29977;21.96486;       0.15149;3.42015;2
-145.26630;21.96819;       0.15161;3.42017;2
-145.23286;21.97152;       0.15174;3.42019;2
-145.19936;21.97486;       0.15186;3.42020;2
-145.16585;21.97819;       0.15199;3.42022;2
-145.13235;21.98152;       0.15211;3.42024;2
-145.09882;21.98486;       0.15221;3.42026;2
-145.06526;21.98819;       0.15231;3.42028;2
-145.03175;21.99152;       0.15241;3.42029;2
-144.99825;21.99486;       0.15251;3.42031;2
-144.96464;21.99819;       0.15261;3.42033;2
-144.93103;22.00152;       0.15270;3.42035;2
-144.89746;22.00486;       0.15280;3.42037;2
-144.86387;22.00819;       0.15288;3.42038;2
-144.83026;22.01152;       0.15297;3.42040;2
-144.79663;22.01485;       0.15306;3.42042;2
-144.76303;22.01819;       0.15318;3.42044;2
-144.72948;22.02152;       0.15332;3.42045;2
-144.69592;22.02485;       0.15346;3.42047;2
-144.66237;22.02819;       0.15354;3.42049;2
-144.62882;22.03152;       0.15359;3.42051;2
-144.59527;22.03485;       0.15366;3.42053;2
-144.56171;22.03819;       0.15374;3.42054;2
-144.52819;22.04152;       0.15379;3.42056;2
-144.49468;22.04485;       0.15386;3.42058;2
-144.46115;22.04819;       0.15395;3.42060;2
-144.42764;22.05152;       0.15403;3.42061;2
-144.39413;22.05485;       0.15411;3.42063;2
-144.36060;22.05818;       0.15421;3.42065;2
-144.32709;22.06152;       0.15431;3.42067;2
-144.29363;22.06485;       0.15435;3.42068;2
-144.26017;22.06818;       0.15440;3.42070;2
-144.22666;22.07152;       0.15450;3.42072;2
-144.19315;22.07485;       0.15457;3.42074;2
-144.15969;22.07818;       0.15466;3.42075;2
-144.12625;22.08152;       0.15476;3.42077;2
-144.09279;22.08485;       0.15486;3.42079;2
-144.05929;22.08818;       0.15500;3.42081;2
-144.02577;22.09151;       0.15512;3.42083;2
-143.99232;22.09485;       0.15524;3.42084;2
-143.95887;22.09818;       0.15537;3.42086;2
-143.92540;22.10151;       0.15549;3.42088;2
-143.89198;22.10485;       0.15562;3.42090;2
-143.85851;22.10818;       0.15572;3.42091;2
-143.82507;22.11151;       0.15575;3.42093;2
-143.79164;22.11485;       0.15577;3.42095;2
-143.75821;22.11818;       0.15585;3.42097;2
-143.72479;22.12151;       0.15603;3.42098;2
-143.69136;22.12485;       0.15625;3.42100;2
-143.65795;22.12818;       0.15645;3.42102;2
-143.62455;22.13151;       0.15661;3.42104;2
-143.59109;22.13484;       0.15668;3.42105;2
-143.55765;22.13818;       0.15674;3.42107;2
-143.52422;22.14151;       0.15679;3.42109;2
-143.49085;22.14484;       0.15685;3.42111;2
-143.45750;22.14818;       0.15695;3.42112;2
-143.42413;22.15151;       0.15703;3.42114;2
-143.39075;22.15484;       0.15711;3.42116;2
-143.35733;22.15818;       0.15721;3.42118;2
-143.32390;22.16151;       0.15730;3.42119;2
-143.29047;22.16484;       0.15743;3.42121;2
-143.25705;22.16818;       0.15757;3.42123;2
-143.22361;22.17151;       0.15771;3.42125;2
-143.19016;22.17484;       0.15784;3.42126;2
-143.15674;22.17817;       0.15793;3.42128;2
-143.12329;22.18151;       0.15801;3.42130;2
-143.08986;22.18484;       0.15807;3.42132;2
-143.05645;22.18817;       0.15811;3.42133;2
-143.02306;22.19151;       0.15815;3.42135;2
-142.98964;22.19484;       0.15819;3.42137;2
-142.95623;22.19817;       0.15826;3.42138;2
-142.92290;22.20151;       0.15831;3.42140;2
-142.88955;22.20484;       0.15836;3.42142;2
-142.85610;22.20817;       0.15844;3.42144;2
-142.82262;22.21150;       0.15853;3.42145;2
-142.78916;22.21484;       0.15860;3.42147;2
-142.75570;22.21817;       0.15867;3.42149;2
-142.72221;22.22150;       0.15873;3.42151;2
-142.68873;22.22484;       0.15884;3.42152;2
-142.65529;22.22817;       0.15898;3.42154;2
-142.62182;22.23150;       0.15906;3.42156;2
-142.58827;22.23484;       0.15915;3.42158;2
-142.55469;22.23817;       0.15923;3.42159;2
-142.52114;22.24150;       0.15931;3.42161;2
-142.48761;22.24484;       0.15938;3.42163;2
-142.45407;22.24817;       0.15943;3.42165;2
-142.42053;22.25150;       0.15948;3.42166;2
-142.38700;22.25483;       0.15956;3.42168;2
-142.35346;22.25817;       0.15963;3.42170;2
-142.31992;22.26150;       0.15972;3.42171;2
-142.28639;22.26483;       0.15980;3.42173;2
-142.25282;22.26817;       0.15987;3.42175;2
-142.21923;22.27150;       0.15993;3.42177;2
-142.18568;22.27483;       0.15998;3.42178;2
-142.15215;22.27817;       0.16005;3.42180;2
-142.11862;22.28150;       0.16013;3.42182;2
-142.08508;22.28483;       0.16018;3.42184;2
-142.05153;22.28817;       0.16022;3.42185;2
-142.01797;22.29150;       0.16027;3.42187;2
-141.98445;22.29483;       0.16036;3.42189;2
-141.95089;22.29816;       0.16043;3.42190;2
-141.91733;22.30150;       0.16052;3.42192;2
-141.88381;22.30483;       0.16063;3.42194;2
-141.85026;22.30816;       0.16071;3.42196;2
-141.81671;22.31150;       0.16080;3.42197;2
-141.78321;22.31483;       0.16088;3.42199;2
-141.74977;22.31816;       0.16095;3.42201;2
-141.71638;22.32150;       0.16103;3.42202;2
-141.68292;22.32483;       0.16110;3.42204;2
-141.64944;22.32816;       0.16116;3.42206;2
-141.61594;22.33150;       0.16124;3.42208;2
-141.58239;22.33483;       0.16131;3.42209;2
-141.54893;22.33816;       0.16135;3.42211;2
-141.51551;22.34149;       0.16138;3.42213;2
-141.48208;22.34483;       0.16142;3.42214;2
-141.44868;22.34816;       0.16148;3.42216;2
-141.41528;22.35149;       0.16152;3.42218;2
-141.38187;22.35483;       0.16157;3.42220;2
-141.34850;22.35816;       0.16164;3.42221;2
-141.31513;22.36149;       0.16170;3.42223;2
-141.28175;22.36483;       0.16175;3.42225;2
-141.24839;22.36816;       0.16181;3.42226;2
-141.21503;22.37149;       0.16189;3.42228;2
-141.18168;22.37482;       0.16198;3.42230;2
-141.14834;22.37816;       0.16209;3.42231;2
-141.11499;22.38149;       0.16220;3.42233;2
-141.08163;22.38482;       0.16228;3.42235;2
-141.04829;22.38816;       0.16229;3.42237;2
-141.01494;22.39149;       0.16227;3.42238;2
-140.98160;22.39482;       0.16228;3.42240;2
-140.94832;22.39816;       0.16228;3.42242;2
-140.91500;22.40149;       0.16226;3.42243;2
-140.88166;22.40482;       0.16229;3.42245;2
-140.84839;22.40816;       0.16235;3.42247;2
-140.81517;22.41149;       0.16242;3.42248;2
-140.78199;22.41482;       0.16248;3.42250;2
-140.74880;22.41815;       0.16251;3.42252;2
-140.71562;22.42149;       0.16256;3.42253;2
-140.68251;22.42482;       0.16263;3.42255;2
-140.64944;22.42815;       0.16269;3.42257;2
-140.61636;22.43149;       0.16275;3.42259;2
-140.58330;22.43482;       0.16286;3.42260;2
-140.55029;22.43815;       0.16297;3.42262;2
-140.51729;22.44149;       0.16309;3.42264;2
-140.48423;22.44482;       0.16321;3.42265;2
-140.45118;22.44815;       0.16326;3.42267;2
-140.41816;22.45149;       0.16333;3.42269;2
-140.38515;22.45482;       0.16344;3.42270;2
-140.35216;22.45815;       0.16357;3.42272;2
-140.31920;22.46148;       0.16368;3.42274;2
-140.28625;22.46482;       0.16376;3.42275;2
-140.25324;22.46815;       0.16387;3.42277;2
-140.22027;22.47148;       0.16395;3.42279;2
-140.18731;22.47482;       0.16400;3.42280;2
-140.15432;22.47815;       0.16407;3.42282;2
-140.12132;22.48148;       0.16414;3.42283;2
-140.08830;22.48482;       0.16419;3.42285;2
-140.05528;22.48815;       0.16426;3.42287;2
-140.02229;22.49148;       0.16434;3.42288;2
-139.98933;22.49481;       0.16439;3.42290;2
-139.95637;22.49815;       0.16445;3.42292;2
-139.92347;22.50148;       0.16449;3.42293;2
-139.89057;22.50481;       0.16450;3.42295;2
-139.85758;22.50815;       0.16451;3.42297;2
-139.82456;22.51148;       0.16454;3.42298;2
-139.79155;22.51481;       0.16459;3.42300;2
-139.75851;22.51815;       0.16463;3.42302;2
-139.72545;22.52148;       0.16461;3.42303;2
-139.69237;22.52481;       0.16455;3.42305;2
-139.65935;22.52815;       0.16449;3.42307;2
-139.62635;22.53148;       0.16444;3.42308;2
-139.59337;22.53481;       0.16443;3.42310;2
-139.56041;22.53814;       0.16441;3.42312;2
-139.52742;22.54148;       0.16442;3.42313;2
-139.49443;22.54481;       0.16443;3.42315;2
-139.46144;22.54814;       0.16452;3.42317;2
-139.42839;22.55148;       0.16460;3.42318;2
-139.39528;22.55481;       0.16462;3.42320;2
-139.36217;22.55814;       0.16465;3.42321;2
-139.32905;22.56148;       0.16469;3.42323;2
-139.29596;22.56481;       0.16470;3.42325;2
-139.26288;22.56814;       0.16467;3.42326;2
-139.22980;22.57148;       0.16465;3.42328;2
-139.19672;22.57481;       0.16464;3.42330;2
-139.16365;22.57814;       0.16463;3.42331;2
-139.13053;22.58147;       0.16460;3.42333;2
-139.09739;22.58481;       0.16459;3.42335;2
-139.06430;22.58814;       0.16461;3.42336;2
-139.03115;22.59147;       0.16467;3.42338;2
-138.99798;22.59481;       0.16475;3.42340;2
-138.96479;22.59814;       0.16479;3.42341;2
-138.93151;22.60147;       0.16480;3.42343;2
-138.89828;22.60481;       0.16483;3.42345;2
-138.86505;22.60814;       0.16482;3.42346;2
-138.83175;22.61147;       0.16478;3.42348;2
-138.79845;22.61481;       0.16477;3.42350;2
-138.76515;22.61814;       0.16481;3.42351;2
-138.73184;22.62147;       0.16486;3.42353;2
-138.69849;22.62480;       0.16489;3.42355;2
-138.66514;22.62814;       0.16492;3.42356;2
-138.63175;22.63147;       0.16497;3.42358;2
-138.59829;22.63480;       0.16504;3.42359;2
-138.56484;22.63814;       0.16514;3.42361;2
-138.53137;22.64147;       0.16527;3.42363;2
-138.49790;22.64480;       0.16539;3.42364;2
-138.46446;22.64814;       0.16546;3.42366;2
-138.43100;22.65147;       0.16548;3.42368;2
-138.39747;22.65480;       0.16551;3.42369;2
-138.36392;22.65813;       0.16556;3.42371;2
-138.33034;22.66147;       0.16562;3.42373;2
-138.29672;22.66480;       0.16575;3.42374;2
-138.26307;22.66813;       0.16593;3.42376;2
-138.22947;22.67147;       0.16604;3.42378;2
-138.19587;22.67480;       0.16610;3.42379;2
-138.16225;22.67813;       0.16618;3.42381;2
-138.12868;22.68147;       0.16627;3.42383;2
-138.09509;22.68480;       0.16634;3.42384;2
-138.06147;22.68813;       0.16647;3.42386;2
-138.02784;22.69147;       0.16659;3.42388;2
-137.99422;22.69480;       0.16671;3.42389;2
-137.96058;22.69813;       0.16683;3.42391;2
-137.92691;22.70146;       0.16703;3.42393;2
-137.89318;22.70480;       0.16725;3.42394;2
-137.85944;22.70813;       0.16738;3.42396;2
-137.82574;22.71146;       0.16756;3.42397;2
-137.79208;22.71480;       0.16774;3.42399;2
-137.75840;22.71813;       0.16789;3.42401;2
-137.72474;22.72146;       0.16803;3.42402;2
-137.69112;22.72480;       0.16818;3.42404;2
-137.65748;22.72813;       0.16832;3.42406;2
-137.62381;22.73146;       0.16847;3.42407;2
-137.59016;22.73480;       0.16861;3.42409;2
-137.55649;22.73813;       0.16871;3.42411;2
-137.52282;22.74146;       0.16884;3.42412;2
-137.48918;22.74479;       0.16894;3.42414;2
-137.45549;22.74813;       0.16902;3.42416;2
-137.42177;22.75146;       0.16912;3.42417;2
-137.38812;22.75479;       0.16925;3.42419;2
-137.35450;22.75813;       0.16939;3.42421;2
-137.32087;22.76146;       0.16955;3.42422;2
-137.28724;22.76479;       0.16968;3.42424;2
-137.25364;22.76813;       0.16981;3.42425;2
-137.22005;22.77146;       0.16994;3.42427;2
-137.18643;22.77479;       0.17007;3.42429;2
-137.15281;22.77812;       0.17022;3.42430;2
-137.11922;22.78146;       0.17038;3.42432;2
-137.08563;22.78479;       0.17048;3.42434;2
-137.05209;22.78812;       0.17055;3.42435;2
-137.01852;22.79146;       0.17063;3.42437;2
-136.98497;22.79479;       0.17074;3.42438;2
-136.95144;22.79812;       0.17084;3.42440;2
-136.91794;22.80146;       0.17097;3.42442;2
-136.88449;22.80479;       0.17111;3.42443;2
-136.85100;22.80812;       0.17121;3.42445;2
-136.81756;22.81146;       0.17126;3.42447;2
-136.78412;22.81479;       0.17127;3.42448;2
-136.75073;22.81812;       0.17129;3.42450;2
-136.71734;22.82145;       0.17135;3.42451;2
-136.68394;22.82479;       0.17142;3.42453;2
-136.65054;22.82812;       0.17148;3.42455;2
-136.61713;22.83145;       0.17151;3.42456;2
-136.58372;22.83479;       0.17154;3.42458;2
-136.55034;22.83812;       0.17159;3.42460;2
-136.51698;22.84145;       0.17165;3.42461;2
-136.48360;22.84479;       0.17170;3.42463;2
-136.45024;22.84812;       0.17176;3.42464;2
-136.41690;22.85145;       0.17181;3.42466;2
-136.38355;22.85479;       0.17188;3.42468;2
-136.35021;22.85812;       0.17197;3.42469;2
-136.31693;22.86145;       0.17200;3.42471;2
-136.28369;22.86478;       0.17197;3.42472;2
-136.25044;22.86812;       0.17196;3.42474;2
-136.21720;22.87145;       0.17198;3.42476;2
-136.18397;22.87478;       0.17199;3.42477;2
-136.15074;22.87812;       0.17205;3.42479;2
-136.11757;22.88145;       0.17213;3.42480;2
-136.08435;22.88478;       0.17215;3.42482;2
-136.05111;22.88812;       0.17218;3.42483;2
-136.01791;22.89145;       0.17221;3.42485;2
-135.98473;22.89478;       0.17225;3.42487;2
-135.95155;22.89812;       0.17227;3.42488;2
-135.91836;22.90145;       0.17227;3.42490;2
-135.88523;22.90478;       0.17223;3.42491;2
-135.85214;22.90811;       0.17219;3.42493;2
-135.81902;22.91145;       0.17217;3.42495;2
-135.78591;22.91478;       0.17219;3.42496;2
-135.75280;22.91811;       0.17221;3.42498;2
-135.71975;22.92145;       0.17222;3.42499;2
-135.68666;22.92478;       0.17224;3.42501;2
-135.65350;22.92811;       0.17226;3.42503;2
-135.62037;22.93145;       0.17226;3.42504;2
-135.58726;22.93478;       0.17226;3.42506;2
-135.55415;22.93811;       0.17229;3.42507;2
-135.52108;22.94144;       0.17229;3.42509;2
-135.48801;22.94478;       0.17226;3.42510;2
-135.45493;22.94811;       0.17226;3.42512;2
-135.42188;22.95144;       0.17226;3.42514;2
-135.38879;22.95478;       0.17228;3.42515;2
-135.35566;22.95811;       0.17232;3.42517;2
-135.32259;22.96144;       0.17238;3.42518;2
-135.28951;22.96478;       0.17244;3.42520;2
-135.25642;22.96811;       0.17252;3.42521;2
-135.22335;22.97144;       0.17261;3.42523;2
-135.19027;22.97478;       0.17265;3.42525;2
-135.15720;22.97811;       0.17271;3.42526;2
-135.12413;22.98144;       0.17279;3.42528;2
-135.09104;22.98477;       0.17289;3.42529;2
-135.05796;22.98811;       0.17296;3.42531;2
-135.02487;22.99144;       0.17302;3.42532;2
-134.99176;22.99477;       0.17311;3.42534;2
-134.95865;22.99811;       0.17313;3.42536;2
-134.92554;23.00144;       0.17311;3.42537;2
-134.89238;23.00477;       0.17310;3.42539;2
-134.85922;23.00811;       0.17311;3.42540;2
-134.82609;23.01144;       0.17315;3.42542;2
-134.79289;23.01477;       0.17320;3.42543;2
-134.75975;23.01811;       0.17323;3.42545;2
-134.72654;23.02144;       0.17328;3.42547;2
-134.69329;23.02477;       0.17333;3.42548;2
-134.66011;23.02810;       0.17339;3.42550;2
-134.62692;23.03144;       0.17349;3.42551;2
-134.59371;23.03477;       0.17359;3.42553;2
-134.56049;23.03810;       0.17367;3.42554;2
-134.52730;23.04144;       0.17373;3.42556;2
-134.49412;23.04477;       0.17379;3.42557;2
-134.46096;23.04810;       0.17386;3.42559;2
-134.42778;23.05144;       0.17394;3.42561;2
-134.39455;23.05477;       0.17403;3.42562;2
-134.36132;23.05810;       0.17411;3.42564;2
-134.32811;23.06143;       0.17417;3.42565;2
-134.29487;23.06477;       0.17424;3.42567;2
-134.26161;23.06810;       0.17432;3.42568;2
-134.22838;23.07143;       0.17439;3.42570;2
-134.19517;23.07477;       0.17441;3.42572;2
-134.16197;23.07810;       0.17443;3.42573;2
-134.12871;23.08143;       0.17447;3.42575;2
-134.09541;23.08477;       0.17451;3.42576;2
-134.06217;23.08810;       0.17455;3.42578;2
-134.02891;23.09143;       0.17461;3.42579;2
-133.99562;23.09477;       0.17468;3.42581;2
-133.96233;23.09810;       0.17477;3.42582;2
-133.92901;23.10143;       0.17486;3.42584;2
-133.89566;23.10476;       0.17494;3.42586;2
-133.86230;23.10810;       0.17504;3.42587;2
-133.82894;23.11143;       0.17511;3.42589;2
-133.79555;23.11476;       0.17514;3.42590;2
-133.76217;23.11810;       0.17520;3.42592;2
-133.72876;23.12143;       0.17527;3.42593;2
-133.69530;23.12476;       0.17534;3.42595;2
-133.66190;23.12810;       0.17544;3.42596;2
-133.62851;23.13143;       0.17554;3.42598;2
-133.59507;23.13476;       0.17561;3.42600;2
-133.56164;23.13810;       0.17570;3.42601;2
-133.52819;23.14143;       0.17579;3.42603;2
-133.49469;23.14476;       0.17587;3.42604;2
-133.46120;23.14809;       0.17597;3.42606;2
-133.42768;23.15143;       0.17606;3.42607;2
-133.39414;23.15476;       0.17615;3.42609;2
-133.36067;23.15809;       0.17626;3.42610;2
-133.32716;23.16143;       0.17637;3.42612;2
-133.29368;23.16476;       0.17646;3.42614;2
-133.26022;23.16809;       0.17654;3.42615;2
-133.22674;23.17143;       0.17666;3.42617;2
-133.19322;23.17476;       0.17679;3.42618;2
-133.15970;23.17809;       0.17687;3.42620;2
-133.12617;23.18143;       0.17698;3.42621;2
-133.09260;23.18476;       0.17712;3.42623;2
-133.05902;23.18809;       0.17725;3.42624;2
-133.02544;23.19142;       0.17737;3.42626;2
-132.99191;23.19476;       0.17752;3.42627;2
-132.95837;23.19809;       0.17767;3.42629;2
-132.92481;23.20142;       0.17781;3.42631;2
-132.89126;23.20476;       0.17795;3.42632;2
-132.85773;23.20809;       0.17805;3.42634;2
-132.82420;23.21142;       0.17813;3.42635;2
-132.79067;23.21476;       0.17821;3.42637;2
-132.75717;23.21809;       0.17832;3.42638;2
-132.72363;23.22142;       0.17844;3.42640;2
-132.69016;23.22475;       0.17858;3.42641;2
-132.65673;23.22809;       0.17873;3.42643;2
-132.62326;23.23142;       0.17887;3.42644;2
-132.58977;23.23475;       0.17899;3.42646;2
-132.55634;23.23809;       0.17909;3.42648;2
-132.52290;23.24142;       0.17919;3.42649;2
-132.48940;23.24475;       0.17931;3.42651;2
-132.45586;23.24809;       0.17942;3.42652;2
-132.42237;23.25142;       0.17953;3.42654;2
-132.38890;23.25475;       0.17966;3.42655;2
-132.35547;23.25809;       0.17978;3.42657;2
-132.32202;23.26142;       0.17988;3.42658;2
-132.28859;23.26475;       0.17998;3.42660;2
-132.25516;23.26808;       0.18005;3.42661;2
-132.22174;23.27142;       0.18012;3.42663;2
-132.18833;23.27475;       0.18020;3.42664;2
-132.15492;23.27808;       0.18027;3.42666;2
-132.12154;23.28142;       0.18036;3.42667;2
-132.08817;23.28475;       0.18047;3.42669;2
-132.05481;23.28808;       0.18058;3.42670;2
-132.02140;23.29142;       0.18068;3.42672;2
-131.98807;23.29475;       0.18079;3.42674;2
-131.95477;23.29808;       0.18091;3.42675;2
-131.92148;23.30142;       0.18101;3.42677;2
-131.88819;23.30475;       0.18109;3.42678;2
-131.85492;23.30808;       0.18115;3.42680;2
-131.82167;23.31141;       0.18125;3.42681;2
-131.78840;23.31475;       0.18134;3.42683;2
-131.75516;23.31808;       0.18146;3.42684;2
-131.72192;23.32141;       0.18153;3.42686;2
-131.68872;23.32475;       0.18150;3.42687;2
-131.65553;23.32808;       0.18152;3.42689;2
-131.62230;23.33141;       0.18157;3.42690;2
-131.58906;23.33475;       0.18173;3.42692;2
-131.55586;23.33808;       0.18190;3.42693;2
-131.52265;23.34141;       0.18199;3.42695;2
-131.48944;23.34474;       0.18205;3.42696;2
-131.45633;23.34808;       0.18212;3.42698;2
-131.42321;23.35141;       0.18216;3.42699;2
-131.39009;23.35474;       0.18222;3.42701;2
-131.35699;23.35808;       0.18229;3.42702;2
-131.32387;23.36141;       0.18235;3.42704;2
-131.29072;23.36474;       0.18239;3.42705;2
-131.25752;23.36808;       0.18241;3.42707;2
-131.22432;23.37141;       0.18242;3.42708;2
-131.19112;23.37474;       0.18246;3.42710;2
-131.15794;23.37808;       0.18252;3.42711;2
-131.12477;23.38141;       0.18258;3.42713;2
-131.09158;23.38474;       0.18263;3.42714;2
-131.05837;23.38807;       0.18269;3.42716;2
-131.02518;23.39141;       0.18268;3.42717;2
-130.99201;23.39474;       0.18264;3.42719;2
-130.95881;23.39807;       0.18265;3.42720;2
-130.92562;23.40141;       0.18266;3.42722;2
-130.89245;23.40474;       0.18270;3.42723;2
-130.85927;23.40807;       0.18269;3.42725;2
-130.82610;23.41141;       0.18269;3.42726;2
-130.79291;23.41474;       0.18274;3.42728;2
-130.75975;23.41807;       0.18280;3.42729;2
-130.72658;23.42141;       0.18283;3.42731;2
-130.69340;23.42474;       0.18288;3.42732;2
-130.66021;23.42807;       0.18292;3.42734;2
-130.62702;23.43140;       0.18296;3.42735;2
-130.59382;23.43474;       0.18299;3.42737;2
-130.56063;23.43807;       0.18304;3.42738;2
-130.52742;23.44140;       0.18310;3.42740;2
-130.49422;23.44474;       0.18315;3.42741;2
-130.46107;23.44807;       0.18322;3.42742;2
-130.42793;23.45140;       0.18326;3.42744;2
-130.39474;23.45474;       0.18330;3.42745;2
-130.36153;23.45807;       0.18332;3.42747;2
-130.32837;23.46140;       0.18334;3.42748;2
-130.29525;23.46474;       0.18338;3.42750;2
-130.26208;23.46807;       0.18346;3.42751;2
-130.22896;23.47140;       0.18353;3.42753;2
-130.19579;23.47473;       0.18358;3.42754;2
-130.16262;23.47807;       0.18366;3.42756;2
-130.12942;23.48140;       0.18375;3.42757;2
-130.09619;23.48473;       0.18382;3.42759;2
-130.06297;23.48807;       0.18388;3.42760;2
-130.02979;23.49140;       0.18398;3.42762;2
-129.99660;23.49473;       0.18411;3.42763;2
-129.96338;23.49807;       0.18420;3.42765;2
-129.93012;23.50140;       0.18429;3.42766;2
-129.89681;23.50473;       0.18436;3.42768;2
-129.86354;23.50806;       0.18442;3.42769;2
-129.83030;23.51140;       0.18448;3.42771;2
-129.79701;23.51473;       0.18454;3.42772;2
-129.76373;23.51806;       0.18459;3.42774;2
-129.73048;23.52140;       0.18465;3.42775;2
-129.69720;23.52473;       0.18474;3.42776;2
-129.66390;23.52806;       0.18482;3.42778;2
-129.63061;23.53140;       0.18486;3.42779;2
-129.59729;23.53473;       0.18491;3.42781;2
-129.56396;23.53806;       0.18499;3.42782;2
-129.53064;23.54140;       0.18505;3.42784;2
-129.49732;23.54473;       0.18512;3.42785;2
-129.46399;23.54806;       0.18519;3.42787;2
-129.43063;23.55139;       0.18528;3.42788;2
-129.39727;23.55473;       0.18536;3.42790;2
-129.36392;23.55806;       0.18541;3.42791;2
-129.33057;23.56139;       0.18547;3.42793;2
-129.29719;23.56473;       0.18555;3.42794;2
-129.26385;23.56806;       0.18558;3.42796;2
-129.23051;23.57139;       0.18564;3.42797;2
-129.19715;23.57473;       0.18571;3.42799;2
-129.16382;23.57806;       0.18578;3.42800;2
-129.13046;23.58139;       0.18585;3.42801;2
-129.09713;23.58473;       0.18591;3.42803;2
-129.06378;23.58806;       0.18601;3.42804;2
-129.03045;23.59139;       0.18607;3.42806;2
-128.99713;23.59472;       0.18615;3.42807;2
-128.96377;23.59806;       0.18622;3.42809;2
-128.93033;23.60139;       0.18629;3.42810;2
-128.89691;23.60472;       0.18639;3.42812;2
-128.86349;23.60806;       0.18651;3.42813;2
-128.83004;23.61139;       0.18661;3.42815;2
-128.79659;23.61472;       0.18671;3.42816;2
-128.76319;23.61806;       0.18687;3.42818;2
-128.72975;23.62139;       0.18702;3.42819;2
-128.69629;23.62472;       0.18711;3.42820;2
-128.66284;23.62805;       0.18718;3.42822;2
-128.62936;23.63139;       0.18726;3.42823;2
-128.59585;23.63472;       0.18735;3.42825;2
-128.56237;23.63805;       0.18746;3.42826;2
-128.52889;23.64139;       0.18758;3.42828;2
-128.49539;23.64472;       0.18776;3.42829;2
-128.46189;23.64805;       0.18796;3.42831;2
-128.42835;23.65139;       0.18812;3.42832;2
-128.39483;23.65472;       0.18827;3.42834;2
-128.36132;23.65805;       0.18839;3.42835;2
-128.32783;23.66139;       0.18850;3.42837;2
-128.29427;23.66472;       0.18858;3.42838;2
-128.26069;23.66805;       0.18868;3.42839;2
-128.22713;23.67138;       0.18881;3.42841;2
-128.19352;23.67472;       0.18892;3.42842;2
-128.15992;23.67805;       0.18902;3.42844;2
-128.12636;23.68138;       0.18913;3.42845;2
-128.09280;23.68472;       0.18923;3.42847;2
-128.05921;23.68805;       0.18932;3.42848;2
-128.02564;23.69138;       0.18940;3.42850;2
-127.99206;23.69472;       0.18946;3.42851;2
-127.95851;23.69805;       0.18955;3.42853;2
-127.92492;23.70138;       0.18964;3.42854;2
-127.89133;23.70472;       0.18974;3.42855;2
-127.85779;23.70805;       0.18987;3.42857;2
-127.82426;23.71138;       0.19003;3.42858;2
-127.79069;23.71471;       0.19016;3.42860;2
-127.75712;23.71805;       0.19030;3.42861;2
-127.72357;23.72138;       0.19048;3.42863;2
-127.68999;23.72471;       0.19064;3.42864;2
-127.65641;23.72805;       0.19079;3.42866;2
-127.62285;23.73138;       0.19090;3.42867;2
-127.58931;23.73471;       0.19103;3.42868;2
-127.55579;23.73805;       0.19118;3.42870;2
-127.52229;23.74138;       0.19132;3.42871;2
-127.48881;23.74471;       0.19144;3.42873;2
-127.45534;23.74805;       0.19158;3.42874;2
-127.42186;23.75138;       0.19173;3.42876;2
-127.38840;23.75471;       0.19185;3.42877;2
-127.35495;23.75804;       0.19197;3.42879;2
-127.32151;23.76138;       0.19210;3.42880;2
-127.28806;23.76471;       0.19224;3.42881;2
-127.25466;23.76804;       0.19238;3.42883;2
-127.22126;23.77138;       0.19249;3.42884;2
-127.18783;23.77471;       0.19262;3.42886;2
-127.15445;23.77804;       0.19274;3.42887;2
-127.12109;23.78138;       0.19287;3.42889;2
-127.08769;23.78471;       0.19301;3.42890;2
-127.05425;23.78804;       0.19313;3.42891;2
-127.02088;23.79137;       0.19327;3.42893;2
-126.98755;23.79471;       0.19341;3.42894;2
-126.95422;23.79804;       0.19355;3.42896;2
-126.92088;23.80137;       0.19372;3.42897;2
-126.88758;23.80471;       0.19387;3.42898;2
-126.85432;23.80804;       0.19398;3.42900;2
-126.82103;23.81137;       0.19403;3.42901;2
-126.78780;23.81471;       0.19409;3.42903;2
-126.75460;23.81804;       0.19422;3.42904;2
-126.72137;23.82137;       0.19431;3.42906;2
-126.68817;23.82471;       0.19440;3.42907;2
-126.65498;23.82804;       0.19452;3.42908;2
-126.62178;23.83137;       0.19471;3.42910;2
-126.58857;23.83470;       0.19485;3.42911;2
-126.55541;23.83804;       0.19495;3.42913;2
-126.52227;23.84137;       0.19504;3.42914;2
-126.48913;23.84470;       0.19516;3.42915;2
-126.45597;23.84804;       0.19533;3.42917;2
-126.42282;23.85137;       0.19543;3.42918;2
-126.38971;23.85470;       0.19550;3.42920;2
-126.35659;23.85804;       0.19559;3.42921;2
-126.32347;23.86137;       0.19569;3.42922;2
-126.29038;23.86470;       0.19579;3.42924;2
-126.25730;23.86804;       0.19591;3.42925;2
-126.22419;23.87137;       0.19597;3.42927;2
-126.19110;23.87470;       0.19600;3.42928;2
-126.15805;23.87803;       0.19608;3.42929;2
-126.12496;23.88137;       0.19618;3.42931;2
-126.09187;23.88470;       0.19626;3.42932;2
-126.05877;23.88803;       0.19634;3.42934;2
-126.02568;23.89137;       0.19641;3.42935;2
-125.99260;23.89470;       0.19645;3.42936;2
-125.95950;23.89803;       0.19650;3.42938;2
-125.92644;23.90137;       0.19657;3.42939;2
-125.89336;23.90470;       0.19667;3.42941;2
-125.86026;23.90803;       0.19677;3.42942;2
-125.82716;23.91136;       0.19686;3.42943;2
-125.79405;23.91470;       0.19696;3.42945;2
-125.76097;23.91803;       0.19703;3.42946;2
-125.72790;23.92136;       0.19710;3.42948;2
-125.69477;23.92470;       0.19718;3.42949;2
-125.66165;23.92803;       0.19724;3.42950;2
-125.62856;23.93136;       0.19731;3.42952;2
-125.59546;23.93470;       0.19739;3.42953;2
-125.56234;23.93803;       0.19748;3.42955;2
-125.52919;23.94136;       0.19756;3.42956;2
-125.49605;23.94470;       0.19765;3.42957;2
-125.46291;23.94803;       0.19772;3.42959;2
-125.42974;23.95136;       0.19778;3.42960;2
-125.39658;23.95469;       0.19787;3.42961;2
-125.36344;23.95803;       0.19800;3.42963;2
-125.33026;23.96136;       0.19812;3.42964;2
-125.29708;23.96469;       0.19820;3.42966;2
-125.26387;23.96803;       0.19831;3.42967;2
-125.23066;23.97136;       0.19845;3.42968;2
-125.19745;23.97469;       0.19859;3.42970;2
-125.16421;23.97803;       0.19871;3.42971;2
-125.13096;23.98136;       0.19883;3.42972;2
-125.09764;23.98469;       0.19895;3.42974;2
-125.06434;23.98803;       0.19905;3.42975;2
-125.03105;23.99136;       0.19917;3.42977;2
-124.99772;23.99469;       0.19932;3.42978;2
-124.96438;23.99802;       0.19949;3.42979;2
-124.93100;24.00136;       0.19964;3.42981;2
-124.89764;24.00469;       0.19979;3.42982;2
-124.86427;24.00802;       0.19994;3.42984;2
-124.83086;24.01136;       0.20008;3.42985;2
-124.79746;24.01469;       0.20020;3.42986;2
-124.76402;24.01802;       0.20037;3.42988;2
-124.73054;24.02136;       0.20058;3.42989;2
-124.69710;24.02469;       0.20073;3.42990;2
-124.66361;24.02802;       0.20089;3.42992;2
-124.63013;24.03136;       0.20106;3.42993;2
-124.59668;24.03469;       0.20121;3.42995;2
-124.56320;24.03802;       0.20139;3.42996;2
-124.52969;24.04135;       0.20159;3.42997;2
-124.49617;24.04469;       0.20183;3.42999;2
-124.46263;24.04802;       0.20207;3.43000;2
-124.42909;24.05135;       0.20232;3.43002;2
-124.39556;24.05469;       0.20255;3.43003;2
-124.36199;24.05802;       0.20273;3.43004;2
-124.32844;24.06135;       0.20293;3.43006;2
-124.29489;24.06469;       0.20312;3.43007;2
-124.26128;24.06802;       0.20326;3.43008;2
-124.22770;24.07135;       0.20343;3.43010;2
-124.19411;24.07468;       0.20361;3.43011;2
-124.16048;24.07802;       0.20383;3.43013;2
-124.12685;24.08135;       0.20405;3.43014;2
-124.09325;24.08468;       0.20425;3.43015;2
-124.05961;24.08802;       0.20442;3.43017;2
-124.02598;24.09135;       0.20459;3.43018;2
-123.99235;24.09468;       0.20478;3.43019;2
-123.95868;24.09802;       0.20496;3.43021;2
-123.92500;24.10135;       0.20518;3.43022;2
-123.89132;24.10468;       0.20541;3.43024;2
-123.85767;24.10802;       0.20563;3.43025;2
-123.82408;24.11135;       0.20585;3.43026;2
-123.79045;24.11468;       0.20606;3.43028;2
-123.75681;24.11801;       0.20626;3.43029;2
-123.72318;24.12135;       0.20647;3.43030;2
-123.68952;24.12468;       0.20669;3.43032;2
-123.65588;24.12801;       0.20690;3.43033;2
-123.62228;24.13135;       0.20710;3.43035;2
-123.58869;24.13468;       0.20732;3.43036;2
-123.55506;24.13801;       0.20756;3.43037;2
-123.52141;24.14135;       0.20779;3.43039;2
-123.48780;24.14468;       0.20799;3.43040;2
-123.45418;24.14801;       0.20821;3.43041;2
-123.42055;24.15135;       0.20843;3.43043;2
-123.38692;24.15468;       0.20863;3.43044;2
-123.35328;24.15801;       0.20885;3.43045;2
-123.31958;24.16134;       0.20912;3.43047;2
-123.28591;24.16468;       0.20944;3.43048;2
-123.25225;24.16801;       0.20976;3.43050;2
-123.21863;24.17134;       0.21003;3.43051;2
-123.18502;24.17468;       0.21028;3.43052;2
-123.15139;24.17801;       0.21051;3.43054;2
-123.11780;24.18134;       0.21075;3.43055;2
-123.08421;24.18468;       0.21097;3.43056;2
-123.05064;24.18801;       0.21122;3.43058;2
-123.01708;24.19134;       0.21144;3.43059;2
-122.98354;24.19468;       0.21168;3.43060;2
-122.95005;24.19801;       0.21196;3.43062;2
-122.91652;24.20134;       0.21223;3.43063;2
-122.88299;24.20467;       0.21249;3.43064;2
-122.84955;24.20801;       0.21275;3.43066;2
-122.81610;24.21134;       0.21302;3.43067;2
-122.78265;24.21467;       0.21327;3.43069;2
-122.74922;24.21801;       0.21350;3.43070;2
-122.71583;24.22134;       0.21378;3.43071;2
-122.68243;24.22467;       0.21401;3.43073;2
-122.64900;24.22801;       0.21421;3.43074;2
-122.61561;24.23134;       0.21443;3.43075;2
-122.58223;24.23467;       0.21463;3.43077;2
-122.54885;24.23800;       0.21486;3.43078;2
-122.51547;24.24134;       0.21511;3.43079;2
-122.48214;24.24467;       0.21539;3.43081;2
-122.44882;24.24800;       0.21566;3.43082;2
-122.41550;24.25134;       0.21592;3.43083;2
-122.38222;24.25467;       0.21621;3.43085;2
-122.34891;24.25800;       0.21653;3.43086;2
-122.31566;24.26134;       0.21683;3.43087;2
-122.28240;24.26467;       0.21711;3.43089;2
-122.24917;24.26800;       0.21740;3.43090;2
-122.21597;24.27134;       0.21774;3.43091;2
-122.18273;24.27467;       0.21816;3.43093;2
-122.14954;24.27800;       0.21848;3.43094;2
-122.11637;24.28133;       0.21871;3.43095;2
-122.08317;24.28467;       0.21890;3.43097;2
-122.04997;24.28800;       0.21914;3.43098;2
-122.01680;24.29133;       0.21943;3.43099;2
-121.98367;24.29467;       0.21973;3.43100;2
-121.95057;24.29800;       0.22004;3.43102;2
-121.91750;24.30133;       0.22030;3.43103;2
-121.88443;24.30467;       0.22056;3.43104;2
-121.85135;24.30800;       0.22084;3.43106;2
-121.81825;24.31133;       0.22114;3.43107;2
-121.78516;24.31467;       0.22145;3.43108;2
-121.75211;24.31800;       0.22177;3.43110;2
-121.71903;24.32133;       0.22208;3.43111;2
-121.68596;24.32466;       0.22235;3.43112;2
-121.65293;24.32800;       0.22264;3.43114;2
-121.61990;24.33133;       0.22294;3.43115;2
-121.58686;24.33466;       0.22321;3.43116;2
-121.55382;24.33800;       0.22347;3.43118;2
-121.52083;24.34133;       0.22376;3.43119;2
-121.48786;24.34466;       0.22408;3.43120;2
-121.45488;24.34800;       0.22445;3.43121;2
-121.42192;24.35133;       0.22479;3.43123;2
-121.38897;24.35466;       0.22508;3.43124;2
-121.35602;24.35799;       0.22539;3.43125;2
-121.32306;24.36133;       0.22569;3.43127;2
-121.29014;24.36466;       0.22599;3.43128;2
-121.25716;24.36799;       0.22632;3.43129;2
-121.22418;24.37133;       0.22666;3.43130;2
-121.19122;24.37466;       0.22700;3.43132;2
-121.15826;24.37799;       0.22733;3.43133;2
-121.12531;24.38133;       0.22766;3.43134;2
-121.09234;24.38466;       0.22802;3.43136;2
-121.05939;24.38799;       0.22839;3.43137;2
-121.02646;24.39133;       0.22879;3.43138;2
-120.99354;24.39466;       0.22919;3.43140;2
-120.96063;24.39799;       0.22956;3.43141;2
-120.92764;24.40132;       0.22991;3.43142;2
-120.89470;24.40466;       0.23026;3.43143;2
-120.86179;24.40799;       0.23058;3.43145;2
-120.82880;24.41132;       0.23093;3.43146;2
-120.79583;24.41466;       0.23130;3.43147;2
-120.76287;24.41799;       0.23167;3.43149;2
-120.72988;24.42132;       0.23204;3.43150;2
-120.69687;24.42466;       0.23245;3.43151;2
-120.66390;24.42799;       0.23288;3.43152;2
-120.63091;24.43132;       0.23334;3.43154;2
-120.59791;24.43466;       0.23382;3.43155;2
-120.56489;24.43799;       0.23426;3.43156;2
-120.53191;24.44132;       0.23471;3.43158;2
-120.49894;24.44465;       0.23517;3.43159;2
-120.46593;24.44799;       0.23566;3.43160;2
-120.43289;24.45132;       0.23611;3.43161;2
-120.39984;24.45465;       0.23654;3.43163;2
-120.36677;24.45799;       0.23699;3.43164;2
-120.33369;24.46132;       0.23747;3.43165;2
-120.30060;24.46465;       0.23801;3.43167;2
-120.26746;24.46799;       0.23858;3.43168;2
-120.23430;24.47132;       0.23908;3.43169;2
-120.20115;24.47465;       0.23953;3.43170;2
-120.16802;24.47799;       0.24000;3.43172;2
-120.13491;24.48132;       0.24049;3.43173;2
-120.10175;24.48465;       0.24099;3.43174;2
-120.06860;24.48798;       0.24148;3.43176;2
-120.03547;24.49132;       0.24199;3.43177;2
-120.00229;24.49465;       0.24248;3.43178;2
-119.96911;24.49798;       0.24298;3.43179;2
-119.93590;24.50132;       0.24349;3.43181;2
-119.90270;24.50465;       0.24403;3.43182;2
-119.86946;24.50798;       0.24457;3.43183;2
-119.83623;24.51132;       0.24513;3.43184;2
-119.80300;24.51465;       0.24571;3.43186;2
-119.76971;24.51798;       0.24627;3.43187;2
-119.73639;24.52131;       0.24684;3.43188;2
-119.70310;24.52465;       0.24739;3.43190;2
-119.66978;24.52798;       0.24800;3.43191;2
-119.63649;24.53131;       0.24866;3.43192;2
-119.60317;24.53465;       0.24927;3.43193;2
-119.56982;24.53798;       0.24990;3.43195;2
-119.53651;24.54131;       0.25048;3.43196;2
-119.50315;24.54465;       0.25108;3.43197;2
-119.46978;24.54798;       0.25169;3.43199;2
-119.43641;24.55131;       0.25232;3.43200;2
-119.40302;24.55465;       0.25295;3.43201;2
-119.36965;24.55798;       0.25358;3.43202;2
-119.33628;24.56131;       0.25423;3.43204;2
-119.30293;24.56464;       0.25487;3.43205;2
-119.26956;24.56798;       0.25553;3.43206;2
-119.23620;24.57131;       0.25623;3.43207;2
-119.20285;24.57464;       0.25691;3.43209;2
-119.16949;24.57798;       0.25760;3.43210;2
-119.13610;24.58131;       0.25831;3.43211;2
-119.10272;24.58464;       0.25901;3.43213;2
-119.06936;24.58798;       0.25975;3.43214;2
-119.03593;24.59131;       0.26046;3.43215;2
-119.00250;24.59464;       0.26120;3.43216;2
-118.96906;24.59798;       0.26199;3.43218;2
-118.93562;24.60131;       0.26277;3.43219;2
-118.90219;24.60464;       0.26349;3.43220;2
-118.86876;24.60797;       0.26418;3.43221;2
-118.83532;24.61131;       0.26492;3.43223;2
-118.80186;24.61464;       0.26570;3.43224;2
-118.76840;24.61797;       0.26644;3.43225;2
-118.73493;24.62131;       0.26719;3.43227;2
-118.70145;24.62464;       0.26793;3.43228;2
-118.66796;24.62797;       0.26863;3.43229;2
-118.63448;24.63131;       0.26933;3.43230;2
-118.60100;24.63464;       0.27012;3.43232;2
-118.56752;24.63797;       0.27094;3.43233;2
-118.53402;24.64130;       0.27177;3.43234;2
-118.50048;24.64464;       0.27260;3.43235;2
-118.46694;24.64797;       0.27339;3.43237;2
-118.43338;24.65130;       0.27418;3.43238;2
-118.39984;24.65464;       0.27496;3.43239;2
-118.36633;24.65797;       0.27572;3.43240;2
-118.33281;24.66130;       0.27648;3.43242;2
-118.29930;24.66464;       0.27729;3.43243;2
-118.26577;24.66797;       0.27808;3.43244;2
-118.23227;24.67130;       0.27887;3.43245;2
-118.19877;24.67464;       0.27970;3.43247;2
-118.16527;24.67797;       0.28053;3.43248;2
-118.13173;24.68130;       0.28136;3.43249;2
-118.09816;24.68463;       0.28220;3.43250;2
-118.06467;24.68797;       0.28304;3.43252;2
-118.03119;24.69130;       0.28387;3.43253;2
-117.99768;24.69463;       0.28472;3.43254;2
-117.96421;24.69797;       0.28560;3.43256;2
-117.93066;24.70130;       0.28649;3.43257;2
-117.89710;24.70463;       0.28738;3.43258;2
-117.86353;24.70797;       0.28825;3.43259;2
-117.82997;24.71130;       0.28914;3.43261;2
-117.79644;24.71463;       0.29003;3.43262;2
-117.76287;24.71797;       0.29093;3.43263;2
-117.72936;24.72130;       0.29182;3.43264;2
-117.69589;24.72463;       0.29272;3.43266;2
-117.66237;24.72796;       0.29365;3.43267;2
-117.62886;24.73130;       0.29463;3.43268;2
-117.59535;24.73463;       0.29564;3.43269;2
-117.56185;24.73796;       0.29658;3.43271;2
-117.52830;24.74130;       0.29748;3.43272;2
-117.49472;24.74463;       0.29838;3.43273;2
-117.46120;24.74796;       0.29932;3.43274;2
-117.42768;24.75130;       0.30024;3.43276;2
-117.39413;24.75463;       0.30116;3.43277;2
-117.36064;24.75796;       0.30207;3.43278;2
-117.32711;24.76130;       0.30298;3.43279;2
-117.29356;24.76463;       0.30390;3.43280;2
-117.25999;24.76796;       0.30483;3.43282;2
-117.22638;24.77129;       0.30576;3.43283;2
-117.19280;24.77463;       0.30670;3.43284;2
-117.15921;24.77796;       0.30767;3.43285;2
-117.12563;24.78129;       0.30865;3.43287;2
-117.09208;24.78463;       0.30962;3.43288;2
-117.05851;24.78796;       0.31064;3.43289;2
-117.02494;24.79129;       0.31172;3.43290;2
-116.99138;24.79463;       0.31272;3.43292;2
-116.95778;24.79796;       0.31367;3.43293;2
-116.92417;24.80129;       0.31467;3.43294;2
-116.89057;24.80462;       0.31566;3.43295;2
-116.85699;24.80796;       0.31665;3.43297;2
-116.82340;24.81129;       0.31761;3.43298;2
-116.78979;24.81462;       0.31855;3.43299;2
-116.75619;24.81796;       0.31951;3.43300;2
-116.72262;24.82129;       0.32047;3.43302;2
-116.68905;24.82462;       0.32143;3.43303;2
-116.65548;24.82796;       0.32242;3.43304;2
-116.62191;24.83129;       0.32346;3.43305;2
-116.58833;24.83462;       0.32445;3.43306;2
-116.55478;24.83796;       0.32542;3.43308;2
-116.52123;24.84129;       0.32641;3.43309;2
-116.48769;24.84462;       0.32739;3.43310;2
-116.45417;24.84795;       0.32836;3.43311;2
-116.42065;24.85129;       0.32931;3.43313;2
-116.38711;24.85462;       0.33030;3.43314;2
-116.35356;24.85795;       0.33117;3.43315;2
-116.32000;24.86129;       0.33201;3.43316;2
-116.28645;24.86462;       0.33299;3.43317;2
-116.25290;24.86795;       0.33400;3.43319;2
-116.21937;24.87129;       0.33503;3.43320;2
-116.18582;24.87462;       0.33606;3.43321;2
-116.15229;24.87795;       0.33708;3.43322;2
-116.11873;24.88129;       0.33807;3.43324;2
-116.08518;24.88462;       0.33907;3.43325;2
-116.05162;24.88795;       0.34004;3.43326;2
-116.01803;24.89128;       0.34103;3.43327;2
-115.98443;24.89462;       0.34203;3.43328;2
-115.95090;24.89795;       0.34302;3.43330;2
-115.91736;24.90128;       0.34400;3.43331;2
-115.88387;24.90462;       0.34497;3.43332;2
-115.85037;24.90795;       0.34596;3.43333;2
-115.81686;24.91128;       0.34697;3.43334;2
-115.78340;24.91462;       0.34790;3.43336;2
-115.74989;24.91795;       0.34878;3.43337;2
-115.71639;24.92128;       0.34973;3.43338;2
-115.68291;24.92461;       0.35068;3.43339;2
-115.64940;24.92795;       0.35164;3.43341;2
-115.61593;24.93128;       0.35258;3.43342;2
-115.58247;24.93461;       0.35353;3.43343;2
-115.54901;24.93795;       0.35451;3.43344;2
-115.51556;24.94128;       0.35544;3.43345;2
-115.48216;24.94461;       0.35637;3.43347;2
-115.44873;24.94795;       0.35732;3.43348;2
-115.41527;24.95128;       0.35826;3.43349;2
-115.38185;24.95461;       0.35917;3.43350;2
-115.34843;24.95795;       0.36006;3.43351;2
-115.31498;24.96128;       0.36091;3.43353;2
-115.28157;24.96461;       0.36178;3.43354;2
-115.24815;24.96794;       0.36268;3.43355;2
-115.21476;24.97128;       0.36358;3.43356;2
-115.18145;24.97461;       0.36449;3.43357;2
-115.14817;24.97794;       0.36537;3.43359;2
-115.11485;24.98128;       0.36626;3.43360;2
-115.08149;24.98461;       0.36714;3.43361;2
-115.04815;24.98794;       0.36803;3.43362;2
-115.01483;24.99128;       0.36889;3.43363;2
-114.98156;24.99461;       0.36970;3.43364;2
-114.94829;24.99794;       0.37049;3.43366;2
-114.91508;25.00128;       0.37128;3.43367;2
-114.88186;25.00461;       0.37212;3.43368;2
-114.84864;25.00794;       0.37300;3.43369;2
-114.81544;25.01127;       0.37387;3.43370;2
-114.78221;25.01461;       0.37476;3.43372;2
-114.74900;25.01794;       0.37566;3.43373;2
-114.71583;25.02127;       0.37657;3.43374;2
-114.68262;25.02461;       0.37747;3.43375;2
-114.64943;25.02794;       0.37832;3.43376;2
-114.61627;25.03127;       0.37910;3.43377;2
-114.58313;25.03461;       0.37986;3.43379;2
-114.55000;25.03794;       0.38063;3.43380;2
-114.51682;25.04127;       0.38139;3.43381;2
-114.48367;25.04461;       0.38213;3.43382;2
-114.45050;25.04794;       0.38289;3.43383;2
-114.41734;25.05127;       0.38368;3.43384;2
-114.38420;25.05460;       0.38450;3.43386;2
-114.35112;25.05794;       0.38531;3.43387;2
-114.31805;25.06127;       0.38607;3.43388;2
-114.28501;25.06460;       0.38684;3.43389;2
-114.25198;25.06794;       0.38760;3.43390;2
-114.21895;25.07127;       0.38836;3.43391;2
-114.18589;25.07460;       0.38908;3.43393;2
-114.15283;25.07794;       0.38978;3.43394;2
-114.11971;25.08127;       0.39045;3.43395;2
-114.08666;25.08460;       0.39112;3.43396;2
-114.05365;25.08793;       0.39180;3.43397;2
-114.02066;25.09127;       0.39242;3.43398;2
-113.98768;25.09460;       0.39304;3.43400;2
-113.95466;25.09793;       0.39377;3.43401;2
-113.92165;25.10127;       0.39450;3.43402;2
-113.88864;25.10460;       0.39521;3.43403;2
-113.85559;25.10793;       0.39588;3.43404;2
-113.82255;25.11127;       0.39647;3.43405;2
-113.78954;25.11460;       0.39709;3.43407;2
-113.75654;25.11793;       0.39771;3.43408;2
-113.72357;25.12127;       0.39836;3.43409;2
-113.69062;25.12460;       0.39902;3.43410;2
-113.65764;25.12793;       0.39965;3.43411;2
-113.62465;25.13126;       0.40030;3.43412;2
-113.59166;25.13460;       0.40090;3.43413;2
-113.55864;25.13793;       0.40145;3.43415;2
-113.52563;25.14126;       0.40202;3.43416;2
-113.49262;25.14460;       0.40260;3.43417;2
-113.45960;25.14793;       0.40320;3.43418;2
-113.42659;25.15126;       0.40382;3.43419;2
-113.39357;25.15460;       0.40445;3.43420;2
-113.36057;25.15793;       0.40506;3.43421;2
-113.32759;25.16126;       0.40567;3.43423;2
-113.29458;25.16460;       0.40626;3.43424;2
-113.26158;25.16793;       0.40676;3.43425;2
-113.22862;25.17126;       0.40728;3.43426;2
-113.19559;25.17459;       0.40782;3.43427;2
-113.16250;25.17793;       0.40832;3.43428;2
-113.12941;25.18126;       0.40884;3.43429;2
-113.09631;25.18459;       0.40937;3.43431;2
-113.06321;25.18793;       0.40990;3.43432;2
-113.03014;25.19126;       0.41042;3.43433;2
-112.99709;25.19459;       0.41094;3.43434;2
-112.96396;25.19793;       0.41147;3.43435;2
-112.93082;25.20126;       0.41199;3.43436;2
-112.89766;25.20459;       0.41252;3.43437;2
-112.86451;25.20792;       0.41305;3.43439;2
-112.83137;25.21126;       0.41353;3.43440;2
-112.79821;25.21459;       0.41399;3.43441;2
-112.76507;25.21792;       0.41449;3.43442;2
-112.73192;25.22126;       0.41497;3.43443;2
-112.69873;25.22459;       0.41543;3.43444;2
-112.66556;25.22792;       0.41589;3.43445;2
-112.63239;25.23126;       0.41638;3.43447;2
-112.59919;25.23459;       0.41682;3.43448;2
-112.56597;25.23792;       0.41723;3.43449;2
-112.53275;25.24126;       0.41767;3.43450;2
-112.49952;25.24459;       0.41813;3.43451;2
-112.46628;25.24792;       0.41860;3.43452;2
-112.43303;25.25125;       0.41905;3.43453;2
-112.39979;25.25459;       0.41951;3.43455;2
-112.36651;25.25792;       0.41996;3.43456;2
-112.33321;25.26125;       0.42042;3.43457;2
-112.29992;25.26459;       0.42087;3.43458;2
-112.26662;25.26792;       0.42130;3.43459;2
-112.23325;25.27125;       0.42174;3.43460;2
-112.19990;25.27459;       0.42217;3.43461;2
-112.16657;25.27792;       0.42254;3.43463;2
-112.13323;25.28125;       0.42288;3.43464;2
-112.09990;25.28459;       0.42326;3.43465;2
-112.06650;25.28792;       0.42368;3.43466;2
-112.03308;25.29125;       0.42409;3.43467;2
-111.99969;25.29458;       0.42449;3.43468;2
-111.96632;25.29792;       0.42488;3.43469;2
-111.93295;25.30125;       0.42524;3.43470;2
-111.89949;25.30458;       0.42562;3.43472;2
-111.86602;25.30792;       0.42602;3.43473;2
-111.83259;25.31125;       0.42643;3.43474;2
-111.79913;25.31458;       0.42682;3.43475;2
-111.76569;25.31792;       0.42718;3.43476;2
-111.73219;25.32125;       0.42754;3.43477;2
-111.69868;25.32458;       0.42789;3.43478;2
-111.66519;25.32792;       0.42825;3.43479;2
-111.63166;25.33125;       0.42862;3.43481;2
-111.59817;25.33458;       0.42897;3.43482;2
-111.56469;25.33791;       0.42928;3.43483;2
-111.53115;25.34125;       0.42962;3.43484;2
-111.49766;25.34458;       0.42996;3.43485;2
-111.46417;25.34791;       0.43027;3.43486;2
-111.43062;25.35125;       0.43060;3.43487;2
-111.39708;25.35458;       0.43095;3.43488;2
-111.36354;25.35791;       0.43128;3.43490;2
-111.32999;25.36125;       0.43163;3.43491;2
-111.29642;25.36458;       0.43199;3.43492;2
-111.26287;25.36791;       0.43235;3.43493;2
-111.22934;25.37124;       0.43268;3.43494;2
-111.19578;25.37458;       0.43298;3.43495;2
-111.16223;25.37791;       0.43328;3.43496;2
-111.12869;25.38124;       0.43358;3.43497;2
-111.09513;25.38458;       0.43386;3.43499;2
-111.06159;25.38791;       0.43415;3.43500;2
-111.02804;25.39124;       0.43445;3.43501;2
-110.99447;25.39458;       0.43475;3.43502;2
-110.96090;25.39791;       0.43505;3.43503;2
-110.92730;25.40124;       0.43538;3.43504;2
-110.89374;25.40458;       0.43568;3.43505;2
-110.86021;25.40791;       0.43598;3.43506;2
-110.82671;25.41124;       0.43625;3.43508;2
-110.79313;25.41457;       0.43651;3.43509;2
-110.75953;25.41791;       0.43682;3.43510;2
-110.72594;25.42124;       0.43713;3.43511;2
-110.69236;25.42457;       0.43741;3.43512;2
-110.65882;25.42791;       0.43760;3.43513;2
-110.62526;25.43124;       0.43780;3.43514;2
-110.59166;25.43457;       0.43806;3.43515;2
-110.55811;25.43791;       0.43831;3.43516;2
-110.52457;25.44124;       0.43854;3.43518;2
-110.49104;25.44457;       0.43875;3.43519;2
-110.45748;25.44791;       0.43895;3.43520;2
-110.42394;25.45124;       0.43916;3.43521;2
-110.39041;25.45457;       0.43936;3.43522;2
-110.35685;25.45790;       0.43955;3.43523;2
-110.32332;25.46124;       0.43973;3.43524;2
-110.28980;25.46457;       0.43994;3.43525;2
-110.25628;25.46790;       0.44016;3.43526;2
-110.22273;25.47124;       0.44033;3.43527;2
-110.18919;25.47457;       0.44047;3.43529;2
-110.15566;25.47790;       0.44063;3.43530;2
-110.12211;25.48124;       0.44081;3.43531;2
-110.08862;25.48457;       0.44102;3.43532;2
-110.05513;25.48790;       0.44117;3.43533;2
-110.02166;25.49123;       0.44124;3.43534;2
-109.98821;25.49457;       0.44132;3.43535;2
-109.95472;25.49790;       0.44142;3.43536;2
-109.92120;25.50123;       0.44156;3.43537;2
-109.88771;25.50457;       0.44171;3.43538;2
-109.85426;25.50790;       0.44183;3.43540;2
-109.82083;25.51123;       0.44195;3.43541;2
-109.78742;25.51457;       0.44207;3.43542;2
-109.75402;25.51790;       0.44218;3.43543;2
-109.72058;25.52123;       0.44227;3.43544;2
-109.68716;25.52457;       0.44236;3.43545;2
-109.65373;25.52790;       0.44247;3.43546;2
-109.62027;25.53123;       0.44257;3.43547;2
-109.58685;25.53456;       0.44268;3.43548;2
-109.55336;25.53790;       0.44279;3.43549;2
-109.51988;25.54123;       0.44289;3.43550;2
-109.48648;25.54456;       0.44295;3.43552;2
-109.45305;25.54790;       0.44291;3.43553;2
-109.41960;25.55123;       0.44290;3.43554;2
-109.38616;25.55456;       0.44288;3.43555;2
-109.35275;25.55790;       0.44286;3.43556;2
-109.31936;25.56123;       0.44285;3.43557;2
-109.28596;25.56456;       0.44285;3.43558;2
-109.25257;25.56790;       0.44285;3.43559;2
-109.21917;25.57123;       0.44283;3.43560;2
-109.18568;25.57456;       0.44285;3.43561;2
-109.15226;25.57789;       0.44284;3.43562;2
-109.11889;25.58123;       0.44285;3.43563;2
-109.08548;25.58456;       0.44284;3.43564;2
-109.05207;25.58789;       0.44281;3.43566;2
-109.01871;25.59123;       0.44279;3.43567;2
-108.98537;25.59456;       0.44270;3.43568;2
-108.95196;25.59789;       0.44266;3.43569;2
-108.91854;25.60123;       0.44264;3.43570;2
-108.88520;25.60456;       0.44264;3.43571;2
-108.85182;25.60789;       0.44266;3.43572;2
-108.81840;25.61123;       0.44262;3.43573;2
-108.78499;25.61456;       0.44256;3.43574;2
-108.75161;25.61789;       0.44248;3.43575;2
-108.71826;25.62122;       0.44234;3.43576;2
-108.68489;25.62456;       0.44224;3.43577;2
-108.65153;25.62789;       0.44215;3.43578;2
-108.61817;25.63122;       0.44206;3.43579;2
-108.58477;25.63456;       0.44197;3.43580;2
-108.55141;25.63789;       0.44192;3.43582;2
-108.51804;25.64122;       0.44187;3.43583;2
-108.48466;25.64456;       0.44178;3.43584;2
-108.45127;25.64789;       0.44171;3.43585;2
-108.41792;25.65122;       0.44160;3.43586;2
-108.38456;25.65455;       0.44153;3.43587;2
-108.35117;25.65789;       0.44140;3.43588;2
-108.31780;25.66122;       0.44122;3.43589;2
-108.28445;25.66455;       0.44110;3.43590;2
-108.25105;25.66789;       0.44099;3.43591;2
-108.21766;25.67122;       0.44085;3.43592;2
-108.18430;25.67455;       0.44072;3.43593;2
-108.15098;25.67789;       0.44064;3.43594;2
-108.11765;25.68122;       0.44060;3.43595;2
-108.08431;25.68455;       0.44052;3.43596;2
-108.05093;25.68789;       0.44036;3.43597;2
-108.01758;25.69122;       0.44013;3.43598;2
-107.98424;25.69455;       0.43992;3.43600;2
-107.95092;25.69788;       0.43974;3.43601;2
-107.91759;25.70122;       0.43955;3.43602;2
-107.88428;25.70455;       0.43940;3.43603;2
-107.85096;25.70788;       0.43925;3.43604;2
-107.81765;25.71122;       0.43907;3.43605;2
-107.78436;25.71455;       0.43892;3.43606;2
-107.75101;25.71788;       0.43879;3.43607;2
-107.71769;25.72122;       0.43865;3.43608;2
-107.68440;25.72455;       0.43853;3.43609;2
-107.65110;25.72788;       0.43840;3.43610;2
-107.61784;25.73122;       0.43825;3.43611;2
-107.58462;25.73455;       0.43806;3.43612;2
-107.55138;25.73788;       0.43791;3.43613;2
-107.51819;25.74121;       0.43774;3.43614;2
-107.48498;25.74455;       0.43757;3.43615;2
-107.45176;25.74788;       0.43741;3.43616;2
-107.41854;25.75121;       0.43724;3.43617;2
-107.38530;25.75455;       0.43712;3.43618;2
-107.35209;25.75788;       0.43711;3.43619;2
-107.31886;25.76121;       0.43706;3.43620;2
-107.28561;25.76455;       0.43681;3.43621;2
-107.25235;25.76788;       0.43656;3.43622;2
-107.21909;25.77121;       0.43637;3.43623;2
-107.18583;25.77454;       0.43624;3.43625;2
-107.15261;25.77788;       0.43612;3.43626;2
-107.11941;25.78121;       0.43597;3.43627;2
-107.08616;25.78454;       0.43577;3.43628;2
-107.05291;25.78788;       0.43557;3.43629;2
-107.01970;25.79121;       0.43538;3.43630;2
-106.98647;25.79454;       0.43517;3.43631;2
-106.95323;25.79788;       0.43498;3.43632;2
-106.92006;25.80121;       0.43482;3.43633;2
-106.88687;25.80454;       0.43465;3.43634;2
-106.85365;25.80788;       0.43446;3.43635;2
-106.82047;25.81121;       0.43425;3.43636;2
-106.78731;25.81454;       0.43406;3.43637;2
-106.75412;25.81787;       0.43389;3.43638;2
-106.72094;25.82121;       0.43370;3.43639;2
-106.68774;25.82454;       0.43349;3.43640;2
-106.65458;25.82787;       0.43326;3.43641;2
-106.62146;25.83121;       0.43302;3.43642;2
-106.58829;25.83454;       0.43280;3.43643;2
-106.55515;25.83787;       0.43261;3.43644;2
-106.52200;25.84121;       0.43250;3.43645;2
-106.48882;25.84454;       0.43244;3.43646;2
-106.45565;25.84787;       0.43231;3.43647;2
-106.42245;25.85121;       0.43214;3.43648;2
-106.38927;25.85454;       0.43194;3.43649;2
-106.35610;25.85787;       0.43169;3.43650;2
-106.32297;25.86120;       0.43146;3.43651;2
-106.28987;25.86454;       0.43121;3.43652;2
-106.25674;25.86787;       0.43101;3.43653;2
-106.22361;25.87120;       0.43084;3.43654;2
-106.19047;25.87454;       0.43068;3.43655;2
-106.15729;25.87787;       0.43052;3.43656;2
-106.12414;25.88120;       0.43036;3.43657;2
-106.09099;25.88454;       0.43021;3.43658;2
-106.05786;25.88787;       0.43006;3.43659;2
-106.02475;25.89120;       0.42992;3.43660;2
-105.99160;25.89454;       0.42978;3.43661;2
-105.95842;25.89787;       0.42964;3.43662;2
-105.92523;25.90120;       0.42946;3.43663;2
-105.89199;25.90453;       0.42928;3.43664;2
-105.85877;25.90787;       0.42913;3.43665;2
-105.82554;25.91120;       0.42903;3.43666;2
-105.79229;25.91453;       0.42890;3.43667;2
-105.75905;25.91787;       0.42876;3.43668;2
-105.72581;25.92120;       0.42861;3.43669;2
-105.69257;25.92453;       0.42848;3.43670;2
-105.65933;25.92787;       0.42838;3.43671;2
-105.62611;25.93120;       0.42827;3.43672;2
-105.59287;25.93453;       0.42815;3.43673;2
-105.55962;25.93786;       0.42798;3.43674;2
-105.52633;25.94120;       0.42781;3.43675;2
-105.49302;25.94453;       0.42766;3.43676;2
-105.45971;25.94786;       0.42753;3.43677;2
-105.42640;25.95120;       0.42739;3.43678;2
-105.39311;25.95453;       0.42724;3.43679;2
-105.35980;25.95786;       0.42709;3.43680;2
-105.32650;25.96120;       0.42696;3.43681;2
-105.29321;25.96453;       0.42687;3.43682;2
-105.25996;25.96786;       0.42680;3.43683;2
-105.22668;25.97120;       0.42670;3.43684;2
-105.19339;25.97453;       0.42660;3.43685;2
-105.16013;25.97786;       0.42647;3.43686;2
-105.12685;25.98119;       0.42636;3.43687;2
-105.09351;25.98453;       0.42627;3.43688;2
-105.06019;25.98786;       0.42613;3.43689;2
-105.02692;25.99119;       0.42598;3.43690;2
-104.99363;25.99453;       0.42585;3.43691;2
-104.96034;25.99786;       0.42578;3.43692;2
-104.92708;26.00119;       0.42576;3.43693;2
-104.89374;26.00453;       0.42569;3.43694;2
-104.86042;26.00786;       0.42563;3.43695;2
-104.82710;26.01119;       0.42556;3.43696;2
-104.79377;26.01453;       0.42547;3.43697;2
-104.76044;26.01786;       0.42539;3.43698;2
-104.72710;26.02119;       0.42527;3.43699;2
-104.69377;26.02452;       0.42516;3.43700;2
-104.66046;26.02786;       0.42505;3.43701;2
-104.62712;26.03119;       0.42495;3.43702;2
-104.59375;26.03452;       0.42487;3.43703;2
-104.56037;26.03786;       0.42479;3.43704;2
-104.52704;26.04119;       0.42470;3.43705;2
-104.49368;26.04452;       0.42462;3.43706;2
-104.46034;26.04786;       0.42455;3.43707;2
-104.42700;26.05119;       0.42448;3.43708;2
-104.39365;26.05452;       0.42447;3.43709;2
-104.36029;26.05785;       0.42446;3.43710;2
-104.32692;26.06119;       0.42442;3.43711;2
-104.29358;26.06452;       0.42437;3.43712;2
-104.26017;26.06785;       0.42431;3.43713;2
-104.22681;26.07119;       0.42426;3.43714;2
-104.19344;26.07452;       0.42421;3.43715;2
-104.16006;26.07785;       0.42414;3.43716;2
-104.12669;26.08119;       0.42405;3.43717;2
-104.09328;26.08452;       0.42396;3.43718;2
-104.05989;26.08785;       0.42386;3.43719;2
-104.02650;26.09119;       0.42380;3.43720;2
-103.99312;26.09452;       0.42370;3.43721;2
-103.95978;26.09785;       0.42360;3.43722;2
-103.92644;26.10118;       0.42350;3.43723;2
-103.89309;26.10452;       0.42340;3.43724;2
-103.85980;26.10785;       0.42333;3.43725;2
-103.82651;26.11118;       0.42326;3.43726;2
-103.79321;26.11452;       0.42318;3.43727;2
-103.75993;26.11785;       0.42310;3.43728;2
-103.72663;26.12118;       0.42303;3.43728;2
-103.69336;26.12452;       0.42302;3.43729;2
-103.66010;26.12785;       0.42301;3.43730;2
-103.62681;26.13118;       0.42296;3.43731;2
-103.59351;26.13452;       0.42290;3.43732;2
-103.56021;26.13785;       0.42285;3.43733;2
-103.52685;26.14118;       0.42277;3.43734;2
-103.49352;26.14451;       0.42269;3.43735;2
-103.46022;26.14785;       0.42264;3.43736;2
-103.42693;26.15118;       0.42260;3.43737;2
-103.39360;26.15451;       0.42254;3.43738;2
-103.36027;26.15785;       0.42249;3.43739;2
-103.32696;26.16118;       0.42245;3.43740;2
-103.29365;26.16451;       0.42241;3.43741;2
-103.26039;26.16785;       0.42235;3.43742;2
-103.22706;26.17118;       0.42228;3.43743;2
-103.19373;26.17451;       0.42221;3.43744;2
-103.16045;26.17785;       0.42216;3.43745;2
-103.12717;26.18118;       0.42209;3.43746;2
-103.09387;26.18451;       0.42202;3.43747;2
-103.06059;26.18784;       0.42192;3.43748;2
-103.02730;26.19118;       0.42182;3.43749;2
-102.99398;26.19451;       0.42176;3.43750;2
-102.96069;26.19784;       0.42176;3.43751;2
-102.92737;26.20118;       0.42170;3.43751;2
-102.89405;26.20451;       0.42166;3.43752;2
-102.86075;26.20784;       0.42160;3.43753;2
-102.82748;26.21118;       0.42150;3.43754;2
-102.79422;26.21451;       0.42143;3.43755;2
-102.76093;26.21784;       0.42138;3.43756;2
-102.72763;26.22117;       0.42132;3.43757;2
-102.69436;26.22451;       0.42130;3.43758;2
-102.66110;26.22784;       0.42130;3.43759;2
-102.62786;26.23117;       0.42122;3.43760;2
-102.59460;26.23451;       0.42108;3.43761;2
-102.56133;26.23784;       0.42100;3.43762;2
-102.52809;26.24117;       0.42099;3.43763;2
-102.49480;26.24451;       0.42097;3.43764;2
-102.46156;26.24784;       0.42092;3.43765;2
-102.42832;26.25117;       0.42087;3.43766;2
-102.39507;26.25451;       0.42085;3.43767;2
-102.36186;26.25784;       0.42083;3.43768;2
-102.32864;26.26117;       0.42078;3.43769;2
-102.29539;26.26450;       0.42078;3.43769;2
-102.26214;26.26784;       0.42078;3.43770;2
-102.22894;26.27117;       0.42076;3.43771;2
-102.19568;26.27450;       0.42069;3.43772;2
-102.16243;26.27784;       0.42059;3.43773;2
-102.12923;26.28117;       0.42051;3.43774;2
-102.09603;26.28450;       0.42047;3.43775;2
-102.06285;26.28784;       0.42044;3.43776;2
-102.02967;26.29117;       0.42038;3.43777;2
-101.99647;26.29450;       0.42032;3.43778;2
-101.96322;26.29784;       0.42024;3.43779;2
-101.92997;26.30117;       0.42016;3.43780;2
-101.89675;26.30450;       0.42008;3.43781;2
-101.86350;26.30783;       0.41998;3.43782;2
-101.83022;26.31117;       0.41990;3.43782;2
-101.79692;26.31450;       0.41983;3.43783;2
-101.76367;26.31783;       0.41978;3.43784;2
-101.73042;26.32117;       0.41975;3.43785;2
-101.69718;26.32450;       0.41970;3.43786;2
-101.66389;26.32783;       0.41962;3.43787;2
-101.63061;26.33117;       0.41952;3.43788;2
-101.59735;26.33450;       0.41952;3.43789;2
-101.56407;26.33783;       0.41952;3.43790;2
-101.53082;26.34116;       0.41954;3.43791;2
-101.49761;26.34450;       0.41951;3.43792;2
-101.46441;26.34783;       0.41938;3.43793;2
-101.43117;26.35116;       0.41930;3.43794;2
-101.39795;26.35450;       0.41931;3.43795;2
-101.36475;26.35783;       0.41924;3.43795;2
-101.33154;26.36116;       0.41917;3.43796;2
-101.29834;26.36450;       0.41917;3.43797;2
-101.26513;26.36783;       0.41916;3.43798;2
-101.23185;26.37116;       0.41908;3.43799;2
-101.19860;26.37450;       0.41892;3.43800;2
-101.16539;26.37783;       0.41889;3.43801;2
-101.13215;26.38116;       0.41890;3.43802;2
-101.09890;26.38449;       0.41889;3.43803;2
-101.06566;26.38783;       0.41882;3.43804;2
-101.03246;26.39116;       0.41871;3.43805;2
-100.99924;26.39449;       0.41866;3.43806;2
-100.96603;26.39783;       0.41865;3.43806;2
-100.93279;26.40116;       0.41863;3.43807;2
-100.89953;26.40449;       0.41860;3.43808;2
-100.86629;26.40783;       0.41858;3.43809;2
-100.83304;26.41116;       0.41856;3.43810;2
-100.79976;26.41449;       0.41852;3.43811;2
-100.76648;26.41783;       0.41847;3.43812;2
-100.73320;26.42116;       0.41838;3.43813;2
-100.69991;26.42449;       0.41831;3.43814;2
-100.66662;26.42782;       0.41828;3.43815;2
-100.63332;26.43116;       0.41824;3.43815;2
-100.60000;26.43449;       0.41815;3.43816;2
-100.56668;26.43782;       0.41809;3.43817;2
-100.53337;26.44116;       0.41809;3.43818;2
-100.50006;26.44449;       0.41807;3.43819;2
-100.46678;26.44782;       0.41803;3.43820;2
-100.43347;26.45116;       0.41799;3.43821;2
-100.40011;26.45449;       0.41794;3.43822;2
-100.36671;26.45782;       0.41793;3.43823;2
-100.33335;26.46116;       0.41793;3.43824;2
-100.29999;26.46449;       0.41791;3.43825;2
-100.26664;26.46782;       0.41785;3.43825;2
-100.23323;26.47115;       0.41774;3.43826;2
-100.19982;26.47449;       0.41769;3.43827;2
-100.16646;26.47782;       0.41767;3.43828;2
-100.13311;26.48115;       0.41768;3.43829;2
-100.09976;26.48449;       0.41769;3.43830;2
-100.06637;26.48782;       0.41770;3.43831;2
-100.03293;26.49115;       0.41773;3.43832;2
 -99.99951;26.49449;       0.41772;3.43833;2
 -99.96609;26.49782;       0.41773;3.43834;2
 -99.93271;26.50115;       0.41773;3.43834;2
 -99.89931;26.50448;       0.41772;3.43835;2
 -99.86588;26.50782;       0.41773;3.43836;2
 -99.83246;26.51115;       0.41774;3.43837;2
 -99.79905;26.51448;       0.41774;3.43838;2
 -99.76563;26.51782;       0.41769;3.43839;2
 -99.73221;26.52115;       0.41767;3.43840;2
 -99.69876;26.52448;       0.41765;3.43841;2
 -99.66531;26.52782;       0.41762;3.43842;2
 -99.63187;26.53115;       0.41759;3.43842;2
 -99.59839;26.53448;       0.41759;3.43843;2
 -99.56493;26.53782;       0.41756;3.43844;2
 -99.53146;26.54115;       0.41755;3.43845;2
 -99.49795;26.54448;       0.41755;3.43846;2
 -99.46446;26.54781;       0.41754;3.43847;2
 -99.43093;26.55115;       0.41753;3.43848;2
 -99.39741;26.55448;       0.41755;3.43849;2
 -99.36387;26.55781;       0.41758;3.43850;2
 -99.33033;26.56115;       0.41759;3.43850;2
 -99.29676;26.56448;       0.41761;3.43851;2
 -99.26319;26.56781;       0.41760;3.43852;2
 -99.22962;26.57115;       0.41759;3.43853;2
 -99.19605;26.57448;       0.41763;3.43854;2
 -99.16248;26.57781;       0.41767;3.43855;2
 -99.12890;26.58115;       0.41770;3.43856;2
 -99.09529;26.58448;       0.41775;3.43857;2
 -99.06169;26.58781;       0.41783;3.43858;2
 -99.02807;26.59114;       0.41788;3.43858;2
 -98.99440;26.59448;       0.41787;3.43859;2
 -98.96080;26.59781;       0.41786;3.43860;2
 -98.92718;26.60114;       0.41789;3.43861;2
 -98.89359;26.60448;       0.41792;3.43862;2
 -98.86002;26.60781;       0.41794;3.43863;2
 -98.82642;26.61114;       0.41795;3.43864;2
 -98.79283;26.61448;       0.41799;3.43865;2
 -98.75925;26.61781;       0.41803;3.43865;2
 -98.72565;26.62114;       0.41807;3.43866;2
 -98.69204;26.62447;       0.41809;3.43867;2
 -98.65847;26.62781;       0.41810;3.43868;2
 -98.62485;26.63114;       0.41813;3.43869;2
 -98.59124;26.63447;       0.41816;3.43870;2
 -98.55763;26.63781;       0.41823;3.43871;2
 -98.52401;26.64114;       0.41831;3.43872;2
 -98.49041;26.64447;       0.41834;3.43872;2
 -98.45682;26.64781;       0.41838;3.43873;2
 -98.42322;26.65114;       0.41840;3.43874;2
 -98.38964;26.65447;       0.41844;3.43875;2
 -98.35611;26.65781;       0.41848;3.43876;2
 -98.32259;26.66114;       0.41856;3.43877;2
 -98.28901;26.66447;       0.41873;3.43878;2
 -98.25546;26.66780;       0.41884;3.43879;2
 -98.22191;26.67114;       0.41895;3.43879;2
 -98.18834;26.67447;       0.41903;3.43880;2
 -98.15476;26.67780;       0.41908;3.43881;2
 -98.12118;26.68114;       0.41911;3.43882;2
 -98.08760;26.68447;       0.41915;3.43883;2
 -98.05403;26.68780;       0.41917;3.43884;2
 -98.02049;26.69114;       0.41920;3.43885;2
 -97.98696;26.69447;       0.41926;3.43885;2
 -97.95341;26.69780;       0.41929;3.43886;2
 -97.91989;26.70114;       0.41929;3.43887;2
 -97.88634;26.70447;       0.41929;3.43888;2
 -97.85279;26.70780;       0.41930;3.43889;2
 -97.81925;26.71113;       0.41935;3.43890;2
 -97.78575;26.71447;       0.41941;3.43891;2
 -97.75224;26.71780;       0.41944;3.43891;2
 -97.71876;26.72113;       0.41946;3.43892;2
 -97.68526;26.72447;       0.41948;3.43893;2
 -97.65175;26.72780;       0.41946;3.43894;2
 -97.61827;26.73113;       0.41945;3.43895;2
 -97.58478;26.73447;       0.41946;3.43896;2
 -97.55134;26.73780;       0.41946;3.43897;2
 -97.51785;26.74113;       0.41949;3.43897;2
 -97.48438;26.74447;       0.41951;3.43898;2
 -97.45094;26.74780;       0.41946;3.43899;2
 -97.41748;26.75113;       0.41946;3.43900;2
 -97.38405;26.75446;       0.41953;3.43901;2
 -97.35064;26.75780;       0.41953;3.43902;2
 -97.31723;26.76113;       0.41953;3.43902;2
 -97.28381;26.76446;       0.41955;3.43903;2
 -97.25044;26.76780;       0.41952;3.43904;2
 -97.21707;26.77113;       0.41950;3.43905;2
 -97.18369;26.77446;       0.41949;3.43906;2
 -97.15035;26.77780;       0.41947;3.43907;2
 -97.11700;26.78113;       0.41949;3.43908;2
 -97.08362;26.78446;       0.41953;3.43908;2
 -97.05025;26.78779;       0.41953;3.43909;2
 -97.01689;26.79113;       0.41955;3.43910;2
 -96.98356;26.79446;       0.41956;3.43911;2
 -96.95026;26.79779;       0.41958;3.43912;2
 -96.91692;26.80113;       0.41957;3.43913;2
 -96.88357;26.80446;       0.41955;3.43913;2
 -96.85023;26.80779;       0.41951;3.43914;2
 -96.81689;26.81113;       0.41951;3.43915;2
 -96.78359;26.81446;       0.41952;3.43916;2
 -96.75027;26.81779;       0.41951;3.43917;2
 -96.71691;26.82113;       0.41949;3.43918;2
 -96.68357;26.82446;       0.41950;3.43918;2
 -96.65026;26.82779;       0.41946;3.43919;2
 -96.61694;26.83112;       0.41939;3.43920;2
 -96.58365;26.83446;       0.41938;3.43921;2
 -96.55035;26.83779;       0.41934;3.43922;2
 -96.51710;26.84112;       0.41924;3.43923;2
 -96.48386;26.84446;       0.41916;3.43923;2
 -96.45059;26.84779;       0.41913;3.43924;2
 -96.41729;26.85112;       0.41914;3.43925;2
 -96.38400;26.85446;       0.41914;3.43926;2
 -96.35070;26.85779;       0.41915;3.43927;2
 -96.31739;26.86112;       0.41915;3.43927;2
 -96.28412;26.86446;       0.41915;3.43928;2
 -96.25089;26.86779;       0.41913;3.43929;2
 -96.21763;26.87112;       0.41912;3.43930;2
 -96.18437;26.87445;       0.41909;3.43931;2
 -96.15112;26.87779;       0.41906;3.43932;2
 -96.11789;26.88112;       0.41902;3.43932;2
 -96.08463;26.88445;       0.41898;3.43933;2
 -96.05138;26.88779;       0.41897;3.43934;2
 -96.01812;26.89112;       0.41895;3.43935;2
 -95.98487;26.89445;       0.41890;3.43936;2
 -95.95164;26.89779;       0.41889;3.43936;2
 -95.91839;26.90112;       0.41888;3.43937;2
 -95.88511;26.90445;       0.41887;3.43938;2
 -95.85186;26.90779;       0.41883;3.43939;2
 -95.81864;26.91112;       0.41878;3.43940;2
 -95.78544;26.91445;       0.41872;3.43941;2
 -95.75224;26.91778;       0.41870;3.43941;2
 -95.71903;26.92112;       0.41866;3.43942;2
 -95.68580;26.92445;       0.41861;3.43943;2
 -95.65257;26.92778;       0.41857;3.43944;2
 -95.61934;26.93112;       0.41853;3.43945;2
 -95.58610;26.93445;       0.41847;3.43945;2
 -95.55287;26.93778;       0.41842;3.43946;2
 -95.51963;26.94112;       0.41842;3.43947;2
 -95.48642;26.94445;       0.41843;3.43948;2
 -95.45321;26.94778;       0.41843;3.43949;2
 -95.42000;26.95111;       0.41843;3.43949;2
 -95.38682;26.95445;       0.41847;3.43950;2
 -95.35365;26.95778;       0.41844;3.43951;2
 -95.32049;26.96111;       0.41840;3.43952;2
 -95.28730;26.96445;       0.41837;3.43953;2
 -95.25411;26.96778;       0.41835;3.43953;2
 -95.22090;26.97111;       0.41832;3.43954;2
 -95.18769;26.97445;       0.41832;3.43955;2
 -95.15452;26.97778;       0.41830;3.43956;2
 -95.12136;26.98111;       0.41826;3.43957;2
 -95.08820;26.98445;       0.41823;3.43957;2
 -95.05506;26.98778;       0.41822;3.43958;2
 -95.02190;26.99111;       0.41822;3.43959;2
 -94.98870;26.99444;       0.41821;3.43960;2
 -94.95550;26.99778;       0.41814;3.43961;2
 -94.92232;27.00111;       0.41809;3.43961;2
 -94.88913;27.00444;       0.41807;3.43962;2
 -94.85597;27.00778;       0.41808;3.43963;2
 -94.82280;27.01111;       0.41811;3.43964;2
 -94.78962;27.01444;       0.41813;3.43964;2
 -94.75638;27.01778;       0.41811;3.43965;2
 -94.72317;27.02111;       0.41809;3.43966;2
 -94.69003;27.02444;       0.41807;3.43967;2
 -94.65687;27.02778;       0.41805;3.43968;2
 -94.62369;27.03111;       0.41803;3.43968;2
 -94.59051;27.03444;       0.41799;3.43969;2
 -94.55737;27.03777;       0.41800;3.43970;2
 -94.52420;27.04111;       0.41799;3.43971;2
 -94.49099;27.04444;       0.41800;3.43972;2
 -94.45780;27.04777;       0.41799;3.43972;2
 -94.42463;27.05111;       0.41793;3.43973;2
 -94.39147;27.05444;       0.41789;3.43974;2
 -94.35830;27.05777;       0.41788;3.43975;2
 -94.32511;27.06111;       0.41787;3.43975;2
 -94.29193;27.06444;       0.41789;3.43976;2
 -94.25874;27.06777;       0.41791;3.43977;2
 -94.22554;27.07110;       0.41793;3.43978;2
 -94.19234;27.07444;       0.41795;3.43979;2
 -94.15916;27.07777;       0.41792;3.43979;2
 -94.12600;27.08110;       0.41784;3.43980;2
 -94.09282;27.08444;       0.41779;3.43981;2
 -94.05963;27.08777;       0.41783;3.43982;2
 -94.02644;27.09110;       0.41788;3.43982;2
 -93.99326;27.09444;       0.41789;3.43983;2
 -93.96001;27.09777;       0.41786;3.43984;2
 -93.92675;27.10110;       0.41785;3.43985;2
 -93.89350;27.10444;       0.41783;3.43986;2
 -93.86028;27.10777;       0.41781;3.43986;2
 -93.82702;27.11110;       0.41784;3.43987;2
 -93.79373;27.11443;       0.41785;3.43988;2
 -93.76044;27.11777;       0.41785;3.43989;2
 -93.72714;27.12110;       0.41783;3.43989;2
 -93.69388;27.12443;       0.41783;3.43990;2
 -93.66062;27.12777;       0.41784;3.43991;2
 -93.62735;27.13110;       0.41784;3.43992;2
 -93.59409;27.13443;       0.41784;3.43992;2
 -93.56081;27.13777;       0.41787;3.43993;2
 -93.52752;27.14110;       0.41788;3.43994;2
 -93.49423;27.14443;       0.41787;3.43995;2
 -93.46098;27.14777;       0.41789;3.43996;2
 -93.42766;27.15110;       0.41788;3.43996;2
 -93.39438;27.15443;       0.41789;3.43997;2
 -93.36107;27.15776;       0.41793;3.43998;2
 -93.32772;27.16110;       0.41798;3.43999;2
 -93.29434;27.16443;       0.41805;3.43999;2
 -93.26100;27.16776;       0.41804;3.44000;2
 -93.22764;27.17110;       0.41804;3.44001;2
 -93.19428;27.17443;       0.41807;3.44002;2
 -93.16095;27.17776;       0.41812;3.44002;2
 -93.12755;27.18110;       0.41814;3.44003;2
 -93.09412;27.18443;       0.41814;3.44004;2
 -93.06073;27.18776;       0.41816;3.44005;2
 -93.02735;27.19110;       0.41817;3.44005;2
 -92.99400;27.19443;       0.41817;3.44006;2
 -92.96064;27.19776;       0.41816;3.44007;2
 -92.92727;27.20109;       0.41818;3.44008;2
 -92.89390;27.20443;       0.41820;3.44008;2
 -92.86052;27.20776;       0.41823;3.44009;2
 -92.82713;27.21109;       0.41823;3.44010;2
 -92.79373;27.21443;       0.41825;3.44011;2
 -92.76031;27.21776;       0.41825;3.44012;2
 -92.72692;27.22109;       0.41829;3.44012;2
 -92.69351;27.22443;       0.41834;3.44013;2
 -92.66009;27.22776;       0.41837;3.44014;2
 -92.62665;27.23109;       0.41845;3.44015;2
 -92.59323;27.23442;       0.41851;3.44015;2
 -92.55977;27.23776;       0.41854;3.44016;2
 -92.52632;27.24109;       0.41858;3.44017;2
 -92.49288;27.24442;       0.41860;3.44018;2
 -92.45943;27.24776;       0.41864;3.44018;2
 -92.42595;27.25109;       0.41867;3.44019;2
 -92.39246;27.25442;       0.41868;3.44020;2
 -92.35897;27.25776;       0.41872;3.44021;2
 -92.32552;27.26109;       0.41877;3.44021;2
 -92.29209;27.26442;       0.41883;3.44022;2
 -92.25863;27.26776;       0.41886;3.44023;2
 -92.22519;27.27109;       0.41890;3.44024;2
 -92.19171;27.27442;       0.41896;3.44024;2
 -92.15824;27.27775;       0.41901;3.44025;2
 -92.12474;27.28109;       0.41905;3.44026;2
 -92.09123;27.28442;       0.41909;3.44026;2
 -92.05773;27.28775;       0.41914;3.44027;2
 -92.02422;27.29109;       0.41920;3.44028;2
 -91.99069;27.29442;       0.41928;3.44029;2
 -91.95718;27.29775;       0.41934;3.44029;2
 -91.92370;27.30109;       0.41937;3.44030;2
 -91.89025;27.30442;       0.41938;3.44031;2
 -91.85679;27.30775;       0.41939;3.44032;2
 -91.82333;27.31109;       0.41942;3.44032;2
 -91.78990;27.31442;       0.41945;3.44033;2
 -91.75648;27.31775;       0.41944;3.44034;2
 -91.72302;27.32108;       0.41942;3.44035;2
 -91.68957;27.32442;       0.41944;3.44035;2
 -91.65611;27.32775;       0.41947;3.44036;2
 -91.62268;27.33108;       0.41950;3.44037;2
 -91.58925;27.33442;       0.41953;3.44038;2
 -91.55580;27.33775;       0.41958;3.44038;2
 -91.52233;27.34108;       0.41969;3.44039;2
 -91.48890;27.34442;       0.41973;3.44040;2
 -91.45543;27.34775;       0.41977;3.44040;2
 -91.42191;27.35108;       0.41981;3.44041;2
 -91.38844;27.35441;       0.41985;3.44042;2
 -91.35500;27.35775;       0.41987;3.44043;2
 -91.32155;27.36108;       0.41988;3.44043;2
 -91.28816;27.36441;       0.41991;3.44044;2
 -91.25476;27.36775;       0.41995;3.44045;2
 -91.22134;27.37108;       0.42000;3.44046;2
 -91.18796;27.37441;       0.42003;3.44046;2
 -91.15458;27.37775;       0.42007;3.44047;2
 -91.12118;27.38108;       0.42011;3.44048;2
 -91.08781;27.38441;       0.42013;3.44048;2
 -91.05446;27.38775;       0.42012;3.44049;2
 -91.02105;27.39108;       0.42013;3.44050;2
 -90.98766;27.39441;       0.42015;3.44051;2
 -90.95428;27.39774;       0.42019;3.44051;2
 -90.92095;27.40108;       0.42022;3.44052;2
 -90.88760;27.40441;       0.42024;3.44053;2
 -90.85422;27.40774;       0.42025;3.44053;2
 -90.82088;27.41108;       0.42027;3.44054;2
 -90.78751;27.41441;       0.42032;3.44055;2
 -90.75415;27.41774;       0.42035;3.44056;2
 -90.72083;27.42108;       0.42037;3.44056;2
 -90.68750;27.42441;       0.42036;3.44057;2
 -90.65420;27.42774;       0.42036;3.44058;2
 -90.62088;27.43108;       0.42034;3.44058;2
 -90.58761;27.43441;       0.42035;3.44059;2
 -90.55433;27.43774;       0.42037;3.44060;2
 -90.52108;27.44107;       0.42039;3.44061;2
 -90.48777;27.44441;       0.42039;3.44061;2
 -90.45445;27.44774;       0.42038;3.44062;2
 -90.42115;27.45107;       0.42040;3.44063;2
 -90.38787;27.45441;       0.42041;3.44063;2
 -90.35465;27.45774;       0.42042;3.44064;2
 -90.32144;27.46107;       0.42042;3.44065;2
 -90.28822;27.46441;       0.42041;3.44066;2
 -90.25495;27.46774;       0.42041;3.44066;2
 -90.22167;27.47107;       0.42042;3.44067;2
 -90.18835;27.47441;       0.42043;3.44068;2
 -90.15505;27.47774;       0.42046;3.44068;2
 -90.12179;27.48107;       0.42047;3.44069;2
 -90.08853;27.48440;       0.42049;3.44070;2
 -90.05529;27.48774;       0.42051;3.44070;2
 -90.02207;27.49107;       0.42051;3.44071;2
 -89.98884;27.49440;       0.42050;3.44072;2
 -89.95562;27.49774;       0.42050;3.44073;2
 -89.92243;27.50107;       0.42050;3.44073;2
 -89.88919;27.50440;       0.42049;3.44074;2
 -89.85595;27.50774;       0.42046;3.44075;2
 -89.82274;27.51107;       0.42043;3.44075;2
 -89.78951;27.51440;       0.42039;3.44076;2
 -89.75627;27.51773;       0.42036;3.44077;2
 -89.72305;27.52107;       0.42036;3.44077;2
 -89.68982;27.52440;       0.42034;3.44078;2
 -89.65657;27.52773;       0.42033;3.44079;2
 -89.62337;27.53107;       0.42031;3.44079;2
 -89.59013;27.53440;       0.42030;3.44080;2
 -89.55687;27.53773;       0.42029;3.44081;2
 -89.52365;27.54107;       0.42027;3.44081;2
 -89.49045;27.54440;       0.42024;3.44082;2
 -89.45726;27.54773;       0.42023;3.44083;2
 -89.42408;27.55107;       0.42024;3.44084;2
 -89.39092;27.55440;       0.42026;3.44084;2
 -89.35776;27.55773;       0.42026;3.44085;2
 -89.32453;27.56106;       0.42023;3.44086;2
 -89.29129;27.56440;       0.42022;3.44086;2
 -89.25807;27.56773;       0.42024;3.44087;2
 -89.22484;27.57106;       0.42024;3.44088;2
 -89.19163;27.57440;       0.42022;3.44088;2
 -89.15842;27.57773;       0.42019;3.44089;2
 -89.12522;27.58106;       0.42016;3.44090;2
 -89.09202;27.58440;       0.42017;3.44090;2
 -89.05883;27.58773;       0.42023;3.44091;2
 -89.02564;27.59106;       0.42025;3.44092;2
 -88.99245;27.59440;       0.42025;3.44092;2
 -88.95927;27.59773;       0.42024;3.44093;2
 -88.92606;27.60106;       0.42022;3.44094;2
 -88.89281;27.60439;       0.42023;3.44094;2
 -88.85957;27.60773;       0.42021;3.44095;2
 -88.82634;27.61106;       0.42022;3.44096;2
 -88.79310;27.61439;       0.42024;3.44096;2
 -88.75992;27.61773;       0.42025;3.44097;2
 -88.72675;27.62106;       0.42024;3.44098;2
 -88.69351;27.62439;       0.42023;3.44098;2
 -88.66032;27.62773;       0.42023;3.44099;2
 -88.62709;27.63106;       0.42021;3.44100;2
 -88.59388;27.63439;       0.42023;3.44100;2
 -88.56066;27.63772;       0.42020;3.44101;2
 -88.52740;27.64106;       0.42018;3.44102;2
 -88.49415;27.64439;       0.42014;3.44102;2
 -88.46098;27.64772;       0.42011;3.44103;2
 -88.42777;27.65106;       0.42011;3.44104;2
 -88.39455;27.65439;       0.42010;3.44104;2
 -88.36133;27.65772;       0.42009;3.44105;2
 -88.32808;27.66106;       0.42010;3.44106;2
 -88.29482;27.66439;       0.42015;3.44106;2
 -88.26154;27.66772;       0.42015;3.44107;2
 -88.22830;27.67106;       0.42017;3.44108;2
 -88.19510;27.67439;       0.42018;3.44108;2
 -88.16193;27.67772;       0.42019;3.44109;2
 -88.12874;27.68105;       0.42017;3.44110;2
 -88.09553;27.68439;       0.42009;3.44110;2
 -88.06231;27.68772;       0.42007;3.44111;2
 -88.02906;27.69105;       0.42009;3.44112;2
 -87.99582;27.69439;       0.42013;3.44112;2
 -87.96258;27.69772;       0.42014;3.44113;2
 -87.92936;27.70105;       0.42015;3.44114;2
 -87.89612;27.70439;       0.42018;3.44114;2
 -87.86288;27.70772;       0.42019;3.44115;2
 -87.82964;27.71105;       0.42020;3.44116;2
 -87.79642;27.71439;       0.42025;3.44116;2
 -87.76319;27.71772;       0.42032;3.44117;2
 -87.72993;27.72105;       0.42032;3.44118;2
 -87.69664;27.72438;       0.42033;3.44118;2
 -87.66338;27.72772;       0.42039;3.44119;2
 -87.63010;27.73105;       0.42047;3.44120;2
 -87.59682;27.73438;       0.42050;3.44120;2
 -87.56353;27.73772;       0.42048;3.44121;2
 -87.53023;27.74105;       0.42047;3.44122;2
 -87.49692;27.74438;       0.42048;3.44122;2
 -87.46361;27.74772;       0.42048;3.44123;2
 -87.43026;27.75105;       0.42050;3.44123;2
 -87.39695;27.75438;       0.42051;3.44124;2
 -87.36368;27.75772;       0.42055;3.44125;2
 -87.33038;27.76105;       0.42057;3.44125;2
 -87.29707;27.76438;       0.42056;3.44126;2
 -87.26374;27.76771;       0.42056;3.44127;2
 -87.23044;27.77105;       0.42054;3.44127;2
 -87.19714;27.77438;       0.42053;3.44128;2
 -87.16384;27.77771;       0.42052;3.44129;2
 -87.13052;27.78105;       0.42051;3.44129;2
 -87.09717;27.78438;       0.42051;3.44130;2
 -87.06379;27.78771;       0.42050;3.44131;2
 -87.03045;27.79105;       0.42051;3.44131;2
 -86.99714;27.79438;       0.42052;3.44132;2
 -86.96378;27.79771;       0.42052;3.44132;2
 -86.93041;27.80104;       0.42054;3.44133;2
 -86.89704;27.80438;       0.42060;3.44134;2
 -86.86371;27.80771;       0.42067;3.44134;2
 -86.83040;27.81104;       0.42071;3.44135;2
 -86.79709;27.81438;       0.42069;3.44136;2
 -86.76376;27.81771;       0.42065;3.44136;2
 -86.73038;27.82104;       0.42063;3.44137;2
 -86.69697;27.82438;       0.42060;3.44138;2
 -86.66361;27.82771;       0.42060;3.44138;2
 -86.63021;27.83104;       0.42060;3.44139;2
 -86.59682;27.83438;       0.42063;3.44139;2
 -86.56343;27.83771;       0.42066;3.44140;2
 -86.53002;27.84104;       0.42072;3.44141;2
 -86.49665;27.84437;       0.42080;3.44141;2
 -86.46329;27.84771;       0.42082;3.44142;2
 -86.42984;27.85104;       0.42083;3.44143;2
 -86.39643;27.85437;       0.42089;3.44143;2
 -86.36304;27.85771;       0.42092;3.44144;2
 -86.32962;27.86104;       0.42094;3.44144;2
 -86.29620;27.86437;       0.42096;3.44145;2
 -86.26278;27.86771;       0.42100;3.44146;2
 -86.22940;27.87104;       0.42102;3.44146;2
 -86.19602;27.87437;       0.42103;3.44147;2
 -86.16258;27.87771;       0.42107;3.44148;2
 -86.12915;27.88104;       0.42110;3.44148;2
 -86.09576;27.88437;       0.42111;3.44149;2
 -86.06237;27.88770;       0.42112;3.44149;2
 -86.02897;27.89104;       0.42110;3.44150;2
 -85.99557;27.89437;       0.42109;3.44151;2
 -85.96217;27.89770;       0.42110;3.44151;2
 -85.92880;27.90104;       0.42111;3.44152;2
 -85.89539;27.90437;       0.42119;3.44153;2
 -85.86194;27.90770;       0.42125;3.44153;2
 -85.82855;27.91104;       0.42130;3.44154;2
 -85.79516;27.91437;       0.42133;3.44154;2
 -85.76174;27.91770;       0.42140;3.44155;2
 -85.72836;27.92103;       0.42149;3.44156;2
 -85.69501;27.92437;       0.42157;3.44156;2
 -85.66166;27.92770;       0.42162;3.44157;2
 -85.62830;27.93103;       0.42166;3.44158;2
 -85.59498;27.93437;       0.42168;3.44158;2
 -85.56162;27.93770;       0.42169;3.44159;2
 -85.52826;27.94103;       0.42169;3.44159;2
 -85.49499;27.94437;       0.42167;3.44160;2
 -85.46172;27.94770;       0.42165;3.44161;2
 -85.42841;27.95103;       0.42171;3.44161;2
 -85.39507;27.95437;       0.42171;3.44162;2
 -85.36169;27.95770;       0.42172;3.44162;2
 -85.32830;27.96103;       0.42171;3.44163;2
 -85.29496;27.96436;       0.42175;3.44164;2
 -85.26163;27.96770;       0.42186;3.44164;2
 -85.22831;27.97103;       0.42188;3.44165;2
 -85.19495;27.97436;       0.42190;3.44165;2
 -85.16160;27.97770;       0.42191;3.44166;2
 -85.12825;27.98103;       0.42189;3.44167;2
 -85.09492;27.98436;       0.42189;3.44167;2
 -85.06161;27.98770;       0.42190;3.44168;2
 -85.02831;27.99103;       0.42194;3.44168;2
 -84.99498;27.99436;       0.42200;3.44169;2
 -84.96163;27.99770;       0.42202;3.44170;2
 -84.92832;28.00103;       0.42202;3.44170;2
 -84.89501;28.00436;       0.42203;3.44171;2
 -84.86167;28.00769;       0.42201;3.44171;2
 -84.82834;28.01103;       0.42201;3.44172;2
 -84.79496;28.01436;       0.42202;3.44173;2
 -84.76159;28.01769;       0.42203;3.44173;2
 -84.72826;28.02103;       0.42202;3.44174;2
 -84.69493;28.02436;       0.42203;3.44174;2
 -84.66161;28.02769;       0.42202;3.44175;2
 -84.62829;28.03103;       0.42197;3.44176;2
 -84.59498;28.03436;       0.42195;3.44176;2
 -84.56164;28.03769;       0.42195;3.44177;2
 -84.52831;28.04103;       0.42192;3.44177;2
 -84.49501;28.04436;       0.42188;3.44178;2
 -84.46171;28.04769;       0.42187;3.44179;2
 -84.42841;28.05102;       0.42185;3.44179;2
 -84.39514;28.05436;       0.42184;3.44180;2
 -84.36186;28.05769;       0.42178;3.44180;2
 -84.32857;28.06102;       0.42170;3.44181;2
 -84.29529;28.06436;       0.42169;3.44181;2
 -84.26200;28.06769;       0.42170;3.44182;2
 -84.22870;28.07102;       0.42169;3.44183;2
 -84.19537;28.07436;       0.42165;3.44183;2
 -84.16210;28.07769;       0.42164;3.44184;2
 -84.12883;28.08102;       0.42162;3.44184;2
 -84.09556;28.08435;       0.42159;3.44185;2
 -84.06227;28.08769;       0.42157;3.44186;2
 -84.02895;28.09102;       0.42155;3.44186;2
 -83.99570;28.09435;       0.42152;3.44187;2
 -83.96244;28.09769;       0.42149;3.44187;2
 -83.92917;28.10102;       0.42148;3.44188;2
 -83.89588;28.10435;       0.42144;3.44188;2
 -83.86263;28.10769;       0.42142;3.44189;2
 -83.82939;28.11102;       0.42139;3.44190;2
 -83.79612;28.11435;       0.42135;3.44190;2
 -83.76283;28.11769;       0.42129;3.44191;2
 -83.72957;28.12102;       0.42127;3.44191;2
 -83.69629;28.12435;       0.42122;3.44192;2
 -83.66301;28.12768;       0.42118;3.44192;2
 -83.62973;28.13102;       0.42114;3.44193;2
 -83.59644;28.13435;       0.42109;3.44194;2
 -83.56312;28.13768;       0.42106;3.44194;2
 -83.52981;28.14102;       0.42103;3.44195;2
 -83.49652;28.14435;       0.42103;3.44195;2
 -83.46319;28.14768;       0.42100;3.44196;2
 -83.42982;28.15102;       0.42097;3.44196;2
 -83.39653;28.15435;       0.42096;3.44197;2
 -83.36328;28.15768;       0.42097;3.44198;2
 -83.33005;28.16102;       0.42095;3.44198;2
 -83.29680;28.16435;       0.42088;3.44199;2
 -83.26349;28.16768;       0.42076;3.44199;2
 -83.23023;28.17101;       0.42072;3.44200;2
 -83.19694;28.17435;       0.42065;3.44200;2
 -83.16367;28.17768;       0.42060;3.44201;2
 -83.13039;28.18101;       0.42055;3.44202;2
 -83.09711;28.18435;       0.42049;3.44202;2
 -83.06379;28.18768;       0.42044;3.44203;2
 -83.03048;28.19101;       0.42040;3.44203;2
 -82.99721;28.19435;       0.42034;3.44204;2
 -82.96393;28.19768;       0.42028;3.44204;2
 -82.93066;28.20101;       0.42020;3.44205;2
 -82.89738;28.20434;       0.42014;3.44205;2
 -82.86404;28.20768;       0.42011;3.44206;2
 -82.83077;28.21101;       0.42004;3.44207;2
 -82.79748;28.21434;       0.41998;3.44207;2
 -82.76421;28.21768;       0.41993;3.44208;2
 -82.73095;28.22101;       0.41990;3.44208;2
 -82.69766;28.22434;       0.41983;3.44209;2
 -82.66438;28.22768;       0.41974;3.44209;2
 -82.63115;28.23101;       0.41966;3.44210;2
 -82.59791;28.23434;       0.41960;3.44210;2
 -82.56466;28.23768;       0.41953;3.44211;2
 -82.53144;28.24101;       0.41948;3.44212;2
 -82.49815;28.24434;       0.41939;3.44212;2
 -82.46483;28.24767;       0.41928;3.44213;2
 -82.43157;28.25101;       0.41921;3.44213;2
 -82.39828;28.25434;       0.41915;3.44214;2
 -82.36497;28.25767;       0.41909;3.44214;2
 -82.33170;28.26101;       0.41903;3.44215;2
 -82.29840;28.26434;       0.41897;3.44215;2
 -82.26511;28.26767;       0.41889;3.44216;2
 -82.23179;28.27101;       0.41884;3.44216;2
 -82.19845;28.27434;       0.41877;3.44217;2
 -82.16515;28.27767;       0.41870;3.44218;2
 -82.13181;28.28101;       0.41862;3.44218;2
 -82.09850;28.28434;       0.41854;3.44219;2
 -82.06519;28.28767;       0.41847;3.44219;2
 -82.03182;28.29100;       0.41843;3.44220;2
 -81.99850;28.29434;       0.41839;3.44220;2
 -81.96514;28.29767;       0.41833;3.44221;2
 -81.93178;28.30100;       0.41827;3.44221;2
 -81.89844;28.30434;       0.41827;3.44222;2
 -81.86506;28.30767;       0.41821;3.44222;2
 -81.83167;28.31100;       0.41807;3.44223;2
 -81.79832;28.31434;       0.41798;3.44224;2
 -81.76496;28.31767;       0.41790;3.44224;2
 -81.73161;28.32100;       0.41782;3.44225;2
 -81.69823;28.32434;       0.41774;3.44225;2
 -81.66483;28.32767;       0.41766;3.44226;2
 -81.63141;28.33100;       0.41760;3.44226;2
 -81.59803;28.33433;       0.41757;3.44227;2
 -81.56468;28.33767;       0.41753;3.44227;2
 -81.53131;28.34100;       0.41743;3.44228;2
 -81.49794;28.34433;       0.41735;3.44228;2
 -81.46457;28.34767;       0.41726;3.44229;2
 -81.43116;28.35100;       0.41717;3.44229;2
 -81.39778;28.35433;       0.41711;3.44230;2
 -81.36437;28.35767;       0.41710;3.44230;2
 -81.33091;28.36100;       0.41708;3.44231;2
 -81.29746;28.36433;       0.41706;3.44232;2
 -81.26404;28.36766;       0.41703;3.44232;2
 -81.23060;28.37100;       0.41695;3.44233;2
 -81.19718;28.37433;       0.41685;3.44233;2
 -81.16376;28.37766;       0.41676;3.44234;2
 -81.13037;28.38100;       0.41672;3.44234;2
 -81.09695;28.38433;       0.41665;3.44235;2
 -81.06354;28.38766;       0.41656;3.44235;2
 -81.03015;28.39100;       0.41645;3.44236;2
 -80.99674;28.39433;       0.41637;3.44236;2
 -80.96333;28.39766;       0.41629;3.44237;2
 -80.92990;28.40100;       0.41621;3.44237;2
 -80.89645;28.40433;       0.41611;3.44238;2
 -80.86301;28.40766;       0.41600;3.44238;2
 -80.82960;28.41099;       0.41587;3.44239;2
 -80.79617;28.41433;       0.41576;3.44239;2
 -80.76272;28.41766;       0.41564;3.44240;2
 -80.72930;28.42099;       0.41553;3.44240;2
 -80.69588;28.42433;       0.41546;3.44241;2
 -80.66243;28.42766;       0.41539;3.44241;2
 -80.62898;28.43099;       0.41532;3.44242;2
 -80.59548;28.43433;       0.41523;3.44242;2
 -80.56200;28.43766;       0.41513;3.44243;2
 -80.52851;28.44099;       0.41506;3.44243;2
 -80.49502;28.44433;       0.41500;3.44244;2
 -80.46159;28.44766;       0.41489;3.44245;2
 -80.42821;28.45099;       0.41480;3.44245;2
 -80.39476;28.45432;       0.41469;3.44246;2
 -80.36130;28.45766;       0.41458;3.44246;2
 -80.32787;28.46099;       0.41446;3.44247;2
 -80.29445;28.46432;       0.41434;3.44247;2
 -80.26102;28.46766;       0.41420;3.44248;2
 -80.22760;28.47099;       0.41406;3.44248;2
 -80.19420;28.47432;       0.41392;3.44249;2
 -80.16080;28.47766;       0.41377;3.44249;2
 -80.12736;28.48099;       0.41361;3.44250;2
 -80.09394;28.48432;       0.41347;3.44250;2
 -80.06051;28.48765;       0.41334;3.44251;2
 -80.02710;28.49099;       0.41320;3.44251;2
 -79.99371;28.49432;       0.41307;3.44252;2
 -79.96031;28.49765;       0.41296;3.44252;2
 -79.92689;28.50099;       0.41284;3.44253;2
 -79.89351;28.50432;       0.41269;3.44253;2
 -79.86011;28.50765;       0.41252;3.44254;2
 -79.82675;28.51099;       0.41235;3.44254;2
 -79.79339;28.51432;       0.41216;3.44255;2
 -79.75995;28.51765;       0.41192;3.44255;2
 -79.72655;28.52099;       0.41175;3.44256;2
 -79.69314;28.52432;       0.41157;3.44256;2
 -79.65976;28.52765;       0.41143;3.44257;2
 -79.62640;28.53098;       0.41124;3.44257;2
 -79.59307;28.53432;       0.41111;3.44258;2
 -79.55970;28.53765;       0.41103;3.44258;2
 -79.52628;28.54098;       0.41084;3.44259;2
 -79.49287;28.54432;       0.41062;3.44259;2
 -79.45947;28.54765;       0.41040;3.44260;2
 -79.42607;28.55098;       0.41021;3.44260;2
 -79.39268;28.55432;       0.41004;3.44261;2
 -79.35928;28.55765;       0.40984;3.44261;2
 -79.32591;28.56098;       0.40964;3.44262;2
 -79.29262;28.56432;       0.40942;3.44262;2
 -79.25929;28.56765;       0.40920;3.44262;2
 -79.22594;28.57098;       0.40899;3.44263;2
 -79.19260;28.57431;       0.40877;3.44263;2
 -79.15921;28.57765;       0.40858;3.44264;2
 -79.12585;28.58098;       0.40840;3.44264;2
 -79.09245;28.58431;       0.40822;3.44265;2
 -79.05904;28.58765;       0.40803;3.44265;2
 -79.02565;28.59098;       0.40784;3.44266;2
 -78.99229;28.59431;       0.40765;3.44266;2
 -78.95891;28.59765;       0.40743;3.44267;2
 -78.92550;28.60098;       0.40716;3.44267;2
 -78.89210;28.60431;       0.40688;3.44268;2
 -78.85871;28.60765;       0.40659;3.44268;2
 -78.82534;28.61098;       0.40631;3.44269;2
 -78.79198;28.61431;       0.40602;3.44269;2
 -78.75863;28.61764;       0.40575;3.44270;2
 -78.72526;28.62098;       0.40546;3.44270;2
 -78.69186;28.62431;       0.40518;3.44271;2
 -78.65846;28.62764;       0.40492;3.44271;2
 -78.62510;28.63098;       0.40467;3.44272;2
 -78.59173;28.63431;       0.40443;3.44272;2
 -78.55832;28.63764;       0.40416;3.44273;2
 -78.52491;28.64098;       0.40389;3.44273;2
 -78.49150;28.64431;       0.40360;3.44274;2
 -78.45810;28.64764;       0.40331;3.44274;2
 -78.42470;28.65097;       0.40302;3.44275;2
 -78.39126;28.65431;       0.40277;3.44275;2
 -78.35785;28.65764;       0.40251;3.44275;2
 -78.32445;28.66097;       0.40219;3.44276;2
 -78.29108;28.66431;       0.40186;3.44276;2
 -78.25765;28.66764;       0.40155;3.44277;2
 -78.22423;28.67097;       0.40126;3.44277;2
 -78.19083;28.67431;       0.40095;3.44278;2
 -78.15743;28.67764;       0.40062;3.44278;2
 -78.12401;28.68097;       0.40031;3.44279;2
 -78.09062;28.68431;       0.40001;3.44279;2
 -78.05719;28.68764;       0.39976;3.44280;2
 -78.02374;28.69097;       0.39945;3.44280;2
 -77.99031;28.69430;       0.39910;3.44281;2
 -77.95688;28.69764;       0.39875;3.44281;2
 -77.92343;28.70097;       0.39844;3.44281;2
 -77.88999;28.70430;       0.39811;3.44282;2
 -77.85655;28.70764;       0.39777;3.44282;2
 -77.82307;28.71097;       0.39742;3.44283;2
 -77.78960;28.71430;       0.39708;3.44283;2
 -77.75612;28.71764;       0.39675;3.44284;2
 -77.72271;28.72097;       0.39636;3.44284;2
 -77.68930;28.72430;       0.39598;3.44285;2
 -77.65585;28.72764;       0.39556;3.44285;2
 -77.62238;28.73097;       0.39515;3.44286;2
 -77.58892;28.73430;       0.39475;3.44286;2
 -77.55545;28.73763;       0.39435;3.44287;2
 -77.52201;28.74097;       0.39397;3.44287;2
 -77.48863;28.74430;       0.39355;3.44287;2
 -77.45525;28.74763;       0.39310;3.44288;2
 -77.42187;28.75097;       0.39270;3.44288;2
 -77.38850;28.75430;       0.39228;3.44289;2
 -77.35507;28.75763;       0.39188;3.44289;2
 -77.32167;28.76097;       0.39147;3.44290;2
 -77.28828;28.76430;       0.39108;3.44290;2
 -77.25486;28.76763;       0.39070;3.44291;2
 -77.22142;28.77096;       0.39029;3.44291;2
 -77.18802;28.77430;       0.38986;3.44291;2
 -77.15463;28.77763;       0.38944;3.44292;2
 -77.12125;28.78096;       0.38899;3.44292;2
 -77.08787;28.78430;       0.38846;3.44293;2
 -77.05448;28.78763;       0.38795;3.44293;2
 -77.02112;28.79096;       0.38745;3.44294;2
 -76.98774;28.79430;       0.38695;3.44294;2
 -76.95432;28.79763;       0.38641;3.44295;2
 -76.92098;28.80096;       0.38589;3.44295;2
 -76.88765;28.80430;       0.38541;3.44295;2
 -76.85433;28.80763;       0.38492;3.44296;2
 -76.82098;28.81096;       0.38442;3.44296;2
 -76.78762;28.81429;       0.38391;3.44297;2
 -76.75422;28.81763;       0.38336;3.44297;2
 -76.72086;28.82096;       0.38280;3.44298;2
 -76.68752;28.82429;       0.38221;3.44298;2
 -76.65416;28.82763;       0.38161;3.44299;2
 -76.62081;28.83096;       0.38100;3.44299;2
 -76.58747;28.83429;       0.38040;3.44299;2
 -76.55416;28.83763;       0.37981;3.44300;2
 -76.52088;28.84096;       0.37920;3.44300;2
 -76.48758;28.84429;       0.37859;3.44301;2
 -76.45430;28.84763;       0.37794;3.44301;2
 -76.42102;28.85096;       0.37726;3.44302;2
 -76.38774;28.85429;       0.37658;3.44302;2
 -76.35442;28.85762;       0.37592;3.44302;2
 -76.32111;28.86096;       0.37524;3.44303;2
 -76.28781;28.86429;       0.37458;3.44303;2
 -76.25449;28.86762;       0.37388;3.44304;2
 -76.22120;28.87096;       0.37307;3.44304;2
 -76.18791;28.87429;       0.37235;3.44305;2
 -76.15465;28.87762;       0.37161;3.44305;2
 -76.12136;28.88096;       0.37089;3.44305;2
 -76.08809;28.88429;       0.37013;3.44306;2
 -76.05478;28.88762;       0.36931;3.44306;2
 -76.02149;28.89096;       0.36850;3.44307;2
 -75.98818;28.89429;       0.36771;3.44307;2
 -75.95492;28.89762;       0.36692;3.44308;2
 -75.92165;28.90095;       0.36614;3.44308;2
 -75.88839;28.90429;       0.36536;3.44308;2
 -75.85513;28.90762;       0.36450;3.44309;2
 -75.82188;28.91095;       0.36363;3.44309;2
 -75.78871;28.91429;       0.36277;3.44310;2
 -75.75551;28.91762;       0.36190;3.44310;2
 -75.72229;28.92095;       0.36101;3.44310;2
 -75.68904;28.92429;       0.36015;3.44311;2
 -75.65580;28.92762;       0.35924;3.44311;2
 -75.62258;28.93095;       0.35822;3.44312;2
 -75.58937;28.93428;       0.35725;3.44312;2
 -75.55618;28.93762;       0.35628;3.44313;2
 -75.52299;28.94095;       0.35529;3.44313;2
 -75.48976;28.94428;       0.35435;3.44313;2
 -75.45651;28.94762;       0.35341;3.44314;2
 -75.42331;28.95095;       0.35240;3.44314;2
 -75.39008;28.95428;       0.35140;3.44315;2
 -75.35683;28.95762;       0.35038;3.44315;2
 -75.32363;28.96095;       0.34931;3.44315;2
 -75.29040;28.96428;       0.34818;3.44316;2
 -75.25716;28.96762;       0.34702;3.44316;2
 -75.22394;28.97095;       0.34584;3.44317;2
 -75.19071;28.97428;       0.34472;3.44317;2
 -75.15746;28.97761;       0.34362;3.44317;2
 -75.12425;28.98095;       0.34248;3.44318;2
 -75.09105;28.98428;       0.34137;3.44318;2
 -75.05782;28.98761;       0.34023;3.44319;2
 -75.02462;28.99095;       0.33907;3.44319;2
 -74.99142;28.99428;       0.33791;3.44319;2
 -74.95823;28.99761;       0.33667;3.44320;2
 -74.92503;29.00095;       0.33532;3.44320;2
 -74.89179;29.00428;       0.33404;3.44321;2
 -74.85857;29.00761;       0.33278;3.44321;2
 -74.82531;29.01095;       0.33155;3.44321;2
 -74.79209;29.01428;       0.33028;3.44322;2
 -74.75889;29.01761;       0.32893;3.44322;2
 -74.72572;29.02094;       0.32754;3.44323;2
 -74.69254;29.02428;       0.32604;3.44323;2
 -74.65932;29.02761;       0.32461;3.44323;2
 -74.62617;29.03094;       0.32323;3.44324;2
 -74.59298;29.03428;       0.32183;3.44324;2
 -74.55975;29.03761;       0.32036;3.44325;2
 -74.52652;29.04094;       0.31886;3.44325;2
 -74.49330;29.04428;       0.31742;3.44325;2
 -74.46009;29.04761;       0.31598;3.44326;2
 -74.42687;29.05094;       0.31446;3.44326;2
 -74.39362;29.05427;       0.31288;3.44327;2
 -74.36042;29.05761;       0.31134;3.44327;2
 -74.32723;29.06094;       0.30978;3.44327;2
 -74.29400;29.06427;       0.30819;3.44328;2
 -74.26077;29.06761;       0.30656;3.44328;2
 -74.22752;29.07094;       0.30492;3.44328;2
 -74.19427;29.07427;       0.30325;3.44329;2
 -74.16105;29.07761;       0.30156;3.44329;2
 -74.12779;29.08094;       0.29979;3.44330;2
 -74.09458;29.08427;       0.29797;3.44330;2
 -74.06137;29.08761;       0.29619;3.44330;2
 -74.02816;29.09094;       0.29437;3.44331;2
 -73.99497;29.09427;       0.29251;3.44331;2
 -73.96177;29.09760;       0.29063;3.44332;2
 -73.92853;29.10094;       0.28872;3.44332;2
 -73.89530;29.10427;       0.28684;3.44332;2
 -73.86208;29.10760;       0.28496;3.44333;2
 -73.82886;29.11094;       0.28307;3.44333;2
 -73.79562;29.11427;       0.28115;3.44333;2
 -73.76236;29.11760;       0.27918;3.44334;2
 -73.72910;29.12094;       0.27711;3.44334;2
 -73.69584;29.12427;       0.27503;3.44335;2
 -73.66261;29.12760;       0.27294;3.44335;2
 -73.62940;29.13094;       0.27088;3.44335;2
 -73.59615;29.13427;       0.26877;3.44336;2
 -73.56289;29.13760;       0.26662;3.44336;2
 -73.52958;29.14093;       0.26448;3.44336;2
 -73.49631;29.14427;       0.26227;3.44337;2
 -73.46308;29.14760;       0.25996;3.44337;2
 -73.42981;29.15093;       0.25768;3.44338;2
 -73.39656;29.15427;       0.25536;3.44338;2
 -73.36329;29.15760;       0.25301;3.44338;2
 -73.33001;29.16093;       0.25066;3.44339;2
 -73.29674;29.16427;       0.24832;3.44339;2
 -73.26347;29.16760;       0.24591;3.44339;2
 -73.23023;29.17093;       0.24341;3.44340;2
 -73.19699;29.17427;       0.24096;3.44340;2
 -73.16374;29.17760;       0.23850;3.44341;2
 -73.13045;29.18093;       0.23596;3.44341;2
 -73.09716;29.18426;       0.23339;3.44341;2
 -73.06387;29.18760;       0.23080;3.44342;2
 -73.03057;29.19093;       0.22820;3.44342;2
 -72.99727;29.19426;       0.22556;3.44342;2
 -72.96397;29.19760;       0.22286;3.44343;2
 -72.93064;29.20093;       0.22019;3.44343;2
 -72.89733;29.20426;       0.21746;3.44343;2
 -72.86402;29.20760;       0.21465;3.44344;2
 -72.83066;29.21093;       0.21183;3.44344;2
 -72.79735;29.21426;       0.20897;3.44345;2
 -72.76403;29.21759;       0.20607;3.44345;2
 -72.73069;29.22093;       0.20311;3.44345;2
 -72.69733;29.22426;       0.20017;3.44346;2
 -72.66397;29.22759;       0.19720;3.44346;2
 -72.63064;29.23093;       0.19417;3.44346;2
 -72.59728;29.23426;       0.19110;3.44347;2
 -72.56391;29.23759;       0.18804;3.44347;2
 -72.53055;29.24093;       0.18498;3.44347;2
 -72.49718;29.24426;       0.18192;3.44348;2
 -72.46384;29.24759;       0.17881;3.44348;2
 -72.43049;29.25093;       0.17567;3.44348;2
 -72.39711;29.25426;       0.17245;3.44349;2
 -72.36373;29.25759;       0.16917;3.44349;2
 -72.33032;29.26092;       0.16595;3.44350;2
 -72.29693;29.26426;       0.16262;3.44350;2
 -72.26357;29.26759;       0.15918;3.44350;2
 -72.23021;29.27092;       0.15581;3.44351;2
 -72.19684;29.27426;       0.15242;3.44351;2
 -72.16347;29.27759;       0.14902;3.44351;2
 -72.13006;29.28092;       0.14560;3.44352;2
 -72.09667;29.28426;       0.14216;3.44352;2
 -72.06324;29.28759;       0.13867;3.44352;2
 -72.02982;29.29092;       0.13516;3.44353;2
 -71.99641;29.29426;       0.13157;3.44353;2
 -71.96298;29.29759;       0.12795;3.44353;2
 -71.92958;29.30092;       0.12429;3.44354;2
 -71.89612;29.30425;       0.12058;3.44354;2
 -71.86270;29.30759;       0.11680;3.44354;2
 -71.82926;29.31092;       0.11310;3.44355;2
 -71.79584;29.31425;       0.10937;3.44355;2
 -71.76243;29.31759;       0.10561;3.44355;2
 -71.72900;29.32092;       0.10178;3.44356;2
 -71.69554;29.32425; 9.792215e-002;3.44356;2
 -71.66212;29.32759; 9.404025e-002;3.44356;2
 -71.62871;29.33092; 9.014764e-002;3.44357;2
 -71.59524;29.33425; 8.623598e-002;3.44357;2
 -71.56181;29.33758; 8.230747e-002;3.44357;2
 -71.52839;29.34092; 7.839159e-002;3.44358;2
 -71.49498;29.34425; 7.439813e-002;3.44358;2
 -71.46153;29.34758; 7.032765e-002;3.44358;2
 -71.42804;29.35092; 6.630377e-002;3.44359;2
 -71.39460;29.35425; 6.223978e-002;3.44359;2
 -71.36112;29.35758; 5.816594e-002;3.44359;2
 -71.32765;29.36092; 5.404914e-002;3.44360;2
 -71.29418;29.36425; 4.995071e-002;3.44360;2
 -71.26073;29.36758; 4.582185e-002;3.44360;2
 -71.22727;29.37092; 4.164900e-002;3.44361;2
 -71.19378;29.37425; 3.748761e-002;3.44361;2
 -71.16028;29.37758; 3.332913e-002;3.44361;2
 -71.12681;29.38091; 2.911644e-002;3.44362;2
 -71.09336;29.38425; 2.484751e-002;3.44362;2
 -71.05987;29.38758; 2.057770e-002;3.44362;2
 -71.02639;29.39091; 1.629695e-002;3.44363;2
 -70.99293;29.39425; 1.200456e-002;3.44363;2
 -70.95951;29.39758; 7.752267e-003;3.44363;2
 -70.92605;29.40091; 3.481318e-003;3.44364;2
 -70.89261;29.40425;-8.174974e-004;3.44364;2
 -70.85917;29.40758;-5.127712e-003;3.44364;2
 -70.82571;29.41091;-9.459671e-003;3.44365;2
 -70.79228;29.41425;-1.375763e-002;3.44365;2
 -70.75885;29.41758;-1.806727e-002;3.44365;2
 -70.72541;29.42091;-2.237165e-002;3.44366;2
 -70.69197;29.42424;-2.669532e-002;3.44366;2
 -70.65853;29.42758;-3.103815e-002;3.44366;2
 -70.62509;29.43091;-3.542527e-002;3.44367;2
 -70.59163;29.43424;-3.974879e-002;3.44367;2
 -70.55818;29.43758;-4.406359e-002;3.44367;2
 -70.52475;29.44091;-4.836183e-002;3.44367;2
 -70.49134;29.44424;-5.262027e-002;3.44368;2
 -70.45789;29.44758;-5.688876e-002;3.44368;2
 -70.42443;29.45091;-6.115904e-002;3.44368;2
 -70.39099;29.45424;-6.547469e-002;3.44369;2
 -70.35758;29.45758;-6.976653e-002;3.44369;2
 -70.32416;29.46091;-7.402592e-002;3.44369;2
 -70.29073;29.46424;-7.823370e-002;3.44370;2
 -70.25729;29.46757;-8.242750e-002;3.44370;2
 -70.22388;29.47091;-8.664025e-002;3.44370;2
 -70.19044;29.47424;-9.080007e-002;3.44371;2
 -70.15701;29.47757;-9.484897e-002;3.44371;2
 -70.12360;29.48091;-9.896558e-002;3.44371;2
 -70.09020;29.48424;      -0.10315;3.44372;2
 -70.05679;29.48757;      -0.10729;3.44372;2
 -70.02338;29.49091;      -0.11135;3.44372;2
 -69.99000;29.49424;      -0.11533;3.44372;2
 -69.95665;29.49757;      -0.11929;3.44373;2
 -69.92326;29.50090;      -0.12327;3.44373;2
 -69.88986;29.50424;      -0.12722;3.44373;2
 -69.85651;29.50757;      -0.13111;3.44374;2
 -69.82315;29.51090;      -0.13492;3.44374;2
 -69.78980;29.51424;      -0.13877;3.44374;2
 -69.75643;29.51757;      -0.14257;3.44375;2
 -69.72307;29.52090;      -0.14629;3.44375;2
 -69.68966;29.52424;      -0.14997;3.44375;2
 -69.65628;29.52757;      -0.15364;3.44375;2
 -69.62289;29.53090;      -0.15729;3.44376;2
 -69.58947;29.53424;      -0.16089;3.44376;2
 -69.55608;29.53757;      -0.16439;3.44376;2
 -69.52271;29.54090;      -0.16788;3.44377;2
 -69.48935;29.54423;      -0.17134;3.44377;2
 -69.45595;29.54757;      -0.17466;3.44377;2
 -69.42261;29.55090;      -0.17790;3.44378;2
 -69.38930;29.55423;      -0.18113;3.44378;2
 -69.35592;29.55757;      -0.18431;3.44378;2
 -69.32257;29.56090;      -0.18745;3.44378;2
 -69.28926;29.56423;      -0.19052;3.44379;2
 -69.25594;29.56757;      -0.19350;3.44379;2
 -69.22260;29.57090;      -0.19645;3.44379;2
 -69.18925;29.57423;      -0.19934;3.44380;2
 -69.15592;29.57757;      -0.20212;3.44380;2
 -69.12259;29.58090;      -0.20497;3.44380;2
 -69.08927;29.58423;      -0.20769;3.44380;2
 -69.05595;29.58756;      -0.21027;3.44381;2
 -69.02266;29.59090;      -0.21282;3.44381;2
 -68.98935;29.59423;      -0.21527;3.44381;2
 -68.95603;29.59756;      -0.21759;3.44382;2
 -68.92271;29.60090;      -0.21991;3.44382;2
 -68.88940;29.60423;      -0.22213;3.44382;2
 -68.85610;29.60756;      -0.22431;3.44382;2
 -68.82283;29.61090;      -0.22648;3.44383;2
 -68.78956;29.61423;      -0.22856;3.44383;2
 -68.75629;29.61756;      -0.23050;3.44383;2
 -68.72298;29.62089;      -0.23243;3.44384;2
 -68.68969;29.62423;      -0.23425;3.44384;2
 -68.65641;29.62756;      -0.23602;3.44384;2
 -68.62313;29.63089;      -0.23769;3.44384;2
 -68.58989;29.63423;      -0.23932;3.44385;2
 -68.55667;29.63756;      -0.24085;3.44385;2
 -68.52344;29.64089;      -0.24231;3.44385;2
 -68.49021;29.64423;      -0.24366;3.44385;2
 -68.45697;29.64756;      -0.24483;3.44386;2
 -68.42374;29.65089;      -0.24600;3.44386;2
 -68.39050;29.65423;      -0.24708;3.44386;2
 -68.35727;29.65756;      -0.24809;3.44387;2
 -68.32403;29.66089;      -0.24903;3.44387;2
 -68.29083;29.66422;      -0.24987;3.44387;2
 -68.25764;29.66756;      -0.25066;3.44387;2
 -68.22443;29.67089;      -0.25136;3.44388;2
 -68.19118;29.67422;      -0.25199;3.44388;2
 -68.15795;29.67756;      -0.25247;3.44388;2
 -68.12475;29.68089;      -0.25292;3.44388;2
 -68.09149;29.68422;      -0.25330;3.44389;2
 -68.05829;29.68756;      -0.25350;3.44389;2
 -68.02510;29.69089;      -0.25361;3.44389;2
 -67.99193;29.69422;      -0.25366;3.44390;2
 -67.95870;29.69756;      -0.25370;3.44390;2
 -67.92547;29.70089;      -0.25364;3.44390;2
 -67.89227;29.70422;      -0.25340;3.44390;2
 -67.85910;29.70755;      -0.25311;3.44391;2
 -67.82592;29.71089;      -0.25277;3.44391;2
 -67.79271;29.71422;      -0.25231;3.44391;2
 -67.75947;29.71755;      -0.25167;3.44391;2
 -67.72626;29.72089;      -0.25098;3.44392;2
 -67.69304;29.72422;      -0.25030;3.44392;2
 -67.65985;29.72755;      -0.24953;3.44392;2
 -67.62666;29.73089;      -0.24868;3.44392;2
 -67.59348;29.73422;      -0.24775;3.44393;2
 -67.56031;29.73755;      -0.24671;3.44393;2
 -67.52715;29.74089;      -0.24550;3.44393;2
 -67.49392;29.74422;      -0.24426;3.44393;2
 -67.46072;29.74755;      -0.24281;3.44394;2
 -67.42754;29.75088;      -0.24132;3.44394;2
 -67.39434;29.75422;      -0.23976;3.44394;2
 -67.36113;29.75755;      -0.23819;3.44394;2
 -67.32794;29.76088;      -0.23655;3.44395;2
 -67.29474;29.76422;      -0.23473;3.44395;2
 -67.26151;29.76755;      -0.23278;3.44395;2
 -67.22831;29.77088;      -0.23074;3.44395;2
 -67.19513;29.77422;      -0.22861;3.44396;2
 -67.16194;29.77755;      -0.22645;3.44396;2
 -67.12878;29.78088;      -0.22422;3.44396;2
 -67.09560;29.78421;      -0.22185;3.44396;2
 -67.06240;29.78755;      -0.21943;3.44397;2
 -67.02921;29.79088;      -0.21691;3.44397;2
 -66.99599;29.79421;      -0.21433;3.44397;2
 -66.96275;29.79755;      -0.21168;3.44397;2
 -66.92956;29.80088;      -0.20893;3.44398;2
 -66.89634;29.80421;      -0.20612;3.44398;2
 -66.86309;29.80755;      -0.20320;3.44398;2
 -66.82985;29.81088;      -0.20018;3.44398;2
 -66.79661;29.81421;      -0.19708;3.44399;2
 -66.76335;29.81755;      -0.19389;3.44399;2
 -66.73012;29.82088;      -0.19059;3.44399;2
 -66.69692;29.82421;      -0.18728;3.44399;2
 -66.66369;29.82754;      -0.18394;3.44400;2
 -66.63047;29.83088;      -0.18052;3.44400;2
 -66.59718;29.83421;      -0.17700;3.44400;2
 -66.56387;29.83754;      -0.17341;3.44400;2
 -66.53057;29.84088;      -0.16985;3.44401;2
 -66.49728;29.84421;      -0.16625;3.44401;2
 -66.46400;29.84754;      -0.16242;3.44401;2
 -66.43074;29.85088;      -0.15855;3.44401;2
 -66.39754;29.85421;      -0.15466;3.44401;2
 -66.36429;29.85754;      -0.15073;3.44402;2
 -66.33100;29.86088;      -0.14675;3.44402;2
 -66.29775;29.86421;      -0.14265;3.44402;2
 -66.26447;29.86754;      -0.13854;3.44402;2
 -66.23117;29.87087;      -0.13436;3.44403;2
 -66.19787;29.87421;      -0.13013;3.44403;2
 -66.16462;29.87754;      -0.12591;3.44403;2
 -66.13140;29.88087;      -0.12165;3.44403;2
 -66.09812;29.88421;      -0.11732;3.44404;2
 -66.06486;29.88754;      -0.11290;3.44404;2
 -66.03156;29.89087;      -0.10848;3.44404;2
 -65.99826;29.89421;      -0.10402;3.44404;2
 -65.96494;29.89754;-9.952531e-002;3.44404;2
 -65.93165;29.90087;-9.499337e-002;3.44405;2
 -65.89836;29.90421;-9.038962e-002;3.44405;2
 -65.86508;29.90754;-8.581526e-002;3.44405;2
 -65.83177;29.91087;-8.120034e-002;3.44405;2
 -65.79844;29.91420;-7.655838e-002;3.44405;2
 -65.76513;29.91754;-7.193703e-002;3.44406;2
 -65.73185;29.92087;-6.729048e-002;3.44406;2
 -65.69853;29.92420;-6.255010e-002;3.44406;2
 -65.66524;29.92754;-5.777133e-002;3.44406;2
 -65.63198;29.93087;-5.301197e-002;3.44407;2
 -65.59867;29.93420;-4.829188e-002;3.44407;2
 -65.56535;29.93754;-4.353605e-002;3.44407;2
 -65.53201;29.94087;-3.875971e-002;3.44407;2
 -65.49869;29.94420;-3.396912e-002;3.44407;2
 -65.46541;29.94753;-2.917160e-002;3.44408;2
 -65.43210;29.95087;-2.436091e-002;3.44408;2
 -65.39883;29.95420;-1.950419e-002;3.44408;2
 -65.36550;29.95753;-1.465227e-002;3.44408;2
 -65.33217;29.96087;-9.803208e-003;3.44409;2
 -65.29886;29.96420;-4.964033e-003;3.44409;2
 -65.26554;29.96753;-1.322500e-004;3.44409;2
 -65.23225;29.97087; 4.657188e-003;3.44409;2
 -65.19895;29.97420; 9.454319e-003;3.44409;2
 -65.16563;29.97753; 1.427335e-002;3.44410;2
 -65.13233;29.98087; 1.905982e-002;3.44410;2
 -65.09898;29.98420; 2.387812e-002;3.44410;2
 -65.06565;29.98753; 2.870846e-002;3.44410;2
 -65.03232;29.99086; 3.351667e-002;3.44410;2
 -64.99897;29.99420; 3.827806e-002;3.44411;2
 -64.96563;29.99753; 4.305916e-002;3.44411;2
 -64.93234;30.00086; 4.780243e-002;3.44411;2
 -64.89900;30.00420; 5.256941e-002;3.44411;2
 -64.86567;30.00753; 5.731014e-002;3.44411;2
 -64.83237;30.01086; 6.198317e-002;3.44412;2
 -64.79907;30.01420; 6.666545e-002;3.44412;2
 -64.76573;30.01753; 7.134668e-002;3.44412;2
 -64.73240;30.02086; 7.602070e-002;3.44412;2
 -64.69908;30.02420; 8.062270e-002;3.44412;2
 -64.66571;30.02753; 8.514963e-002;3.44413;2
 -64.63236;30.03086; 8.966358e-002;3.44413;2
 -64.59901;30.03419; 9.417056e-002;3.44413;2
 -64.56572;30.03753; 9.874272e-002;3.44413;2
 -64.53241;30.04086;       0.10326;3.44413;2
 -64.49907;30.04419;       0.10770;3.44414;2
 -64.46572;30.04753;       0.11217;3.44414;2
 -64.43237;30.05086;       0.11663;3.44414;2
 -64.39899;30.05419;       0.12107;3.44414;2
 -64.36557;30.05753;       0.12542;3.44414;2
 -64.33221;30.06086;       0.12978;3.44415;2
 -64.29883;30.06419;       0.13419;3.44415;2
 -64.26545;30.06752;       0.13855;3.44415;2
 -64.23206;30.07086;       0.14284;3.44415;2
 -64.19869;30.07419;       0.14705;3.44415;2
 -64.16534;30.07752;       0.15122;3.44416;2
 -64.13199;30.08086;       0.15541;3.44416;2
 -64.09858;30.08419;       0.15955;3.44416;2
 -64.06521;30.08752;       0.16367;3.44416;2
 -64.03185;30.09086;       0.16773;3.44416;2
 -63.99847;30.09419;       0.17176;3.44416;2
 -63.96509;30.09752;       0.17576;3.44417;2
 -63.93174;30.10086;       0.17977;3.44417;2
 -63.89841;30.10419;       0.18370;3.44417;2
 -63.86503;30.10752;       0.18752;3.44417;2
 -63.83163;30.11085;       0.19141;3.44417;2
 -63.79825;30.11419;       0.19529;3.44418;2
 -63.76489;30.11752;       0.19912;3.44418;2
 -63.73151;30.12085;       0.20289;3.44418;2
 -63.69812;30.12419;       0.20663;3.44418;2
 -63.66474;30.12752;       0.21035;3.44418;2
 -63.63139;30.13085;       0.21403;3.44419;2
 -63.59800;30.13419;       0.21759;3.44419;2
 -63.56462;30.13752;       0.22112;3.44419;2
 -63.53124;30.14085;       0.22469;3.44419;2
 -63.49786;30.14419;       0.22826;3.44419;2
 -63.46447;30.14752;       0.23182;3.44419;2
 -63.43108;30.15085;       0.23532;3.44420;2
 -63.39770;30.15418;       0.23876;3.44420;2
 -63.36429;30.15752;       0.24213;3.44420;2
 -63.33091;30.16085;       0.24552;3.44420;2
 -63.29755;30.16418;       0.24887;3.44420;2
 -63.26414;30.16752;       0.25214;3.44420;2
 -63.23076;30.17085;       0.25532;3.44421;2
 -63.19733;30.17418;       0.25844;3.44421;2
 -63.16394;30.17752;       0.26160;3.44421;2
 -63.13056;30.18085;       0.26476;3.44421;2
 -63.09717;30.18418;       0.26785;3.44421;2
 -63.06378;30.18752;       0.27089;3.44421;2
 -63.03036;30.19085;       0.27392;3.44422;2
 -62.99694;30.19418;       0.27696;3.44422;2
 -62.96357;30.19751;       0.28004;3.44422;2
 -62.93020;30.20085;       0.28303;3.44422;2
 -62.89679;30.20418;       0.28592;3.44422;2
 -62.86337;30.20751;       0.28869;3.44422;2
 -62.82994;30.21085;       0.29158;3.44423;2
 -62.79655;30.21418;       0.29440;3.44423;2
 -62.76314;30.21751;       0.29715;3.44423;2
 -62.72975;30.22085;       0.29990;3.44423;2
 -62.69636;30.22418;       0.30262;3.44423;2
 -62.66294;30.22751;       0.30523;3.44423;2
 -62.62953;30.23084;       0.30787;3.44424;2
 -62.59610;30.23418;       0.31047;3.44424;2
 -62.56268;30.23751;       0.31305;3.44424;2
 -62.52925;30.24084;       0.31560;3.44424;2
 -62.49580;30.24418;       0.31808;3.44424;2
 -62.46239;30.24751;       0.32052;3.44424;2
 -62.42896;30.25084;       0.32296;3.44425;2
 -62.39557;30.25418;       0.32540;3.44425;2
 -62.36215;30.25751;       0.32784;3.44425;2
 -62.32876;30.26084;       0.33020;3.44425;2
 -62.29537;30.26418;       0.33247;3.44425;2
 -62.26200;30.26751;       0.33473;3.44425;2
 -62.22862;30.27084;       0.33700;3.44425;2
 -62.19523;30.27417;       0.33922;3.44426;2
 -62.16188;30.27751;       0.34143;3.44426;2
 -62.12849;30.28084;       0.34360;3.44426;2
 -62.09507;30.28417;       0.34571;3.44426;2
 -62.06169;30.28751;       0.34785;3.44426;2
 -62.02830;30.29084;       0.34995;3.44426;2
 -61.99490;30.29417;       0.35201;3.44426;2
 -61.96153;30.29751;       0.35399;3.44427;2
 -61.92815;30.30084;       0.35595;3.44427;2
 -61.89473;30.30417;       0.35792;3.44427;2
 -61.86130;30.30751;       0.35986;3.44427;2
 -61.82791;30.31084;       0.36177;3.44427;2
 -61.79451;30.31417;       0.36369;3.44427;2
 -61.76111;30.31750;       0.36557;3.44428;2
 -61.72770;30.32084;       0.36747;3.44428;2
 -61.69428;30.32417;       0.36932;3.44428;2
 -61.66089;30.32750;       0.37113;3.44428;2
 -61.62752;30.33084;       0.37293;3.44428;2
 -61.59411;30.33417;       0.37464;3.44428;2
 -61.56071;30.33750;       0.37642;3.44428;2
 -61.52736;30.34084;       0.37818;3.44429;2
 -61.49398;30.34417;       0.37991;3.44429;2
 -61.46061;30.34750;       0.38154;3.44429;2
 -61.42727;30.35083;       0.38312;3.44429;2
 -61.39390;30.35417;       0.38474;3.44429;2
 -61.36054;30.35750;       0.38636;3.44429;2
 -61.32720;30.36083;       0.38794;3.44429;2
 -61.29387;30.36417;       0.38950;3.44429;2
 -61.26052;30.36750;       0.39108;3.44430;2
 -61.22719;30.37083;       0.39263;3.44430;2
 -61.19385;30.37417;       0.39409;3.44430;2
 -61.16050;30.37750;       0.39555;3.44430;2
 -61.12714;30.38083;       0.39702;3.44430;2
 -61.09379;30.38417;       0.39845;3.44430;2
 -61.06043;30.38750;       0.39986;3.44430;2
 -61.02709;30.39083;       0.40125;3.44430;2
 -60.99375;30.39416;       0.40263;3.44431;2
 -60.96043;30.39750;       0.40400;3.44431;2
 -60.92708;30.40083;       0.40537;3.44431;2
 -60.89370;30.40416;       0.40669;3.44431;2
 -60.86037;30.40750;       0.40802;3.44431;2
 -60.82705;30.41083;       0.40939;3.44431;2
 -60.79372;30.41416;       0.41068;3.44431;2
 -60.76036;30.41750;       0.41192;3.44431;2
 -60.72703;30.42083;       0.41321;3.44432;2
 -60.69371;30.42416;       0.41446;3.44432;2
 -60.66037;30.42750;       0.41562;3.44432;2
 -60.62705;30.43083;       0.41676;3.44432;2
 -60.59372;30.43416;       0.41794;3.44432;2
 -60.56038;30.43749;       0.41914;3.44432;2
 -60.52707;30.44083;       0.42034;3.44432;2
 -60.49378;30.44416;       0.42154;3.44432;2
 -60.46051;30.44749;       0.42273;3.44433;2
 -60.42722;30.45083;       0.42388;3.44433;2
 -60.39395;30.45416;       0.42496;3.44433;2
 -60.36067;30.45749;       0.42605;3.44433;2
 -60.32737;30.46083;       0.42711;3.44433;2
 -60.29405;30.46416;       0.42819;3.44433;2
 -60.26072;30.46749;       0.42928;3.44433;2
 -60.22740;30.47083;       0.43037;3.44433;2
 -60.19404;30.47416;       0.43145;3.44433;2
 -60.16073;30.47749;       0.43250;3.44434;2
 -60.12739;30.48082;       0.43357;3.44434;2
 -60.09404;30.48416;       0.43462;3.44434;2
 -60.06073;30.48749;       0.43566;3.44434;2
 -60.02738;30.49082;       0.43667;3.44434;2
 -59.99406;30.49416;       0.43761;3.44434;2
 -59.96077;30.49749;       0.43857;3.44434;2
 -59.92743;30.50082;       0.43953;3.44434;2
 -59.89411;30.50416;       0.44047;3.44434;2
 -59.86080;30.50749;       0.44138;3.44435;2
 -59.82750;30.51082;       0.44225;3.44435;2
 -59.79420;30.51415;       0.44318;3.44435;2
 -59.76089;30.51749;       0.44409;3.44435;2
 -59.72760;30.52082;       0.44495;3.44435;2
 -59.69432;30.52415;       0.44582;3.44435;2
 -59.66106;30.52749;       0.44664;3.44435;2
 -59.62776;30.53082;       0.44745;3.44435;2
 -59.59444;30.53415;       0.44832;3.44435;2
 -59.56112;30.53749;       0.44920;3.44435;2
 -59.52781;30.54082;       0.45005;3.44436;2
 -59.49449;30.54415;       0.45092;3.44436;2
 -59.46120;30.54749;       0.45179;3.44436;2
 -59.42788;30.55082;       0.45262;3.44436;2
 -59.39456;30.55415;       0.45342;3.44436;2
 -59.36124;30.55748;       0.45424;3.44436;2
 -59.32794;30.56082;       0.45501;3.44436;2
 -59.29459;30.56415;       0.45578;3.44436;2
 -59.26126;30.56748;       0.45653;3.44436;2
 -59.22793;30.57082;       0.45727;3.44436;2
 -59.19458;30.57415;       0.45804;3.44436;2
 -59.16123;30.57748;       0.45878;3.44437;2
 -59.12792;30.58082;       0.45946;3.44437;2
 -59.09455;30.58415;       0.46015;3.44437;2
 -59.06118;30.58748;       0.46088;3.44437;2
 -59.02781;30.59082;       0.46162;3.44437;2
 -58.99446;30.59415;       0.46236;3.44437;2
 -58.96111;30.59748;       0.46310;3.44437;2
 -58.92775;30.60081;       0.46384;3.44437;2
 -58.89442;30.60415;       0.46456;3.44437;2
 -58.86109;30.60748;       0.46523;3.44437;2
 -58.82774;30.61081;       0.46589;3.44437;2
 -58.79437;30.61415;       0.46651;3.44437;2
 -58.76102;30.61748;       0.46715;3.44438;2
 -58.72767;30.62081;       0.46780;3.44438;2
 -58.69431;30.62415;       0.46846;3.44438;2
 -58.66096;30.62748;       0.46911;3.44438;2
 -58.62762;30.63081;       0.46977;3.44438;2
 -58.59428;30.63414;       0.47043;3.44438;2
 -58.56098;30.63748;       0.47109;3.44438;2
 -58.52766;30.64081;       0.47173;3.44438;2
 -58.49433;30.64414;       0.47238;3.44438;2
 -58.46099;30.64748;       0.47300;3.44438;2
 -58.42763;30.65081;       0.47361;3.44438;2
 -58.39429;30.65414;       0.47425;3.44438;2
 -58.36092;30.65748;       0.47486;3.44439;2
 -58.32754;30.66081;       0.47543;3.44439;2
 -58.29420;30.66414;       0.47600;3.44439;2
 -58.26087;30.66748;       0.47658;3.44439;2
 -58.22755;30.67081;       0.47716;3.44439;2
 -58.19422;30.67414;       0.47773;3.44439;2
 -58.16093;30.67747;       0.47831;3.44439;2
 -58.12759;30.68081;       0.47889;3.44439;2
 -58.09424;30.68414;       0.47946;3.44439;2
 -58.06091;30.68747;       0.48000;3.44439;2
 -58.02759;30.69081;       0.48053;3.44439;2
 -57.99428;30.69414;       0.48104;3.44439;2
 -57.96095;30.69747;       0.48162;3.44439;2
 -57.92759;30.70081;       0.48218;3.44439;2
 -57.89423;30.70414;       0.48274;3.44440;2
 -57.86088;30.70747;       0.48323;3.44440;2
 -57.82753;30.71081;       0.48374;3.44440;2
 -57.79417;30.71414;       0.48430;3.44440;2
 -57.76080;30.71747;       0.48487;3.44440;2
 -57.72746;30.72080;       0.48544;3.44440;2
 -57.69410;30.72414;       0.48600;3.44440;2
 -57.66074;30.72747;       0.48652;3.44440;2
 -57.62740;30.73080;       0.48702;3.44440;2
 -57.59406;30.73414;       0.48752;3.44440;2
 -57.56072;30.73747;       0.48800;3.44440;2
 -57.52740;30.74080;       0.48846;3.44440;2
 -57.49405;30.74414;       0.48896;3.44440;2
 -57.46071;30.74747;       0.48944;3.44440;2
 -57.42735;30.75080;       0.48994;3.44440;2
 -57.39401;30.75414;       0.49046;3.44440;2
 -57.36065;30.75747;       0.49099;3.44440;2
 -57.32731;30.76080;       0.49150;3.44441;2
 -57.29396;30.76413;       0.49201;3.44441;2
 -57.26063;30.76747;       0.49250;3.44441;2
 -57.22727;30.77080;       0.49298;3.44441;2
 -57.19392;30.77413;       0.49347;3.44441;2
 -57.16059;30.77747;       0.49394;3.44441;2
 -57.12720;30.78080;       0.49440;3.44441;2
 -57.09384;30.78413;       0.49486;3.44441;2
 -57.06052;30.78747;       0.49532;3.44441;2
 -57.02719;30.79080;       0.49574;3.44441;2
 -56.99381;30.79413;       0.49618;3.44441;2
 -56.96046;30.79746;       0.49666;3.44441;2
 -56.92712;30.80080;       0.49712;3.44441;2
 -56.89378;30.80413;       0.49758;3.44441;2
 -56.86043;30.80746;       0.49804;3.44441;2
 -56.82710;30.81080;       0.49846;3.44441;2
 -56.79379;30.81413;       0.49886;3.44441;2
 -56.76049;30.81746;       0.49928;3.44441;2
 -56.72722;30.82080;       0.49971;3.44441;2
 -56.69387;30.82413;       0.50014;3.44441;2
 -56.66053;30.82746;       0.50057;3.44441;2
 -56.62718;30.83080;       0.50096;3.44442;2
 -56.59385;30.83413;       0.50136;3.44442;2
 -56.56050;30.83746;       0.50176;3.44442;2
 -56.52715;30.84079;       0.50217;3.44442;2
 -56.49380;30.84413;       0.50260;3.44442;2
 -56.46046;30.84746;       0.50301;3.44442;2
 -56.42714;30.85079;       0.50342;3.44442;2
 -56.39380;30.85413;       0.50382;3.44442;2
 -56.36048;30.85746;       0.50423;3.44442;2
 -56.32715;30.86079;       0.50468;3.44442;2
 -56.29379;30.86413;       0.50511;3.44442;2
 -56.26046;30.86746;       0.50553;3.44442;2
 -56.22712;30.87079;       0.50591;3.44442;2
 -56.19377;30.87413;       0.50624;3.44442;2
 -56.16044;30.87746;       0.50660;3.44442;2
 -56.12710;30.88079;       0.50701;3.44442;2
 -56.09378;30.88412;       0.50750;3.44442;2
 -56.06044;30.88746;       0.50798;3.44442;2
 -56.02712;30.89079;       0.50840;3.44442;2
 -55.99378;30.89412;       0.50880;3.44442;2
 -55.96042;30.89746;       0.50918;3.44442;2
 -55.92709;30.90079;       0.50953;3.44442;2
 -55.89377;30.90412;       0.50993;3.44442;2
 -55.86047;30.90746;       0.51035;3.44442;2
 -55.82712;30.91079;       0.51079;3.44442;2
 -55.79378;30.91412;       0.51119;3.44442;2
 -55.76044;30.91745;       0.51159;3.44442;2
 -55.72710;30.92079;       0.51197;3.44442;2
 -55.69376;30.92412;       0.51235;3.44442;2
 -55.66042;30.92745;       0.51274;3.44442;2
 -55.62709;30.93079;       0.51309;3.44442;2
 -55.59375;30.93412;       0.51345;3.44442;2
 -55.56043;30.93745;       0.51382;3.44442;2
 -55.52710;30.94079;       0.51419;3.44443;2
 -55.49376;30.94412;       0.51455;3.44443;2
 -55.46040;30.94745;       0.51490;3.44443;2
 -55.42704;30.95079;       0.51524;3.44443;2
 -55.39366;30.95412;       0.51562;3.44443;2
 -55.36031;30.95745;       0.51598;3.44443;2
 -55.32698;30.96078;       0.51633;3.44443;2
 -55.29368;30.96412;       0.51668;3.44443;2
 -55.26030;30.96745;       0.51707;3.44443;2
 -55.22696;30.97078;       0.51745;3.44443;2
 -55.19361;30.97412;       0.51782;3.44443;2
 -55.16024;30.97745;       0.51814;3.44443;2
 -55.12692;30.98078;       0.51831;3.44443;2
 -55.09366;30.98412;       0.51852;3.44443;2
 -55.06036;30.98745;       0.51889;3.44443;2
 -55.02705;30.99078;       0.51926;3.44443;2
 -54.99375;30.99412;       0.51961;3.44443;2
 -54.96051;30.99745;       0.52003;3.44443;2
 -54.92722;31.00078;       0.52045;3.44443;2
 -54.89393;31.00411;       0.52082;3.44443;2
 -54.86066;31.00745;       0.52121;3.44443;2
 -54.82733;31.01078;       0.52159;3.44443;2
 -54.79404;31.01411;       0.52196;3.44443;2
 -54.76071;31.01745;       0.52236;3.44443;2
 -54.72738;31.02078;       0.52272;3.44443;2
 -54.69406;31.02411;       0.52308;3.44443;2
 -54.66076;31.02745;       0.52347;3.44443;2
 -54.62748;31.03078;       0.52387;3.44443;2
 -54.59417;31.03411;       0.52424;3.44443;2
 -54.56086;31.03745;       0.52462;3.44443;2
 -54.52755;31.04078;       0.52497;3.44443;2
 -54.49425;31.04411;       0.52531;3.44443;2
 -54.46095;31.04744;       0.52565;3.44443;2
 -54.42764;31.05078;       0.52595;3.44443;2
 -54.39431;31.05411;       0.52628;3.44443;2
 -54.36097;31.05744;       0.52659;3.44443;2
 -54.32763;31.06078;       0.52694;3.44443;2
 -54.29433;31.06411;       0.52727;3.44443;2
 -54.26105;31.06744;       0.52761;3.44443;2
 -54.22772;31.07078;       0.52796;3.44443;2
 -54.19438;31.07411;       0.52830;3.44443;2
 -54.16108;31.07744;       0.52863;3.44443;2
 -54.12778;31.08077;       0.52898;3.44443;2
 -54.09445;31.08411;       0.52930;3.44443;2
 -54.06112;31.08744;       0.52961;3.44443;2
 -54.02783;31.09077;       0.52989;3.44443;2
 -53.99451;31.09411;       0.53020;3.44443;2
 -53.96118;31.09744;       0.53053;3.44443;2
 -53.92786;31.10077;       0.53088;3.44443;2
 -53.89454;31.10411;       0.53128;3.44443;2
 -53.86123;31.10744;       0.53164;3.44443;2
 -53.82793;31.11077;       0.53198;3.44443;2
 -53.79465;31.11411;       0.53231;3.44443;2
 -53.76135;31.11744;       0.53263;3.44443;2
 -53.72807;31.12077;       0.53293;3.44443;2
 -53.69483;31.12410;       0.53317;3.44443;2
 -53.66157;31.12744;       0.53345;3.44443;2
 -53.62829;31.13077;       0.53378;3.44443;2
 -53.59499;31.13410;       0.53414;3.44442;2
 -53.56170;31.13744;       0.53449;3.44442;2
 -53.52843;31.14077;       0.53484;3.44442;2
 -53.49513;31.14410;       0.53509;3.44442;2
 -53.46185;31.14744;       0.53525;3.44442;2
 -53.42859;31.15077;       0.53555;3.44442;2
 -53.39533;31.15410;       0.53588;3.44442;2
 -53.36207;31.15744;       0.53623;3.44442;2
 -53.32879;31.16077;       0.53658;3.44442;2
 -53.29550;31.16410;       0.53691;3.44442;2
 -53.26218;31.16743;       0.53723;3.44442;2
 -53.22889;31.17077;       0.53756;3.44442;2
 -53.19558;31.17410;       0.53790;3.44442;2
 -53.16230;31.17743;       0.53825;3.44442;2
 -53.12906;31.18077;       0.53859;3.44442;2
 -53.09577;31.18410;       0.53893;3.44442;2
 -53.06243;31.18743;       0.53929;3.44442;2
 -53.02910;31.19077;       0.53963;3.44442;2
 -52.99579;31.19410;       0.53997;3.44442;2
 -52.96248;31.19743;       0.54028;3.44442;2
 -52.92917;31.20076;       0.54058;3.44442;2
 -52.89585;31.20410;       0.54089;3.44442;2
 -52.86256;31.20743;       0.54124;3.44442;2
 -52.82923;31.21076;       0.54156;3.44442;2
 -52.79594;31.21410;       0.54188;3.44442;2
 -52.76263;31.21743;       0.54221;3.44442;2
 -52.72930;31.22076;       0.54253;3.44442;2
 -52.69596;31.22410;       0.54287;3.44442;2
 -52.66262;31.22743;       0.54319;3.44442;2
 -52.62929;31.23076;       0.54351;3.44442;2
 -52.59598;31.23410;       0.54379;3.44442;2
 -52.56268;31.23743;       0.54406;3.44442;2
 -52.52935;31.24076;       0.54437;3.44442;2
 -52.49605;31.24409;       0.54472;3.44441;2
 -52.46275;31.24743;       0.54509;3.44441;2
 -52.42942;31.25076;       0.54550;3.44441;2
 -52.39610;31.25409;       0.54587;3.44441;2
 -52.36280;31.25743;       0.54624;3.44441;2
 -52.32953;31.26076;       0.54659;3.44441;2
 -52.29622;31.26409;       0.54689;3.44441;2
 -52.26288;31.26743;       0.54716;3.44441;2
 -52.22957;31.27076;       0.54746;3.44441;2
 -52.19629;31.27409;       0.54776;3.44441;2
 -52.16295;31.27743;       0.54813;3.44441;2
 -52.12959;31.28076;       0.54849;3.44441;2
 -52.09622;31.28409;       0.54882;3.44441;2
 -52.06290;31.28742;       0.54915;3.44441;2
 -52.02959;31.29076;       0.54949;3.44441;2
 -51.99625;31.29409;       0.54982;3.44441;2
 -51.96294;31.29742;       0.55017;3.44441;2
 -51.92962;31.30076;       0.55053;3.44441;2
 -51.89631;31.30409;       0.55091;3.44441;2
 -51.86301;31.30742;       0.55126;3.44441;2
 -51.82967;31.31076;       0.55159;3.44441;2
 -51.79633;31.31409;       0.55193;3.44440;2
 -51.76298;31.31742;       0.55227;3.44440;2
 -51.72963;31.32076;       0.55259;3.44440;2
 -51.69630;31.32409;       0.55293;3.44440;2
 -51.66295;31.32742;       0.55328;3.44440;2
 -51.62962;31.33075;       0.55361;3.44440;2
 -51.59628;31.33409;       0.55395;3.44440;2
 -51.56295;31.33742;       0.55427;3.44440;2
 -51.52959;31.34075;       0.55458;3.44440;2
 -51.49622;31.34409;       0.55490;3.44440;2
 -51.46288;31.34742;       0.55523;3.44440;2
 -51.42954;31.35075;       0.55557;3.44440;2
 -51.39619;31.35409;       0.55591;3.44440;2
 -51.36284;31.35742;       0.55624;3.44440;2
 -51.32950;31.36075;       0.55660;3.44440;2
 -51.29616;31.36408;       0.55706;3.44440;2
 -51.26283;31.36742;       0.55750;3.44440;2
 -51.22951;31.37075;       0.55787;3.44439;2
 -51.19618;31.37408;       0.55820;3.44439;2
 -51.16284;31.37742;       0.55856;3.44439;2
 -51.12951;31.38075;       0.55892;3.44439;2
 -51.09617;31.38408;       0.55927;3.44439;2
 -51.06283;31.38742;       0.55963;3.44439;2
 -51.02947;31.39075;       0.55998;3.44439;2
 -50.99615;31.39408;       0.56030;3.44439;2
 -50.96281;31.39742;       0.56063;3.44439;2
 -50.92948;31.40075;       0.56098;3.44439;2
 -50.89614;31.40408;       0.56135;3.44439;2
 -50.86280;31.40741;       0.56169;3.44439;2
 -50.82946;31.41075;       0.56200;3.44439;2
 -50.79611;31.41408;       0.56236;3.44439;2
 -50.76278;31.41741;       0.56275;3.44438;2
 -50.72945;31.42075;       0.56312;3.44438;2
 -50.69611;31.42408;       0.56346;3.44438;2
 -50.66280;31.42741;       0.56382;3.44438;2
 -50.62950;31.43075;       0.56415;3.44438;2
 -50.59620;31.43408;       0.56449;3.44438;2
 -50.56284;31.43741;       0.56486;3.44438;2
 -50.52954;31.44075;       0.56516;3.44438;2
 -50.49620;31.44408;       0.56547;3.44438;2
 -50.46286;31.44741;       0.56579;3.44438;2
 -50.42952;31.45074;       0.56616;3.44438;2
 -50.39618;31.45408;       0.56652;3.44438;2
 -50.36285;31.45741;       0.56689;3.44438;2
 -50.32949;31.46074;       0.56724;3.44437;2
 -50.29616;31.46408;       0.56757;3.44437;2
 -50.26285;31.46741;       0.56792;3.44437;2
 -50.22952;31.47074;       0.56831;3.44437;2
 -50.19617;31.47408;       0.56870;3.44437;2
 -50.16283;31.47741;       0.56909;3.44437;2
 -50.12954;31.48074;       0.56946;3.44437;2
 -50.09625;31.48407;       0.56980;3.44437;2
 -50.06295;31.48741;       0.57012;3.44437;2
 -50.02962;31.49074;       0.57048;3.44437;2
 -49.99632;31.49407;       0.57083;3.44437;2
 -49.96302;31.49741;       0.57119;3.44436;2
 -49.92969;31.50074;       0.57153;3.44436;2
 -49.89638;31.50407;       0.57186;3.44436;2
 -49.86306;31.50741;       0.57220;3.44436;2
 -49.82968;31.51074;       0.57257;3.44436;2
 -49.79637;31.51407;       0.57297;3.44436;2
 -49.76304;31.51741;       0.57334;3.44436;2
 -49.72972;31.52074;       0.57370;3.44436;2
 -49.69643;31.52407;       0.57406;3.44436;2
 -49.66314;31.52740;       0.57442;3.44436;2
 -49.62981;31.53074;       0.57478;3.44436;2
 -49.59646;31.53407;       0.57515;3.44435;2
 -49.56314;31.53740;       0.57553;3.44435;2
 -49.52982;31.54074;       0.57588;3.44435;2
 -49.49655;31.54407;       0.57621;3.44435;2
 -49.46325;31.54740;       0.57658;3.44435;2
 -49.42994;31.55074;       0.57697;3.44435;2
 -49.39666;31.55407;       0.57734;3.44435;2
 -49.36333;31.55740;       0.57771;3.44435;2
 -49.33001;31.56074;       0.57808;3.44435;2
 -49.29672;31.56407;       0.57843;3.44435;2
 -49.26343;31.56740;       0.57877;3.44434;2
 -49.23009;31.57073;       0.57913;3.44434;2
 -49.19674;31.57407;       0.57949;3.44434;2
 -49.16344;31.57740;       0.57985;3.44434;2
 -49.13013;31.58073;       0.58019;3.44434;2
 -49.09681;31.58407;       0.58061;3.44434;2
 -49.06347;31.58740;       0.58101;3.44434;2
 -49.03013;31.59073;       0.58141;3.44434;2
 -48.99679;31.59407;       0.58182;3.44434;2
 -48.96348;31.59740;       0.58221;3.44433;2
 -48.93013;31.60073;       0.58259;3.44433;2
 -48.89678;31.60407;       0.58297;3.44433;2
 -48.86346;31.60740;       0.58335;3.44433;2
 -48.83013;31.61073;       0.58375;3.44433;2
 -48.79676;31.61406;       0.58412;3.44433;2
 -48.76339;31.61740;       0.58449;3.44433;2
 -48.73004;31.62073;       0.58487;3.44433;2
 -48.69667;31.62406;       0.58522;3.44433;2
 -48.66330;31.62740;       0.58558;3.44432;2
 -48.62996;31.63073;       0.58597;3.44432;2
 -48.59660;31.63406;       0.58635;3.44432;2
 -48.56325;31.63740;       0.58672;3.44432;2
 -48.52989;31.64073;       0.58714;3.44432;2
 -48.49649;31.64406;       0.58752;3.44432;2
 -48.46316;31.64739;       0.58789;3.44432;2
 -48.42977;31.65073;       0.58828;3.44432;2
 -48.39638;31.65406;       0.58867;3.44431;2
 -48.36302;31.65739;       0.58906;3.44431;2
 -48.32965;31.66073;       0.58946;3.44431;2
 -48.29628;31.66406;       0.58990;3.44431;2
 -48.26292;31.66739;       0.59032;3.44431;2
 -48.22952;31.67073;       0.59076;3.44431;2
 -48.19618;31.67406;       0.59118;3.44431;2
 -48.16280;31.67739;       0.59156;3.44431;2
 -48.12942;31.68073;       0.59196;3.44430;2
 -48.09601;31.68406;       0.59236;3.44430;2
 -48.06261;31.68739;       0.59277;3.44430;2
 -48.02922;31.69072;       0.59316;3.44430;2
 -47.99584;31.69406;       0.59357;3.44430;2
 -47.96245;31.69739;       0.59395;3.44430;2
 -47.92906;31.70072;       0.59432;3.44430;2
 -47.89565;31.70406;       0.59472;3.44430;2
 -47.86228;31.70739;       0.59510;3.44429;2
 -47.82891;31.71072;       0.59550;3.44429;2
 -47.79557;31.71406;       0.59589;3.44429;2
 -47.76220;31.71739;       0.59627;3.44429;2
 -47.72885;31.72072;       0.59665;3.44429;2
 -47.69545;31.72406;       0.59704;3.44429;2
 -47.66204;31.72739;       0.59742;3.44429;2
 -47.62862;31.73072;       0.59783;3.44429;2
 -47.59522;31.73405;       0.59824;3.44428;2
 -47.56183;31.73739;       0.59867;3.44428;2
 -47.52842;31.74072;       0.59907;3.44428;2
 -47.49503;31.74405;       0.59949;3.44428;2
 -47.46164;31.74739;       0.59991;3.44428;2
 -47.42825;31.75072;       0.60032;3.44428;2
 -47.39483;31.75405;       0.60074;3.44427;2
 -47.36138;31.75739;       0.60116;3.44427;2
 -47.32802;31.76072;       0.60157;3.44427;2
 -47.29464;31.76405;       0.60203;3.44427;2
 -47.26126;31.76738;       0.60247;3.44427;2
 -47.22786;31.77072;       0.60291;3.44427;2
 -47.19451;31.77405;       0.60335;3.44427;2
 -47.16112;31.77738;       0.60376;3.44426;2
 -47.12772;31.78072;       0.60418;3.44426;2
 -47.09432;31.78405;       0.60457;3.44426;2
 -47.06092;31.78738;       0.60494;3.44426;2
 -47.02756;31.79072;       0.60532;3.44426;2
 -46.99417;31.79405;       0.60571;3.44426;2
 -46.96082;31.79738;       0.60612;3.44426;2
 -46.92748;31.80072;       0.60651;3.44425;2
 -46.89414;31.80405;       0.60691;3.44425;2
 -46.86081;31.80738;       0.60735;3.44425;2
 -46.82743;31.81071;       0.60780;3.44425;2
 -46.79408;31.81405;       0.60823;3.44425;2
 -46.76076;31.81738;       0.60867;3.44425;2
 -46.72743;31.82071;       0.60907;3.44425;2
 -46.69409;31.82405;       0.60947;3.44424;2
 -46.66073;31.82738;       0.60991;3.44424;2
 -46.62739;31.83071;       0.61034;3.44424;2
 -46.59405;31.83405;       0.61073;3.44424;2
 -46.56071;31.83738;       0.61111;3.44424;2
 -46.52737;31.84071;       0.61151;3.44424;2
 -46.49405;31.84405;       0.61198;3.44423;2
 -46.46075;31.84738;       0.61245;3.44423;2
 -46.42739;31.85071;       0.61289;3.44423;2
 -46.39404;31.85404;       0.61330;3.44423;2
 -46.36071;31.85738;       0.61372;3.44423;2
 -46.32737;31.86071;       0.61413;3.44423;2
 -46.29407;31.86404;       0.61455;3.44422;2
 -46.26079;31.86738;       0.61497;3.44422;2
 -46.22747;31.87071;       0.61536;3.44422;2
 -46.19417;31.87404;       0.61574;3.44422;2
 -46.16083;31.87738;       0.61611;3.44422;2
 -46.12752;31.88071;       0.61650;3.44422;2
 -46.09420;31.88404;       0.61691;3.44421;2
 -46.06091;31.88738;       0.61734;3.44421;2
 -46.02763;31.89071;       0.61775;3.44421;2
 -45.99430;31.89404;       0.61813;3.44421;2
 -45.96097;31.89737;       0.61854;3.44421;2
 -45.92765;31.90071;       0.61897;3.44421;2
 -45.89434;31.90404;       0.61941;3.44420;2
 -45.86101;31.90737;       0.61986;3.44420;2
 -45.82768;31.91071;       0.62029;3.44420;2
 -45.79438;31.91404;       0.62068;3.44420;2
 -45.76103;31.91737;       0.62109;3.44420;2
 -45.72767;31.92071;       0.62150;3.44420;2
 -45.69430;31.92404;       0.62190;3.44419;2
 -45.66098;31.92737;       0.62228;3.44419;2
 -45.62766;31.93070;       0.62272;3.44419;2
 -45.59435;31.93404;       0.62313;3.44419;2
 -45.56099;31.93737;       0.62355;3.44419;2
 -45.52765;31.94070;       0.62396;3.44419;2
 -45.49431;31.94404;       0.62438;3.44418;2
 -45.46100;31.94737;       0.62482;3.44418;2
 -45.42765;31.95070;       0.62524;3.44418;2
 -45.39430;31.95404;       0.62569;3.44418;2
 -45.36098;31.95737;       0.62614;3.44418;2
 -45.32764;31.96070;       0.62662;3.44417;2
 -45.29432;31.96404;       0.62710;3.44417;2
 -45.26103;31.96737;       0.62757;3.44417;2
 -45.22769;31.97070;       0.62805;3.44417;2
 -45.19438;31.97403;       0.62852;3.44417;2
 -45.16102;31.97737;       0.62897;3.44417;2
 -45.12769;31.98070;       0.62940;3.44416;2
 -45.09440;31.98403;       0.62984;3.44416;2
 -45.06110;31.98737;       0.63028;3.44416;2
 -45.02779;31.99070;       0.63073;3.44416;2
 -44.99447;31.99403;       0.63118;3.44416;2
 -44.96120;31.99737;       0.63164;3.44415;2
 -44.92789;32.00070;       0.63210;3.44415;2
 -44.89455;32.00403;       0.63252;3.44415;2
 -44.86123;32.00737;       0.63296;3.44415;2
 -44.82789;32.01070;       0.63337;3.44415;2
 -44.79456;32.01403;       0.63379;3.44414;2
 -44.76122;32.01736;       0.63420;3.44414;2
 -44.72788;32.02070;       0.63465;3.44414;2
 -44.69456;32.02403;       0.63512;3.44414;2
 -44.66124;32.02736;       0.63556;3.44414;2
 -44.62793;32.03070;       0.63597;3.44413;2
 -44.59465;32.03403;       0.63642;3.44413;2
 -44.56132;32.03736;       0.63689;3.44413;2
 -44.52798;32.04070;       0.63736;3.44413;2
 -44.49465;32.04403;       0.63781;3.44413;2
 -44.46130;32.04736;       0.63825;3.44412;2
 -44.42793;32.05069;       0.63870;3.44412;2
 -44.39464;32.05403;       0.63914;3.44412;2
 -44.36134;32.05736;       0.63959;3.44412;2
 -44.32805;32.06069;       0.64010;3.44412;2
 -44.29477;32.06403;       0.64059;3.44411;2
 -44.26142;32.06736;       0.64104;3.44411;2
 -44.22809;32.07069;       0.64145;3.44411;2
 -44.19480;32.07403;       0.64184;3.44411;2
 -44.16149;32.07736;       0.64228;3.44411;2
 -44.12819;32.08069;       0.64272;3.44410;2
 -44.09487;32.08403;       0.64317;3.44410;2
 -44.06160;32.08736;       0.64369;3.44410;2
 -44.02831;32.09069;       0.64418;3.44410;2
 -43.99504;32.09402;       0.64463;3.44410;2
 -43.96177;32.09736;       0.64507;3.44409;2
 -43.92848;32.10069;       0.64551;3.44409;2
 -43.89518;32.10402;       0.64594;3.44409;2
 -43.86189;32.10736;       0.64638;3.44409;2
 -43.82862;32.11069;       0.64685;3.44409;2
 -43.79534;32.11402;       0.64731;3.44408;2
 -43.76206;32.11736;       0.64776;3.44408;2
 -43.72881;32.12069;       0.64820;3.44408;2
 -43.69553;32.12402;       0.64865;3.44408;2
 -43.66227;32.12736;       0.64911;3.44408;2
 -43.62900;32.13069;       0.64960;3.44407;2
 -43.59572;32.13402;       0.65007;3.44407;2
 -43.56245;32.13735;       0.65054;3.44407;2
 -43.52919;32.14069;       0.65099;3.44407;2
 -43.49593;32.14402;       0.65145;3.44406;2
 -43.46268;32.14735;       0.65192;3.44406;2
 -43.42937;32.15069;       0.65241;3.44406;2
 -43.39608;32.15402;       0.65288;3.44406;2
 -43.36280;32.15735;       0.65334;3.44406;2
 -43.32950;32.16069;       0.65379;3.44405;2
 -43.29626;32.16402;       0.65425;3.44405;2
 -43.26297;32.16735;       0.65468;3.44405;2
 -43.22965;32.17069;       0.65514;3.44405;2
 -43.19638;32.17402;       0.65564;3.44404;2
 -43.16310;32.17735;       0.65611;3.44404;2
 -43.12983;32.18068;       0.65658;3.44404;2
 -43.09659;32.18402;       0.65711;3.44404;2
 -43.06330;32.18735;       0.65762;3.44404;2
 -43.02999;32.19068;       0.65815;3.44403;2
 -42.99671;32.19402;       0.65856;3.44403;2
 -42.96342;32.19735;       0.65899;3.44403;2
 -42.93010;32.20068;       0.65954;3.44403;2
 -42.89681;32.20402;       0.66001;3.44402;2
 -42.86349;32.20735;       0.66053;3.44402;2
 -42.83019;32.21068;       0.66109;3.44402;2
 -42.79690;32.21401;       0.66156;3.44402;2
 -42.76361;32.21735;       0.66204;3.44401;2
 -42.73036;32.22068;       0.66253;3.44401;2
 -42.69707;32.22401;       0.66302;3.44401;2
 -42.66382;32.22735;       0.66349;3.44401;2
 -42.63054;32.23068;       0.66395;3.44401;2
 -42.59726;32.23401;       0.66445;3.44400;2
 -42.56396;32.23735;       0.66493;3.44400;2
 -42.53066;32.24068;       0.66542;3.44400;2
 -42.49740;32.24401;       0.66592;3.44400;2
 -42.46413;32.24735;       0.66642;3.44399;2
 -42.43087;32.25068;       0.66701;3.44399;2
 -42.39762;32.25401;       0.66756;3.44399;2
 -42.36434;32.25734;       0.66811;3.44399;2
 -42.33105;32.26068;       0.66865;3.44398;2
 -42.29772;32.26401;       0.66915;3.44398;2
 -42.26442;32.26734;       0.66968;3.44398;2
 -42.23115;32.27068;       0.67021;3.44398;2
 -42.19786;32.27401;       0.67073;3.44397;2
 -42.16450;32.27734;       0.67126;3.44397;2
 -42.13119;32.28068;       0.67179;3.44397;2
 -42.09789;32.28401;       0.67229;3.44397;2
 -42.06459;32.28734;       0.67279;3.44396;2
 -42.03125;32.29068;       0.67329;3.44396;2
 -41.99792;32.29401;       0.67379;3.44396;2
 -41.96457;32.29734;       0.67433;3.44396;2
 -41.93123;32.30067;       0.67485;3.44395;2
 -41.89791;32.30401;       0.67535;3.44395;2
 -41.86455;32.30734;       0.67585;3.44395;2
 -41.83122;32.31067;       0.67635;3.44395;2
 -41.79791;32.31401;       0.67684;3.44394;2
 -41.76462;32.31734;       0.67734;3.44394;2
 -41.73129;32.32067;       0.67788;3.44394;2
 -41.69795;32.32401;       0.67840;3.44394;2
 -41.66466;32.32734;       0.67890;3.44393;2
 -41.63135;32.33067;       0.67942;3.44393;2
 -41.59806;32.33400;       0.67995;3.44393;2
 -41.56475;32.33734;       0.68051;3.44393;2
 -41.53144;32.34067;       0.68110;3.44392;2
 -41.49811;32.34400;       0.68162;3.44392;2
 -41.46479;32.34734;       0.68215;3.44392;2
 -41.43146;32.35067;       0.68271;3.44392;2
 -41.39814;32.35400;       0.68323;3.44391;2
 -41.36481;32.35734;       0.68376;3.44391;2
 -41.33149;32.36067;       0.68427;3.44391;2
 -41.29820;32.36400;       0.68481;3.44391;2
 -41.26487;32.36734;       0.68538;3.44390;2
 -41.23155;32.37067;       0.68596;3.44390;2
 -41.19821;32.37400;       0.68653;3.44390;2
 -41.16486;32.37733;       0.68709;3.44390;2
 -41.13154;32.38067;       0.68764;3.44389;2
 -41.09823;32.38400;       0.68817;3.44389;2
 -41.06488;32.38733;       0.68866;3.44389;2
 -41.03152;32.39067;       0.68914;3.44388;2
 -40.99819;32.39400;       0.68964;3.44388;2
 -40.96491;32.39733;       0.69015;3.44388;2
 -40.93156;32.40067;       0.69068;3.44388;2
 -40.89822;32.40400;       0.69121;3.44387;2
 -40.86486;32.40733;       0.69182;3.44387;2
 -40.83153;32.41067;       0.69245;3.44387;2
 -40.79820;32.41400;       0.69304;3.44387;2
 -40.76488;32.41733;       0.69362;3.44386;2
 -40.73152;32.42066;       0.69419;3.44386;2
 -40.69814;32.42400;       0.69472;3.44386;2
 -40.66482;32.42733;       0.69526;3.44385;2
 -40.63145;32.43066;       0.69578;3.44385;2
 -40.59810;32.43400;       0.69629;3.44385;2
 -40.56476;32.43733;       0.69680;3.44385;2
 -40.53142;32.44066;       0.69735;3.44384;2
 -40.49810;32.44400;       0.69792;3.44384;2
 -40.46475;32.44733;       0.69844;3.44384;2
 -40.43139;32.45066;       0.69907;3.44384;2
 -40.39805;32.45400;       0.69972;3.44383;2
 -40.36471;32.45733;       0.70028;3.44383;2
 -40.33137;32.46066;       0.70076;3.44383;2
 -40.29803;32.46399;       0.70134;3.44382;2
 -40.26470;32.46733;       0.70188;3.44382;2
 -40.23136;32.47066;       0.70241;3.44382;2
 -40.19799;32.47399;       0.70294;3.44382;2
 -40.16462;32.47733;       0.70353;3.44381;2
 -40.13133;32.48066;       0.70417;3.44381;2
 -40.09798;32.48399;       0.70475;3.44381;2
 -40.06464;32.48733;       0.70533;3.44380;2
 -40.03133;32.49066;       0.70597;3.44380;2
 -39.99799;32.49399;       0.70657;3.44380;2
 -39.96466;32.49732;       0.70715;3.44380;2
 -39.93131;32.50066;       0.70772;3.44379;2
 -39.89800;32.50399;       0.70830;3.44379;2
 -39.86470;32.50732;       0.70893;3.44379;2
 -39.83142;32.51066;       0.70951;3.44378;2
 -39.79812;32.51399;       0.71011;3.44378;2
 -39.76477;32.51732;       0.71071;3.44378;2
 -39.73140;32.52066;       0.71133;3.44378;2
 -39.69806;32.52399;       0.71197;3.44377;2
 -39.66472;32.52732;       0.71259;3.44377;2
 -39.63140;32.53066;       0.71323;3.44377;2
 -39.59805;32.53399;       0.71384;3.44376;2
 -39.56473;32.53732;       0.71445;3.44376;2
 -39.53142;32.54065;       0.71507;3.44376;2
 -39.49808;32.54399;       0.71567;3.44375;2
 -39.46478;32.54732;       0.71626;3.44375;2
 -39.43146;32.55065;       0.71686;3.44375;2
 -39.39812;32.55399;       0.71740;3.44375;2
 -39.36477;32.55732;       0.71798;3.44374;2
 -39.33142;32.56065;       0.71855;3.44374;2
 -39.29810;32.56399;       0.71916;3.44374;2
 -39.26476;32.56732;       0.71976;3.44373;2
 -39.23139;32.57065;       0.72035;3.44373;2
 -39.19805;32.57399;       0.72097;3.44373;2
 -39.16469;32.57732;       0.72154;3.44372;2
 -39.13135;32.58065;       0.72207;3.44372;2
 -39.09799;32.58398;       0.72271;3.44372;2
 -39.06462;32.58732;       0.72333;3.44372;2
 -39.03126;32.59065;       0.72394;3.44371;2
 -38.99794;32.59398;       0.72459;3.44371;2
 -38.96460;32.59732;       0.72528;3.44371;2
 -38.93120;32.60065;       0.72594;3.44370;2
 -38.89787;32.60398;       0.72658;3.44370;2
 -38.86458;32.60732;       0.72724;3.44370;2
 -38.83126;32.61065;       0.72790;3.44369;2
 -38.79790;32.61398;       0.72855;3.44369;2
 -38.76453;32.61732;       0.72919;3.44369;2
 -38.73117;32.62065;       0.72983;3.44368;2
 -38.69785;32.62398;       0.73040;3.44368;2
 -38.66452;32.62731;       0.73100;3.44368;2
 -38.63116;32.63065;       0.73162;3.44367;2
 -38.59780;32.63398;       0.73223;3.44367;2
 -38.56445;32.63731;       0.73286;3.44367;2
 -38.53110;32.64065;       0.73354;3.44367;2
 -38.49773;32.64398;       0.73421;3.44366;2
 -38.46435;32.64731;       0.73487;3.44366;2
 -38.43092;32.65065;       0.73551;3.44366;2
 -38.39752;32.65398;       0.73613;3.44365;2
 -38.36413;32.65731;       0.73676;3.44365;2
 -38.33072;32.66064;       0.73740;3.44365;2
 -38.29736;32.66398;       0.73804;3.44364;2
 -38.26401;32.66731;       0.73873;3.44364;2
 -38.23064;32.67064;       0.73943;3.44364;2
 -38.19728;32.67398;       0.74014;3.44363;2
 -38.16393;32.67731;       0.74079;3.44363;2
 -38.13061;32.68064;       0.74140;3.44363;2
 -38.09724;32.68398;       0.74205;3.44362;2
 -38.06388;32.68731;       0.74270;3.44362;2
 -38.03048;32.69064;       0.74334;3.44362;2
 -37.99706;32.69398;       0.74401;3.44361;2
 -37.96369;32.69731;       0.74464;3.44361;2
 -37.93030;32.70064;       0.74529;3.44361;2
 -37.89696;32.70397;       0.74594;3.44360;2
 -37.86358;32.70731;       0.74661;3.44360;2
 -37.83019;32.71064;       0.74731;3.44360;2
 -37.79680;32.71397;       0.74800;3.44359;2
 -37.76345;32.71731;       0.74866;3.44359;2
 -37.73009;32.72064;       0.74934;3.44359;2
 -37.69673;32.72397;       0.75002;3.44358;2
 -37.66334;32.72731;       0.75072;3.44358;2
 -37.62996;32.73064;       0.75137;3.44358;2
 -37.59655;32.73397;       0.75203;3.44357;2
 -37.56316;32.73731;       0.75269;3.44357;2
 -37.52977;32.74064;       0.75335;3.44357;2
 -37.49637;32.74397;       0.75401;3.44356;2
 -37.46303;32.74730;       0.75467;3.44356;2
 -37.42965;32.75064;       0.75537;3.44356;2
 -37.39628;32.75397;       0.75609;3.44355;2
 -37.36292;32.75730;       0.75679;3.44355;2
 -37.32957;32.76064;       0.75747;3.44355;2
 -37.29626;32.76397;       0.75814;3.44354;2
 -37.26289;32.76730;       0.75878;3.44354;2
 -37.22951;32.77064;       0.75943;3.44354;2
 -37.19614;32.77397;       0.76009;3.44353;2
 -37.16276;32.77730;       0.76074;3.44353;2
 -37.12944;32.78063;       0.76137;3.44353;2
 -37.09611;32.78397;       0.76204;3.44352;2
 -37.06275;32.78730;       0.76273;3.44352;2
 -37.02941;32.79063;       0.76343;3.44352;2
 -36.99605;32.79397;       0.76410;3.44351;2
 -36.96269;32.79730;       0.76477;3.44351;2
 -36.92934;32.80063;       0.76544;3.44351;2
 -36.89601;32.80397;       0.76617;3.44350;2
 -36.86264;32.80730;       0.76690;3.44350;2
 -36.82924;32.81063;       0.76762;3.44350;2
 -36.79585;32.81397;       0.76826;3.44349;2
 -36.76252;32.81730;       0.76855;3.44349;2
 -36.72921;32.82063;       0.76875;3.44348;2
 -36.69586;32.82396;       0.76918;3.44348;2
 -36.66249;32.82730;       0.76972;3.44348;2
 -36.62913;32.83063;       0.77038;3.44347;2
 -36.59577;32.83396;       0.77112;3.44347;2
 -36.56242;32.83730;       0.77188;3.44347;2
 -36.52907;32.84063;       0.77270;3.44346;2
 -36.49570;32.84396;       0.77357;3.44346;2
 -36.46236;32.84730;       0.77436;3.44346;2
 -36.42904;32.85063;       0.77508;3.44345;2
 -36.39575;32.85396;       0.77581;3.44345;2
 -36.36244;32.85730;       0.77657;3.44345;2
 -36.32912;32.86063;       0.77730;3.44344;2
 -36.29582;32.86396;       0.77802;3.44344;2
 -36.26243;32.86729;       0.77876;3.44344;2
 -36.22906;32.87063;       0.77954;3.44343;2
 -36.19569;32.87396;       0.78032;3.44343;2
 -36.16231;32.87729;       0.78111;3.44342;2
 -36.12893;32.88063;       0.78189;3.44342;2
 -36.09555;32.88396;       0.78265;3.44342;2
 -36.06221;32.88729;       0.78340;3.44341;2
 -36.02884;32.89063;       0.78414;3.44341;2
 -35.99552;32.89396;       0.78490;3.44341;2
 -35.96221;32.89729;       0.78569;3.44340;2
 -35.92886;32.90063;       0.78645;3.44340;2
 -35.89550;32.90396;       0.78723;3.44339;2
 -35.86214;32.90729;       0.78798;3.44339;2
 -35.82879;32.91062;       0.78870;3.44339;2
 -35.79545;32.91396;       0.78945;3.44338;2
 -35.76208;32.91729;       0.79020;3.44338;2
 -35.72869;32.92062;       0.79092;3.44338;2
 -35.69534;32.92396;       0.79165;3.44337;2
 -35.66200;32.92729;       0.79237;3.44337;2
 -35.62869;32.93062;       0.79312;3.44337;2
 -35.59535;32.93396;       0.79391;3.44336;2
 -35.56204;32.93729;       0.79471;3.44336;2
 -35.52867;32.94062;       0.79547;3.44335;2
 -35.49531;32.94395;       0.79622;3.44335;2
 -35.46198;32.94729;       0.79694;3.44335;2
 -35.42859;32.95062;       0.79766;3.44334;2
 -35.39525;32.95395;       0.79841;3.44334;2
 -35.36191;32.95729;       0.79914;3.44333;2
 -35.32859;32.96062;       0.79993;3.44333;2
 -35.29526;32.96395;       0.80071;3.44333;2
 -35.26192;32.96729;       0.80147;3.44332;2
 -35.22858;32.97062;       0.80226;3.44332;2
 -35.19524;32.97395;       0.80305;3.44332;2
 -35.16193;32.97729;       0.80383;3.44331;2
 -35.12862;32.98062;       0.80459;3.44331;2
 -35.09528;32.98395;       0.80536;3.44330;2
 -35.06195;32.98728;       0.80615;3.44330;2
 -35.02859;32.99062;       0.80694;3.44330;2
 -34.99527;32.99395;       0.80766;3.44329;2
 -34.96196;32.99728;       0.80838;3.44329;2
 -34.92866;33.00062;       0.80915;3.44328;2
 -34.89535;33.00395;       0.80993;3.44328;2
 -34.86202;33.00728;       0.81066;3.44328;2
 -34.82870;33.01062;       0.81142;3.44327;2
 -34.79539;33.01395;       0.81220;3.44327;2
 -34.76208;33.01728;       0.81298;3.44327;2
 -34.72877;33.02062;       0.81374;3.44326;2
 -34.69546;33.02395;       0.81451;3.44326;2
 -34.66215;33.02728;       0.81528;3.44325;2
 -34.62883;33.03061;       0.81604;3.44325;2
 -34.59552;33.03395;       0.81678;3.44325;2
 -34.56221;33.03728;       0.81753;3.44324;2
 -34.52892;33.04061;       0.81827;3.44324;2
 -34.49561;33.04395;       0.81907;3.44323;2
 -34.46232;33.04728;       0.81989;3.44323;2
 -34.42901;33.05061;       0.82069;3.44323;2
 -34.39574;33.05395;       0.82146;3.44322;2
 -34.36244;33.05728;       0.82225;3.44322;2
 -34.32915;33.06061;       0.82300;3.44321;2
 -34.29587;33.06394;       0.82374;3.44321;2
 -34.26257;33.06728;       0.82450;3.44321;2
 -34.22930;33.07061;       0.82529;3.44320;2
 -34.19604;33.07394;       0.82607;3.44320;2
 -34.16280;33.07728;       0.82686;3.44319;2
 -34.12955;33.08061;       0.82767;3.44319;2
 -34.09631;33.08394;       0.82847;3.44319;2
 -34.06306;33.08728;       0.82925;3.44318;2
 -34.02979;33.09061;       0.83005;3.44318;2
 -33.99654;33.09394;       0.83088;3.44317;2
 -33.96326;33.09728;       0.83171;3.44317;2
 -33.93000;33.10061;       0.83251;3.44317;2
 -33.89675;33.10394;       0.83330;3.44316;2
 -33.86347;33.10727;       0.83406;3.44316;2
 -33.83022;33.11061;       0.83484;3.44315;2
 -33.79695;33.11394;       0.83564;3.44315;2
 -33.76366;33.11727;       0.83643;3.44315;2
 -33.73042;33.12061;       0.83723;3.44314;2
 -33.69716;33.12394;       0.83805;3.44314;2
 -33.66388;33.12727;       0.83888;3.44313;2
 -33.63062;33.13061;       0.83970;3.44313;2
 -33.59731;33.13394;       0.84053;3.44313;2
 -33.56405;33.13727;       0.84137;3.44312;2
 -33.53076;33.14061;       0.84219;3.44312;2
 -33.49753;33.14394;       0.84298;3.44311;2
 -33.46427;33.14727;       0.84381;3.44311;2
 -33.43098;33.15060;       0.84466;3.44310;2
 -33.39773;33.15394;       0.84548;3.44310;2
 -33.36447;33.15727;       0.84627;3.44310;2
 -33.33120;33.16060;       0.84707;3.44309;2
 -33.29791;33.16394;       0.84789;3.44309;2
 -33.26464;33.16727;       0.84875;3.44308;2
 -33.23136;33.17060;       0.84960;3.44308;2
 -33.19808;33.17394;       0.85045;3.44307;2
 -33.16480;33.17727;       0.85130;3.44307;2
 -33.13152;33.18060;       0.85214;3.44307;2
 -33.09825;33.18394;       0.85296;3.44306;2
 -33.06494;33.18727;       0.85379;3.44306;2
 -33.03166;33.19060;       0.85462;3.44305;2
 -32.99840;33.19393;       0.85546;3.44305;2
 -32.96514;33.19727;       0.85629;3.44305;2
 -32.93188;33.20060;       0.85710;3.44304;2
 -32.89858;33.20393;       0.85792;3.44304;2
 -32.86527;33.20727;       0.85876;3.44303;2
 -32.83200;33.21060;       0.85961;3.44303;2
 -32.79872;33.21393;       0.86048;3.44302;2
 -32.76545;33.21727;       0.86134;3.44302;2
 -32.73217;33.22060;       0.86221;3.44302;2
 -32.69891;33.22393;       0.86305;3.44301;2
 -32.66560;33.22726;       0.86391;3.44301;2
 -32.63231;33.23060;       0.86477;3.44300;2
 -32.59907;33.23393;       0.86560;3.44300;2
 -32.56581;33.23726;       0.86643;3.44299;2
 -32.53255;33.24060;       0.86730;3.44299;2
 -32.49926;33.24393;       0.86821;3.44299;2
 -32.46598;33.24726;       0.86910;3.44298;2
 -32.43267;33.25060;       0.86998;3.44298;2
 -32.39939;33.25393;       0.87088;3.44297;2
 -32.36608;33.25726;       0.87179;3.44297;2
 -32.33276;33.26060;       0.87269;3.44296;2
 -32.29948;33.26393;       0.87358;3.44296;2
 -32.26617;33.26726;       0.87447;3.44295;2
 -32.23288;33.27059;       0.87534;3.44295;2
 -32.19955;33.27393;       0.87622;3.44295;2
 -32.16623;33.27726;       0.87711;3.44294;2
 -32.13290;33.28059;       0.87804;3.44294;2
 -32.09958;33.28393;       0.87896;3.44293;2
 -32.06627;33.28726;       0.87985;3.44293;2
 -32.03294;33.29059;       0.88071;3.44292;2
 -31.99963;33.29393;       0.88160;3.44292;2
 -31.96631;33.29726;       0.88251;3.44291;2
 -31.93300;33.30059;       0.88339;3.44291;2
 -31.89971;33.30393;       0.88430;3.44291;2
 -31.86640;33.30726;       0.88524;3.44290;2
 -31.83312;33.31059;       0.88616;3.44290;2
 -31.79980;33.31392;       0.88709;3.44289;2
 -31.76647;33.31726;       0.88803;3.44289;2
 -31.73313;33.32059;       0.88898;3.44288;2
 -31.69979;33.32392;       0.88996;3.44288;2
 -31.66646;33.32726;       0.89090;3.44287;2
 -31.63316;33.33059;       0.89183;3.44287;2
 -31.59985;33.33392;       0.89272;3.44287;2
 -31.56656;33.33726;       0.89359;3.44286;2
 -31.53327;33.34059;       0.89449;3.44286;2
 -31.49997;33.34392;       0.89538;3.44285;2
 -31.46666;33.34725;       0.89631;3.44285;2
 -31.43335;33.35059;       0.89730;3.44284;2
 -31.40005;33.35392;       0.89831;3.44284;2
 -31.36673;33.35725;       0.89930;3.44283;2
 -31.33339;33.36059;       0.90026;3.44283;2
 -31.30005;33.36392;       0.90120;3.44282;2
 -31.26673;33.36725;       0.90216;3.44282;2
 -31.23342;33.37059;       0.90308;3.44281;2
 -31.20007;33.37392;       0.90403;3.44281;2
 -31.16676;33.37725;       0.90497;3.44281;2
 -31.13346;33.38059;       0.90594;3.44280;2
 -31.10012;33.38392;       0.90690;3.44280;2
 -31.06681;33.38725;       0.90788;3.44279;2
 -31.03348;33.39058;       0.90883;3.44279;2
 -31.00014;33.39392;       0.90979;3.44278;2
 -30.96681;33.39725;       0.91071;3.44278;2
 -30.93345;33.40058;       0.91164;3.44277;2
 -30.90010;33.40392;       0.91258;3.44277;2
 -30.86677;33.40725;       0.91352;3.44276;2
 -30.83343;33.41058;       0.91450;3.44276;2
 -30.80007;33.41392;       0.91550;3.44275;2
 -30.76673;33.41725;       0.91648;3.44275;2
 -30.73339;33.42058;       0.91744;3.44275;2
 -30.70004;33.42392;       0.91842;3.44274;2
 -30.66669;33.42725;       0.91941;3.44274;2
 -30.63337;33.43058;       0.92034;3.44273;2
 -30.60004;33.43391;       0.92130;3.44273;2
 -30.56670;33.43725;       0.92224;3.44272;2
 -30.53335;33.44058;       0.92318;3.44272;2
 -30.50000;33.44391;       0.92415;3.44271;2
 -30.46667;33.44725;       0.92513;3.44271;2
 -30.43333;33.45058;       0.92613;3.44270;2
 -30.40001;33.45391;       0.92708;3.44270;2
 -30.36666;33.45725;       0.92805;3.44269;2
 -30.33329;33.46058;       0.92903;3.44269;2
 -30.29995;33.46391;       0.92999;3.44268;2
 -30.26657;33.46725;       0.93095;3.44268;2
 -30.23321;33.47058;       0.93192;3.44267;2
 -30.19984;33.47391;       0.93288;3.44267;2
 -30.16652;33.47724;       0.93386;3.44266;2
 -30.13316;33.48058;       0.93479;3.44266;2
 -30.09983;33.48391;       0.93572;3.44265;2
 -30.06647;33.48724;       0.93672;3.44265;2
 -30.03312;33.49058;       0.93775;3.44264;2
 -29.99977;33.49391;       0.93874;3.44264;2
 -29.96640;33.49724;       0.93974;3.44264;2
 -29.93306;33.50058;       0.94073;3.44263;2
 -29.89972;33.50391;       0.94174;3.44263;2
 -29.86634;33.50724;       0.94276;3.44262;2
 -29.83297;33.51057;       0.94380;3.44262;2
 -29.79959;33.51391;       0.94480;3.44261;2
 -29.76620;33.51724;       0.94579;3.44261;2
 -29.73283;33.52057;       0.94678;3.44260;2
 -29.69949;33.52391;       0.94776;3.44260;2
 -29.66611;33.52724;       0.94867;3.44259;2
 -29.63272;33.53057;       0.94959;3.44259;2
 -29.59934;33.53391;       0.95055;3.44258;2
 -29.56593;33.53724;       0.95149;3.44258;2
 -29.53255;33.54057;       0.95244;3.44257;2
 -29.49915;33.54391;       0.95344;3.44257;2
 -29.46575;33.54724;       0.95443;3.44256;2
 -29.43235;33.55057;       0.95539;3.44256;2
 -29.39895;33.55390;       0.95635;3.44255;2
 -29.36555;33.55724;       0.95730;3.44255;2
 -29.33213;33.56057;       0.95820;3.44254;2
 -29.29875;33.56390;       0.95909;3.44254;2
 -29.26535;33.56724;       0.95999;3.44253;2
 -29.23196;33.57057;       0.96089;3.44253;2
 -29.19855;33.57390;       0.96185;3.44252;2
 -29.16515;33.57724;       0.96284;3.44252;2
 -29.13177;33.58057;       0.96378;3.44251;2
 -29.09837;33.58390;       0.96465;3.44251;2
 -29.06499;33.58724;       0.96545;3.44250;2
 -29.03156;33.59057;       0.96628;3.44250;2
 -28.99814;33.59390;       0.96709;3.44249;2
 -28.96476;33.59723;       0.96792;3.44249;2
 -28.93136;33.60057;       0.96877;3.44248;2
 -28.89796;33.60390;       0.96965;3.44248;2
 -28.86456;33.60723;       0.97047;3.44247;2
 -28.83116;33.61057;       0.97127;3.44247;2
 -28.79779;33.61390;       0.97204;3.44246;2
 -28.76439;33.61723;       0.97278;3.44246;2
 -28.73099;33.62057;       0.97348;3.44245;2
 -28.69758;33.62390;       0.97412;3.44245;2
 -28.66415;33.62723;       0.97477;3.44244;2
 -28.63073;33.63056;       0.97537;3.44244;2
 -28.59728;33.63390;       0.97594;3.44243;2
 -28.56385;33.63723;       0.97654;3.44243;2
 -28.53042;33.64056;       0.97705;3.44242;2
 -28.49697;33.64390;       0.97750;3.44241;2
 -28.46356;33.64723;       0.97798;3.44241;2
 -28.43013;33.65056;       0.97837;3.44240;2
 -28.39670;33.65390;       0.97867;3.44240;2
 -28.36329;33.65723;       0.97896;3.44239;2
 -28.32987;33.66056;       0.97919;3.44239;2
 -28.29648;33.66390;       0.97933;3.44238;2
 -28.26307;33.66723;       0.97938;3.44238;2
 -28.22968;33.67056;       0.97927;3.44237;2
 -28.19628;33.67389;       0.97913;3.44237;2
 -28.16289;33.67723;       0.97898;3.44236;2
 -28.12950;33.68056;       0.97876;3.44236;2
 -28.09612;33.68389;       0.97834;3.44235;2
 -28.06270;33.68723;       0.97778;3.44235;2
 -28.02931;33.69056;       0.97713;3.44234;2
 -27.99590;33.69389;       0.97633;3.44234;2
 -27.96251;33.69723;       0.97529;3.44233;2
 -27.92909;33.70056;       0.97415;3.44233;2
 -27.89564;33.70389;       0.97293;3.44232;2
 -27.86224;33.70723;       0.97159;3.44232;2
 -27.82881;33.71056;       0.96998;3.44231;2
 -27.79543;33.71389;       0.96820;3.44230;2
 -27.76204;33.71722;       0.96633;3.44230;2
 -27.72866;33.72056;       0.96414;3.44229;2
 -27.69527;33.72389;       0.96181;3.44229;2
 -27.66186;33.72722;       0.95932;3.44228;2
 -27.62850;33.73056;       0.95673;3.44228;2
 -27.59515;33.73389;       0.95393;3.44227;2
 -27.56177;33.73722;       0.95089;3.44227;2
 -27.52834;33.74056;       0.94768;3.44226;2
 -27.49494;33.74389;       0.94434;3.44226;2
 -27.46155;33.74722;       0.94083;3.44225;2
 -27.42816;33.75056;       0.93725;3.44225;2
 -27.39475;33.75389;       0.93345;3.44224;2
 -27.36134;33.75722;       0.92939;3.44224;2
 -27.32792;33.76055;       0.92538;3.44223;2
 -27.29453;33.76389;       0.92118;3.44223;2
 -27.26112;33.76722;       0.91682;3.44222;2
 -27.22774;33.77055;       0.91242;3.44221;2
 -27.19436;33.77389;       0.90792;3.44221;2
 -27.16097;33.77722;       0.90331;3.44220;2
 -27.12760;33.78055;       0.89847;3.44220;2
 -27.09420;33.78389;       0.89357;3.44219;2
 -27.06082;33.78722;       0.88864;3.44219;2
 -27.02744;33.79055;       0.88379;3.44218;2
 -26.99404;33.79388;       0.87889;3.44218;2
 -26.96074;33.79722;       0.87393;3.44217;2
 -26.92739;33.80055;       0.86887;3.44217;2
 -26.89401;33.80388;       0.86386;3.44216;2
 -26.86062;33.80722;       0.85887;3.44215;2
 -26.82724;33.81055;       0.85383;3.44215;2
 -26.79385;33.81388;       0.84892;3.44214;2
 -26.76048;33.81722;       0.84410;3.44214;2
 -26.72713;33.82055;       0.83929;3.44213;2
 -26.69377;33.82388;       0.83450;3.44213;2
 -26.66043;33.82722;       0.82975;3.44212;2
 -26.62711;33.83055;       0.82509;3.44212;2
 -26.59378;33.83388;       0.82051;3.44211;2
 -26.56046;33.83721;       0.81597;3.44210;2
 -26.52711;33.84055;       0.81148;3.44210;2
 -26.49375;33.84388;       0.80704;3.44209;2
 -26.46041;33.84721;       0.80279;3.44209;2
 -26.42705;33.85055;       0.79854;3.44208;2
 -26.39370;33.85388;       0.79431;3.44208;2
 -26.36037;33.85721;       0.79013;3.44207;2
 -26.32700;33.86055;       0.78609;3.44207;2
 -26.29367;33.86388;       0.78211;3.44206;2
 -26.26033;33.86721;       0.77816;3.44205;2
 -26.22699;33.87055;       0.77431;3.44205;2
 -26.19363;33.87388;       0.77052;3.44204;2
 -26.16025;33.87721;       0.76686;3.44204;2
 -26.12692;33.88054;       0.76315;3.44203;2
 -26.09357;33.88388;       0.75947;3.44203;2
 -26.06020;33.88721;       0.75595;3.44202;2
 -26.02685;33.89054;       0.75255;3.44202;2
 -25.99346;33.89388;       0.74914;3.44201;2
 -25.96013;33.89721;       0.74578;3.44200;2
 -25.92676;33.90054;       0.74249;3.44200;2
 -25.89341;33.90388;       0.73920;3.44199;2
 -25.86010;33.90721;       0.73600;3.44199;2
 -25.82676;33.91054;       0.73287;3.44198;2
 -25.79344;33.91387;       0.72986;3.44198;2
 -25.76009;33.91721;       0.72683;3.44197;2
 -25.72672;33.92054;       0.72382;3.44196;2
 -25.69338;33.92387;       0.72095;3.44196;2
 -25.66006;33.92721;       0.71813;3.44195;2
 -25.62673;33.93054;       0.71532;3.44195;2
 -25.59336;33.93387;       0.71258;3.44194;2
 -25.55999;33.93721;       0.70988;3.44194;2
 -25.52664;33.94054;       0.70721;3.44193;2
 -25.49335;33.94387;       0.70462;3.44192;2
 -25.46002;33.94721;       0.70207;3.44192;2
 -25.42666;33.95054;       0.69956;3.44191;2
 -25.39331;33.95387;       0.69710;3.44191;2
 -25.36002;33.95720;       0.69473;3.44190;2
 -25.32671;33.96054;       0.69234;3.44190;2
 -25.29344;33.96387;       0.68999;3.44189;2
 -25.26014;33.96720;       0.68770;3.44188;2
 -25.22681;33.97054;       0.68544;3.44188;2
 -25.19348;33.97387;       0.68325;3.44187;2
 -25.16015;33.97720;       0.68112;3.44187;2
 -25.12684;33.98054;       0.67897;3.44186;2
 -25.09351;33.98387;       0.67687;3.44186;2
 -25.06017;33.98720;       0.67480;3.44185;2
 -25.02686;33.99054;       0.67278;3.44184;2
 -24.99354;33.99387;       0.67085;3.44184;2
 -24.96026;33.99720;       0.66894;3.44183;2
 -24.92693;34.00053;       0.66703;3.44183;2
 -24.89359;34.00387;       0.66516;3.44182;2
 -24.86025;34.00720;       0.66331;3.44181;2
 -24.82695;34.01053;       0.66145;3.44181;2
 -24.79364;34.01387;       0.65967;3.44180;2
 -24.76033;34.01720;       0.65802;3.44180;2
 -24.72702;34.02053;       0.65635;3.44179;2
 -24.69369;34.02387;       0.65467;3.44179;2
 -24.66040;34.02720;       0.65304;3.44178;2
 -24.62709;34.03053;       0.65153;3.44177;2
 -24.59375;34.03387;       0.64998;3.44177;2
 -24.56042;34.03720;       0.64839;3.44176;2
 -24.52710;34.04053;       0.64687;3.44176;2
 -24.49380;34.04386;       0.64535;3.44175;2
 -24.46050;34.04720;       0.64386;3.44174;2
 -24.42719;34.05053;       0.64240;3.44174;2
 -24.39390;34.05386;       0.64095;3.44173;2
 -24.36061;34.05720;       0.63950;3.44173;2
 -24.32728;34.06053;       0.63813;3.44172;2
 -24.29399;34.06386;       0.63682;3.44171;2
 -24.26068;34.06720;       0.63561;3.44171;2
 -24.22737;34.07053;       0.63438;3.44170;2
 -24.19405;34.07386;       0.63312;3.44170;2
 -24.16074;34.07719;       0.63186;3.44169;2
 -24.12745;34.08053;       0.63067;3.44168;2
 -24.09414;34.08386;       0.62949;3.44168;2
 -24.06083;34.08719;       0.62834;3.44167;2
 -24.02752;34.09053;       0.62716;3.44167;2
 -23.99422;34.09386;       0.62600;3.44166;2
 -23.96096;34.09719;       0.62485;3.44165;2
 -23.92766;34.10053;       0.62381;3.44165;2
 -23.89433;34.10386;       0.62277;3.44164;2
 -23.86102;34.10719;       0.62176;3.44164;2
 -23.82768;34.11053;       0.62073;3.44163;2
 -23.79439;34.11386;       0.61971;3.44162;2
 -23.76110;34.11719;       0.61870;3.44162;2
 -23.72783;34.12052;       0.61771;3.44161;2
 -23.69457;34.12386;       0.61681;3.44161;2
 -23.66127;34.12719;       0.61595;3.44160;2
 -23.62798;34.13052;       0.61510;3.44159;2
 -23.59471;34.13386;       0.61423;3.44159;2
 -23.56143;34.13719;       0.61334;3.44158;2
 -23.52814;34.14052;       0.61245;3.44158;2
 -23.49486;34.14386;       0.61159;3.44157;2
 -23.46155;34.14719;       0.61074;3.44156;2
 -23.42828;34.15052;       0.60998;3.44156;2
 -23.39500;34.15386;       0.60926;3.44155;2
 -23.36172;34.15719;       0.60850;3.44154;2
 -23.32841;34.16052;       0.60770;3.44154;2
 -23.29510;34.16385;       0.60692;3.44153;2
 -23.26178;34.16719;       0.60619;3.44153;2
 -23.22847;34.17052;       0.60548;3.44152;2
 -23.19518;34.17385;       0.60481;3.44151;2
 -23.16185;34.17719;       0.60411;3.44151;2
 -23.12855;34.18052;       0.60343;3.44150;2
 -23.09525;34.18385;       0.60274;3.44150;2
 -23.06196;34.18719;       0.60206;3.44149;2
 -23.02869;34.19052;       0.60141;3.44148;2
 -22.99540;34.19385;       0.60083;3.44148;2
 -22.96212;34.19718;       0.60024;3.44147;2
 -22.92881;34.20052;       0.59966;3.44146;2
 -22.89550;34.20385;       0.59908;3.44146;2
 -22.86219;34.20718;       0.59849;3.44145;2
 -22.82892;34.21052;       0.59796;3.44145;2
 -22.79562;34.21385;       0.59744;3.44144;2
 -22.76232;34.21718;       0.59689;3.44143;2
 -22.72906;34.22052;       0.59635;3.44143;2
 -22.69576;34.22385;       0.59580;3.44142;2
 -22.66245;34.22718;       0.59530;3.44141;2
 -22.62914;34.23052;       0.59480;3.44141;2
 -22.59584;34.23385;       0.59432;3.44140;2
 -22.56256;34.23718;       0.59384;3.44140;2
 -22.52925;34.24051;       0.59346;3.44139;2
 -22.49594;34.24385;       0.59309;3.44138;2
 -22.46263;34.24718;       0.59265;3.44138;2
 -22.42933;34.25051;       0.59220;3.44137;2
 -22.39605;34.25385;       0.59183;3.44136;2
 -22.36272;34.25718;       0.59152;3.44136;2
 -22.32940;34.26051;       0.59121;3.44135;2
 -22.29612;34.26385;       0.59080;3.44134;2
 -22.26281;34.26718;       0.59035;3.44134;2
 -22.22948;34.27051;       0.58989;3.44133;2
 -22.19616;34.27385;       0.58948;3.44133;2
 -22.16287;34.27718;       0.58918;3.44132;2
 -22.12960;34.28051;       0.58891;3.44131;2
 -22.09630;34.28384;       0.58852;3.44131;2
 -22.06297;34.28718;       0.58815;3.44130;2
 -22.02963;34.29051;       0.58778;3.44129;2
 -21.99631;34.29384;       0.58745;3.44129;2
 -21.96302;34.29718;       0.58714;3.44128;2
 -21.92969;34.30051;       0.58683;3.44127;2
 -21.89637;34.30384;       0.58651;3.44127;2
 -21.86306;34.30718;       0.58617;3.44126;2
 -21.82979;34.31051;       0.58587;3.44125;2
 -21.79650;34.31384;       0.58558;3.44125;2
 -21.76316;34.31718;       0.58533;3.44124;2
 -21.72984;34.32051;       0.58505;3.44124;2
 -21.69649;34.32384;       0.58478;3.44123;2
 -21.66315;34.32717;       0.58451;3.44122;2
 -21.62981;34.33051;       0.58423;3.44122;2
 -21.59645;34.33384;       0.58400;3.44121;2
 -21.56310;34.33717;       0.58374;3.44120;2
 -21.52977;34.34051;       0.58349;3.44120;2
 -21.49644;34.34384;       0.58325;3.44119;2
 -21.46311;34.34717;       0.58302;3.44118;2
 -21.42981;34.35051;       0.58279;3.44118;2
 -21.39647;34.35384;       0.58255;3.44117;2
 -21.36313;34.35717;       0.58233;3.44116;2
 -21.32984;34.36050;       0.58208;3.44116;2
 -21.29648;34.36384;       0.58186;3.44115;2
 -21.26319;34.36717;       0.58175;3.44114;2
 -21.22988;34.37050;       0.58157;3.44114;2
 -21.19655;34.37384;       0.58137;3.44113;2
 -21.16321;34.37717;       0.58120;3.44112;2
 -21.12992;34.38050;       0.58100;3.44112;2
 -21.09659;34.38384;       0.58085;3.44111;2
 -21.06325;34.38717;       0.58079;3.44110;2
 -21.02989;34.39050;       0.58067;3.44110;2
 -20.99653;34.39384;       0.58050;3.44109;2
 -20.96319;34.39717;       0.58038;3.44108;2
 -20.92985;34.40050;       0.58025;3.44108;2
 -20.89649;34.40383;       0.58011;3.44107;2
 -20.86315;34.40717;       0.57998;3.44106;2
 -20.82981;34.41050;       0.57985;3.44106;2
 -20.79645;34.41383;       0.57972;3.44105;2
 -20.76311;34.41717;       0.57960;3.44104;2
 -20.72975;34.42050;       0.57950;3.44104;2
 -20.69637;34.42383;       0.57938;3.44103;2
 -20.66300;34.42717;       0.57925;3.44102;2
 -20.62965;34.43050;       0.57914;3.44102;2
 -20.59631;34.43383;       0.57906;3.44101;2
 -20.56296;34.43717;       0.57897;3.44100;2
 -20.52960;34.44050;       0.57887;3.44100;2
 -20.49625;34.44383;       0.57876;3.44099;2
 -20.46291;34.44716;       0.57865;3.44098;2
 -20.42956;34.45050;       0.57855;3.44098;2
 -20.39618;34.45383;       0.57850;3.44097;2
 -20.36281;34.45716;       0.57844;3.44096;2
 -20.32948;34.46050;       0.57840;3.44096;2
 -20.29613;34.46383;       0.57831;3.44095;2
 -20.26276;34.46716;       0.57823;3.44094;2
 -20.22942;34.47050;       0.57819;3.44094;2
 -20.19606;34.47383;       0.57814;3.44093;2
 -20.16274;34.47716;       0.57812;3.44092;2
 -20.12939;34.48049;       0.57806;3.44092;2
 -20.09599;34.48383;       0.57800;3.44091;2
 -20.06261;34.48716;       0.57793;3.44090;2
 -20.02926;34.49049;       0.57787;3.44090;2
 -19.99593;34.49383;       0.57779;3.44089;2
 -19.96259;34.49716;       0.57771;3.44088;2
 -19.92923;34.50049;       0.57763;3.44088;2
 -19.89587;34.50383;       0.57757;3.44087;2
 -19.86251;34.50716;       0.57752;3.44086;2
 -19.82917;34.51049;       0.57748;3.44086;2
 -19.79579;34.51383;       0.57744;3.44085;2
 -19.76244;34.51716;       0.57742;3.44084;2
 -19.72910;34.52049;       0.57741;3.44083;2
 -19.69574;34.52382;       0.57739;3.44083;2
 -19.66242;34.52716;       0.57743;3.44082;2
 -19.62911;34.53049;       0.57743;3.44081;2
 -19.59577;34.53382;       0.57743;3.44081;2
 -19.56246;34.53716;       0.57738;3.44080;2
 -19.52915;34.54049;       0.57733;3.44079;2
 -19.49581;34.54382;       0.57727;3.44079;2
 -19.46250;34.54716;       0.57722;3.44078;2
 -19.42921;34.55049;       0.57719;3.44077;2
 -19.39590;34.55382;       0.57716;3.44077;2
 -19.36261;34.55716;       0.57715;3.44076;2
 -19.32930;34.56049;       0.57715;3.44075;2
 -19.29597;34.56382;       0.57713;3.44074;2
 -19.26269;34.56715;       0.57712;3.44074;2
 -19.22939;34.57049;       0.57712;3.44073;2
 -19.19608;34.57382;       0.57711;3.44072;2
 -19.16280;34.57715;       0.57712;3.44072;2
 -19.12953;34.58049;       0.57711;3.44071;2
 -19.09622;34.58382;       0.57709;3.44070;2
 -19.06295;34.58715;       0.57705;3.44070;2
 -19.02966;34.59049;       0.57704;3.44069;2
 -18.99638;34.59382;       0.57698;3.44068;2
 -18.96308;34.59715;       0.57694;3.44067;2
 -18.92976;34.60049;       0.57686;3.44067;2
 -18.89645;34.60382;       0.57680;3.44066;2
 -18.86314;34.60715;       0.57673;3.44065;2
 -18.82980;34.61048;       0.57673;3.44065;2
 -18.79649;34.61382;       0.57677;3.44064;2
 -18.76320;34.61715;       0.57686;3.44063;2
 -18.72989;34.62048;       0.57687;3.44063;2
 -18.69658;34.62382;       0.57687;3.44062;2
 -18.66329;34.62715;       0.57686;3.44061;2
 -18.63000;34.63048;       0.57685;3.44060;2
 -18.59670;34.63382;       0.57682;3.44060;2
 -18.56336;34.63715;       0.57682;3.44059;2
 -18.53007;34.64048;       0.57683;3.44058;2
 -18.49676;34.64381;       0.57689;3.44058;2
 -18.46349;34.64715;       0.57689;3.44057;2
 -18.43023;34.65048;       0.57688;3.44056;2
 -18.39694;34.65381;       0.57691;3.44055;2
 -18.36366;34.65715;       0.57691;3.44055;2
 -18.33037;34.66048;       0.57691;3.44054;2
 -18.29708;34.66381;       0.57691;3.44053;2
 -18.26378;34.66715;       0.57689;3.44053;2
 -18.23051;34.67048;       0.57689;3.44052;2
 -18.19723;34.67381;       0.57691;3.44051;2
 -18.16396;34.67715;       0.57693;3.44050;2
 -18.13066;34.68048;       0.57696;3.44050;2
 -18.09739;34.68381;       0.57695;3.44049;2
 -18.06415;34.68714;       0.57694;3.44048;2
 -18.03094;34.69048;       0.57694;3.44048;2
 -17.99770;34.69381;       0.57695;3.44047;2
 -17.96444;34.69714;       0.57695;3.44046;2
 -17.93118;34.70048;       0.57698;3.44045;2
 -17.89792;34.70381;       0.57700;3.44045;2
 -17.86467;34.70714;       0.57702;3.44044;2
 -17.83141;34.71048;       0.57704;3.44043;2
 -17.79817;34.71381;       0.57712;3.44043;2
 -17.76493;34.71714;       0.57717;3.44042;2
 -17.73168;34.72048;       0.57718;3.44041;2
 -17.69841;34.72381;       0.57723;3.44040;2
 -17.66517;34.72714;       0.57730;3.44040;2
 -17.63190;34.73047;       0.57733;3.44039;2
 -17.59860;34.73381;       0.57731;3.44038;2
 -17.56536;34.73714;       0.57732;3.44037;2
 -17.53209;34.74047;       0.57735;3.44037;2
 -17.49884;34.74381;       0.57737;3.44036;2
 -17.46559;34.74714;       0.57739;3.44035;2
 -17.43235;34.75047;       0.57745;3.44035;2
 -17.39905;34.75381;       0.57752;3.44034;2
 -17.36574;34.75714;       0.57760;3.44033;2
 -17.33245;34.76047;       0.57765;3.44032;2
 -17.29917;34.76380;       0.57769;3.44032;2
 -17.26588;34.76714;       0.57770;3.44031;2
 -17.23260;34.77047;       0.57770;3.44030;2
 -17.19928;34.77380;       0.57773;3.44029;2
 -17.16597;34.77714;       0.57777;3.44029;2
 -17.13266;34.78047;       0.57780;3.44028;2
 -17.09935;34.78380;       0.57784;3.44027;2
 -17.06606;34.78714;       0.57787;3.44026;2
 -17.03277;34.79047;       0.57789;3.44026;2
 -16.99944;34.79380;       0.57791;3.44025;2
 -16.96615;34.79714;       0.57794;3.44024;2
 -16.93286;34.80047;       0.57797;3.44024;2
 -16.89955;34.80380;       0.57802;3.44023;2
 -16.86624;34.80713;       0.57808;3.44022;2
 -16.83299;34.81047;       0.57812;3.44021;2
 -16.79973;34.81380;       0.57817;3.44021;2
 -16.76643;34.81713;       0.57822;3.44020;2
 -16.73314;34.82047;       0.57827;3.44019;2
 -16.69985;34.82380;       0.57834;3.44018;2
 -16.66656;34.82713;       0.57844;3.44018;2
 -16.63328;34.83047;       0.57854;3.44017;2
 -16.59999;34.83380;       0.57860;3.44016;2
 -16.56669;34.83713;       0.57866;3.44015;2
 -16.53340;34.84047;       0.57875;3.44015;2
 -16.50009;34.84380;       0.57881;3.44014;2
 -16.46682;34.84713;       0.57884;3.44013;2
 -16.43348;34.85046;       0.57891;3.44012;2
 -16.40015;34.85380;       0.57897;3.44012;2
 -16.36684;34.85713;       0.57903;3.44011;2
 -16.33350;34.86046;       0.57907;3.44010;2
 -16.30019;34.86380;       0.57913;3.44009;2
 -16.26686;34.86713;       0.57915;3.44009;2
 -16.23354;34.87046;       0.57921;3.44008;2
 -16.20021;34.87380;       0.57928;3.44007;2
 -16.16689;34.87713;       0.57935;3.44006;2
 -16.13360;34.88046;       0.57941;3.44006;2
 -16.10027;34.88380;       0.57948;3.44005;2
 -16.06693;34.88713;       0.57956;3.44004;2
 -16.03358;34.89046;       0.57963;3.44003;2
 -16.00021;34.89379;       0.57973;3.44003;2
 -15.96687;34.89713;       0.57980;3.44002;2
 -15.93351;34.90046;       0.57985;3.44001;2
 -15.90017;34.90379;       0.57991;3.44000;2
 -15.86679;34.90713;       0.58004;3.43999;2
 -15.83342;34.91046;       0.58017;3.43999;2
 -15.80007;34.91379;       0.58026;3.43998;2
 -15.76668;34.91713;       0.58035;3.43997;2
 -15.73329;34.92046;       0.58044;3.43996;2
 -15.69992;34.92379;       0.58054;3.43996;2
 -15.66655;34.92712;       0.58065;3.43995;2
 -15.63318;34.93046;       0.58077;3.43994;2
 -15.59979;34.93379;       0.58084;3.43993;2
 -15.56644;34.93712;       0.58085;3.43993;2
 -15.53306;34.94046;       0.58088;3.43992;2
 -15.49971;34.94379;       0.58091;3.43991;2
 -15.46635;34.94712;       0.58097;3.43990;2
 -15.43295;34.95046;       0.58102;3.43990;2
 -15.39953;34.95379;       0.58106;3.43989;2
 -15.36614;34.95712;       0.58115;3.43988;2
 -15.33272;34.96046;       0.58131;3.43987;2
 -15.29934;34.96379;       0.58149;3.43986;2
 -15.26595;34.96712;       0.58157;3.43986;2
 -15.23256;34.97045;       0.58166;3.43985;2
 -15.19917;34.97379;       0.58177;3.43984;2
 -15.16580;34.97712;       0.58187;3.43983;2
 -15.13242;34.98045;       0.58196;3.43983;2
 -15.09907;34.98379;       0.58206;3.43982;2
 -15.06573;34.98712;       0.58215;3.43981;2
 -15.03235;34.99045;       0.58225;3.43980;2
 -14.99898;34.99379;       0.58235;3.43979;2
 -14.96562;34.99712;       0.58244;3.43979;2
 -14.93224;35.00045;       0.58253;3.43978;2
 -14.89889;35.00379;       0.58262;3.43977;2
 -14.86555;35.00712;       0.58267;3.43976;2
 -14.83217;35.01045;       0.58274;3.43975;2
 -14.79878;35.01378;       0.58281;3.43975;2
 -14.76539;35.01712;       0.58289;3.43974;2
 -14.73200;35.02045;       0.58300;3.43973;2
 -14.69862;35.02378;       0.58309;3.43972;2
 -14.66523;35.02712;       0.58312;3.43972;2
 -14.63185;35.03045;       0.58318;3.43971;2
 -14.59843;35.03378;       0.58325;3.43970;2
 -14.56504;35.03712;       0.58333;3.43969;2
 -14.53167;35.04045;       0.58341;3.43968;2
 -14.49831;35.04378;       0.58351;3.43968;2
 -14.46494;35.04711;       0.58359;3.43967;2
 -14.43157;35.05045;       0.58366;3.43966;2
 -14.39824;35.05378;       0.58372;3.43965;2
 -14.36488;35.05711;       0.58379;3.43964;2
 -14.33149;35.06045;       0.58384;3.43964;2
 -14.29815;35.06378;       0.58388;3.43963;2
 -14.26479;35.06711;       0.58390;3.43962;2
 -14.23145;35.07045;       0.58394;3.43961;2
 -14.19813;35.07378;       0.58401;3.43960;2
 -14.16480;35.07711;       0.58407;3.43960;2
 -14.13145;35.08045;       0.58414;3.43959;2
 -14.09805;35.08378;       0.58425;3.43958;2
 -14.06472;35.08711;       0.58436;3.43957;2
 -14.03138;35.09044;       0.58444;3.43956;2
 -13.99799;35.09378;       0.58453;3.43956;2
 -13.96464;35.09711;       0.58464;3.43955;2
 -13.93130;35.10044;       0.58472;3.43954;2
 -13.89797;35.10378;       0.58483;3.43953;2
 -13.86465;35.10711;       0.58493;3.43952;2
 -13.83131;35.11044;       0.58503;3.43952;2
 -13.79798;35.11378;       0.58512;3.43951;2
 -13.76462;35.11711;       0.58518;3.43950;2
 -13.73130;35.12044;       0.58524;3.43949;2
 -13.69799;35.12378;       0.58529;3.43948;2
 -13.66467;35.12711;       0.58536;3.43948;2
 -13.63138;35.13044;       0.58546;3.43947;2
 -13.59805;35.13377;       0.58552;3.43946;2
 -13.56472;35.13711;       0.58559;3.43945;2
 -13.53140;35.14044;       0.58564;3.43944;2
 -13.49809;35.14377;       0.58570;3.43944;2
 -13.46474;35.14711;       0.58578;3.43943;2
 -13.43140;35.15044;       0.58580;3.43942;2
 -13.39808;35.15377;       0.58586;3.43941;2
 -13.36475;35.15711;       0.58595;3.43940;2
 -13.33142;35.16044;       0.58601;3.43940;2
 -13.29814;35.16377;       0.58610;3.43939;2
 -13.26480;35.16711;       0.58618;3.43938;2
 -13.23149;35.17044;       0.58625;3.43937;2
 -13.19816;35.17377;       0.58632;3.43936;2
 -13.16486;35.17710;       0.58640;3.43935;2
 -13.13157;35.18044;       0.58651;3.43935;2
 -13.09827;35.18377;       0.58659;3.43934;2
 -13.06494;35.18710;       0.58665;3.43933;2
 -13.03160;35.19044;       0.58672;3.43932;2
 -12.99830;35.19377;       0.58683;3.43931;2
 -12.96499;35.19710;       0.58695;3.43931;2
 -12.93171;35.20044;       0.58706;3.43930;2
 -12.89840;35.20377;       0.58716;3.43929;2
 -12.86509;35.20710;       0.58721;3.43928;2
 -12.83179;35.21043;       0.58721;3.43927;2
 -12.79850;35.21377;       0.58726;3.43926;2
 -12.76520;35.21710;       0.58732;3.43926;2
 -12.73191;35.22043;       0.58736;3.43925;2
 -12.69863;35.22377;       0.58737;3.43924;2
 -12.66533;35.22710;       0.58737;3.43923;2
 -12.63207;35.23043;       0.58739;3.43922;2
 -12.59881;35.23377;       0.58747;3.43922;2
 -12.56553;35.23710;       0.58762;3.43921;2
 -12.53225;35.24043;       0.58771;3.43920;2
 -12.49894;35.24377;       0.58787;3.43919;2
 -12.46565;35.24710;       0.58801;3.43918;2
 -12.43236;35.25043;       0.58807;3.43917;2
 -12.39905;35.25376;       0.58816;3.43917;2
 -12.36574;35.25710;       0.58819;3.43916;2
 -12.33245;35.26043;       0.58819;3.43915;2
 -12.29918;35.26376;       0.58822;3.43914;2
 -12.26588;35.26710;       0.58838;3.43913;2
 -12.23256;35.27043;       0.58855;3.43912;2
 -12.19925;35.27376;       0.58872;3.43912;2
 -12.16590;35.27710;       0.58885;3.43911;2
 -12.13256;35.28043;       0.58898;3.43910;2
 -12.09926;35.28376;       0.58903;3.43909;2
 -12.06598;35.28710;       0.58910;3.43908;2
 -12.03265;35.29043;       0.58915;3.43907;2
 -11.99935;35.29376;       0.58921;3.43907;2
 -11.96607;35.29709;       0.58918;3.43906;2
 -11.93279;35.30043;       0.58920;3.43905;2
 -11.89949;35.30376;       0.58922;3.43904;2
 -11.86619;35.30709;       0.58925;3.43903;2
 -11.83288;35.31043;       0.58927;3.43902;2
 -11.79959;35.31376;       0.58927;3.43902;2
 -11.76630;35.31709;       0.58934;3.43901;2
 -11.73301;35.32043;       0.58946;3.43900;2
 -11.69972;35.32376;       0.58951;3.43899;2
 -11.66643;35.32709;       0.58958;3.43898;2
 -11.63315;35.33043;       0.58963;3.43897;2
 -11.59984;35.33376;       0.58972;3.43896;2
 -11.56653;35.33709;       0.58981;3.43896;2
 -11.53324;35.34042;       0.58987;3.43895;2
 -11.49994;35.34376;       0.58992;3.43894;2
 -11.46663;35.34709;       0.58994;3.43893;2
 -11.43333;35.35042;       0.59005;3.43892;2
 -11.40004;35.35376;       0.59011;3.43891;2
 -11.36674;35.35709;       0.59017;3.43891;2
 -11.33345;35.36042;       0.59027;3.43890;2
 -11.30016;35.36376;       0.59035;3.43889;2
 -11.26683;35.36709;       0.59040;3.43888;2
 -11.23356;35.37042;       0.59047;3.43887;2
 -11.20023;35.37375;       0.59055;3.43886;2
 -11.16694;35.37709;       0.59061;3.43885;2
 -11.13361;35.38042;       0.59066;3.43885;2
 -11.10025;35.38375;       0.59074;3.43884;2
 -11.06693;35.38709;       0.59080;3.43883;2
 -11.03360;35.39042;       0.59084;3.43882;2
 -11.00028;35.39375;       0.59090;3.43881;2
 -10.96694;35.39709;       0.59097;3.43880;2
 -10.93361;35.40042;       0.59105;3.43879;2
 -10.90027;35.40375;       0.59110;3.43879;2
 -10.86692;35.40709;       0.59120;3.43878;2
 -10.83357;35.41042;       0.59132;3.43877;2
 -10.80024;35.41375;       0.59142;3.43876;2
 -10.76690;35.41708;       0.59152;3.43875;2
 -10.73358;35.42042;       0.59158;3.43874;2
 -10.70027;35.42375;       0.59164;3.43873;2
 -10.66698;35.42708;       0.59173;3.43872;2
 -10.63369;35.43042;       0.59174;3.43872;2
 -10.60038;35.43375;       0.59176;3.43871;2
 -10.56705;35.43708;       0.59182;3.43870;2
 -10.53373;35.44042;       0.59194;3.43869;2
 -10.50042;35.44375;       0.59197;3.43868;2
 -10.46715;35.44708;       0.59204;3.43867;2
 -10.43383;35.45042;       0.59216;3.43866;2
 -10.40051;35.45375;       0.59229;3.43866;2
 -10.36717;35.45708;       0.59237;3.43865;2
 -10.33384;35.46041;       0.59245;3.43864;2
 -10.30053;35.46375;       0.59257;3.43863;2
 -10.26723;35.46708;       0.59266;3.43862;2
 -10.23392;35.47041;       0.59275;3.43861;2
 -10.20062;35.47375;       0.59282;3.43860;2
 -10.16730;35.47708;       0.59288;3.43859;2
 -10.13399;35.48041;       0.59292;3.43859;2
 -10.10068;35.48375;       0.59298;3.43858;2
 -10.06733;35.48708;       0.59307;3.43857;2
 -10.03398;35.49041;       0.59318;3.43856;2
 -10.00066;35.49374;       0.59328;3.43855;2
  -9.96733;35.49708;       0.59335;3.43854;2
  -9.93402;35.50041;       0.59340;3.43853;2
  -9.90072;35.50374;       0.59349;3.43852;2
  -9.86740;35.50708;       0.59354;3.43852;2
  -9.83404;35.51041;       0.59354;3.43851;2
  -9.80071;35.51374;       0.59362;3.43850;2
  -9.76740;35.51708;       0.59364;3.43849;2
  -9.73409;35.52041;       0.59378;3.43848;2
  -9.70078;35.52374;       0.59391;3.43847;2
  -9.66749;35.52708;       0.59397;3.43846;2
  -9.63416;35.53041;       0.59406;3.43845;2
  -9.60082;35.53374;       0.59420;3.43844;2
  -9.56751;35.53707;       0.59428;3.43844;2
  -9.53419;35.54041;       0.59430;3.43843;2
  -9.50086;35.54374;       0.59429;3.43842;2
  -9.46755;35.54707;       0.59433;3.43841;2
  -9.43425;35.55041;       0.59437;3.43840;2
  -9.40095;35.55374;       0.59452;3.43839;2
  -9.36761;35.55707;       0.59458;3.43838;2
  -9.33430;35.56041;       0.59464;3.43837;2
  -9.30101;35.56374;       0.59478;3.43836;2
  -9.26774;35.56707;       0.59491;3.43836;2
  -9.23446;35.57041;       0.59499;3.43835;2
  -9.20115;35.57374;       0.59499;3.43834;2
  -9.16786;35.57707;       0.59502;3.43833;2
  -9.13455;35.58040;       0.59508;3.43832;2
  -9.10126;35.58374;       0.59514;3.43831;2
  -9.06798;35.58707;       0.59526;3.43830;2
  -9.03469;35.59040;       0.59539;3.43829;2
  -9.00140;35.59374;       0.59549;3.43828;2
  -8.96812;35.59707;       0.59555;3.43828;2
  -8.93485;35.60040;       0.59562;3.43827;2
  -8.90153;35.60374;       0.59573;3.43826;2
  -8.86821;35.60707;       0.59581;3.43825;2
  -8.83492;35.61040;       0.59589;3.43824;2
  -8.80164;35.61374;       0.59597;3.43823;2
  -8.76832;35.61707;       0.59605;3.43822;2
  -8.73501;35.62040;       0.59612;3.43821;2
  -8.70166;35.62373;       0.59619;3.43820;2
  -8.66832;35.62707;       0.59627;3.43819;2
  -8.63496;35.63040;       0.59637;3.43819;2
  -8.60164;35.63373;       0.59642;3.43818;2
  -8.56831;35.63707;       0.59646;3.43817;2
  -8.53497;35.64040;       0.59655;3.43816;2
  -8.50165;35.64373;       0.59665;3.43815;2
  -8.46830;35.64707;       0.59676;3.43814;2
  -8.43498;35.65040;       0.59684;3.43813;2
  -8.40167;35.65373;       0.59691;3.43812;2
  -8.36835;35.65706;       0.59701;3.43811;2
  -8.33509;35.66040;       0.59708;3.43810;2
  -8.30176;35.66373;       0.59715;3.43809;2
  -8.26840;35.66706;       0.59725;3.43809;2
  -8.23508;35.67040;       0.59731;3.43808;2
  -8.20172;35.67373;       0.59741;3.43807;2
  -8.16842;35.67706;       0.59749;3.43806;2
  -8.13510;35.68040;       0.59757;3.43805;2
  -8.10178;35.68373;       0.59767;3.43804;2
  -8.06845;35.68706;       0.59774;3.43803;2
  -8.03515;35.69040;       0.59781;3.43802;2
  -8.00186;35.69373;       0.59787;3.43801;2
  -7.96854;35.69706;       0.59795;3.43800;2
  -7.93520;35.70039;       0.59800;3.43799;2
  -7.90186;35.70373;       0.59807;3.43798;2
  -7.86848;35.70706;       0.59814;3.43798;2
  -7.83509;35.71039;       0.59822;3.43797;2
  -7.80175;35.71373;       0.59830;3.43796;2
  -7.76843;35.71706;       0.59837;3.43795;2
  -7.73510;35.72039;       0.59846;3.43794;2
  -7.70172;35.72373;       0.59857;3.43793;2
  -7.66835;35.72706;       0.59866;3.43792;2
  -7.63496;35.73039;       0.59874;3.43791;2
  -7.60161;35.73373;       0.59884;3.43790;2
  -7.56826;35.73706;       0.59892;3.43789;2
  -7.53487;35.74039;       0.59900;3.43788;2
  -7.50148;35.74372;       0.59909;3.43787;2
  -7.46812;35.74706;       0.59919;3.43786;2
  -7.43473;35.75039;       0.59931;3.43786;2
  -7.40134;35.75372;       0.59939;3.43785;2
  -7.36795;35.75706;       0.59946;3.43784;2
  -7.33457;35.76039;       0.59954;3.43783;2
  -7.30117;35.76372;       0.59963;3.43782;2
  -7.26781;35.76706;       0.59974;3.43781;2
  -7.23442;35.77039;       0.59982;3.43780;2
  -7.20102;35.77372;       0.59990;3.43779;2
  -7.16762;35.77705;       0.59995;3.43778;2
  -7.13423;35.78039;       0.60004;3.43777;2
  -7.10082;35.78372;       0.60013;3.43776;2
  -7.06743;35.78705;       0.60025;3.43775;2
  -7.03404;35.79039;       0.60032;3.43774;2
  -7.00067;35.79372;       0.60041;3.43773;2
  -6.96729;35.79705;       0.60049;3.43772;2
  -6.93387;35.80039;       0.60059;3.43771;2
  -6.90048;35.80372;       0.60068;3.43771;2
  -6.86707;35.80705;       0.60079;3.43770;2
  -6.83368;35.81039;       0.60088;3.43769;2
  -6.80029;35.81372;       0.60096;3.43768;2
  -6.76690;35.81705;       0.60103;3.43767;2
  -6.73354;35.82038;       0.60112;3.43766;2
  -6.70017;35.82372;       0.60124;3.43765;2
  -6.66683;35.82705;       0.60133;3.43764;2
  -6.63345;35.83038;       0.60144;3.43763;2
  -6.60006;35.83372;       0.60154;3.43762;2
  -6.56665;35.83705;       0.60164;3.43761;2
  -6.53325;35.84038;       0.60173;3.43760;2
  -6.49989;35.84372;       0.60183;3.43759;2
  -6.46651;35.84705;       0.60195;3.43758;2
  -6.43312;35.85038;       0.60207;3.43757;2
  -6.39971;35.85372;       0.60221;3.43756;2
  -6.36629;35.85705;       0.60232;3.43755;2
  -6.33294;35.86038;       0.60243;3.43754;2
  -6.29954;35.86371;       0.60256;3.43754;2
  -6.26615;35.86705;       0.60264;3.43753;2
  -6.23278;35.87038;       0.60271;3.43752;2
  -6.19937;35.87371;       0.60278;3.43751;2
  -6.16601;35.87705;       0.60287;3.43750;2
  -6.13260;35.88038;       0.60298;3.43749;2
  -6.09922;35.88371;       0.60309;3.43748;2
  -6.06584;35.88705;       0.60320;3.43747;2
  -6.03243;35.89038;       0.60330;3.43746;2
  -5.99902;35.89371;       0.60341;3.43745;2
  -5.96562;35.89705;       0.60355;3.43744;2
  -5.93221;35.90038;       0.60368;3.43743;2
  -5.89882;35.90371;       0.60376;3.43742;2
  -5.86545;35.90704;       0.60385;3.43741;2
  -5.83211;35.91038;       0.60396;3.43740;2
  -5.79877;35.91371;       0.60402;3.43739;2
  -5.76539;35.91704;       0.60408;3.43738;2
  -5.73202;35.92038;       0.60415;3.43737;2
  -5.69861;35.92371;       0.60423;3.43736;2
  -5.66524;35.92704;       0.60430;3.43735;2
  -5.63190;35.93038;       0.60438;3.43734;2
  -5.59850;35.93371;       0.60446;3.43733;2
  -5.56509;35.93704;       0.60454;3.43732;2
  -5.53170;35.94037;       0.60462;3.43731;2
  -5.49833;35.94371;       0.60473;3.43730;2
  -5.46499;35.94704;       0.60482;3.43729;2
  -5.43162;35.95037;       0.60490;3.43729;2
  -5.39824;35.95371;       0.60497;3.43728;2
  -5.36486;35.95704;       0.60502;3.43727;2
  -5.33146;35.96037;       0.60507;3.43726;2
  -5.29811;35.96371;       0.60515;3.43725;2
  -5.26478;35.96704;       0.60524;3.43724;2
  -5.23140;35.97037;       0.60535;3.43723;2
  -5.19803;35.97371;       0.60544;3.43722;2
  -5.16467;35.97704;       0.60554;3.43721;2
  -5.13131;35.98037;       0.60569;3.43720;2
  -5.09794;35.98370;       0.60582;3.43719;2
  -5.06456;35.98704;       0.60585;3.43718;2
  -5.03119;35.99037;       0.60584;3.43717;2
  -4.99783;35.99370;       0.60592;3.43716;2
  -4.96444;35.99704;       0.60599;3.43715;2
  -4.93105;36.00037;       0.60613;3.43714;2
  -4.89769;36.00370;       0.60627;3.43713;2
  -4.86427;36.00704;       0.60639;3.43712;2
  -4.83093;36.01037;       0.60650;3.43711;2
  -4.79759;36.01370;       0.60662;3.43710;2
  -4.76425;36.01704;       0.60673;3.43709;2
  -4.73090;36.02037;       0.60685;3.43708;2
  -4.69753;36.02370;       0.60697;3.43707;2
  -4.66417;36.02703;       0.60706;3.43706;2
  -4.63078;36.03037;       0.60715;3.43705;2
  -4.59744;36.03370;       0.60722;3.43704;2
  -4.56408;36.03703;       0.60727;3.43703;2
  -4.53072;36.04037;       0.60726;3.43702;2
  -4.49735;36.04370;       0.60730;3.43701;2
  -4.46396;36.04703;       0.60734;3.43700;2
  -4.43060;36.05037;       0.60746;3.43699;2
  -4.39724;36.05370;       0.60763;3.43698;2
  -4.36389;36.05703;       0.60772;3.43697;2
  -4.33052;36.06036;       0.60783;3.43696;2
  -4.29712;36.06370;       0.60795;3.43695;2
  -4.26373;36.06703;       0.60807;3.43694;2
  -4.23037;36.07036;       0.60818;3.43693;2
  -4.19700;36.07370;       0.60830;3.43692;2
  -4.16364;36.07703;       0.60844;3.43691;2
  -4.13030;36.08036;       0.60862;3.43690;2
  -4.09694;36.08370;       0.60879;3.43689;2
  -4.06360;36.08703;       0.60895;3.43688;2
  -4.03024;36.09036;       0.60912;3.43687;2
  -3.99692;36.09370;       0.60924;3.43686;2
  -3.96358;36.09703;       0.60931;3.43685;2
  -3.93025;36.10036;       0.60932;3.43684;2
  -3.89691;36.10369;       0.60937;3.43683;2
  -3.86357;36.10703;       0.60939;3.43682;2
  -3.83017;36.11036;       0.60942;3.43681;2
  -3.79677;36.11369;       0.60947;3.43680;2
  -3.76339;36.11703;       0.60954;3.43679;2
  -3.73003;36.12036;       0.60954;3.43678;2
  -3.69666;36.12369;       0.60954;3.43677;2
  -3.66334;36.12703;       0.60956;3.43676;2
  -3.62998;36.13036;       0.60967;3.43675;2
  -3.59664;36.13369;       0.60969;3.43674;2
  -3.56332;36.13703;       0.60978;3.43673;2
  -3.52999;36.14036;       0.60985;3.43672;2
  -3.49663;36.14369;       0.60995;3.43671;2
  -3.46327;36.14702;       0.60998;3.43670;2
  -3.42993;36.15036;       0.61001;3.43669;2
  -3.39661;36.15369;       0.61007;3.43668;2
  -3.36330;36.15702;       0.61014;3.43667;2
  -3.32994;36.16036;       0.61020;3.43666;2
  -3.29663;36.16369;       0.61024;3.43665;2
  -3.26331;36.16702;       0.61030;3.43664;2
  -3.22996;36.17036;       0.61037;3.43663;2
  -3.19661;36.17369;       0.61047;3.43662;2
  -3.16327;36.17702;       0.61056;3.43661;2
  -3.12994;36.18036;       0.61067;3.43660;2
  -3.09660;36.18369;       0.61076;3.43659;2
  -3.06331;36.18702;       0.61084;3.43658;2
  -3.03004;36.19035;       0.61091;3.43657;2
  -2.99672;36.19369;       0.61098;3.43656;2
  -2.96336;36.19702;       0.61109;3.43655;2
  -2.93006;36.20035;       0.61118;3.43654;2
  -2.89673;36.20369;       0.61124;3.43653;2
  -2.86340;36.20702;       0.61128;3.43652;2
  -2.83015;36.21035;       0.61133;3.43651;2
  -2.79682;36.21369;       0.61140;3.43650;2
  -2.76350;36.21702;       0.61146;3.43649;2
  -2.73017;36.22035;       0.61152;3.43648;2
  -2.69683;36.22368;       0.61160;3.43647;2
  -2.66352;36.22702;       0.61168;3.43646;2
  -2.63022;36.23035;       0.61176;3.43645;2
  -2.59690;36.23368;       0.61184;3.43644;2
  -2.56356;36.23702;       0.61191;3.43643;2
  -2.53027;36.24035;       0.61196;3.43642;2
  -2.49698;36.24368;       0.61196;3.43641;2
  -2.46367;36.24702;       0.61198;3.43640;2
  -2.43039;36.25035;       0.61199;3.43639;2
  -2.39705;36.25368;       0.61204;3.43638;2
  -2.36374;36.25702;       0.61215;3.43637;2
  -2.33042;36.26035;       0.61227;3.43636;2
  -2.29717;36.26368;       0.61238;3.43635;2
  -2.26388;36.26701;       0.61246;3.43634;2
  -2.23057;36.27035;       0.61251;3.43633;2
  -2.19727;36.27368;       0.61255;3.43632;2
  -2.16398;36.27701;       0.61263;3.43631;2
  -2.13066;36.28035;       0.61270;3.43629;2
  -2.09734;36.28368;       0.61277;3.43628;2
  -2.06405;36.28701;       0.61282;3.43627;2
  -2.03072;36.29035;       0.61289;3.43626;2
  -1.99741;36.29368;       0.61296;3.43625;2
  -1.96409;36.29701;       0.61301;3.43624;2
  -1.93078;36.30035;       0.61301;3.43623;2
  -1.89749;36.30368;       0.61309;3.43622;2
  -1.86420;36.30701;       0.61322;3.43621;2
  -1.83089;36.31034;       0.61330;3.43620;2
  -1.79762;36.31368;       0.61331;3.43619;2
  -1.76434;36.31701;       0.61337;3.43618;2
  -1.73103;36.32034;       0.61341;3.43617;2
  -1.69772;36.32368;       0.61348;3.43616;2
  -1.66442;36.32701;       0.61358;3.43615;2
  -1.63110;36.33034;       0.61368;3.43614;2
  -1.59781;36.33368;       0.61376;3.43613;2
  -1.56444;36.33701;       0.61384;3.43612;2
  -1.53111;36.34034;       0.61394;3.43611;2
  -1.49778;36.34367;       0.61407;3.43610;2
  -1.46449;36.34701;       0.61412;3.43609;2
  -1.43121;36.35034;       0.61414;3.43608;2
  -1.39787;36.35367;       0.61415;3.43607;2
  -1.36453;36.35701;       0.61421;3.43606;2
  -1.33121;36.36034;       0.61426;3.43605;2
  -1.29795;36.36367;       0.61432;3.43604;2
  -1.26462;36.36701;       0.61439;3.43602;2
  -1.23126;36.37034;       0.61449;3.43601;2
  -1.19794;36.37367;       0.61461;3.43600;2
  -1.16461;36.37701;       0.61473;3.43599;2
  -1.13129;36.38034;       0.61484;3.43598;2
  -1.09795;36.38367;       0.61492;3.43597;2
  -1.06464;36.38700;       0.61491;3.43596;2
  -1.03129;36.39034;       0.61494;3.43595;2
  -0.99797;36.39367;       0.61503;3.43594;2
  -0.96468;36.39700;       0.61514;3.43593;2
  -0.93142;36.40034;       0.61523;3.43592;2
  -0.89811;36.40367;       0.61535;3.43591;2
  -0.86488;36.40700;       0.61546;3.43590;2
  -0.83161;36.41034;       0.61552;3.43589;2
  -0.79832;36.41367;       0.61562;3.43588;2
  -0.76505;36.41700;       0.61573;3.43587;2
  -0.73178;36.42034;       0.61589;3.43586;2
  -0.69849;36.42367;       0.61601;3.43585;2
  -0.66522;36.42700;       0.61610;3.43583;2
  -0.63194;36.43033;       0.61617;3.43582;2
  -0.59866;36.43367;       0.61625;3.43581;2
  -0.56539;36.43700;       0.61636;3.43580;2
  -0.53213;36.44033;       0.61645;3.43579;2
  -0.49883;36.44367;       0.61649;3.43578;2
  -0.46553;36.44700;       0.61655;3.43577;2
  -0.43223;36.45033;       0.61666;3.43576;2
  -0.39893;36.45367;       0.61675;3.43575;2
  -0.36567;36.45700;       0.61685;3.43574;2
  -0.33239;36.46033;       0.61696;3.43573;2
  -0.29915;36.46367;       0.61708;3.43572;2
  -0.26585;36.46700;       0.61721;3.43571;2
  -0.23258;36.47033;       0.61729;3.43570;2
  -0.19932;36.47366;       0.61736;3.43569;2
  -0.16610;36.47700;       0.61741;3.43567;2
  -0.13285;36.48033;       0.61748;3.43566;2
  -0.09959;36.48366;       0.61759;3.43565;2
  -0.06633;36.48700;       0.61768;3.43564;2
  -0.03311;36.49033;       0.61778;3.43563;2
   0.00016;36.49366;       0.61785;3.43562;2
   0.03341;36.49700;       0.61793;3.43561;2
   0.06664;36.50033;       0.61798;3.43560;2
   0.09990;36.50366;       0.61799;3.43559;2
   0.13318;36.50699;       0.61802;3.43558;2
   0.16645;36.51033;       0.61805;3.43557;2
   0.19971;36.51366;       0.61818;3.43556;2
   0.23297;36.51699;       0.61830;3.43555;2
   0.26621;36.52033;       0.61836;3.43554;2
   0.29946;36.52366;       0.61845;3.43552;2
   0.33273;36.52699;       0.61854;3.43551;2
   0.36598;36.53033;       0.61858;3.43550;2
   0.39924;36.53366;       0.61862;3.43549;2
   0.43249;36.53699;       0.61869;3.43548;2
   0.46570;36.54033;       0.61873;3.43547;2
   0.49889;36.54366;       0.61877;3.43546;2
   0.53209;36.54699;       0.61881;3.43545;2
   0.56535;36.55032;       0.61885;3.43544;2
   0.59859;36.55366;       0.61892;3.43543;2
   0.63182;36.55699;       0.61899;3.43542;2
   0.66510;36.56032;       0.61910;3.43541;2
   0.69834;36.56366;       0.61917;3.43540;2
   0.73160;36.56699;       0.61925;3.43538;2
   0.76479;36.57032;       0.61932;3.43537;2
   0.79802;36.57366;       0.61940;3.43536;2
   0.83130;36.57699;       0.61945;3.43535;2
   0.86455;36.58032;       0.61949;3.43534;2
   0.89777;36.58366;       0.61956;3.43533;2
   0.93105;36.58699;       0.61966;3.43532;2
   0.96432;36.59032;       0.61975;3.43531;2
   0.99758;36.59365;       0.61985;3.43530;2
   1.03086;36.59699;       0.61993;3.43529;2
   1.06415;36.60032;       0.62001;3.43528;2
   1.09744;36.60365;       0.62010;3.43526;2
   1.13074;36.60699;       0.62036;3.43525;2
   1.16404;36.61032;       0.62054;3.43524;2
   1.19731;36.61365;       0.62071;3.43523;2
   1.23063;36.61699;       0.62086;3.43522;2
   1.26392;36.62032;       0.62100;3.43521;2
   1.29725;36.62365;       0.62100;3.43520;2
   1.33054;36.62698;       0.62096;3.43519;2
   1.36383;36.63032;       0.62099;3.43518;2
   1.39714;36.63365;       0.62099;3.43517;2
   1.43045;36.63698;       0.62100;3.43515;2
   1.46374;36.64032;       0.62099;3.43514;2
   1.49702;36.64365;       0.62101;3.43513;2
   1.53031;36.64698;       0.62104;3.43512;2
   1.56358;36.65032;       0.62108;3.43511;2
   1.59683;36.65365;       0.62114;3.43510;2
   1.63014;36.65698;       0.62121;3.43509;2
   1.66341;36.66032;       0.62133;3.43508;2
   1.69671;36.66365;       0.62141;3.43507;2
   1.73003;36.66698;       0.62146;3.43506;2
   1.76336;36.67031;       0.62153;3.43504;2
   1.79668;36.67365;       0.62166;3.43503;2
   1.83001;36.67698;       0.62176;3.43502;2
   1.86339;36.68031;       0.62183;3.43501;2
   1.89671;36.68365;       0.62192;3.43500;2
   1.93002;36.68698;       0.62203;3.43499;2
   1.96335;36.69031;       0.62214;3.43498;2
   1.99672;36.69365;       0.62228;3.43497;2
   2.03004;36.69698;       0.62238;3.43496;2
   2.06337;36.70031;       0.62246;3.43494;2
   2.09671;36.70365;       0.62255;3.43493;2
   2.13003;36.70698;       0.62270;3.43492;2
   2.16336;36.71031;       0.62281;3.43491;2
   2.19667;36.71364;       0.62285;3.43490;2
   2.22998;36.71698;       0.62289;3.43489;2
   2.26330;36.72031;       0.62301;3.43488;2
   2.29659;36.72364;       0.62314;3.43487;2
   2.32992;36.72698;       0.62323;3.43485;2
   2.36323;36.73031;       0.62331;3.43484;2
   2.39655;36.73364;       0.62341;3.43483;2
   2.42988;36.73698;       0.62349;3.43482;2
   2.46321;36.74031;       0.62354;3.43481;2
   2.49658;36.74364;       0.62354;3.43480;2
   2.52994;36.74698;       0.62360;3.43479;2
   2.56330;36.75031;       0.62374;3.43478;2
   2.59666;36.75364;       0.62386;3.43476;2
   2.63001;36.75697;       0.62399;3.43475;2
   2.66333;36.76031;       0.62408;3.43474;2
   2.69666;36.76364;       0.62415;3.43473;2
   2.73004;36.76697;       0.62422;3.43472;2
   2.76342;36.77031;       0.62432;3.43471;2
   2.79682;36.77364;       0.62445;3.43470;2
   2.83014;36.77697;       0.62456;3.43469;2
   2.86348;36.78031;       0.62465;3.43467;2
   2.89681;36.78364;       0.62473;3.43466;2
   2.93020;36.78697;       0.62483;3.43465;2
   2.96354;36.79030;       0.62492;3.43464;2
   2.99688;36.79364;       0.62500;3.43463;2
   3.03024;36.79697;       0.62507;3.43462;2
   3.06358;36.80030;       0.62518;3.43461;2
   3.09692;36.80364;       0.62527;3.43460;2
   3.13028;36.80697;       0.62536;3.43458;2
   3.16366;36.81030;       0.62544;3.43457;2
   3.19707;36.81364;       0.62550;3.43456;2
   3.23047;36.81697;       0.62558;3.43455;2
   3.26383;36.82030;       0.62573;3.43454;2
   3.29719;36.82364;       0.62590;3.43453;2
   3.33060;36.82697;       0.62604;3.43452;2
   3.36397;36.83030;       0.62620;3.43450;2
   3.39734;36.83363;       0.62630;3.43449;2
   3.43072;36.83697;       0.62638;3.43448;2
   3.46411;36.84030;       0.62652;3.43447;2
   3.49754;36.84363;       0.62665;3.43446;2
   3.53098;36.84697;       0.62675;3.43445;2
   3.56438;36.85030;       0.62683;3.43444;2
   3.59778;36.85363;       0.62682;3.43442;2
   3.63121;36.85697;       0.62687;3.43441;2
   3.66459;36.86030;       0.62698;3.43440;2
   3.69799;36.86363;       0.62719;3.43439;2
   3.73137;36.86697;       0.62738;3.43438;2
   3.76478;36.87030;       0.62750;3.43437;2
   3.79817;36.87363;       0.62762;3.43436;2
   3.83157;36.87696;       0.62774;3.43434;2
   3.86498;36.88030;       0.62782;3.43433;2
   3.89837;36.88363;       0.62793;3.43432;2
   3.93180;36.88696;       0.62808;3.43431;2
   3.96520;36.89030;       0.62823;3.43430;2
   3.99861;36.89363;       0.62834;3.43429;2
   4.03200;36.89696;       0.62844;3.43427;2
   4.06541;36.90030;       0.62854;3.43426;2
   4.09883;36.90363;       0.62866;3.43425;2
   4.13226;36.90696;       0.62878;3.43424;2
   4.16568;36.91029;       0.62892;3.43423;2
   4.19908;36.91363;       0.62906;3.43422;2
   4.23248;36.91696;       0.62919;3.43420;2
   4.26590;36.92029;       0.62932;3.43419;2
   4.29933;36.92363;       0.62938;3.43418;2
   4.33278;36.92696;       0.62950;3.43417;2
   4.36618;36.93029;       0.62966;3.43416;2
   4.39959;36.93363;       0.62980;3.43415;2
   4.43303;36.93696;       0.62991;3.43414;2
   4.46646;36.94029;       0.63002;3.43412;2
   4.49988;36.94363;       0.63011;3.43411;2
   4.53331;36.94696;       0.63022;3.43410;2
   4.56676;36.95029;       0.63031;3.43409;2
   4.60018;36.95362;       0.63042;3.43408;2
   4.63355;36.95696;       0.63054;3.43407;2
   4.66695;36.96029;       0.63064;3.43405;2
   4.70037;36.96362;       0.63075;3.43404;2
   4.73376;36.96696;       0.63083;3.43403;2
   4.76713;36.97029;       0.63092;3.43402;2
   4.80052;36.97362;       0.63103;3.43401;2
   4.83388;36.97696;       0.63115;3.43400;2
   4.86733;36.98029;       0.63126;3.43398;2
   4.90071;36.98362;       0.63137;3.43397;2
   4.93412;36.98696;       0.63152;3.43396;2
   4.96749;36.99029;       0.63166;3.43395;2
   5.00087;36.99362;       0.63177;3.43394;2
   5.03421;36.99695;       0.63195;3.43392;2
   5.06758;37.00029;       0.63214;3.43391;2
   5.10096;37.00362;       0.63237;3.43390;2
   5.13433;37.00695;       0.63258;3.43389;2
   5.16772;37.01029;       0.63274;3.43388;2
   5.20106;37.01362;       0.63290;3.43387;2
   5.23441;37.01695;       0.63297;3.43385;2
   5.26776;37.02029;       0.63294;3.43384;2
   5.30111;37.02362;       0.63292;3.43383;2
   5.33451;37.02695;       0.63292;3.43382;2
   5.36783;37.03029;       0.63293;3.43381;2
   5.40120;37.03362;       0.63297;3.43380;2
   5.43457;37.03695;       0.63303;3.43378;2
   5.46793;37.04028;       0.63308;3.43377;2
   5.50126;37.04362;       0.63312;3.43376;2
   5.53457;37.04695;       0.63316;3.43375;2
   5.56790;37.05028;       0.63323;3.43374;2
   5.60124;37.05362;       0.63329;3.43372;2
   5.63460;37.05695;       0.63337;3.43371;2
   5.66791;37.06028;       0.63349;3.43370;2
   5.70125;37.06362;       0.63359;3.43369;2
   5.73456;37.06695;       0.63368;3.43368;2
   5.76793;37.07028;       0.63378;3.43367;2
   5.80126;37.07361;       0.63386;3.43365;2
   5.83462;37.07695;       0.63394;3.43364;2
   5.86790;37.08028;       0.63410;3.43363;2
   5.90120;37.08361;       0.63417;3.43362;2
   5.93451;37.08695;       0.63425;3.43361;2
   5.96780;37.09028;       0.63435;3.43359;2
   6.00109;37.09361;       0.63444;3.43358;2
   6.03438;37.09695;       0.63452;3.43357;2
   6.06769;37.10028;       0.63462;3.43356;2
   6.10097;37.10361;       0.63467;3.43355;2
   6.13426;37.10695;       0.63474;3.43353;2
   6.16755;37.11028;       0.63479;3.43352;2
   6.20081;37.11361;       0.63485;3.43351;2
   6.23409;37.11694;       0.63493;3.43350;2
   6.26740;37.12028;       0.63503;3.43349;2
   6.30067;37.12361;       0.63515;3.43347;2
   6.33395;37.12694;       0.63524;3.43346;2
   6.36722;37.13028;       0.63532;3.43345;2
   6.40050;37.13361;       0.63542;3.43344;2
   6.43377;37.13694;       0.63553;3.43343;2
   6.46703;37.14028;       0.63561;3.43341;2
   6.50029;37.14361;       0.63567;3.43340;2
   6.53355;37.14694;       0.63564;3.43339;2
   6.56677;37.15028;       0.63566;3.43338;2
   6.59999;37.15361;       0.63571;3.43337;2
   6.63327;37.15694;       0.63586;3.43335;2
   6.66656;37.16027;       0.63595;3.43334;2
   6.69984;37.16361;       0.63601;3.43333;2
   6.73313;37.16694;       0.63609;3.43332;2
   6.76642;37.17027;       0.63620;3.43331;2
   6.79971;37.17361;       0.63626;3.43329;2
   6.83297;37.17694;       0.63633;3.43328;2
   6.86626;37.18027;       0.63642;3.43327;2
   6.89949;37.18361;       0.63654;3.43326;2
   6.93275;37.18694;       0.63666;3.43325;2
   6.96601;37.19027;       0.63675;3.43323;2
   6.99927;37.19360;       0.63683;3.43322;2
   7.03253;37.19694;       0.63690;3.43321;2
   7.06580;37.20027;       0.63695;3.43320;2
   7.09908;37.20360;       0.63701;3.43319;2
   7.13236;37.20694;       0.63708;3.43317;2
   7.16565;37.21027;       0.63714;3.43316;2
   7.19889;37.21360;       0.63722;3.43315;2
   7.23217;37.21694;       0.63729;3.43314;2
   7.26544;37.22027;       0.63737;3.43312;2
   7.29870;37.22360;       0.63741;3.43311;2
   7.33200;37.22694;       0.63745;3.43310;2
   7.36524;37.23027;       0.63749;3.43309;2
   7.39850;37.23360;       0.63757;3.43308;2
   7.43176;37.23693;       0.63763;3.43306;2
   7.46502;37.24027;       0.63770;3.43305;2
   7.49829;37.24360;       0.63774;3.43304;2
   7.53157;37.24693;       0.63781;3.43303;2
   7.56486;37.25027;       0.63790;3.43302;2
   7.59817;37.25360;       0.63797;3.43300;2
   7.63143;37.25693;       0.63803;3.43299;2
   7.66471;37.26027;       0.63808;3.43298;2
   7.69798;37.26360;       0.63817;3.43297;2
   7.73124;37.26693;       0.63826;3.43295;2
   7.76457;37.27027;       0.63836;3.43294;2
   7.79783;37.27360;       0.63846;3.43293;2
   7.83112;37.27693;       0.63859;3.43292;2
   7.86440;37.28026;       0.63871;3.43291;2
   7.89771;37.28360;       0.63880;3.43289;2
   7.93101;37.28693;       0.63890;3.43288;2
   7.96429;37.29026;       0.63898;3.43287;2
   7.99758;37.29360;       0.63906;3.43286;2
   8.03089;37.29693;       0.63915;3.43284;2
   8.06418;37.30026;       0.63926;3.43283;2
   8.09748;37.30360;       0.63936;3.43282;2
   8.13080;37.30693;       0.63945;3.43281;2
   8.16409;37.31026;       0.63956;3.43279;2
   8.19740;37.31360;       0.63964;3.43278;2
   8.23073;37.31693;       0.63975;3.43277;2
   8.26407;37.32026;       0.63990;3.43276;2
   8.29741;37.32359;       0.64024;3.43275;2
   8.33075;37.32693;       0.64054;3.43273;2
   8.36404;37.33026;       0.64076;3.43272;2
   8.39737;37.33359;       0.64092;3.43271;2
   8.43068;37.33693;       0.64094;3.43270;2
   8.46399;37.34026;       0.64101;3.43268;2
   8.49733;37.34359;       0.64103;3.43267;2
   8.53064;37.34693;       0.64103;3.43266;2
   8.56398;37.35026;       0.64108;3.43265;2
   8.59731;37.35359;       0.64112;3.43263;2
   8.63065;37.35692;       0.64110;3.43262;2
   8.66395;37.36026;       0.64107;3.43261;2
   8.69728;37.36359;       0.64105;3.43260;2
   8.73060;37.36692;       0.64109;3.43258;2
   8.76391;37.37026;       0.64114;3.43257;2
   8.79724;37.37359;       0.64126;3.43256;2
   8.83053;37.37692;       0.64132;3.43255;2
   8.86384;37.38026;       0.64139;3.43253;2
   8.89715;37.38359;       0.64146;3.43252;2
   8.93051;37.38692;       0.64157;3.43251;2
   8.96385;37.39026;       0.64179;3.43250;2
   8.99721;37.39359;       0.64191;3.43248;2
   9.03055;37.39692;       0.64204;3.43247;2
   9.06389;37.40025;       0.64213;3.43246;2
   9.09723;37.40359;       0.64219;3.43245;2
   9.13056;37.40692;       0.64230;3.43243;2
   9.16390;37.41025;       0.64242;3.43242;2
   9.19721;37.41359;       0.64249;3.43241;2
   9.23053;37.41692;       0.64257;3.43240;2
   9.26387;37.42025;       0.64268;3.43238;2
   9.29720;37.42359;       0.64282;3.43237;2
   9.33057;37.42692;       0.64292;3.43236;2
   9.36388;37.43025;       0.64302;3.43235;2
   9.39724;37.43359;       0.64311;3.43233;2
   9.43060;37.43692;       0.64322;3.43232;2
   9.46396;37.44025;       0.64334;3.43231;2
   9.49733;37.44358;       0.64341;3.43230;2
   9.53066;37.44692;       0.64351;3.43228;2
   9.56402;37.45025;       0.64364;3.43227;2
   9.59735;37.45358;       0.64376;3.43226;2
   9.63066;37.45692;       0.64386;3.43225;2
   9.66402;37.46025;       0.64397;3.43223;2
   9.69736;37.46358;       0.64409;3.43222;2
   9.73072;37.46692;       0.64417;3.43221;2
   9.76410;37.47025;       0.64429;3.43219;2
   9.79742;37.47358;       0.64449;3.43218;2
   9.83081;37.47691;       0.64470;3.43217;2
   9.86414;37.48025;       0.64484;3.43216;2
   9.89748;37.48358;       0.64496;3.43214;2
   9.93084;37.48691;       0.64514;3.43213;2
   9.96420;37.49025;       0.64533;3.43212;2
   9.99759;37.49358;       0.64549;3.43211;2
  10.03094;37.49691;       0.64561;3.43209;2
  10.06430;37.50025;       0.64573;3.43208;2
  10.09770;37.50358;       0.64584;3.43207;2
  10.13109;37.50691;       0.64597;3.43206;2
  10.16448;37.51025;       0.64606;3.43204;2
  10.19787;37.51358;       0.64614;3.43203;2
  10.23124;37.51691;       0.64613;3.43202;2
  10.26463;37.52024;       0.64620;3.43200;2
  10.29800;37.52358;       0.64631;3.43199;2
  10.33133;37.52691;       0.64645;3.43198;2
  10.36469;37.53024;       0.64659;3.43197;2
  10.39808;37.53358;       0.64675;3.43195;2
  10.43145;37.53691;       0.64685;3.43194;2
  10.46483;37.54024;       0.64696;3.43193;2
  10.49822;37.54358;       0.64707;3.43191;2
  10.53156;37.54691;       0.64716;3.43190;2
  10.56495;37.55024;       0.64726;3.43189;2
  10.59833;37.55358;       0.64741;3.43188;2
  10.63172;37.55691;       0.64756;3.43186;2
  10.66509;37.56024;       0.64768;3.43185;2
  10.69846;37.56357;       0.64781;3.43184;2
  10.73184;37.56691;       0.64792;3.43182;2
  10.76521;37.57024;       0.64801;3.43181;2
  10.79857;37.57357;       0.64812;3.43180;2
  10.83193;37.57691;       0.64815;3.43179;2
  10.86532;37.58024;       0.64828;3.43177;2
  10.89873;37.58357;       0.64846;3.43176;2
  10.93213;37.58691;       0.64871;3.43175;2
  10.96553;37.59024;       0.64888;3.43173;2
  10.99891;37.59357;       0.64904;3.43172;2
  11.03225;37.59691;       0.64921;3.43171;2
  11.06561;37.60024;       0.64959;3.43170;2
  11.09897;37.60357;       0.64993;3.43168;2
  11.13238;37.60690;       0.65021;3.43167;2
  11.16581;37.61024;       0.65038;3.43166;2
  11.19919;37.61357;       0.65039;3.43164;2
  11.23257;37.61690;       0.65038;3.43163;2
  11.26598;37.62024;       0.65040;3.43162;2
  11.29937;37.62357;       0.65044;3.43161;2
  11.33276;37.62690;       0.65044;3.43159;2
  11.36612;37.63024;       0.65046;3.43158;2
  11.39954;37.63357;       0.65052;3.43157;2
  11.43289;37.63690;       0.65057;3.43155;2
  11.46629;37.64023;       0.65062;3.43154;2
  11.49969;37.64357;       0.65069;3.43153;2
  11.53305;37.64690;       0.65079;3.43151;2
  11.56641;37.65023;       0.65085;3.43150;2
  11.59977;37.65357;       0.65090;3.43149;2
  11.63316;37.65690;       0.65096;3.43148;2
  11.66655;37.66023;       0.65106;3.43146;2
  11.69992;37.66357;       0.65121;3.43145;2
  11.73328;37.66690;       0.65131;3.43144;2
  11.76665;37.67023;       0.65144;3.43142;2
  11.80000;37.67357;       0.65157;3.43141;2
  11.83338;37.67690;       0.65173;3.43140;2
  11.86669;37.68023;       0.65187;3.43138;2
  11.90005;37.68356;       0.65202;3.43137;2
  11.93341;37.68690;       0.65217;3.43136;2
  11.96673;37.69023;       0.65231;3.43134;2
  12.00009;37.69356;       0.65240;3.43133;2
  12.03342;37.69690;       0.65249;3.43132;2
  12.06676;37.70023;       0.65260;3.43131;2
  12.10012;37.70356;       0.65271;3.43129;2
  12.13346;37.70690;       0.65284;3.43128;2
  12.16677;37.71023;       0.65298;3.43127;2
  12.20011;37.71356;       0.65307;3.43125;2
  12.23347;37.71690;       0.65316;3.43124;2
  12.26681;37.72023;       0.65326;3.43123;2
  12.30015;37.72356;       0.65338;3.43121;2
  12.33353;37.72689;       0.65353;3.43120;2
  12.36692;37.73023;       0.65367;3.43119;2
  12.40026;37.73356;       0.65382;3.43117;2
  12.43360;37.73689;       0.65396;3.43116;2
  12.46692;37.74023;       0.65408;3.43115;2
  12.50028;37.74356;       0.65422;3.43113;2
  12.53361;37.74689;       0.65434;3.43112;2
  12.56698;37.75023;       0.65448;3.43111;2
  12.60037;37.75356;       0.65459;3.43109;2
  12.63373;37.75689;       0.65463;3.43108;2
  12.66710;37.76022;       0.65472;3.43107;2
  12.70046;37.76356;       0.65483;3.43106;2
  12.73384;37.76689;       0.65496;3.43104;2
  12.76721;37.77022;       0.65509;3.43103;2
  12.80059;37.77356;       0.65522;3.43102;2
  12.83398;37.77689;       0.65534;3.43100;2
  12.86735;37.78022;       0.65545;3.43099;2
  12.90071;37.78356;       0.65559;3.43098;2
  12.93407;37.78689;       0.65573;3.43096;2
  12.96742;37.79022;       0.65587;3.43095;2
  13.00075;37.79356;       0.65603;3.43094;2
  13.03407;37.79689;       0.65616;3.43092;2
  13.06747;37.80022;       0.65627;3.43091;2
  13.10084;37.80355;       0.65635;3.43090;2
  13.13421;37.80689;       0.65645;3.43088;2
  13.16755;37.81022;       0.65652;3.43087;2
  13.20084;37.81355;       0.65660;3.43086;2
  13.23416;37.81689;       0.65665;3.43084;2
  13.26755;37.82022;       0.65671;3.43083;2
  13.30087;37.82355;       0.65679;3.43082;2
  13.33420;37.82689;       0.65687;3.43080;2
  13.36754;37.83022;       0.65697;3.43079;2
  13.40086;37.83355;       0.65710;3.43078;2
  13.43419;37.83689;       0.65723;3.43076;2
  13.46753;37.84022;       0.65752;3.43075;2
  13.50083;37.84355;       0.65779;3.43074;2
  13.53413;37.84688;       0.65812;3.43072;2
  13.56744;37.85022;       0.65838;3.43071;2
  13.60081;37.85355;       0.65858;3.43070;2
  13.63414;37.85688;       0.65868;3.43068;2
  13.66745;37.86022;       0.65879;3.43067;2
  13.70075;37.86355;       0.65887;3.43066;2
  13.73405;37.86688;       0.65893;3.43064;2
  13.76737;37.87022;       0.65891;3.43063;2
  13.80068;37.87355;       0.65887;3.43061;2
  13.83400;37.87688;       0.65890;3.43060;2
  13.86730;37.88022;       0.65896;3.43059;2
  13.90062;37.88355;       0.65902;3.43057;2
  13.93393;37.88688;       0.65909;3.43056;2
  13.96726;37.89021;       0.65916;3.43055;2
  14.00058;37.89355;       0.65924;3.43053;2
  14.03386;37.89688;       0.65931;3.43052;2
  14.06720;37.90021;       0.65936;3.43051;2
  14.10052;37.90355;       0.65946;3.43049;2
  14.13383;37.90688;       0.65957;3.43048;2
  14.16714;37.91021;       0.65968;3.43047;2
  14.20045;37.91355;       0.65979;3.43045;2
  14.23372;37.91688;       0.65987;3.43044;2
  14.26700;37.92021;       0.65992;3.43043;2
  14.30031;37.92354;       0.66005;3.43041;2
  14.33360;37.92688;       0.66027;3.43040;2
  14.36684;37.93021;       0.66040;3.43039;2
  14.40010;37.93354;       0.66051;3.43037;2
  14.43340;37.93688;       0.66064;3.43036;2
  14.46671;37.94021;       0.66076;3.43035;2
  14.50003;37.94354;       0.66087;3.43033;2
  14.53332;37.94688;       0.66099;3.43032;2
  14.56663;37.95021;       0.66110;3.43030;2
  14.59989;37.95354;       0.66120;3.43029;2
  14.63313;37.95688;       0.66130;3.43028;2
  14.66639;37.96021;       0.66139;3.43026;2
  14.69965;37.96354;       0.66151;3.43025;2
  14.73293;37.96687;       0.66160;3.43024;2
  14.76620;37.97021;       0.66168;3.43022;2
  14.79945;37.97354;       0.66178;3.43021;2
  14.83272;37.97687;       0.66187;3.43020;2
  14.86595;37.98021;       0.66194;3.43018;2
  14.89919;37.98354;       0.66202;3.43017;2
  14.93249;37.98687;       0.66211;3.43016;2
  14.96575;37.99021;       0.66219;3.43014;2
  14.99902;37.99354;       0.66230;3.43013;2
  15.03228;37.99687;       0.66245;3.43011;2
  15.06554;38.00021;       0.66263;3.43010;2
  15.09878;38.00354;       0.66280;3.43009;2
  15.13204;38.00687;       0.66295;3.43007;2
  15.16530;38.01020;       0.66311;3.43006;2
  15.19856;38.01354;       0.66323;3.43005;2
  15.23184;38.01687;       0.66331;3.43003;2
  15.26513;38.02020;       0.66342;3.43002;2
  15.29839;38.02354;       0.66354;3.43000;2
  15.33168;38.02687;       0.66362;3.42999;2
  15.36498;38.03020;       0.66360;3.42998;2
  15.39825;38.03354;       0.66363;3.42996;2
  15.43156;38.03687;       0.66375;3.42995;2
  15.46487;38.04020;       0.66387;3.42994;2
  15.49816;38.04353;       0.66402;3.42992;2
  15.53145;38.04687;       0.66418;3.42991;2
  15.56475;38.05020;       0.66432;3.42989;2
  15.59806;38.05353;       0.66444;3.42988;2
  15.63137;38.05687;       0.66456;3.42987;2
  15.66472;38.06020;       0.66473;3.42985;2
  15.69803;38.06353;       0.66496;3.42984;2
  15.73134;38.06687;       0.66527;3.42983;2
  15.76467;38.07020;       0.66563;3.42981;2
  15.79799;38.07353;       0.66600;3.42980;2
  15.83133;38.07687;       0.66634;3.42978;2
  15.86468;38.08020;       0.66657;3.42977;2
  15.89803;38.08353;       0.66666;3.42976;2
  15.93138;38.08686;       0.66675;3.42974;2
  15.96473;38.09020;       0.66671;3.42973;2
  15.99806;38.09353;       0.66670;3.42972;2
  16.03140;38.09686;       0.66664;3.42970;2
  16.06476;38.10020;       0.66668;3.42969;2
  16.09807;38.10353;       0.66678;3.42967;2
  16.13142;38.10686;       0.66692;3.42966;2
  16.16475;38.11020;       0.66701;3.42965;2
  16.19807;38.11353;       0.66704;3.42963;2
  16.23143;38.11686;       0.66712;3.42962;2
  16.26477;38.12020;       0.66725;3.42960;2
  16.29810;38.12353;       0.66737;3.42959;2
  16.33142;38.12686;       0.66749;3.42958;2
  16.36475;38.13019;       0.66764;3.42956;2
  16.39809;38.13353;       0.66776;3.42955;2
  16.43147;38.13686;       0.66784;3.42953;2
  16.46481;38.14019;       0.66797;3.42952;2
  16.49813;38.14353;       0.66810;3.42951;2
  16.53146;38.14686;       0.66824;3.42949;2
  16.56480;38.15019;       0.66837;3.42948;2
  16.59816;38.15353;       0.66851;3.42946;2
  16.63153;38.15686;       0.66864;3.42945;2
  16.66489;38.16019;       0.66872;3.42944;2
  16.69826;38.16353;       0.66886;3.42942;2
  16.73162;38.16686;       0.66899;3.42941;2
  16.76496;38.17019;       0.66914;3.42939;2
  16.79832;38.17352;       0.66932;3.42938;2
  16.83168;38.17686;       0.66951;3.42937;2
  16.86495;38.18019;       0.66965;3.42935;2
  16.89831;38.18352;       0.66982;3.42934;2
  16.93165;38.18686;       0.66998;3.42932;2
  16.96498;38.19019;       0.67011;3.42931;2
  16.99834;38.19352;       0.67026;3.42930;2
  17.03164;38.19686;       0.67041;3.42928;2
  17.06499;38.20019;       0.67056;3.42927;2
  17.09833;38.20352;       0.67065;3.42925;2
  17.13167;38.20685;       0.67079;3.42924;2
  17.16501;38.21019;       0.67092;3.42923;2
  17.19834;38.21352;       0.67106;3.42921;2
  17.23168;38.21685;       0.67117;3.42920;2
  17.26505;38.22019;       0.67115;3.42918;2
  17.29841;38.22352;       0.67131;3.42917;2
  17.33173;38.22685;       0.67149;3.42915;2
  17.36504;38.23019;       0.67164;3.42914;2
  17.39839;38.23352;       0.67180;3.42913;2
  17.43174;38.23685;       0.67197;3.42911;2
  17.46507;38.24019;       0.67211;3.42910;2
  17.49839;38.24352;       0.67221;3.42908;2
  17.53173;38.24685;       0.67226;3.42907;2
  17.56506;38.25018;       0.67232;3.42906;2
  17.59842;38.25352;       0.67247;3.42904;2
  17.63174;38.25685;       0.67262;3.42903;2
  17.66505;38.26018;       0.67278;3.42901;2
  17.69829;38.26352;       0.67293;3.42900;2
  17.73159;38.26685;       0.67323;3.42898;2
  17.76488;38.27018;       0.67361;3.42897;2
  17.79820;38.27352;       0.67395;3.42896;2
  17.83153;38.27685;       0.67427;3.42894;2
  17.86485;38.28018;       0.67455;3.42893;2
  17.89818;38.28352;       0.67466;3.42891;2
  17.93147;38.28685;       0.67479;3.42890;2
  17.96481;38.29018;       0.67486;3.42889;2
  17.99812;38.29351;       0.67488;3.42887;2
  18.03145;38.29685;       0.67488;3.42886;2
  18.06477;38.30018;       0.67483;3.42884;2
  18.09810;38.30351;       0.67486;3.42883;2
  18.13144;38.30685;       0.67493;3.42881;2
  18.16475;38.31018;       0.67502;3.42880;2
  18.19807;38.31351;       0.67510;3.42879;2
  18.23142;38.31685;       0.67521;3.42877;2
  18.26476;38.32018;       0.67530;3.42876;2
  18.29810;38.32351;       0.67541;3.42874;2
  18.33142;38.32685;       0.67558;3.42873;2
  18.36478;38.33018;       0.67572;3.42871;2
  18.39811;38.33351;       0.67582;3.42870;2
  18.43145;38.33684;       0.67593;3.42869;2
  18.46477;38.34018;       0.67607;3.42867;2
  18.49812;38.34351;       0.67623;3.42866;2
  18.53147;38.34684;       0.67637;3.42864;2
  18.56483;38.35018;       0.67650;3.42863;2
  18.59819;38.35351;       0.67662;3.42861;2
  18.63151;38.35684;       0.67673;3.42860;2
  18.66486;38.36018;       0.67683;3.42858;2
  18.69820;38.36351;       0.67692;3.42857;2
  18.73152;38.36684;       0.67706;3.42856;2
  18.76486;38.37017;       0.67722;3.42854;2
  18.79824;38.37351;       0.67735;3.42853;2
  18.83160;38.37684;       0.67753;3.42851;2
  18.86496;38.38017;       0.67765;3.42850;2
  18.89835;38.38351;       0.67781;3.42848;2
  18.93170;38.38684;       0.67793;3.42847;2
  18.96508;38.39017;       0.67805;3.42845;2
  18.99842;38.39351;       0.67818;3.42844;2
  19.03176;38.39684;       0.67834;3.42843;2
  19.06512;38.40017;       0.67850;3.42841;2
  19.09848;38.40351;       0.67866;3.42840;2
  19.13185;38.40684;       0.67881;3.42838;2
  19.16523;38.41017;       0.67896;3.42837;2
  19.19862;38.41350;       0.67912;3.42835;2
  19.23197;38.41684;       0.67927;3.42834;2
  19.26533;38.42017;       0.67940;3.42832;2
  19.29867;38.42350;       0.67953;3.42831;2
  19.33201;38.42684;       0.67968;3.42830;2
  19.36537;38.43017;       0.67982;3.42828;2
  19.39875;38.43350;       0.67997;3.42827;2
  19.43209;38.43684;       0.68011;3.42825;2
  19.46543;38.44017;       0.68026;3.42824;2
  19.49877;38.44350;       0.68042;3.42822;2
  19.53211;38.44684;       0.68060;3.42821;2
  19.56547;38.45017;       0.68079;3.42819;2
  19.59883;38.45350;       0.68106;3.42818;2
  19.63217;38.45683;       0.68145;3.42816;2
  19.66554;38.46017;       0.68184;3.42815;2
  19.69890;38.46350;       0.68225;3.42814;2
  19.73229;38.46683;       0.68259;3.42812;2
  19.76567;38.47017;       0.68281;3.42811;2
  19.79906;38.47350;       0.68293;3.42809;2
  19.83240;38.47683;       0.68296;3.42808;2
  19.86574;38.48017;       0.68295;3.42806;2
  19.89908;38.48350;       0.68294;3.42805;2
  19.93242;38.48683;       0.68302;3.42803;2
  19.96580;38.49016;       0.68311;3.42802;2
  19.99916;38.49350;       0.68323;3.42800;2
  20.03251;38.49683;       0.68327;3.42799;2
  20.06585;38.50016;       0.68331;3.42797;2
  20.09920;38.50350;       0.68341;3.42796;2
  20.13254;38.50683;       0.68352;3.42794;2
  20.16588;38.51016;       0.68363;3.42793;2
  20.19922;38.51350;       0.68372;3.42792;2
  20.23255;38.51683;       0.68384;3.42790;2
  20.26589;38.52016;       0.68393;3.42789;2
  20.29921;38.52350;       0.68402;3.42787;2
  20.33254;38.52683;       0.68420;3.42786;2
  20.36588;38.53016;       0.68442;3.42784;2
  20.39920;38.53349;       0.68460;3.42783;2
  20.43256;38.53683;       0.68474;3.42781;2
  20.46589;38.54016;       0.68490;3.42780;2
  20.49923;38.54349;       0.68502;3.42778;2
  20.53254;38.54683;       0.68517;3.42777;2
  20.56586;38.55016;       0.68529;3.42775;2
  20.59917;38.55349;       0.68543;3.42774;2
  20.63250;38.55683;       0.68555;3.42772;2
  20.66584;38.56016;       0.68566;3.42771;2
  20.69913;38.56349;       0.68578;3.42769;2
  20.73245;38.56683;       0.68595;3.42768;2
  20.76578;38.57016;       0.68611;3.42767;2
  20.79909;38.57349;       0.68626;3.42765;2
  20.83238;38.57682;       0.68639;3.42764;2
  20.86567;38.58016;       0.68651;3.42762;2
  20.89900;38.58349;       0.68663;3.42761;2
  20.93234;38.58682;       0.68677;3.42759;2
  20.96566;38.59016;       0.68691;3.42758;2
  20.99897;38.59349;       0.68708;3.42756;2
  21.03228;38.59682;       0.68722;3.42755;2
  21.06562;38.60016;       0.68734;3.42753;2
  21.09897;38.60349;       0.68747;3.42752;2
  21.13229;38.60682;       0.68764;3.42750;2
  21.16558;38.61016;       0.68773;3.42749;2
  21.19887;38.61349;       0.68784;3.42747;2
  21.23217;38.61682;       0.68795;3.42746;2
  21.26549;38.62015;       0.68807;3.42744;2
  21.29880;38.62349;       0.68822;3.42743;2
  21.33213;38.62682;       0.68837;3.42741;2
  21.36543;38.63015;       0.68851;3.42740;2
  21.39876;38.63349;       0.68899;3.42738;2
  21.43209;38.63682;       0.68941;3.42737;2
  21.46541;38.64015;       0.68984;3.42735;2
  21.49872;38.64349;       0.69019;3.42734;2
  21.53206;38.64682;       0.69040;3.42732;2
  21.56537;38.65015;       0.69048;3.42731;2
  21.59868;38.65348;       0.69055;3.42729;2
  21.63199;38.65682;       0.69061;3.42728;2
  21.66530;38.66015;       0.69066;3.42726;2
  21.69860;38.66348;       0.69062;3.42725;2
  21.73191;38.66682;       0.69060;3.42723;2
  21.76527;38.67015;       0.69063;3.42722;2
  21.79861;38.67348;       0.69069;3.42720;2
  21.83194;38.67682;       0.69077;3.42719;2
  21.86525;38.68015;       0.69083;3.42717;2
  21.89855;38.68348;       0.69094;3.42716;2
  21.93185;38.68682;       0.69103;3.42714;2
  21.96516;38.69015;       0.69117;3.42713;2
  21.99848;38.69348;       0.69130;3.42711;2
  22.03177;38.69681;       0.69145;3.42710;2
  22.06510;38.70015;       0.69162;3.42708;2
  22.09842;38.70348;       0.69179;3.42707;2
  22.13177;38.70681;       0.69193;3.42705;2
  22.16509;38.71015;       0.69210;3.42704;2
  22.19840;38.71348;       0.69226;3.42702;2
  22.23173;38.71681;       0.69241;3.42701;2
  22.26507;38.72015;       0.69260;3.42699;2
  22.29836;38.72348;       0.69279;3.42698;2
  22.33167;38.72681;       0.69301;3.42696;2
  22.36498;38.73015;       0.69314;3.42695;2
  22.39830;38.73348;       0.69329;3.42693;2
  22.43159;38.73681;       0.69347;3.42692;2
  22.46487;38.74014;       0.69361;3.42690;2
  22.49818;38.74348;       0.69374;3.42689;2
  22.53145;38.74681;       0.69388;3.42687;2
  22.56476;38.75014;       0.69395;3.42686;2
  22.59805;38.75348;       0.69401;3.42684;2
  22.63138;38.75681;       0.69412;3.42683;2
  22.66467;38.76014;       0.69427;3.42681;2
  22.69795;38.76348;       0.69442;3.42680;2
  22.73127;38.76681;       0.69459;3.42678;2
  22.76453;38.77014;       0.69477;3.42677;2
  22.79782;38.77347;       0.69492;3.42675;2
  22.83112;38.77681;       0.69504;3.42674;2
  22.86443;38.78014;       0.69519;3.42672;2
  22.89772;38.78347;       0.69534;3.42671;2
  22.93101;38.78681;       0.69547;3.42669;2
  22.96432;38.79014;       0.69562;3.42668;2
  22.99761;38.79347;       0.69574;3.42666;2
  23.03090;38.79681;       0.69605;3.42664;2
  23.06423;38.80014;       0.69654;3.42663;2
  23.09752;38.80347;       0.69695;3.42661;2
  23.13083;38.80681;       0.69731;3.42660;2
  23.16414;38.81014;       0.69759;3.42658;2
  23.19746;38.81347;       0.69780;3.42657;2
  23.23079;38.81680;       0.69787;3.42655;2
  23.26411;38.82014;       0.69801;3.42654;2
  23.29741;38.82347;       0.69810;3.42652;2
  23.33071;38.82680;       0.69806;3.42651;2
  23.36399;38.83014;       0.69819;3.42649;2
  23.39728;38.83347;       0.69830;3.42648;2
  23.43058;38.83680;       0.69840;3.42646;2
  23.46388;38.84014;       0.69842;3.42645;2
  23.49716;38.84347;       0.69844;3.42643;2
  23.53045;38.84680;       0.69853;3.42642;2
  23.56373;38.85014;       0.69865;3.42640;2
  23.59702;38.85347;       0.69890;3.42638;2
  23.63031;38.85680;       0.69915;3.42637;2
  23.66362;38.86013;       0.69937;3.42635;2
  23.69693;38.86347;       0.69957;3.42634;2
  23.73024;38.86680;       0.69976;3.42632;2
  23.76353;38.87013;       0.69991;3.42631;2
  23.79679;38.87347;       0.70006;3.42629;2
  23.83008;38.87680;       0.70022;3.42628;2
  23.86336;38.88013;       0.70036;3.42626;2
  23.89669;38.88347;       0.70048;3.42625;2
  23.92999;38.88680;       0.70063;3.42623;2
  23.96332;38.89013;       0.70080;3.42622;2
  23.99663;38.89347;       0.70097;3.42620;2
  24.02990;38.89680;       0.70111;3.42619;2
  24.06318;38.90013;       0.70125;3.42617;2
  24.09645;38.90346;       0.70140;3.42615;2
  24.12975;38.90680;       0.70152;3.42614;2
  24.16304;38.91013;       0.70171;3.42612;2
  24.19637;38.91346;       0.70191;3.42611;2
  24.22971;38.91680;       0.70212;3.42609;2
  24.26300;38.92013;       0.70230;3.42608;2
  24.29629;38.92346;       0.70252;3.42606;2
  24.32960;38.92680;       0.70276;3.42605;2
  24.36291;38.93013;       0.70298;3.42603;2
  24.39622;38.93346;       0.70315;3.42601;2
  24.42953;38.93679;       0.70336;3.42600;2
  24.46284;38.94013;       0.70357;3.42598;2
  24.49618;38.94346;       0.70374;3.42597;2
  24.52952;38.94679;       0.70395;3.42595;2
  24.56284;38.95013;       0.70413;3.42594;2
  24.59619;38.95346;       0.70430;3.42592;2
  24.62954;38.95679;       0.70446;3.42591;2
  24.66287;38.96013;       0.70461;3.42589;2
  24.69621;38.96346;       0.70474;3.42588;2
  24.72954;38.96679;       0.70492;3.42586;2
  24.76288;38.97013;       0.70509;3.42584;2
  24.79625;38.97346;       0.70525;3.42583;2
  24.82961;38.97679;       0.70548;3.42581;2
  24.86295;38.98012;       0.70568;3.42580;2
  24.89629;38.98346;       0.70585;3.42578;2
  24.92967;38.98679;       0.70600;3.42577;2
  24.96301;38.99012;       0.70613;3.42575;2
  24.99633;38.99346;       0.70627;3.42573;2
  25.02969;38.99679;       0.70642;3.42572;2
  25.06308;39.00012;       0.70657;3.42570;2
  25.09646;39.00346;       0.70673;3.42569;2
  25.12983;39.00679;       0.70691;3.42567;2
  25.16319;39.01012;       0.70708;3.42566;2
  25.19658;39.01346;       0.70730;3.42564;2
  25.22999;39.01679;       0.70751;3.42563;2
  25.26338;39.02012;       0.70769;3.42561;2
  25.29675;39.02345;       0.70785;3.42559;2
  25.33018;39.02679;       0.70803;3.42558;2
  25.36355;39.03012;       0.70820;3.42556;2
  25.39694;39.03345;       0.70843;3.42555;2
  25.43033;39.03679;       0.70859;3.42553;2
  25.46374;39.04012;       0.70877;3.42552;2
  25.49710;39.04345;       0.70893;3.42550;2
  25.53049;39.04679;       0.70911;3.42548;2
  25.56386;39.05012;       0.70931;3.42547;2
  25.59725;39.05345;       0.70951;3.42545;2
  25.63068;39.05678;       0.70969;3.42544;2
  25.66412;39.06012;       0.70985;3.42542;2
  25.69754;39.06345;       0.71004;3.42541;2
  25.73096;39.06678;       0.71019;3.42539;2
  25.76437;39.07012;       0.71035;3.42537;2
  25.79781;39.07345;       0.71046;3.42536;2
  25.83122;39.07678;       0.71059;3.42534;2
  25.86464;39.08012;       0.71076;3.42533;2
  25.89808;39.08345;       0.71093;3.42531;2
  25.93145;39.08678;       0.71110;3.42529;2
  25.96486;39.09012;       0.71156;3.42528;2
  25.99829;39.09345;       0.71204;3.42526;2
  26.03171;39.09678;       0.71248;3.42525;2
  26.06513;39.10011;       0.71291;3.42523;2
  26.09857;39.10345;       0.71326;3.42522;2
  26.13196;39.10678;       0.71343;3.42520;2
  26.16535;39.11011;       0.71360;3.42518;2
  26.19873;39.11345;       0.71365;3.42517;2
  26.23210;39.11678;       0.71368;3.42515;2
  26.26546;39.12011;       0.71379;3.42514;2
  26.29883;39.12345;       0.71390;3.42512;2
  26.33223;39.12678;       0.71400;3.42510;2
  26.36562;39.13011;       0.71413;3.42509;2
  26.39902;39.13345;       0.71425;3.42507;2
  26.43243;39.13678;       0.71438;3.42506;2
  26.46582;39.14011;       0.71454;3.42504;2
  26.49921;39.14344;       0.71472;3.42502;2
  26.53258;39.14678;       0.71488;3.42501;2
  26.56594;39.15011;       0.71510;3.42499;2
  26.59933;39.15344;       0.71533;3.42498;2
  26.63269;39.15678;       0.71550;3.42496;2
  26.66607;39.16011;       0.71570;3.42494;2
  26.69941;39.16344;       0.71588;3.42493;2
  26.73277;39.16678;       0.71604;3.42491;2
  26.76616;39.17011;       0.71619;3.42490;2
  26.79951;39.17344;       0.71637;3.42488;2
  26.83287;39.17678;       0.71655;3.42486;2
  26.86621;39.18011;       0.71676;3.42485;2
  26.89959;39.18344;       0.71697;3.42483;2
  26.93296;39.18677;       0.71717;3.42482;2
  26.96629;39.19011;       0.71736;3.42480;2
  26.99966;39.19344;       0.71755;3.42478;2
  27.03302;39.19677;       0.71774;3.42477;2
  27.06636;39.20011;       0.71797;3.42475;2
  27.09968;39.20344;       0.71817;3.42474;2
  27.13299;39.20677;       0.71836;3.42472;2
  27.16632;39.21011;       0.71855;3.42470;2
  27.19964;39.21344;       0.71875;3.42469;2
  27.23293;39.21677;       0.71898;3.42467;2
  27.26623;39.22010;       0.71921;3.42466;2
  27.29954;39.22344;       0.71945;3.42464;2
  27.33284;39.22677;       0.71964;3.42462;2
  27.36614;39.23010;       0.71982;3.42461;2
  27.39946;39.23344;       0.72002;3.42459;2
  27.43279;39.23677;       0.72022;3.42458;2
  27.46611;39.24010;       0.72040;3.42456;2
  27.49939;39.24344;       0.72057;3.42454;2
  27.53273;39.24677;       0.72076;3.42453;2
  27.56606;39.25010;       0.72094;3.42451;2
  27.59938;39.25344;       0.72111;3.42450;2
  27.63271;39.25677;       0.72130;3.42448;2
  27.66600;39.26010;       0.72148;3.42446;2
  27.69924;39.26343;       0.72171;3.42445;2
  27.73252;39.26677;       0.72192;3.42443;2
  27.76574;39.27010;       0.72214;3.42442;2
  27.79902;39.27343;       0.72227;3.42440;2
  27.83226;39.27677;       0.72237;3.42438;2
  27.86554;39.28010;       0.72255;3.42437;2
  27.89878;39.28343;       0.72274;3.42435;2
  27.93204;39.28677;       0.72292;3.42433;2
  27.96533;39.29010;       0.72310;3.42432;2
  27.99861;39.29343;       0.72330;3.42430;2
  28.03183;39.29677;       0.72352;3.42429;2
  28.06508;39.30010;       0.72373;3.42427;2
  28.09834;39.30343;       0.72392;3.42425;2
  28.13158;39.30676;       0.72408;3.42424;2
  28.16487;39.31010;       0.72426;3.42422;2
  28.19817;39.31343;       0.72446;3.42421;2
  28.23146;39.31676;       0.72464;3.42419;2
  28.26473;39.32010;       0.72480;3.42417;2
  28.29801;39.32343;       0.72492;3.42416;2
  28.33130;39.32676;       0.72511;3.42414;2
  28.36458;39.33010;       0.72529;3.42412;2
  28.39789;39.33343;       0.72548;3.42411;2
  28.43116;39.33676;       0.72567;3.42409;2
  28.46444;39.34009;       0.72587;3.42408;2
  28.49772;39.34343;       0.72605;3.42406;2
  28.53101;39.34676;       0.72621;3.42404;2
  28.56430;39.35009;       0.72637;3.42403;2
  28.59758;39.35343;       0.72657;3.42401;2
  28.63087;39.35676;       0.72675;3.42399;2
  28.66419;39.36009;       0.72694;3.42398;2
  28.69745;39.36343;       0.72713;3.42396;2
  28.73076;39.36676;       0.72730;3.42394;2
  28.76407;39.37009;       0.72733;3.42393;2
  28.79738;39.37343;       0.72747;3.42391;2
  28.83069;39.37676;       0.72762;3.42390;2
  28.86396;39.38009;       0.72781;3.42388;2
  28.89727;39.38342;       0.72807;3.42386;2
  28.93055;39.38676;       0.72831;3.42385;2
  28.96383;39.39009;       0.72850;3.42383;2
  28.99713;39.39342;       0.72870;3.42381;2
  29.03043;39.39676;       0.72891;3.42380;2
  29.06374;39.40009;       0.72912;3.42378;2
  29.09706;39.40342;       0.72929;3.42376;2
  29.13035;39.40676;       0.72945;3.42375;2
  29.16366;39.41009;       0.72962;3.42373;2
  29.19692;39.41342;       0.72978;3.42372;2
  29.23020;39.41676;       0.72994;3.42370;2
  29.26349;39.42009;       0.73012;3.42368;2
  29.29680;39.42342;       0.73031;3.42367;2
  29.33012;39.42675;       0.73051;3.42365;2
  29.36343;39.43009;       0.73070;3.42363;2
  29.39674;39.43342;       0.73090;3.42362;2
  29.43005;39.43675;       0.73113;3.42360;2
  29.46336;39.44009;       0.73132;3.42358;2
  29.49665;39.44342;       0.73152;3.42357;2
  29.52999;39.44675;       0.73175;3.42355;2
  29.56327;39.45009;       0.73194;3.42353;2
  29.59656;39.45342;       0.73214;3.42352;2
  29.62987;39.45675;       0.73239;3.42350;2
  29.66314;39.46009;       0.73257;3.42348;2
  29.69645;39.46342;       0.73280;3.42347;2
  29.72978;39.46675;       0.73302;3.42345;2
  29.76311;39.47008;       0.73322;3.42344;2
  29.79646;39.47342;       0.73342;3.42342;2
  29.82977;39.47675;       0.73359;3.42340;2
  29.86313;39.48008;       0.73376;3.42339;2
  29.89647;39.48342;       0.73393;3.42337;2
  29.92985;39.48675;       0.73416;3.42335;2
  29.96320;39.49008;       0.73440;3.42334;2
  29.99653;39.49342;       0.73464;3.42332;2
  30.02985;39.49675;       0.73488;3.42330;2
  30.06325;39.50008;       0.73513;3.42329;2
  30.09662;39.50341;       0.73537;3.42327;2
  30.12996;39.50675;       0.73562;3.42325;2
  30.16332;39.51008;       0.73585;3.42324;2
  30.19669;39.51341;       0.73607;3.42322;2
  30.23005;39.51675;       0.73628;3.42320;2
  30.26341;39.52008;       0.73651;3.42319;2
  30.29675;39.52341;       0.73674;3.42317;2
  30.33014;39.52675;       0.73697;3.42315;2
  30.36355;39.53008;       0.73719;3.42314;2
  30.39694;39.53341;       0.73743;3.42312;2
  30.43030;39.53675;       0.73762;3.42310;2
  30.46365;39.54008;       0.73782;3.42309;2
  30.49703;39.54341;       0.73802;3.42307;2
  30.53040;39.54674;       0.73823;3.42305;2
  30.56378;39.55008;       0.73841;3.42304;2
  30.59712;39.55341;       0.73858;3.42302;2
  30.63053;39.55674;       0.73881;3.42300;2
  30.66388;39.56008;       0.73912;3.42299;2
  30.69724;39.56341;       0.73941;3.42297;2
  30.73062;39.56674;       0.73960;3.42295;2
  30.76397;39.57008;       0.73978;3.42294;2
  30.79733;39.57341;       0.73993;3.42292;2
  30.83067;39.57674;       0.74012;3.42290;2
  30.86402;39.58008;       0.74032;3.42289;2
  30.89742;39.58341;       0.74053;3.42287;2
  30.93078;39.58674;       0.74080;3.42285;2
  30.96415;39.59007;       0.74106;3.42284;2
  30.99753;39.59341;       0.74128;3.42282;2
  31.03089;39.59674;       0.74152;3.42280;2
  31.06421;39.60007;       0.74176;3.42278;2
  31.09757;39.60341;       0.74202;3.42277;2
  31.13093;39.60674;       0.74225;3.42275;2
  31.16428;39.61007;       0.74247;3.42273;2
  31.19764;39.61341;       0.74265;3.42272;2
  31.23103;39.61674;       0.74284;3.42270;2
  31.26444;39.62007;       0.74306;3.42268;2
  31.29783;39.62340;       0.74327;3.42267;2
  31.33119;39.62674;       0.74349;3.42265;2
  31.36453;39.63007;       0.74369;3.42263;2
  31.39789;39.63340;       0.74388;3.42262;2
  31.43125;39.63674;       0.74408;3.42260;2
  31.46462;39.64007;       0.74426;3.42258;2
  31.49801;39.64340;       0.74443;3.42257;2
  31.53139;39.64674;       0.74469;3.42255;2
  31.56474;39.65007;       0.74499;3.42253;2
  31.59815;39.65340;       0.74530;3.42251;2
  31.63153;39.65674;       0.74551;3.42250;2
  31.66488;39.66007;       0.74573;3.42248;2
  31.69826;39.66340;       0.74594;3.42246;2
  31.73162;39.66673;       0.74617;3.42245;2
  31.76497;39.67007;       0.74639;3.42243;2
  31.79833;39.67340;       0.74659;3.42241;2
  31.83167;39.67673;       0.74679;3.42240;2
  31.86500;39.68007;       0.74698;3.42238;2
  31.89831;39.68340;       0.74720;3.42236;2
  31.93163;39.68673;       0.74743;3.42235;2
  31.96494;39.69007;       0.74771;3.42233;2
  31.99828;39.69340;       0.74795;3.42231;2
  32.03167;39.69673;       0.74818;3.42229;2
  32.06503;39.70007;       0.74841;3.42228;2
  32.09834;39.70340;       0.74864;3.42226;2
  32.13165;39.70673;       0.74890;3.42224;2
  32.16497;39.71006;       0.74914;3.42223;2
  32.19831;39.71340;       0.74938;3.42221;2
  32.23162;39.71673;       0.74957;3.42219;2
  32.26493;39.72006;       0.74977;3.42218;2
  32.29824;39.72340;       0.74999;3.42216;2
  32.33160;39.72673;       0.75019;3.42214;2
  32.36491;39.73006;       0.75038;3.42212;2
  32.39820;39.73340;       0.75060;3.42211;2
  32.43152;39.73673;       0.75084;3.42209;2
  32.46483;39.74006;       0.75106;3.42207;2
  32.49814;39.74340;       0.75123;3.42206;2
  32.53145;39.74673;       0.75134;3.42204;2
  32.56476;39.75006;       0.75145;3.42202;2
  32.59805;39.75339;       0.75167;3.42201;2
  32.63138;39.75673;       0.75186;3.42199;2
  32.66464;39.76006;       0.75210;3.42197;2
  32.69793;39.76339;       0.75233;3.42195;2
  32.73120;39.76673;       0.75256;3.42194;2
  32.76451;39.77006;       0.75277;3.42192;2
  32.79780;39.77339;       0.75290;3.42190;2
  32.83108;39.77673;       0.75309;3.42189;2
  32.86437;39.78006;       0.75336;3.42187;2
  32.89767;39.78339;       0.75361;3.42185;2
  32.93092;39.78672;       0.75380;3.42183;2
  32.96422;39.79006;       0.75401;3.42182;2
  32.99751;39.79339;       0.75422;3.42180;2
  33.03080;39.79672;       0.75444;3.42178;2
  33.06409;39.80006;       0.75468;3.42177;2
  33.09739;39.80339;       0.75491;3.42175;2
  33.13066;39.80672;       0.75511;3.42173;2
  33.16396;39.81006;       0.75533;3.42171;2
  33.19726;39.81339;       0.75556;3.42170;2
  33.23054;39.81672;       0.75575;3.42168;2
  33.26382;39.82006;       0.75595;3.42166;2
  33.29706;39.82339;       0.75613;3.42165;2
  33.33032;39.82672;       0.75633;3.42163;2
  33.36358;39.83005;       0.75655;3.42161;2
  33.39684;39.83339;       0.75678;3.42159;2
  33.43010;39.83672;       0.75699;3.42158;2
  33.46337;39.84005;       0.75719;3.42156;2
  33.49663;39.84339;       0.75740;3.42154;2
  33.52988;39.84672;       0.75761;3.42152;2
  33.56315;39.85005;       0.75783;3.42151;2
  33.59641;39.85339;       0.75802;3.42149;2
  33.62969;39.85672;       0.75822;3.42147;2
  33.66298;39.86005;       0.75844;3.42146;2
  33.69624;39.86339;       0.75865;3.42144;2
  33.72953;39.86672;       0.75887;3.42142;2
  33.76281;39.87005;       0.75909;3.42140;2
  33.79608;39.87338;       0.75929;3.42139;2
  33.82933;39.87672;       0.75949;3.42137;2
  33.86260;39.88005;       0.75971;3.42135;2
  33.89591;39.88338;       0.75994;3.42133;2
  33.92925;39.88672;       0.76015;3.42132;2
  33.96256;39.89005;       0.76037;3.42130;2
  33.99587;39.89338;       0.76060;3.42128;2
  34.02913;39.89672;       0.76083;3.42127;2
  34.06239;39.90005;       0.76106;3.42125;2
  34.09570;39.90338;       0.76130;3.42123;2
  34.12899;39.90671;       0.76152;3.42121;2
  34.16230;39.91005;       0.76172;3.42120;2
  34.19559;39.91338;       0.76192;3.42118;2
  34.22890;39.91671;       0.76211;3.42116;2
  34.26221;39.92005;       0.76233;3.42114;2
  34.29552;39.92338;       0.76256;3.42113;2
  34.32886;39.92671;       0.76280;3.42111;2
  34.36217;39.93005;       0.76307;3.42109;2
  34.39546;39.93338;       0.76334;3.42107;2
  34.42875;39.93671;       0.76358;3.42106;2
  34.46203;39.94005;       0.76383;3.42104;2
  34.49534;39.94338;       0.76407;3.42102;2
  34.52865;39.94671;       0.76427;3.42100;2
  34.56191;39.95004;       0.76448;3.42099;2
  34.59523;39.95338;       0.76469;3.42097;2
  34.62856;39.95671;       0.76492;3.42095;2
  34.66187;39.96004;       0.76515;3.42093;2
  34.69519;39.96338;       0.76539;3.42092;2
  34.72852;39.96671;       0.76564;3.42090;2
  34.76184;39.97004;       0.76588;3.42088;2
  34.79513;39.97338;       0.76610;3.42086;2
  34.82846;39.97671;       0.76633;3.42085;2
  34.86177;39.98004;       0.76656;3.42083;2
  34.89509;39.98338;       0.76685;3.42081;2
  34.92840;39.98671;       0.76711;3.42079;2
  34.96171;39.99004;       0.76734;3.42078;2
  34.99503;39.99337;       0.76758;3.42076;2
  35.02834;39.99671;       0.76786;3.42074;2
  35.06165;40.00004;       0.76811;3.42072;2
  35.09494;40.00337;       0.76835;3.42071;2
  35.12829;40.00671;       0.76862;3.42069;2
  35.16161;40.01004;       0.76889;3.42067;2
  35.19490;40.01337;       0.76912;3.42065;2
  35.22821;40.01671;       0.76932;3.42064;2
  35.26157;40.02004;       0.76956;3.42062;2
  35.29489;40.02337;       0.76981;3.42060;2
  35.32824;40.02671;       0.77004;3.42058;2
  35.36158;40.03004;       0.77026;3.42057;2
  35.39492;40.03337;       0.77052;3.42055;2
  35.42826;40.03670;       0.77082;3.42053;2
  35.46160;40.04004;       0.77110;3.42051;2
  35.49494;40.04337;       0.77136;3.42050;2
  35.52827;40.04670;       0.77163;3.42048;2
  35.56159;40.05004;       0.77187;3.42046;2
  35.59494;40.05337;       0.77200;3.42044;2
  35.62828;40.05670;       0.77219;3.42042;2
  35.66160;40.06004;       0.77242;3.42041;2
  35.69489;40.06337;       0.77267;3.42039;2
  35.72820;40.06670;       0.77298;3.42037;2
  35.76153;40.07003;       0.77325;3.42035;2
  35.79487;40.07337;       0.77352;3.42034;2
  35.82821;40.07670;       0.77379;3.42032;2
  35.86155;40.08003;       0.77407;3.42030;2
  35.89491;40.08337;       0.77435;3.42028;2
  35.92825;40.08670;       0.77462;3.42027;2
  35.96156;40.09003;       0.77490;3.42025;2
  35.99489;40.09337;       0.77516;3.42023;2
  36.02820;40.09670;       0.77535;3.42021;2
  36.06154;40.10003;       0.77551;3.42019;2
  36.09486;40.10337;       0.77572;3.42018;2
  36.12819;40.10670;       0.77596;3.42016;2
  36.16153;40.11003;       0.77628;3.42014;2
  36.19484;40.11336;       0.77659;3.42012;2
  36.22818;40.11670;       0.77687;3.42011;2
  36.26149;40.12003;       0.77713;3.42009;2
  36.29481;40.12336;       0.77737;3.42007;2
  36.32815;40.12670;       0.77760;3.42005;2
  36.36146;40.13003;       0.77789;3.42003;2
  36.39479;40.13336;       0.77818;3.42002;2
  36.42813;40.13670;       0.77844;3.42000;2
  36.46149;40.14003;       0.77871;3.41998;2
  36.49483;40.14336;       0.77899;3.41996;2
  36.52815;40.14670;       0.77927;3.41995;2
  36.56148;40.15003;       0.77956;3.41993;2
  36.59485;40.15336;       0.77983;3.41991;2
  36.62818;40.15669;       0.78008;3.41989;2
  36.66150;40.16003;       0.78029;3.41987;2
  36.69488;40.16336;       0.78048;3.41986;2
  36.72825;40.16669;       0.78072;3.41984;2
  36.76161;40.17003;       0.78100;3.41982;2
  36.79497;40.17336;       0.78130;3.41980;2
  36.82834;40.17669;       0.78158;3.41978;2
  36.86170;40.18003;       0.78189;3.41977;2
  36.89508;40.18336;       0.78220;3.41975;2
  36.92843;40.18669;       0.78250;3.41973;2
  36.96181;40.19002;       0.78277;3.41971;2
  36.99520;40.19336;       0.78297;3.41969;2
  37.02854;40.19669;       0.78320;3.41968;2
  37.06193;40.20002;       0.78340;3.41966;2
  37.09530;40.20336;       0.78362;3.41964;2
  37.12870;40.20669;       0.78389;3.41962;2
  37.16205;40.21002;       0.78421;3.41960;2
  37.19541;40.21336;       0.78451;3.41959;2
  37.22877;40.21669;       0.78477;3.41957;2
  37.26214;40.22002;       0.78506;3.41955;2
  37.29550;40.22336;       0.78533;3.41953;2
  37.32886;40.22669;       0.78561;3.41951;2
  37.36225;40.23002;       0.78591;3.41950;2
  37.39562;40.23335;       0.78615;3.41948;2
  37.42898;40.23669;       0.78638;3.41946;2
  37.46232;40.24002;       0.78663;3.41944;2
  37.49571;40.24335;       0.78690;3.41942;2
  37.52907;40.24669;       0.78717;3.41941;2
  37.56245;40.25002;       0.78742;3.41939;2
  37.59580;40.25335;       0.78771;3.41937;2
  37.62916;40.25669;       0.78799;3.41935;2
  37.66254;40.26002;       0.78833;3.41933;2
  37.69588;40.26335;       0.78862;3.41932;2
  37.72925;40.26669;       0.78888;3.41930;2
  37.76266;40.27002;       0.78915;3.41928;2
  37.79603;40.27335;       0.78944;3.41926;2
  37.82939;40.27668;       0.78971;3.41924;2
  37.86275;40.28002;       0.79000;3.41923;2
  37.89611;40.28335;       0.79027;3.41921;2
  37.92947;40.28668;       0.79056;3.41919;2
  37.96282;40.29002;       0.79083;3.41917;2
  37.99618;40.29335;       0.79112;3.41915;2
  38.02956;40.29668;       0.79141;3.41913;2
  38.06293;40.30002;       0.79170;3.41912;2
  38.09627;40.30335;       0.79199;3.41910;2
  38.12966;40.30668;       0.79229;3.41908;2
  38.16300;40.31002;       0.79259;3.41906;2
  38.19633;40.31335;       0.79294;3.41904;2
  38.22970;40.31668;       0.79326;3.41903;2
  38.26306;40.32001;       0.79357;3.41901;2
  38.29644;40.32335;       0.79388;3.41899;2
  38.32979;40.32668;       0.79419;3.41897;2
  38.36315;40.33001;       0.79446;3.41895;2
  38.39651;40.33335;       0.79469;3.41893;2
  38.42987;40.33668;       0.79496;3.41892;2
  38.46324;40.34001;       0.79523;3.41890;2
  38.49660;40.34335;       0.79550;3.41888;2
  38.52997;40.34668;       0.79575;3.41886;2
  38.56336;40.35001;       0.79604;3.41884;2
  38.59675;40.35334;       0.79633;3.41883;2
  38.63013;40.35668;       0.79668;3.41881;2
  38.66350;40.36001;       0.79706;3.41879;2
  38.69684;40.36334;       0.79742;3.41877;2
  38.73017;40.36668;       0.79782;3.41875;2
  38.76351;40.37001;       0.79823;3.41873;2
  38.79685;40.37334;       0.79866;3.41872;2
  38.83021;40.37668;       0.79905;3.41870;2
  38.86355;40.38001;       0.79945;3.41868;2
  38.89691;40.38334;       0.79985;3.41866;2
  38.93027;40.38668;       0.80028;3.41864;2
  38.96361;40.39001;       0.80067;3.41862;2
  38.99695;40.39334;       0.80109;3.41861;2
  39.03030;40.39667;       0.80154;3.41859;2
  39.06362;40.40001;       0.80200;3.41857;2
  39.09697;40.40334;       0.80251;3.41855;2
  39.13034;40.40667;       0.80307;3.41853;2
  39.16366;40.41001;       0.80357;3.41851;2
  39.19698;40.41334;       0.80403;3.41850;2
  39.23034;40.41667;       0.80452;3.41848;2
  39.26368;40.42001;       0.80500;3.41846;2
  39.29703;40.42334;       0.80547;3.41844;2
  39.33040;40.42667;       0.80598;3.41842;2
  39.36374;40.43001;       0.80646;3.41840;2
  39.39713;40.43334;       0.80696;3.41838;2
  39.43048;40.43667;       0.80745;3.41837;2
  39.46389;40.44000;       0.80792;3.41835;2
  39.49727;40.44334;       0.80838;3.41833;2
  39.53059;40.44667;       0.80883;3.41831;2
  39.56396;40.45000;       0.80933;3.41829;2
  39.59731;40.45334;       0.80981;3.41827;2
  39.63077;40.45667;       0.81036;3.41826;2
  39.66417;40.46000;       0.81087;3.41824;2
  39.69755;40.46334;       0.81138;3.41822;2
  39.73090;40.46667;       0.81182;3.41820;2
  39.76415;40.47000;       0.81229;3.41818;2
  39.79740;40.47333;       0.81281;3.41816;2
  39.83065;40.47667;       0.81335;3.41815;2
  39.86401;40.48000;       0.81385;3.41813;2
  39.89744;40.48333;       0.81434;3.41811;2
  39.93081;40.48667;       0.81484;3.41809;2
  39.96400;40.49000;       0.81532;3.41807;2
  39.99700;40.49333;       0.81579;3.41805;2

